Key;English;French;German;Polish;Spanish;Italian;Swedish;Czech;Hungarian;Dutch;Portuguese;Russian;Finnish;
EVTNAME2037107;Cheating;;;;;;;;;;;;;
EVTDESC2037107;One_of_the_other_players_has_been_cheating,_$FROMCOUNTRY$_has_a_bonus_he_shouldn't_have.;;;;;;;;;;;;;
EVTOPTA2037107;But since only hosts can change the saves you should probably find a new one;;;;;;;;;;;;;
EVTDESC36898_NEWS_LONG;Princess_Alexandrina_Victoria_of_House_Hanover_has_ascended_to_the_throne_of_The_United_Kingdom_of_Great_Britain_and_Ireland_as_'Queen_Victoria'._Today_a_jubilant_London_crowd_has_escorted_her_to_her_residence_in_the_newly_built_Buckingham_Palace._People_of_all_classes_and_creeds_are_delighted_to_see_the_new_Monarch_take_her_place_as_sovereign_of_the_UK,_and_the_Queen_herself_is_reportedly_looking_forward_to_the_tasks_and_challenges_which_accompany_this_onerous_office._Her_uncle,_King_William_IV,_will_be_greatly_missed_and_fondly_remembered_by_the_British_people.;;Prinzessin_Alexandrina_Victoria_von_Hannover_hat_den_Thron_des_Vereinigten_Königreichs_von_Großbritannien_und_Irland_als_'Königin_Victoria'_bestiegen._Die_jubelnde_Londoner_Menge_eskortierte_sie_zu_ihrer_Residenz_im_neuen_Buckingham_Palace._Menschen_aller_Klassen_und_jeden_Glaubens_freuen_sich_über_die_neue_Monarchin_auf_dem_Thron_Großbritanniens_und_die_Königin_sieht_lt._Berichten_den_Aufgaben_und_Herausforderungen_dieses_ehrbaren_Amtes_freudig_entgegen._Ihr_Vater,_König_George_III._wird_sehr_vermisst_werden_und_dem_britischen_Volk_in_guter_Erinnerung_bleiben.;;;;;;;;;;;
EVTDESC36898_NEWS_MEDIUM;Princess_Alexandrina_Victoria_has_ascended_the_throne_of_The_United_Kingdom_of_Great_Britain_&_Ireland._Today_a_jubilant_crowd_has_escorted_her_to_Buckingham_Palace._People_of_all_classes_and_creeds_are_delighted_and_she_is_looking_forward_to_the_tasks_which_accompany_the_office.;;Prinzessin_Alexandrina_Victoria_hat_den_Thron_des_Vereinigten_Königreichs_von_Großbritannien_und_Irland_bestiegen._Eine_jubelnde_Menge_begleitete_sie_heute_zum_Buckingham_Palace._Sie_sieht_den_Aufgaben_dieses_ehrbaren_Amtes_freudig_entgegen.;;;;;;;;;;;
EVTDESC36898_NEWS_SHORT;Princess_Victoria_of_House_Hanover_has_ascended_the_throne_of_The_United_Kingdom_of_Great_Britain_&_Ireland._People_of_all_classes_and_creeds_are_delighted._King_Willian_IV_will_be_greatly_missed.;;Prinzessin_Victoria_von_Hannover_hat_den_Thron_des_Vereinigten_Königreichs_von_Großbritannien_und_Irland_bestiegen._Menschen_aller_Gruppierungen_jubeln._König_George_wird_vermisst_werden.;;;;;;;;;;;
EVTNAME44360;Louis Riel Gains Public Notice;;;;;;;;;;;;;
EVTDESC44360;The_noted_Louis_Riel_has_become_a_figurehead_amongst_his_people._He_calls_for_increased_rights_for_Metis_people_across_Canada._Unique_among_his_number,_the_young_Riel_has_quickly_risen_to_prominence_due_to_his_eloquent_speech,_his_education,_and_his_earnest_beliefs._Leaving_him_alive_would_be_a_great_example_of_Canada's_freedom_of_speech,_but_the_government_can_pull_a_few_strings_in_order_to_effect_a_policy_beneficial_to_the_status_quo.;;;;;;;;;;;;;
EVTOPTA44360;We are a free country!;;;;;;;;;;;;;
EVTOPTB44360;Ensure his silence.;;;;;;;;;;;;;
EVTNAME44361;William McDougall;;;;;;;;;;;;;
EVTDESC44361;The_Anglo-Canadian_gentleman_William_McDougall_has_been_proposed_to_be_the_Lieutenant_Governor_of_the_troubled_Rupert's_Land/North_West_Territories._His_invaluable_service_and_experience_in_the_past_puts_him_in_a_prime_position_to_manage_the_territories,_but_some_believe_his_anti-French_and_Anti-Metis_policies_to_be_too_heavy-handed_for_the_troubled_territories.;;;;;;;;;;;;;
EVTOPTA44361;He will do nicely.;;;;;;;;;;;;;
EVTOPTB44361;The climate calls for a lighter hand.;;;;;;;;;;;;;
EVTNAME44362;The Red River Rebellion;;;;;;;;;;;;;
EVTDESC44362;The_Red_River_Rebellion,_later_referred_to_as_the_First_Riel_Rebellion,_was_a_rebellion_that_occurred_soon_after_Canadian_Confederation._The_Canadian_Government_had_installed_an_anti-French_and_anti-Metis_lieutenant_governor,_William_McDougall,_in_the_newly-bought_North_West_Territory._When_McDougall_sent_surveyors_into_what_would_eventually_be_the_province_of_Manitoba,_the_restless_Metis_inhabitants_sent_their_own_delegation_to_intercept_these_surveyors_and_proclaimed_the_existence_of_the_Metis_Confederation._Historically,_they_established_a_provisional_government_in_the_new_Confederation,_which_the_Canadian_Government_tolerated_while_the_situation_developed.;;;;;;;;;;;;;
EVTOPTA44362;Let the situation develop.;;;;;;;;;;;;;
EVTOPTB44362;Acknowledge their sovereignty.;;;;;;;;;;;;;
EVTNAME44363;The Execution of Thomas Scott;;;;;;;;;;;;;
EVTDESC44363;Thomas_Scott,_an_Orangeman_of_Irish_descent,_was_executed_by_Louis_Riel_during_the_Red_River_Rebellion_for_conspiring_against_the_self-proclaimed_Metis_provisional_government._Historically,_Riel_wished_to_show_the_world_that_the_Metis_peoples_were_demanding_to_be_taken_seriously,_but_the_Canadian_Government_viewed_this_action_by_Riel_as_a_step_too_far_and_outfitted_the_Wolseley_Expedition_to_quell_the_Rebellion._After_conflicts_with_the_Metis,_Louis_Riel_was_captured_and_exiled_to_the_United_States._With_this,_the_Red_River_Rebellion_was_crushed,_but_the_Metis_and_Native_peoples_would_not_soon_forget_this_act.;;;;;;;;;;;;;
EVTOPTA44363;Our hands are tied. Outfit the expedition!;;;;;;;;;;;;;
EVTNAME44364;The Return of Louis Riel and the Second Riel Rebellion;;;;;;;;;;;;;
EVTDESC44364;After_being_elected_to_parliament_three_times_in_absentia_after_his_exile,_Louis_Riel_returned_to_Canada_in_1884._Using_increased_Metis_and_Native_cohesion,_the_ailing_Riel_managed_to_assemble_a_loose_coalition_to_reattempt_his_rebellion_for_Metis_independence_in_1885._Historically,_this_rebellion_was_a_failure_due_to_internal_strife_amongst_Rebellion_leaders,_an_increasingly_ill_and_megalomaniacal_Riel,_and_increased_Federal_cohesion._Canada_was_no_longer_a_fledgling_nation_just_getting_on_its_feet,_and_quickly_moved_to_wipe_out_Riel_and_his_rebellion.;;;;;;;;;;;;;
EVTOPTA44364;We have no time for this. Let them be independent.;;;;;;;;;;;;;
EVTOPTB44364;A United Canada is best for all.;;;;;;;;;;;;;
EVTOPTC44364;The Metis have gone too far and must know their place.;;;;;;;;;;;;;
EVTNAME44365;Louis Riel's Fate;;;;;;;;;;;;;
EVTDESC44365;Historically,_after_surrendering_to_the_Canadian_forces_after_his_failed_rebellion,_the_Canadian_Government_held_a_quick_trial_in_what_can_be_best_called_a_kangaroo_court._Held_in_a_hostile_city_before_a_jury_of_purely_Anglo-Canadian_Protestant_jurors,_the_Catholic_Metis_Louis_Riel_was_found_guilty_of_treason_and_sentenced_to_death_after_a_trial_lasting_only_five_days._Louis_Riel_refused_to_plea_insanity,_instead_delivering_two_heartfelt_speeches_to_the_court,_and_later_asserting_to_his_lawyer_that_"Life,_without_the_dignity_of_an_intelligent_being,_is_not_worth_having."_Louis_Riel_was_hanged_on_the_18th_of_September,_1885._His_rebellions_and_the_spirit_of_the_Metis_would_largely_die_with_him,_but_in_due_time_he_would_be_remembered_as_a_folk_hero_amongst_White,_Metis,_and_Native_people_alike.;;;;;;;;;;;;;
EVTOPTA44365;Remerciez, Madame Forget.;;;;;;;;;;;;;
EVTOPTB44365;He is old and infirm. Let him die in peace.;;;;;;;;;;;;;
EVTNAME44366;Quebec Presses for Release!;;;;;;;;;;;;;
EVTDESC44366;Following_the_precedent_of_a_recent_secession,_the_Quebecois_peoples_are_pressing_the_Canadian_Government_for_independence!;;;;;;;;;;;;;
EVTOPTA44366;50.6 percent!;;;;;;;;;;;;;
EVTOPTB44366;Foutez le camp!;;;;;;;;;;;;;
EVTNAME44367;Columbia Presses for Release!;;;;;;;;;;;;;
EVTDESC44367;Following_the_precedent_of_a_recent_secession,_the_Columbian_peoples_are_pressing_the_Canadian_Government_for_independence!;;;;;;;;;;;;;
EVTOPTA44367;The Confederation must remain united!;;;;;;;;;;;;;
EVTOPTB44367;Get out of my sight!;;;;;;;;;;;;;
EVTNAME44368;The Metis Confederation is beyond our grasp!;;;;;;;;;;;;;
EVTDESC44368;The_Metis_Confederation_has_managed_to_gain_independence,_either_through_rebellion_or_external_means.;;;;;;;;;;;;;
EVTOPTA44368;This does not bode well.;;;;;;;;;;;;;
EVTNAME44369;Quebec is beyond our grasp!;;;;;;;;;;;;;
EVTDESC44369;Quebec_has_managed_to_gain_independence,_either_through_rebellion_or_external_means.;;;;;;;;;;;;;
EVTNAME44370;Columbia is beyond our grasp!;;;;;;;;;;;;;
EVTDESC44370;Columbia_has_managed_to_gain_independence,_either_through_rebellion_or_external_means.;;;;;;;;;;;;;
EVTNAME203770;Slavery Continues In Our Nation;;;;;;;;;;;;;
EVTDESC203770;Slavery,_that_ever-controversial_policy,_has_continued_on_in_our_nation.;;;;;;;;;;;;;
EVTOPTA203770;Profit, ho!;;;;;;;;;;;;;
EVTNAME203800;Anti-Terrorism Coalition Proposed;;;;;;;;;;;;;
EVTDESC203800;A_group_of_wealthy_capitalists_from_your_country_has_come_to_you_after_the_recent_attack_on_the_Statue_of_Liberty._They_propose_an_anti-terrorism_coalition_force_to_protect_our_country_from_any_possible_terrorist_attacks._They_are_all_upstanding_capitalists_and_the_core_of_your_economy,_but_they_also_propose_a_different_option:_technological_progress_and_ethical_flexibility._All_you_need_is_to_give_your_executive_order.;;;;;;;;;;;;;
EVTOPTA203800;U... UNATCO?;;;;;;;;;;;;;
EVTOPTB203800;No, Savage.;;;;;;;;;;;;;
EVTOPTC203800;I never asked for this.;;;;;;;;;;;;;
EVTNAME203801;Secret Conspiracies uncovered!;;;;;;;;;;;;;
EVTDESC203801;After_poking_around_with_your_secret_police,_it_has_come_to_your_attention_that_the_anti-terrorism_force_is_just_a_front_for_a_conspiracy_of_capitalists_who_seek_to_take_control_of_the_nation_and_the_world._When_you_confront_them,_they_very_tactfully_invite_you_to_join_their_secret_organization_and_gain_a_place_in_the_world,_so_long_as_you_help_them_with_their_devious_plans.;;;;;;;;;;;;;
EVTOPTA203801;Why contain it?;;;;;;;;;;;;;
EVTOPTB203801;They seem desperate. Keep an eye on them.;;;;;;;;;;;;;
EVTOPTC203801;A bunch of pretentious old men running the world.;;;;;;;;;;;;;
EVTNAME203802;The Conspiracy reaches fruition;;;;;;;;;;;;;
EVTDESC203802;We've_had_to_endure_much,_but_soon_there_will_be_order_again._A_new_age!_Aquinas_spoke_of_the_mythical_city_on_the_hill._Soon_that_city_will_be_a_reality.;;;;;;;;;;;;;
EVTOPTA203802;We will be crowned its kings.;;;;;;;;;;;;;
EVTOPTB203802;No, better than kings. Gods.;;;;;;;;;;;;;
EVTNAME203771;Fascist Takeover of Government!;;;;;;;;;;;;;
EVTDESC203771;\n\nThe_recently-elected_Fascist_party_has_used_its_position_of_superiority_to_maneuver_around_the_country._Their_plans_have_come_to_fruition,_and_through_legalistic_means,_they_have_turned_the_country_into_a_dictatorship_headed_by_their_Leader._Although_they_promise_to_bring_the_nation_to_a_new_era_of_prosperity_and_strength,_their_brutal_methods_and_recent_disregard_for_the_law_is_seen_by_some_as_an_affront_to_humanity_itself._The_supporters_of_the_left_will,_of_course,_be_mad_about_this,_but_only_time_will_tell_whether_or_not_this_new_regime_will_be_successful.;;;;;;;;;;;;;
EVTOPTA203771;The world moves on.;;;;;;;;;;;;;
EVTNAME203772;Communist Takeover of Government!;;;;;;;;;;;;;
EVTDESC203772;\n\nThe_recently-elected_Communist_party_has_used_its_position_of_superiority_to_maneuver_around_the_country._Their_plans_have_come_to_fruition,_and_through_legalistic_means,_they_have_turned_the_country_into_a_dictatorship_nominally_headed_by_their_council._Although_they_promise_to_bring_the_nation_to_a_new_era_of_equality_and_prosperity_for_all,_their_inflammatory_rhetoric_and_alleged_deeds_is_seen_by_some_as_an_affront_to_individualism_and_humanity_itself._The_supporters_of_the_right_will,_of_course,_be_mad_about_this,_but_only_time_will_tell_whether_or_not_this_new_regime_will_be_successful.;;;;;;;;;;;;;
EVTNAME203700;The Republican Coup;;;;;;;;;;;;;
EVTDESC203700;The_end_of_slavery_had_resulted_in_an_explicit_shift_of_support_to_republicanism_by_rich_and_powerful_coffee_farmers_who_held_great_political,_economic_and_social_power_in_the_country._To_avert_a_republican_backlash,_the_government_adopted_a_series_of_credit_and_military_policies_and_reforms_to_appease_the_land_owners._The_measures_made_by_the_government_alarmed_the_civilian_republicans_and_the_Positivists_in_the_military_corps._They_saw_that_it_would_undercut_support_for_their_own_aims,_and_were_emboldened_to_further_action._For_them,_it_had_become_a_case_of_"now_or_never"._Although_there_was_no_desire_in_Brazil_among_the_majority_of_the_population_to_change_the_form_of_government,_the_civilian_republicans_began_pressuring_the_Positivist_officers_to_overthrow_the_monarchy._The_Positivists_launched_a_coup_d'etat_and_tried_to_institute_a_republic_on_November_15,_1889._During_the_whole_ordeal_Pedro_II_showed_no_emotion,_as_if_unconcerned_about_the_outcome._He_only_commented:;;;;;;;;;;;;;
EVTOPTA203700;If this is how it is, I will retire.;;;;;;;;;;;;;
EVTOPTB203700;Crush the rebellion!;;;;;;;;;;;;;
EVTNAME203701;The Golden Law;;;;;;;;;;;;;
EVTDESC203701;The_Lei_Áurea_(Golden_Law)_was_sanctioned_by_Isabel,_Imperial_Princess_of_Brazil,_who_was_regent_at_the_time_while_her_father,_Emperor_Dom_Pedro_II,_was_in_Europe._It_was_signed_on_May_13,_1888_and_was_the_law_that_abolished_slavery_in_Brazil._It_had_only_two_articles._The_succinctness_of_the_law_was_intended_to_make_clear_that_there_were_no_conditions_of_any_kind_to_the_freeing_of_all_slaves._Aside_from_the_activities_of_abolitionists,_there_were_a_number_of_reasons_for_the_signing_of_the_law:_slavery_was_no_longer_profitable,_as_the_wages_of_European_immigrants,_whose_working_conditions_were_poor,_cost_less_than_the_upkeep_of_slaves,_and_the_decline_in_the_arrival_of_new_slaves_-_Brazil_was_the_last_country_in_the_Western_world_to_abolish_slavery._The_Brazilian_government_was_also_under_pressure_from_Britain,_who_sought_to_end_the_slave_trade_in_order_to_expand_production_in_its_own_colonies.;;;;;;;;;;;;;
EVTOPTA203701;From this date, slavery is declared abolished in Brazil.;;;;;;;;;;;;;
EVTOPTB203701;Free slaves? Revoke this useless law!;;;;;;;;;;;;;
EVTNAME203702;The Rise of Getulio Vargas;;;;;;;;;;;;;
EVTDESC203702;Vargas_was_born_in_the_state_of_Rio_Grande_do_Sul,_into_a_family_prominent_in_state_politics._By_1922_he_had_risen_rapidly_in_state_politics_and_was_elected_to_the_National_Congress,_in_which_he_served_for_four_years._In_1926_Vargas_became_minister_of_finance_in_the_Cabinet_of_President_Washington_Luís_Pereira_de_Sousa,_a_post_he_retained_until_his_election_as_governor_of_Rio_Grande_do_Sul_in_1928._From_his_position_as_state_governor,_Vargas_campaigned_unsuccessfully_as_reform_candidate_for_the_presidency_of_Brazil_in_1930._While_appearing_to_accept_defeat,_Vargas_in_October_of_that_year_led_the_revolution,_organized_by_his_friends,_that_overthrew_the_oligarchical_republic._For_the_next_15_years_Vargas_assumed_largely_dictatorial_powers,_ruling_most_of_that_time_without_a_congress._He_held_sole_power_as_provisional_president_from_Nov._3,_1930,_until_July_17,_1934,_when_he_was_elected_president_by_the_constituent_assembly.;;;;;;;;;;;;;
EVTOPTA203702;Today you are with the government. Tomorrow you will be the government.;;;;;;;;;;;;;
EVTOPTB203702;The coffee policy will prevail! Suppress this outrageous coup!;;;;;;;;;;;;;
EVTNAME203775;The Fascist Movement Arises;;;;;;;;;;;;;
EVTDESC203775;\n\nA_group_of_far-right_extremists_has_begun_to_organize_within_the_country,_and_their_pamphlets_have_recently_become_a_thorn_in_our_regime's_side._Their_views_are_on_the_fringe,_and_their_methods_of_spreading_their_views_have_been_clandestine_so_far._They_preach_order,_unity,_strength,_homogenous_cultures,_and_national_exceptionalism,_and_while_this_may_please_the_common_man,_they_are_still_a_potential_threat_to_our_regime.;;;;;;;;;;;;;
EVTOPTA203775;Keep an eye on them. Do you have the latest stock ticker?;;;;;;;;;;;;;
EVTNAME203776;The Fascists Go Openly Public;;;;;;;;;;;;;
EVTDESC203776;\n\nThanks_to_increased_awareness_of_the_fascist_platform_amongst_our_people,_the_fascist_organizations_within_our_nation_have_begun_to_go_public_in_their_demonstrations._They_have_begun_to_stalk_the_streets,_intimidating_others,_and_have_attacked_their_communist_ideological_enemies._This_roughhousing_may_or_may_not_be_good_for_the_nation,_but_we_can't_explicitly_support_one_side_or_the_other_without_changing_our_regime_or_committing_political_suicide.;;;;;;;;;;;;;
EVTOPTA203776;Let the fascists play at politics a while.;;;;;;;;;;;;;
EVTOPTB203776;We must keep order in the streets!;;;;;;;;;;;;;
EVTNAME203777;Fascist Rallies!;;;;;;;;;;;;;
EVTDESC203777;\n\nThe_local_fascist_organizations_have_largely_united_and_created_a_series_of_awareness-raising_and_strength-flaunting_rallies._These_rallies_have_the_amazing_ability_to_inspire_people_and_convert_them_to_the_fascist_cause,_and_even_have_the_potential_to_influence_our_very_government._The_communist_and_liberal_groups_within_our_nation_have_been_pestering_us_to_make_a_decision_about_these_extremists,_and_this_is_surely_a_defining_moment_in_our_nation's_politics.;;;;;;;;;;;;;
EVTOPTA203777;I have to admit that their slogans are appealing.;;;;;;;;;;;;;
EVTOPTB203777;This has gone on for far too long. This must end.;;;;;;;;;;;;;
EVTNAME203805;Greater Denmark rises!;;;;;;;;;;;;;
EVTDESC203805;Given_our_glorious_status_in_the_world,_nationalists_within_our_country_have_taken_it_upon_themselves_to_encourage_a_rebirth_of_our_ancestral_Viking_roots._While_this_has_great_traction_amongst_the_already_nationalistic,_government_intervention_could_give_this_movement_the_push_needed_to_become_a_truly_national_movement._This_will,_of_course,_worry_the_rest_of_the_world,_but_what_are_they_compared_to_the_glory_and_might_of_our_nation?;;;;;;;;;;;;;
EVTOPTA203805;FOR DENMARK!;;;;;;;;;;;;;
EVTOPTB203805;What? No.;;;;;;;;;;;;;
EVTNAME66689;Lucky Nations;;;;;;;;;;;;;
EVTDESC66689;Sometimes_in_this_world,_nations_seem_to_be_blessed_by_God_in_certain_periods._Their_leaders_are_brilliant,_their_people_are_hardy,_they_excel_in_warfare,_produce_amazing_works_of_culture,_and_their_economies_boom._Do_we_live_in_such_a_world?_If_Lucky_Nations_are_turned_on,_ten_random_westernized_nations_who_are_not_Great_Powers_and_five_random_non-western_nations_will_be_given_special_bonuses_that_will_enable_them_to_shake_up_the_status_quo_of_the_world_by_giving_them_significant_bonuses.;;;;;;;;;;;;;
EVTOPTA66689;Turn Lucky Nations On.;;;;;;;;;;;;;
EVTOPTB66689;Keep Lucky Nations Off.;;;;;;;;;;;;;
EVTNAME38510;Moving the Capital;;;;;;;;;;;;;
EVTDESC38510;In_1840_Said_bin_Sultan,_Sultan_of_Muscat_and_Oman_moved_his_capital_from_the_Omani_city_of_Muscat_to_the_economic_heart_of_his_empire,_the_African_island_of_Zanzibar_in_a_successful_attempt_to_increase_the_amount_of_products_he_could_export_from_the_region.;;;;;;;;;;;;;
EVTNAME11200;Setting the Borders of Italy;;;;;;;;;;;;;
EVTDESC11200;With_our_Union_of_Italy_at_hand,_how_should_we_draw_the_border_between_Austria_and_Italy?;;;;;;;;;;;;;
EVTNAME11201;Petition Austria for Savoie?;;;;;;;;;;;;;
EVTDESC11201;We_have_been_notified_of_Austria's_intent_to_unify_the_Italian_peninsula._Should_we_ask_them_to_cede_control_of_Savoie,_which_possesses_as_sizable_French_population?;;;;;;;;;;;;;
EVTNAME11202;French Claims in Italy;;;;;;;;;;;;;
EVTDESC11202;France_has_expressed_interest_in_our_union_of_Italy._They_ask_for_us_to_return_to_them_Savoie,_which_has_a_sizable_French_population.;;;;;;;;;;;;;
EVTNAME11203;French Claims in Italy;;;;;;;;;;;;;
EVTDESC11203;France_has_expressed_interest_in_our_union_of_Italy._They_ask_for_us_to_return_to_them_Savoie,_which_has_a_sizable_French_population._In_addition,_they_also_demand_Piemonte._If_we_accede_to_both_of_these_demands_our_union_of_Italy_will_surely_been_seen_as_flimsy_excuse_to_divide_Italy_between_us.;;;;;;;;;;;;;
EVTNAME11204;The Papal Question;;;;;;;;;;;;;
EVTDESC11204;How_should_we_deal_with_the_Papal_State_in_our_union_of_Italy?;;;;;;;;;;;;;
EVTNAME11205;Freedom or Subservience?;;;;;;;;;;;;;
EVTDESC11205;Should_we_establish_our_union_of_Italy_as_a_truly_independent_state,_or_as_a_puppet_to_the_Austrian_crown?_Granting_them_independence_would_help_legitimize_the_actions_we've_taken_so_far,_both_in_the_eyes_of_the_other_greater_powers_and_in_the_eyes_of_the_Italian_people.;;;;;;;;;;;;;
EVTNAME11210;Setting the Borders of Italy;;;;;;;;;;;;;
EVTDESC11210;With_our_Union_of_Italy_at_hand,_how_should_we_draw_the_border_between_Austria_and_Italy?;;;;;;;;;;;;;
EVTNAME11211;Ask France to recognize Austrian claims?;;;;;;;;;;;;;
EVTDESC11211;We_have_been_notified_of_France's_intent_to_unify_the_Italian_peninsula._Should_we_ask_them_to_recognize_our_claims_to_the_lands_of_Lombardy-Venice?;;;;;;;;;;;;;
EVTNAME11212;Austrian Claims in Italy;;;;;;;;;;;;;
EVTDESC11212;Austria_has_expressed_interest_in_our_union_of_Italy._They_ask_for_us_to_recognize_their_claim_to_Lombardy-Venice.;;;;;;;;;;;;;
EVTNAME11213;Austrian Claims in Italy;;;;;;;;;;;;;
EVTDESC11213;France_has_recognized_only_our_claims_to_Venice._They_have_dismissed_our_claim_to_Lombardia.;;;;;;;;;;;;;
EVTNAME11214;Austrian Claims in Italy;;;;;;;;;;;;;
EVTDESC11214;France_has_recognized_our_claim_to_Lombardy-Venice.;;;;;;;;;;;;;
EVTNAME11240;South Italy;;;;;;;;;;;;;
EVTDESC11240;Cultural_differences_separate_the_southern_half_of_the_peninsula_from_the_north._Should_Italy_be_split_along_these_lines?_Two_Sicilies_might_govern_the_region_better.;;;;;;;;;;;;;
EVTNAME9988800;$FROMCOUNTRY$'s bid for independence;;;;;;;;;;;;;
EVTDESC9988800;A_diplomat_from_$FROMCOUNTRY$_has_approached_us_with_a_request_to_free_$FROMCOUNTRY$_from_their_oppressive_masters._We_could_attempt_a_coup_that_would_install_an_independent_government_in_$FROMCOUNTRY$,_and_$FROMCOUNTRY$_would_gladly_join_us_in_our_war.;;;;;;;;;;;;;
EVTNAME9988801;$FROMCOUNTRY$ accepts offer.;;;;;;;;;;;;;
EVTDESC9988801;$FROMCOUNTRY$_has_agreed_to_our_offer,_we_must_now_join_them_in_their_war.;;;;;;;;;;;;;
EVTNAME9988802;$FROMCOUNTRY$ declines offer.;;;;;;;;;;;;;
EVTDESC9988802;$FROMCOUNTRY$_has_refused_our_offer.;;;;;;;;;;;;;
EVTNAME9988803;$FROMCOUNTRY$ has altered the deal.;;;;;;;;;;;;;
EVTDESC9988803;$FROMCOUNTRY$_has_accepted_us_under_their_protection._Unfortunately_it_seems_we_will_still_be_a_pawn_to_be_shuffled_between_the_greater_powers.;;;;;;;;;;;;;
EVTNAME188112;General Volkhovski's Landing;;;;;;;;;;;;;
EVTDESC188112;One_of_the_first_events_of_the_restarted_Caucasian_War_was_General_Volkhovski's_landing_in_Circassia,_near_the_modern_town_of_Sochi._Originally_plagued_by_setbacks_due_to_Circassian_resistance_and_poor_organization,_it_was_a_good_start_and_learning_experience_for_the_Russian_armed_forces.;;;;;;;;;;;;;
EVTOPTA188112;Let the landing commence!;;;;;;;;;;;;;
EVTOPTB188112;Let us bide our time.;;;;;;;;;;;;;
EVTNAME188113;Conflict at Tepsue;;;;;;;;;;;;;
EVTDESC188113;The_Russians_made_a_large_landing_at_Tepsue_soon_after_the_Caucasian_War_restarted,_intending_to_crush_opposition_in_western_Circassia_after_their_successful_occupation_of_eastern_Circassia_a_decade_earlier._Historically,_the_occupation_was_a_reasonable_success,_yet_casualties_were_very_high_on_both_sides_and_neither_belligerent_forgot_the_lessons_learned_during_this_conflict.;;;;;;;;;;;;;
EVTOPTA188113;We will crush the Circassians!;;;;;;;;;;;;;
EVTOPTB188113;We will do what is necessary and no more.;;;;;;;;;;;;;
EVTNAME188114;Colonel Obshevski Gives A Speech;;;;;;;;;;;;;
EVTDESC188114;Historically,_soon_after_the_conflict_at_Tepsue,_Russian_Colonel_Obshevski_gave_a_speech_to_the_local_Circassian_population_about_the_advantages_of_being_under_Russian_control_and_the_virtues_of_not_rebelling_against_their_Russian_masters._The_Circassians_did_not_forget_it,_to_the_detriment_of_the_Russians.;;;;;;;;;;;;;
EVTOPTA188114;Let the Circassians know who is boss.;;;;;;;;;;;;;
EVTOPTB188114;Is this really necessary?;;;;;;;;;;;;;
EVTNAME188115;Imam Shamil Gains Power;;;;;;;;;;;;;
EVTDESC188115;Imam_Shamil_has_gained_power_and_become_the_Imam_of_the_Caucasian_Imamate!_His_frequent_attacks_against_Russian_outposts_throughout_the_region_are_worrisome,_and_a_decision_is_needed_as_to_what_to_do_with_his_resistance_movement.;;;;;;;;;;;;;
EVTOPTA188115;Let us fight back!;;;;;;;;;;;;;
EVTOPTB188115;Attempt to pull out of our weaker outposts.;;;;;;;;;;;;;
EVTNAME188116;United Circassian Offensive;;;;;;;;;;;;;
EVTDESC188116;The_Circassian_resistance_has_managed_to_take_out_our_minor_outposts_through_sneak_attacks,_seizing_supply_depots,_and_what_can_be_termed_guerrilla_warfare._Although_we_have_suffered_much,_our_ready_state_of_alertness_prevented_an_overly_large_massacre_of_our_people_and_has_prevented_our_major_outposts_and_fortresses_from_being_overrun_by_the_Circassians.;;;;;;;;;;;;;
EVTOPTA188116;They will pay for this!;;;;;;;;;;;;;
EVTNAME188117;United Circassian Offensive;;;;;;;;;;;;;
EVTDESC188117;Although_we_attempted_to_pull_out_of_our_weaker_outposts,_the_Circassians_have_ambushed_our_traveling_forces_and_seized_our_supplies._Our_larger_outposts_relied_on_these_smaller_reinforcements_to_properly_defend,_and_we_have_suffered_some_losses_in_our_major_military_and_civilian_centers._This_perceived_weakness_has_given_the_Circassians_free_reign_to_massacre_our_people,_and_has_shamed_us_on_a_world_scale.;;;;;;;;;;;;;
EVTOPTA188117;An unfortunate event, to be sure.;;;;;;;;;;;;;
EVTNAME188118;Imam Shamil Offers a Truce;;;;;;;;;;;;;
EVTDESC188118;Imam_Shamil_has_stated_his_demands_regarding_the_Caucasus:_independence,_a_return_to_the_status_quo_of_1834,_or_death!_Historically,_the_Imam_and_the_Tsar_agreed_to_a_peace_treaty,_which_was_respected_for_almost_a_decade,_as_it_worked_out_to_both_sides'_advantage._The_Russians_had_been_humiliated_at_the_Caucasus,_but_the_Circassians_could_not_hold_out_much_longer.;;;;;;;;;;;;;
EVTOPTA188118;They will pay in time.;;;;;;;;;;;;;
EVTOPTB188118;Let them go, we have failed in the Caucasus.;;;;;;;;;;;;;
EVTNAME188119;Unrest in the Caucasus;;;;;;;;;;;;;
EVTDESC188119;There_is_increased_unrest_as_of_late,_as_Imam_Shamil_has_begin_a_campaign_of_peaceful_resistance_and_invective,_wanting_independence_for_his_people_and_the_Caucasus.;;;;;;;;;;;;;
EVTOPTA188119;This has gone on too long. Send in the troops!;;;;;;;;;;;;;
EVTOPTB188119;Organize our forces but do nothing.;;;;;;;;;;;;;
EVTNAME188120;Imam Shamil Stands Firm;;;;;;;;;;;;;
EVTDESC188120;Imam_Shamil_has_released_an_ultimatum:_Caucasian_independence_or_indefinite_rebellion._His_troops_have_already_seized_Russian_supply_depots_and_a_few_outposts,_and_as_such_he_has_dishonorably_broken_our_treaty.;;;;;;;;;;;;;
EVTOPTA188120;We will not stand this insolence!;;;;;;;;;;;;;
EBTOPTB188120;This is the last straw. Let them go.;;;;;;;;;;;;;
EVTNAME188121;Victories in the Caucasus;;;;;;;;;;;;;
EVTDESC188121;A_string_of_military_and_civil_victories_in_the_Caucasus_has_led_to_the_breaking_of_most_Circassian_resistance!_Imam_Shamil_is_on_the_run_and_the_back_of_the_resistance_is_broken!_It_seems_that_the_war_that_has_raged_for_almost_a_hundred_years_is_almost_over.;;;;;;;;;;;;;
EVTOPTA188121;A great day for Russians everywhere!;;;;;;;;;;;;;
EVTOPTB188121;Let the rebel scum suffer.;;;;;;;;;;;;;
EVTNAME188122;Ethnic Cleansing of the Caucasus;;;;;;;;;;;;;
EVTDESC188122;Historically,_soon_after_major_victories_in_the_Caucasus,_the_Russians_purged_the_area_of_any_undesirable_elements._The_ethnic_cleansing_continued_until_the_1870s,_as_many_natives_of_the_area_were_killed_or_deported_to_the_Ottoman_Empire._Indeed,_the_ethnic_cleansing_of_the_area_has_been_considered_by_many_historians_to_be_the_first_ethnic_cleansing_on_a_modern_scale_and_the_harbinger_of_genocides_as_a_concept.;;;;;;;;;;;;;
EVTOPTA188122;We have fought for a hundred years. Let them suffer.;;;;;;;;;;;;;
EVTOPTB188122;We need not descend into barbarism.;;;;;;;;;;;;;
EVTNAME188123;Imam Shamil Captured;;;;;;;;;;;;;
EVTDESC188123;Historically,_Imam_Shamil_was_captured_in_1859._The_Russians_allowed_him_to_live,_albeit_under_surveillance_in_Kiev._The_mutual_respect_that_the_Imam_and_the_Tsar_had_for_each_other_helped_quite_a_bit_in_this_aspect,_and_Imam_Shamil_saw_the_war_as_lost_from_this_point._Although_resistance_continued_in_the_Caucasus,_the_ideological_center_of_the_movement_was_removed,_and_the_ideological_foundation_of_the_resistance_foundered._Imam_Shamil_himself_received_permission_from_the_Tsar_to_go_on_the_Hajj_to_Mecca_in_1869._He_briefly_stopped_at_Istanbul_where_he_was_greeted_warmly_by_the_Ottoman_Sultan,_but_continued_on_his_way_to_Mecca._He_died_shortly_after_completing_the_pilgrimage_in_1871,_a_truly_remarkable_figure_in_life.;;;;;;;;;;;;;
EVTOPTA188123;Let him live free, but keep an eye on him.;;;;;;;;;;;;;
EVTOPTB188123;Let him suffer the fate of all traitors.;;;;;;;;;;;;;
EVTNAME188124;The End of the Caucasian War;;;;;;;;;;;;;
EVTDESC188124;The_last_pockets_of_resistance_have_foundered,_the_rebellion_is_leaderless,_tens_of_thousands_lie_dead,_and_the_Circassian/Caucasian_War_has_finally_ended_after_100_years_of_bloodshed._The_people_of_the_Caucasus_now_know_their_place_in_the_Russian_Empire,_but_such_wars_are_not_that_easy_to_forget.;;;;;;;;;;;;;
EVTOPTA188124;Victory is ours!;;;;;;;;;;;;;
EVTNAME95671;The Non-German Territories;;;;;;;;;;;;;
EVTDESC95671;Now_that_we_have_fulfilled_our_destiny_and_united_the_German_people_under_one_banner,_the_question_of_our_non-German_lands_remains._There_is_cries_for_independence,_or_at_the_very_least,_increased_autonomy_from_$COUNTRY$._Refusing_will_no_doubt_greatly_upset_the_other_great_powers_as_well_as_our_population._Many_voices_in_Government_say_that_granting_our_non-German_territories_independence_or_even_just_extended_autonomy_is_the_best_course_of_action_in_order_to_minimize_damage_to_our_reputation_on_the_world_stage_as_well_as_satisfying_our_population.;;;;;;;;;;;;;
EVTDESC188718953;The_Hamburg-American_freighter,_Palatia,_Capt._Kopff,_which_arrived_this_morning,_was_the_first_steamer_to_pass_through_the_new_Kiel_canal._The_canal_was_practically_finished,_and_it_was_to_test_the_navigability_that_the_Palatia_was_sent_through._She_touched_bottom_several_times,_but_did_not_stick_fast_and_sustained_no_damage._The_New_York_Times,_June_23,_$YEAR$.;Le_cargo_américain_de_Hambourg,_Palatia,_du_capitaine_Kopff,_qui_est_arrivé_ce_matin,_était_le_premier_vapeur_pour_à_passer_par_le_nouveau_cana_de_Kiel._Le_canal_a_été_pratiquement_fini_et_sait_pour_tester_la_navigabilité_que_le_Palatia_a_été_envoyé_par._Elle_a_touché_le_fond_plusieurs_fois,_mais_n'a_pas_collé_et_n'a_supporté_aucun_dégât._New_York_Times,_le_23_juin_$YEAR$.;The_Hamburg-American_freighter,_Palatia,_Capt._Kopff,_which_arrived_this_morning,_was_the_first_steamer_to_pass_through_the_new_Kiel_canal._The_canal_was_practically_finished,_and_it_was_to_test_the_navigability_that_the_Palatia_was_sent_through._She_touched_bottom_several_times,_but_did_not_stick_fast_and_sustained_no_damage._The_New_York_Times,_June_23,_$YEAR$.;The_Hamburg-American_freighter,_Palatia,_Capt._Kopff,_which_arrived_this_morning,_was_the_first_steamer_to_pass_through_the_new_Kiel_canal._The_canal_was_practically_finished,_and_it_was_to_test_the_navigability_that_the_Palatia_was_sent_through._She_touched_bottom_several_times,_but_did_not_stick_fast_and_sustained_no_damage._The_New_York_Times,_June_23,_$YEAR$.;The_Hamburg-American_freighter,_Palatia,_Capt._Kopff,_which_arrived_this_morning,_was_the_first_steamer_to_pass_through_the_new_Kiel_canal._The_canal_was_practically_finished,_and_it_was_to_test_the_navigability_that_the_Palatia_was_sent_through._She_touched_bottom_several_times,_but_did_not_stick_fast_and_sustained_no_damage._The_New_York_Times,_June_23,_$YEAR$.;The_Hamburg-American_freighter,_Palatia,_Capt._Kopff,_which_arrived_this_morning,_was_the_first_steamer_to_pass_through_the_new_Kiel_canal._The_canal_was_practically_finished,_and_it_was_to_test_the_navigability_that_the_Palatia_was_sent_through._She_touched_bottom_several_times,_but_did_not_stick_fast_and_sustained_no_damage._The_New_York_Times,_June_23,_$YEAR$.;The_Hamburg-American_freighter,_Palatia,_Capt._Kopff,_which_arrived_this_morning,_was_the_first_steamer_to_pass_through_the_new_Kiel_canal._The_canal_was_practically_finished,_and_it_was_to_test_the_navigability_that_the_Palatia_was_sent_through._She_touched_bottom_several_times,_but_did_not_stick_fast_and_sustained_no_damage._The_New_York_Times,_June_23,_$YEAR$.;The_Hamburg-American_freighter,_Palatia,_Capt._Kopff,_which_arrived_this_morning,_was_the_first_steamer_to_pass_through_the_new_Kiel_canal._The_canal_was_practically_finished,_and_it_was_to_test_the_navigability_that_the_Palatia_was_sent_through._She_touched_bottom_several_times,_but_did_not_stick_fast_and_sustained_no_damage._The_New_York_Times,_June_23,_$YEAR$.;;;;;;
EVTDESC185918692;In_the_lakes_and_near_the_sea_dredgers_with_dumpers_were_used_to_excavate_the_canal.;Dans_les_lacs_et_près_des_dragues_de_mer.Des_camions-benne_ont_été_utilisé_pour_creuser_le_canal.;In_the_lakes_and_near_the_sea_dredgers_with_dumpers_were_used_to_excavate_the_canal.;In_the_lakes_and_near_the_sea_dredgers_with_dumpers_were_used_to_excavate_the_canal.;In_the_lakes_and_near_the_sea_dredgers_with_dumpers_were_used_to_excavate_the_canal.;In_the_lakes_and_near_the_sea_dredgers_with_dumpers_were_used_to_excavate_the_canal.;In_the_lakes_and_near_the_sea_dredgers_with_dumpers_were_used_to_excavate_the_canal.;In_the_lakes_and_near_the_sea_dredgers_with_dumpers_were_used_to_excavate_the_canal.;;;;;;
EVTDESC185918694;At_first_digging_the_Suez_Canal_was_done_the_same_way_as_thousands_of_years_ago,_with_forced_labor._Later_dredges_took_over_when_was_discovered_it_was_cheaper_to_artificially_flood_the_terrain_and_dredge_the_canal_instead_of_dry_excavation.;Au_début_la_création_du_Canal_de_Suez__été_fait_la_même_façon_qu'_il_y_a_des_milliers_d'années,_avec_le_travail_forcé._Des_dragues_ont_repris_quand_il_fut_découvert_qu'il_était_moins_cher_d'_inonder_le_terrain_et_draguer_le_canal_au_lieu_de_creuser.;At_first_digging_the_Suez_Canal_was_done_the_same_way_as_thousands_of_years_ago,_with_forced_labor._Later_dredges_took_over_when_was_discovered_it_was_cheaper_to_artificially_flood_the_terrain_and_dredge_the_canal_instead_of_dry_excavation.;At_first_digging_the_Suez_Canal_was_done_the_same_way_as_thousands_of_years_ago,_with_forced_labor._Later_dredges_took_over_when_was_discovered_it_was_cheaper_to_artificially_flood_the_terrain_and_dredge_the_canal_instead_of_dry_excavation.;At_first_digging_the_Suez_Canal_was_done_the_same_way_as_thousands_of_years_ago,_with_forced_labor._Later_dredges_took_over_when_was_discovered_it_was_cheaper_to_artificially_flood_the_terrain_and_dredge_the_canal_instead_of_dry_excavation.;At_first_digging_the_Suez_Canal_was_done_the_same_way_as_thousands_of_years_ago,_with_forced_labor._Later_dredges_took_over_when_was_discovered_it_was_cheaper_to_artificially_flood_the_terrain_and_dredge_the_canal_instead_of_dry_excavation.;At_first_digging_the_Suez_Canal_was_done_the_same_way_as_thousands_of_years_ago,_with_forced_labor._Later_dredges_took_over_when_was_discovered_it_was_cheaper_to_artificially_flood_the_terrain_and_dredge_the_canal_instead_of_dry_excavation.;At_first_digging_the_Suez_Canal_was_done_the_same_way_as_thousands_of_years_ago,_with_forced_labor._Later_dredges_took_over_when_was_discovered_it_was_cheaper_to_artificially_flood_the_terrain_and_dredge_the_canal_instead_of_dry_excavation.;;;;;;
EVTDESC185918695;Today_armed_bedouins_have_started_a_revolt_among_our_workers_at_the_Suez_Canal_and_construction_was_halted_until_further_notice._We_suspect_the_British_are_behind_this,_they_opposed_our_project_from_the_beginning_accusing_us_of_using_slave_labor._The_true_reason_is_ofcourse_that_the_canal_is_a_threat_to_their_strategic_interests._We_have_no_other_choice_but_to_abolish_Corvée_(a_form_of_unpaid_labor)_to_resume_the_project._Unfortunately_this_affair_will_cost_us_dearly,_both_finacially_and_timewise.;Aujourd'hui'hui_les_bédouins_armés_ont_commencé_une_révolte_parmi_nos_ouvriers_au_Canal_de_Suez_et_la_construction_a_été_interrompue_jusqu'à_nouvel_ordre._Nous_soupçonnons_que_les_Anglais_sont_derrière_cela,_ils_se_sont_opposés_à_notre_projet_nous_accusant_depuis_le_début_d'utiliser_une_main-d'œuvre_d'esclave._La_vraie_raison_est_biensur_que_le_canal_est_une_menace_à_leurs_intérêts_stratégiques.Nous_devons_abolir_la_Corvée._Malheureusement_cette_affaire_nous_coûtera_chère_en_temps_et_en_argents;Today_armed_bedouins_have_started_a_revolt_among_our_workers_at_the_Suez_Canal_and_construction_was_halted_until_further_notice._We_suspect_the_British_are_behind_this,_they_opposed_our_project_from_the_beginning_accusing_us_of_using_slave_labor._The_true_reason_is_ofcourse_that_the_canal_is_a_threat_to_their_strategic_interests._We_have_no_other_choice_but_to_abolish_Corvée_(a_form_of_unpaid_labor)_to_resume_the_project._Unfortunately_this_affair_will_cost_us_dearly,_both_finacially_and_timewise.;Today_armed_bedouins_have_started_a_revolt_among_our_workers_at_the_Suez_Canal_and_construction_was_halted_until_further_notice._We_suspect_the_British_are_behind_this,_they_opposed_our_project_from_the_beginning_accusing_us_of_using_slave_labor._The_true_reason_is_ofcourse_that_the_canal_is_a_threat_to_their_strategic_interests._We_have_no_other_choice_but_to_abolish_Corvée_(a_form_of_unpaid_labor)_to_resume_the_project._Unfortunately_this_affair_will_cost_us_dearly,_both_finacially_and_timewise.;Today_armed_bedouins_have_started_a_revolt_among_our_workers_at_the_Suez_Canal_and_construction_was_halted_until_further_notice._We_suspect_the_British_are_behind_this,_they_opposed_our_project_from_the_beginning_accusing_us_of_using_slave_labor._The_true_reason_is_ofcourse_that_the_canal_is_a_threat_to_their_strategic_interests._We_have_no_other_choice_but_to_abolish_Corvée_(a_form_of_unpaid_labor)_to_resume_the_project._Unfortunately_this_affair_will_cost_us_dearly,_both_finacially_and_timewise.;Today_armed_bedouins_have_started_a_revolt_among_our_workers_at_the_Suez_Canal_and_construction_was_halted_until_further_notice._We_suspect_the_British_are_behind_this,_they_opposed_our_project_from_the_beginning_accusing_us_of_using_slave_labor._The_true_reason_is_ofcourse_that_the_canal_is_a_threat_to_their_strategic_interests._We_have_no_other_choice_but_to_abolish_Corvée_(a_form_of_unpaid_labor)_to_resume_the_project._Unfortunately_this_affair_will_cost_us_dearly,_both_finacially_and_timewise.;Today_armed_bedouins_have_started_a_revolt_among_our_workers_at_the_Suez_Canal_and_construction_was_halted_until_further_notice._We_suspect_the_British_are_behind_this,_they_opposed_our_project_from_the_beginning_accusing_us_of_using_slave_labor._The_true_reason_is_ofcourse_that_the_canal_is_a_threat_to_their_strategic_interests._We_have_no_other_choice_but_to_abolish_Corvée_(a_form_of_unpaid_labor)_to_resume_the_project._Unfortunately_this_affair_will_cost_us_dearly,_both_finacially_and_timewise.;Today_armed_bedouins_have_started_a_revolt_among_our_workers_at_the_Suez_Canal_and_construction_was_halted_until_further_notice._We_suspect_the_British_are_behind_this,_they_opposed_our_project_from_the_beginning_accusing_us_of_using_slave_labor._The_true_reason_is_ofcourse_that_the_canal_is_a_threat_to_their_strategic_interests._We_have_no_other_choice_but_to_abolish_Corvée_(a_form_of_unpaid_labor)_to_resume_the_project._Unfortunately_this_affair_will_cost_us_dearly,_both_finacially_and_timewise.;;;;;;
EVTDESC190419144;The_Hay-Bunau-Varilla_treaty_was_an_agreement_between_the_USA_and_the_Panama_granting_exclusive_canal_rights_to_the_USA_across_the_isthmus_of_Panama_in_exchange_for_a_financial_reimbursement_of_10,000,000_plus_an_annuity_of_250,000.;Le_traité_Hay-Bunau-Varilla_était_un_accord_entre_les_USA_et_le_Panama_accordant_des_droits_de_canal_exclusifs_en_USA_à_travers_l'isthme_du_Panama_en_échange_d'un_remboursement_financier_de_10,000,000_plus_une_annuité_de_250,000.;The_Hay-Bunau-Varilla_treaty_was_an_agreement_between_the_USA_and_the_Panama_granting_exclusive_canal_rights_to_the_USA_across_the_isthmus_of_Panama_in_exchange_for_a_financial_reimbursement_of_10,000,000_plus_an_annuity_of_250,000.;The_Hay-Bunau-Varilla_treaty_was_an_agreement_between_the_USA_and_the_Panama_granting_exclusive_canal_rights_to_the_USA_across_the_isthmus_of_Panama_in_exchange_for_a_financial_reimbursement_of_10,000,000_plus_an_annuity_of_250,000.;The_Hay-Bunau-Varilla_treaty_was_an_agreement_between_the_USA_and_the_Panama_granting_exclusive_canal_rights_to_the_USA_across_the_isthmus_of_Panama_in_exchange_for_a_financial_reimbursement_of_10,000,000_plus_an_annuity_of_250,000.;The_Hay-Bunau-Varilla_treaty_was_an_agreement_between_the_USA_and_the_Panama_granting_exclusive_canal_rights_to_the_USA_across_the_isthmus_of_Panama_in_exchange_for_a_financial_reimbursement_of_10,000,000_plus_an_annuity_of_250,000.;The_Hay-Bunau-Varilla_treaty_was_an_agreement_between_the_USA_and_the_Panama_granting_exclusive_canal_rights_to_the_USA_across_the_isthmus_of_Panama_in_exchange_for_a_financial_reimbursement_of_10,000,000_plus_an_annuity_of_250,000.;The_Hay-Bunau-Varilla_treaty_was_an_agreement_between_the_USA_and_the_Panama_granting_exclusive_canal_rights_to_the_USA_across_the_isthmus_of_Panama_in_exchange_for_a_financial_reimbursement_of_10,000,000_plus_an_annuity_of_250,000.;;;;;;
EVTDESC190419145;The_Hay-Bunau-Varilla_treaty_was_an_agreement_between_the_USA_and_the_Panama_granting_exclusive_canal_rights_to_the_USA_across_the_isthmus_of_Panama_in_exchange_for_a_financial_reimbursement_of_10,000,000_plus_an_annuity_of_250,000.;Le_traité_Hay-Bunau-Varilla_était_un_accord_entre_les_USA_et_le_Panama_accordant_des_droits_de_canal_exclusifs_en_USA_à_travers_l'isthme_du_Panama_en_échange_d'un_remboursement_financier_de_10,000,000_plus_une_annuité_de_250,000.;The_Hay-Bunau-Varilla_treaty_was_an_agreement_between_the_USA_and_the_Panama_granting_exclusive_canal_rights_to_the_USA_across_the_isthmus_of_Panama_in_exchange_for_a_financial_reimbursement_of_10,000,000_plus_an_annuity_of_250,000.;The_Hay-Bunau-Varilla_treaty_was_an_agreement_between_the_USA_and_the_Panama_granting_exclusive_canal_rights_to_the_USA_across_the_isthmus_of_Panama_in_exchange_for_a_financial_reimbursement_of_10,000,000_plus_an_annuity_of_250,000.;The_Hay-Bunau-Varilla_treaty_was_an_agreement_between_the_USA_and_the_Panama_granting_exclusive_canal_rights_to_the_USA_across_the_isthmus_of_Panama_in_exchange_for_a_financial_reimbursement_of_10,000,000_plus_an_annuity_of_250,000.;The_Hay-Bunau-Varilla_treaty_was_an_agreement_between_the_USA_and_the_Panama_granting_exclusive_canal_rights_to_the_USA_across_the_isthmus_of_Panama_in_exchange_for_a_financial_reimbursement_of_10,000,000_plus_an_annuity_of_250,000.;The_Hay-Bunau-Varilla_treaty_was_an_agreement_between_the_USA_and_the_Panama_granting_exclusive_canal_rights_to_the_USA_across_the_isthmus_of_Panama_in_exchange_for_a_financial_reimbursement_of_10,000,000_plus_an_annuity_of_250,000.;The_Hay-Bunau-Varilla_treaty_was_an_agreement_between_the_USA_and_the_Panama_granting_exclusive_canal_rights_to_the_USA_across_the_isthmus_of_Panama_in_exchange_for_a_financial_reimbursement_of_10,000,000_plus_an_annuity_of_250,000.;;;;;;
EVTDESC190419146;The_Hay-Bunau-Varilla_treaty_was_an_agreement_between_the_USA_and_the_Panama_granting_exclusive_canal_rights_to_the_USA_across_the_isthmus_of_Panama_in_exchange_for_a_financial_reimbursement_of_10,000,000_plus_an_annuity_of_250,000.;Le_traité_Hay-Bunau-Varilla_était_un_accord_entre_les_USA_et_le_Panama_accordant_des_droits_de_canal_exclusifs_en_USA_à_travers_l'isthme_du_Panama_en_échange_d'un_remboursement_financier_de_10,000,000_plus_une_annuité_de_250,000.;The_Hay-Bunau-Varilla_treaty_was_an_agreement_between_the_USA_and_the_Panama_granting_exclusive_canal_rights_to_the_USA_across_the_isthmus_of_Panama_in_exchange_for_a_financial_reimbursement_of_10,000,000_plus_an_annuity_of_250,000.;The_Hay-Bunau-Varilla_treaty_was_an_agreement_between_the_USA_and_the_Panama_granting_exclusive_canal_rights_to_the_USA_across_the_isthmus_of_Panama_in_exchange_for_a_financial_reimbursement_of_10,000,000_plus_an_annuity_of_250,000.;The_Hay-Bunau-Varilla_treaty_was_an_agreement_between_the_USA_and_the_Panama_granting_exclusive_canal_rights_to_the_USA_across_the_isthmus_of_Panama_in_exchange_for_a_financial_reimbursement_of_10,000,000_plus_an_annuity_of_250,000.;The_Hay-Bunau-Varilla_treaty_was_an_agreement_between_the_USA_and_the_Panama_granting_exclusive_canal_rights_to_the_USA_across_the_isthmus_of_Panama_in_exchange_for_a_financial_reimbursement_of_10,000,000_plus_an_annuity_of_250,000.;The_Hay-Bunau-Varilla_treaty_was_an_agreement_between_the_USA_and_the_Panama_granting_exclusive_canal_rights_to_the_USA_across_the_isthmus_of_Panama_in_exchange_for_a_financial_reimbursement_of_10,000,000_plus_an_annuity_of_250,000.;The_Hay-Bunau-Varilla_treaty_was_an_agreement_between_the_USA_and_the_Panama_granting_exclusive_canal_rights_to_the_USA_across_the_isthmus_of_Panama_in_exchange_for_a_financial_reimbursement_of_10,000,000_plus_an_annuity_of_250,000.;;;;;;
EVTDESC185918696;In_$YEAR$_the_Suez_Canal_Treaty_was_signed_exchanging_canal_rights_for_a_financial_reimbursement_of_10,000,000_plus_an_annuity_of_250,000.;En_$YEAR$_le_Traité_de_Canal_de_Suez_a_été_signé_échangeant_des_droits_de_canal_pour_un_remboursement_financier_de_10,000,000_plus_une_annuité_de_250,000.;In_$YEAR$_the_Suez_Canal_Treaty_was_signed_exchanging_canal_rights_for_a_financial_reimbursement_of_10,000,000_plus_an_annuity_of_250,000.;In_$YEAR$_the_Suez_Canal_Treaty_was_signed_exchanging_canal_rights_for_a_financial_reimbursement_of_10,000,000_plus_an_annuity_of_250,000.;In_$YEAR$_the_Suez_Canal_Treaty_was_signed_exchanging_canal_rights_for_a_financial_reimbursement_of_10,000,000_plus_an_annuity_of_250,000.;In_$YEAR$_the_Suez_Canal_Treaty_was_signed_exchanging_canal_rights_for_a_financial_reimbursement_of_10,000,000_plus_an_annuity_of_250,000.;In_$YEAR$_the_Suez_Canal_Treaty_was_signed_exchanging_canal_rights_for_a_financial_reimbursement_of_10,000,000_plus_an_annuity_of_250,000.;In_$YEAR$_the_Suez_Canal_Treaty_was_signed_exchanging_canal_rights_for_a_financial_reimbursement_of_10,000,000_plus_an_annuity_of_250,000.;;;;;;
EVTDESC185918697;In_$YEAR$_the_Suez_Canal_Treaty_was_signed_exchanging_canal_rights_for_a_financial_reimbursement_of_10,000,000_plus_an_annuity_of_250,000.;En_$YEAR$_le_Traité_de_Canal_de_Suez_a_été_signé_échangeant_des_droits_de_canal_pour_un_remboursement_financier_de_10,000,000_plus_une_annuité_de_250,000.;In_$YEAR$_the_Suez_Canal_Treaty_was_signed_exchanging_canal_rights_for_a_financial_reimbursement_of_10,000,000_plus_an_annuity_of_250,000.;In_$YEAR$_the_Suez_Canal_Treaty_was_signed_exchanging_canal_rights_for_a_financial_reimbursement_of_10,000,000_plus_an_annuity_of_250,000.;In_$YEAR$_the_Suez_Canal_Treaty_was_signed_exchanging_canal_rights_for_a_financial_reimbursement_of_10,000,000_plus_an_annuity_of_250,000.;In_$YEAR$_the_Suez_Canal_Treaty_was_signed_exchanging_canal_rights_for_a_financial_reimbursement_of_10,000,000_plus_an_annuity_of_250,000.;In_$YEAR$_the_Suez_Canal_Treaty_was_signed_exchanging_canal_rights_for_a_financial_reimbursement_of_10,000,000_plus_an_annuity_of_250,000.;In_$YEAR$_the_Suez_Canal_Treaty_was_signed_exchanging_canal_rights_for_a_financial_reimbursement_of_10,000,000_plus_an_annuity_of_250,000.;;;;;;
EVTDESC185918698;In_$YEAR$_the_Suez_Canal_Treaty_was_signed_exchanging_canal_rights_for_a_financial_reimbursement_of_10,000,000_plus_an_annuity_of_250,000.;En_$YEAR$_le_Traité_de_Canal_de_Suez_a_été_signé_échangeant_des_droits_de_canal_pour_un_remboursement_financier_de_10,000,000_plus_une_annuité_de_250,000.;In_$YEAR$_the_Suez_Canal_Treaty_was_signed_exchanging_canal_rights_for_a_financial_reimbursement_of_10,000,000_plus_an_annuity_of_250,000.;In_$YEAR$_the_Suez_Canal_Treaty_was_signed_exchanging_canal_rights_for_a_financial_reimbursement_of_10,000,000_plus_an_annuity_of_250,000.;In_$YEAR$_the_Suez_Canal_Treaty_was_signed_exchanging_canal_rights_for_a_financial_reimbursement_of_10,000,000_plus_an_annuity_of_250,000.;In_$YEAR$_the_Suez_Canal_Treaty_was_signed_exchanging_canal_rights_for_a_financial_reimbursement_of_10,000,000_plus_an_annuity_of_250,000.;In_$YEAR$_the_Suez_Canal_Treaty_was_signed_exchanging_canal_rights_for_a_financial_reimbursement_of_10,000,000_plus_an_annuity_of_250,000.;In_$YEAR$_the_Suez_Canal_Treaty_was_signed_exchanging_canal_rights_for_a_financial_reimbursement_of_10,000,000_plus_an_annuity_of_250,000.;;;;;;
EVTDESC188718955;The_Kiel_Canal_was_finished_in_$YEAR$_and_took_over_9000_workers_8_years_to_build._It_connects_the_North_Sea_to_the_Baltic_sea_and_has_a_length_of_98_kilometers._The_highest_points_lies_at_25_meters_above_sea_level,_total_excavation_amounted_to_100,000,000_cubic_yards_and_the_cost_to_bout_40,000,000_dollars.;Le_canal_de_Kiel_a_été_achevé_en_$YEAR$_et_a_pris_plus_de_9000_travailleurs_8_ans_pour_construire._Il_relie_la_mer_du_Nord_à_la_mer_Baltique_et_a_une_longueur_de_98_kilomètres._Les_points_les_plus_élevés_se_trouve_à_25_mètres_d'altitude,_le_montant_total_des_travaux_d'excavation_à_100.000.000_mètres_cubes_et_le_coût_de_40.000.000_dollars.;The_Kiel_Canal_was_finished_in_$YEAR$_and_took_over_9000_workers_8_years_to_build._It_connects_the_North_Sea_to_the_Baltic_sea_and_has_a_length_of_98_kilometers._The_highest_points_lies_at_25_meters_above_sea_level,_total_excavation_amounted_to_100,000,000_cubic_yards_and_the_cost_to_bout_40,000,000_dollars.;The_Kiel_Canal_was_finished_in_$YEAR$_and_took_over_9000_workers_8_years_to_build._It_connects_the_North_Sea_to_the_Baltic_sea_and_has_a_length_of_98_kilometers._The_highest_points_lies_at_25_meters_above_sea_level,_total_excavation_amounted_to_100,000,000_cubic_yards_and_the_cost_to_bout_40,000,000_dollars.;The_Kiel_Canal_was_finished_in_$YEAR$_and_took_over_9000_workers_8_years_to_build._It_connects_the_North_Sea_to_the_Baltic_sea_and_has_a_length_of_98_kilometers._The_highest_points_lies_at_25_meters_above_sea_level,_total_excavation_amounted_to_100,000,000_cubic_yards_and_the_cost_to_bout_40,000,000_dollars.;The_Kiel_Canal_was_finished_in_$YEAR$_and_took_over_9000_workers_8_years_to_build._It_connects_the_North_Sea_to_the_Baltic_sea_and_has_a_length_of_98_kilometers._The_highest_points_lies_at_25_meters_above_sea_level,_total_excavation_amounted_to_100,000,000_cubic_yards_and_the_cost_to_bout_40,000,000_dollars.;The_Kiel_Canal_was_finished_in_$YEAR$_and_took_over_9000_workers_8_years_to_build._It_connects_the_North_Sea_to_the_Baltic_sea_and_has_a_length_of_98_kilometers._The_highest_points_lies_at_25_meters_above_sea_level,_total_excavation_amounted_to_100,000,000_cubic_yards_and_the_cost_to_bout_40,000,000_dollars.;The_Kiel_Canal_was_finished_in_$YEAR$_and_took_over_9000_workers_8_years_to_build._It_connects_the_North_Sea_to_the_Baltic_sea_and_has_a_length_of_98_kilometers._The_highest_points_lies_at_25_meters_above_sea_level,_total_excavation_amounted_to_100,000,000_cubic_yards_and_the_cost_to_bout_40,000,000_dollars.;;;;;;
EVTDESC185918699;On_November_20,_$YEAR$_Ferdinand_de_Lesseps_erected_a_bronze_bust_of_Waghorn_overlooking_the_mouth_of_the_Suez_Canal_at_the_port_of_Tewfik._On_the_base,_he_inscribed_these_words_of_admiration:_"In_homage_to_the_memory_of_a_generous_though_unfortunate_man,_who_alone,_without_any_help,_by_a_long_series_of_labors_and_heroic_efforts,_practically_demonstrated_and_determined_the_adoption_of_the_postal_route_through_Egypt,_and_the_communication_between_the_East_and_the_West_of_the_world.";_and_this_was_the_originator_and_pioneer_of_the_great_Egyptian_maritime_commerce_completed_by_the_canal_of_the_two_seas.;On_November_20,_$YEAR$_Ferdinand_de_Lesseps_erected_a_bronze_bust_of_Waghorn_overlooking_the_mouth_of_the_Suez_Canal_at_the_port_of_Tewfik._On_the_base,_he_inscribed_these_words_of_admiration:_"In_homage_to_the_memory_of_a_generous_though_unfortunate_man,_who_alone,_without_any_help,_by_a_long_series_of_labors_and_heroic_efforts,_practically_demonstrated_and_determined_the_adoption_of_the_postal_route_through_Egypt,_and_the_communication_between_the_East_and_the_West_of_the_world.";On_November_20,_$YEAR$_Ferdinand_de_Lesseps_erected_a_bronze_bust_of_Waghorn_overlooking_the_mouth_of_the_Suez_Canal_at_the_port_of_Tewfik._On_the_base,_he_inscribed_these_words_of_admiration:_"In_homage_to_the_memory_of_a_generous_though_unfortunate_man,_who_alone,_without_any_help,_by_a_long_series_of_labors_and_heroic_efforts,_practically_demonstrated_and_determined_the_adoption_of_the_postal_route_through_Egypt,_and_the_communication_between_the_East_and_the_West_of_the_world.";On_November_20,_$YEAR$_Ferdinand_de_Lesseps_erected_a_bronze_bust_of_Waghorn_overlooking_the_mouth_of_the_Suez_Canal_at_the_port_of_Tewfik._On_the_base,_he_inscribed_these_words_of_admiration:_"In_homage_to_the_memory_of_a_generous_though_unfortunate_man,_who_alone,_without_any_help,_by_a_long_series_of_labors_and_heroic_efforts,_practically_demonstrated_and_determined_the_adoption_of_the_postal_route_through_Egypt,_and_the_communication_between_the_East_and_the_West_of_the_world.";On_November_20,_$YEAR$_Ferdinand_de_Lesseps_erected_a_bronze_bust_of_Waghorn_overlooking_the_mouth_of_the_Suez_Canal_at_the_port_of_Tewfik._On_the_base,_he_inscribed_these_words_of_admiration:_"In_homage_to_the_memory_of_a_generous_though_unfortunate_man,_who_alone,_without_any_help,_by_a_long_series_of_labors_and_heroic_efforts,_practically_demonstrated_and_determined_the_adoption_of_the_postal_route_through_Egypt,_and_the_communication_between_the_East_and_the_West_of_the_world.";On_November_20,_$YEAR$_Ferdinand_de_Lesseps_erected_a_bronze_bust_of_Waghorn_overlooking_the_mouth_of_the_Suez_Canal_at_the_port_of_Tewfik._On_the_base,_he_inscribed_these_words_of_admiration:_"In_homage_to_the_memory_of_a_generous_though_unfortunate_man,_who_alone,_without_any_help,_by_a_long_series_of_labors_and_heroic_efforts,_practically_demonstrated_and_determined_the_adoption_of_the_postal_route_through_Egypt,_and_the_communication_between_the_East_and_the_West_of_the_world.";On_November_20,_$YEAR$_Ferdinand_de_Lesseps_erected_a_bronze_bust_of_Waghorn_overlooking_the_mouth_of_the_Suez_Canal_at_the_port_of_Tewfik._On_the_base,_he_inscribed_these_words_of_admiration:_"In_homage_to_the_memory_of_a_generous_though_unfortunate_man,_who_alone,_without_any_help,_by_a_long_series_of_labors_and_heroic_efforts,_practically_demonstrated_and_determined_the_adoption_of_the_postal_route_through_Egypt,_and_the_communication_between_the_East_and_the_West_of_the_world.";;;;;;
EVTDESC1859186910;Work_on_the_Suez_Canal_started_in_1859_and_was_completed_in_1869._It_connects_the_Mediterranean_with_the_Red_Sea_and_shortens_the_journey_between_Europa_and_Asia_drastically._More_than_30,000_people_were_working_on_the_canal_at_any_given_moment_and_thousands_of_laborers_died_on_the_project._The_financial_cost_was_over_100,000,000_dollars,_more_than_double_the_initial_estimate.;Les_travaux_sur_le_canal_de_Suez_a_commencé_en_1859_et_s'est_achevé_en_1869._Il_relie_la_Méditerranée_à_la_Mer_Rouge_et_raccourcit_le_trajet_entre_l'Europe_et_l'Asie_de_façon_drastique._Plus_de_30.000_peope_ont_travaillé_sur_le_canal_à_un_moment_donné_et_des_milliers_d'ouvriers_sont_morts_sur_le_projet._Le_coût_financier_a_été_plus_de_100.000.000_dollars,_soit_plus_du_double_de_l'estimation_initiale.;Work_on_the_Suez_Canal_started_in_1859_and_was_completed_in_1869._It_connects_the_Mediterranean_with_the_Red_Sea_and_shortens_the_journey_between_Europa_and_Asia_drastically._More_than_30,000_people_were_working_on_the_canal_at_any_given_moment_and_thousands_of_laborers_died_on_the_project._The_financial_cost_was_over_100,000,000_dollars,_more_than_double_the_initial_estimate.;Work_on_the_Suez_Canal_started_in_1859_and_was_completed_in_1869._It_connects_the_Mediterranean_with_the_Red_Sea_and_shortens_the_journey_between_Europa_and_Asia_drastically._More_than_30,000_people_were_working_on_the_canal_at_any_given_moment_and_thousands_of_laborers_died_on_the_project._The_financial_cost_was_over_100,000,000_dollars,_more_than_double_the_initial_estimate.;Work_on_the_Suez_Canal_started_in_1859_and_was_completed_in_1869._It_connects_the_Mediterranean_with_the_Red_Sea_and_shortens_the_journey_between_Europa_and_Asia_drastically._More_than_30,000_people_were_working_on_the_canal_at_any_given_moment_and_thousands_of_laborers_died_on_the_project._The_financial_cost_was_over_100,000,000_dollars,_more_than_double_the_initial_estimate.;Work_on_the_Suez_Canal_started_in_1859_and_was_completed_in_1869._It_connects_the_Mediterranean_with_the_Red_Sea_and_shortens_the_journey_between_Europa_and_Asia_drastically._More_than_30,000_people_were_working_on_the_canal_at_any_given_moment_and_thousands_of_laborers_died_on_the_project._The_financial_cost_was_over_100,000,000_dollars,_more_than_double_the_initial_estimate.;Work_on_the_Suez_Canal_started_in_1859_and_was_completed_in_1869._It_connects_the_Mediterranean_with_the_Red_Sea_and_shortens_the_journey_between_Europa_and_Asia_drastically._More_than_30,000_people_were_working_on_the_canal_at_any_given_moment_and_thousands_of_laborers_died_on_the_project._The_financial_cost_was_over_100,000,000_dollars,_more_than_double_the_initial_estimate.;Work_on_the_Suez_Canal_started_in_1859_and_was_completed_in_1869._It_connects_the_Mediterranean_with_the_Red_Sea_and_shortens_the_journey_between_Europa_and_Asia_drastically._More_than_30,000_people_were_working_on_the_canal_at_any_given_moment_and_thousands_of_laborers_died_on_the_project._The_financial_cost_was_over_100,000,000_dollars,_more_than_double_the_initial_estimate.;;;;;;
EVTDESC190419147;The_Panama_Canal_joins_the_Atlantic_Ocean_and_the_Pacific_Ocean_replacing_the_long_and_treacherous_route_around_South_America._Construction_was_first_started_by_the_French_but_later_abandoned_due_to_technical_problems,_financial_mismanagement_and_a_high_deathtoll_of_22,000_thanks_to_tropical_diseases._Construction_was_resumed_by_the_USA_who_finished_it_in_$YEAR$._Even_with_medical_advances_more_than_5,000_workers_died_and_total_cost_was_over_600,000,000_dollars.;Le_canal_de_Panama_relie_l'océan_Atlantique_et_l'océan_Pacifique_remplaçant_la_route_longue_et_dangereuse_autour_de_l'Amérique_du_Sud._La_construction_a_été_commencé_en_1880_par_les_Français,_mais_abandonné_par_la_suite_en_raison_de_problèmes_techniques,_la_mauvaise_gestion_financière_et_d'une_mortalité_élevé_de_22.000_Merci_aux_maladies_tropicales._En_1904,_la_construction_fut_reprise_par_les_États-Unis_qui_l'a_terminée_en_1914._Même_avec_les_progrès_médicaux_plus_de_5.000_ouvriers_sont_morts_et_le_coût_total_a_été_de_plus_600_millions_de_dollars.;The_Panama_Canal_joins_the_Atlantic_Ocean_and_the_Pacific_Ocean_replacing_the_long_and_treacherous_route_around_South_America._Construction_was_first_started_by_the_French_but_later_abandoned_due_to_technical_problems,_financial_mismanagement_and_a_high_deathtoll_of_22,000_thanks_to_tropical_diseases._Construction_was_resumed_by_the_USA_who_finished_it_in_$YEAR$._Even_with_medical_advances_more_than_5,000_workers_died_and_total_cost_was_over_600,000,000_dollars.;The_Panama_Canal_joins_the_Atlantic_Ocean_and_the_Pacific_Ocean_replacing_the_long_and_treacherous_route_around_South_America._Construction_was_first_started_by_the_French_but_later_abandoned_due_to_technical_problems,_financial_mismanagement_and_a_high_deathtoll_of_22,000_thanks_to_tropical_diseases._Construction_was_resumed_by_the_USA_who_finished_it_in_$YEAR$._Even_with_medical_advances_more_than_5,000_workers_died_and_total_cost_was_over_600,000,000_dollars.;The_Panama_Canal_joins_the_Atlantic_Ocean_and_the_Pacific_Ocean_replacing_the_long_and_treacherous_route_around_South_America._Construction_was_first_started_by_the_French_but_later_abandoned_due_to_technical_problems,_financial_mismanagement_and_a_high_deathtoll_of_22,000_thanks_to_tropical_diseases._Construction_was_resumed_by_the_USA_who_finished_it_in_$YEAR$._Even_with_medical_advances_more_than_5,000_workers_died_and_total_cost_was_over_600,000,000_dollars.;The_Panama_Canal_joins_the_Atlantic_Ocean_and_the_Pacific_Ocean_replacing_the_long_and_treacherous_route_around_South_America._Construction_was_first_started_by_the_French_but_later_abandoned_due_to_technical_problems,_financial_mismanagement_and_a_high_deathtoll_of_22,000_thanks_to_tropical_diseases._Construction_was_resumed_by_the_USA_who_finished_it_in_$YEAR$._Even_with_medical_advances_more_than_5,000_workers_died_and_total_cost_was_over_600,000,000_dollars.;The_Panama_Canal_joins_the_Atlantic_Ocean_and_the_Pacific_Ocean_replacing_the_long_and_treacherous_route_around_South_America._Construction_was_first_started_by_the_French_but_later_abandoned_due_to_technical_problems,_financial_mismanagement_and_a_high_deathtoll_of_22,000_thanks_to_tropical_diseases._Construction_was_resumed_by_the_USA_who_finished_it_in_$YEAR$._Even_with_medical_advances_more_than_5,000_workers_died_and_total_cost_was_over_600,000,000_dollars.;The_Panama_Canal_joins_the_Atlantic_Ocean_and_the_Pacific_Ocean_replacing_the_long_and_treacherous_route_around_South_America._Construction_was_first_started_by_the_French_but_later_abandoned_due_to_technical_problems,_financial_mismanagement_and_a_high_deathtoll_of_22,000_thanks_to_tropical_diseases._Construction_was_resumed_by_the_USA_who_finished_it_in_$YEAR$._Even_with_medical_advances_more_than_5,000_workers_died_and_total_cost_was_over_600,000,000_dollars.;;;;;;
EVTDESC190419148;Diseases,_particularly_malaria_and_yellow_fever,_were_one_of_the_primary_difficulties_during_construction_of_the_Panama_Canal._More_than_22,000_were_reported_to_have_died_during_the_French_construction_attempt._In_spite_of_medical_advanves,_more_than_5,600_workers_still_died_during_the_American_construction_years.;Diseases,_particulary_malaria_and_yellow_fever,_were_one_of_the_primary_difficulties_during_construction_of_the_Panama_Canal._More_than_22,000_were_reported_to_have_died_during_the_French_construction_attempt._In_spite_of_medical_advanves,_more_than_5,600_workers_still_died_during_the_American_construction_years.;Diseases,_particulary_malaria_and_yellow_fever,_were_one_of_the_primary_difficulties_during_construction_of_the_Panama_Canal._More_than_22,000_were_reported_to_have_died_during_the_French_construction_attempt._In_spite_of_medical_advanves,_more_than_5,600_workers_still_died_during_the_American_construction_years.;Diseases,_particulary_malaria_and_yellow_fever,_were_one_of_the_primary_difficulties_during_construction_of_the_Panama_Canal._More_than_22,000_were_reported_to_have_died_during_the_French_construction_attempt._In_spite_of_medical_advanves,_more_than_5,600_workers_still_died_during_the_American_construction_years.;Diseases,_particulary_malaria_and_yellow_fever,_were_one_of_the_primary_difficulties_during_construction_of_the_Panama_Canal._More_than_22,000_were_reported_to_have_died_during_the_French_construction_attempt._In_spite_of_medical_advanves,_more_than_5,600_workers_still_died_during_the_American_construction_years.;Diseases,_particulary_malaria_and_yellow_fever,_were_one_of_the_primary_difficulties_during_construction_of_the_Panama_Canal._More_than_22,000_were_reported_to_have_died_during_the_French_construction_attempt._In_spite_of_medical_advanves,_more_than_5,600_workers_still_died_during_the_American_construction_years.;Diseases,_particulary_malaria_and_yellow_fever,_were_one_of_the_primary_difficulties_during_construction_of_the_Panama_Canal._More_than_22,000_were_reported_to_have_died_during_the_French_construction_attempt._In_spite_of_medical_advanves,_more_than_5,600_workers_still_died_during_the_American_construction_years.;Diseases,_particulary_malaria_and_yellow_fever,_were_one_of_the_primary_difficulties_during_construction_of_the_Panama_Canal._More_than_22,000_were_reported_to_have_died_during_the_French_construction_attempt._In_spite_of_medical_advanves,_more_than_5,600_workers_still_died_during_the_American_construction_years.;;;;;;
EVTDESC190419149;Picture_showing_a_fumigation_car_eradicating_disease_carrying_mosquitoes._In_$YEAR$_the_mosquito_was_identified_as_the_vector_of_malaria_and_yellow_fever_by_Cuban_physician_and_scientist_Dr._Carlos_Finlay._In_the_second_construction_attempt_of_the_Panama_Canal_widespread_measures_were_taken_to_prevent_diseases_and_working_conditions_improved_considerably.;Picture_showing_a_fumigation_car_eradicating_disease_carrying_mosquitos._In_1881_the_mosquite_was_identified_as_the_vector_of_malaria_and_yellow_fever_by_Cuban_physician_and_scientist_Dr._Carlos_Finlay._In_the_second_construction_attempt_of_the_Panama_Canal_widespread_measures_were_taken_to_prevent_diseases_and_working_conditions_improved_considerably.;Picture_showing_a_fumigation_car_eradicating_disease_carrying_mosquitos._In_1881_the_mosquite_was_identified_as_the_vector_of_malaria_and_yellow_fever_by_Cuban_physician_and_scientist_Dr._Carlos_Finlay._In_the_second_construction_attempt_of_the_Panama_Canal_widespread_measures_were_taken_to_prevent_diseases_and_working_conditions_improved_considerably.;Picture_showing_a_fumigation_car_eradicating_disease_carrying_mosquitos._In_1881_the_mosquite_was_identified_as_the_vector_of_malaria_and_yellow_fever_by_Cuban_physician_and_scientist_Dr._Carlos_Finlay._In_the_second_construction_attempt_of_the_Panama_Canal_widespread_measures_were_taken_to_prevent_diseases_and_working_conditions_improved_considerably.;Picture_showing_a_fumigation_car_eradicating_disease_carrying_mosquitos._In_1881_the_mosquite_was_identified_as_the_vector_of_malaria_and_yellow_fever_by_Cuban_physician_and_scientist_Dr._Carlos_Finlay._In_the_second_construction_attempt_of_the_Panama_Canal_widespread_measures_were_taken_to_prevent_diseases_and_working_conditions_improved_considerably.;Picture_showing_a_fumigation_car_eradicating_disease_carrying_mosquitos._In_1881_the_mosquite_was_identified_as_the_vector_of_malaria_and_yellow_fever_by_Cuban_physician_and_scientist_Dr._Carlos_Finlay._In_the_second_construction_attempt_of_the_Panama_Canal_widespread_measures_were_taken_to_prevent_diseases_and_working_conditions_improved_considerably.;Picture_showing_a_fumigation_car_eradicating_disease_carrying_mosquitos._In_1881_the_mosquite_was_identified_as_the_vector_of_malaria_and_yellow_fever_by_Cuban_physician_and_scientist_Dr._Carlos_Finlay._In_the_second_construction_attempt_of_the_Panama_Canal_widespread_measures_were_taken_to_prevent_diseases_and_working_conditions_improved_considerably.;Picture_showing_a_fumigation_car_eradicating_disease_carrying_mosquitos._In_1881_the_mosquite_was_identified_as_the_vector_of_malaria_and_yellow_fever_by_Cuban_physician_and_scientist_Dr._Carlos_Finlay._In_the_second_construction_attempt_of_the_Panama_Canal_widespread_measures_were_taken_to_prevent_diseases_and_working_conditions_improved_considerably.;;;;;;
EVTDESC1904191410;A_Marion_steam_shovel_excavating_the_Panama_Canal_in_$YEAR$._The_Panama_Canal,_in_particular_the_Culebra_Cut,_not_only_represented_a_challenge_of_excavation_but_also_transportation._John_Steven,_an_American_engineer,_developed_an_intricate_rail_system_to_move_the_dirt_from_the_excavation_site_to_dump_sites._At_the_peak_of_construction_effort,_25,000_men_removed_a_million_cubic_yards_of_material_every_day.;A_Marion_steam_shovel_excavating_the_Panama_Canal_in_1908._The_Panama_Canal,_in_particular_the_Culebra_Cut,_not_only_represented_a_challenge_of_excavation_but_also_transportation._John_Steven,_an_American_engineer,_developed_an_intricate_rail_system_to_move_the_dirt_from_the_excavation_site_to_dump_sites._At_the_peak_of_construction_effort,_25,000_men_removed_a_million_cubic_yards_of_material_every_day.;A_Marion_steam_shovel_excavating_the_Panama_Canal_in_1908._The_Panama_Canal,_in_particular_the_Culebra_Cut,_not_only_represented_a_challenge_of_excavation_but_also_transportation._John_Steven,_an_American_engineer,_developed_an_intricate_rail_system_to_move_the_dirt_from_the_excavation_site_to_dump_sites._At_the_peak_of_construction_effort,_25,000_men_removed_a_million_cubic_yards_of_material_every_day.;A_Marion_steam_shovel_excavating_the_Panama_Canal_in_1908._The_Panama_Canal,_in_particular_the_Culebra_Cut,_not_only_represented_a_challenge_of_excavation_but_also_transportation._John_Steven,_an_American_engineer,_developed_an_intricate_rail_system_to_move_the_dirt_from_the_excavation_site_to_dump_sites._At_the_peak_of_construction_effort,_25,000_men_removed_a_million_cubic_yards_of_material_every_day.;A_Marion_steam_shovel_excavating_the_Panama_Canal_in_1908._The_Panama_Canal,_in_particular_the_Culebra_Cut,_not_only_represented_a_challenge_of_excavation_but_also_transportation._John_Steven,_an_American_engineer,_developed_an_intricate_rail_system_to_move_the_dirt_from_the_excavation_site_to_dump_sites._At_the_peak_of_construction_effort,_25,000_men_removed_a_million_cubic_yards_of_material_every_day.;A_Marion_steam_shovel_excavating_the_Panama_Canal_in_1908._The_Panama_Canal,_in_particular_the_Culebra_Cut,_not_only_represented_a_challenge_of_excavation_but_also_transportation._John_Steven,_an_American_engineer,_developed_an_intricate_rail_system_to_move_the_dirt_from_the_excavation_site_to_dump_sites._At_the_peak_of_construction_effort,_25,000_men_removed_a_million_cubic_yards_of_material_every_day.;A_Marion_steam_shovel_excavating_the_Panama_Canal_in_1908._The_Panama_Canal,_in_particular_the_Culebra_Cut,_not_only_represented_a_challenge_of_excavation_but_also_transportation._John_Steven,_an_American_engineer,_developed_an_intricate_rail_system_to_move_the_dirt_from_the_excavation_site_to_dump_sites._At_the_peak_of_construction_effort,_25,000_men_removed_a_million_cubic_yards_of_material_every_day.;A_Marion_steam_shovel_excavating_the_Panama_Canal_in_1908._The_Panama_Canal,_in_particular_the_Culebra_Cut,_not_only_represented_a_challenge_of_excavation_but_also_transportation._John_Steven,_an_American_engineer,_developed_an_intricate_rail_system_to_move_the_dirt_from_the_excavation_site_to_dump_sites._At_the_peak_of_construction_effort,_25,000_men_removed_a_million_cubic_yards_of_material_every_day.;;;;;;
EVTDESC1904191411;Forty_tons_of_dynamite_destroys_the_last_barrier_between_the_oceans._More_than_600_holes_filled_with_dynamite_were_fired_daily._In_all,_27,000_tonnes_of_dynamite_were_used.;Forty_tons_of_dynamite_destroys_the_last_barrier_between_the_oceans._More_than_600_holes_filled_with_dynamite_were_fired_daily._In_all,_27,000_tonnes_of_dynamite_were_used.;Forty_tons_of_dynamite_destroys_the_last_barrier_between_the_oceans._More_than_600_holes_filled_with_dynamite_were_fired_daily._In_all,_27,000_tonnes_of_dynamite_were_used.;Forty_tons_of_dynamite_destroys_the_last_barrier_between_the_oceans._More_than_600_holes_filled_with_dynamite_were_fired_daily._In_all,_27,000_tonnes_of_dynamite_were_used.;Forty_tons_of_dynamite_destroys_the_last_barrier_between_the_oceans._More_than_600_holes_filled_with_dynamite_were_fired_daily._In_all,_27,000_tonnes_of_dynamite_were_used.;Forty_tons_of_dynamite_destroys_the_last_barrier_between_the_oceans._More_than_600_holes_filled_with_dynamite_were_fired_daily._In_all,_27,000_tonnes_of_dynamite_were_used.;Forty_tons_of_dynamite_destroys_the_last_barrier_between_the_oceans._More_than_600_holes_filled_with_dynamite_were_fired_daily._In_all,_27,000_tonnes_of_dynamite_were_used.;Forty_tons_of_dynamite_destroys_the_last_barrier_between_the_oceans._More_than_600_holes_filled_with_dynamite_were_fired_daily._In_all,_27,000_tonnes_of_dynamite_were_used.;;;;;;
EVTDESC1904191412;Picture_showing_workers_digging_a_small_canal_through_the_Cucaracha_slide,_a_mass_wasting_of_almost_400,000_cubic_meters_of_clay._Constant_landslides_delayed_the_completion_of_the_Panama_Canal_by_nearly_2_years._One_third_of_all_excavated_material_from_the_Culebra_Cut_was_brought_into_the_cut_by_the_landslides.;Picture_showing_workers_digging_a_small_canal_through_the_Cucaracha_slide,_a_mass_wasting_of_almost_400,000_cubic_meters_of_clay._Constant_landslides_delayed_the_completion_of_the_Panama_Canal_by_nearly_2_years._One_third_of_all_excavated_material_from_the_Culebra_Cut_was_brought_into_the_cut_by_the_landslides.;Picture_showing_workers_digging_a_small_canal_through_the_Cucaracha_slide,_a_mass_wasting_of_almost_400,000_cubic_meters_of_clay._Constant_landslides_delayed_the_completion_of_the_Panama_Canal_by_nearly_2_years._One_third_of_all_excavated_material_from_the_Culebra_Cut_was_brought_into_the_cut_by_the_landslides.;Picture_showing_workers_digging_a_small_canal_through_the_Cucaracha_slide,_a_mass_wasting_of_almost_400,000_cubic_meters_of_clay._Constant_landslides_delayed_the_completion_of_the_Panama_Canal_by_nearly_2_years._One_third_of_all_excavated_material_from_the_Culebra_Cut_was_brought_into_the_cut_by_the_landslides.;Picture_showing_workers_digging_a_small_canal_through_the_Cucaracha_slide,_a_mass_wasting_of_almost_400,000_cubic_meters_of_clay._Constant_landslides_delayed_the_completion_of_the_Panama_Canal_by_nearly_2_years._One_third_of_all_excavated_material_from_the_Culebra_Cut_was_brought_into_the_cut_by_the_landslides.;Picture_showing_workers_digging_a_small_canal_through_the_Cucaracha_slide,_a_mass_wasting_of_almost_400,000_cubic_meters_of_clay._Constant_landslides_delayed_the_completion_of_the_Panama_Canal_by_nearly_2_years._One_third_of_all_excavated_material_from_the_Culebra_Cut_was_brought_into_the_cut_by_the_landslides.;Picture_showing_workers_digging_a_small_canal_through_the_Cucaracha_slide,_a_mass_wasting_of_almost_400,000_cubic_meters_of_clay._Constant_landslides_delayed_the_completion_of_the_Panama_Canal_by_nearly_2_years._One_third_of_all_excavated_material_from_the_Culebra_Cut_was_brought_into_the_cut_by_the_landslides.;Picture_showing_workers_digging_a_small_canal_through_the_Cucaracha_slide,_a_mass_wasting_of_almost_400,000_cubic_meters_of_clay._Constant_landslides_delayed_the_completion_of_the_Panama_Canal_by_nearly_2_years._One_third_of_all_excavated_material_from_the_Culebra_Cut_was_brought_into_the_cut_by_the_landslides.;;;;;;
EVTDESC1904191413;Picture_showing_the_Panama_Canal_Company_Liquidation_Court_Trial_in_$CAPITAL$,_$COUNTRY$._The_Panama_Canal_Scandal_was_a_corruption_affair_that_broke_out_in_$COUNTRY$_in_$YEAR$._Close_to_a_billion_francs_were_lost_when_the_government_took_bribes_to_keep_quiet_about_the_Panama_Canal_Company's_financial_troubles,_in_what_is_regarded_as_the_largest_monetary_corruption_scandal_of_the_19th_century.;Picture_showing_the_Panama_Canal_Company_Liquidation_Court_Trial_in_Paris,_France._The_Panama_Canal_Scandal_was_a_corruption_affair_that_broke_out_in_the_French_Third_Republic_in_1892._Close_to_a_billion_francs_were_lost_when_the_government_took_bribes_to_keep_quiet_about_the_Panama_Canal_Company's_financial_troubles,_in_what_is_regarded_as_the_largest_monetary_corruption_scandal_of_the_19th_century.;Picture_showing_the_Panama_Canal_Company_Liquidation_Court_Trial_in_Paris,_France._The_Panama_Canal_Scandal_was_a_corruption_affair_that_broke_out_in_the_French_Third_Republic_in_1892._Close_to_a_billion_francs_were_lost_when_the_government_took_bribes_to_keep_quiet_about_the_Panama_Canal_Company's_financial_troubles,_in_what_is_regarded_as_the_largest_monetary_corruption_scandal_of_the_19th_century.;Picture_showing_the_Panama_Canal_Company_Liquidation_Court_Trial_in_Paris,_France._The_Panama_Canal_Scandal_was_a_corruption_affair_that_broke_out_in_the_French_Third_Republic_in_1892._Close_to_a_billion_francs_were_lost_when_the_government_took_bribes_to_keep_quiet_about_the_Panama_Canal_Company's_financial_troubles,_in_what_is_regarded_as_the_largest_monetary_corruption_scandal_of_the_19th_century.;Picture_showing_the_Panama_Canal_Company_Liquidation_Court_Trial_in_Paris,_France._The_Panama_Canal_Scandal_was_a_corruption_affair_that_broke_out_in_the_French_Third_Republic_in_1892._Close_to_a_billion_francs_were_lost_when_the_government_took_bribes_to_keep_quiet_about_the_Panama_Canal_Company's_financial_troubles,_in_what_is_regarded_as_the_largest_monetary_corruption_scandal_of_the_19th_century.;Picture_showing_the_Panama_Canal_Company_Liquidation_Court_Trial_in_Paris,_France._The_Panama_Canal_Scandal_was_a_corruption_affair_that_broke_out_in_the_French_Third_Republic_in_1892._Close_to_a_billion_francs_were_lost_when_the_government_took_bribes_to_keep_quiet_about_the_Panama_Canal_Company's_financial_troubles,_in_what_is_regarded_as_the_largest_monetary_corruption_scandal_of_the_19th_century.;Picture_showing_the_Panama_Canal_Company_Liquidation_Court_Trial_in_Paris,_France._The_Panama_Canal_Scandal_was_a_corruption_affair_that_broke_out_in_the_French_Third_Republic_in_1892._Close_to_a_billion_francs_were_lost_when_the_government_took_bribes_to_keep_quiet_about_the_Panama_Canal_Company's_financial_troubles,_in_what_is_regarded_as_the_largest_monetary_corruption_scandal_of_the_19th_century.;Picture_showing_the_Panama_Canal_Company_Liquidation_Court_Trial_in_Paris,_France._The_Panama_Canal_Scandal_was_a_corruption_affair_that_broke_out_in_the_French_Third_Republic_in_1892._Close_to_a_billion_francs_were_lost_when_the_government_took_bribes_to_keep_quiet_about_the_Panama_Canal_Company's_financial_troubles,_in_what_is_regarded_as_the_largest_monetary_corruption_scandal_of_the_19th_century.;;;;;;
EVTDESC1904191414;A_caricature_on_the_scandal._It_reads:_"Few_new_toys_this_year:_we're_liquidating_everything_that_remains_of_the_stock_of_jack-in-the-boxes_that_say:_Papa,_-Nana,_-Mama,_-Panama."_A_concluding_picture_of_the_bankruptcy_was_formed_in_$YEAR$._Some_800,000_$COUNTRY_ADJ$_people,_including_15,000_single_women,_had_signed_for_stocks,_bonds_and_founder_shares_from_the_Panama_Canal_Company,_to_the_sum_of_-_the_then_considerable_amount_of_-_approximately_1,8_billion_gold_Francs.;A_caricature_on_the_scandal._It_reads:_"Few_new_toys_this_year:_we're_liquidating_everything_that_remains_of_the_stock_of_jack-in-the-boxes_that_say:_Papa,_-Nana,_-Mama,_-Panama."_A_concluding_picture_of_the_bankruptcy_was_formed_in_1892._Some_800,000_French_people,_including_15,000_single_women,_had_signed_for_stocks,_bonds_and_founder_shares_from_the_Panama_Canal_Company,_to_the_sum_of_-_the_then_considerable_amount_of_-_approximately_1,8_billion_gold_Francs.;A_caricature_on_the_scandal._It_reads:_"Few_new_toys_this_year:_we're_liquidating_everything_that_remains_of_the_stock_of_jack-in-the-boxes_that_say:_Papa,_-Nana,_-Mama,_-Panama."_A_concluding_picture_of_the_bankruptcy_was_formed_in_1892._Some_800,000_French_people,_including_15,000_single_women,_had_signed_for_stocks,_bonds_and_founder_shares_from_the_Panama_Canal_Company,_to_the_sum_of_-_the_then_considerable_amount_of_-_approximately_1,8_billion_gold_Francs.;A_caricature_on_the_scandal._It_reads:_"Few_new_toys_this_year:_we're_liquidating_everything_that_remains_of_the_stock_of_jack-in-the-boxes_that_say:_Papa,_-Nana,_-Mama,_-Panama."_A_concluding_picture_of_the_bankruptcy_was_formed_in_1892._Some_800,000_French_people,_including_15,000_single_women,_had_signed_for_stocks,_bonds_and_founder_shares_from_the_Panama_Canal_Company,_to_the_sum_of_-_the_then_considerable_amount_of_-_approximately_1,8_billion_gold_Francs.;A_caricature_on_the_scandal._It_reads:_"Few_new_toys_this_year:_we're_liquidating_everything_that_remains_of_the_stock_of_jack-in-the-boxes_that_say:_Papa,_-Nana,_-Mama,_-Panama."_A_concluding_picture_of_the_bankruptcy_was_formed_in_1892._Some_800,000_French_people,_including_15,000_single_women,_had_signed_for_stocks,_bonds_and_founder_shares_from_the_Panama_Canal_Company,_to_the_sum_of_-_the_then_considerable_amount_of_-_approximately_1,8_billion_gold_Francs.;A_caricature_on_the_scandal._It_reads:_"Few_new_toys_this_year:_we're_liquidating_everything_that_remains_of_the_stock_of_jack-in-the-boxes_that_say:_Papa,_-Nana,_-Mama,_-Panama."_A_concluding_picture_of_the_bankruptcy_was_formed_in_1892._Some_800,000_French_people,_including_15,000_single_women,_had_signed_for_stocks,_bonds_and_founder_shares_from_the_Panama_Canal_Company,_to_the_sum_of_-_the_then_considerable_amount_of_-_approximately_1,8_billion_gold_Francs.;A_caricature_on_the_scandal._It_reads:_"Few_new_toys_this_year:_we're_liquidating_everything_that_remains_of_the_stock_of_jack-in-the-boxes_that_say:_Papa,_-Nana,_-Mama,_-Panama."_A_concluding_picture_of_the_bankruptcy_was_formed_in_1892._Some_800,000_French_people,_including_15,000_single_women,_had_signed_for_stocks,_bonds_and_founder_shares_from_the_Panama_Canal_Company,_to_the_sum_of_-_the_then_considerable_amount_of_-_approximately_1,8_billion_gold_Francs.;A_caricature_on_the_scandal._It_reads:_"Few_new_toys_this_year:_we're_liquidating_everything_that_remains_of_the_stock_of_jack-in-the-boxes_that_say:_Papa,_-Nana,_-Mama,_-Panama."_A_concluding_picture_of_the_bankruptcy_was_formed_in_1892._Some_800,000_French_people,_including_15,000_single_women,_had_signed_for_stocks,_bonds_and_founder_shares_from_the_Panama_Canal_Company,_to_the_sum_of_-_the_then_considerable_amount_of_-_approximately_1,8_billion_gold_Francs.;;;;;;
EVTDESC1904191415;In_$YEAR$_the_$COUNTRY_ADJ$_sold_their_equipment_to_the_Americans_for_40_million_dollars.;In_1902_the_French_sold_their_equipment_to_the_Americans_for_40_million_dollars.;In_1902_the_French_sold_their_equipment_to_the_Americans_for_40_million_dollars.;In_1902_the_French_sold_their_equipment_to_the_Americans_for_40_million_dollars.;In_1902_the_French_sold_their_equipment_to_the_Americans_for_40_million_dollars.;In_1902_the_French_sold_their_equipment_to_the_Americans_for_40_million_dollars.;In_1902_the_French_sold_their_equipment_to_the_Americans_for_40_million_dollars.;In_1902_the_French_sold_their_equipment_to_the_Americans_for_40_million_dollars.;;;;;;
EVTDESC19049144;In_order_to_build_a_canal_across_the_Panama_isthmus,_we_will_need_to_come_to_an_agreement_with_the_nation_that_controls_it.;;;;;;;;;;;;;
EVTDESC9049145;$FROMCOUNTRY$_has_approached_us_with_a_treaty_to_build_a_canal_across_the_Panama_isthmus._While_this_would_have_economic_benefits_for_$COUNTRY$,_the_$FROMCOUNTRY_ADJ$_negotiators_have_been_incredibly_aggressive--_and_the_terms_they_offer_are_almost_insulting._If_we_agree,_it_will_anger_the_$COUNTRY_ADJ$_people_and_embarrass_our_country._Is_this_the_act_of_a_close_ally?;;;;;;;;;;;;;
EVTDESC9049147;$COUNTRY_ADJ$_negotiators_are_outraged._The_$FROMCOUNTRY_ADJ$_government_has_refused_our_terms,_fair_though_they_were._Some_have_suggested_this_is_hardly_the_act_of_an_$COUNTRY_ADJ$_ally,_and_that_$FROMCOUNTRY$_can_no_longer_be_trusted._They_say_we_should_aid_the_local_rebels_in_the_isthmus_in_setting_up_an_independent_government_of_their_own,_and_that_such_a_nation_would_be_far_more_agreeable.;;;;;;;;;;;;;
EVTDESC9049148;$FROMCOUNTRY$_has_dealt_us_a_treacherous_hand._Believing_the_Panamanians_will_be_far_more_agreeable_to_their_treaty,_they_have_prompted_the_rebels_to_declare_independence_from_$COUNTRY$_and_actively_prevented_us_from_crushing_them._Some_believe_we_should_give_in_and_repair_relations_with_the_$FROMCOUNTRY_ADJ$_while_we_can._Still_others_say_we_should_fight!;;;;;;;;;;;;;
EVTNAME992221;Massacres of Badr Khan;;;;;;;;;;;;;
EVTDESC992221;Badr_Khan_Bey,_A_Hakkari_Kurdish_Amir,_combined_with_other_Kurdish_forces_led_by_Nurallah,_attacked_the_Christian_Assyrians,_intending_to_burn,_kill,_destroy,_and,_if_possible,_exterminate_the_Assyrians_race_from_the_mountains.;;;;;;;;;;;;;
EVT180000DESC;\n\nNow that the war is over, the question arises whether or not we should allow the slaves we enlisted during the war to remain free, or send them back to work on the plantations. We made a promise to secure their freedom, but wars are a fickle thing, and some sacrifices have to be made for the betterment of the nation.;;;;;;;;;;;;;
EVT181000DESC;\n\nWith the dawn of the twentieth century, slavery in modern countries is fading away due to the prevalence of industry. A mere thirty years ago $COUNTRY_ADJ$ strength may have been founded on the backs of our slaves, but as tractors, automobiles, trains and other machines are making industry replace old mass labor, we have to make a distinct choice. Do we organize our slave economy, favoring it over industrial strength, or do we join the onward march of progress and free ourselves from the shackles that a slave society has forced us into? Just as fifty years ago a great house was divided, so now our $COUNTRY$ must become all one thing, or all the other: strong in the grip of slavery, or strong in the freedom of progress.;;;;;;;;;;;;;
EVT183000DESC;\n\nThe Confederate States of America are offering us our colony of Haiti, to be controlled by our government. This would allow us a stronger presence in the Caribbean and the New World as a whole, so should we accept this offer?;;;;;;;;;;;;;
EVT185000DESC;\n\nWithout a leader, the Atlantic Slave Trade cannot continue. We have no choice but to end our trade, and focus on slavery within the bounds of our own country and neighboring nations - or, should we have the power, we can lead the slave trade in place of the fools who dismantled it.;;;;;;;;;;;;;
EVT186000DESC;\n\nOnce we may have made slavery the centerpiece of our country, but those times have passed. The time of mass labor and the slave trade is over, and we now sever all our attachments to those detestable pieces of our history.;;;;;;;;;;;;;
EVTNAME187000;The Apache Wars;;;;;;;;;;;;;
EVTDESC187000;\n\nIn_order_to_expand_$COUNTRY_ADJ$_hegemony_in_the_former_Native_American_provinces,_there_has_to_be_some_amount_of_integration_or_assimilation._One_group_of_tribes_has_taken_to_this_suggestion_violently,_and_have_begun_organizing_an_uprising.;;;;;;;;;;;;;
EVTOPTA187000;\n\nLet them charge against Dixie steel!;;;;;;;;;;;;;
EVTDESC187100;\n\nThe_leader_of_the_Apache_rebels,_Geronimo,_has_been_imprisoned_and_the_spirit_of_his_people_has_been_broken._Now,_nothing_prevents_us_from_settling_these_lands_we_have_claimed.;;;;;;;;;;;;;
EVT187610DESC;\n\nIn 1854, Elisha Otis demonstrated the first passenger-carrying elevator, an invention which would prove invaluable in the construction of modern, multi-story buildings.;;;;;;;;;;;;;
EVT187620DESC;\n\nLegendary showman (and scam artist) P.T. Barnum opened his first three-ring circus in 1871, beginning a circus craze that would last well into the 20th century. Of course, most of the excitement and the curios he displayed were all fake, but that was all part of the show - and the money.;;;;;;;;;;;;;
EVT187630DESC;\n\nIn order to improve the efficiency of railroads in our nation, we have adopted a system of standard time to prevent any confusion between train stations on the length of our railroad networks. We will name the center of these time-zones "Confederate Standard Time", and we believe that this idea will be well-liked by similarly minded countries.;;;;;;;;;;;;;
EVT187640DESC;\n\nPioneered by men like Scott Joplin and Ernest Hogan, ragtime is a genre of music that began amongst African-Americans in the South. Afterwards, it became widely known and widely played on piano, and had a key role in popularizing new music recording methods and the later genre of jazz.;;;;;;;;;;;;;
EVT187650DESC;\n\nBlues music, like ragtime and jazz before it, was first played and composed by Afro-American musicians of the American South. While jazz enjoyed popularity amongst blacks and whites in the 1920s and 1930s, blues was mostly relegated to black listeners until after the Second World War. It was arguably formed as a musical genre in 1912 with the publishing of Hart Wand's "Dallas Blues", but has its roots in traditional slave songs of the 19th century. Most famously, blues later became the bedrock for the most popular musical sensation of them all: rock n' roll.;;;;;;;;;;;;;
EVT187660DESC;\n\nThough the North always was the industrial center of America, in the Deep South there was the city of New Orleans, always full of sound and lights. The epitome of southern prosperity, New Orleans was a hub of trade and immigration, and at its peak was the third largest city in the entire United States.;;;;;;;;;;;;;
EVT187670DESC;\n\nThe city of New Orleans always has had an association with the festival of Mardi Gras, a Christian cultural celebration taking place prior to the season of Lent brought to the area by French Catholic colonists. Normally it is meant to be just a single day of celebrations, but in New Orleans the colorful and energetic Mardi Gras can last for several days more. Mardi Gras was recognized as an official state holiday of Louisiana in 1875.;;;;;;;;;;;;;
EVT187680DESC;\n\nPoliteness, etiquette, and the warm comforts of home: these define the ideal of Southern hospitality, and is a major characterizing point of our nation. People are expected to respect their neighbors and use polite terms even when addressing strangers. Some feel that this is an act put on to cover up Southern flaws such as slavery and widespread poverty, but its nature can be traced back to the traditional Christian moral influence on the Southern states before secession. Regardless, it's made a good mark on our country, and we're proud of it.;;;;;;;;;;;;;
EVT187690DESC;\n\nFounded in 1871, the National Rifle Association was originally a set of shooting clubs organized to improve the marksmanship of American soldiers. After the Civil War, it was noted that few shots fired actually hit their targets, so improved drill was in order. These shooting clubs improved skill with firearms, and contributed to the military as a whole moving away from the classic style of rank and file warfare, which put focus on volume of fire rather than accuracy. Within a few decades, firearms and marksmanship became a proud part of the country's culture.;;;;;;;;;;;;;
EVT188000DESC;\n\nAn infestation of boll weevils has struck our cotton crops in $PROVINCENAME$! Farmers are fearing that our supply of cotton won't last with this insect terrorizing our provinces, and many are suggesting that we abandon cotton to focus on different trade goods. Should we follow their advice, or try to recover the cotton?;;;;;;;;;;;;;
EVT188100DESC;\n\nRising up from the south, the boll weevil is a dreadful little insect that seems to have little interest in anything but planting its eggs in cotton flowers and buds. Regardless of its origins, it poses a major threat to our cotton industry, and must be stopped at all costs. For the time being, though, we fear that there may be no direct way of containing the insect, not on a large scale.;;;;;;;;;;;;;
EVT187700DESC;\n\nOne hundred years ago, the Thirteen Colonies organized and succeeded in their rebellion against their British colonial oppressors, forming the United States of America on the 4th of July, 1776. We have seen this country through fire and water, but by God, we will never let America fall. Now unto the end of time, the United States will be a shining name in the pages of history, a beacon of freedom and democracy in the world. Today of all days, we truly should be proud.;;;;;;;;;;;;;
EVT187710DESC;\n\nTraveling along the western trails into California, a $COUNTRY_ADJ$ wagon group known as the Donner party has been discovered... or, at least, what is left of it. The people of the Donner party were stranded in the wilderness for so long that their minds were lost, and they succumbed to cannibalism and other savage acts. With the revelation of this news, the world can now see the mortifying reality of life in Western America.;;;;;;;;;;;;;
EVT187720DESC;\n\nDue to recent heavy rainfall and the negligence of a local construction company, a dam on the Little Conemaugh River has burst, flooding and decimating Johnstown, Pennsylvania. The cleanup costs will be higher than any disaster we've seen before, and more importantly, the people will soon be looking for someone to place the blame upon. The government could step in and take care of everything in place of the local industrialists and clubs that may have caused the flood, or we can require that the groups pay from their own pockets to fix their mistake.;;;;;;;;;;;;;
EVT187730DESC;\n\nThough our war with the Confederate States is far from over, it isn't going either poorly or well. However, that doesn't stop the war from being a contentious issue, and in New York most notably the people have staged an uprising against the local government, demanding that the strict conscription practices in place for the war be rescinded. We're in the middle of a war, so we have to choose some way to deal with them, without sacrificing our draft. The question is, are these riots worth putting down, or are our other concerns far greater?;;;;;;;;;;;;;
EVT187740DESC;\n\nJames Madison, fourth president of the United States of America and the man titled "The Father of the Constitution", was a key figure in the founding of our nation. On June 28th, 1836, he passed away - much to the chagrin of those close to him, who wished for him to follow the "tradition" of Thomas Jefferson and John Adams, who both died on Independence Day.;;;;;;;;;;;;;
EVT187750DESC;\n\nThe Gulf of Mexico is no stranger to extreme wind and rain, but in 1900, a certain hurricane blew away any old records. The storm decimated Galveston, Texas, and reached the Canadian Maritimes before dissipating completely. In cost of lives and money, few other disasters can compare, and this is an especially heavy blow for the coastal areas of the Gulf and Texas.;;;;;;;;;;;;;
EVT187760DESC;\n\nA man going by the name of Doctor Howard Henry Holmes has been apprehended and executed after murdering up to two-hundred people after the last $COUNTRY_ADJ$ World's Fair. According to police reports, he built up a so-called "Murder Castle" in $CAPITAL$, killing primarily young women that he lured to his lair. Using legitimate medical contacts he was able to dispose of the bodies, and for a long time he remained far out of suspicion. Only after leaving the city due to economic troubles did Holmes end up being captured, as a result of alleged horse theft. Afterwards the truth of his grisly crimes came to light, and he was sentenced to death.;;;;;;;;;;;;;
MISSFLOOD1DESC;\n\nAlong the Missouri River and the Upper Mississippi, heavy rainfall and inadequate preparation have led to major floods, the worst in decades. With the increasing population of $COUNTRY$ especially in the areas around the Mississippi and its tributaries, it is becoming increasingly important to develop a set of levees and ditches to prevent high water from wiping out whole towns.;;;;;;;;;;;;;
MISSFLOOD2DESC;\n\nNot long after last decade's horrendous floods along the Upper Mississippi, there has been another year of rain and subsequent floods along the very same Mississippi River. We had prepared and made sure riverside towns were prepared for any threat of flooding, but this time the floods hit mostly rural and new colonial towns, which hadn't yet managed to create systems of levees to cope with rising water levels.;;;;;;;;;;;;;
MISSFLOOD3DESC;\n\nThe worst floods yet have hit many of our cities, no matter how high we built the levees nor how low and long we dug the ditches. New Orleans, shining gem of Louisiana, has been dealt a heavy blow, along with cities and regions all along the mighty Mississippi River. Even modern technology could not save us, and so we can only pray that something of this scale never happens again to our country.;;;;;;;;;;;;;
EVT189000DESC;\n\nOur country is now a slave state of $FROMCOUNTRY$, and our government now functions solely to operate the mechanisms of the vile slave trade. There is no freedom left in $COUNTRY$.;;;;;;;;;;;;;
EVTOPTA189000;Liberty has been stolen from our country.;;;;;;;;;;;;;
BOLLWEEVILMENACE;A New Menace;;;;;;;;;;;;;
EVTOPTA188100;We are not faced with the lesser of two weevils, that is for sure.;;;;;;;;;;;;;
MISSFLOODTITLE;Flood on the Mississippi!;;;;;;;;;;;;;
EVTOPTA187750;No man could have prepared for this disaster.;;;;;;;;;;;;;
EVTOPTA187770;We should have prepared better for this! What happened to those levees?;;;;;;;;;;;;;
EVTOPTA187774;...the levees weren't strong enough.;;;;;;;;;;;;;
EVTOPTA187778;I don't think we could have done anything to stop this.;;;;;;;;;;;;;
WEEVILINFEST;Boll Weevil Infestation;;;;;;;;;;;;;
WFMURDER;Murder at the World's Fair!;;;;;;;;;;;;;
EVTOPTA187760;What kind of twisted madman would do this?;;;;;;;;;;;;;
GALVESTONTITLE;Galveston Hurricane;;;;;;;;;;;;;
FATHERCONSTITUTION;Father of the Constitution;;;;;;;;;;;;;
EVTOPTA187740;This man helped make our nation, and he will be missed.;;;;;;;;;;;;;
NYDRAFTRIOTS;New York Draft Riots;;;;;;;;;;;;;
EVTOPTA187730;We cannot afford to have soldiers put down these riots. Let them end themselves.;;;;;;;;;;;;;
EVTOPTB187730;Send in the troops. We won't let civilians ruin our war effort.;;;;;;;;;;;;;
JTOWNFLOOD;The Johnstown Flood;;;;;;;;;;;;;
EVTOPTA187720;Force the dam owners to pay reparations to any survivors.;;;;;;;;;;;;;
EVTOPTB187720;Hold the dam owners blameless. This was an act of God, not a liability.;;;;;;;;;;;;;
DONNERPARTY;The Donner Party;;;;;;;;;;;;;
EVTOPTA187710;How could such horror occur in our country?;;;;;;;;;;;;;
USACENTENNIAL;One Hundred Years of Freedom!;;;;;;;;;;;;;
EVTOPTA187700;Let all Americans celebrate our nation's centennial!;;;;;;;;;;;;;
NRATITLE;The National Rifle Association;;;;;;;;;;;;;
EVTOPTA187690;These clubs will help the sorry state of our army, and win us prestige.;;;;;;;;;;;;;
EVTOPTB187690;Shut them down. If they want arms, let them become soldiers.;;;;;;;;;;;;;
SOUTHERNHSPT;Southern Hospitality;;;;;;;;;;;;;
EVTOPTA187680;Treat all our own people like family.;;;;;;;;;;;;;
EVTOPTB187680;Open our arms to our neighbors, and bring them into our home.;;;;;;;;;;;;;
MARDIGRASTITLE;Festival of Mardi Gras;;;;;;;;;;;;;
EVTOPTA187670;Let the good times roll!;;;;;;;;;;;;;
NEWORLEANSTITLE;La Nouvelle-Orleans;;;;;;;;;;;;;
EVTOPTA187665;Long live the jewel of the South!;;;;;;;;;;;;;
BLUESBABYBLUES;Rise of the Blues;;;;;;;;;;;;;
EVTOPTA187650;Nothing important will come out of this new music.;;;;;;;;;;;;;
RAGTIMENJAZZ;Ragtime and Jazz;;;;;;;;;;;;;
EVTOPTA187640;What kind of backwards noise is this?;;;;;;;;;;;;;
CENTRALTIMEZONE;Standard Time Adopted;;;;;;;;;;;;;
EVTOPTA187630;I reckon this just came right on time.;;;;;;;;;;;;;
BARNUMPARTYTENT;The Greatest Show on Earth!;;;;;;;;;;;;;
EVTOPTA187620;There's a sucker born every minute.;;;;;;;;;;;;;
ELISHAELEVATOR;The Passenger Elevator!;;;;;;;;;;;;;
EVTOPTA187610;Raise me up, Elisha!;;;;;;;;;;;;;
GERONIMOSURRENDER;Geronimo Surrenders;;;;;;;;;;;;;
EVTOPTA187100;Finally, we can assimilate them into the Confederate nation.;;;;;;;;;;;;;
SLAVETRADEEND;An End to the Slave Trade;;;;;;;;;;;;;
EVTDESC186500;\n\nWith_the_abolition_of_slavery_in_our_country,_so_too_will_we_block_the_world's_slave_trade.;;;;;;;;;;;;;
EVTOPTA186500;Slavery is no more, for the good of our nation! §GLose 4 infamy§W;;;;;;;;;;;;;
MASSLABOUROVER;Mass Labor Outlawed;;;;;;;;;;;;;
EVTOPTA186000;We've moved past our old barbaric ways once and for all. §GLose 1 infamy§W;;;;;;;;;;;;;
SLAVETRADEOVERBAD;Slave Trade Ended!;;;;;;;;;;;;;
EVTOPTA185000;This is an outrage!;;;;;;;;;;;;;
NEWSLAVES;Newly Arrived Slaves;;;;;;;;;;;;;
NEWSLAVESOPTION;Get them to work.;;;;;;;;;;;;;
EVTDESC187800;\n\nBritain,_the_world's_leader_in_enforcing_the_end_of_slavery,_has_caused_us_a_bitter_defeat._They_have_used_their_political_force_to_demand_that_we_end_the_practice_of_slavery_in_$COUNTRY$,_and_in_our_position,_there_is_little_that_can_be_done.;;;;;;;;;;;;;
EVTDESC187810;\n\n$FROMCOUNTRY$_has_brought_an_end_to_slavery_in_their_country_thanks_to_British_diplomacy!;;;;;;;;;;;;;
SLAVEENDBRITISH;Slavery Ended in $FROMCOUNTRY$!;;;;;;;;;;;;;
EVTDESC187820;With_the_renegade_states_at_our_capital_and_the_White_House_in_ruins,_we_have_no_choice_but_to_move_the_center_of_our_nation_to_somewhere_more_secure._We_could_either_make_Philadelphia_the_capital_once_again,_or_we_could_opt_to_move_to_Boston,_another_historically_important_city.;;;;;;;;;;;;;
EVTDESC187830;The_Confederate_Americans_have_already_pushed_into_our_heartlands,_and_now_they_have_laid_claim_to_our_capital_in_Mexico_City._We_have_no_choice_now_but_to_move_our_administration_to_Morelia,_the_Spanish_colonial_capital_from_before_Mexico's_independence.;;;;;;;;;;;;;
EVTDESC187840;\n\nOur_people_have_taken_to_singing_songs_in_the_streets,_protesting_the_war_we're_fighting._These_songs_have_gained_a_lot_of_traction_amongst_the_populace_thanks_to_our_tradition_for_freedom_of_speech,_but_if_this_goes_unchecked_the_populace_might_lose_all_enthusiasm_for_the_war_entirely.;;;;;;;;;;;;;
EVTDESC187850;\n\nLong_have_we_had_strong_ties_with_the_Confederate_States_of_America,_and_many_Dixies_find_themselves_at_home_here_in_Brazil._We_hope_to_see_even_closer_ties_between_our_two_countries_in_the_future,_for_mutual_benefit.;;;;;;;;;;;;;
EVTDESC187860;\n\nLong_have_we_had_strong_ties_with_Brazil,_and_many_Brazilians_find_themselves_at_home_here_in_the_Confederate_States_of_America._We_hope_to_see_even_closer_ties_between_our_two_countries_in_the_future,_for_mutual_benefit.;;;;;;;;;;;;;
EVTDESC187870;\n\nWith_the_loss_of_our_colonies_in_Hispaniola_and_Puerto_Rico,_there_really_is_no_point_in_maintaining_slavery_in_this_modernizing_world._Rather_than_a_step_forward_in_the_name_of_liberty,_this_is_more_or_less_a_formality,_but_certainly_the_people_won't_see_the_difference.;;;;;;;;;;;;;
EVTDESC187880;Historically,_Brazil_and_the_Confederate_States_of_America_enjoyed_warm_relations,_even_during_the_Civil_War._Shall_we_foster_an_alliance_between_these_two_nations?;;;;;;;;;;;;;
EVTDESC187890;\n\nThere_are_a_growing_number_of_Freemasons_within_Brazilian_churches,_which_is_nominally_prohibited_in_Catholicism_-_they_exist_most_commonly_within_Lay_Fraternities,_which_are_generally_charitable_organizations_chiefly_associated_with_local_churches,_though_technically_independent_in_their_operation._Historically,_however,_the_church_in_Brazil_has_been_an_apparatus_of_the_state,_rather_than_being_independent,_thus_making_religious_issues_in_Brazil_matters_of_the_state,_not_the_Catholic_Church._Local_bishops_have_been_calling_for_Freemason_clergymen_to_resign,_including_a_man_named_Dom_Vital,_who_has_issued_an_interdict_against_certain_Lay_Fraternities_that_have_refused_to_have_their_Freemason_brothers_resign,_preventing_any_sacraments_from_being_celebrated_within_these_Fraternity_buildings._This_goes_against_the_state_control_of_the_Church,_so_the_Lay_brothers_say,_and_is_a_direct_challenge_to_government_power_considering_that_certain_members_of_Parliament_are_noted_Freemasons.;;;;;;;;;;;;;
EVTDESC187892;\n\nDom_Vidal_has_refused_to_annul_his_controversial_interdict,_and_has_been_joined_in_protest_by_the_bishop_Antonio_de_Macedo_Costa,_who_has_recently_passed_a_similar_interdict_against_uncooperative_Lay_Fraternities._This_refusal_could_be_used_as_a_reason_to_arrest_and_imprison_the_bishops,_hopefully_preventing_them_from_causing_more_trouble_in_the_future,_and_to_remove_them_as_challenges_to_the_authority_of_the_state.;;;;;;;;;;;;;
EVTDESC187894;\n\nVidal_and_Costa_have_been_imprisoned_for_acting_against_the_power_of_the_sovereign_Brazilian_state,_causing_shock_and_anger_amongst_the_Catholic_populace_in_the_country._The_New_Prime_Minister,_a_Freemason_and_a_Catholic_himself,_has_called_for_his_own_resignation_in_the_case_that_amnesty_is_not_granted_to_Costa_and_Vidal._We_have_little_choice_at_this_point,_considering_that_keeping_the_bishops_in_prison_would_only_lead_to_the_government_crumbling._It_seems_we've_been_dragged_into_a_situation_in_which_we_cannot_end_things_positively.;;;;;;;;;;;;;
EVTDESC187900;\n\nWith_the_Civil_War_having_swung_in_favor_of_the_Confederate_States,_there_is_a_growing_secessionist_movement_in_the_city_of_New_York,_with_locals_calling_for_New_York_City_to_leave_the_Union_and_follow_its_own,_independent_path._With_each_passing_day_this_movement_gains_more_popularity,_and_this_certainly_will_cause_a_problem_in_the_future.;;;;;;;;;;;;;
EVTDESC187901;\n\nThe_inevitable_has_come_to_pass._The_city_of_New_York_has_ordered_a_referendum_amongst_the_people,_calling_for_secession_from_the_United_States_of_America._The_results,_legitimate_or_otherwise,_show_that_the_people_of_New_York_are_overwhelmingly_in_favor_of_secession,_and_the_city's_officials_have_made_it_abundantly_clear_that,_should_independence_be_denied,_there_will_be_another_Civil_War_at_hand.;;;;;;;;;;;;;
EVTDESC187902;\n\nWe_are_at_war_for_our_freedom!_This_conflict_will_not_be_an_easy_one,_but_there_certainly_must_be_other_countries_that_can_aid_us_in_achieving_the_independence_that_we_need._Shall_we_seek_them_out,_or_face_American_wrath_alone?;;;;;;;;;;;;;
EVTDESC187903;\n\nCivil_war_rages_in_America,_and_the_people_of_New_York_City_have_requested_that_we_aid_them_in_their_conflict._If_we_choose_to_do_so,_it_may_anger_people_within_our_own_country_who_seek_independence,_and_certainly_the_Americans_will_be_less_than_pleased.;;;;;;;;;;;;;
EVTDESC187904;\n\nDiplomats_from_$FROMCOUNTRY$_have_declared_that_their_nation_is_fully_in_support_of_New_York's_independence,_and_that_we_can_expect_to_see_$FROMCOUNTRY_ADJ$_military_and_economic_aid_in_the_times_to_come.;;;;;;;;;;;;;
NYALLYTITLE;$FROMCOUNTRY$ Stands With Us!;;;;;;;;;;;;;
EVTDESC187905;\n\nAt_last,_we_have_earned_our_independence_from_the_tyranny_of_the_United_States._We_are_free_to_define_our_own_destiny,_to_forge_the_path_we_choose_as_we_march_into_the_future._May_the_light_of_freedom_forever_shine_upon_New_York!;;;;;;;;;;;;;
EVTDESC187910;\n\nInspired_by_the_liberal_revolutions_in_Europe,_a_party_of_Liberals_in_Brazil,_calling_themselves_the_Praieiros,_has_begun_stirring_up_tensions_in_our_country._They_hope_to_bring_an_end_to_slavery,_and_also_expand_Brazilian_voting_rights,_in_order_to_make_a_more_free_country.;;;;;;;;;;;;;
EVTDESC187914;\n\nThe_young_Dom_Pedro_II,_Emperor_of_Brazil,_is_yet_too_young_to_rule_the_country,_due_to_his_father_abdicating_in_1831_in_order_to_restore_his_daughter_Maria_to_her_rightful_throne_of_Portugal._Until_the_child_Emperor_is_of_age,_the_country_will_be_looked_over_by_parliamentary_officials_and_a_court_of_regents.;;;;;;;;;;;;;
EVTDESC187916;Dom_Pedro_II,_the_Magnanimous,_has_passed_away_this_morning._The_people_of_Brazil_loved_him_until_the_very_end,_and_his_impeccable_rulership_brought_a_true_golden_age_to_the_Empire_of_Brazil._Working_towards_the_cause_of_abolition_and_civil_freedom,_Dom_Pedro_made_many_influential_friends,_with_his_various_associates,_from_Friedrich_Nietzsche_and_Alexander_Graham_Bell_to_Victor_Hugo_and_Charles_Darwin._An_intellectual_and_a_devoted_emperor,_in_his_later_years_he_found_himself_disappointed_with_the_role_of_a_ruler,_so_perhaps_with_his_passing_he_has_achieved_the_happiness_that_eluded_him_all_his_life._His_last_words_were_'May_God_grant_me_these_last_wishes:_peace_and_prosperity_for_Brazil!';;;;;;;;;;;;;
EVTDESC187917;The_imperial_administration_of_Dom_Pedro_II_has,_with_the_recent_coup_and_overthrow_of_the_government,_been_reduced_to_dust._The_emperor_has_officially_and_willingly_abdicated_the_throne,_and_has_not_tried_to_retake_it_or_resist_the_end_of_the_Empire._Government_of_the_country_is_being_transferred_to_a_council_of_able_governors,_and_the_royal_family_of_Brazil_and_Portugal_are_hereby_exiled_from_this_country_for_ever_more.;;;;;;;;;;;;;
EVTDESC187925;\n\nA_free_man_of_black_ancestry_has_given_a_speech_at_a_national_university._Many_were_impressed_by_his_eloquence_and_the_intelligence_in_his_arguments_against_slavery,_saying_that_"in_a_land_of_freedom,_we_celebrate_the_sight_of_a_man_in_chains"._He_could_become_a_major_force_in_the_cause_of_abolitionism,_and_already_pro-slave_politicians_have_demanded_that_his_speeches_be_censored.;;;;;;;;;;;;;
EVTTITLE187926;Progressive Society in $PROVINCENAME$;;;;;;;;;;;;;
EVTDESC187926;\n\nCapitalists_have_formed_what_they_call_a_"Progressive_Society"_in_$PROVINCENAME$,_hoping_to_bring_an_end_to_slavery._Their_reasoning_is_that_slavery,_as_a_rural,_plantation-based_economic_model,_has_no_place_in_a_nation_attempting_to_industrialize_and_compete_in_the_modern_economy.;;;;;;;;;;;;;
EVTTITLE187930;$PROVINCENAME$ Slaves and Marx;;;;;;;;;;;;;
EVTDESC187930;\n\nIn_the_plantation_fields_of_$PROVINCENAME$,_the_sound_of_"The_Internationale"_can_be_heard_more_loudly_and_frequently_than_old_slave_songs._Many_working_slaves,_having_learned_to_read,_have_also_learned_about_the_philosophies_of_men_like_Karl_Marx,_and_his_vision_of_a_world_without_social_classes._What_they_intend_should_be_obvious,_considering_their_situation_in_our_country.;;;;;;;;;;;;;
EVTTITLE187935;Cheap Labor in $PROVINCENAME$!;;;;;;;;;;;;;
EVTDESC187935;\n\nFactories_dot_the_landscape_where_once_there_used_to_be_plantations_and_farms_that_ran_on_the_blood_and_sweat_of_slaves._In_this_new_$COUNTRY$,_though,_employers_have_begun_hiring_cheap_workers,_often_immigrants,_because_the_cost_of_keeping_slaves_has_become_unsustainable_for_many._Arguments_could_be_made_against_them_that_they_are_sabotaging_the_economy,_but_in_a_free_economy,_they_have_the_right_to_employ_whomever_they_choose.;;;;;;;;;;;;;
EVTDESC187940;\n\nTwo_Confederate_diplomats,_hoping_to_establish_good_relations_with_our_country,_are_aboard_the_HMS_Trent._We_have_received_urgent_news_lately,_however,_that_the_American_USS_San_Jacinto_has_intercepted_the_Trent_and_taken_the_diplomats_as_prisoners._This_can_be_seen_as_an_act_of_war_on_British_territory,_and_many_are_calling_for_an_American_apology_and_reparations_for_this_insult.;;;;;;;;;;;;;
EVTDESC187942;\n\nWe_have_received_word_that_the_British,_after_their_HMS_Trent_was_commandeered_by_a_Union_captain_on_the_USS_San_Jacinto._The_Trent_is_carrying_two_Confederate_diplomats,_en_route_to_Britain_and_France,_no_doubt_in_order_to_coerce_them_into_joining_the_war._The_British_are_demanding_an_apology_from_our_officials_and_the_immediate_release_of_the_diplomats,_and_have_been_making_isolated_showings_of_force_along_the_Canadian_border.;;;;;;;;;;;;;
EVTDESC187943;\n\nDelegates_from_the_United_States_have_apologized_and_released_the_two_Confederate_envoys_into_British_care._They_made_several_demonstrations_that_they_would_not_interfere_with_British_shipping_in_any_way_in_the_future,_and_our_own_officials_came_back_quite_pleased_with_the_meeting._Of_course,_at_this_point_we_certainly_cannot_join_the_Confederates,_or_offer_them_any_support,_in_light_of_tense_Anglo-American_relations_as_a_result_of_the_Trent_affair.;;;;;;;;;;;;;
EVTDESC187944;\n\nThe_United_States_has_begun_to_position_troops_along_its_border_with_our_colony_in_Canada,_making_it_clear_that_they_will_not_back_down._Official_delegates_from_the_United_States_government_declare_that_what_they_did_was_only_an_act_of_war_against_the_Confederates,_but_if_British_diplomats_press_the_Trent_issue,_then_the_Union_will_consider_Britain_on_the_side_of_the_Confederate_secessionists,_and_react_accordingly._It_seems_that_there_is_no_choice_now_but_war.;;;;;;;;;;;;;
EVTDESC187918;\n\nIn_the_Brazilian_navy,_the_use_of_the_dreaded_lash_to_discipline_soldiers_has_been_officially_banned_for_several_years._However,_many_white_officers_still_use_it_to_keep_their_typically_black,_sometimes_even_ex-slave_crews_in_line,_causing_accusations_of_institutionalized_discrimination_in_the_military._Several_all-black_crews_have_recently_revolted_against_their_officers,_taken_control_of_their_ships,_and_are_in_port_outside_Rio_de_Janeiro,_threatening_to_bombard_the_city._They_are_demanding_amnesty_and_reparations,_and_an_end_to_discrimination,_a_promise_we_may_not_be_able_to_completely_deliver.;;;;;;;;;;;;;
EVTDESC187919;\n\nThough_the_Atlantic_slave_trade_has_been_dismantled_by_the_British,_many_traders_in_Brazil_have_found_ways_to_smuggle_slaves_into_our_country._Here_in_$PROVINCENAME$,_new_slaves_have_been_sold_into_plantations;_they_may_improve_our_economy,_but_the_British_may_eventually_catch_on_if_we_don't_put_an_end_to_this.;;;;;;;;;;;;
EVTDESC187920;\n\nNear_the_Bagagem_River,_a_young_slave_girl_has_found_a_priceless_treasure:_a_massive_diamond,_certainly_one_of_the_biggest_in_the_world._The_girl,_for_finding_this_gem,_has_been_granted_her_freedom,_and_since_then_the_diamond,_called_the_Star_of_the_South,_has_come_into_our_possession.;;;;;;;;;;;;;
EVTDESC187921;\n\nIn_order_to_protect_the_scenery_and_nature_of_the_$COUNTRY_ADJ$_wilderness,_a_service_has_been_created_to_allow_the_flora_and_fauna_of_this_country_to_thrive_unhindered._This_National_Parks_Service_will_prevent_the_natural_environment_from_being_unnecessarily_overrun_by_human_development,_and_will_show_to_$COUNTRY$,_her_people,_and_the_world,_the_true_beauty_of_the_wilderness.;;;;;;;;;;;;;
EVTDESC187922;\n\nDue_to_its_fertile_farmland,_fair_weather,_close_access_to_the_Pacific_and_abundance_of_natural_resources_-_including_gold!_-_the_state_of_California_is_rapidly_booming_in_population,_showing_an_unprecedented_demographic_increase_due_to_natural_increase_and_mass_immigration._California_will_be_an_integral_part_of_$COUNTRY$_in_no_time,_and_this_upward_trend_does_not_look_to_be_ending_soon.;;;;;;;;;;;;;
EVTDESC187923;\n\nBeing_a_constitutional_monarch,_our_Emperor_Dom_Pedro_II_has_quite_a_lot_of_time_to_travel_the_world_and_meet_the_many_personalities_therein._With_his_daughter_Isabel_at_home_as_his_regent,_Dom_Pedro_is_able_to_visit_Egypt,_Britain,_Austria_and_France,_speaking_with_intellectuals_and_even_ordinary_people._He_always_demands_that_he_is_treated_as_just_a_man,_and_not_an_emperor,_and_he_has_gained_considerable_fame_overseas.;;;;;;;;;;;;;
EVTDESC187924;\n\nCalifornia's_population_has_drastically_increased_over_a_short_period_of_time,_and_while_for_a_time_this_was_one_of_the_largest_migrations_in_our_country's_history,_it_has_now_begun_to_slow,_to_a_trickle._California_is_still_booming,_but_perhaps_not_as_strongly_as_before.;;;;;;;;;;;;;
EVTNAME44304;The Assassination of D'Arcy McGee;;;;;;;;;;;;;
EVTDESC44304;\n\nThomas_D'Arcy_McGee,_an_esteemed_Canadian_nationalist,_journalist,_and_politician,_has_been_assassinated_in_Ottawa!_An_Irish_Catholic_plot_is_suspected.;;;;;;;;;;;;;
EVTOPTA44304;We mourn his death.;;;;;;;;;;;;;
EVTOPTB44304;They shall hang for their crimes!;;;;;;;;;;;;;
EVTNAME44307;Klondike Gold Rush;;;;;;;;;;;;;
HAI_2214;Hispaniola Orientale;;;;;;;;;;;;;
HAI_2213;Hispaniola Occidentale;;;;;;;;;;;;;
EVTDESC44307;A_shipment_of_gold_ore_from_the_Dawson_region_has_caused_a_frenzy_all_over_North_America._Miners_are_pouring_into_the_area,_seeking_to_make_a_fortune.;;;;;;;;;;;;;
EVTOPTA44307;We should increase our presence in this area.;;;;;;;;;;;;;
EVTNAME44308;Robert Service;;;;;;;;;;;;;
EVTDESC44308;There_are_strange_things_done_in_the_midnight_sun\nBy_the_men_who_moil_for_gold\nThe_Arctic_trails_have_their_secret_tales\nThat_would_make_your_blood_run_cold\nThe_Northern_Lights_have_seen_queer_sights\nBut_the_queerest_they_ever_did_see\nWas_the_night_on_the_marge_of_Lake_Lebarge\nI_cremated_Sam_McGee\n\nRobert_Service_was_one_of_the_first_distinctly_Canadian_poets._After_publishing_"The_Songs_of_a_Sourdough",_a_collection_of_poems_inspired_by_his_life_in_the_wake_of_the_Klondike_gold_rush,_he_was_hailed_as_the_"Canadian_Kipling".;;;;;;;;;;;;;
EVTOPTA44308;Our nation is the luckier for having him.;;;;;;;;;;;;;
EVTNAME700002;Carlos López Takes Power;;;;;;;;;;;;;
EVTDESC700002;\n\nAfter_the_death_of_dictator_de_Francia,_and_a_brief_period_of_political_confusion_with_various_military_juntas,_Carlos_Antonio_López_came_to_power_in_1841._He_asked_the_legislature_to_revise_the_Constitutional_Governmental_Regulations._Years_later,_a_new_constitution_granted_López_powers_as_broad_as_those_Francia_had_used_to_govern._Congress_could_make_and_interpret_the_laws,_but_only_the_President_could_order_that_they_be_promulgated_and_enforced._The_constitution_placed_no_restrictions_on_the_powers_of_the_president,_beyond_limiting_his_term_of_office_to_ten_years._The_constitution_also_included_no_guarantee_of_civil_rights._There_was_no_mention_of_the_word_liberty_in_the_entire_text._Despite_this_limitation,_Congress_subsequently_named_López_dictator_for_life.;;;;;;;;;;;;;
EVTOPT700002A;For the glory of Paraguay!;;;;;;;;;;;;;
EVTOPT700002B;Try to fight for democracy!;;;;;;;;;;;;;
EVTNAME4661006;Bolivian-Argentine Border Treaty;;;;;;;;;;;;;
EVTDESC4661006;\n\nThe_border_between_Bolivia_and_Argentina_has_long_been_under_influence_of_Caudillos_from_both_countries,_the_provinces_being_raided_and_conquered_numerous_times._The_Bolivians_conquered_Cochinoca,_an_Argentine_province,_using_the_attempt_to_stop_Argentinian_Caudillos_from_raiding_Bolivia's_countryside_as_the_justification._After_the_recent_war_the_Argentine_took_Cochinoca_and_Tarija,_the_latter_being_claimed_by_some_Argentine_northern_Caudillos_as_being_part_of_Argentina_but_that_province_long_has_been_under_the_rule_of_Bolivia_and_has_mainly_a_Bolivian_population._Now_with_the_post-war_peace_talks,_our_diplomats_proposed_that_we_raise_the_question_of_the_settlement_of_the_borders_between_Bolivia_and_Argentina._The_best_deal_we_can_get_by_our_diplomats_calculations_is_to_offer_to_renounce_all_our_claims_in_Cochinoca,_Equia,_Jujuy_and_Salta_in_exchange_for_the_return_of_Tarija_and_their_renouncement_of_their_claims_in_that_province.;;;;;;;;;;;;;
EVTOPT4661006A;Make the proposal.;;;;;;;;;;;;;
EVTOPT4661006B;We will not renounce our claims.;;;;;;;;;;;;;
EVTDESC4661007;\n\nThe_border_between_Bolivia_and_Argentina_has_long_been_under_influence_of_Caudillos_from_both_countries,_the_provinces_being_raided_and_conquered_numerous_times._The_Bolivians_conquered_Cochinoca,_an_Argentine_province,_using_the_attempt_to_stop_Argentinian_Caudillos_from_raiding_Bolivia's_countryside_as_the_justification._After_the_recent_war_we_took_Cochinoca_and_Tarija,_the_latter_being_claimed_by_some_northern_Caudillos_as_being_part_of_Argentina_but_that_province_long_has_been_under_the_rule_of_Bolivia_and_has_mainly_a_Bolivian_population._Now_with_the_post-war_peace_talks,_the_question_of_the_settlement_of_the_borders_between_Bolivia_and_Argentina_was_raised_by_the_Bolivian_government._They_offer_to_renounce_all_their_claims_in_Cochinoca,_Equia,_Jujuy_and_Salta_in_exchange_for_the_return_of_Tarija_and_our_renouncement_of_our_claims_in_that_province.;;;;;;;;;;;;;
EVTOPT4661007A;We agree with their proposal. §GLose 2 infamy§W;;;;;;;;;;;;;
EVTOPT4661007B;We will not renounce our spoils of war. §RGain 5 infamy§W;;;;;;;;;;;;;
EVTNAME4661008;Argentina Agrees;;;;;;;;;;;;;
EVTDESC4661008;\n\nThe_Argentines_agreed_to_our_proposal_and_Tarija_is_being_returned_to_us.;;;;;;;;;;;;;
EVTOPT4661008A;Great news!;;;;;;;;;;;;;
EVTNAME44371;New Capital of the Golden Circle?;;;;;;;;;;;;;
EVTDESC443701;\n\nWhile_Richmond_has_long_been_the_capital_of_the_Confederation,_many_of_us_believe_the_Golden_Circle_deserves_a_more_fitting_capital._Shall_we_move_it_to_the_Jewel_of_the_South,_New_Orleans,_or_to_the_originally_porpused_capital_of_the_Knights_of_the_Golden_Circle,_Havana?_Or_perhaps_we_should_stay_in_Richmond?;;;;;;;;;;;;;
EVTNAME44372;The Motor City;;;;;;;;;;;;;
EVT44372DESC;In 1903, Henry Ford founded the Ford Motor Company. Ford's manufacturing established Detroit's status in the early 20th century as the world's automotive capital. The growth of the auto industry was reflected by changes in businesses throughout the Midwest and nation, and the golden age of Detroit has begun.;;;;;;;;;;;;;
EVTNAME44373;Texas - USA Border Agreement;;;;;;;;;;;;;
EVTDESC44373;\n\nAlthough_we_refused_to_join_the_Union,_and_decided_seek_the_path_of_an_independent_Texas,_good_relations_with_the_United_States_are_important_to_presevre_our_freedom._Selling_Colorado_to_them_might_change_their_oponion_of_us,_and_could_be_the_first_step_of_a_close_relationship_between_the_two_countries.;;;;;;;;;;;;;
EVTNAME44374;Texas - USA Border Agreement;;;;;;;;;;;;;
EVTDESC44374;\n\nTexas_offered_us_Colorado_for_reasonable_price._An_agreement_like_this_might_come_good_to_establish_good_relations_between_our_nations.;;;;;;;;;;;;;
EVTNAME44375;Texas - USA Border Agreement;;;;;;;;;;;;;
EVTDESC44375;\n\nThe_United_States_accepted_our_offer_and_we_sold_them_Colorado.;;;;;;;;;;;;;
EVTNAME44376;Texas - USA Border Agreement;;;;;;;;;;;;;
EVTDESC44376;\n\nThe_United_States_refused_our_offer_to_sell_them_Colorado.;;;;;;;;;;;;;
EVTNAME44377;War of the Pacific;;;;;;;;;;;;;
EVTDESC44377;A_fighting_broke_out_when_Chilean_entrepreneurs_and_mine-owners_in_Antofagasta_Region,_belonging_to_Peru_and_Bolivia,_respectively,_resisted_new_taxes,_the_formation_of_monopoly_companies,_and_other_impositions._We_should_take_advantage_of_this_crisis_to_take_back_our_rightful_clay_and_weaken_Peru_and_Bolivia_in_order_to_strengthen_our_own_strategic_preeminence_on_the_Pacific_Coast.;;;;;;;;;;;;;
EVTNAME16002;Battle of Fort Sumter;;;;;;;;;;;;;
EVTDESC16002;Brig._Gen._Beauregard,_in_command_of_the_provisional_Confederate_forces_at_Charleston,_South_Carolina,_demanded_the_surrender_of_the_Union_garrison_of_Fort_Sumter_in_Charleston_Harbor._Garrison_commander_Anderson_refused._Confederate_batteries_opened_fire_on_the_fort,_which_was_unable_to_reply_effectively._At_2:30_pm,_after_3_days_of_siege,_Major_Anderson_surrendered_Fort_Sumter,_evacuating_the_garrison_on_the_following_day._The_bombardment_of_Fort_Sumter_was_the_opening_engagement_of_the_American_Civil_War.;;;;;;;;;;;;;
EVTNAME45103;The Dominican Independence;;;;;;;;;;;;;
EVTDESC45103;\n\nLa_Trinitaria_Society_was_victorious_and_our_independence_is_now_complete._We_remained_independent_long_enough_for_the_world_to_recognize_us_as_a_sovereign_state!;;;;;;;;;;;;;
EVT45103OPTA;Viva la República Dominicana!;;;;;;;;;;;;;
EVTNAME90951;Slave Demographics;;;;;;;;;;;;;
EVTDESC90951;With_the_final_heads_counted,_the_slave_owners_of_our_country_reported_to_our_government_the_changes_in_the_slave_population.;;;;;;;;;;;;;
EVTOPTA90951;Until next time.;;;;;;;;;;;;;
EVTNAME110010;The Great Famine of 1870-1871;;;;;;;;;;;;;
EVTDESC110010;The_great_famine_of_1870-1871_was_arguably_the_most_tragic_event_in_the_modern_economic_and_social_history_of_Persia._Over_wide_areas_of_the_country_almost_no_rain_fell_during_the_winter_of_1869/70_and_in_many_areas_dry-farming_crops_were_wiped_out._The_drought_was_followed_the_next_year_by_a_very_sharp_rise_in_grain_prices._As_one_might_expect_bread_riots_broke_out_and_social_unrest_gripped_the_cities_while_mortality_broke_all_expectations.;;;;;;;;;;;;;
EVT110010OPTA;Profit from it!;;;;;;;;;;;;;
EVT110010OPTB;We cannot afford to do anything.;;;;;;;;;;;;;
EVT110010OPTC;We must save those poor souls at any cost!;;;;;;;;;;;;;
EVTDESC232000000;\n\nOne_of_our_explorers_found_a_massive_body_of_water_in_Africa,_and_he_claims_that_it's_the_true_source_of_the_Nile!_Upon_preliminary_reports,_it_seems_that_what_was_found_is_a_huge_lake_that_might_as_well_be_the_source_of_the_Nile._What_should_we_name_it?;;;;;;;;;;;;;
EVTOPTA232000000;Name it after our ruler.;;;;;;;;;;;;;
EVTOPTB232000000;Name it after one of our national heroes.;;;;;;;;;;;;;
EVTOPTC232000000;Name it after a famous battle.;;;;;;;;;;;;;
EVTOPTD232000000;Name it after our country.;;;;;;;;;;;;;
EVTOPTE232000000;Name it after a great city.;;;;;;;;;;;;;
EVTDESC201000;\n\nWhen_the_Panama_Canal_was_planned,_several_expeditions_were_sent_in_the_regions_of_Central_America._The_inhabitants_of_the_large_jungles_of_Yucatan_narrate_stories_of_old_cities_and_treasures._Adventurers_and_tomb_raiders_crossed_this_area_and_found_ruins_or_steles._This_news_maybe_interesting_for_our_Archaeologists.;;;;;;;;;;;;;
EVTNAME201002;The Gold of the Inca;;;;;;;;;;;;;
EVTDESC201002;The_discovery_of_Machu_Picchu_has_generated_newly_interest_in_affairs_considering_an_archaeological_expedition_in_the_Andes_Mountains._The_legendary_tales_of_hidden_cities,_vast_gold_treasures_and_valuable_artifacts_are_only_an_illusion,_and_an_X_never,_ever_marks_the_spot._However,_prominent_archaeologists_advise,_that_it_could_be_in_our_national_interest_to_examine_the_things_in_the_Andes_carefully...;;;;;;;;;;;;;
EVTNAME201020;A Hidden Chamber;;;;;;;;;;;;;
EVTDESC201020;Our_archaeologists_in_Egypt_have_found_a_tomb,_which_seemed_plundered_by_tomb_raiders._But_when_they_made_further_investigations,_they_found_a_chamber_behind_a_false_wall_-_full_with_ancient_artifacts.;;;;;;;;;;;;;
EVTNAME201003;Archaeological Expedition;;;;;;;;;;;;;
EVTDESC201003;\n\nA_foreign_power_has_asked_for_access_to_the_jungle_region_of_Yucatan._An_expedition_of_archaeologists_was_send,_lead_by_representative_of_the_National_$FROMCOUNTRY_ADJ$_Museum._They_are_willing_to_pay_and_are_also_willing_to_share_some_of_their_newly_made_discoveries.;;;;;;;;;;;;;
EVTNAME201004;$FROMCOUNTRY$ Gives Access;;;;;;;;;;;;;
EVTDESC201004;\n\nThe_government_of_$FROMCOUNTRY$_has_decided_to_give_full_access_regarding_our_expedition_in_the_jungle_of_Yucatan._Our_researches_can_begin.;;;;;;;;;;;;;
EVTNAME201005;$FROMCOUNTRY$ Denies Access;;;;;;;;;;;;;
EVTDESC201005;\n\nUnfortunately,_$FROMCOUNTRY$_has_refused_to_give_us_access_to_the_jungle_of_Yucatan._That_was_an_official_statement_of_the_$FROMCOUNTRY_ADJ$_Minister_of_foreign_affairs._Nevertheless,_there_may_be_still_a_chance_to_get_a_permission._Our_diplomats_were_able_to_talk_with_some_deputies,_who_would_talk_with_the_$FROMCOUNTRY_ADJ$_head_of_state._But_without_bribing_and_a_share_of_our_research_findings,_it_will_be_impossible_to_convince_him._And_if_we_succeed,_we_will_be_viewed_as_dishonest_in_the_archaeological_and_international_scene.;;;;;;;;;;;;;
EVTNAME201006;Presents from $FROMCOUNTRY$;;;;;;;;;;;;;
EVTDESC201006;\n\n$FROMCOUNTRY_ADJ$_diplomats_made_an_offer_that_we_can_refuse._They_are_willing_to_pay_the_fivefold_price,_and_will_us_give_even_more_access_to_their_examination._However,_we_will_be_seen_as_a_corrupt_country_in_the_archaeological_scene.;;;;;;;;;;;;;
EVTNAME201007;Archaeological Expedition;;;;;;;;;;;;;
EVTDESC201007;\n\nA_foreign_power_has_asked_for_access_to_the_Andes_Mountains._An_expedition_of_archaeologists_was_send,_lead_by_representative_of_the_National_$FROMCOUNTRY_ADJ$_Museum._They_are_willing_to_pay_and_are_also_willing_to_share_some_of_their_newly_made_discoveries.;;;;;;;;;;;;;
EVTNAME201008;$FROMCOUNTRY$ Gives Access;;;;;;;;;;;;;
EVTDESC201008;\n\nThe_government_of_$FROMCOUNTRY$_has_decided_to_give_full_access_regarding_our_expedition._Our_researches_can_begin.;;;;;;;;;;;;;
EVTNAME201009;$FROMCOUNTRY$ Denies Access;;;;;;;;;;;;;
EVTDESC201009;\n\nUnfortunately,_$FROMCOUNTRY$_has_refused_to_give_us_access_to_the_Andes.;;;;;;;;;;;;;
EVTNAME201010;Archaeological Expedition;;;;;;;;;;;;;
EVTDESC201010;\n\nA_foreign_power_has_asked_for_access_to_the_old_ruins_of_Mesopotamia._An_expedition_of_archaeologists_was_send,_lead_by_representative_of_the_National_$FROMCOUNTRY_ADJ$_Museum._They_are_willing_to_pay_and_are_also_willing_to_share_some_of_their_newly_made_discoveries.;;;;;;;;;;;;;
EVTNAME201011;$FROMCOUNTRY$ Gives Access;;;;;;;;;;;;;
EVTDESC201011;\n\nThe_government_of_$FROMCOUNTRY$_has_decided_to_give_full_access_regarding_our_expedition_in_the_region_of_Mesopotamia._Our_researches_can_begin.;;;;;;;;;;;;;
EVTNAME201012;$FROMCOUNTRY$ Denies Access;;;;;;;;;;;;;
EVTDESC201012;\n\nThe_evil_$FROMCOUNTRY_ADJ$_are_not_willing_to_give_us_access._In_fact,_they_have_denied_us_every_right_to_visit_their_lands_for_now_and_forever!;;;;;;;;;;;;;
EVTNAME201013;Archaeological Exhibition;;;;;;;;;;;;;
EVTDESC201013;\n\n$COUNTRY$_has_become_a_leading_nation_in_the_field_of_Archaeology._Excavations_are_held_in_many_exotic_places,_and_our_National_Museum_in_$CAPITAL$_has_become_a_major_place_of_archaeological_artifacts._A_highly_regarded_exhibition_is_held_this_week,_to_celebrate_our_newly_made_research_in_Africa,_Asia_and_Southern_America._In_fact,_$COUNTRY_ADJ$_archaeologists_are_highly_regarded_in_the_world._Precious_artifacts,_amazing_sarcophaguses_and_ancient_steles_or_sculptures_are_exposed_by_them_on_this_occasion._People_of_our_nation,_neighbors,_and_even_other_great_powers_are_guests._Our_efforts_cause_recognition,_pride_and_envy.;;;;;;;;;;;;;
EVTNAME201014;Archaeological Exhibition;;;;;;;;;;;;;
EVTDESC201014;\n\nIn_$FROMCOUNTRY$,_a_major_archaeological_exhibition_is_held._Finest_artifacts_and_spectacular_items_are_exposed,_and_it_seems,_that_it_becomes_a_worldwide_event._Our_own_scientists_are_ashamed.;;;;;;;;;;;;;
EVTNAME201015;$COUNTRY$, a Backward Country?;;;;;;;;;;;;;
EVTDESC201015;\n\nThe_last_archaeological_exhibition_was_not_without_it_side_effects._We_were_mocked_as_"backward_scientists"._Without_excavations_and_expeditions,_our_prestige_has_suffered_in_the_international_scene._To_make_things_worse:_we_lack_even_the_basics_of_archaeological_science._If_we_want_to_catch_up,_we_must_better_our_methods_and_educate_a_new_generation_of_scientists._But_without_practice,_we_won't_get_further._As_we_can't_get_access_to_the_exotic_places_of_this_world,_a_commission_has_proposed_to_gain_experience_in_a_local_excavation._If_we_have_an_organized_and_professional_troop_of_archaeologists,_we_may_have_more_chances_in_the_future.;;;;;;;;;;;;;
EVTNAME201017;Local Excavation;;;;;;;;;;;;;
EVTDESC201017;\n\nIt_seems,_that_after_years_of_practicing_and_studying,_our_scientists_have_found_an_interesting_place,_which_was_mostly_neglected_in_the_past._After_weeks_of_work,_we_have_managed_to_find_old_tombs_of_a_prehistoric_times._Our_archaeologists_have_gained_experience_and_are_looking_forward._It_seems,_that_we_have_started_our_own_archaeological_project.;;;;;;;;;;;;;
EVTNAME201018;Archaeological Society;;;;;;;;;;;;;
EVTDESC201018;\n\nModern_science_is_on_the_rise._$COUNTRY$,_a_highly_regarded_nation_of_historians,_philologues_and_archaeologists,_is_well-known_for_its_researches._The_$COUNTRY_ADJ$_Archaeological_Institute_was_founded_today_as_an_association_of_these_groups_to_make_our_efforts_even_more_effective.;;;;;;;;;;;;;
EVTNAME201019;A Famous Archaeologist;;;;;;;;;;;;;
EVTDESC201019;\n\nA_member_of_our_Archaeological_society_has_become_a_leading_expert_with_worldwide_reputation_and_many_successful_excavations_all_around_the_world._He_introduced_new_methods_and_wrote_a_guide_for_future_generations._He_is_seen_as_the_most_talented_man_in_this_field,_and_$COUNTRY$_is_proud_of_his_famous_son.;;;;;;;;;;;;;
EVTNAME201021;An Old Stele;;;;;;;;;;;;;
EVTDESC201021;\n\nDeep_in_the_jungle,_our_archaeologists_have_found_an_old_stele_of_the_classical_period._This_artifact_is_not_only_a_wonderful_piece_of_art,_but_will_give_us_new_insight_in_the_ancient_world_of_the_Mayas.;;;;;;;;;;;;;
EVTNAME201022;Mysterious Maya Pyramid;;;;;;;;;;;;;
EVTDESC201022;\n\nHaze_lays_above_the_forests_and_hills_of_Yucatan._The_mist_clears_up,_as_our_expedition_keeps_going_through_the_wild_and_awkward_jungle._Jaguars_and_other_ferocious_beasts_are_living_in_this_unspoiled_nature._Savages_has_hunted_a_group_of_our_team_and_injured_many._They_were_doomed._Others_were_infected_by_Malaria,_victims_of_the_feared_and_bloodthirsty_Mosquitos._Only_a_little_grouplet_of_three_persons_has_survived_the_exertions._The_leader,_a_man_with_three-day_stubble_and_a_bull-whip_in_his_hand,_gives_a_sign_to_rest_for_a_while._Steles_and_rocks_with_engravings._The_whole_territory_is_marked_by_them._The_archaeologist's_eyes_flit_over_stairs,_destroyed_and_mossy._The_ancient_ruin_of_a_Maya_pyramid._He_pricks_up_his_ears,_as_one_of_the_heavers_raises_his_hand_and_shouts:_"Hombre,_I_think_I_found_the_entrance!";;;;;;;;;;;;;
EVTDESC201023;\n\nOur_expedition_has_found_an_ancient_Maya_Pyramid_in_the_middle_of_the_jungle_of_Yucatan._And_even_more,_our_chief-archaeologist,_René_Emile_Belloq,_was_able_to_get_a_holy_idol,_which_was_coincidentally_in_the_hand_of_a_fedora-wearing_American_archaeologist._Unfortunately,_this_poor_man_was_slain_by_savages_of_the_local_Hovito_tribe,_as_Belloq_affirms._Now,_this_wonderful_idol_will_be_our_new_tourist_attraction_in_the_Mesoamerican_section_of_the_Louvre!;;;;;;;;;;;;;
EVTNAME201025;Expedition Members Eaten by Dinosaurs?;;;;;;;;;;;;;
EVTDESC201025;\n\nThe_members_of_our_last_expedition_in_the_unexplored_jungles_of_Yucatan_have_returned_without_success._The_survivors,_emaciated,_pale_and_littered_with_scars,_have_lost_even_their_equipment_and_are_happy_that_they_were_able_to_return._But_the_director_of_the_Archaeological_Museum_rose_his_eyebrows,_when_they_were_forced_to_tell,_what_happened_to_the_other_team_members,_the_heavers_and_the_equipment._The_leading_archaeologists_shouted_like_a_maniac,_made_wild_gesticulations_and_told,_that_they_were_lost_in_a_hidden_valley,_in_the_middle_of_the_jungle,_unknown_to_anyone._In_this_valley,_prehistoric_animals_like_dinosaurs_and_other_extinct_creatures_lived_and_attacked_the_expedition._He_continued_his_fantastic_story,_becoming_even_more_exaggerated,_and_was_finally_brought_in_a_sanatory._We_don't_know_what_happened,_but_this_man_has_clearly_lost_his_mind._Now_we_must_start_from_the_scratch._;;;;;;;;;;;;;
EVTNAME201026;El Mirador Discovered;;;;;;;;;;;;;
EVTDESC201026;\n\nRuins_in_the_jungle_as_far_as_the_eye_can_reach._These_remains_are_old_-_very_old,_as_our_archaeologists_affirm._This_huge_city_is_one_of_the_biggest_places_ever_found_in_Yucatan,_and_it_dates_back_to_pre-classical_times._El_Mirador,_one_of_the_oldest_and_greatest_settlements_of_the_Mayan_culture,_was_rediscovered_by_$COUNTRY_ADJ$_archaeologists.;;;;;;;;;;;;;
EVTNAME201027;A Mayan Riddle;;;;;;;;;;;;;
EVTDESC201027;\n\nFootsteps_resound_in_the_hall._Light_is_rare,_only_a_torch_illuminates_engraved_walls._Silence._You_go_farther,_through_a_corridor._Observing_the_plates_on_the_ground,_the_roots_of_enormous_trees,_which_break_through_the_collapsed_ceiling._An_amazing_place._You_take_a_breath._A_breath_of_history,_which_floatens_this_atmosphere._Then,_after_minutes_of_walking_through_mossy_corridors,_you_find_a_monumental_gate,_decorated_with_faces_and_hieroglyphs._A_short_view_in_your_book_later,_you_are_able_to_read_what_the_Mayas_wrote_centuries_ago_on_this_wall._It's_a_riddle:_"The_farmer_needs_it/_the_capitalist_loves_it/_and_builds_even_factories/_but_you_hate_it./_If_you_stockpile_the/_most_useless_good_in/_the_world_you_will/_uncover_the_truth.";;;;;;;;;;;;;
EVTNAME201028;The Idol;;;;;;;;;;;;;
EVTDESC201028;\n\nYou_fetch_your_bag_with_fertilizer._(Every_$COUNTRY_ADJ$_archaeologist_has_his_bag_with_fertilizer_with_him,_as_everyone_knows,_because_of_the_famous_$COUNTRY_ADJ$_Fertilizer_Decree,_which_enforces_every_archaeologist_to_take_a_bag_of_fertilizer_with_him,_because_nobody_in_the_world_wants_to_buy_it_and_$COUNTRY$_searches_ways_to_get_rid_of_it.)_In_front_of_you_stands_an_altar._Gold_sparkles_in_the_glimmering_light._An_Mayan_idol._A_skeptical_look_to_it._A_look_to_the_bag._You_weigh_the_bag_in_your_hand,_estimating_the_weight_of_the_idol._Fertilizer_runs_out_of_the_bag._It_is_now_lighter._You_are_waiting_for_the_moment,_staring_at_the_idol,_the_bag_with_fertilizer_in_the_left_hand,_your_right_hand_on_the_head_of_the_artifact.;;;;;;;;;;;;;
EVTNAME201029;It's a Trap!;;;;;;;;;;;;;
EVTDESC201029;\n\nYou_are_able_to_replace_the_idol._The_bag_of_fertilizer_lays_on_the_altar._You_look_in_the_face_of_the_strange_idol,_enjoying_the_beauty_of_Mayan_art._Savoring_this_moment,_only_for_a_little_while._Noises._Brutal,_loud_noises_interrupt_the_scene._You_look_upward._Something_has_changed._The_muffled_noise_becomes_louder._Something_is_rolling._Something_big._Very_big._A_gigantic_stone_ball!;;;;;;;;;;;;;
EVTDESC201030;\n\nYou_escape_through_the_corridors,_the_idol_in_your_right_hand,_but_the_trap_is_triggered._A_gigantic_stone_ball_is_rolling_right_behind_you!;;;;;;;;;;;;;
EVTNAME201031;An Evil Frenchman;;;;;;;;;;;;;
EVTDESC201031;\n\nWith_a_last_jump_you_are_able_to_reach_the_exit_of_the_pyramid,_landing_in_the_grass_of_the_jungle_-_and_cornered_by_Mesoamerican_Indios._A_voice_with_a_soft_French_accent_sounds_in_the_near._A_man_in_white_clothes_looks_at_you,_amused_by_your_escape._"It_is_nice_to_meet_you._But_I_think,_this_artifact_should_be_in_better_hands_than_yours."_You_are_forced_to_surrender,_as_the_heavers_were_killed_by_the_tribe._"Too_bad_the_Hovitos_don't_know_you_the_way_I_do"_is_your_only_response._Your_are_able_to_flee_-_but_without_the_idol.;;;;;;;;;;;;;
EVTNAME201032;Leaving the Pyramid;;;;;;;;;;;;;
EVTDESC201032;\n\nOn_your_way_out_of_the_pyramid,_you_clutch_at_a_root_in_the_ceiling._The_idol_in_the_left,_the_root_in_the_right,_the_stone_ball_rolls_under_your_shoes,_through_the_corridor,_and_crashes_in_the_jungle._You_slump_down,_following_the_devastation._As_you_reach_the_exit,_you_see_smashed_bodies_of_Indios,_scattered_spears_and_weapons._It_seems,_that_someone_prepared_an_ambush,_which_was_dissolved_by_the_huge_ball._Not_sure,_what_happened_here,_but_now,_that_the_expedition_was_a_full_success,_it_is_time_to_return_to_$CAPITAL$!;;;;;;;;;;;;;
EVTNAME201033;An Archive of Cuneiform Tablets;;;;;;;;;;;;;
EVTDESC201033;\n\nClay_tablets_were_used_as_writing_medium_in_the_ancient_middle_east._Imprinted_cuneiform_characters_can_give_us_a_whole_new_viewing_of_the_old_times_of_Babylonia._Satisfyingly,_our_archaeologists_have_found_a_whole_archive_of_old_tablets_on_their_last_expedition._They_believe,_that_this_archive_was_part_of_a_large_palace_of_an_unknown_ruler.;;;;;;;;;;;;;
EVTNAME201034;Sumerian Palace Found;;;;;;;;;;;;;
EVTDESC201034;\n\nToday_is_an_exceptional_day_for_the_$COUNTRY_ADJ$_archaeology._After_months_of_research_and_excavations,_our_team_has_found_an_old_palace,_dating_back_to_Sumerian_times._Our_archaeologists_estimate,_that_this_structures_are_over_5000_years_old!;;;;;;;;;;;;;
EVTNAME201035;Mesopotamian Expedition Failed;;;;;;;;;;;;;
EVTDESC201035;\n\nThe_archaeological_team_in_Mesopotamia_is_in_a_bad_crisis._It_seems,_that_the_place_of_research_was_miscalculated_by_the_chief-archaeologists._In_fact,_they_have_searched_for_month_at_the_false_place,_finding_nothing_and_remaining_only_with_dirt_in_their_hands._That_is_a_heavy_setback_for_the_$COUNTRY_ADJ$_archaeology.;;;;;;;;;;;;;
EVTNAME201036;The Tower of Babel;;;;;;;;;;;;;
EVTDESC201036;\n\nScientific_research_and_aerial_photos_leave_no_doubt:_Babylon,_once_a_myth_and_known_in_the_west_only_as_a_decadent_city_mentioned_in_the_Bible,_is_now_a_well_known_place_of_modern_archaeology._The_Hanging_Gardens_of_Semiramis_and_a_large_palace_were_found_and_carefully_examined._Archives_full_of_clay_tablets_were_translated._But_the_most_prestigious_trove_was_the_discovery_by_an_$COUNTRY_ADJ$_archaeologist,_who_confirmed_that_even_the_legendary_Tower_of_Babel_is_not_a_fable,_but_has_historical_roots._A_large_building_was_found,_believed_as_the_example_for_the_story_in_the_Bible._;;;;;;;;;;;;;
EVTNAME201040;Preparations;;;;;;;;;;;;;
EVTDESC201040;\n\nThe_Andes_are_rough_and_dangerous._Our_archaeologists_should_be_well_equipped_before_we_send_them_in_the_mountains._A_list_of_goods_was_made,_which_the_expedition_demands._We_should_prepare_1_airplane,_1_off-road_vehicle,_2_units_of_canned_food_and_3_barrels_of_fuel.;;;;;;;;;;;;;
EVTNAME201041;The Expedition Begins;;;;;;;;;;;;;
EVTDESC201041;\n\nThe_Peruvian_sun_scorches_our_skin._We_have_left_Cusco_one_week_ago,_entering_the_endless_lands_of_mountains._The_majesty_of_the_Andes_is_overwhelming,_and_the_ravines_deep_like_the_gorges_of_hell._Henry,_my_fellow_student_from_twenty_years_ago,_has_joined_this_journey_to_undiscovered_lands._His_nose_and_eyes_are_deepened_in_a_book._"So,_this_was_the_way_they_took?",_he_asks_en_passant._"No_wonder_they_got_lost."_My_only_response_is_a_nod._Henry_is_an_experienced_archaeologist,_a_highly_regarded_personality._Unlike_me,_he_was_able_to_climb_the_career_ladder._They_say,_that_he_would_be_able_to_find_Alexander's_tomb_in_a_second,_only_wandering_in_its_near_-_when_others_dug_for_centuries,_only_excavating_some_old_chicken_bones._"The_aeroplane_is_ready",_I_mention,_wiping_the_sweat_from_my_eyebrows._It's_the_moment,_when_Henry_puts_his_book_away._"Aeroplane?",_sounds_his_voice_skeptically,_"I_don't_like_them._You_know,_I_get_sick_in_these_darn_machines._What_about_the_car_the_government_offered_us?";;;;;;;;;;;;;
EVTNAME201042;An Old Bridge;;;;;;;;;;;;;
EVTDESC201042;\n\nI_follow_Henry's_advice._I'm_the_official_leader_of_this_expedition,_but_I_know_Henry's_aversion_against_these_new_technologies._When_we_began_with_our_studies_at_the_university,_our_professors_put_us_for_days_in_dirty_holes,_only_equipped_with_a_rusty_shovel_and_outdated_instruments._Now,_everything_has_changed._The_methods,_the_equipment._Even_a_car._"That's_a_fine_kind_of_traveling",_Henry_says,_leaning_in_the_cushioned_seat_beside_me,_viewing_the_panorama._Maybe_I_must_correct_myself_-_some_technologies_seem_to_please_even_Henry._But_than,_we_are_forced_to_make_a_stop._A_river_cuts_the_hills_in_front_of_us,_and_only_an_old_bridge_connects_both_sides._It_is_obvious_that_we_can't_go_on_the_other_side_with_our_vehicle._The_bridge_seems_in_a_bad_condition,_only_made_of_ragged_ropes._I_look_in_Henry's_direction._"And_now?_What_shall_we_do?";;;;;;;;;;;;;
EVTNAME201043;Crossing the Bridge;;;;;;;;;;;;;
EVTDESC201043;\n\nThe_ropes_make_noises,_as_we_have_decided_to_left_the_car_behind_and_cross_the_bridge._We_have_shouldered_our_equipment._We_make_one_step_after_another,_looking_only_forward._The_noises_become_louder._"Maybe_that_was_not_the_the_best_idea",_I_suggest._Henry_doesn't_give_an_answer._His_hands_are_trembling._His_hands_staring_to_the_ropes._"The_ropes!_The_ropes_are_ripping_-_go_back,_before_the_whole_bridge_collapses!"_But_his_warnings_are_to_late._It_seems,_that_we_have_overloaded_the_old_bridge,_tearing_the_ropes_in_pieces._Yelling_and_cryings_later,_clutching_the_salvaging_ropes_with_both_hands,_we_dangle_above_the_abyss,_seeing_our_equipment_falling_in_the_depth_of_Andean_valleys._We_are_save,_hanging_at_the_clip,_but_lost_our_equipment._An_idea_comes_to_our_mind:_this_bridge_was_an_Incan_trap._And_without_our_provisions_we_are_forced_to_give_up.;;;;;;;;;;;;;
EVTNAME201044;Lost in the Mountains;;;;;;;;;;;;;
EVTDESC201044;\n\nTaking_the_vehicle_wasn't_the_best_thing_we_could_do._Now,_that_we_have_been_for_days_in_the_Andes,_we_realize_that_the_steep_and_inhospitable_mountains_are_not_made_for_such_a_technology._There_are_no_more_streets_we_can_take,_and_we_are_running_out_of_fuel._Even_our_provisions_are_used_up.;;;;;;;;;;;;;
EVTNAME201045;Peruvian Sky;;;;;;;;;;;;;
EVTDESC201045;\n\nIt_was_not_easy_to_persuade_Henry,_but_after_hours_of_discussion_he_indulges._We_take_the_'Atalanta',_an_aircraft_which_the_government_provided_us._After_the_take-off,_Henry_takes_his_diary,_searching_the_bookmark_in_it._"Manco_Capac",_he_notes._"The_$COUNTRY_ADJ$_state_is_searching_for_his_remains?_I_didn't_know_that_there_are_such_optimists_in_the_government."_His_voice_has_turned_in_a_sarcastic_mood._Henry_searched_the_last_five_years_for_a_sign_of_the_legends_associated_with_Manco_Capac._Manco_Capac,_the_last_glorious_King_of_the_Incas._He_fought_the_Spanish_in_a_rebellion._He_moved_from_Cusco_to_Vilcabamba_and_made_the_latter_city_his_new_capital._The_last_capital_of_the_free_Incan_people._The_discovery_of_Machu_Picchu_made_many_archaeologists_believe,_that_there_could_be_more_historical_sides_nearby._"You_should_fly_lower",_Henry_proposed,_"we_can't_see_anything."_"But_there_is_fog,_and_the_mountains_are_clouded._It_is_too_risky",_I_reply._But_Henry_is_not_convinced:_"And_what_happens,_if_we_overlook_something?";;;;;;;;;;;;;
EVTNAME201046;The Crash;;;;;;;;;;;;;
EVTDESC201046;\n\nWreckages_lay_lounge_around._The_smell_of_fire_comes_from_the_motor._The_aeroplane_is_battered,_pieces_of_metal_gleam_in_the_Andean_sun._I_can_rescue_my_colleague_out_of_the_wreck._Henry_is_unconscious,_but_alive._My_maneuver_was_a_bit_too_confident,_I_wasn't_able_to_see_the_rough_cliffs_in_the_clouds._Our_journey_is_over,_as_I_decide_to_return_to_Cusco.;;;;;;;;;;;;;
EVTNAME201047;A Temple? A Temple!;;;;;;;;;;;;;
EVTDESC201047;\n\nWe_have_won_hight._The_scenery_becomes_miniature._Henry,_who_was_at_first_against_this_decision,_suddenly_seems_interested._"Did_you_see_that?"_"What?"_"I_bet_I_saw_a_temple!_Look!_There!_I'm_sure,_on_this_plateau",_he_points_with_his_finger_on_the_window._A_temple!_Henry_was_right._It_was_buried_by_the_mountains,_but_here_in_the_sky,_from_above,_it_is_clearly_to_see._"We_must_land!",_Henry_becomes_excited._"Immediately!"_I_see_the_look_in_his_face._He_is_a_rational_and_cold_mind,_but_when_it_comes_to_an_archaeological_discovery,_Henry_changes._It_seems,_that_he_can_smell_this_type_of_things._But_I_can't_share_his_opinion._The_plateau_is_not_the_best_field_to_land._It_is_not_very_large,_and_it_would_cost_me_a_lot_of_courage_to_do_this_bold_step.;;;;;;;;;;;;;
EVTNAME201048;Temple Lost Out of Sight;;;;;;;;;;;;;
EVTDESC201048;\n\nI_searched_for_a_better_place_to_land,_but_when_I_found_it,_it_was_nearly_impossible_to_find_the_place_where_the_temple_was._I_made_a_second_round_to_rediscover_the_Incan_monument,_but_it_was_without_success._Henry_made_his_own_expedition_by_foot,_which_resulted_in_failure._After_weeks_of_useless_search,_we_gave_up_hope_to_find_the_temple_again.;;;;;;;;;;;;;
EVTNAME201049;The Temple of the Sun;;;;;;;;;;;;;
EVTDESC201049;\n\nI_was_able_to_land_'Atalanta',_despite_my_concerns._The_aeroplane_landed_softly_on_the_plateau,_and_Henry_jumped_out_of_the_machine_when_the_airscrew_were_still_moving._I_follow_him,_looking_up_to_the_temple_which_is_in_a_surprising_good_condition._Too_untouched_to_be_true._"On_my_voyages_in_Peru,_I_never_saw_a_Incan_temple_in_such_a_good_shape",_Henry_mentions._"That_is_an_extraordinary_discovery._The_archaeologists_at_home_would_be_astonished."_I_go_forward,_Henry_waits_instead,_putting_his_hand_on_the_stone._He_observes_the_strange_engravings._"Any_information?",_I_ask,_but_he_denies._"That_seems_to_be_a_very_strange_place._I_can't_interpret_this_figures._It's_a_shame_that_the_Incas_have_no_writing_or_hieroglyphs_as_the_Mayas_do,_so_everything_remains_obscure.";;;;;;;;;;;;;
EVTNAME201050;Breakfast with Llamas;;;;;;;;;;;;;
EVTDESC201050;\n\nManco_Capac,_eh?_You_two_are_searching_for_the_remains_of_the_famous_last_Incan_ruler?_Follow_me!_A_native_offered_his_service._Now_we_travel_through_the_Peruvian_mountains,_our_equipment_and_ourselves_carried_by_llamas._Henry_is_convinced,_that_a_voyage_with_this_creature,_which_were_domesticated_to_reach_even_the_most_inhospitable_areas_of_the_Andes,_will_be_more_useful_than_the_new_technologies._But_when_I_turned_to_him,_I_saw_his_grim_face._"Henry,_what_is_the_matter?"_"I_don't_trust_this_man",_Henry_answers._"It_would_be_better_if_we_buy_the_llamas_and_leave_him_instead._For_me,_he_knows_too_much.";;;;;;;;;;;;;
EVTNAME201051;Weren't We Here Once Before?;;;;;;;;;;;;;
EVTDESC201051;\n\nDays_and_weeks_go_by._It_took_this_long_time_after_I_realized,_that_Henry_was_right_with_his_assumption._This_llama_leader_wanted_to_trick_us._Unfortunately,_it_was_to_late._When_we_wanted_to_confront_him,_he_escaped_with_the_llamas._It_took_us_days_before_we_were_able_to_return_to_Cusco,_exhausted_and_without_equipment_or_success.;;;;;;;;;;;;;
EVTNAME201052;Through the Andes;;;;;;;;;;;;;
EVTDESC201052;\n\nWithout_a_leader,_we_are_shift_for_ourselves._The_journey_continues,_but_the_problem_of_disorientation_becomes_obvious._Henry_spent_five_years_to_examine_Incan_culture,_chasing_every_evidence_regarding_the_legendary_capital_of_Manco_Capac,_Vilcabamba._But_this_area_is_unknown_to_him._Wandering_through_this_inhabited_landscape_drives_us_to_despair._No_ruins._No_Incan_remains._Nothing._Which_direction_should_we_take?;;;;;;;;;;;;;
EVTNAME201053;Lost in the Andes;;;;;;;;;;;;;
EVTDESC201053;\n\nThe_blue_heaven._The_golden_sun._Grey_stones_and_mountains._Nothing_has_sense._We_don't_find_the_way_to_a_promising_archaeological_place._We_don't_even_find_back_home._The_Andes_are_our_grave,_and_maybe_one_day_we_will_be_found_by_other_archaeologists,_in_thousands_of_years,_making_a_good_sample_for_an_exhibition...;;;;;;;;;;;;;
EVTNAME201054;The Temple of the Sun;;;;;;;;;;;;;
EVTDESC201054;\n\nThe_sunset_brightens_the_sky_in_red_colors,_shining_on_stones._Stones_of_a_building._On_the_top_of_a_plateau,_an_old_temple_sits_enthroned_like_an_Incan_god-king_above_the_Andes._I_tether_the_llamas,_but_Henry_keeps_going_forward._"On_my_voyages_in_Peru,_I_never_saw_a_Incan_temple_in_such_a_good_shape",_he_mentions._"That_is_an_extraordinary_discovery._The_archaeologists_at_home_would_be_astonished."_I_go_forward,_Henry_waits_instead,_putting_his_hand_on_the_stone._He_observes_the_strange_engravings._"Any_information?",_I_ask,_but_he_denies._"That_seems_to_be_a_very_strange_place._I_can't_interpret_this_figures._It's_a_shame_that_the_Incas_have_no_writing_or_hieroglyphs_as_the_Mayas_do,_so_everything_remains_obscure.";;;;;;;;;;;;;
EVTNAME201055;War Interrupts Expedition;;;;;;;;;;;;;
EVTDESC201055;\n\nThe_communication_between_our_expedition_in_Peru_and_our_archaeological_society_is_interrupted._Until_the_war_goes_on,_our_enemies_will_try_to_disturb_every_information_exchange.;;;;;;;;;;;;;
EVTNAME201056;Expedition in Peru Responds Again;;;;;;;;;;;;;
EVTDESC201056;\n\nImmediately_after_the_end_of_the_war,_the_expedition_in_Peru_has_contacted_us_again.;;;;;;;;;;;;;
EVTNAME201037;Tutankhamun's Tomb Discovered;;;;;;;;;;;;;
EVTDESC201037;The_discovery_of_this_archaeological_sensation_is_an_international_event._What_should_we_do_now,_regarding_the_Great_powers?;;;;;;;;;;;;;
EVTNAME201038;El Mirador Discovered;;;;;;;;;;;;;
EVTNAME201039;The Tower of Babel Discovered;;;;;;;;;;;;;
EVTNAME201058;The Temple of the Sun;;;;;;;;;;;;;
EVTDESC201058;\n\nWe_searched_for_hours,_but_we_didn't_find_the_entrance._A_huge_portal_marks_an_area,_which_we_identify_as_a_possible_gate,_but_it_it_is_closed_by_a_huge_stone_slab._Knots_of_alpaca_hair_is_hanging_above_us,_corded_in_strange_knots._"A_quipu!_At_least_something."_Henry_seems_facilitated._The_Incas_wrote_their_messages_in_a_complicated_systems_of_knots,_why_we_call_them_also_"talking_knots"._Henry_is_able_to_decipher_it,_but_his_look_is_confused._"But..._that_can_be_true._The_most_quipus_were_conserved_in_the_coast_regions._In_the_mountains,_nearly_90%_are_rotten."_"Henry,_please,_continue_the_translation",_I_interrupt._"We_have_later_time_for_these_investigations."_Henry_grumbles,_catches_a_breath._Than_he_proceeds:_"Sacrifice_the_flesh_of_an_animal/_the_flesh_of_a_tree/_the_flesh_of_the_sea/_and_the_flesh_of_the_earth./_Finally,_after_five_pounds_of_llama_wool/_you_will_see_Intis_sun.";;;;;;;;;;;;;
EVTNAME201059;The Labyrinth;;;;;;;;;;;;;
EVTDESC201059;\n\nWe_gathered_the_asked_goods._The_are_forced_to_give_up_our_provisions,_and_I_sacrifice_my_golden_pocket_watch,_to_fullfill_the_"flesh_of_a_god"_part._Lastly,_we_lay_the_llama_pelts,_which_we_took_with_us_-_fearing_the_cold_of_the_night_in_the_Andes_-_to_the_other_pieces_of_the_sacrifice,_in_front_of_the_slab._"That_is_ridiculous",_Henry_delivers._"What_comes_next?_Will_Inti_step_down_from_the_sky_and_open_the_door?"_"Do_you_have_a_better_idea?"_"Maybe_not_a_better_one,_but_at_least_not_so_dumb_like_this_unscientific_proposal!"_I_want_to_respond,_but_the_sound_of_a_shattering_rock_breaks_in._The_ground_trembles,_shakes,_and_rips._The_food_and_the_wool_vanish_in_a_dark_hole,_together_with_dust_and_gravel._After_a_moment_of_shoke,_we_decide_to_climb_down._Henry_takes_his_rope,_and_after_a_while,_we_abseil_in_the_darkness._The_spark_of_a_torch_later,_we_stare_at_corridors,_stairs,_different_floors_and_bizarre_constructions._I_never_saw_such_an_amazing_compilation_of_dizziyng_architecture.;;;;;;;;;;;;;
EVTNAME201060;Downstairs;;;;;;;;;;;;;
EVTDESC201060;\n\nAfter_a_hard_fall,_we_realize_that_we_are_caught_in_a_pit._I_grab_the_torch,_and_the_dim_fire_lights_up_the_space._"Henry?"_"Yes?"_"Why_is_the_ground_moving?"_Silence_follows._I_lower_the_torch_-_we_are_surrounded_by_snakes!;;;;;;;;;;;;;
EVTNAME201061;Upstairs;;;;;;;;;;;;;
EVTDESC201061;\n\nWe_reach_a_higher_level,_following_a_passage_through_a_tunnel._"Something_seems?_similar",_I_notice._"What?",_Henry_asks_-_following_a_strange_sound,_like_a_switch,_which_is_now_activated...;;;;;;;;;;;;;
EVTNAME201062;It's a Trap!;;;;;;;;;;;;;
EVTDESC201062;\n\nAHHHHHH!_Our_screams_echoes_in_the_labyrinth,_followed_by_the_sound_of_the_gigantic_stone_ball_behind_us._At_least,_we_are_able_to_escape_in_a_save_corridor.;;;;;;;;;;;;;
EVTNAME201063;The Corridor;;;;;;;;;;;;;
EVTDESC201063;\n\nReconsidering_our_situation,_taking_the_corridor_was_a_bold_step._Everything_seems_confusing,_and_when_we_go_upstairs,_it_seems_that_we_go_downstairs._Each_step_could_be_a_trap._And_there_are_many_different_routes_we_can_chose.;;;;;;;;;;;;;
EVTNAME201064;Lost in the Temple;;;;;;;;;;;;;
EVTDESC201064;\n\nRight._Left._Left._Right._Upstairs._Downstairs._Deadlock._Return._Right._Upstairs._Deadlock._Return._Return._Left._Right._Corridors,_scales,_floors_-_everywhere._I_give_up._We_are_completely_lost_in_this_strange_place._There_is_no_exit,_no_way_out!;;;;;;;;;;;;;
EVTNAME201065;The Sanctuary;;;;;;;;;;;;;
EVTDESC201065;\n\nA_wide_hall._Symbols_and_scenes_decorate_the_walls._It_seems,_that_we_have_left_the_labyrinth._We_look_up,_to_the_ceiling,_higher_than_20_feet._Snakes,_made_of_stone,_surround_a_portal_on_the_other_side._He_sits_on_a_bench,_a_plate_on_his_thighs_-_the_food_on_it,_which_we_"sacrificed"._He_is_skinny_and_old._He_notices_us,_but_doesn't_react._While_he_is_eating,_we_come_nearer._"Im_sure,_that_behind_this_portal,_there_is_something_very_important",_I_say_to_Henry._"Clearly._An_old,_skinny_man_is_guarding_it._Every_important_chambered_is_guarded_by_an_old,_skinny,_mysterious._Hell,_he_lacks_only_a_long_white_beard_and_a_crusader-sword!"_Henry_can_become_very_sarcastic_in_such_situation._"And_he_is_eating_our_provisions!"_"Please,_please..._don't_be_so_loud,_my_ears",_the_old_man_says_as_he_finishes_his_meal._"If_you_calm_down,_I'm_willing_to_answer_your_questions._This_is_the_Temple_of_the_Sun._A_holy_place._And_I'm_the_guard_of_the_heritage_of_our_ancestors.";;;;;;;;;;;;;
EVTNAME201066;The Decision;;;;;;;;;;;;;
EVTDESC201066;\n\nIt's_the_duty_of_my_family_to_protect_this_place,_he_begins._"Since_generations,_one_man_in_one_generation_takes_it_on._The_people_from_the_near_villages_come_to_this_sanctuary,_bringing_food_and_clothes,_so_I_can_concentrate_on_my_service._But,_times_are_changing._And_I_can't_protect_a_culture_which_will_die._The_young_people_in_the_Andes_are_not_interested_in_our_past_or_our_religion."_He_stands_up,_nodding,_than_he_looks_to_us._"I_know_what_you_want._But_do_you_really_know_what_you_want?"_"Oh_that_is_such_a_cliché._An_old_mysterious_man_is_protecting_an_ancient_place,_all_his_life,_and_then,_when_-_casually_-_two_archaeologists_come_around,_he_spends_time_on_philosophical_phrases..."_"Henry!"_"It_is_true!",_my_colleague_underlines._The_old_man_grins._"Anyway",_he_begins,_"what_are_you_going_to_do?";;;;;;;;;;;;;
EVTNAME201067;Temple of the Sun Discovered;;;;;;;;;;;;;
EVTDESC201067;\n\nA_$COUNTRY_ADJ$_has_found_the_Temple_of_the_Sun,_a_magnificent_testimony_of_Incan_art,_build_under_the_rule_of_the_last_great_Inca,_Manco_Capac_II._Wonderful_and_precious_artifacts_were_found_and_brought_to_the_National_Museum.;;;;;;;;;;;;;
EVTDESC201068;\n\nA_$COUNTRY_ADJ$_has_found_the_Temple_of_the_Sun,_a_magnificent_testimony_of_Incan_art,_build_under_the_rule_of_the_last_great_Inca,_Manco_Capac_II._A_restricted_archaeological_area_was_arranged_to_prevent_other_people_from_this_place._The_scientists_expect_new_and_interesting_information_regarding_the_life_of_the_Inca.;;;;;;;;;;;;;
EVTDESC201069;\n\nA_$COUNTRY_ADJ$_has_found_the_Temple_of_the_Sun,_a_magnificent_testimony_of_Incan_art,_build_under_the_rule_of_the_last_great_Inca,_Manco_Capac_II._The_archaeologists_agreed_on_to_leave_this_place_unchanged._It_is_viewed_as_a_cultural_and_religious_heritage_of_the_local_people_and_will_be_respected_by_$COUNTRY$.;;;;;;;;;;;;;
EVTNAME201070;Agamemnon's Mask;;;;;;;;;;;;;
EVTNAME202009;Giuseppe Mazzini;;;;;;;;;;;;;
EVTDESC202009;\n\nGiuseppe_Mazzini,_was_an_Italian_politician,_journalist_and_activist_for_the_unification_of_Italy._Mazzini_was_a_member_of_the_Carbonari,_a_secret_association_with_political_purposes._Later,_he_went_to_Marseille,_where_he_became_a_popular_figure_to_the_other_Italian_exiles._He_organized_a_new_political_society_called_La_giovine_Italia_(Young_Italy)._It_was_a_secret_society_formed_to_promote_Italian_unification._Mazzini_believed_that_a_popular_uprising_would_create_a_unified_Italy,_and_would_touch_off_a_European-wide_revolutionary_movement._Young_Italy_counted_ca_60,000_adherents_in_1833,_with_branches_in_Genoa_and_other_cities._In_that_year_Mazzini_launched_a_first_attempt_of_insurrection_in_Sardinia,_which_failed._He_organized_another_uprising_for_the_following_year._A_group_of_Italian_exiles_were_to_enter_Piedmont_from_Switzerland_and_spread_the_revolution_there,_and_founded_a_new_association_with_German_and_Polish_refugees,_called_Young_Europe._Austria_and_Sardinia_put_pressure_on_Switzerland_to_extradite_Mazzini.;;;;;;;;;;;;;
EVTDESC202011;\n\nGiuseppe_Mazzini,_was_an_Italian_politician,_journalist_and_activist_for_the_unification_of_Italy._Mazzini_was_a_member_of_the_Carbonari,_a_secret_association_with_political_purposes._Later,_he_went_to_Marseille,_where_he_became_a_popular_figure_to_the_other_Italian_exiles._He_organized_a_new_political_society_called_La_giovine_Italia_(Young_Italy)._It_was_a_secret_society_formed_to_promote_Italian_unification._Mazzini_believed_that_a_popular_uprising_would_create_a_unified_Italy,_and_would_touch_off_a_European-wide_revolutionary_movement._Young_Italy_counted_ca_60,000_adherents_in_1833,_with_branches_in_Genoa_and_other_cities._In_that_year_Mazzini_launched_a_first_attempt_of_insurrection_in_Sardinia,_which_failed._He_organized_another_uprising_for_the_following_year._A_group_of_Italian_exiles_were_to_enter_Piedmont_from_Switzerland_and_spread_the_revolution_there,_and_founded_a_new_association_with_German_and_Polish_refugees,_called_Young_Europe._Austria_and_Sardinia_put_pressure_on_Switzerland_to_extradite_him,_but_Mazzini_was_able_to_escape,_and_moved_to_London.;;;;;;;;;;;;;
EVTNAME202012;Mazzini arrested;;;;;;;;;;;;;
EVTDESC202012;\n\nToday,_Giuseppe_Mazzini_-_a_figurehead_of_the_nationalistic_movements_across_Europe_-_was_arrested_by_Sardinian_policemen.;;;;;;;;;;;;;
EVTNAME202013;Mazzini remains in exile;;;;;;;;;;;;;
EVTDESC202013;\n\nWe_were_not_able_to_get_Mazzini._He_remains_in_exile.;;;;;;;;;;;;;
EVTNAME202014;Pius IX;;;;;;;;;;;;;
EVTDESC202014;\n\nThe_conclave_of_1846,_following_the_death_of_Pope_Gregory_XVI_(1831-46),_took_place_in_an_unsettled_political_climate_within_Italy._Because_of_this,_many_foreign_Cardinals_decided_not_to_attend_the_conclave._At_its_start,_only_46_out_of_62_cardinals_were_present._Moreover,_the_conclave_of_1846_was_steeped_in_a_factional_division_between_conservatives_and_liberals._Faced_with_deadlock,_liberals_and_moderates_decided_to_cast_their_votes_for_Mastai-Ferretti_in_a_move_that_contradicted_the_general_mood_throughout_Europe._By_the_second_day_of_the_conclave,_on_16_June_1846,_during_an_evening_ballot,_Mastai-Ferretti_was_elected_Pope._As_liberal_Europe_applauded_his_election,_he_introduced_political_reforms_on_a_broad_scale._For_the_next_twenty_months_after_the_election,_Pius_IX_was_the_most_popular_man_on_the_Italian_peninsula,_where_the_exclamation_"Long_life_to_Pius_IX!"_was_often_heard._His_initial_policies_created_quite_a_sensation_among_Italian_patriots,_both_at_home_and_in_exile.;;;;;;;;;;;;;
EVTNAME202033;I Promessi Sposi;;;;;;;;;;;;;
EVTDESC202033;\n\nThe_Betrothed_(orig._Italian:_I_Promessi_Sposi)_is_an_Italian_historical_novel_by_Alessandro_Manzoni,_first_published_in_1827,_in_three_volumes._Set_in_Northern_Italy_in_1628,_during_the_oppressive_years_under_Spanish_rule,_it_is_sometimes_seen_as_a_veiled_attack_on_Austria,_which_controlled_the_region_at_the_time_the_novel_was_written._I_Promessi_Sposi_was_the_first_Italian_historical_novel,_a_model_for_subsequent_Italian_literary_fiction_and_a_basis_for_the_modern_Italian_language._In_the_early_19th_century,_there_was_still_some_controversy_as_to_what_form_the_standard_literary_language_of_Italy_should_take._Manzoni_-_originally_from_Milan_-_was_firmly_in_favor_of_the_dialect_of_Florence_and,_after_"washing_his_vocabulary_on_the_banks_of_the_Arno"_(as_he_put_it),_he_revised_the_novel's_language_for_its_republication_in_1842._Many_expressions,_quotes_and_names_from_the_novel_are_still_commonly_used_in_Italian,_such_as_Perpetua_or_"Questo_matrimonio_non_s'ha_da_fare"_and_it_is_still_considered_a_true_masterpiece_of_world_literature.;;;;;;;;;;;;;
EVTNAME202035;Il Canto degli Italiani;;;;;;;;;;;;;
EVTDESC202035;\n\n'Il_Canto_degli_Italiani'_(The_Song_of_the_Italians)_is_best_known_among_Italians_as_'Inno_di_Mameli'_(Mameli's_Hymn),_after_the_author_of_the_lyrics,_or_'Fratelli_d'Italia'_(Brothers_of_Italy),_from_its_opening_line._The_words_were_written_in_$YEAR$_in_Genoa,_by_the_then_20-year-old_student_and_patriot_Goffredo_Mameli,_in_a_climate_of_popular_struggle_for_unification_and_independence_of_Italy_which_foreshadowed_the_war_against_Austria._The_hymn_enjoyed_widespread_popularity_throughout_the_period_of_the_Risorgimento_and_in_the_following_decades._The_hymn_was_also_printed_on_leaflets_in_Genoa,_by_the_printing_office_Casamara_and_published_on_the_December_10:_the_demonstration_was_officially_dedicated_to_the_101st_anniversary_of_the_expulsion_of_the_Austrian_powers_from_the_city_-_in_fact_it_was_an_excuse_to_protest_against_foreign_occupations_in_Italy_and_induce_Carlo_Alberto_to_embrace_the_Italian_cause_of_liberty._In_this_occasion_the_tricolor_flag_was_shown_and_Mameli's_hymn_was_publicly_sung_for_the_first_time.;;;;;;;;;;;;;
EVTNAME202038;The Legacy of Ugo Foscolo;;;;;;;;;;;;;
EVTDESC202038;\n\nWhen_Italy_conquered_Rome,_the_new_nation_state_antagonized_the_Papacy_and_was_in_a_permanent_struggle_with_the_Apostolic_See._Italy_favored_secular_movements_and_a_new_national_spirit_to_encounter_the_strong_Catholic_sentiment_within_the_country,_emulating_the_French_state._Italian_artists,_philosophers_or_scientists_were_promoted,_and_Santa_Croce_in_Florence_became_an_equivalent_to_the_Pantheon_in_Paris._Especially_personalities_with_secular_or_atheistic_views_were_important,_like_the_famous_Italian_revolutionary_and_poet_Ugo_Foscolo._Foscolo,_born_on_Zakynthos_(the_Venetian_Zante)_in_1778_was_an_important_figure_in_this_new_gallery_of_"Secular_Saints",_but_unfortunately,_Foscolo_died_in_Chiswick,_Western_London,_after_eleven_years_of_exile_in_England._In_$YEAR$,_Italy_requested_his_remains.;;;;;;;;;;;;;
EVTNAME202040;The Foscolo crisis;;;;;;;;;;;;;
EVTDESC202040;\n\nThese_mint-sauce-smelling_British_bastards,_these_sons_of_a_one-leg_cow_-_they_won't_give_us_Foscolo!;;;;;;;;;;;;;
EVTNAME202041;Foscolo returns!;;;;;;;;;;;;;
EVTDESC202041;\n\nIn_$YEAR$,_Foscolo's_remains_were_brought_to_Florence,_at_the_request_of_Italy,_and_with_all_the_pride,_pomp_and_circumstance_of_a_great_national_mourning,_found_their_final_resting-place_beside_the_monuments_of_Machiavelli_and_Alfieri,_of_Michelangelo_and_Galileo,_in_the_church_of_Santa_Croce,_the_pantheon_of_Italian_glory_he_had_celebrated_in_Dei_sepolcri._Long_live_Italy,_long_live_the_United_Kingdom!;;;;;;;;;;;;;
EVTNAME202042;First wireless transatlantic transmission;;;;;;;;;;;;;
EVTDESC202042;\n\nAt_the_turn_of_the_20th_century,_the_Italian_inventor_Guglielmo_Marconi_began_investigating_the_means_to_signal_completely_across_the_Atlantic,_in_order_to_compete_with_the_transatlantic_telegraph_cables._Marconi_established_a_wireless_transmitting_station_at_Marconi_House,_Rosslare_Strand,_Co._Wexford_in_1901_to_act_as_a_link_between_Poldhu_in_Cornwall_and_Clifden_in_Co._Galway._He_soon_made_the_announcement_that_on_12_December_1901,_using_a_152.4-meter_(500_ft)_kite-supported_antenna_for_reception,_the_message_was_received_at_Signal_Hill_in_Saint_John's,_Newfoundland_(now_part_of_Canada)_signals_transmitted_by_the_company's_new_high-power_station_at_Poldhu,_Cornwall._In_$YEAR$,_Marconi_built_a_station_near_South_Wellfleet,_Massachusetts_that_sent_a_message_of_greetings_from_Theodore_Roosevelt,_the_President_of_the_United_States,_to_King_Edward_VII_of_the_United_Kingdom,_marking_the_first_transatlantic_radio_transmission_originating_in_the_United_States.;;;;;;;;;;;;;
EVTNAME202046;Macchi M.C.72;;;;;;;;;;;;;
EVTDESC202046;\n\nThe_Macchi_M.C._72_was_an_experimental_seaplane_designed_and_built_by_the_Italian_aircraft_company_Macchi_Aeronautica._The_M.C._72_was_built_in_1931_with_the_idea_of_competing_for_what_turned_out_to_be_the_final_Schneider_Trophy_race,_but_due_to_engine_problems,_the_M.C._72_was_unable_to_compete._For_two_years,_the_M.C._72_suffered_from_many_mechanical_defects,_as_well_as_the_loss_of_two_test_pilots_who_died_trying_to_coax_world_class_speed_out_of_the_M.C._72._The_aircraft_finally_lived_up_to_expectations_when_it_set_a_new_world_speed_record_on_10_April_1933,_with_a_speed_of_682_km/h._Not_satisfied,_development_continued_as_the_aircraft's_designers_thought_they_could_break_700_km/h_with_the_M.C._72._This_feat_was_in_fact_achieved_on_23_October_1934,_when_Agello_piloted_the_M.C._72_for_an_average_speed_of_709_km/h_over_three_passes._The_M.C._72_held_the_world_speed_record_for_all_aircraft_for_five_years_and_remained_the_fastest_speed_ever_attained_by_a_piston-engine_seaplane.;;;;;;;;;;;;;
EVTNAME202047;A visit in Venice;;;;;;;;;;;;;
EVTDESC202047;\n\nIn_$YEAR$,_the_Emperor_and_the_Empress_of_Austria_visited_Venice._The_city_was_still_aware_of_its_lost_independence,_and_nationalistic_movements_were_around._In_fact,_the_windows_were_locked_and_the_streets_empty._The_Serenissima_prepared_a_cold_reception._Franz_Joseph_mentioned_later,_that_the_silence_"killed_more_than_a_bullet".;;;;;;;;;;;;;
EVTNAME202048;Saint Mark's Campanile;;;;;;;;;;;;;
EVTDESC202048;\n\nSaint_Mark's_Campanile_(Campanile_di_San_Marco_in_Italian)_is_the_bell_tower_of_St_Mark's_Basilica_in_Venice,_located_in_the_Piazza_San_Marco._It_is_one_of_the_most_recognizable_symbols_of_the_city._In_July_1902,_the_north_wall_of_the_tower_began_to_show_signs_of_a_dangerous_crack_that_in_the_following_days_continued_to_grow._Finally,_on_Monday,_July_14,_around_9:45_am,_the_campanile_collapsed_completely,_also_demolishing_the_logetta._Remarkably,_no_one_was_killed,_except_for_the_caretaker's_cat._Because_of_the_campanile's_position,_the_resulting_damage_was_relatively_limited._Apart_from_the_logetta,_only_a_corner_of_the_Biblioteca_Marciana_was_destroyed._The_pietra_del_bando,_a_large_porphyry_column_from_which_laws_used_to_be_read,_protected_the_basilica_itself._Nevertheless,_the_loss_of_one_of_the_greatest_symbols_of_old_italian_culture_was_discuessed_in_the_whole_nation.;;;;;;;;;;;;;
EVTNAME202049;The Death of Leopardi;;;;;;;;;;;;;
EVTDESC202049;\n\nGiacomo_Leopardi_was_an_Italian_poet,_essayist,_philosopher,_and_philologist._Although_he_lived_in_a_secluded_town_in_the_ultra-conservative_Papal_States,_he_came_in_touch_with_the_main_thoughts_of_the_Enlightenment,_and,_by_his_own_literary_evolution,_created_a_remarkable_and_renowned_poetic_work,_related_to_the_Romantic_era._Leopardi_often_wrote_about_poetry_in_general_and_about_his_own_idea_of_poetry,_of_its_language_and_scope._Many_pages_on_this_subject_can_be_found_in_the_Zibaldone,_a_private_diary_and_collection_of_notes,_literary_projects,_translations,_etc._Together_with_Alessandro_Manzoni,_Leopardi_had_an_immense_impact_on_the_Italian_language_and_was_one_figurehead_of_patriotic_and_nationalistic_movements_in_Italy._The_greatest_poet_of_the_Italian_Romanticism_died_at_38_years_in_Naples.;;;;;;;;;;;;;
EVTNAME202050;Giosuè Carducci;;;;;;;;;;;;;
EVTDESC202050;\n\nGiosuè_Carducci,_born_1835_in_Valdicastello_(Lucca),_was_an_Italian_poet_and_teacher._He_was_very_influential_and_was_regarded_as_the_official_national_poet_of_modern_Italy,_being_a_part_of_the_general_cultural_and_political_life._Carducci_was_a_popular_lecturer_and_a_fierce_critic_of_literature_and_society._His_political_views_were_consistently_opposed_to_Christianity_generally_and_the_secular_power_of_the_Catholic_Church_in_particular._This_anti-clerical_revolutionary_zeal_is_prominently_showcased_in_one_famous_poem,_the_deliberately_blasphemous_and_provocative_'Inno_a_Satana'_(Hymn_to_Satan)._While_'Inno_a_Satana'_had_quite_a_revolutionary_impact,_Carducci's_finest_poetry_came_in_later_years._His_collections_Rime_Nuove_(New_Rhymes)_and_Odi_Barbare_(Barbarian_Odes)_contain_his_greatest_works._Carducci_also_translated_some_works__of_Goethe_and_Heine_into_Italian._One_year_before_his_death,_Carducci_became_the_first_Italian_to_win_the_Nobel_Prize_in_Literature.;;;;;;;;;;;;;
EVTNAME202052;Gabriele D'Annunzio;;;;;;;;;;;;;
EVTDESC202052;\n\nGabriele_D'Annunzio_was_an_Italian_writer,_poet,_journalist,_playwright_and_soldier._He_occupied_a_prominent_place_in_Italian_literature_and_political_life._He_was_nicknamed_Il_Vate_(The_Poet)_and_Il_Profeta_(The_Prophet)._D'Annunzio_was_associated_with_the_Decadent_movement_in_his_literary_works,_which_interplayed_closely_with_French_Symbolism_and_British_Aestheticism._At_the_height_of_his_success,_D'Annunzio_was_celebrated_for_the_originality,_power_and_decadence_of_his_writing_and_his_work_had_immense_impact_across_Europe_and_on_generations_of_Italian_writers._He_came_under_the_influence_of_Friedrich_Nietzsche_which_would_find_outlets_in_his_literary_and_later_political_contributions._In_1897_D'Annunzio_was_elected_to_the_Chamber_of_Deputies,_where_he_sat_as_an_independent._He_collaborated_with_Debussy,_Mascagni,_Marinetti_and_took_a_flight_with_Wilbur_Wright,_becoming_a_pilot_himself_and_a_hero_in_air-battles.;;;;;;;;;;;;;
EVTNAME202053;La Conoscienza di Svevo;;;;;;;;;;;;;
EVTDESC202053;\n\nAron_Ettore_Schmitz,_better_known_by_the_pseudonym_Italo_Svevo,_was_an_Italian_writer_and_businessman,_author_of_novels,_plays,_and_short_stories._Italo_Svevo_(literally_Italian_Swabian)_wrote_the_classic_novel_La_Coscienza_di_Zeno_(rendered_as_Confessions_of_Zeno,_or_Zeno's_Conscience)_and_self-published_it_in_1923._The_work,_showing_the_author's_interest_in_the_theories_of_Sigmund_Freud,_is_written_in_the_form_of_the_memoirs_of_one_Zeno_Cosini,_who_writes_them_at_the_insistence_of_his_psychoanalyst._Schmitz's_novel_received_almost_no_attention_from_Italian_readers_and_critics_at_the_time._The_work_might_have_disappeared_altogether_if_it_were_not_for_the_efforts_of_James_Joyce._Joyce_had_met_Svevo_in_1907,_when_Joyce_tutored_him_in_English_while_working_for_Berlitz_in_Trieste._Joyce_championed_Confessions_of_Zeno,_helping_to_have_it_translated_into_French_and_then_published_in_Paris,_where_critics_praised_it_extravagantly._That_led_Italian_critics_to_discover_it._Svevo_was_also_a_model_for_Leopold_Bloom,_the_protagonist_of_Joyce's_Ulysses.;;;;;;;;;;;;;
EVTNAME202054;Gioachino Rossini;;;;;;;;;;;;;
EVTDESC202054;\n\nGioachino_Antonio_Rossini_was_an_Italian_composer_who_wrote_39_operas_as_well_as_sacred_music,_chamber_music,_songs,_and_some_instrumental_and_piano_pieces._His_best-known_operas_include_the_Italian_comedies_Il_barbiere_di_Siviglia_(The_Barber_of_Seville)_and_La_Cenerentola_and_the_French-language_epics_Moïse_et_Pharaon_and_Guillaume_Tell._A_tendency_for_inspired,_song-like_melodies_is_evident_throughout_his_scores,_which_led_to_the_nickname_"The_Italian_Mozart"._Until_his_retirement_in_1829,_Rossini_had_been_the_most_popular_opera_composer_in_history._He_returned_to_the_Papal_States,_namely_Bologna,_where_he_became_director_of_music,_spending_his_time_by_composing_chamber_and_sacred_music.;;;;;;;;;;;;;
EVTNAME202055;Donizetti's Caterina Cornaro;;;;;;;;;;;;;
EVTDESC202055;\n\nGaetano_Donizetti_was_an_Italian_composer_from_Bergamo,_Lombardy._Along_with_Vincenzo_Bellini_and_Gioachino_Rossini,_he_was_a_leading_composer_of_bel_canto_opera._Following_the_success_of_Linda_di_Chamounix,_Caterina_Cornaro_was_commissioned_by_Bartolomeo_Merelli,_impresario_of_the_Kaertnerthortheater_in_Vienna,_and_was_partly_composed_in_1842/1843._The_Viennese_realized_that_the_same_subject_had_been_set_to_music_the_preceding_year_by_Franz_Lachner_and_the_debut_was_canceled._Two_months_after_the_triumph_of_Dom_Sébastien_in_Paris,_Caterina_was_booed_at_the_San_Carlo_in_Naples._The_composer,_who_had_been_unable_to_be_present_at_rehearsals_or_to_oversee_the_orchestration,_had_clearly_predicted_the_opera's_failure:_"I_am_anxiously_awaiting_news_of_the_fiasco_of_Caterina_Cornaro_in_Naples._La_Goldberg_as_a_primadonna_is_my_first_disaster_without_knowing_it._I_wrote_for_a_soprano,_they_give_me_a_mezzo!_God_knows_if_Coletti,_if_Fraschini_intend_their_roles_as_I_intend_them._God_knows_what_a_catastrophe_censorship_has_brought.";;;;;;;;;;;;;
EVTNAME202056;Cavalleria rusticana;;;;;;;;;;;;;
EVTDESC202056;\n\nCavalleria_rusticana_(Rustic_Chivalry)_is_an_opera_in_one_act_by_Pietro_Mascagni_to_an_Italian_libretto_by_Giovanni_Targioni-Tozzetti_and_Guido_Menasci,_and_considered_one_of_the_classic_verismo_operas._Although_Mascagni_had_started_writing_two_other_operas_earlier_(Pinotta,_premiered_in_1932_and_Guglielmo_Ratcliff,_premiered_in_1895),_Cavalleria_rusticana_was_his_first_opera_to_be_completed_and_performed._It_remains_the_best_known_of_his_fifteen_operas_and_one_operetta._Its_success_has_been_phenomenal_from_its_first_performance_in_the_Teatro_Costanzi_in_Rome_until_the_present_day._At_the_time_of_Mascagni's_death_in_1945,_the_opera_had_been_performed_more_than_14,000_times_in_Italy_alone._The_first_performance_of_Cavalleria_rusticana_caused_a_sensation,_with_Mascagni_taking_40_curtain_calls_on_the_opening_night,_and_winning_the_First_Prize.;;;;;;;;;;;;;
EVTNAME202057;Fountains of Rome;;;;;;;;;;;;;
EVTDESC202057;\n\nOttorino_Respighi_was_an_Italian_composer,_musicologist_and_conductor._His_musicological_interest_in_16th-,_17th-_and_18th-century_music_led_him_to_also_compose_pieces_based_on_the_music_of_this_period._He_also_wrote_a_number_of_operas,_the_best_known_being_La_fiamma._He_is_best_known_for_his_orchestral_"Roman_trilogy":_Fountains_of_Rome_(Le_fontane_di_Roma),_Pines_of_Rome_(I_pini_di_Roma),_and_Roman_Festivals_(Feste_romane)._Fountains_of_Rome_is_a_symphonic_poem,_separated_in_four_sections,_depicting_one_of_Rome's_fountains_during_different_periods_of_the_day_and_night._Although_the_premiere_in_Rome_was_unsuccessful,_Arturo_Toscanini_finally_conducted_the_work_in_Milan_in_1918_with_tremendous_success.;;;;;;;;;;;;;
EVTNAME202058;Nessun dorma?;;;;;;;;;;;;;
EVTDESC202058;\n\nGiacomo_Puccini_was_an_Italian_composer_whose_operas_are_among_the_most_frequently_performed_in_the_standard_repertoire_and_considered_the_greatest_Italian_composer_of_opera_after_Verdi._While_his_early_work_was_rooted_in_traditional_late-19th_century_romantic_Italian_opera,_he_successfully_developed_his_work_in_the_"realistic"_verismo_style,_of_which_he_became_one_of_the_leading_exponents._Turandot,_Puccini's_final_opera,_was_left_unfinished,_and_the_last_two_scenes_were_completed_by_Franco_Alfano_based_on_the_composer's_sketches._The_libretto_for_Turandot_was_based_on_a_play_by_Carlo_Gozzi,_also_called_Turandot._The_music_of_the_opera_is_heavily_inflected_with_pentatonic_motifs,_intended_to_produce_an_Asiatic_flavor_to_the_music._Unlike_La_Fanciulla,_Turandot_contains_a_number_of_memorable_stand-alone_arias,_among_them_Nessun_dorma._The_first_performance_was_held_at_the_Teatro_alla_Scala_in_Milan_and_conducted_by_Arturo_Toscanini._This_performance_included_only_Puccini's_music_and_not_Alfano's_additions.;;;;;;;;;;;;;
EVTNAME202059;Aida;;;;;;;;;;;;;
EVTDESC202059;\n\nAida_is_an_opera_in_four_acts_by_Giuseppe_Verdi_to_an_Italian_libretto_by_Antonio_Ghislanzoni,_based_on_a_scenario_often_attributed_to_French_Egyptologist_Auguste_Mariette,_although_it_has_been_argued_that_the_scenario_was_actually_written_by_Temistocle_Solera._Isma'il_Pasha,_Khedive_of_Egypt,_commissioned_Verdi_to_write_the_opera_for_performance_in_January_$YEAR$,_paying_him_150,000_francs,_but_the_premiere_was_delayed._Aida_met_with_great_acclaim_when_it_finally_opened_in_Cairo_on_24_December_$YEAR$._The_costumes_and_accessories_for_the_premiere_were_designed_by_Auguste_Mariette,_and_he_oversaw_the_design_and_construction_of_the_sets,_which_were_created_in_Paris_and_shipped_to_Cairo._Although_Verdi_did_not_attend_the_premiere_in_Cairo,_he_was_most_dissatisfied_with_the_fact_that_the_audience_consisted_of_invited_dignitaries,_politicians_and_critics,_but_no_members_of_the_general_public._He_therefore_considered_the_Italian_(and_European)_premiere,_held_at_La_Scala,_Milan,_and_in_which_he_was_heavily_involved_at_every_stage,_to_be_its_real_premiere.;;;;;;;;;;;;;
EVTNAME202061;Rigoletto;;;;;;;;;;;;;
EVTDESC202061;\n\nRigoletto_is_an_opera_in_three_acts_by_Giuseppe_Verdi._The_Italian_libretto_was_written_on_the_play_Le_roi_s'amuse_by_Victor_Hugo._It_was_first_performed_at_La_Fenice_in_Venice_in_$YEAR$._Despite_serious_initial_problems_with_the_Austrian_censors_who_had_control_over_Northern_Italian_theaters_at_the_time,_the_opera_had_a_triumphant_premiere_and_is_considered_by_many_to_be_the_first_of_the_operatic_masterpieces_of_Verdi's_middle-to-late_career,_being_the_first_of_his_three_"Popular"_operas_(Il_Trovatore_and_La_Traviata_conclude_the_trilogy)._Rigoletto_premiered_to_a_sold_out_La_Fenice_and_was_a_complete_triumph,_especially_the_scena_drammatica,_and_the_Duke's_cynical_aria,_'La_donna_è_mobile'_which_was_sung_in_the_streets_the_next_morning.;;;;;;;;;;;;;
EVTNAME202063;The Requiem;;;;;;;;;;;;;
EVTDESC202063;\n\nOn_22_May_1873,_the_Italian_writer_and_humanist_Alessandro_Manzoni,_whom_Verdi_had_admired_all_his_adult_life_and_met_in_1868,_died._Upon_hearing_of_his_death,_Verdi_resolved_to_complete_a_Requiem_for_the_most_important_Italian_writer_of_the_19th_century._The_Requiem_was_first_performed_in_the_church_of_San_Marco_in_Milan_and_three_days_later_at_the_Scala._Verdi_conducted_himself._It_won_immediate_contemporary_success,_and_became_a_national_celebration_of_arts,_as_two_of_the_greatest_cultural_personalities_of_Italy_-_one_in_the_field_of_music,_one_in_the_field_of_literature_-_merged_together_in_an_allegory_of_artistic_spirit._As_to_the_music_qua_music,_the_critical_consensus_agreed_that_the_work_displayed_"fluent_invention,_beautiful_sound_effects_and_charming_vocal_writing."_Critics_were_divided_between_praise_and_condemnation_with_respect_to_Verdi's_willingness_to_break_standard_compositional_rules_for_musical_effect,_such_as_his_use_of_consecutive_fifths.;;;;;;;;;;;;;
EVTNAME202065;Restaurazione;;;;;;;;;;;;;
EVTDESC202065;\n\nFollowing_the_defeat_of_Napoleonic_France,_the_Congress_of_Vienna_was_convened_to_redraw_the_European_continent._In_Italy,_the_Congress_restored_the_pre-Napoleonic_patchwork_of_independent_governments,_either_directly_ruled_or_strongly_influenced_by_the_prevailing_European_powers,_particularly_Austria,_since_the_Empire_directly_controlled_the_predominantly_Italian-speaking_northeastern_part_of_present-day_Italy_and_were,_together,_the_most_powerful_force_against_unification._The_Austrian_Empire_vigorously_repressed_nationalist_sentiment_growing_on_the_Italian_peninsula,_as_well_as_in_the_other_parts_of_Habsburg_domains._The_Austrian_diplomat_von_Metternich_stated_that_the_word_Italy_was_nothing_more_than_"a_geographic_expression"._One_of_the_most_influential_revolutionary_groups_was_the_Carbonari,_a_secret_organization_formed_in_Southern_Italy._Artistic_and_literary_sentiment_also_turned_towards_nationalism,_provoking_a_climate,_in_which_the_Resurgence_of_Italy_would_occur:_The_Risorgimento.;;;;;;;;;;;;;
EVTNAME200001;Der Dom zu Köln;;;;;;;;;;;;;
EVTDESC200001;\n\nRomantic_sentiment_and_evolving_nationalistic_spirit_of_our_people_have_evoked_a_high_interest_in_the_medieval_age,_which_is_seen_as_the_root_of_the_German_culture._A_symbol_of_these_far_away_and_backward_times_are_the_cathedrals_of_gothic_architectural_style._Cologne,_once_the_biggest_German_city,_and_one_of_the_finest_places_in_the_times_of_the_Holy_Roman_Empire,_has_one_of_the_greatest_cathedrals_in_human_history_-_which_is_a_large,_abandoned_construction_area._Founded_in_the_13th_century,_the_building_work_was_suspended_in_the_1530s._Even_the_old_construction_crane_is_there_above!_Since_1814,_when_the_construction_plans_were_found_again_by_Georg_Moller_in_Darmstadt,_there_were_several_voices_to_revive_the_work_of_our_ancestors_-_and_new_founded_societies_have_argued,_that_this_project_should_not_be_only_a_private_intention._Maybe_we_should_give_state_support,_and_finish_this_great_gothic_masterpiece,_in_the_name_of_the_German_nation!;;;;;;;;;;;;;
EVTOPTA200001;Dô jehürt ne Schpitz drop! (Aye);;;;;;;;;;;;;
EVTOPTB200001;Da sollte sich mal wer drum kümmern? (Nay);;;;;;;;;;;;;
EVTNAME200002;The Work Resumes;;;;;;;;;;;;;
EVTDESC200002;\n\nToday,_our_king_layed_the_second_corner_stone_of_the_Cologne_cathedral,_after_300_years_of_building_freeze._"Here,_where_the_corner_stone_lies,_there_should_be_the_towers,_which_will_form_the_most_beautiful_gate_in_the_whole_world!";;;;;;;;;;;;;
EVTOPTA200002;Go ahead.;;;;;;;;;;;;;
EVTNAME200003;The Completion of the Cathedral;;;;;;;;;;;;;
EVTDESC200003;\n\nIn_a_celebration,_the_Cathedral_of_Cologne_was_inaugurated_today._This_shows_clearly_the_high_cultural_and_technical_standard_of_our_great_nation!;;;;;;;;;;;;;
EVTOPTA200003;Beautiful!;;;;;;;;;;;;;
EVTNAME200005;The German Anthem;;;;;;;;;;;;;
EVTDESC200005;\n\nA_debate_is_held_in_the_parliament_of_our_newborn_nation._Nationalists,_liberals,_monarchists_and_conservatives_argued_in_an_open_tumoil_regarding_the_new_anthem_of_Germany._Several_songs_were_nominated,_but_each_has_a_different_meaning_for_different_political_groups._Intellectuals_are_convinced,_that_the_new_anthem_will_have_a_heavy_influence_on_our_people,_and_will_be_a_symbol_of_Germany_in_the_world._The_struggle_between_monarchists_and_liberals_was_settled_by_some_moderate_conservatives,_who_proposed_other_suggestions_for_the_anthem._In_the_end,_we_have_now_four_nominations,_the_first_proposed_by_the_monarchists,_the_second_by_the_liberals,_and_the_other_two_as_a_way_to_strike_a_balance.;;;;;;;;;;;;;
EVTOPTA200005;Heil dir im Siegerkranz sounds good.;;;;;;;;;;;;;
EVTOPTB200005;Deutschland, Deutschland über alles - seems to be a classic.;;;;;;;;;;;;;
EVTOPTC200005;Was ist des Deutschen Vaterland? is clearly the best!;;;;;;;;;;;;;
EVTOPTD200005;I like "Die Wacht am Rhein"?;;;;;;;;;;;;;
EVTNAME200008;The Göttinger Seven;;;;;;;;;;;;;
EVTDESC200008;\n\nImmediately_upon_his_arrival_in_Hanover,_the_new_King_Ernest_August_dissolved_the_parliament_which_had_been_convened_under_the_disputed_constitution._He_proclaimed_the_suspension_of_the_constitution,_on_the_ground_that_his_consent_had_not_been_asked,_and_that_it_did_not_meet_the_kingdom's_needs._The_King_issued_a_patent,_declaring_the_constitution_void,_but_upholding_all_laws_passed_under_it._The_1819_constitution_was_restored._In_carrying_the_King's_patent_into_effect,_the_Cabinet_required_all_officeholders_(including_professors_at_Göttingen_University)_to_renew_their_oaths_of_allegiance_to_the_King._Seven_professors_(including_the_two_Brothers_Grimm)_refused_to_take_the_oaths,_and_agitated_for_others_to_protest_against_the_King's_decree._Since_they_did_not_take_the_oaths,_the_seven_lost_their_positions,_and_the_King_expelled_the_three_most_responsible_(including_Jacob_Grimm)_from_Hanover._However,_he_was_widely_criticized_in_other_parts_of_Germany_and_Europe.;;;;;;;;;;;;;
EVTNAME200011;The Famous Göttinger Seven;;;;;;;;;;;;;
EVTDESC200011;\n\nRemember_our_heroes!_Remember_the_Göttinger_Seven!_Praise_their_virtues!_When_Professor_Dahlmann_published_his_documents_against_the_King_of_Hanover,_it_received_popular_support_by_German_students_and_liberals._It_had_an_explosive_influence_in_the_German_states_of_the_German_Confederation._The_students_at_the_University_of_Göttingen_produced_many_hundreds,_or_even_thousands,_of_copies_and_disseminated_them_across_Germany.;;;;;;;;;;;;;
EVTNAME200012;The Göttinger Seven Seek Refuge;;;;;;;;;;;;;
EVTDESC200012;\n\nHistory_shows_us_noble_and_free_men,_who_dared_to_say_the_full_truth_in_the_face_of_the_King._The_permission_has_one,_who_has_courage._After_their_struggle_in_Hanover,_some_of_the_Göttinger_Seven_searched_a_new_university_where_they_could_continue_their_work,_namely_Dahlmann,_Gervinus_and_Jacob_Grimm.;;;;;;;;;;;;;
EVTNAME200014;Vormärz;;;;;;;;;;;;;
EVTDESC200014;\n\nIn_$YEAR$,_the_states_of_the_German_Confederation_were_in_the_middle_of_the_so-called_'Vormärz'_(pre-March)._The_name_derived_from_the_later_(failed)_revolution_in_the_March_of_1848,_and_was_a_period_which_was_shaped_by_the_Austrian_and_Prussian_police_states,_the_censorship_of_the_press_and_restricted_freedoms._But_it_was_also_the_time_of_German_romanticism,_evolving_nationalism_and_great_personalities,_which_made_Germany_to_the_land_of_poets_and_thinkers._German_culture_blossomed,_intellectuals_stood_up_against_reactionary_governments,_and_such_ideas_as_national_unity_and_wider_suffrage_became_topics_of_a_new_liberal_and_democratic_movement.;;;;;;;;;;;;;
EVTNAME200015;The Kneeling Controversy;;;;;;;;;;;;;
EVTDESC200015;\n\nTraditionally,_Bavaria_was_a_catholic_state._But_with_the_foundation_of_the_kingdom_and_the_annexations_of_surrounding_lands_in_the_Napoleonic_age,_Bavaria_gained_large_territories_which_were_protestant._In_this_time,_the_king_promoted_a_more_tolerant_politic_toward_his_subjects._An_example_was_the_edict,_that_protestant_soldiers_had_not_to_knee_in_front_of_a_Catholic_mass_or_procession._However,_Minister_Karl_von_Abel_has_proposed_to_change_this.;;;;;;;;;;;;;
EVTNAME200016;The Era Blittersdorf;;;;;;;;;;;;;
EVTDESC200016;\n\nBaden_was_one_of_the_most_liberal_states_in_the_German_Confederation._However,_in_the_late_1830s_and_beginning_1840s,_minister_Friedrich_von_Blittersdorf_went_against_the_liberal_and_democratic_traditions_of_Baden._He_promoted_monarchic_traditions,_which_lead_to_much_discontent_among_the_liberal_society_of_this_south_German_country._Especially_the_bureaucrats_and_officials_were_upset_by_his_reactionary_politics.;;;;;;;;;;;;;
EVTNAME200019;Deutsches Wörterbuch;;;;;;;;;;;;;
EVTDESC200019;\n\nDas_Deutsche_Wörterbuch_(The_German_Dictionary)_is_one_of_the_most_important_dictionaries_of_the_German_language._It_is_for_German_what_the_Oxford_English_Dictionary_is_for_English,_containing_detailed_historical_information_about_the_origin_and_use_over_time_of_German_words,_with_examples_taken_from_actual_documents._In_German_the_dictionary_is_also_known_as_"Der_Grimm"._It_was_started_by_the_Grimm_brothers_(known_also_for_Grimms'_Fairy_Tales)_in_1838._Initially_the_Grimm_brothers_expected_the_project_to_take_ten_years_and_produce_6-7_volumes._In_fact,_the_first_volume_was_not_published_until_1854._Wilhelm_Grimm_died_in_1859,_and_Jacob_in_1863,_while_working_on_the_entry_for_'Frucht'_(fruit)._After_their_deaths_multiple_institutions_were_involved_in_the_work,_including_the_Prussian_Academy_of_Sciences_and_the_Berlin_Academy,_with_a_center_in_Goettingen_also_involved._Finally_completed_in_1961,_the_dictionary_will_contain_32_volumes_and_include_about_350,000_main_entries._The_"Grimm"_was_not_only_a_scientific,_but_also_national_work.;;;;;;;;;;;;;
EVTNAME200021;Deutschland. Ein Wintermärchen;;;;;;;;;;;;;
EVTDESC200021;\n\nIn_1843,_the_German_poet_Heinrich_Heine,_who_left_Germany_1831_for_France,_went_back_for_a_few_weeks,_visiting_his_mother_and_publisher_Julius_Campe_in_Hamburg._Heine_was_not_a_typical_romantic_author,_but_more_a_satirical_one_who_criticized_the_reactionary_policy_and_censorship_of_the_authoritarian_German_states,_but_also_his_nationalistic_and_chauvinistic_compatriots._On_the_return_journey_to_Paris,_the_first_draft_of_'Deutschland._Ein_Wintermärchen'_(Germany:_A_Winter's_Tale)_took_shape._The_verse_epic_appeared_in_1844_published_by_Hoffmann_and_Campe,_Hamburg._According_to_the_censorship_regulations_of_the_Carlsbad_Conference_of_1819,_manuscripts_of_more_than_twenty_folios_did_not_fall_under_the_scrutiny_of_the_censor._Therefore_it_was_published_together_with_other_poems_in_a_volume_called_'New_Poems'._The_work_showed_Heine's_world_of_images_and_his_folk-song-like_poetic_diction_in_a_compact_gathering,_with_cutting,_ironic_criticisms_of_the_circumstances_in_his_homeland._Heine's_verse-epic_was_much_debated_in_Germany.;;;;;;;;;;;;;
EVTNAME200029;Germanistentag 1846;;;;;;;;;;;;;
EVTDESC200029;\n\nIn_1846,_a_conference_of_German_historians,_philologists_and_lawyers_was_held_in_Frankfurt._German_history,_law_and_language_were_debated_topics,_but_also_political_issues_like_the_question_regarding_a_national_state._Some_of_the_prominent_personalities_at_this_remarkable_meeting_of_German_thinkers_were_Jacob_and_Wilhelm_Grimm,_Friedrich_Christoph_Dahlmann,_Georg_Waitz_and_Johann_Gustav_Droysen._The_venue_was_the_old_townhall_of_Frankfurt,_the_'Römer'.;;;;;;;;;;;;;
EVTNAME200031;Germanistentag 1847;;;;;;;;;;;;;
EVTDESC200031;\n\nIn_1847,_a_conference_of_German_historians,_philologists_and_lawyers_was_held_in_Frankfurt._170_academics_under_the_leadership_of_Jacob_Grimm_debated_on_history,_law_and_language,_but_also_political_issues._The_conference_was_described_as_an_"intellectual_assembly_of_the_German_people"._On_the_last_day,_when_a_banquet_was_held_in_the_old_town_hall_of_Lubeck,_Heinrich_Carl_Jaup_demanded_a_general_citizenship_as_a_first_step_towards_a_unified_nation_state.;;;;;;;;;;;;;
EVTNAME200034;The Constitutional Conflict;;;;;;;;;;;;;
EVTDESC200034;\n\nLike_Baden,_Hesse-Kassel_had_a_rather_liberal_constitution._But_after_the_liberal_revolution,_Elector_Friedrich_Wilhelm_assigned_a_reactionary_government_and_conducted_an_unpopular_policy_against_the_traditional_liberties._The_most_radical_step_were_his_decrees,_which_were_against_the_constitution._A_conflict_between_the_elector_and_the_parliament_evolved,_ending_in_the_suspension_of_the_constitution.;;;;;;;;;;;;;
EVTNAME200035;Humboldt's Kosmos;;;;;;;;;;;;;
EVTDESC200035;\n\nKosmos_(usually_referred_to_in_English_as_'Cosmos')_was_an_influential_treatise_on_science_and_nature_written_by_the_German_scientist_and_explorer_Alexander_von_Humboldt._Kosmos_began_as_a_lecture_series_delivered_by_Humboldt_at_the_University_of_Berlin,_and_was_published_in_five_volumes_between_1845_and_1862_(the_fifth_was_posthumous_and_incomplete)._Widely_read_by_academics_and_laymen_alike,_it_applied_the_ancient_Greek_view_of_the_orderliness_of_the_cosmos_(the_universe)_to_the_Earth,_suggesting_that_universal_laws_applied_as_well_to_the_apparent_chaos_of_the_terrestrial_world._Controversially_for_the_time,_Humboldt_in_Kosmos_spoke_of_the_spirituality_of_the_natural_world_only_in_general_terms,_avoiding_the_notion_of_a_creator.;;;;;;;;;;;;;
EVTNAME200036;Robert Schumann;;;;;;;;;;;;;
EVTDESC200036;\n\nRobert_Schumann_is_regarded_as_one_of_the_most_representative_composers_of_the_Romantic_era._In_1850,_he_succeeded_Ferdinand_Hiller_as_musical_director_and_moved_to_Düsseldorf._Although_criticized_regarding_his_poor_conductor_skills_and_scoffed_because_of_his_"creative_decay",_Schumann_composed_his_last_symphony,_the_'Rhenish'._He_used_Beethoven's_and_Mendelssohn's_symphonies_as_a_model,_but_was_also_inspired_by_his_impressions_of_the_Rhineland._Schumann_himself_stated,_that_his_journey_to_Cologne_and_the_sight_of_the_cathedral_were_his_main_inspiration_for_this_composition,_which_became_one_of_his_most_famous_works.;;;;;;;;;;;;;
EVTNAME200037;Felix Mendelssohn Bartholdy;;;;;;;;;;;;;
EVTDESC200037;\n\nFelix_Mendelssohn_Bartholdy_was_a_German_composer,_pianist,_organist_and_conductor_of_the_early_Romantic_period._Early_success_in_Germany,_where_he_also_revived_interest_in_the_music_of_Johann_Sebastian_Bach,_was_followed_by_travel_throughout_Europe._His_essentially_conservative_musical_tastes,_however,_set_him_apart_from_many_of_his_more_adventurous_musical_contemporaries_such_as_Franz_Liszt,_Richard_Wagner_and_Hector_Berlioz._The_Leipzig_Conservatoire_(now_the_University_of_Music_and_Theater_Leipzig),_which_he_founded,_became_a_bastion_of_this_anti-radical_outlook._His_Violin_Concerto_was_his_last_large_orchestral_work_and_is_one_of_the_most_popular_and_most_frequently_performed_violin_concertos_of_all_time._The_concerto_was_first_performed_in_Leipzig_on_13_March_1845_with_Ferdinand_David_as_soloist._Mendelssohn_was_unable_to_conduct_due_to_illness_and_the_premiere_was_conducted_by_the_Danish_composer_Niels_Gade.;;;;;;;;;;;;;
EVTNAME200038;Franz Liszt;;;;;;;;;;;;;
EVTDESC200038;\n\nFranz_Liszt_became_renowned_in_Europe_during_the_nineteenth_century_for_his_virtuosic_skill_as_a_pianist._He_was_said_by_his_contemporaries_to_have_been_the_most_technically_advanced_pianist_of_his_age._In_the_1840s_he_was_considered_by_some_to_be_perhaps_the_greatest_pianist_of_all_time._He_was_also_a_well-known_composer,_piano_teacher,_and_conductor._He_was_a_benefactor_to_other_composers,_including_Richard_Wagner,_Hector_Berlioz,_Camille_Saint-Saëns,_Edvard_Grieg_and_Alexander_Borodin._He_left_behind_an_extensive_and_diverse_body_of_work_in_which_he_influenced_his_forward-looking_contemporaries_and_anticipated_some_20th-century_ideas_and_trends._When_Liszt_took_up_a_long-standing_invitation_of_Grand_Duchess_Maria_Pavlovna_of_Russia_to_settle_at_Weimar,_the_most_important_period_of_his_creative_work_began._Liszt_had_ample_time_to_compose_and_during_the_next_12_years_revised_or_produced_those_orchestral_and_choral_pieces_upon_which_his_reputation_as_a_composer_mainly_rested.;;;;;;;;;;;;;
EVTNAME200039;Johannes Brahms;;;;;;;;;;;;;
EVTDESC200039;\n\nJohannes_Brahms_was_a_German_composer_and_pianist,_and_one_of_the_leading_musicians_of_the_Romantic_period._Born_in_Hamburg,_Brahms_spent_much_of_his_professional_life_in_Vienna,_Austria,_where_he_was_a_leader_of_the_musical_scene._In_his_lifetime,_Brahms's_popularity_and_influence_were_considerable._Following_a_comment_by_the_nineteenth-century_conductor_Hans_von_Bülow,_he_is_sometimes_grouped_with_Johann_Sebastian_Bach_and_Ludwig_van_Beethoven_as_one_of_the_Three_Bs._Brahms_composed_for_piano,_chamber_ensembles,_symphony_orchestra,_and_for_voice_and_chorus._A_virtuoso_pianist,_he_premiered_many_of_his_own_works_and_worked_with_some_of_the_leading_performers_of_his_time._It_was_the_premiere_of_A_German_Requiem,_his_largest_choral_work,_in_Bremen,_in_1868,_that_confirmed_Brahms's_European_reputation_and_led_many_to_accept_that_he_had_conquered_Beethoven_and_the_symphony._This_gave_him_the_confidence_finally_to_complete_a_number_of_works_that_he_had_wrestled_with_over_many_years.;;;;;;;;;;;;;
EVTNAME200040;Schubert's 'Unfinished';;;;;;;;;;;;;
EVTDESC200040;\n\nFranz_Schubert's_Symphony_No._8_in_B_minor,_commonly_known_as_the_'Unfinished_Symphony'_(German:_Unvollendete),_was_started_in_1822_but_left_with_only_two_movements_known_to_be_complete,_even_though_Schubert_would_live_for_another_six_years._After_his_death,_the_work_fell_into_oblivion,_until_Johann_von_Herbeck_found_it_in_the_possession_of_Schubert's_friend_Anselm_Hüttenbrenner_in_1865._Herbeck_conducted_the_symphony_in_the_same_year,_and_the_performance_was_met_with_great_enthusiasm_by_the_audience._The_work_is_often_referred_to_as_Schubert’s_first_romantic_symphony_owing_to_its_emphasis_on_expressive_melody,_vivid_harmony,_and_creative_combinations_of_orchestral_tone_color._;;;;;;;;;;;;;
EVTNAME200041;Johann Strauss;;;;;;;;;;;;;
EVTDESC200041;\n\nJohann_Strauss_was_an_Austrian_composer_of_light_music,_particularly_dance_music_and_operettas._He_composed_over_500_waltzes,_polkas,_quadrilles,_and_other_types_of_dance_music,_as_well_as_several_operettas_and_a_ballet._In_his_lifetime,_he_was_known_as_"The_Waltz_King",_and_was_largely_then_responsible_for_the_popularity_of_the_waltz_in_Vienna_during_the_19th_century._Some_of_Johann_Strauss's_most_famous_works_include_The_Blue_Danube,_Kaiser-Walzer,_Tales_from_the_Vienna_Woods,_the_Tritsch-Tratsch-Polka,_and_the_Pizzicato_Polka._Among_his_operettas,_Die_Fledermaus_and_Der_Zigeunerbaron_are_the_most_well-known._The_operetta_'Die_Fledermaus'_premiered_on_5_April_1874_at_the_Theater_an_der_Wien_in_Vienna,_and_has_been_part_of_the_regular_operetta_repertoire_ever_since.;;;;;;;;;;;;;
EVTNAME200042;Gustav Mahler;;;;;;;;;;;;;
EVTDESC200042;\n\nGustav_Mahler_was_a_late-Romantic_Austrian_composer_and_one_of_the_leading_conductors_of_his_generation._As_a_composer,_he_acted_as_a_bridge_between_the_19th_century_Austro-German_tradition_and_the_modernism_of_the_early_20th_century._While_in_his_lifetime_his_status_as_a_conductor_was_established_beyond_question,_his_own_music_gained_wide_popularity_only_after_periods_of_relative_neglect_which_included_a_ban_on_its_performance_in_much_of_Europe_during_the_Nazi_era._After_graduating_from_the_Vienna_Conservatory_in_1878,_he_held_a_succession_of_conducting_posts_of_rising_importance_in_the_opera_houses_of_Europe,_culminating_in_his_appointment_in_1897_as_director_of_the_Vienna_Court_Opera_(Hofoper)._His_innovative_productions_and_insistence_on_the_highest_performance_standards_ensured_his_reputation_as_one_of_the_greatest_of_opera_conductors,_particularly_as_an_interpreter_of_the_stage_works_of_Wagner_and_Mozart.;;;;;;;;;;;;;
EVTNAME200043;Richard Strauss;;;;;;;;;;;;;
EVTDESC200043;\n\nRichard_Georg_Strauss_was_a_leading_German_composer_of_the_late_Romantic_and_early_modern_eras._He_is_known_for_his_operas,_which_include_Der_Rosenkavalier_and_Salome,_his_Lieder_-_especially_his_Four_Last_Songs_-_and_his_tone_poems_and_other_orchestral_works,_such_as_Death_and_Transfiguration,_Till_Eulenspiegel's_Merry_Pranks,_Also_sprach_Zarathustra,_An_Alpine_Symphony,_and_Metamorphosen._Strauss_was_also_a_prominent_conductor_throughout_Germany_and_Austria._Strauss,_along_with_Gustav_Mahler,_represents_the_late_flowering_of_German_Romanticism_after_Richard_Wagner,_in_which_pioneering_subtleties_of_orchestration_are_combined_with_an_advanced_harmonic_style._In_1905,_Strauss_produced_Salome,_a_somewhat_dissonant_modernist_opera_based_on_the_play_by_Oscar_Wilde,_in_1909_followed_Elektra._Both_were_performed_in_Dresden_for_the_first_time.;;;;;;;;;;;;;
EVTNAME200044;Anton Bruckner;;;;;;;;;;;;;
EVTDESC200044;\n\nAnton_Bruckner_was_an_Austrian_composer_known_for_his_symphonies,_masses,_and_motets._The_first_are_considered_emblematic_of_the_final_stage_of_Austro-German_Romanticism_because_of_their_rich_harmonic_language,_strongly_polyphonic_character,_and_considerable_length._Bruckner's_compositions_helped_to_define_contemporary_musical_radicalism,_owing_to_their_dissonances,_unprepared_modulations,_and_roving_harmonies._Unlike_other_musical_radicals,_such_as_Richard_Wagner_or_Hugo_Wolf_who_fit_the_enfant_terrible_mould,_Bruckner_showed_extreme_humility_before_other_musicians,_Wagner_in_particular._The_apparent_dichotomy_between_Bruckner_the_man_and_Bruckner_the_composer_hampers_efforts_to_describe_his_life_in_a_way_that_gives_a_straightforward_context_for_his_music._His_works,_the_symphonies_in_particular,_had_detractors,_most_notably_the_influential_Austrian_critic_Eduard_Hanslick,_and_other_supporters_of_Johannes_Brahms._He_died_in_1896.;;;;;;;;;;;;;
EVTNAME200045;Arnold Schönberg;;;;;;;;;;;;;
EVTDESC200045;\n\nArnold_Schönberg_was_an_Austrian_composer_and_painter,_associated_with_the_expressionist_movement_in_German_poetry_and_art,_and_leader_of_the_Second_Viennese_School._In_the_1920s,_Schönberg_developed_the_twelve-tone_technique,_a_widely_influential_compositional_method_of_manipulating_an_ordered_series_of_all_twelve_notes_in_the_chromatic_scale._He_also_coined_the_term_developing_variation,_and_was_the_first_modern_composer_to_embrace_ways_of_developing_motifs_without_resorting_to_the_dominance_of_a_centralized_melodic_idea._Schönberg_was_also_a_painter,_an_important_music_theorist,_and_an_influential_teacher.;;;;;;;;;;;;;
EVTNAME200046;Mondnacht;;;;;;;;;;;;;
EVTDESC200046;\n\nJoseph_Freiherr_von_Eichendorff_was_a_German_poet_and_novelist_of_the_later_German_romantic_school._Eichendorff's_guiding_poetic_theme_was_that_Man_should_find_happiness_in_full_absorption_of_the_beauties_and_changing_moods_of_Nature._The_lyricism_of_Eichendorff's_poetry_is_much_praised,_and_his_poems_have_been_set_by_many_composers,_including_Schubert,_Schumann,_Mendelssohn,_Brahms,_Hugo_Wolf,_Richard_Strauss,_Friedrich_Nietzsche,_Hans_Pfitzner,_and_Alexander_Zemlinsky._In_1837,_his_poem_'Mondnacht'_(Night_of_the_Moon)_was_published,_which_is_often_seen_as_the_"pearl_of_pearls"_of_German_romantic_lyricism.;;;;;;;;;;;;;
EVTNAME200047;Carl Spitzweg;;;;;;;;;;;;;
EVTDESC200047;\n\nCarl_Spitzweg_was_a_German_romanticist_painter_and_poet._He_is_considered_to_be_one_of_the_most_important_artists_of_the_Biedermeier_era._His_father,_a_wealthy_merchant,_had_Carl_trained_as_a_pharmacist._He_attained_his_qualification_from_the_University_of_Munich,_but_while_recovering_from_an_illness_he_also_took_up_painting._Spitzweg_was_self-taught_as_an_artist,_and_began_by_copying_the_works_of_Flemish_masters._He_contributed_his_first_work_to_satiric_magazines._Upon_receiving_an_inheritance_in_1833,_he_was_able_to_dedicate_himself_to_painting._His_later_paintings_and_drawings_were_often_humorous_genre_works._In_1839,_his_first_painting_'The_Poor_Poet'_was_published._;;;;;;;;;;;;;
EVTNAME200049;The Weavers of $PROVINCENAME$;;;;;;;;;;;;;
EVTDESC200049;\n\nIn_$PROVINCENAME$,_social,_economical_and_political_problems_are_evident._Upcoming_liberal_ideals_and_emerging_poverty_among_the_traditional_artisans_have_created_a_menacing_conflict_situation._Rumors_do_the_rounds,_that_a_rebellion_will_take_place,_headed_by_the_local_weavers.;;;;;;;;;;;;;
EVTNAME200050;Weavers’ Uprising;;;;;;;;;;;;;
EVTDESC200050;\n\nIn_$YEAR$,_an_uprising_of_weavers_took_place_in_$COUNTRY$._The_revolt_was_crushed_by_the_$COUNTRY_ADJ$_military,_but_was_closely_observed_by_the_German_society_and_treated_by_several_artists,_among_them_Heinrich_Heine_(poem_Die_armen_Weber)._It_was_seen_as_a_symbol_of_the_unsettled_problems_in_Germany,_regarding_political_and_social_reforms.;;;;;;;;;;;;;
EVTDESC200051;\n\nIn_$YEAR$,_an_uprising_of_weavers_took_place_in_$FROMCOUNTRY$._The_revolt_was_crushed_by_the_$FROMCOUNTRY_ADJ$_military,_but_was_closely_observed_by_the_German_society_and_treated_by_several_artists,_among_them_Heinrich_Heine_(poem_Die_armen_Weber)._It_was_seen_as_a_symbol_of_the_unsettled_problems_in_Germany,_regarding_political_and_social_reforms.;;;;;;;;;;;;;
EVTNAME200052;The Weavers;;;;;;;;;;;;;
EVTDESC200052;\n\nIn_$YEAR$,_Gerhart_Hauptmann's_play_The_Weavers_was_first_performed._Most_of_the_characters_are_proletarians_struggling_for_their_rights._Unlike_most_plays_of_any_period,_as_pointed_out_many_times_in_literature_criticism_and_introductions,_the_play_has_no_true_central_character,_providing_ample_opportunities_for_ensemble_acting._Instead_of_a_hero,_Hauptmann_created_a_mob._This_mob_is_therefore_the_protagonist_-_or_chief_character_-_and_if_individuals_emerge_from_the_rank_and_file_they_are_not_thrust_into_the_foreground_to_stay_long._The_historical_background_was_the_Weavers'_Uprising_in_the_1840s.;;;;;;;;;;;;;
EVTNAME500001;The Polish Uprising of $YEAR$;;;;;;;;;;;;;
EVTDESC500001;\n\nAfter_our_country_was_came_out_of_the_latest_war,_our_subjects_in_Congress_Poland_and_other_parts_of_our_empire_are_getting_restless._The_uprising_began_as_a_spontaneous_protest_by_young_Poles_against_conscription_into_the_Imperial_Russian_Army._It_was_soon_joined_by_high-ranking_Polish-Lithuanian_officers_and_various_politicians._In_Vilnius_alone_116_demonstrations_were_held_in_$YEAR$._Much_of_these_manifestations_in_Vilnius_ended_in_clashes_with_the_Imperial_Russian_Army._In_spite_of_Russian_police_and_Cossack_interference,_a_symbolic_meeting_of_hymn-singing_Poles_and_Lithuanians_took_place_on_the_bridge_across_Niemen_River._The_crowds_sang_"God_protect_Poland"_in_Lithuanian_and_Belarusian._Earlier_in_$YEAR$_Russians_had_introduced_a_state_of_emergency_in_Vilna_Governorate,_Kovno_Governorate_and_Grodno_Governorate._Public_gatherings_were_banned_and_some_public_leaders_were_declared_outlaws.;;;;;;;;;;;;;
EVTOPT500001A;Suppress them immediately.;;;;;;;;;;;;;
EVTOPT500001C;Let them be free.;;;;;;;;;;;;;
EVTNAME500002;The Polish Uprising;;;;;;;;;;;;;
EVTDESC500002;\n\nPolish_subjects_of_$FROMCOUNTRY$,_together_with_some_other_nationalities_in_the_territory_of_the_former_Polish-Lithuanian_Commonwealth,_started_a_general_uprising_against_$FROMCOUNTRY$._There_is_an_outcry_from_some_sectors_of_our_population_to_support_Polish_freedom,_but_there_wouldn't_be_any_problems_if_we_stayed_neutral_on_this_matter_either.;;;;;;;;;;;;;
EVTOPT500002A;Help the Poles in any way we can.;;;;;;;;;;;;;
EVTOPT500002B;Condemn $FROMCOUNTRY$'s action.;;;;;;;;;;;;;
EVTOPT500002C;Stay neutral on the matter.;;;;;;;;;;;;;
EVTOPT500002D;Pronounce our support to $FROMCOUNTRY$.;;;;;;;;;;;;;
EVTNAME500003;The Rebellion is Crushed;;;;;;;;;;;;;
EVTDESC500003;\n\nTraugutt,_the_insurrection_general,_and_the_four_other_members_of_the_Polish_Government_were_apprehended_by_$COUNTRY_ADJ$_troops_and_executed_at_the_Warsaw_citadel._The_war_in_the_course_of_which_650_battles_and_skirmishes_were_fought_and_twenty-five_thousand_Polish_killed,_came_to_a_speedy_end_in_$YEAR$._The_tzar_passed_laws_and_edicts_to_make_the_land_an_integral_part_of_Russia's_territory_and_decided_how_to_deal_with_the_rebels.;;;;;;;;;;;;;
EVTOPT500003A;There will be harsh reprisals.;;;;;;;;;;;;;
EVTOPT500003B;Be lenient with them.;;;;;;;;;;;;;
EVTNAME188128;Christ of Europe;;;;;;;;;;;;;
EVTDESC188128;\n\nRomantic_Slavic_messianism_held_the_idea_that_the_Slavs_(or_specific_nations_such_as_Poland)_are_being_crucified_so_that_other_European_nations_may_eventually_be_redeemed._The_image_of_Poland_as_the_Christ_of_Europe_was_first_evoked_by_Adam_Mickiewicz_in_his_tragic_poetical_play_Dziady_(1832),_written_in_the_aftermath_of_the_country's_unsuccessful_1830_uprising_against_the_Russian_Empire,_considered_by_some_to_be_one_of_the_great_works_of_European_romanticism.;;;;;;;;;;;;;
EVTOPTA188128;Interesting idea.;;;;;;;;;;;;;
EVTNAME188129;Greater Poland Uprising;;;;;;;;;;;;;
EVTDESC188129;King_Frederick_William_IV_of_Prussia_amnestied_the_Polish_prisoners,_who_found_a_'Polish_Legion',_and_were_armed_with_weapons_from_the_Royal_Prussian_Arsenal._Speeches_during_the_demonstration_were_made_about_joint_fight_against_Russian_Empire_to_free_Congress_Poland._Inspired_by_the_events_in_Berlin,_a_demonstration_in_Poznañ_was_organized_and_the_authorities_agreed_to_creation_of_delegation_that_would_bring_proposals_of_Polish_side_to_Berlin_and_to_the_Prussian_King._A_Polish_National_Committee,_dominated_by_conservatives_and_liberals,_was_formed._Armed_peasants_and_townspeople_attacked_Prussian_administrative_offices_and_clashed_with_troops._Meanwhile,_the_National_Committee,_which_would_have_been_satisfied_with_autonomy_for_the_duchy,_entered_into_negotiations_with_the_Prussian_authorities,_counting_on_concessions_from_them.;;;;;;;;;;;;;
EVTNAME188130;Galician Administration;;;;;;;;;;;;;
EVTDESC188130;\n\nAfter_the_Ausgleich,_representatives_of_the_Polish_aristocracy_and_intelligentsia_addressed_the_Emperor_asking_for_greater_autonomy_for_Galicia._Their_demands_were_not_accepted_outright,_but_over_the_course_of_the_next_several_years_a_number_of_significant_concessions_were_made_toward_the_establishment_of_Galician_autonomy._From_1873,_Galicia_was_de_facto_an_autonomous_province_of_Austria-Hungary_with_Polish_and,_to_a_much_lesser_degree,_Ukrainian_or_Ruthenian,_as_official_languages._The_Germanisation_had_been_halted_and_the_censorship_lifted_as_well._Galicia_was_subject_to_the_Austrian_part_of_the_Dual_Monarchy,_but_the_Galicia_Diet_and_provincial_administration_had_extensive_privileges_and_prerogatives,_especially_in_education,_culture,_and_local_affairs.;;;;;;;;;;;;;
EVTNAME188131;Frédéric Chopin;;;;;;;;;;;;;
EVTDESC188131;\n\nFrédéric_François_Chopin,_a_Polish_composer_and_virtuoso_pianist,_died_today_in_Paris._He_gained_and_has_maintained_renown_worldwide_as_one_of_the_leading_musicians_of_this_era,_whose_"poetic_genius_was_based_on_a_professional_technique_that_was_without_equal_in_his_generation."_Chopin_was_born_in_what_was_then_the_Duchy_of_Warsaw,_and_grew_up_in_Warsaw,_which_after_1815_became_part_of_Congress_Poland._A_child_prodigy,_he_completed_his_musical_education_and_composed_many_of_his_works_in_Warsaw_before_leaving_Poland_at_the_age_of_20,_less_than_a_month_before_the_outbreak_of_the_November_1830_Uprising._Chopin_made_his_last_public_appearance_on_a_concert_platform_at_London's_Guildhall_on_16_November_1848,_when,_in_a_final_patriotic_gesture,_he_played_for_the_benefit_of_Polish_refugees.;;;;;;;;;;;;;
EVTNAME188132;The Hungarian Diet of 1839-40;;;;;;;;;;;;;
EVTDESC188132;\n\nThe_alarm_of_the_popularity_of_the_Liberal_party_induced_it,_soon_after_the_accession_of_the_new_emperor_Ferdinand_I.,_to_attempt_to_crush_the_Hungarian_reform_movement_by_arresting_and_imprisoning_the_most_active_agitators_among_them,_Lajos_Kossuth_and_Miklós_Wesselényi._The_Diet_of_1839-40_refused_to_proceed_to_business_till_the_political_prisoners_had_been_released,_and,_while_in_the_Lower_Chamber_the_reforming_majority_was_larger_than_ever,_a_Liberal_party_was_now_also_formed_in_the_Upper_House._Among_the_positive_steps_taken_by_the_Diet_of_1839-40_was_the_new_urbarial_law_permitting_individual_serfs,_as_well_as_entire_communities,_to_pay_a_fixed_sum_as_manumission_compensation,_thus_opening_the_way_for_serfs_to_become_free_landowners._The_Diet_also_acted_to_safeguard_the_free_development_of_industrial_enterprises_and_to_limit_child_labor_and_decided_to_prepare_a_new_penal_code_on_the_basis_of_the_best_available_foreign_sources,_including_American.;;;;;;;;;;;;;
EVTOPTA188132;Worrying news.;;;;;;;;;;;;;
EVTNAME188133;The Hungarian Diet of 1843-44;;;;;;;;;;;;;
EVTDESC188133;\n\nAlternately_resisting_and_yielding_to_the_pressures_of_clashing_linguistic_nationalisms,_the_Austrian_authorities_were_less_willing_to_make_concessions_in_the_economic_sphere._Both_chambers_of_the_Diet_of_1843-44_jointly_requested_the_modification_of_internal_tariffs_separating_Hungary_from_the_rest_of_the_Habsburg_lands._This_plea,_of_concern_to_liberals_and_conservatives_alike,_received_only_evasive_answer._Indignantly,_the_predominantly_liberal_Chamber_of_Deputies_passed_a_resolution_supporting_the_recently_founded_National_Protective_Association._This_group_sought_to_exlude_Austrian_manufactures_from_Hungary_under_the_slogan_"Buy_Hungarian!"_The_new_association_elected_as_its_director_Kossuth,_who_had_recently_been_forced_out_of_the_editorship_of_the_newspaper_called_Pesti_Hirlap.;;;;;;;;;;;;;
EVTOPTA188133;Worrying news.;;;;;;;;;;;;;
EVTNAME188134;The Hungarian Reform Era;;;;;;;;;;;;;
EVTDESC188134;\n\nIn_the_1820s,_the_Emperor_Francis_I_was_forced_to_convene_the_Hungarian_Diet,_and_thus_a_Reform_Period_ensued._Nevertheless,_its_progress_was_slow,_because_the_nobles_insisted_on_retaining_their_privileges._Count_István_Széchenyi,_the_most_prominent_statesmen_of_the_country,_recognized_the_urgent_need_for_modernization_and_his_message_was_taken_to_heart_by_other_Hungarian_political_leaders,_such_as_Ferenc_Deák_and_Lajos_Kossuth._A_liberal_party_emerged_in_the_Diet_that_focused_on_providing_for_the_peasantry_in_mostly_symbolic_ways_because_of_their_ability_to_understand_the_needs_of_the_laborers.;;;;;;;;;;;;;
EVTOPTA188134;Worrying news.;;;;;;;;;;;;;
EVTNAME188135;The Hungarian Revolution of $YEAR$;;;;;;;;;;;;;
EVTDESC188135;\n\nWhen_news_of_the_uprisings_in_Europe_reached_Hungary,_Lajos_Kossuth_made_a_speech_to_demand_a_parliamentary_government_for_Hungary,_further_encouraging_the_young_radical_liberals_to_do_more_than_just_talk_about_insurrection._In_the_following_days,_these_dissidents_wrote_a_list_of_12_Points_demanding_comprehensive_democratic_rights_(such_as_freedom_of_the_press_and_the_liberation_of_political_prisoners),_while_poet_Sándor_Petõfi_composed_his_poetic_masterpiece,_the_'National_Song'._Revolutionaries_marched_into_the_streets_of_Budapest_to_visit_various_plazas_and_loudly_recite_their_12_Points,_gathering_a_fast-growing_crowd_of_sympathizers_to_join_their_movement._Before_long,_thousands_of_fired-up_Budapest_citizens_were_parading_through_the_city,_defying_censorship_by_seizing_the_presses_to_print_and_distribute_the_12_Points._The_crowd_crossed_the_Danube_to_Buda_to_rally_in_front_of_the_Habsburg_governing_council,_where_the_emperor's_representatives_fearfully_agreed_to_enact_the_12_Points.;;;;;;;;;;;;;
EVTOPTA188135;They will regret this!;;;;;;;;;;;;;
EVTNAME188136;Maritime and Colonial League;;;;;;;;;;;;;
EVTDESC188136;\n\nIn_$YEAR$,_Poland_signed_an_agreement_called_the_'Treaty_of_Friendship'_with_Liberia._Poland_obtained_the_status_of_the_"most_privileged_state"_and_facilitated_access_to_farmland_and_raw_materials_in_Liberia._According_to_one_of_Makarczyk's_later_accounts,_the_treaty_was_also_supposed_to_include_a_secret_clause_that_allowed_the_League_to_recruit_up_to_100,000_Liberians_to_the_Polish_Army_in_case_of_war._The_League_was_planning_to_promote_a_large-scale_Polish_settlement_in_Liberia._A_group_of_Polish_pioneers_boarded_the_vessel_S.S._Poznañ,_which_took_them_from_Gdynia_to_Monrovia._Polish_farms_were_established_in_Liberia_but_did_not_bring_large_profits_due_to_small_investments_flowing_in_from_Poland._With_time,_Liberia_became_frightened_by_reckless_articles_in_the_Polish_press_that_labeled_the_Black_Republic_as_practically_a_Polish_colony._In_addition,_the_American_press_launched_an_anti-Polish_campaign,_perhaps_inspired_by_the_large_corporation_Firestone_with_interests_in_Liberia.;;;;;;;;;;;;;
EVTOPTA188136;Glory for Poland!;;;;;;;;;;;;;
EVTNAME188137;Conflict in Hungary;;;;;;;;;;;;;
EVTDESC188137;The_Hungarian_'April_Laws'_ignored_Croatian_autonomy._In_response,_Croatian_leaders_called_for_a_distinct_Croatia_as_a_separate_entity_under_the_Habsburgs._Austria_now_sent_a_new_royal_Ban_to_Croatia,_Josip_Jelacic._He_refused_to_accept_orders_from_the_new_Hungarian_regime,_set_up_his_own_ruling_council_and_widened_the_franchise_to_elect_a_new_Sabor,_which_endorsed_his_actions._Then_he_invaded_Hungary_to_dissolve_the_Hungarian_Government,_without_any_order_by_the_Austrian_throne._We_should_send_Field_Marshall_Count_Franz_Philipp_von_Lamberg_to_Hungary_to_take_personal_control_over_their_armies_and_stop_the_conflict_between_Hungarians_and_Croats.;;;;;;;;;;;;;
EVTOPTA188137;This is our chance to restore order in Hungary!;;;;;;;;;;;;;
EVTNAME188138;Hungarian War of Independence;;;;;;;;;;;;;
EVTDESC188138;The_Croatian_leaders_refused_to_join_us_and_called_for_a_distinct_Croatia_as_a_separate_entity_under_the_Habsburgs._Austria_now_sent_a_new_royal_Ban_to_Croatia,_Josip_Jelacic._He_refused_to_accept_orders_from_us,_set_up_his_own_ruling_council_and_widened_the_franchise_to_elect_a_new_Sabor,_which_endorsed_his_actions._Now_he_is_invading_us_to_dissolve_our_government,_without_any_order_by_the_Austrian_throne!_Austria_sent_Field_Marshall_Count_Franz_Philipp_von_Lamberg_to_take_personal_control_over_our_armies_and_stop_the_conflict_between_us_-_which_means_the_end_of_our_independence.;;;;;;;;;;;;;
EVTOPTA188138;Never! To arms!;;;;;;;;;;;;;
EVTOPTB188138;We have no choice but to accept it?;;;;;;;;;;;;;
EVTNAME188139;Hungarian War of Independence;;;;;;;;;;;;;
EVTDESC188139;Hungary_refused_our_order_and_Field_Marshall_Count_Franz_Philipp_von_Lamberg_was_mobbed_and_viciously_murdered!_We_should_order_the_Hungarian_Diet_dissolved_and_appoint_Jelacic_as_Regent_of_Hungary_to_end_this_rebellion.;;;;;;;;;;;;;
EVTOPTA188139;We will restore order!;;;;;;;;;;;;;
EVTOPTB188139;We have no choice but to let them go?;;;;;;;;;;;;;
EVTNAME188140;Hungary Surrenders;;;;;;;;;;;;;
EVTDESC188140;Hungary_obeyed_our_order,_and_the_Imperial_court_dissolved_the_Hungarian_Diet_and_appointed_Jelacic_as_Regent._Hungary_became_an_integral_part_of_the_empire_once_again!;;;;;;;;;;;;;
EVTOPTA188140;Well done!;;;;;;;;;;;;;
EVTNAME188141;Kossuth's Recruitment Tour;;;;;;;;;;;;;
EVTDESC188141;The_country_is_in_danger!_We_area_facing_critical_hours._There_is_one_question:_Shall_we_lose_our_obtained_rights_and_independence?_Shall_we_surrender_to_the_imperial_eagle?_There_is_one_answer:_NO!_The_Hungarian_government_was_in_serious_military_crisis_due_to_the_lack_of_soldiers,_therefore_they_sent_Kossuth_(a_brilliant_orator)_to_recruit_volunteers_for_the_new_Hungarian_army._While_the_Austrian_armies_were_marching_on_Pest,_Kossuth_went_from_town_to_town_rousing_the_people_to_the_defense_of_the_country,_and_the_popular_force_of_the_Honvéd_was_his_creation.;;;;;;;;;;;;;
EVTOPTA188141;Come to arms! We are going to win!;;;;;;;;;;;;;
EVTNAME188142;Ask for Russian Help;;;;;;;;;;;;;
EVTDESC188142;\n\nBecause_of_the_success_of_revolutionary_resistance,_we_have_no_choice_but_to_ask_for_help_from_the_"gendarme_of_Europe",_Russia.;;;;;;;;;;;;;
EVTOPTA188142;We need their help?;;;;;;;;;;;;;
EVTOPTB188142;We're fine on our own.;;;;;;;;;;;;;
EVTNAME188143;End of the Hungarian Revolution;;;;;;;;;;;;;
EVTDESC188143;\n\nThe_Hungarians_finally_surrendered_and_we_restored_order._Now_we_should_take_care_of_the_revolutionary_leaders,_and_make_sure_they_won't_make_the_same_mistake_again.;;;;;;;;;;;;;
EVTOPTA188143;Punish them.;;;;;;;;;;;;;
EVTOPTB188143;Be lenient with them.;;;;;;;;;;;;;
EVTNAME188144;The Balkan War;;;;;;;;;;;;;
EVTDESC188144;\n\nBulgaria's_national_aspirations,_as_expressed_by_Tsar_Ferdinand_and_the_military_leadership_around_him,_exceeded_the_provisions_of_the_Treaty_of_San_Stefano._However,_the_most_important_territory_for_us,_Macedonia_(full_of_ethnic_Bulgarians)_is_controlled_by_Serbia._Our_generals_came_up_with_a_plan:_a_surprise_attack_on_Serbian_forces_for_a_quick_war._Although_this_seems_like_an_easy_victory,_Greece_and_Romania_might_help_Serbia_to_get_their_clay_from_us._Should_we_risk_it?;;;;;;;;;;;;;
EVTNAME188145;The Balkan War;;;;;;;;;;;;;
EVTDESC188145;\n\nSerbia,_fearing_of_an_upcoming_Bulgarian_invasion,_has_proposed_a_defensive_alliance,_and_in_return_for_our_agreement,_they_offered_us_$COUNTRY_ADJ$_lands_controlled_by_Bulgaria_if_a_war_breaks_out._This_is_a_great_opportunity_to_get_our_rightful_clay_back,_what_should_we_do?;;;;;;;;;;;;;
EVTOPTA188145;Agree to help. §RGain 1 infamy§W;;;;;;;;;;;;;
EVTOPTB188145;This isn't a good idea.;;;;;;;;;;;;;
EVTNAME188146;The Balkan War;;;;;;;;;;;;;
EVTDESC188146;\n\nThe_Bulgarians_are_dissatisfied_with_their_gains_in_Macedonia,_and_the_recurring_border_clashes_could_be_the_foreshadowing_of_an_upcoming_Bulgarian_invasion._Responding_to_the_perceived_Bulgarian_threat,_we_started_negotiations_with_Greece,_which_also_had_reasons_to_be_concerned_about_Bulgarian_intentions._We_should_also_ask_Romania_and_our_Montenegrin_brothers_for_support.;;;;;;;;;;;;;
EVTNAME188147;The Balkan War;;;;;;;;;;;;;
EVTDESC188147;\n\nThe_time_has_come,_our_generals_finished_the_plans._Now_or_never!_To_arms!;;;;;;;;;;;;;
EVTNAME188148;Treaty of Bucharest;;;;;;;;;;;;;
EVTDESC188148;\n\nOur_attacks_were_driven_back_by_the_Serb_forces_and_we_had_no_choice_but_to_surrender._We_have_failed_to_take_Macedonia,_and_we_are_forced_to_give_up_Southern_Dobrudja_to_Romania,_and_most_of_Eastern_Macedonia_to_Greece._However,_we_can_keep_a_small_coastline_on_the_Aegean_Sea.;;;;;;;;;;;;;
EVTNAME188149;Treaty of Bucharest;;;;;;;;;;;;;
EVTDESC188149;\n\nBulgaria_is_defeated_and_we_got_our_share_from_the_treaty._We_are_victorious!;;;;;;;;;;;;;
EVTNAME188150;Namamugi Incident;;;;;;;;;;;;;
EVTDESC188150;The_Namamugi_Incident_was_a_samurai_assault_on_British_nationals_in_Japan_in_$YEAR$._Four_British_subjects_were_traveling_for_a_jaunt_on_the_Tokaido_road_through_the_village_of_Namamugi_when_they_encountered_armed_retinue_of_Shimazu_Hisamitsu_heading_in_the_other_direction._The_party_continued_to_ride_along_the_side_of_the_road_without_dismounting_until_they_reached_the_main_body_of_the_procession,_which_occupied_the_entire_width_of_the_road._In_Japan,_samurai_had_a_legal_right_to_strike_anyone_who_showed_disrespect._Richardson,_leading_the_Britons,_rode_too_close_to_the_procession_and_did_not_dismount_despite_being_gestured_repeatedly_to_do_so,_and_was_slashed_at_by_one_of_the_Satsuma_bodyguards.The_incident_sparked_a_scare_in_Japan's_foreign_community._Britain_demanded_reparations_from_the_Government_and_from_the_daimyo_of_Satsuma._Satsuma_prevaricated_and_Britain_eventually_engaged_Satsuma_a_year_later_in_Anglo-Satsuma_War.;;;;;;;;;;;;;
EVTNAME188151;Namamugi Incident;;;;;;;;;;;;;
EVTDESC188151;The_Namamugi_Incident_was_a_samurai_assault_on_British_nationals_in_Japan_in_$YEAR$._In_Japan,_samurai_had_a_legal_right_to_strike_anyone_who_showed_disrespect._However,_British_nationals_were_protected_by_Extraterritoriality_under_the_Anglo-Japanese_Friendship_Treaty_and_were_exempt._Richardson,_leading_the_Britons,_rode_too_close_to_the_procession_and_did_not_dismount_despite_being_gestured_repeatedly_to_do_so,_and_was_slashed_at_by_one_of_the_Satsuma_bodyguard._The_incident_sparked_a_scare_in_Japan's_foreign_community._Many_traders_are_appealing_to_our_government_to_take_punitive_action_against_Japan.;;;;;;;;;;;;;
EVTNAME188152;Pels Rijcken;;;;;;;;;;;;;
EVTDESC188152;Gerhard_Christiaan_Coenraad_Pels_Rijcken_was_a_career_officer_of_the_Royal_Dutch_Navy_and_a_politician._From_1855_to_1857,_Pels_Rijcken_was_assigned_as_commandant_of_the_Nagasaki_Naval_Training_Center,_teaching_the_principles_of_a_modern_naval_science_to_samurai_including_Katsu_Kaishu._He_arrived_as_captain_of_the_Gedeh_which_accompanied_the_steam_warship,_the_ZM_SS_Soembing,_a_gift_from_King_William_III_of_the_Netherlands_to_Shogun_Tokugawa_Iesada._Under_the_name_of_Kanko_Maru,_Soembing_was_used_at_the_Nagasaki_Naval_Training_Center_as_a_training_vessel._While_in_Japan,_he_was_promoted_to_commander_in_May_1856._He_was_succeeded_in_this_post_by_Willem_Huyssen_van_Kattendijke_from_1857_and_returned_to_the_Netherlands.;;;;;;;;;;;;;
EVTDESC98859;With_the_arrival_of_the_$COUNTRY_ADJ$_colonial_governor_into_$PROVINCENAME$,_an_effort_has_begun_to_incorporate_$COUNTRY_ADJ$_$STATENAME$_into_the_larger_Caribbean_colony.;;;;;;;;;;;;;
EVTNAME188153;$FROMCOUNTRY$ Applies For Statehood!;;;;;;;;;;;;;
EVTDESC188153;Yesterday_morning_we_received_a_petition_from_the_$FROMCOUNTRY_ADJ$_government,_requesting_statehood_in_the_Caribbean_Federation._A_state_constitution_has_been_submitted,_along_with_maps_defining_the_state's_territorial_boundaries._Common_opinion_seems_to_hold_it_a_forgone_conclusion_that_we_will_accept_this_petition_for_statehood_and_forever_join_$FROMCOUNTRY$_into_our_prosperous_$COUNTRY_ADJ$_state.;;;;;;;;;;;;;
EVTNAME188155;Ultimatum to Serbia;;;;;;;;;;;;;
EVTDESC188155;With_results_of_the_investigation_clearly_showing_direct_intervention_of_the_Serbian_state_into_the_assassination_of_Archduke_Franz_Ferdinand_as_an_attempt_to_destabilize_our_Empire,_it_is_now_time_to_show_Serbia_that_$COUNTRY$_will_respond_to_all_attempts_aimed_against_our_territorial_integrity_with_overwhelming_force._But_in_order_to_satisfy_the_public_and_bring_blame_of_the_starting_war_upon_Serbia,_we_have_compiled_a_series_of_unacceptable_demands_to_the_Serbian_government,_which_will_be_surely_rejected,_serving_as_a_good_pretext_for_war.;;;;;;;;;;;;;
EVTNAME203925;Bear Flag Revolt;;;;;;;;;;;;;
EVTDESC203925;The_illegal_American_migrants_have_grown_discontent_with_their_lack_of_legal_rights_and_representation._After_hearing_the_news_of_our_war_with_America,_the_settlers_in_California_started_a_revolt,_claiming_the_independence_of_their_so_called_Californian_Republic.;;;;;;;;;;;;;
EVTNAME202015;The Roman Republic;;;;;;;;;;;;;
EVTDESC202015;\n\nThe_Pope's_first_act_of_a_general_amnesty_for_political_prisoners_did_not_consider_its_potential_implications_and_consequences._The_freed_revolutionaries_merely_resumed_their_previous_activities,_and_his_concessions_only_provoked_greater_demands._Patriotic_Italian_groups_now_sought_not_only_a_constitutional_government,_which_he_was_sympathetic_to,_but_also_the_Unification_of_Italy_under_his_leadership_and_a_war_of_liberation_against_Catholic_Austria_which_claimed_the_Northern_Italian_provinces_as_its_own._By_early_$YEAR$,_all_of_Western_Europe_began_to_be_convulsed_in_various_revolutionary_movements._The_Pope,_claiming_to_be_above_national_interests,_refused_to_go_to_war_with_Austria,_which_totally_reversed_the_hitherto_popular_view_of_him_in_his_native_Italy._In_a_calculated,_well-prepared_move,_Prime_Minister_Rossi_was_assassinated,_and_in_the_days_following,_the_Swiss_Guards_were_disarmed,_making_the_Pope_a_prisoner_in_his_palace._A_Roman_Republic_was_declared.;;;;;;;;;;;;;
EVTNAME202017;Pius IX Returns;;;;;;;;;;;;;
EVTDESC202017;\n\nAfter_a_month-long_siege,_the_army_of_the_Roman_Republic,_led_by_Giuseppe_Garibaldi,_has_accepted_the_truce_offer_given_to_them_and_withdrawn_from_Rome_for_refuge_in_the_neutral_Republic_of_San_Marino._Thus,_the_French_Army_has_entered_Rome_and_re-established_the_Holy_See's_power,_putting_an_end_to_the_republican_government._The_French_monarch_has_issued_a_sort_of_manifesto_in_which_he_asked_of_Pius_IX_a_general_amnesty,_a_secularized_administration,_the_establishment_of_the_French_legal_code,_and_in_general_a_liberal_government._However_the_Pope_will_take_his_time_before_returning_to_Rome_itself,_as_the_French_are_considered_liberals_all_the_same,_and_the_Pope_refuses_to_return_until_he_is_assured_of_no_French_meddling_in_his_affairs.;;;;;;;;;;;;;
EVTNAME202016;The Roman Republic;;;;;;;;;;;;;
EVTDESC202016;Following_the_assassination_of_his_prime_minister_in_$YEAR$,_Pope_Pius_IX_fled_Rome_and_took_refuge_in_the_Kingdom_of_Naples._Giuseppe_Mazzini_and_colleagues_proclaimed_the_end_of_papal_power_and_prepared_a_modern_constitution_for_the_newly_announced_Roman_Republic._Giuseppe_Garibaldi_joined_them_to_organize_its_defense._From_his_fortress_at_Gaeta,_Pius_IX_called_on_the_Catholic_powers_of_Europe_to_send_their_armies_to_restore_him_to_power._We_should_help_the_Pope_to_win_the_support_of_the_Catholics_in_our_country--and_to_keep_Austria_out_of_the_Papal_State.;;;;;;;;;;;;;
EVTNAME203926;California Trail;;;;;;;;;;;;;
EVTDESC203926;Since_the_past_few_years,_more_and_more_American_settlers_have_arrived_to_California,_hoping_for_a_better_life_or_to_try_their_luck--acting_on_rumors_spreading_that_the_mountains_of_California_are_full_of_gold._Some_of_our_generals,_however,_believe_this_could_be_a_sign_of_an_upcoming_American_invasion.;;;;;;;;;;;;;
EVTNAME202000;The Five Days of Milan;;;;;;;;;;;;;
EVTDESC202000;\n\nMilan,_capital_of_the_Kingdom_of_Lombardy-Venetia_and_our_most_important_foothold_in_Italy_is_occupied_by_rebells!_Italian_patriots_have_observed_the_ongoing_unrest_in_our_country_and_drove_our_garrisons_out_of_the_city._Popular_uprisings_are_spreading_in_our_Italian_depencies,_building_barricades,_raising_flags_with_the_Italian_tricolore,_and_shouting_their_battlecry_for_an_unified_Italy._After_five_days,_the_last_Austrian_soldiers_had_to_draw_back._Our_men_fought_bravely,_but_we_had_no_chance--these_rude_traitors_are_now_in_complete_control_of_the_capital_of_Lombardy,_celebrating_these_"Five_Days_of_Milan"._This_may_be_the_beginning_of_a_dangerous_turn_in_our_Italian_politics!;;;;;;;;;;;;;
EVTNAME202001;A Sardinian Intervention?;;;;;;;;;;;;;
EVTDESC202001;\n\nIn_$YEAR$_revolutionary_riots_broke_out_in_numerous_places_of_Italy,_as_well_in_many_other_parts_of_Europe._Charles_Albert_in_Piedmont_had_been_forced_to_make_concessions_to_the_democrats._With_Vienna_itself_in_revolt,_both_Milan_and_Venice,_the_main_cities_of_the_Kingdom_of_Lombardy-Venetia,_under_Austrian_rule,_revolted._The_situation_was_favorable_for_Sardinia,_which_would_see_the_full_support_of_the_Lombard_patriots_in_Milan,_if_they_intervened.;;;;;;;;;;;;;
EVTNAME202002;The Italian War of Independence;;;;;;;;;;;;;
EVTDESC202002;\n\nIn_$YEAR$_revolutionary_riots_broke_out_in_numerous_places_of_Italy,_as_well_in_many_other_parts_of_Europe._Charles_Albert_in_Piedmont_had_been_forced_to_make_concessions_to_the_democrats._With_Vienna_itself_in_revolt,_both_Milan_and_Venice,_the_main_cities_of_the_Kingdom_of_Lombardy-Venetia,_under_Austrian_rule,_revolted._The_situation_was_favorable_for_Sardinia,_which_would_see_the_full_support_of_the_Lombard_patriots_in_Milan._The_Kingdom_decided_to_exploit_the_moment_and_attacked_the_weakened_Austria_within_her_Italian_territories._After_a_plebiscite,_Milan_was_annexed_by_Sardinia,_and_a_combined_army_beat_the_Austrians_at_Pastrengo._The_War_of_Italian_Independence_had_begun.;;;;;;;;;;;;;
EVTNAME202003;The Fall of Milan;;;;;;;;;;;;;
EVTDESC202003;\n\nThe_fall_of_Milan_was_a_huge_blow_for_the_Piedmontese_army._The_way_to_Turin_laid_open,_and_the_Austrian_forces_were_newly_organized._Sardinia_was_in_a_very_delicate_situation_and_feared_more_consequences_if_the_Austrians_advanced._The_King_went_so_far_that_he_proposed_to_abdicate_and_return_the_provinces_in_Lombardy_to_Austria_in_return_for_a_status_quo_ante.;;;;;;;;;;;;;
EVTNAME202004;Austria wins the Italian War of Independence;;;;;;;;;;;;;
EVTDESC202004;\n\nThe_Sardinian_ambitions_ended_in_a_crushing_defeat._The_King_of_Sardinia_abdicated,_Milan_returned_under_rightful_Austrian_rule,_and_a_peace_treaty_was_made._The_failure_of_nationalistic_forces_was_a_huge_setback_for_a_union_of_Italian_states--a_glorious_day_for_Austria!;;;;;;;;;;;;;
EVTNAME202005;The Kingdom of Lombardy-Venetia;;;;;;;;;;;;;
EVTDESC202005;\n\nA_delegation_of_Italian_nationalists,_led_by_a_man_called_Daniele_Manin,_has_petitioned_the_congregation_of_Venetia_regarding_a_"constitution",_"independence_of_the_Italian_Kingdom",_and_other_trifles_related_to_liberalism_and_democracy._Such_ideas_are_rising_in_the_Italian_provinces._Cultural_life_in_Milan_and_Venetia_is_full_of_propaganda_against_the_government,_and_it_seems_Italian_insolence_has_reached_a_new_peak.;;;;;;;;;;;;;
EVTNAME202006;Repubblica di San Marco;;;;;;;;;;;;;
EVTDESC202006;\n\nAfter_existing_as_an_independent_maritime_republic_for_1000_years_and_a_leading_naval_power_in_the_Mediterranean_for_most_of_that_time,_Venice_surrendered_to_Napoleon_during_the_French_Revolutionary_Wars_in_1797_and_was_ceded_to_the_Austrian_Empire_(as_the_Kingdom_of_Lombardy-Venetia)_by_the_Treaty_of_Campo_Formio_a_few_months_later._Austrian_rule,_after_realizing_that_mutually-agreeable_home_rule_would_not_be_possible,_exploited_Venetian_resources,_economically_and_politically,_favoring_Trieste_as_the_imperial_seaport._Within_50_years_of_their_acquisition_of_the_former_republic,_Austria_had_taken_more_from_the_region_than_had_been_spent_there_and_Venetian_capitalism_had_been_stifled_by_a_reluctance_on_the_part_of_the_slow,_bureaucratic_Habsburg_régime_to_grant_credit_to_Venetian_entrepreneurs._In_the_chaos_of_the_springtime_of_nations,_Daniele_Manin_entered_the_Venetian_Arsenal_with_"a_number_of_public-spirited_Venetians",_in_a_direct_challenge_to_Austrian_rule.;;;;;;;;;;;;;
EVTNAME202007;The Serenissima Is Back;;;;;;;;;;;;;
EVTDESC202007;\n\nAfter_50_years_of_occupation,_of_humiliation_and_ignorance,_the_day_of_salvation_has_come._The_streets_are_filled_with_weeping_old_people,_which_saw_the_gonfalon,_the_banner_with_the_winged_lion_in_their_days_of_youth,_and_now--once_again--see_him_shining_in_the_sun_of_a_new_future._The_songs_of_our_fathers_are_sung_again,_and_the_cry_"Viva_San_Marco!"_is_not_prohibited_anymore._Long_live_Venice,_long_live_Saint_Mark,_long_live_the_glory_of_our_lion._Our_patron_saint_has_rescued_us,_he_didn't_forget_his_own_people--Venice,_our_beloved_home,_is_free!;;;;;;;;;;;;;
EVTNAME202008;Italian or Venetian?;;;;;;;;;;;;;
EVTDESC202008;\n\nAfter_the_successful_War_of_Independence,_one_topic_is_present_in_every_tavern:_the_future_of_Venice._Some_want_to_be_unified_with_Sardinia,_becoming_later_a_part_of_a_new_united_Italian_state._Others_are_more_cautious,_willing_to_wait_until_this_new_state_evolves_and_the_day_of_decision_has_come._A_last_group_isn't_willing_to_join_any_state,_underlining_that_Venice_was_and_will_be_independent_forever.;;;;;;;;;;;;;
EVTNAME202019;Sardinia Wins the Italian War of Independence;;;;;;;;;;;;;
EVTDESC202019;\n\nThis_is_a_great_day_for_nationalists,_patriots_and_all_oppressed_people_in_the_world._The_Italian_people_have_won_an_important_victory_against_Austria._Lombardy_is_now_under_Italian_control,_which_may_evolve_to_a_new_state,_uniting_all_Italians_under_one_flag._People_in_Milan_and_Turin_are_celebrating,_and_the_nation_will_remember_this_day_of_glory.;;;;;;;;;;;;;
EVTNAME202020;The Status Quo;;;;;;;;;;;;;
EVTDESC202020;\n\nSardinia_has_made_a_White_Peace_with_us._We_should_claim_Milan,_because_it_is_still_occupied_by_foreign_troops._The_international_scene_will_agree.;;;;;;;;;;;;;
EVTDESC202021;\n\nWe_have_made_a_White_peace_with_Austria._We_must_return_Milan,_because_it_was_under_Austrian_rule_before_the_war._The_international_scene_will_be_upset,_if_we_don't.;;;;;;;;;;;;;
EVTNAME202022;Sardinia Remains Stubborn;;;;;;;;;;;;;
EVTDESC202022;\n\nSardinia_doesn't_return_Milan--we_must_take_it_with_force!;;;;;;;;;;;;;
EVTNAME202024;Consequences;;;;;;;;;;;;;
EVTDESC202024;\n\nThe_smashing_defeat_has_serious_consequences_on_our_country._The_abdication_of_our_king_provokes_unrest._Advisers_propose_a_new_approach_in_our_politics.;;;;;;;;;;;;;
EVTNAME188156;$FROMCOUNTRY_ADJ$ Ultimatum;;;;;;;;;;;;;
EVTDESC188156;According_to_the_terms_of_the_ultimatum_delivered,_the_Serbian_government_would_have_to_accept_an_$FROMCOUNTRY_ADJ$_inquiry_into_the_assassination,_notwithstanding_its_claim_that_it_was_already_conducting_its_own_internal_investigation._Serbia_was_also_to_suppress_all_anti-$FROMCOUNTRY_ADJ$_propaganda_and_to_take_steps_to_root_out_and_eliminate_terrorist_organizations_within_its_borders?one_such_organization,_the_Black_Hand,_was_believed_to_have_aided_and_abetted_the_archduke's_killer,_Gavrilo_Princip,_and_his_cohorts,_providing_weapons_and_safe_passage_from_Belgrade_to_Sarajevo._$FROMCOUNTRY$_demanded_an_answer_to_the_note_within_48_hours_-_by_that_time,_however,_anticipating_Serbian_defiance,_Gieslingen_had_already_packed_his_bags_and_prepared_to_leave_the_embassy.;;;;;;;;;;;;;
EVTNAME116303;The Great Drought of $YEAR$;;;;;;;;;;;;;
EVTDESC116303;In_$YEAR$_the_worst_drought_ever_recorded_afflicted_the_Northeast_of_Brazil._The_result_would_be_a_massive_emigration_of_peasants_to_new_areas,_such_as_the_Amazonian_city_of_Manaus_which_was_becoming_wealthy_due_to_the_start_of_the_Rubber_Boom.;;;;;;;;;;;;;
EVTNAME131509;The Czech National Theater;;;;;;;;;;;;;
EVTDESC131509;\n\nThe_Czech_National_Theater_is_the_embodiment_of_the_will_of_the_Czech_nation_for_its_national_identity_and_independence._Collections_of_money_among_the_broad_masses_of_the_people_facilitated_it's_construction,_and_so_the_ceremonious_laying_of_the_foundation_stone_on_the_16th_of_May,$YEAR$,_was_tantamount_to_an_all-state_political_demonstration._The_Czech_National_Theater_was_opened_for_the_first_time_on_the_11th_of_June,_1881,_to_honor_the_visit_of_Crown_Prince_Rudolf_of_Austria.;;;;;;;;;;;;;
EVTOPTA131509;A testament to the achievements of the Czech nation!;;;;;;;;;;;;;
EVTNAME131510;The Splitting of Charles University;;;;;;;;;;;;;
EVTDESC131510;\n\nGradually,_as_Czechs_became_more_prosperous_and_more_literate,_significant_advances_were_made--particularly_in_the_use_of_the_Czech_language_in_education_and_in_courts_of_law._In_$YEAR$,_the_Czech_departments_in_the_long-established_German_university_in_Prague_voted_to_become_a_separate_and_independent_Czech-speaking_university.;;;;;;;;;;;;;
EVTOPTA131510;Sanction this split.;;;;;;;;;;;;;
EVTOPTB131510;Refuse to split the university.;;;;;;;;;;;;;
EVTNAME131511;Theodor Herzl's 'Der Judenstaat';;;;;;;;;;;;;
EVTDESC131511;\n\nDer_Judenstaat'_('The_State_of_the_Jews')_was_a_book_written_by_the_Jewish_journalist_Theodor_Herzl,_and_it_was_published_in_$YEAR$_in_Leipzig_and_Vienna._As_expressed_in_this_book,_Herzl_envisioned_the_founding_of_a_future_independent_Jewish_state_during_the_20th_century._He_argued_that_the_best_way_to_avoid_antisemitism_in_Europe_was_to_create_this_independent_Jewish_state._The_book_encouraged_Jews_to_purchase_land_in_Palestine,_although_the_possibility_of_a_Jewish_state_in_Argentina_is_also_considered._It_is_considered_one_of_the_most_important_texts_of_early_Zionism,_indeed_much_popularizing_the_term_"Zionism"_which_was_originally_coined_by_the_Jewish_thinker_Nathan_Birnbaum.;;;;;;;;;;;;;
EVTOPTA131511;An independent state for the Jews' Madness!;;;;;;;;;;;;;
EVTNAME131512;The Stanczyks;;;;;;;;;;;;;
EVTDESC131512;\n\nIn_1869_a_group_of_young_conservative_publicists:_Jozef_Szujski,_Stanislaw_Tarnowski,_Stanislaw_Kozmian_and_Ludwik_Wodzicki,_published_a_series_of_satirical_pamphlets_entitled_'Teka_Stanczyka'_('Stanczyk's_Portfolio')._Only_five_years_after_the_tragic_end_of_the_January_Uprising,_the_pamphlets_ridiculed_the_idea_of_armed_national_uprisings_and_suggested_a_compromise_with_Poland's_enemies,_especially_the_Austrian_Empire,_and_more_concentration_on_economic_growth_than_on_political_independence._The_political_faction_which_adopted_these_ideas_became_known_as_'Stanczycy'_(plural_of_'Stanczyk').;;;;;;;;;;;;;
EVTOPTA131512;Loyalty to Vienna!;;;;;;;;;;;;;
EVTNAME131513;Josip Juraj Strossmayer and Yugoslavism;;;;;;;;;;;;;
EVTDESC131513;\n\nA_Croatian_Bishop,_in_1874_Strossmayer_published_a_tract_which_detailed_his_ideas_on_South_Slavic_national_and_political_unification._Calling_his_ideology_Yugoslavism,_Strossmayer_drew_from_the_earlier_ideas_of_Illyrianism_the_goal_of_unification_of_South_Slavs_in_an_independent_federation._Strossmayer's_ideas_gained_support_among_the_Croat_and_Serb_liberal_bourgeoisie_and_young_radicals,_and_soon_Croat_and_Serb_politicians_in_the_Empire_began_to_espouse_the_ideals_of_the_movement.;;;;;;;;;;;;;
EVTNAME146304;The Influence of Positivism;;;;;;;;;;;;;
EVTDESC146304;\n\nBased_on_the_idea_that_the_state_should_use_rationalism_and_science_to_help_society_progress_and_develop,_even_at_the_expense_of_challenging_traditional_powers_and_values,_the_ideals_of_Positivism_gained_a_great_deal_of_support_in_Brazilian_society,_especially_among_military_officers_who_resented_the_inability_of_Brazil's_political_elite_to_put_tradition_and_privilege_aside_for_the_benefit_of_the_nation_as_a_whole._Some_began_to_suggest_that_the_military_should_overthrow_the_imperial_system_and_promote_the_regeneration_of_Brazilian_society_based_on_positivist_goals.;;;;;;;;;;;;;
EVTOPTA146304;Ordem e Progresso!;;;;;;;;;;;;;
EVTNAME146500;The Fortress of Humaitá;;;;;;;;;;;;;
EVTDESC146500;\n\nIn_accordance_with_the_Treaty_of_Defensive_Alliance_with_Brazil_of_1850,_which_aimed_to_control_the_intentions_of_Rosas_to_conquer_Uruguay_and_Paraguay,_Brazilian_officers_have_delineated_and_started_to_construct_the_first_blockhouses_of_the_infamous_Fortress_of_Humaitá.;;;;;;;;;;;;;
EVTOPTA146500;Raise the Fort.;;;;;;;;;;;;;
EVTOPTB146500;Static defenses are too expensive.;;;;;;;;;;;;;
EVTNAME188125;Crusade;;;;;;;;;;;;;
EVTDESC188125;His_Holiness_the_Pope_has_called_for_a_Crusade_to_reclaim_the_Holy_Land_from_the_infidels!_While_many_of_our_faithful_Christians_would_like_us_to_join_this_war,_this_idea_seems_rather_crazy?;;;;;;;;;;;;;
EVTOPTA188125;Deus Vult!;;;;;;;;;;;;;
EVTOPTB188125;A Crusade?! In this age?! This Pope must be crazy?;;;;;;;;;;;;;
EVTNAME188127;Crusade;;;;;;;;;;;;;
EVTDESC188127;His_Holiness_the_Pope_has_called_for_a_Crusade_to_reclaim_the_Holy_Land_from_the_infidels!_While_many_of_our_faithful_Christians_would_like_us_to_join_this_war,_this_idea_seems_rather_crazy?;;;;;;;;;;;;;
EVTOPTA188127;Deus Vult!;;;;;;;;;;;;;
EVTOPTB188127;A Crusade?! In this age?! This Pope must be crazy?;;;;;;;;;;;;;
EVTNAME188126;Crusade;;;;;;;;;;;;;
EVTDESC188126;$FROMCOUNTRY$_has_honored_the_Pope's_call_for_crusade!_We_can't_let_these_mad_infidels_take_what's_rightfully_ours!;;;;;;;;;;;;;
EVTOPTA188126;They will pay for this!;;;;;;;;;;;;;
EVTDESC19310;\n\nThe_'Mandate_of_Heaven'_is_a_concept_in_Chinese_philosophy,_similar_to_the_western_concept_of_the_divine_right_of_Kings,_which_has_historically_been_used_to_both_justify_and_motivate_monarchical_power._With_our_recent_ascension_to_Great_Power_status_our_subjects_have_again_become_convinced_that_our_government_enjoys_the_The_Mandate_of_Heaven.;Le_"mandat_céleste"_est_un_concept_philosophique_chinois,_semblable_au_concept_occidental_du_droit_divin_des_rois,_utilisé_au_cours_de_l'histoire_pour_justifier_et_motiver_le_pouvoir_monarchique._Grâce_à_notre_récent_accès_au_statut_de_Grande_Puissance,_nos_sujets_sont_de_nouveau_convaincus_du_bien-fondé_du_Mandat_céleste_pour_notre_gouvernement.;Das_'Mandat_des_Himmels'_ist_ein_Konzept_der_chinesischen_Philosophie,_das_dem_westlichen_Konzept_des_Gottesgnadentums_entspricht,_und_in_der_Geschichte_zur_Rechtfertigung_und_Veranlassung_monarchischer_Macht_benutzt_wurde._Nach_unserem_kürzlichen_Aufstieg_zur_Großmacht_sind_unsere_Untertanen_wieder_davon_überzeugt,_dass_wir_das_Mandat_des_Himmels_haben.;;El_'Mandato_del_Cielo'_es_un_concepto_de_la_filosofía_china,_similar_al_concepto_occidental_del_derecho_divino_de_los_reyes,_utilizado_históricamente_tanto_para_justificar_como_para_motivar_el_poder_monárquico._Con_nuestro_reciente_ascenso_a_la_categoría_de_gran_potencia,_nuestros_súbditos_vuelven_a_estar_convencidos_de_que_nuestro_gobierno_goza_del_Mandato_del_Cielo.;;;;;;;;;
EVTNAME36628;The $FROMCOUNTRY_ADJ$ Virgin Islands Offer;;;;;;;;;;;;;
EVTDESC36628;$FROMCOUNTRY_ADJ$_diplomats_have_approached_us_with_an_offer_to_buy_the_Virgin_Islands_from_us._They_seem_to_have_a_lot_of_money_to_back_their_proposal:_they_are_offering_200,000¤_right_now_for_the_islands.;;;;;;;;;;;;;
EVTNAME190461;The Face of Agamemnon;;;;;;;;;;;;;
EVTDESC190461;\n\n"And_as_we_pulled_the_mask_from_the_body,_I_gazed_into_the_face_of_Agamemnon"\n\nAfter_many_months_of_searching_the_$COUNTRY_ADJ$_team_has_finally_discovered_the_ancient_tomb_at_Mycenae_that_would,_according_to_local_tales,_hold_the_final_resting_place_of_famous_Agamemnon_and_his_even_more_famous_burial_mask.;;;;;;;;;;;;;
EVTNAME1904612;The Labyrinth;;;;;;;;;;;;;
EVTDESC1904612;\n\nBefore_work_began_in_Crete_by_one_of_the_most_famous_$COUNTRY_ADJ$_archaeologist_teams,_the_ancient_Minoan_culture_was_only_faintly_reflected_in_classical_Greek_myths._After_months_of_systematic_excavations_the_team_has_now_finally_discovered_a_complex_near_Knossos_which,_according_to_the_$COUNTRY_ADJ$_team_leader,_appears_to_be_the_foundations_of_King_Minos'_Palace.;;;;;;;;;;;;;
EVTNAME1905101;'Homo Neanderthalensis' Discovered;;;;;;;;;;;;;
EVTDESC1905101;\n\n$COUNTRY_ADJ$_scientists_have_found_bones_of_primitive_ancient_men_at_a_location_near_Dusseldorf_in_German_territory._According_to_the_$COUNTRY_ADJ$_team_leader,_the_'Neanderthals'_appear_to_be_an_extinct_species_or_subspecies_of_the_genus_Homo_which_seem_closely_related_to_modern_humans.;;;;;;;;;;;;;
EVTNAME1905201;'Homo Erectus' Discovered;;;;;;;;;;;;;
EVTDESC1905201;\n\n$COUNTRY_ADJ$_scientists_have_found_bones_of_primitive_ancient_men_on_the_island_of_Java_in_the_Indian_Ocean._According_to_the_$COUNTRY_ADJ$_scientists,_'Homo_Erectus'_appears_to_be_a_human_species_which_has_lived_in_Asia_and_probably_Africa,_and_eventually_evolved_into_the_species_of_'Homo_Sapiens'.;;;;;;;;;;;;;
EVTNAME1905301;'Australopithecus Africanus' Discovered;;;;;;;;;;;;;
EVTDESC1905301;\n\n$COUNTRY_ADJ$_scientists_have_found_a_skull_of_an_odd_ape-creature_child_near_Taung_in_South-African_territory._According_to_the_$COUNTRY_ADJ$_scientists_leader,_'Australopithecus_Africanus'_-_or_simply_'Taung-child'_by_our_reporter_-_could_possibly_represent_a_viable_candidate_for_the_ancestor_of_the_genus_'Homo'.;;;;;;;;;;;;;
EVTNAME36707;End of the Personal Union;;;;;;;;;;;;;
EVTDESC36707;Our_king_has_died_without_a_male_heir._Our_realm's_inheritance_laws_permit_his_daughter,_Wilhelmina,_to_become_monarch_of_the_Netherlands,_but_Luxembourg's_laws_will_not_allow_her_to_rule._This_means_an_end_to_the_personal_union_between_our_two_nations:_Luxembourg_will_instead_be_ruled_by_the_head_of_another_branch_of_the_House_of_Nassau.;;;;;;;;;;;;;
EVTNAME36938;Publication of Durgeshnandini;;;;;;;;;;;;;
EVTDESC36938;\n\nToday_the_novel_'Durgeshnandini'_was_released_in_the_book_stores_of_Calcutta._The_book,_a_love_story_set_against_the_backdrop_of_Pathan-Mughal_conflicts_in_West_Bengal,_is_written_by_Bankim_Chandra_Chatterjee_and_is_the_first_major_novel_in_Bengali_literature._While_conservatives_in_Bengali_society_might_be_unimpressed_with_its_lucidity,_it_accessibility_is_sure_to_be_a_draw_to_the_people.\n\nBengali_culture_has_been_undergoing_a_sort_of_renaissance_in_recent_decades._Starting_with_the_works_of_Raja_Ram_Mohan_Roy,_an_appreciation_for_the_richness_of_India's_past_has_grown_together_with_an_examination_of_the_impact_of_the_modern_West_upon_it._As_these_elements_blend_together,_reform_movements_are_forming_to_eradicate_native_'superstitions'_(such_as_sati,_caste-division,_and_untouchability).;;;;;;;;;;;;;
EVTNAME210300;Raden Saleh;;;;;;;;;;;;;
EVTDESC210300;Raden_Saleh,_a_Javanese_painter_of_some_renown,_is_visiting_your_court._This_'Eastern_Prince'_is_probably_the_first_oriental_to_be_educated_in_the_modern_European_painting_techniques._His_intriguing_background_and_not_unremarkable_skill_have_made_him_a_much_beloved_court_painter._And_while_he_may_be_most_famous_for_his_portrait_work,_he_has_shown_remarkable_skill_in_painting_landscapes_as_well._Often_depicting_exotic_scenes_from_his_homeland,_offering_an_insight_into_a_world_unknown_to_most_Europeans._Rasen_Saleh's_arrival_at_court_can_only_mean_he_is_looking_for_our_patronage!;;;;;;;;;;;;;
EVTNAME211490;A Historic Kris;;;;;;;;;;;;;
EVTDESC211490;\n\nIn_South_Asian_culture,_a_kris_(an_asymmetrical,_usually_curvy,_dagger)_is_a_spiritual_and_sacred_object._Imbued_with_magical_powers,_they_are_thought_to_be_inhabited_by_spirits_and_as_such_are_"almost_alive"._Care_of_krisses_is_subject_to_great_ceremony_and_ritual._Should_the_owner_be_negligent,_the_Kris_might_kill_him_in_his_sleep._Should_the_owner,_however,_be_generous,_the_kris_will_protect_him_and_imbue_him_with_valor.\nRecently,_the_crown-prince_of_one_of_the_East_Indies_Princely_States_fell_ill._Neither_western_physicians,_nor_the_local_Dukun_proved_capable_of_helping._In_a_desperate_move,_the_prince_asked_the_renowned_'White_Dukun',_a_Dutchman_educated_in_both_western_and_indigenous_medicine,_for_help._Finding_it_as_a_case_of_guna-guna,_the_White_Dukun_worked_his_magic_and_managed_to_cure_the_crown-prince._For_his_efforts_in_securing_the_succession,_the_prince_awarded_the_White_Dukun_with_his_most_precious_pusaka:_an_ancient_kris.;;;;;;;;;;;;;
EVTNAME211488;The Etna Expedition Returns;;;;;;;;;;;;;
EVTDESC211488;\n\nThe_expedition_we've_sent_to_explore_the_coast_of_New_Guinea_has_returned._In_the_past_few_months_they_have_made_extensive_maps_of_the_coast_of_New_Guinea:_not_only_of_the_currents_and_water_depths,_but_also_of_suitable_locations_for_future_posts._Invaluable_information_to_us_should_we_decide_to_expand_to_that_vast_land._On_the_naturalist_side_the_expedition_was_less_successful._A_large_number_of_hitherto_unknown_species_of_birds_were_discovered,_and_promptly_killed_for_preservation._Aside_from_those_samples_large_collection_of_stones_and_minerals_was_brought_back._However,_no_grand_new_discoveries_were_made._Rather_unexpectedly_the_expedition_ran_into_an_English_naturalist_called_Wallace_at_an_isolated_German_mission_post._The_man_is_doing_research_into_the_development_of_species,_and_claims_to_be_on_the_verge_of_a_major_scientific_breakthrough.;;;;;;;;;;;;;
EVTDESC211475;\n\nThe_expedition_we've_sent_to_explore_the_coast_of_New_Guinea_has_returned._In_the_past_few_months_they_have_made_extensive_maps_of_the_coast_of_New_Guinea:_not_only_of_the_currents_and_water_depths,_but_also_of_suitable_locations_for_future_posts._Invaluable_information_to_us_should_we_decide_to_expand_to_that_vast_land._On_the_naturalist_side_the_expedition_was_fairly_routine._A_few_new_bird_species_discovered,_some_interesting_rocks_found._Nothing_to_get_to_excited_about._That_is_until,_rather_unexpectedly,_the_expedition_ran_into_an_English_naturalist_called_Wallace_at_an_isolated_German_mission_post._The_man_has_been_traveling_the_archipelago_to_research,_what_he_calls,_the_introduction_of_new_species._Impressed_by_how_well_our_expedition_was_outfit,_he_saw_an_opportunity_for_collaboration_and_joined_the_expedition._Claiming_to_be_on_the_verge_of_a_major_scientific_breakthrough,_he_has_promised_to_give_credit_where_credit_is_due.;;;;;;;;;;;;;
EVTDESC211474;\n\nThe_expedition_we've_sent_to_explore_the_coast_of_New_Guinea_has_returned,_early._The_expedition_had_started_out_well,_successfully_mapping_the_currents_and_depth_of_the_western_part_of_the_island,_and_gather_a_few_naturalist_samples._However,_on_one_of_the_naturalist_excursions_into_the_forest,_the_expedition_members_disappeared!_The_soldiers_sent_into_the_forest_after_them,_could_not_locate_them._Later_at_night,_bright_fires_could_be_seen_deep_in_the_forests,_with_loud_noises_emerging_from_it._We_can_only_assume_the_worse...;;;;;;;;;;;;;
EVTNAME211481;The Buitenzorg Palace;;;;;;;;;;;;;
EVTDESC211481;\n\nThe_Buitenzorg_Palace_has_served_as_main_administrative_center_for_the_East_Indies_since_the_middle_of_the_18th_century,_but_was_destroyed_by_an_earthquake_in_1834._We_have_finally_finished_rebuilding_the_palace._The_original_palace_had_three_floors,_but,_as_future_protection_against_earthquakes,_the_new_palace_only_has_one._Of_particular_importance_is_'s_Lands_Plantentuin_(the_botanical_gardens)_surrounding_the_palace._Originally_founded_as_a_forest_for_rare_species_of_plants_during_the_Sunda_Kingdom,_they_currently_serve_a_primary_research_institute_for_the_development_and_cultivation_of_new_species_of_plants._As_such,_it_is_one_of_the_most_important_institutes_of_tropical_research_in_the_world,_and_of_vital_importance_to_the_plantation_economy_on_Java.;;;;;;;;;;;;;
EVTDESC211509;\n\nRaden_Saleh_is_a_Javanese_painter_has_made_quite_a_name_for_himself_in_the_courts_of_Europe._This_'Eastern_Prince,'_son_of_a_noble_family,_has_studied_the_modern_European_painting_techniques_under_our_patronage,_and_is_possibly_the_first_oriental_to_do_so._He_has_shown_particular_aptitude_towards_painting_portraits,_and_many_a_ruler_has_been_immortalized_by_his_work._His_landscapes_too_are_a_sight_to_behold._Inspired_by_his_native_land,_the_paintings_show_exquisite_detail_in_the_wild_animals_he_depicts._But_perhaps_his_most_important_work_is_his_depiction_of_the_capture_of_Prince_Diponegoro_at_the_Java_War,_provocatively_depicting_a_noble_prince_Diponegoro_and_slightly_"unbalanced"_colonial_officers.;;;;;;;;;;;;;
EVTNAME210460;Belgian-Dutch Language and Literature Congress;;;;;;;;;;;;;
EVTDESC210460;While_a_large_part_of_our_population_speaks_Dutch,_it_has_never_been_a_very_important_language._At_court,_in_government_and_among_the_bourgeoisie_French_is_'la_langue_preferee',_and_Dutch_is_looked_down_onto_with_some_disdain._This_has_left_precious_little_room_in_our_country_for_the_development_of_the_language._The_situation_is_different_of_course_by_our_neighbor_to_the_north._The_Dutch_have_proven_more_supportive_of_the_Flemish,_and_both_Dutch_and_Flemish_scholars_have_now_come_together_in_Gent_to_discuss_the_language._The_hope_is_to_form_a_more_unified_and_standardized_language,_and_in_imitation_of_German_and_French_efforts,_create_an_extensive_dictionary.;;;;;;;;;;;;;
EVTNAME211590;The Nederlansch Congress;;;;;;;;;;;;;
EVTDESC211590;\n\nOne_of_the_causes_of_the_Belgian_Revolution_was_our_language_policy._The_majority_of_the_elites,_being_Francophone,_disdained_Dutch_and_our_efforts_to_make_it_the_national_language._It_should_thus_come_as_no_surprise_that,_after_independence,_French_was_swiftly_elected_as_the_official_language._This_has_caused_some_resentment_among_the_Flemish,_who_find_it_gives_precious_little_room_for_their_own_cultural_expression.\nIn_an_effort_to_strengthen_the_cultural_base_of_Dutch_in_Belgium,_Flemish_language_scholars_have_joined_up_with_Dutch_language_scholars_in_Ghent_for_an_international_language_and_literature_congress._The_development_and_unification_of_the_Dutch_language_is_one_of_the_main_goals_of_the_congress.;;;;;;;;;;;;;
EVTNAME211497;Vereeniging voor Vrouwenkiesrecht Founded!;;;;;;;;;;;;;
EVTDESC211497;\n\nThe_recent_granting_of_universal_suffrage_has_spurred_on_the_creation_of_the_Vereeniging_voor_Vrouwenkiesrecht_('Society_for_Woman-suffrage')._Founded_by_Aletta_Jacobs_and_Wilhelmina_Drucker,_they_are_already_taking_to_the_street_demonstrating_their_cause._The_newspapers_are_calling_it_scandalous:_"For_one_to_obtain_the_privilege_of_voting,_one_first_has_to_respect_the_law!";;;;;;;;;;;;;
EVTNAME211498;National Women's Crafts Fair;;;;;;;;;;;;;
EVTDESC211498;\n\nThe_preposterous_proposition_of_women's_rights_has_reached_new_heights._The_various_suffragette_movements_have_decided_to_come_together_and_organize_a_Woman's_Crafts_Fair!_This_exhibition_will_form_a_display_of_women's_ideas,_works_and_products,_"celebrating"_their_"accomplishments"_in_the_arts,_literature,_science_and_industry._The_fair_is_intended_to_raise_support_for_gender_equality_and_inspire_young_women_to_take_up_the_cause.;;;;;;;;;;;;;
EVTDESC211499;\n\nThe_noble,_yet_slightly_misguided,_ideal_of_women's_rights_has_reached_a_new_level._The_various_suffragette_movements_have_decided_to_come_together_and_organize_a_Woman's_World's_Fair!_This_exhibition_will_form_a_display_of_women's_ideas,_works_and_products,_celebrating_their_accomplishments_in_the_arts,_literature,_science_and_industry._Completely_run_by_women,_the_fair_is_intended_to_raise_support_for_gender_equality_and_inspire_young_women_to_take_up_the_cause.;;;;;;;;;;;;;
EVTNAME211591;The Nederlandsch Congres;;;;;;;;;;;;;
EVTDESC211591;\n\nFor_much_of_history,_there_has_not_been_a_unified_Dutch_language._Numerous_regional_varieties_exists,_with_Hollandic_Dutch_being_the_most_prominent._A_movement_towards_a_unified_language_does_exist,_but_it_hampered_by_a_lack_of_an_unambiguous_structure_of_the_language._Official_rules_regarding_the_language_do_exist,_but_they_too_show_regional_differences._Language_scholars_have_now_recommended_to_create_one_national_dictionary,_and_get_rid_of_the_regional_differences_in_spelling_and_pronunciation._A_conference_of_linguists_from_both_the_Netherlands_proper_and_Flanders_has_been_inaugurated_to_this_end._While_the_first_conference_is_taking_place_at_Ghent_University,_it_will_be_held_alternately_in_the_Netherlands_proper_and_Flanders_in_the_years_to_come.;;;;;;;;;;;;;
EVTNAME211592;The Woordenboek der Nederlandsche Taal;;;;;;;;;;;;;
EVTDESC211592;\n\nAfter_many_years_of_work,_the_first_true_dictionary_of_the_Dutch_language_has_been_produced:_The_Woordenboek_der_Nederlandsche_Taal._While_there_may_have_been_earlier_dictionaries,_perhaps_most_famously_by_16th_century_scholar_Kiliaan,_none_of_these_were_of_the_calibre_of_this_new_dictionary._They_were_mainly_translation_dictionaries,_or_used_regional_spelling_differences._The_'Nieuw_Woordenboek_der_Nederandsche_Taal'_uses_the_new_(official_and_unified)_spelling_rules.\n\nThe_dictionary_as_released_is_only_the_first_of_a_large_series._The_aim_of_the_dictionary_is_to_describe_every_word_in_use_in_the_Dutch_language_since_1500._Such_a_massive_task_will_take_many_more_years_to_complete.;;;;;;;;;;;;;
EVTNAME211593;Nieuw Woordenboek der Nederlandsche Taal;;;;;;;;;;;;;
EVTDESC211593;\n\nThe_teacher_and_scholar_Johan_van_Dale_has_published_a_new_dictionary_of_the_Dutch_language._It_is_based_on_the_recent_'Woordenboek_der_Nederlandsche_Taal',_but_has_been_significantly_improved_upon._The_definitions_given_in_the_original_dictionary_were_found_to_be_to_vague_and_imprecise_by_van_Dale._As_a_teacher_he_aimed_his_dictionary_at_students,_and_desired_a_clear_cut_and_precise_definition_of_words.\n\nThe_dictionary_is_often_referred_to_as_'De_Dikke_van_Dale'_[The_Thick_one_by_van_Dale],_because,_at_1400_pages,_it_is_the_thickest_book_in_the_common_household,_after_the_Bible_of_course.;;;;;;;;;;;;;
EVTNAME211601;The Great City Fire of Enschede;;;;;;;;;;;;;
EVTDESC211601;\n\nA_major_fire_has_turned_the_entire_medieval_city_of_Enschede_to_ashes._650_houses_were_destroyed,_which_in_a_city_of_only_4000_people_means_more_than_half_of_all_citizens_are_left_homeless._A_number_of_factors_can_be_blamed,_drought,_strong_winds,_improper_fireproofing,_but_our_own_contribution_to_the_fire_should_not_be_overlooked:_in_celebration_of_the_king's_visit_the_city_was_beautifully_decorated_with_flowers,_banners_and_triumphal_arches._All_of_which_proved_to_be_very_conductive_to_the_spread_of_the_fire.;;;;;;;;;;;;;
EVTNAME211602;From The Life Of King Gorilla;;;;;;;;;;;;;
EVTDESC211602;\n\nKing_William_has_always_been_an_odd_bird._This_is_nothing_new,_but_at_least_it_had_been_kept_out_of_the_press._The_(conservative)_press_has_willingly_swept_it_under_the_carpet_all_this_time._The_more_radical_press_is_less_willing_to_cover_it_though._It_would_seem_the_madness_of_the_king_has_reached_socialist_circles_--_a_pamphlet_called_'A_Day_in_the_Life_of_King_Gorilla'_was_recently_released_and_has_become_quite_popular._The_pamphlet_describes_"the_criminal_life"_and_the_"corrupted_nature"_of_the_royal_house,_calling_the_king_an_unconsidered_"sadistic_monster"_who_cares_not_about_his_people.\nThis,_combined_with_another_recent_pamphlet_describing_the_king_as_"a_regal_pig"_and_"horny_mandrill",_triggered_some_passionate_feelings._Royalists_have_found_cause_to_attack_socialists_and_their_establishments_because_of_this.;;;;;;;;;;;;;
EVTNAME211551;Johan Rudolph Thorbecke;;;;;;;;;;;;;
EVTDESC211551;With_the_newly_published_book_'Annotations_to_the_Constitution'_a_young_man_by_the_name_of_Johan_Rudolph_Thorbecke_has_started_making_a_name_for_himself_in_Liberal_circles._The_book,_containing_a_detailed_study_of_the_nature_and_history_of_the_constitution,_has_already_sold_over_1000_copies:_an_exceptionally_large_amount._It_promises_to_be_a_standard_work_on_the_constitution_for_many_years_to_come.;;;;;;;;;;;;;
EVTNAME211550;The Negenmannen;;;;;;;;;;;;;
EVTDESC211550;Disappointed_by_our_lack_of_constitutional_reform,_a_group_of_9_prominent_Liberals_have_come_together_to_propose_their_own_constitution._Led_by_renowned_statesman_Thorbecke,_they_propose,_among_other_things,_a_directly_elected_House_of_Representatives,_based_on_census_suffrage,_full_ministerial_responsibility,_reform_of_the_senate,_and_better_protection_for_the_freedom_of_religion.;;;;;;;;;;;;;
EVTNAME211400;The Cultuurstelsel;;;;;;;;;;;;;
EVTDESC211400;The_wars_with_Belgium,_on_Java_and_on_Sumatra_have_drained_the_treasury,_and_we_are_quickly_heading_toward_financial_ruin._To_increase_the_revenue_from_our_colonies_in_the_East,_a_new_system_called_the_Cultuurstelsel_has_been_proposed,_which_will_require_farmers_to_grow_cash_crops_for_export._Replacing_the_old_Landrente-tax,_which_required_farmers_to_pay_2/5th_of_their_harvest_as_tax,_the_Cultuurstelsel_requires_farmers_to_use_1/5th_of_their_land_to_grow_cash_crops,_mainly_coffee,_tea,_sugar_and_indigo._Farmers_who_cannot_grow_these_crops_on_their_land_are_required_to_provide_the_Herendienst:_60_days_of_free_labor_per_year_to_work_on_government_plantations._Should_the_value_of_crops_exceed_the_previously_paid_Landrente,_the_farmer_is_compensated_accordingly_by_the_Plantloon.;;;;;;;;;;;;;
EVTNAME211403;Overzealous Colonial Officer;;;;;;;;;;;;;
EVTDESC211403;One_of_our_lower_colonial_officers,_an_assistant-resident_in_Western_Java,_has_taken_a_very_zealous_approach_to_his_job._Disturbed_by_the_abuses_of_the_Cultuurstelsel_and_Herendienst_he_found_in_his_regency,_he_accused_the_local_Head_of_severe_abuse_of_power_and_bondage_of_his_subjects._While_of_course_his_position_requires_him_to_reign_in_local_excesses_and_protect_the_populace,_his_primary_concern_should_be_the_protection_of_our_interests!_Currently,_the_authority_of_the_Head_is_sacred_and_unquestionable_to_the_populace._Bringing_him_to_court_might_cause_severe_social_upheaval._As_such,_the_Resident_has_called_the_Assistent-Resident_to_order_and_stopped_the_prosecution_of_the_Head._This_did_not_deter_the_Assistent-Resident._The_case_has_now_reached_the_Governor-General_who_has_to_decided_to_continue_the_prosecution,_and_risk_rebellion,_or_put_a_stop_to_it.;;;;;;;;;;;;;
EVTNAME211404;Disgruntled Colonial Officer;;;;;;;;;;;;;
EVTDESC211404;A_former_colonial_officer_who_left_the_service_after_an_altercation_with_a_local_Regent,_has_now_written_to_you_complaining_about_the_treatment_he_has_received._A_fervent_liberal_and_proponent_of_inlander_rights,_he_claims_to_have_written_a_book_detailing_abuses_committed_by_both_the_colonial_government_and_local_Heads_under_the_Cultuurstelsel._Having_been_reduced_to_poverty_by_his_treatment,_he_is_threatening_to_publish_this_book_unless_he_is_fully_rehabilitated,_which_in_this_case_means:_a_position_of_Regent_on_Java,_full_restoration_of_his_pension,_a_large_advance_and,_most_preposterously,_a_decoration_for_his_"service".;;;;;;;;;;;;;
EVTNAME211405;Multatuli;;;;;;;;;;;;;
EVTDESC211405;I_am_broker_in_coffee,_and_live_on_the_Lauriersgracht_No._37.\nWith_these_words_begins_the_novel_Max_Havelaar,_which_has_by_now_"sent_a_shudder_through_the_land"._The_novel_describes_the_consequences_of_the_colonial_system_in_Java,_in_which_government_and_local_Heads_cooperated_to_enrich_themselves_at_the_expense_of_the_people._In_the_example_of_the_body_of_the_Javanese,_murdered_on_the_orders_of_the_regent,_floating_down_the_river_as_a_present_from_the_sharks_of_the_interior_to_the_sharks_in_the_sea,_after_that_poor_wretch_had_complained_about_the_Regent,_the_"humdrum"_story_of_that_one_buffalo_of_Saidjah's_father,_the_village_in_Lampung_set_ablaze_by_Dutch_forces._Cumulating_in_the_majestic,_almost_terrifying,_final_chord_in_which_Multatuli_exposed_Holland_as_a_"pirate_state"_among_the_nations,_and_conjured_the_king_not_to_tolerate_any_longer_that_more_than_30_million_Javanese_are_maltreated_and_exploited_in_his_name_in_the_"glorious_realm_of_Insulinde,_that_coiled_round_the_Equator_like_a_girdle_of_emerald".;;;;;;;;;;;;;
EVTNAME211409;Java, or How to Manage a Colony;;;;;;;;;;;;;
EVTDESC211409;Long_has_our_colony_on_Java_been_the_envy_of_the_world._The_vast_wealth_provided_by_the_Cultuurstelsel_has_propelled_our_nation_forwards,_and_this_has_not_gone_unnoticed_abroad._In_a_recently_published_book,_called_'Java,_or_How_to_Manage_a_Colony',_the_aptly_named_Englishman_James_Money_described_our_colonial_administration_of_Java,_the_Cultuurstelsel_in_particular,_as_the_example_of_how_a_colony_should_be_run._He_writes_that_a_similar_system_would_solve_many_of_the_problems_facing_British_India_today.;;;;;;;;;;;;;
EVTNAME211411;The Koloniale Kwestie;;;;;;;;;;;;;
EVTDESC211411;A_weighty_responsibility_lies_on_the_people_blessed_with_such_history_as_ours._Contemporaries_and_progeny_might_rightfully_question,_what_we,_sons_of_such_a_dearly_bought_freedom,_have_done_with_this_freedom?_Can_we,_after_three_centuries,_with_a_clean_conscience_and_our_heads_held_high_answer:_We_are_worthy_descendants_of_such_heroes?_Is_it_but_lies_and_slander_that_we_exploit_the_Javanese?\n[...]\nThe_Cultuurstelsel_has_made_our_country_the_disgrace_of_the_world._We_have_surrendered_the_honor_of_being_a_civilized_nation:_for_even_the_Spanish_did_not_treat_our_forefathers_so_unchristian.\nThat_a_moral_nation_pur_sang_like_ours,_which_does_not_rely_on_brute_force_but_moral_superiority_in_international_politics,_should_allow_for_her_subjects_to_be_exploited,_has_started_to_create_a_feeling_of_unease_in_society.;;;;;;;;;;;;;
EVTNAME211900;Maatschappij tot Nut van den Javaan;;;;;;;;;;;;;
EVTDESC211900;A_new_'Society_to_the_Benefit_of_the_Javanese'_has_been_founded_with_to_combat_all_injustice_against_Javanese,_no_matter_the_source._The_society_considers_it_a_great_sin_that,_in_our_name,_Javanese_should_be_exploited._Being_the_foremost_Christian_nation_under_God,_it_should_fall_to_us_to_uplift_the_inlanders!_Perhaps_under_our_guidance_can_the_Javanese_can_do_away_with_their_superstitions_and_join_the_ranks_of_civilized_peoples._The_society_has_started_to_raise_money_to_fund_(Christian)_schools_in_the_East.\nThe_paternalistic_nature_of_the_society,_however,_has_not_fallen_well_with_more_liberal_elements_of_our_society._Multatuli,_perhaps_the_foremost_"friend_of_the_Javanese",_has_published_a_damning_commentary_of_their_work:_"He_who_does_indeed_value_Civilization_does_not_ridicule_her_by_spreading_more_or_less_illustrated_school_books,_prints_and_atlases_to_those_who_he_systematically_exploits,_abuses_and_murders".;;;;;;;;;;;;;
EVTNAME211901;Baron Van Hoevell;;;;;;;;;;;;;
EVTDESC211901;People_of_the_Netherlands,_does_a_bloodguilt_not_burn_on_your_consciousness?_For_two_centuries_has_your_flag_flow_on_Java:_For_two_centuries_you_have_waived_the_scepter_of_domination:_Millions_upon_millions_have_flowed_to_your_treasure_on_the_toiling_of_the_inlanders:_And_you_have_returned_nothing_to_them.\nMember_of_Parliament_Wolter_Robert_baron_van_Hoevell_has_emerged_as_one_of_the_strongest_critics_of_our_colonial_administration_of_Java_and_the_Cultuurstelsel_in_particular._Originally_serving_as_a_minister_in_Batavia,_he_was_forced_to_leave_the_Indies_due_to_his_liberal_and_anti-governmental_tendencies._Very_popular_in_the_Indies:_it_is_said_that_when_he_left,_he_was_sent_of_by_"half_of_Batavia"._As_one_of_the_few_MPs_who_has_actually_visited_the_Indies,_he_can_describe_the_situation_there_with_great_expertise_and_"disturbing_eloquence".;;;;;;;;;;;;;
EVTNAME211418;The Agrarische Wet;;;;;;;;;;;;;
EVTDESC211418;While_vital_for_the_financial_well-being_of_our_nation,_the_Cultuurstelsel_has_its_opponents._Especially_in_liberal_circles_there_is_a_lot_of_criticism_of_the_system._They_view_the_Cultuurstelsel_as_an_inefficient_and_inflexible_economic_system,_unable_to_respond_adequately_to_changing_circumstance._In_their_view_the_East_Indies_would_benefit_from_opening_up_to_private_capital._The_treatment_of_the_Inlanders_is_also_a_point_of_contention._They_hold_the_Cultuurstelsel_as_deeply_immoral,_as_it_denies_the_local_education,_Christianity_and_the_blessings_of_progress._The_Agrarische_Wet_seeks_to_abolish_the_Cultuurstelsel_and_its_governmental_plantations,_and_open_the_East_Indies_up_to_private_investment._Ownership_of_the_land_is_returned_to_the_Inlanders_and_western_individuals_can_lease_lands_from_them_or_the_government.;;;;;;;;;;;;;
EVTNAME211440;The Suikerwet;;;;;;;;;;;;;
EVTDESC211440;The_Agrarische_Wet_has_been_the_first_step_in_abolishing_the_Cultuurstelsel._However_due_its_economic_importance,_the_sugar_industry_had_been_exempted_from_the_Agrarische_Wet._This_never_set_well_with_the_liberal_elements_of_society,_and_they_have_always_pushed_to_end_the_governmental_monopoly_on_sugar._A_bill_has_now_been_brought_to_a_vote_in_parliament_to_this_effect.\nUnder_the_Suikerwet_the_government_relinquishes_its_monopoly_on_sugar,_and_opens_the_sugar_market_to_private_capital,_provided_the_sugar_is_refined_in_Dutch_refineries.;;;;;;;;;;;;;
EVTNAME211441;The Koffiewet;;;;;;;;;;;;;
EVTDESC211441;While_in_the_days_of_the_VOC_spices_such_nutmeg_and_cloves_might_have_been_the_economic_motor_of_the_Indies,_since_the_late_18th_century_coffee_has_been_the_cork_keeping_our_economy_afloat._Therefore,_when_the_Agrarische_Wet_was_passed,_the_coffee_cultures_were_specifically_exempted._This_never_set_right_with_the_liberals_and_other_proponents_of_a_liberal_economy._A_bill_has_now_been_brought_to_a_vote_in_parliament_to_finally_bring_an_end_to_Cultuurstelsel,_and_the_governmental_monopoly_on_the_coffee.;;;;;;;;;;;;;
EVTNAME211445;The Ethische Politiek;;;;;;;;;;;;;
EVTDESC211445;The_Indies_have_always_been_a_profit_center_to_our_nation._While_great_wealth_has_flowed_to_our_great_nation,_the_poor_inlanders_have_seen_little_benefit_from_our_rule._In_fact,_they_have_suffered_dearly_from_abuse_and_exploitation_under_our_rule._Some_would_say_we_have_incurred_a_debt_of_honor_towards_the_inlanders._They_are_proposing_we_follow_a_more_Ethical_Policy_towards_the_inlanders._We_would_take_ethical_responsibility_towards_our_inlander_populace,_and_extend_all_benefits_from_being_part_of_our_great_nation_towards_them.;;;;;;;;;;;;;
EVTNAME211800;The Pill Bandoeng;;;;;;;;;;;;;
EVTDESC211800;Malaria_is_an_ever_present_danger_in_the_tropical_regions_of_the_world._There_are_few_effective_treatments_for_the_disease,_and_those_which_do_exist_are_expensive._Our_control_over_the_production_of_Quinine_from_the_Cinchona_tree_has_given_our_citizens_abundant_and_relatively_cheap_access_to_the_medicine._However,_the_inlander_population_has_been_unable_to_profit_from_this,_and_continues_to_be_ravaged_by_the_disease._A_bill_has_been_proposed_in_parliament_to_fund_the_construction_of_a_large_Quinine_factory_on_Java._This_factory_will_be_specifically_to_supply_the_natives_with_this_important_medicine,_and_extend_the_benefits_of_Dutch_civilization_to_them.;;;;;;;;;;;;;
EVTNAME211801;The School tot Opleiding van Inlandsche Artsen;;;;;;;;;;;;;
EVTDESC211801;We_have_always_kept_medical_professions_in_the_Indies_a_strictly_western_affair._There_have_been_hospitals_and_doctors_for_inlanders,_but_never_any_inlander_doctors_and_physicians._This_has_obviously_had_a_negative_effect_on_the_access_to_modern_medical_care_for_inlanders._Most_are_now_surrendered_to_the_whims_of_the_dukuns,_and_the_magic_and_superstition_they_perpetrate._To_combat_this,_and_improve_the_plight_of_our_colonial_subjects,_it_has_been_suggested_we_start_training_inlanders_in_the_medical_profession.;;;;;;;;;;;;;
EVTNAME555080;Rebel Armament;;;;;;;;;;;;;
EVTDESC555080;The_rebel_armies_around_the_world_have_adopted_new_weapons_and_tactics.;;;;;;;;;;;;;
EVTOPTA555080;Let the world tremble!;;;;;;;;;;;;;
EVTNAME188158;South American Dreadnought Race;;;;;;;;;;;;;
EVTDESC188158;Because_$FROMCOUNTRY$_lacks_the_capacity_to_construct_the_latest_and_most_powerful_warship_type,_the_dreadnought,_the_$FROMCOUNTRY_ADJ$_government_has_purposed_a_deal_with_us_to_build_their_new_ship._What_should_be_our_answer?;;;;;;;;;;;;;
EVTDESC188159;$FROMCOUNTRY$_has_agreed_to_construct_a_dreadnought_for_us!_The_ship_will_be_delivered_in_2_years.;;;;;;;;;;;;;
EVTDESC188160;$FROMCOUNTRY$_has_declined_to_sign_our_deal_about_constructing_a_dreadnought_for_us.;;;;;;;;;;;;;
EVTDESC188161;The_dreadnought_we_ordered_is_finished_and_arrived_in_one_of_our_naval_bases.;;;;;;;;;;;;;
EVTNAME99400;Resettle Blacks in Liberia;;;;;;;;;;;;;
EVTDESC99400;\n\nNow_that_the_southern_aristocracy_has_been_forced_to_free_their_slaves,_free_blacks,_along_with_the_American_Colonization_Society_have_begun_on_a_program_for_willing_colonists_to_settle_Liberia._Supporting_this_program_would_anger_most_of_the_Afro_Americans_in_our_nation,_however_this_could_be_the_solution_for_the_ethnic_issues_between_whites_and_black--even_if_it_means_we_have_to_force_them_to_go_to_Africa.;;;;;;;;;;;;;
EVTNAME99402;Afro American Resettlement;;;;;;;;;;;;;
EVTDESC99402;\n\nMany_Afro_American_families_in_$PROVINCENAME$,_having_been_freed,_are_reportedly_planning_on_emigrating_to_Liberia_--_the_newly-established_homeland_for_former_slaves_in_the_Grain_Coast._We_could_force_them_all_to_go,_but_that_might_not_be_a_simple_matter.;;;;;;;;;;;;;
EVTNAME188162;The Chilean Civil War;;;;;;;;;;;;;
EVTDESC188162;\n\nAfter_the_liberal_José_Manuel_Balmaceda_was_elected_president_of_Chile_in_1886,_he_fostered_public_works,_improved_health_care_and_public_education._In_$YEAR$,_his_programs_met_opposition_in_the_Chilean_congress,_which_rejected_his_budget._Balmaceda_announced_that_he_would_proceed_without_the_congress,_which_soon_deposed_him_and_appointed_naval_officer_Jorge_Montt_as_provisional_president._The_navy_supports_the_congress,_while_Balmaceda_retains_control_of_the_army_and_exercises_dictatorial_powers_in_the_capital_of_Santiago.;;;;;;;;;;;;;
EVTNAME188163;Sonderbund;;;;;;;;;;;;;
EVTDESC188163;The_Sonderbund_was_a_league_created_in_1845_in_Switzerland_between_seven_Catholic_and_Conservative_cantons,_in_order_to_protect_their_interests_against_a_centralization_of_power_by_the_Protestant_and_Liberal_cantons._This_alliance_was_concluded_after_the_Federal_Diet,_with_the_approval_of_a_majority_of_cantons,_had_taken_measures_against_the_Catholic_Church._When_Lucerne,_in_retaliation,_recalled_the_Jesuits_the_same_year,_groups_of_armed_radicals_invaded_the_canton,_causing_a_revolt.;;;;;;;;;;;;;
EVTNAME188164;The Sonderbund War;;;;;;;;;;;;;
EVTDESC188164;The_Sonderbund_was_in_violation_of_the_Federal_Treaty_of_1815,_which_expressly_forbade_such_separate_alliances,_and_the_Radical_majority_in_the_Federal_Diet_decided_to_dissolve_the_Sonderbund_in_$YEAR$._The_confederate_army_was_raised_against_the_members_of_the_Sonderbund._The_army_was_composed_of_soldiers_of_all_the_other_states_except_Neuchâtel_and_Appenzell_Innerrhoden_which_had_stayed_neutral._Ticino,_while_a_Catholic_canton,_did_not_join_the_Sonderbund_and_fought_with_the_Protestants._The_war_lasted_for_less_than_a_month,_causing_fewer_than_100_casualties._It_ended_with_the_victory_of...;;;;;;;;;;;;;
EVTNAME188165;The Sicilian Revolution;;;;;;;;;;;;;
EVTDESC188165;The_Congress_of_Vienna_reunited_the_kingdoms_of_Naples_and_Sicily_for_the_first_time_since_the_13th_century_as_the_Bourbon_Kingdom_of_the_Two_Sicilies._The_administration_of_the_island_was_brutal,_corrupt_and_inefficient._Dissatisfaction_spilled_over_into_open_revolution_three_times._In_$YEAR$_political_agitators_in_Palermo_circulated_a_pamphlet_which_called_on_all_Sicilians_to_rise_up_against_the_Bourbons_on_Ferdinand's_birthday._By_the_time_the_Bourbon_troops_arrived_by_sea,_the_revolutionaries_were_in_control_of_the_city_and_then_the_whole_island._As_the_Neapolitan_army_retreated,_those_with_a_more_defined_political_agenda_emerged_as_the_leaders_and_established_committees_in_an_effort_to_channel_and_control_the_momentum_of_the_uprising._They_demanded_that_Ferdinand_restore_the_1812_constitution,_an_appeal_which_attracted_support_from_the_middle_and_upper_classes._In_response,_the_king_offered_local_self-government_on_condition_that_Bourbon_sovereignty_remained,_but_the_revolutionaries_rejected_this_and_insisted_that_Sicily_should_have_complete_independence_from_Naples.;;;;;;;;;;;;;
EVTNAME188166;The Cretan Revolt;;;;;;;;;;;;;
EVTDESC188166;The_island_of_Crete_and_its_Greek_majority_have_been_the_center_of_numerous_revolts_in_recent_years._After_several_failed_attempts_at_union_with_Greece,_the_situation_reached_a_boiling_point._As_tension_ran_high_in_the_island,_and_several_petitions_to_the_Sultan_went_unanswered,_armed_bands_were_formed,_an_the_uprising_was_officially_proclaimed_in_$YEAR$._The_revolt_caused_immediate_sympathy_not_only_in_Greece,_but_also_elsewhere_in_Europe._Rebels_spread_throughout_the_rural_areas_of_Crete_and_have_taken_over_a_good_portion_of_the_island._It_is_now_up_to_us_to_decide_what_happens_to_them.;;;;;;;;;;;;;
EVTNAME188167;The Annexation of Eastern Rumelia;;;;;;;;;;;;;
EVTDESC188167;The_Congress_of_Berlin_left_Bulgaria_divided_into_two_sections:_the_area_north_of_the_Balkan_Mountains_and_Sofia_became_a_widely_autonomous_principality,_Eastern_Rumelia_between_the_Balkan_and_Rhodope_Mountains_gained_semi-autonomous_status_with_an_Ottoman_appointed_Christian_governor._Although_Bulgaria_was_technically_under_the_suzerainty_of_the_Sublime_Porte,_this_was_a_legal_fiction_that_Bulgaria_only_acknowledged_in_a_formal_way_and_acted_largely_as_a_de_facto_independent_state._In_$YEAR$,_a_rebellion_and_coup_in_Eastern_Rumelia,_led_by_Bulgarians,_saw_the_people_proclaim_a_union_with_the_state_of_Bulgaria._According_to_the_Berlin_Treaty_the_Sultan_was_only_allowed_to_send_troops_in_Eastern_Rumelia_at_the_request_of_the_governor,_who_at_the_time_was_a_Bulgarian_patriot_and_made_no_such_request._The_great_powers_seem_indifferent_about_the_whole_situation,_so_it's_up_to_us_to_decide_what_happens_next._Recognizing_the_annexation_would_only_solidify_Bulgaria's_de_facto_independent_status.;;;;;;;;;;;;;
EVTNAME188168;The Balkan League;;;;;;;;;;;;;
EVTDESC188168;\n\nCompeting_claims_to_Ottoman_held_territories,_especially_Macedonia,_prevented_the_Balkan_states_from_cooperating_against_the_Ottomans_for_far_too_long._The_recent_struggles_of_the_Ottoman_Empire_however_finally_gave_us_a_good_opportunity_to_fulfill_our_desires_of_expansion._Because_of_the_Great_Powers'_unwillingness_to_help_our_cause,_this_proposed_Balkan_League_is_our_best_chance:_a_joint_effort_of_the_Balkan_nations_would_surely_be_enough_to_kick_the_Turks_out_of_the_Balkans,_once_and_for_all.;;;;;;;;;;;;;
EVTNAME188169;The Balkan League;;;;;;;;;;;;;
EVTDESC188169;\n\nCompeting_claims_to_Ottoman_held_territories,_especially_Macedonia,_prevented_the_Balkan_states_from_cooperating_against_the_Ottomans_for_far_too_long._The_recent_struggles_of_the_Ottoman_Empire_however_finally_gave_us_a_good_opportunity_to_fulfill_our_desires_of_expansion._Because_of_the_Great_Powers'_unwillingness_to_help_our_cause,_$FROMCOUNTRY$_has_proposed_an_alliance_directed_against_the_Ottoman_Empire:_a_joint_effort_of_the_Balkan_nations_would_surely_be_enough_to_kick_the_Turks_out_of_the_Balkans,_once_and_for_all._This_is_a_great_opportunity_to_get_our_rightful_clay_back,_what_should_we_do?;;;;;;;;;;;;;
EVTNAME188170;The Balkan War;;;;;;;;;;;;;
EVTDESC188170;\n\nFor_the_first_time_in_centuries,_the_Balkan_Nations_have_united_once_again_under_a_common_goal:_to_kick_the_Turks_out_of_Europe--once_and_for_all._Now_or_never,_to_victory!;;;;;;;;;;;;;
EVTNAME188171;The Treaty of London;;;;;;;;;;;;;
EVTDESC188171;\n\nWe_are_incapable_of_stopping_the_advance_of_the_Balkan_League,_perhaps_it_should_be_wise_to_give_up_our_European_territories_before_the_war_cripples_our_nation.;;;;;;;;;;;;;
EVTDESC188172;\n\nWe_have_lost_the_war,_and_we_are_forced_to_give_up_our_European_territories_to_the_Balkan_League,_however_we_can_keep_Thrace_and_Istanbul.;;;;;;;;;;;;;
EVTDESC188173;$FROMCOUNTRY$_and_the_Balkan_League_is_currently_at_war_with_the_Ottoman_Empire._After_a_brief_period_of_diplomatic_confusion_we_are_happy_to_have_them_back_in_our_sphere.;;;;;;;;;;;;;
EVTDESC98410;Jewish_families_in_$PROVINCENAME$,_having_originally_arrived_in_$COUNTRY$_as_a_result_of_the_diaspora,_are_reportedly_planning_on_emigrating_to_Israel--_the_newly-established_Jewish_homeland_in_Madagascar._We_could_encourage_them_to_remain,_but_that_might_not_be_a_simple_matter.;;;;;;;;;;;;;
EVTDESC98418;Jewish_families_in_$PROVINCENAME$,_having_originally_arrived_in_$COUNTRY$_as_a_result_of_the_diaspora,_are_reportedly_planning_on_emigrating_to_Israel--_the_newly-established_Jewish_homeland_in_Patagonia._We_could_encourage_them_to_remain,_but_that_might_not_be_a_simple_matter.;;;;;;;;;;;;;
EVTDESC98426;Jewish_families_in_$PROVINCENAME$,_having_originally_arrived_in_$COUNTRY$_as_a_result_of_the_diaspora,_are_reportedly_planning_on_emigrating_to_Israel--_the_newly-established_Jewish_homeland_in_Guiana._We_could_encourage_them_to_remain,_but_that_might_not_be_a_simple_matter.;;;;;;;;;;;;;
EVTDESC98430;Jewish_families_in_$PROVINCENAME$,_having_originally_arrived_in_$COUNTRY$_as_a_result_of_the_diaspora,_are_reportedly_planning_on_emigrating_to_Israel--_the_newly-established_Jewish_homeland_in_Alaska._We_could_encourage_them_to_remain,_but_that_might_not_be_a_simple_matter.;;;;;;;;;;;;;
EVTDESC98438;Jewish_families_in_$PROVINCENAME$,_having_originally_arrived_in_$COUNTRY$_as_a_result_of_the_diaspora,_are_reportedly_planning_on_emigrating_to_Israel--_the_newly-established_Jewish_homeland_in_Uganda._We_could_encourage_them_to_remain,_but_that_might_not_be_a_simple_matter.;;;;;;;;;;;;;
EVTDESC98446;Jewish_families_in_$PROVINCENAME$,_having_originally_arrived_in_$COUNTRY$_as_a_result_of_the_diaspora,_are_reportedly_planning_on_emigrating_to_Israel--_the_newly-established_Jewish_homeland_in_Cyrenaica._We_could_encourage_them_to_remain,_but_that_might_not_be_a_simple_matter.;;;;;;;;;;;;;
EVTDESC98451;Jewish_families_in_$PROVINCENAME$,_having_originally_arrived_in_$COUNTRY$_as_a_result_of_the_diaspora,_are_reportedly_planning_on_emigrating_to_Israel--_the_newly-established_Jewish_homeland_in_Angola._We_could_encourage_them_to_remain,_but_that_might_not_be_a_simple_matter.;;;;;;;;;;;;;
EVTNAME188174;The Uruguayan Civil War;;;;;;;;;;;;;
EVTDESC188174;On_July_18,_1830,_Uruguay_enacted_its_first_constitution._Uruguay's_leaders_fiercely_protected_free_speech_within_the_nation's_parliament--even_when_legislators_voiced_views_that_directly_opposed_those_of_the_president._These_measures_did_not_mean_that_Uruguay's_early_decades_were_easy_or_calm,_however:_in_addition_to_threats_from_its_much_larger_neighbors,_the_young_nation_suffered_from_internal_strife._The_new_constitution_had_made_José_Fructuoso_Rivera_the_country's_first_president._When_his_political_rival,_Manuel_Oribe_became_president_in_1834,_Fructuoso_revolted_against_him._By_the_mid-1830s,_two_fiercely_opposed_political_parties_had_emerged_from_these_internal_struggles._Oribe_headed_a_group_called_the_Blancos,_who_mainly_represented_gauchos,_shepherds,_and_other_rural_citizens._Fructuoso_led_their_opponents,_the_Colorados,_who_were_more_supportive_of_the_residents_of_Montevideo_and_their_business_interests._As_battles_between_the_groups_increased,_the_rivalry_grew_into_a_civil_war.;;;;;;;;;;;;;
EVTNAME188175;The Uruguayan Civil War;;;;;;;;;;;;;
EVTDESC188175;Argentina_has_traditionally_held_the_right_to_intervene_in_Uruguayan_internal_affairs_as_it_sees_fit,_but_in_recent_months_the_liberal_Colorado_government_has_proven_to_be_increasingly_intransigent._The_rebel_leader_of_the_conservative_Blancos,_Manuel_Oribe,_has_approached_us_with_the_offer_of_an_alliance:_place_him_in_power_and_Argentina_has_a_firm_ally_in_Uruguay_once_again.;;;;;;;;;;;;;
EVTNAME188176;The $FROMCOUNTRY_ADJ$ Ultimatum;;;;;;;;;;;;;
EVTDESC188176;After_several_recent_political_conflicts_with_Argentina,_they_have_sent_an_ultimatum:_place_the_rebel_leader_of_the_Blancos_in_charge_of_the_government_or_there_will_be_war._There_are_many_in_the_government_who_feel_that_Argentina_cannot_be_serious._Uruguay_is_no_threat,_and_they_would_risk_angering_Brazil_with_an_invasion?_This_insulting_ultimatum_should_be_refused,_according_to_them.;;;;;;;;;;;;;
EVTNAME188177;Uruguay Rejects the Ultimatum;;;;;;;;;;;;;
EVTDESC188177;The_Uruguayan_government_has_rejected_our_demands._Perhaps_they_underestimate_our_willingness_to_see_this_matter_to_a_swift_end.;;;;;;;;;;;;;
EVTNAME188178;We Must Submit;;;;;;;;;;;;;
EVTDESC188178;We_have_no_choice_but_to_submit_to_the_Argentine_demands._The_Blancos_are_victorious.;;;;;;;;;;;;;
EVTNAME188179;The Colorados Have Surrendered;;;;;;;;;;;;;
EVTDESC188179;The_government_of_Uruguay_has_given_in_to_our_demands.;;;;;;;;;;;;;
EVTNAME46613;The State of Buenos Aires;;;;;;;;;;;;;
EVTDESC46613;Urquiza_was_not_a_unitarian,_but_another_federalist_like_Rosas._Thus,_the_unitarians_did_not_support_him,_but_opposed_him_as_they_did_Rosas._Urquiza's_ambition_to_reduce_the_national_centralism_of_Buenos_Aires_and_promote_a_higher_federalization_of_the_country_generated_conflicts_with_the_unitarians._Urquiza_called_the_San_Nicolás_Agreement,_so_that_all_provinces_agreed_to_convene_the_Constituent_Assembly._This_was_resisted_in_Buenos_Aires,_and_the_unitarians_took_advantage_of_a_temporary_absence_of_Urquiza_from_the_city_and_secede_Buenos_Aires_from_the_confederation._Negotiations_are_underway_since_then,_however_they_are_unwilling_to_give_up_their_demands.;;;;;;;;;;;;;
EVTNAME46614;The Argentine Republic;;;;;;;;;;;;;
EVTDESC46614;General_Urquiza_was_unable_to_defeat_the_Buenos_Aires_rebellion_and_General_Bartolomé_Mitre_has_assumed_control_of_the_government._The_president,_who_had_been_backed_by_Urquiza,_and_all_Federalist_governors_resigned,_and_the_Argentine_Confederation_was_replaced_by_the_Argentine_Republic.;;;;;;;;;;;;;
EVTNAME46615;General Mitre Defeated;;;;;;;;;;;;;
EVTDESC46615;The_rebellion_in_Buenos_Aires_has_been_put_down,_and_both_General_Mitre_and_his_liberal_supporters_have_been_captured_and_executed._Buenos_Aires_has_submitted_to_the_will_of_the_Federalists.;;;;;;;;;;;;;
EVTDESC98897;With_the_arrival_of_the_$COUNTRY_ADJ$_colonial_governor_into_$PROVINCENAME$,_an_effort_has_begun_to_incorporate_$COUNTRY_ADJ$_$STATENAME$_into_the_larger_Equatorial_Guinean_colony.;;;;;;;;;;;;;
EVTNAME44342;The Northwest Territories;;;;;;;;;;;;;
EVTDESC44342;The_land_north_of_the_60th_parallel_is_inhospitable_to_settlers,_but_there_is_a_growing_concern_that_should_the_$COUNTRY_ADJ$_government_not_move_to_fully_claim_the_territory_another_power_will_do_so._It_will_take_considerable_political_capital_to_convince_the_other_world_powers_of_$COUNTRY_ADJ$_dominion_in_the_north,_but_many_feel_we_must_make_the_effort...;;;;;;;;;;;;;
EVTNAME188187;The Federal War;;;;;;;;;;;;;
EVTDESC188187;After_1830,_several_factors_led_to_a_prolonged_period_of_political_instability,_including_social_problems_inherited_from_the_struggle_for_independence,_tensions_among_the_diverse_economic_and_political_groups,_a_succession_of_armed_movements_in_rural_areas,_and_hopes_for_change_in_the_centralist-federalist_model_of_government._The_Conservative_Party_advocated_a_strong_central_government._Its_supporters_consisted_of_the_commercial_elite._The_Liberals_argued_for_greater_regional_autonomy._Their_ranks_consisted_mostly_of_the_remnants_of_the_old_landed_aristocracy_and_of_the_urban_middle_class._After_José_Tadeo_Monagas_was_driven_from_power_by_a_revolution_in_$YEAR$_-_in_which_both_Liberals_and_Conservatives_participated_-_a_new_regime_was_set_up._However,_extreme_conservatives_took_power_and_created_a_more_oppressive_regime_than_that_of_Monagas._The_liberals_responded_in_uprising,_and_war_began._The_civil_war_ended_with...;;;;;;;;;;;;;
EVTNAME188188;The Durand Line;;;;;;;;;;;;;
EVTDESC188188;In_an_effort_to_secure_control_of_the_strategic_Khyber_Pass,_in_$YEAR$,_Great_Britain_dispatched_a_British_diplomat,_Mortimer_Durand,_to_negotiate_an_agreement_to_delineate_the_border_between_the_Emirate_of_Afghanistan_and_British_India._The_agreement_would_result_in_a_frontier_that_runs_from_the_Karakoram_Range_in_the_northeast_running_south_through_the_Spin_Ghar_mountains_before_turning_west_along_the_Chagai_Hills_to_the_border_with_Persia._The_new_border,_dubbed_the_Durand_Line,_would_divide_the_Pashtun_tribal_lands,_a_region_informally_referred_to_as_Pasthunistan_in_two,_with_half_of_the_Pashtun_tribal_region_now_part_of_British_India_and_the_balance_remaining_part_of_Afghanistan._The_Durand_Line_would_also_ensure_that_there_would_be_a_thin_strip_of_Afghanistan_running_to_the_Chinese_border,_thus_separating_the_Russian_Empire_from_British_India.;;;;;;;;;;;;;
EVTNAME188190;Concessions to Italy;;;;;;;;;;;;;
EVTDESC188190;\n\n$FROMCOUNTRY$_is_offering_us_Trento_and_Triest_for_a_significant_amount_of_money_in_exchange_for_our_loyalty_and_relinquishment_of_claims_on_Austrian_land._What_should_be_our_answer?;;;;;;;;;;;;;
EVTNAME188191;Qatari-Bahraini War;;;;;;;;;;;;;
EVTDESC188191;Qatar_has_been_under_Bahraini_control_since_the_Al_Khalifa_family_captured_the_peninsula_in_1783._The_inhabitants_of_the_peninsula_did_not_feel_attachment_to_their_new_overlords_and_in_$YEAR$_they_rose_up_into_what_turned_into_a_major_rebellion.;;;;;;;;;;;;;
EVTNAME3721123;Louis Napoleon's Coup;;;;;;;;;;;;;
EVTDESC3721123;I_believe,_Louis_Napoleon_wrote,_"that_from_time_to_time,_men_are_created_whom_I_call_volunteers_of_providence,_in_whose_hands_are_placed_the_destiny_of_their_countries._I_believe_I_am_one_of_those_men._If_I_am_wrong,_I_can_perish_uselessly._If_I_am_right,_then_providence_will_put_me_into_a_position_to_fulfill_my_mission."_He_had_seen_the_popular_enthusiasm_for_Napoleon_Bonaparte_when_he_was_in_Paris,_and_he_was_convinced_that,_if_he_marched_to_Paris,_as_Napoleon_Bonaparte_had_done_in_1815_during_the_One_Hundred_Days,_France_would_rise_up_and_join_him._He_began_to_plan_a_coup_against_King_Louis-Philippe._He_planned_for_his_uprising_to_begin_in_Strasbourg._The_colonel_of_a_regiment_was_brought_over_to_the_cause._In_$YEAR$,_Louis_Napoleon_arrived_in_Strasbourg,_in_the_uniform_of_an_officer_of_artillery,_and_rallied_the_regiment_to_his_side._The_prefecture_was_seized,_and_the_prefect_arrested.;;;;;;;;;;;;;
EVTDESC37203;\n\nLouis-Napoleon_had_not_given_up_the_dream_of_returning_to_France_to_seize_power._In_$YEAR$,_he_bought_weapons_and_uniforms_and_had_proclamations_printed,_gathered_a_contingent_of_about_sixty_armed_men,_hired_a_ship_called_the_Edinburgh-Castle,_and_sailed_across_the_Channel_to_the_port_of_Boulogne.;;;;;;;;;;;;;
EVTNAME46620;The Triple Alliance;;;;;;;;;;;;;
EVTDESC46620;\n\nIn_$YEAR$_the_old_struggle_between_conservative_and_liberal_factions_broke_out_once_more_in_Uruguay_when_the_Colorado_leader_Venancio_Flores_rose_against_President_Bernardo_Berro_of_the_Blanco_party._Since_Paraguayan_dictator_Solano_López_had_always_supported_the_Blancos_he_declared_any_interference_in_Uruguay_to_be_unacceptable._Supporting_the_Colorados_would_give_us_a_chance_to_finally_end_the_López_regime_and_take_our_claims_if_he_decides_to_intervene.;;;;;;;;;;;;;
EVTNAME46621;The Triple Alliance Defeated;;;;;;;;;;;;;
EVTDESC46621;\n\nWe_have_won_the_war_against_all_odds!_The_Triple_Alliance_has_been_defeated_and_agreed_to_negotiate_peace_without_conditions._The_question_is_now,_how_harsh_should_our_conditions_be?_Securing_our_sea_access_should_be_enough_to_minimize_future_conflicts,_however_this_is_our_best_chance_to_become_a_regional_power--but_for_how_long?;;;;;;;;;;;;;
EVTNAME46622;The Triple Alliance Victorious;;;;;;;;;;;;;
EVTDESC46622;\n\nSolano_López_is_dead_and_Paraguay_lays_in_ruins--the_war_is_over._As_Paraguay_isn't_a_threat_anymore,_we_can_just_take_our_claims_and_keep_the_country_a_buffer_state._However_some_of_our_politicians_argue_that_Paraguay_is_a_non-country_and_it_should_be_partitioned_between_Argentina_and_Brazil.;;;;;;;;;;;;;
EVTDESC46623;\n\nThe_consequences_of_defeat_were_disastrous_for_Paraguay._Argentina_and_Brazil_annexed_about_54,000_square_miles_of_Paraguayan_territory_-_almost_half_the_country._Initially_the_Argentine_negotiators_proposed_to_simply_divide_Paraguay_between_Argentina_and_Brazil,_but_the_Brazilians_refused,_preferring_to_maintain_a_buffer_state_between_themselves_and_their_old_rival.;;;;;;;;;;;;;
EVTDESC46624;\n\nAt_the_end_of_the_war,_with_Paraguay_suffering_severe_shortages_of_weapons_and_supplies,_Solano_López_reacted_with_draconian_attempts_to_keep_order,_ordering_troops_to_kill_any_of_their_colleagues,_including_officers,_who_talked_of_surrender._Paranoia_prevailed_in_the_army,_and_soldiers_fought_to_the_bitter_end_in_a_resistance_movement,_resulting_in_more_destruction_in_the_country._Meanwhile_the_Triple_Alliance_has_decided_to_divide_Paraguay_between_Argentina_and_Brazil.;;;;;;;;;;;;;
EVTNAME46625;The Future of Paraguay;;;;;;;;;;;;;
EVTDESC46625;\n\nWith_Paraguay_becoming_a_relevant_power_in_the_region,_many_wonder_what_will_be_the_next_move_of_Solano_López._Most_likely_he_will_crown_himself_emperor_as_he_ordered_an_exact_replica_of_Napoleon's_crown_for_himself._Some_believe_he_will_keep_his_dictatorial_powers,_but_a_vocal_minority_speculates_that_he_will--with_a_move_as_unexpected_as_the_war--transition_the_country_to_democracy.;;;;;;;;;;;;;
EVTOPTA46625;Long live Emperor Francisco Solano López I!;;;;;;;;;;;;;
EVTOPTB46625;Paraguay remains a dictatorship!;;;;;;;;;;;;;
EVTOPTC46625;Give the power back to the people.;;;;;;;;;;;;;
EVTNAME44828;The Treaty of Guadalupe Hidalgo;;;;;;;;;;;;;
EVTDESC44828;With_a_convincing_enough_victory_over_the_Mexicans,_we_are_able_to_force_them_to_the_negotiating_table_in_order_to_discuss_their_surrendering_of_all_claims_to_land_north_of_the_Rio_Grande--_in_exchange_for_a_fair_price,_of_course.;;;;;;;;;;;;;
EVTNAME46626;The Vásquez Cobo-Martins Treaty;;;;;;;;;;;;;
EVTDESC46626;The_resident_minister_of_Brazil_in_$COUNTRY$,_Enéas_Martins,_is_on_a_special_mission_to_meet_with_the_Minister_of_Foreign_Affairs,_Alfredo_Vásquez_Cobo,_to_delineate_a_treaty_to_settle_a_border_issue_between_our_nations._The_treaty_would_establish_the_border_from_the_Rio_Negro_northwestward_along_the_Amazon_River-Orinoco_watershed_divide,_then_generally_southward_along_various_river_courses_and_straight-line_segments_to_the_mouth_of_the_Apaporis_River.;;;;;;;;;;;;;
EVTNAME46627;The Salomón-Lozano Treaty;;;;;;;;;;;;;
EVTDESC46627;The_foreign_minister_of_$FROMCOUNTRY$_is_on_a_special_mission_to_delineate_a_treaty_to_settle_a_border_issue_between_our_nations._The_treaty_would_essentially_create_a_border_between_both_nations_along_the_Putumayo_River.;;;;;;;;;;;;;
EVTNAME975523;Los Altos Declares Independence;;;;;;;;;;;;;
EVTDESC975523;With_rebels_rampant_in_the_south,_it_has_become_next_to_impossible_for_the_government_to_maintain_order_in_Los_Altos._Government_authorities_have_withdrawn_as_locals_have_overtaken_the_capital_in_Quetzaltenango.;;;;;;;;;;;;;
EVTNAME975524;Panama Declares Independence;;;;;;;;;;;;;
EVTDESC975524;With_rebels_in_Costa_Rica_having_already_declared_its_independence_from_the_Federal_Republic,_it_has_become_next_to_impossible_for_the_government_to_maintain_order_in_southern_Panama._Government_authorities_have_withdrawn_as_locals_have_overtaken_the_capital_in_Panama_City.;;;;;;;;;;;;;
EVTNAME975525;Belize Declares Independence;;;;;;;;;;;;;
EVTDESC975525;With_rebels_rampant_in_the_south,_it_has_become_next_to_impossible_for_the_government_to_maintain_order_in_Belize._Government_authorities_have_withdrawn_as_locals_have_overtaken_the_capital_in_Belize.;;;;;;;;;;;;;
EVTNAME975526;Yucatan Declares Independence;;;;;;;;;;;;;
EVTDESC975526;With_rebels_in_Guatemala_having_already_declared_its_independence_from_the_Federal_Republic,_it_has_become_next_to_impossible_for_the_government_to_maintain_order_in_Yucatan._Government_authorities_have_withdrawn_as_locals_have_overtaken_the_capital_in_Mérida.;;;;;;;;;;;;;
EVTDESC2652;According_to_our_peace_treaty_with_$FROMCOUNTRY$,_we_must_dismantle_our_factories_and_cancel_all_constructions_and_recruitments_in_the_affected_states.;;;;;;;;;;;;;
EVTNAME188192;$YEAR$ Mount Lebanon Civil War;;;;;;;;;;;;;
EVTDESC188192;A_major_Maronite_peasant_uprising_began_in_Keserwan_against_their_Druze_overlords,_spilling_into_the_surrounding_countryside._This_has_prompted_mass_infighting_between_two_religious_sects,_with_thousands_of_Druze_and_Christians_dead_already,_and_the_Maronites_massacred_in_the_streets._The_international_community_has_now_taken_notice_and_demands_we_do_something_about_this,_but_it_is_up_to_us_to_decide.;;;;;;;;;;;;;
EVTNAME980081;Principality of Transylvania;;;;;;;;;;;;;
EVTDESC980081;The_Transylvanian_Diet_has_voted_for_affiliation_with_Hungary._With_the_subsequent_Austro-Hungarian_Compromise,_the_centuries-long_autonomous_status_of_Hungarian_nobility,_Székelys_and_Transylvanian_Saxons_ended_and_the_Grand_Principality_of_Transylvania_was_incorporated_into_Hungary_proper_within_the_Dual_Monarchy.;;;;;;;;;;;;;
EVTNAME2661;Our New Colonial Master;;;;;;;;;;;;;
EVTDESC2661;As_a_result_of_the_treaty_with_$FROMCOUNTRY$,_our_colonial_territory_is_now_under_the_control_of_another_great_power.;;;;;;;;;;;;;
EVTNAME2662;Our New Colony;;;;;;;;;;;;;
EVTDESC2662;The_colonial_territory_of_$FROMCOUNTRY$_is_now_under_our_control.;;;;;;;;;;;;;
EVTNAME188193;The Transylvanian Question;;;;;;;;;;;;;
EVTDESC188193;Transylvania_has_been_a_topic_of_long_dispute_between_Hungary_and_Romania._Hungarian-Romanian_relations_are_at_a_boiling_point,_but_luckily_$FROMCOUNTRY$_has_intervened_to_stop_an_impending_war._They_are_offering_us_an_arbitration_to_decide_the_future_of_Transylvania._If_we_do_agree,_however,_there_is_a_chance_we_could_lose_everything_we_have_now.;;;;;;;;;;;;;
EVTDESC188194;Hungary_and_Romania_have_both_asked_for_$COUNTRY_ADJ$_arbitration--it_is_up_to_us_now_to_decide_the_fate_of_Transylvania._We_should_be_able_to_come_up_with_a_fair_compromise_by_carefully_examining_geographic,_economic_and_ethnic_maps--or_ultimately_we_can_decide_which_country_is_more_valuable_to_us.;;;;;;;;;;;;;
EVTDESC188195;$FROMCOUNTRY$_has_decided_that_all_of_Transylvania_belongs_to_Hungary._This_is_certainly_not_the_result_we_were_hoping_for,_but_we_have_no_choice_but_to_accept_it--for_now,_at_least.;;;;;;;;;;;;;
EVTDESC188196;Our_sphere_owner_has_decided_that_all_of_Transylvania_belongs_to_us!_This_is_more_than_we_had_dared_hope_for._Truly_a_great_day_in_our_glorious_nation's_history!;;;;;;;;;;;;;
EVTDESC188197;$FROMCOUNTRY$_has_decided_that_all_of_Transylvania_belongs_to_Romania._This_is_certainly_not_the_result_we_were_hoping_for,_but_we_have_no_choice_but_to_accept_it--for_now,_at_least.;;;;;;;;;;;;;
EVTDESC188199;$FROMCOUNTRY$_has_decided_to_split_Transylvania_in_half._This_is_certainly_not_the_result_we_were_hoping_for,_but_we_have_no_choice_but_to_accept_it--for_now,_at_least.;;;;;;;;;;;;;
EVTNAME36983;Fate of the Franklin Expedition;;;;;;;;;;;;;
EVTDESC36983;In_$YEAR$,_a_document_has_been_found_in_a_cairn_left_by_Captain_Crozier_and_Captain_Fitzjames,_who_were_informing_the_Admiralty_that_Franklin_had_died,_and_the_remaining_survivors_were_heading_south_towards_the_Back_River_as_the_ships_had_been_trapped_in_the_ice_for_years._John_Rae_discovered_further_evidence_of_the_expedition's_fate._Rae_met_an_Inuk_who_told_him_of_a_party_of_35_to_40_white_men_who_had_died_of_starvation_near_the_mouth_of_the_Back_River._Other_Inuit_confirmed_this_story,_which_included_reports_of_cannibalism_among_the_dying_sailors._The_Inuit_showed_Rae_many_objects_that_were_identified_as_having_belonged_to_Franklin_and_his_men._It_seems_like_the_expedition_had_suffered_a_fate_as_terrible_as_the_imagination_can_conceive.;;;;;;;;;;;;;
EVTNAME36984;Franklin Expedition Found;;;;;;;;;;;;;
EVTDESC36984;In_$YEAR$,_survivors_of_the_Franklin_Expedition_have_been_found_near_the_Back_River._The_men_were_starving_and_suffering_from_serious_lead_poisoning,_which_probably_contributes_to_a_shocking_claim_they_made_about_a_giant_polar_bear_chasing_and_killing_them._Although_Franklin_himself_and_most_of_his_men_had_died,_finding_the_last_remaining_survivors_is_truly_a_great_miracle.;;;;;;;;;;;;;
EVTNAME46628;The Venezuelan Crisis of $YEAR$;;;;;;;;;;;;;
EVTDESC46628;\n\nIn_1814,_Great_Britain_had_acquired_British_Guiana_by_treaty_with_the_Netherlands._Because_the_treaty_did_not_define_a_western_boundary,_the_British_commissioned_Robert_Schomburgk,_a_surveyor_and_naturalist,_to_delineate_that_boundary._His_survey_resulted_in_what_came_to_be_known_as_the_Schomburgk_Line,_a_boundary_that_effectively_claimed_an_additional_30,000_square_miles_for_Guiana._Venezuela_claimed_its_borders_extended_as_far_east_as_the_Essequibo_River_-_an_effective_claim_on_two-thirds_of_British_Guiana's_territory._When_gold_was_discovered_in_the_disputed_territory,_Great_Britain_sought_to_further_extend_its_reach,_claiming_an_additional_33,000_square_miles_west_of_the_Schomburgk_Line,_an_area_where_gold_had_been_discovered._In_$YEAR$_Venezuela_protested,_broke_diplomatic_relations_with_Great_Britain,_and_appealed_to_the_United_States_for_assistance,_citing_the_Monroe_Doctrine_as_justification_for_US_involvement.;;;;;;;;;;;;;
EVTNAME188201;The Kosovan Question;;;;;;;;;;;;;
EVTDESC188201;\n\nKosovo_has_been_a_topic_of_long_dispute_between_Serbia_and_Albania._Serbian-Albanian_relations_are_at_a_boiling_point,_but_luckily_$FROMCOUNTRY$_has_intervened_to_stop_an_impending_war._They_are_offering_us_an_arbitration_to_decide_the_future_of_Kosovo._If_we_do_agree,_however,_there_is_a_chance_we_could_lose_everything_we_have_now.;;;;;;;;;;;;;
EVTDESC188202;\n\nSerbia_and_Albania_have_both_asked_for_$COUNTRY_ADJ$_arbitration--it_is_up_to_us_now_to_decide_the_fate_of_Kosovo._We_should_be_able_to_come_up_with_a_fair_compromise_by_carefully_examining_geographic,_economic_and_ethnic_maps--or_ultimately_we_can_decide_which_country_is_more_valuable_to_us.;;;;;;;;;;;;;
EVTDESC188203;\n\n$FROMCOUNTRY$_has_decided_that_all_of_Kosovo_belongs_to_Serbia._This_is_certainly_not_the_result_we_were_hoping_for,_but_we_have_no_choice_but_to_accept_it--for_now,_at_least.;;;;;;;;;;;;;
EVTDESC188204;\n\nOur_sphere_owner_has_decided_that_all_of_Kosovo_belongs_to_us!_This_is_more_than_we_had_dared_hope_for._Truly_a_great_day_in_our_glorious_nation's_history!;;;;;;;;;;;;;
EVTDESC188205;\n\n$FROMCOUNTRY$_has_decided_that_all_of_Kosovo_belongs_to_Albania._This_is_certainly_not_the_result_we_were_hoping_for,_but_we_have_no_choice_but_to_accept_it--for_now,_at_least.;;;;;;;;;;;;;
EVTDESC188207;\n\n$FROMCOUNTRY$_has_decided_to_split_Kosovo_in_half._This_is_certainly_not_the_result_we_were_hoping_for,_but_we_have_no_choice_but_to_accept_it--for_now,_at_least.;;;;;;;;;;;;;
EVTNAME188209;The Slovakian Question;;;;;;;;;;;;;
EVTDESC188209;\n\nSlovakia_has_been_a_topic_of_long_dispute_between_Hungary_and_Czechoslovakia._Hungarian-Czechoslovakian_relations_are_at_a_boiling_point,_but_luckily_$FROMCOUNTRY$_has_intervened_to_stop_an_impending_war._They_are_offering_us_an_arbitration_to_decide_the_future_of_Slovakia._If_we_do_agree,_however,_there_is_a_chance_we_could_lose_everything_we_have_now.;;;;;;;;;;;;;
EVTDESC188210;\n\nHungary_and_Czechoslovakia_have_both_asked_for_$COUNTRY_ADJ$_arbitration--it_is_up_to_us_now_to_decide_the_fate_of_Slovakia._We_should_be_able_to_come_up_with_a_fair_compromise_by_carefully_examining_geographic,_economic_and_ethnic_maps--or_ultimately_we_can_decide_which_country_is_more_valuable_to_us.;;;;;;;;;;;;;
EVTDESC188211;\n\n$FROMCOUNTRY$_has_decided_that_all_of_Slovakia_belongs_to_Hungary._This_is_certainly_not_the_result_we_were_hoping_for,_but_we_have_no_choice_but_to_accept_it--for_now,_at_least.;;;;;;;;;;;;;
EVTDESC188212;\n\nOur_sphere_owner_has_decided_that_all_of_Slovakia_belongs_to_us!_This_is_more_than_we_had_dared_hope_for._Truly_a_great_day_in_our_glorious_nation's_history!;;;;;;;;;;;;;
EVTDESC188213;\n\n$FROMCOUNTRY$_has_decided_that_all_of_Slovakia_belongs_to_Czechoslovakia._This_is_certainly_not_the_result_we_were_hoping_for,_but_we_have_no_choice_but_to_accept_it--for_now,_at_least.;;;;;;;;;;;;;
EVTDESC188215;\n\n$FROMCOUNTRY$_has_decided_to_split_Slovakia_in_half._This_is_certainly_not_the_result_we_were_hoping_for,_but_we_have_no_choice_but_to_accept_it--for_now,_at_least.;;;;;;;;;;;;;
EVTNAME99401;Emperor Norton;;;;;;;;;;;;;
EVTDESC99401;\n\nBy_$YEAR$,_a_citizen_of_San_Francisco_called_Joshua_Abraham_Norton_had_become_completely_discontented_with_what_he_considered_the_inadequacies_of_the_legal_and_political_structures_of_the_Californian_Republic._He_took_matters_into_his_own_hands_and_distributed_letters_to_the_various_newspapers_in_the_city,_proclaiming_himself_"Emperor_of_California"_(he_later_added_"Protector_of_Mexico"_to_this_title)._The_announcement_was_first_printed_for_humorous_effect_by_the_editor_of_the_San_Francisco_Daily_Evening_Bulletin._Norton_issued_numerous_decrees_on_matters_of_the_state,_including_a_decree_to_formally_abolish_the_Congress.;;;;;;;;;;;;;
EVTNAME188217;The Vojvodinan Question;;;;;;;;;;;;;
EVTDESC188217;\n\nVojvodina_has_been_a_topic_of_long_dispute_between_Hungary_and_Serbia._Hungarian-Serbian_relations_are_at_a_boiling_point,_but_luckily_$FROMCOUNTRY$_has_intervened_to_stop_an_impending_war._They_are_offering_us_an_arbitration_to_decide_the_future_of_Vojvodina._If_we_do_agree,_however,_there_is_a_chance_we_could_lose_everything_we_have_now.;;;;;;;;;;;;;
EVTDESC188218;\n\nHungary_and_Serbia_have_both_asked_for_$COUNTRY_ADJ$_arbitration--it_is_up_to_us_now_to_decide_the_fate_of_Vojvodina._We_should_be_able_to_come_up_with_a_fair_compromise_by_carefully_examining_geographic,_economic_and_ethnic_maps--or_ultimately_we_can_decide_which_country_is_more_valuable_to_us.;;;;;;;;;;;;;
EVTDESC188219;\n\n$FROMCOUNTRY$_has_decided_that_all_of_Vojvodina_belongs_to_Hungary._This_is_certainly_not_the_result_we_were_hoping_for,_but_we_have_no_choice_but_to_accept_it--for_now,_at_least.;;;;;;;;;;;;;
EVTDESC188220;\n\nOur_sphere_owner_has_decided_that_all_of_Vojvodina_belongs_to_us!_This_is_more_than_we_had_dared_hope_for._Truly_a_great_day_in_our_glorious_nation's_history!;;;;;;;;;;;;;
EVTDESC188221;\n\n$FROMCOUNTRY$_has_decided_that_all_of_Vojvodina_belongs_to_Serbia._This_is_certainly_not_the_result_we_were_hoping_for,_but_we_have_no_choice_but_to_accept_it--for_now,_at_least.;;;;;;;;;;;;;
EVTDESC188223;\n\n$FROMCOUNTRY$_has_decided_to_split_Vojvodina_in_half._This_is_certainly_not_the_result_we_were_hoping_for,_but_we_have_no_choice_but_to_accept_it--for_now,_at_least.;;;;;;;;;;;;;
EVTNAME188225;The Dobrudjan Question;;;;;;;;;;;;;
EVTDESC188225;\n\nDobrudja_has_been_a_topic_of_long_dispute_between_Bulgaria_and_Romania._Bulgarian-Romanian_relations_are_at_a_boiling_point,_but_luckily_$FROMCOUNTRY$_has_intervened_to_stop_an_impending_war._They_are_offering_us_an_arbitration_to_decide_the_future_of_Dobrudja._If_we_do_agree,_however,_there_is_a_chance_we_could_lose_everything_we_have_now.;;;;;;;;;;;;;
EVTDESC188226;\n\nBulgaria_and_Romania_have_both_asked_for_$COUNTRY_ADJ$_arbitration--it_is_up_to_us_now_to_decide_the_fate_of_Dobrudja._We_should_be_able_to_come_up_with_a_fair_compromise_by_carefully_examining_geographic,_economic_and_ethnic_maps--or_ultimately_we_can_decide_which_country_is_more_valuable_to_us.;;;;;;;;;;;;;
EVTDESC188227;\n\n$FROMCOUNTRY$_has_decided_that_all_of_Dobrudja_belongs_to_Bulgaria._This_is_certainly_not_the_result_we_were_hoping_for,_but_we_have_no_choice_but_to_accept_it--for_now,_at_least.;;;;;;;;;;;;;
EVTDESC188228;\n\nOur_sphere_owner_has_decided_that_all_of_Dobrudja_belongs_to_us!_This_is_more_than_we_had_dared_hope_for._Truly_a_great_day_in_our_glorious_nation's_history!;;;;;;;;;;;;;
EVTDESC188229;\n\n$FROMCOUNTRY$_has_decided_that_all_of_Dobrudja_belongs_to_Romania._This_is_certainly_not_the_result_we_were_hoping_for,_but_we_have_no_choice_but_to_accept_it--for_now,_at_least.;;;;;;;;;;;;;
EVTDESC188231;\n\n$FROMCOUNTRY$_has_decided_to_split_Dobrudja_in_half._This_is_certainly_not_the_result_we_were_hoping_for,_but_we_have_no_choice_but_to_accept_it--for_now,_at_least.;;;;;;;;;;;;;
EVTNAME188233;The Eastern Macedonian Question;;;;;;;;;;;;;
EVTDESC188233;\n\nEastern_Macedonia_has_been_a_topic_of_long_dispute_between_Bulgaria_and_Greece._Bulgarian-Greek_relations_are_at_a_boiling_point,_but_luckily_$FROMCOUNTRY$_has_intervened_to_stop_an_impending_war._They_are_offering_us_an_arbitration_to_decide_the_future_of_Eastern_Macedonia._If_we_do_agree,_however,_there_is_a_chance_we_could_lose_everything_we_have_now.;;;;;;;;;;;;;
EVTDESC188234;\n\nBulgaria_and_Greece_have_both_asked_for_$COUNTRY_ADJ$_arbitration--it_is_up_to_us_now_to_decide_the_fate_of_Eastern_Macedonia._We_should_be_able_to_come_up_with_a_fair_compromise_by_carefully_examining_geographic,_economic_and_ethnic_maps--or_ultimately_we_can_decide_which_country_is_more_valuable_to_us.;;;;;;;;;;;;;
EVTDESC188235;\n\n$FROMCOUNTRY$_has_decided_that_all_of_Eastern_Macedonia_belongs_to_Bulgaria._This_is_certainly_not_the_result_we_were_hoping_for,_but_we_have_no_choice_but_to_accept_it--for_now,_at_least.;;;;;;;;;;;;;
EVTDESC188236;\n\nOur_sphere_owner_has_decided_that_all_of_Eastern_Macedonia_belongs_to_us!_This_is_more_than_we_had_dared_hope_for._Truly_a_great_day_in_our_glorious_nation's_history!;;;;;;;;;;;;;
EVTDESC188237;\n\n$FROMCOUNTRY$_has_decided_that_all_of_Eastern_Macedonia_belongs_to_Greece._This_is_certainly_not_the_result_we_were_hoping_for,_but_we_have_no_choice_but_to_accept_it--for_now,_at_least.;;;;;;;;;;;;;
EVTDESC188239;\n\n$FROMCOUNTRY$_has_decided_to_split_Eastern_Macedonia_in_half._This_is_certainly_not_the_result_we_were_hoping_for,_but_we_have_no_choice_but_to_accept_it--for_now,_at_least.;;;;;;;;;;;;;
EVTNAME187911;The Aberdeen Act;;;;;;;;;;;;;
EVTDESC187911;\n\nThe_British_Parliament_has_signed_the_Aberdeen_Act_into_law,_giving_them_authority_to_seize_and_search_Brazilian_vessels_for_any_slave_traders,_enforcing_an_end_to_the_illegal_slave_trade.;;;;;;;;;;;;;
EVTNAME187913;Escaped Slaves;;;;;;;;;;;;;
EVTDESC187913;\n\nEscaped_slaves_have_formed_a_Quilombo_in_this_province,_a_settlement_made_up_of_ex-slaves_in_hard-to-reach_places._It_might_be_some_time_before_we_can_root_them_out.;;;;;;;;;;;;;
EVTNAME187906;Union Restored;;;;;;;;;;;;;
EVTDESC187906;\n\nThe_independence_movement_in_New_York_has_been_defeated,_and_their_secession_annulled._Already_the_people_of_New_York_are_rejoining_their_true_countrymen_in_celebration.;;;;;;;;;;;;;
EVTNAME187907;Declaration of Independence;;;;;;;;;;;;;
EVTDESC187907;\n\nThe_independence_movement_in_New_York_has_been_defeated,_and_their_secession_annulled._Already_the_people_of_New_York_are_rejoining_their_true_countrymen_in_celebration.;;;;;;;;;;;;;
EVTDESC11380024;\n\nThe_streets_have_turned_into_rivers_of_people_in_$CAPITAL$,_where_every_man,_woman_and_child_seems_to_have_come_out_of_the_woodwork,_and_into_the_streets,_to_participate_in_a_massive_street_protest_directed_directly_against_the_monarch._The_issue_on_the_table_is_the_appointed,_unconstitutional_government,_and_the_masses_are_calling_on_the_monarch_to_respect_the_election_results._Our_options_here_are_rather_limited._Either_we_listen_to_the_demands_of_the_infuriated_mob,_or_we_risk_angering_them_even_further.;;;;;;;;;;;;;
EVTOPTA11380024;Ignore them, I know what's best for the country.;;;;;;;;;;;;;
EVTOPTB11380024;Respect the election results.;;;;;;;;;;;;;
EVTDESC188241;$FROMCOUNTRY$_has_refused_our_generous_offer.;;;;;;;;;;;;;
EVTNAME37246;The Sale of Luxembourg;;;;;;;;;;;;;
EVTDESC37246;Luxembourg_has_been_a_vassal_of_the_Netherlands_since_the_Treaty_of_London,_and_recently_France_has_offered_to_buy_the_small_duchy_from_us_for_250,000¤._An_offer_like_this_would_certainly_help_our_financial_situation._What_should_be_our_answer?;;;;;;;;;;;;;
EVTNAME37248;The Luxembourg Crisis;;;;;;;;;;;;;
EVTDESC37248;Luxembourg_has_been_a_vassal_of_the_Netherlands_since_the_Treaty_of_London._Recently_France_has_offered_to_buy_the_small_duchy_from_King_William_III_of_the_Netherlands_who,_being_in_deep_financial_trouble,_has_accepted_the_offer._Luxembourg_has_a_sizeable_German_population,_and_as_the_leading_force_of_the_German_unification_it_is_our_duty_to_protect_all_Germans.;;;;;;;;;;;;;
EVTDESC37250;$FROMCOUNTRY$_has_opposed_our_attempt_to_buy_Luxembourg_from_the_Netherlands._They_are_threatening_France_with_war_if_we_don't_back_down._What_should_we_do?;;;;;;;;;;;;;
EVTDESC37251;Despite_our_objections,_France_has_refused_to_back_down_and_annexed_Luxembourg._We_have_no_choice_but_to_declare_war_now.;;;;;;;;;;;;;
EVTNAME37252;General Boulanger;;;;;;;;;;;;;
EVTDESC37252;A_graduate_of_the_Saint-Cyr_Military_Academy,_Georges_Boulanger_entered_the_army_in_1856_and_saw_service_in_Italy,_Algeria,_Indochina,_and_the_Franco-German_War._Wounded_in_suppressing_the_Paris_Commune,_he_was_appointed_brigadier_general_and_director_of_infantry._Two_years_later_he_was_appointed_to_command_the_army_in_North_Africa_but_was_recalled_because_of_differences_of_opinion_with_the_governor_of_the_protectorate._Returning_to_Paris,_he_began_to_take_part_in_politics_and_in_$YEAR$_he_entered_the_government_as_minister_of_war._He_won_popularity_in_the_army_through_various_reforms_(improvement_of_soldiers'_food_and_living_conditions,_and_so_on),_heavy_expenditures_on_the_army,_and_his_aggressive_hostility_towards_Germany._Boulanger_talked_of_avenging_the_defeat_that_France_had_suffered_in_the_conflict_with_the_Germans--which_earned_him_the_nickname_Général_Revanche--and_he_won_some_distinguished_adherents_by_his_denunciation_of_party_divisions_and_corruption.;;;;;;;;;;;;;
EVTNAME37253;The Rise of Boulangism;;;;;;;;;;;;;
EVTDESC37253;Boulanger_began_to_receive_unsolicited_electoral_support_in_special_elections_for_the_Chamber_of_Deputies._The_government_feared_his_support_and_assigned_him_to_an_obscure_military_outpost._He_gained_notoriety_by_his_bold_attacks_on_the_government,_his_demands_for_a_dissolution_of_the_Chamber_of_Deputies,_and_for_a_revision_of_the_constitution._He_was_deprived_of_his_command_in_$YEAR$_for_coming_to_Paris_twice_without_leave,_and_his_name_was_removed_from_the_army_list._He_was,_however,_almost_at_once_elected_to_the_chamber_for_the_Nord._The_radical_socialists,_who_seek_a_more_democratic_republic,_joined_hands_with_the_Royalists_and_the_Bonapartists,_who_hope_for_the_overthrow_of_the_republic,_in_pledging_him_their_support_and_thus_making_him_a_tool_in_the_hands_of_groups_hostile_to_the_existing_republican_dispensation._A_coup_d'état_seems_probable_and_desirable_among_his_supporters:_Boulanger_has_now_become_a_threat_to_the_parliamentary_republic.;;;;;;;;;;;;;
EVTNAME37254;Boulanger's Coup d'Etat;;;;;;;;;;;;;
EVTDESC37254;The_big_opportunity_for_Boulanger_came_in_$YEAR$_when_he_was_elected_in_Paris_by_an_overwhelming_majority._The_victory_was_clinched_by_the_royalist_and_radical_socialist_voters_all_casting_ballots_against_the_republic_as_constituted._A_crowd_around_30,000_of_his_supporters_gathered_outside_the_restaurant_where_Boulanger_and_his_committee_awaited_the_election_results._Urged_by_enthusiasts,_the_crowd_and_several_within_his_closest_circle_called_upon_Boulanger_to_lead_a_march_to_the_presidential_palace_and_stage_a_coup._There_is_nothing_we_can_do_to_stop_him_if_he_decides_to_seize_the_opportunity.;;;;;;;;;;;;;
EVTNAME37255;The Fate of Boulanger;;;;;;;;;;;;;
EVTDESC37255;Boulanger's_refusal_to_lead_the_coup_gave_his_enemies_the_time_they_needed_to_strike_back._Ernest_Constans,_the_Minister_of_the_Interior,_decided_to_investigate_the_matter,_and_attacked_the_League_of_Patriots_using_the_law_banning_the_activities_of_secret_societies._Shortly_afterward_the_French_government_issued_a_warrant_for_Boulanger's_arrest_for_conspiracy_and_treasonable_activity._To_the_astonishment_of_his_supporters,_he_fled_Paris_before_it_could_be_executed,_going_first_to_Brussels_and_then_to_London._The_Parliament_stripped_him_of_his_immunity_from_prosecution,_the_French_Senate_condemned_him_and_his_supporters,_Rochefort,_and_Count_Dillon_for_treason,_sentencing_all_three_to_deportation_and_confinement._After_his_flight,_support_for_him_dwindled,_and_the_Boulangists_were_defeated_in_the_elections._Boulanger_himself_returned_to_the_Ixelles_Cemetery_in_Brussels_to_commit_suicide_by_a_bullet_to_the_head_on_the_grave_of_his_mistress.;;;;;;;;;;;;;
EVTNAME37256;Boulanger's Constitutional Revision;;;;;;;;;;;;;
EVTDESC37256;After_defeating_all_resistance_and_successfully_consolidating_his_power,_Boulanger_could_finally_focus_on_his_promised_constitutional_revision._The_problem_is_his_groups_of_supporters_all_have_different_ideas_of_what_this_new_constitution_should_be:_the_radical_socialists_seek_a_a_stronger_republican_government_capable_of_achieving_social_reforms,_the_Orléanists_want_a_constitutional_monarchy_under_the_Count_of_Paris,_while_the_Bonapartists_want_to_restore_the_French_Empire._Of_course_he_could_always_listen_to_the_voices_who_say_he_is_the_only_one_capable_of_restoring_France_to_its_former_glory...;;;;;;;;;;;;;
EVTNAME10412;The Paris Commune;;;;;;;;;;;;;
EVTDESC10412;During_the_Franco-German_War,_the_people_of_Paris_have_prepared_for_an_eventual_siege_and_bought_canons,_manned_by_the_citizens_of_the_town._The_government,_fighting_off_the_Germans,_asked_for_the_weapons_to_be_seized_and_fitted_with_French_soldiers,_eventually_going_eastward_and_making_Paris_defenseless._As_the_tension_escalated,_a_large_part_of_the_population_has_formed_an_autonomous_collectivity_inside_the_city,_based_on_communist_ideas_of_equality_and_council-based_governing._While_the_government_stalled,_the_dissent_grew_and_now_other_cities_share_similar_situations._A_council_was_formed_inside_the_"Commune_of_Paris",_taking_progressive_decisions_directly_inspired_by_socialist_and_communist_theories._While_still_preparing_for_war,_they_have_arranged_a_society_with_free_press,_women_participation,_mandatory_education_and_welfare.;;;;;;;;;;;;;
EVTNAME188244;Statue of Liberty Destroyed!;;;;;;;;;;;;;
EVTDESC188244;\n\nThe_Statue_of_Liberty_represents_many_things,_among_them_friendship_between_nations_and_freedom_from_oppression._Ships_would_sail_into_New_York_Harbor_and_Lady_Liberty_would_welcome_their_passengers,_many_of_them_being_immigrants_traveling_to_the_United_States_for_the_first_time._Lady_Liberty_is_one_of_the_first_sites_when_sailing_into_the_harbor,_and_she_is_symbolic_of_freedom._Today,_we_received_news_that_$FROMCOUNTRY_ADJ$_soldiers_occupying_New_York_have_destroyed_the_statue._A_whole_nation_mourns_as_news_of_this_barbarous_act_of_culturcide_spread_throughout_the_United_States,_and_the_world.;;;;;;;;;;;;;
EVTNAME188245;The $YEAR$ Manifesto;;;;;;;;;;;;;
EVTDESC188245;\n\nThe_$YEAR$_Manifesto_declared_that_Russian_law_is_the_law_of_the_land,_and_Finland_has_to_pledge_allegiance_to_Russian_law._The_Diet_was_essentially_downgraded_to_a_state_assembly_and_that_Finland_is_a_province_of_Russia,_ignoring_its_autonomy._The_Finnish_Army_as_a_whole_will_be_dissolved_and_Finns_will_be_forced_to_serve_in_the_Russian_army._The_governor-general_of_Finland_has_threatened_a_military_invasion_and_siege_if_the_senate_would_oppose_these_changes.;;;;;;;;;;;;;