Key;English;French;German;Polish;Spanish;Italian;Swedish;Czech;Hungarian;Dutch;Portuguese;Russian;Finnish;
EVTDESC13000_NEWS_LONG;Once_the_wind_of_Western_civilization_blows_to_the_East,_every_blade_of_grass_and_every_tree_in_the_East_follow_what_the_Western_wind_brings._Off_the_coastlines_of_$COUNTRY$,_strange_ships_have_begun_appearing._Strange_ships,_with_masts_so_tall_as_to_seem_to_touch_the_face_of_God._At_first_a_curiosity,_soon_every_so_often_-_increasing_in_intensity_as_gale_grows_to_storm_-_and_tomorrow?_Strange_are_those_ships,_and_stranger_still_the_customs_they_bring,_but_there_can_be_no_doubt_that_a_policy_must_be_adopted_with_regards_to_the_foreigners_from_'Europe'.;;Wenn_der_Wind_der_westlichen_Zivilisation_im_Osten_weht,_so_wird_jeder_Grashalm_und_jeder_Baum_vom_Geiste_des_Westens_erfüllt._An_den_Küsten_von_$COUNTRY$_tauchen_fremde_Schiffe_auf._Seltsame_Schiffe_mit_Masten_so_hoch,_als_ob_sie_Gottes_Antlitz_berühren_wollten._Zunächst_eine_Seltenheit,_dann_immer_mehr_und_öfter,_wie_eine_sanfte_Brise,_die_sich_zu_einem_Sturm_auswächst_-_und_morgen?_Merkwürdig_sind_diese_Schiffe,_merkwürdiger_noch_ihre_Waren_und_Gebräuche,_und_es_besteht_kein_Zweifel,_dass_wir_den_Umgang_mit_den_Fremden_aus_diesem_'Europa'_erlernen_müssen.;;;;;;;;;;;
EVTDESC13000_NEWS_MEDIUM;Off_the_coastlines_of_$COUNTRY$,_strange_ships_have_begun_appearing._Strange_are_those_ships,_and_stranger_the_customs_they_bring,_but_there_can_be_no_doubt_that_a_policy_must_be_adopted_with_regards_to_the_foreigners_from_'Europe'.;;An_den_Küsten_von_$COUNTRY$_tauchen_fremde_Schiffe_auf._Merkwürdig_sind_diese_Schiffe,_merkwürdiger_noch_ihre_Waren_und_Gebräuche,_und_es_besteht_kein_Zweifel,_dass_wir_den_Umgang_mit_den_Fremden_aus_diesem_'Europa'_erlernen_müssen.;;;;;;;;;;;
EVTDESC13000_NEWS_SHORT;Strange_are_those_ships,_and_stranger_the_customs_they_bring,_but_there_can_be_no_doubt_that_a_policy_must_be_adopted_in_$COUNTRY$_with_regards_to_the_foreigners_from_'Europe'.;;Merkwürdig_sind_diese_Schiffe,_merkwürdiger_noch_ihre_Waren_und_Gebräuche,_und_es_besteht_kein_Zweifel,_dass_wir_in_$COUNTRY$_den_Umgang_mit_den_Fremden_aus_diesem_'Europa'_erlernen_müssen.;;;;;;;;;;;
EVTDESC13100_NEWS_LONG;$COUNTRY$:_The_foreigners_have_gone_too_far!_Their_missionaries_spread_false_teachings,_subverting_our_people_and_our_national_unity,_they_break_our_customs,_and_their_opium_clouds_our_minds._At_least_that_is_the_message_you_will_get_if_you_ask_the_people_in_$PROVINCENAME$_where_anti-foreign_sentiments_have_been_running_high_in_the_past_months._Foreign_trading_post_will_be_removed_from_$PROVINCENAME$_to_discard_the_harmful_influence,_and_they_will_not_be_allowed_to_return_spread_their_lies_and_their_poisons_among_the_local_population.;;$COUNTRY$:_Die_Fremden_sind_zu_weit_gegangen!_Ihre_Missionare_verbreiten_falsche_Lehren,_die_unser_Volk_und_unsere_nationale_Einheit_zerrütten,_sie_missachten_unsere_Gebräuche_und_ihr_Opium_vergiftet_unseren_Geist._So_sehen_es_zumindest_die_Einwohner_von_$PROVINCENAME$,_wo_die_Fremdenfeindlichkeit_in_den_letzten_Monaten_weiter_zunimmt._Der_Außenhandelsposten_in_$PROVINCENAME$_wird_entfernt,_um_den_schädlichen_Einfluss_auszumerzen,_und_sie_dürfen_nicht_zurückkehren,_um_ihre_Lügen_und_ihr_Gift_unter_der_Bevölkerung_zu_verbreiten.;;;;;;;;;;;
EVTDESC13100_NEWS_MEDIUM;$COUNTRY$:_The_foreigners_have_gone_too_far!_Their_missionaries_spread_false_teachings,_subverting_our_people_and_our_national_unity,_they_break_our_customs,_and_their_opium_clouds_our_minds._Anti-foreign_sentiments_have_been_running_high_in_$PROVINCENAME$.;;$COUNTRY$:_Die_Fremden_gehen_zu_weit!_Ihre_Missionare_verbreiten_falsche_Lehren,_die_unser_Volk_und_unsere_nationale_Einheit_zerrütten,_sie_missachten_unsere_Gebräuche_und_ihr_Opium_vergiftet_unseren_Geist._Die_Fremdenfeindlichkeit_hat_in_$PROVINCENAME$_immens_zugenommen._;;;;;;;;;;;
EVTDESC13100_NEWS_SHORT;$COUNTRY$:_The_foreigners_have_gone_too_far!_They_break_our_customs,_and_their_opium_clouds_our_minds._Anti-foreign_sentiments_have_been_running_high_in_$PROVINCENAME$.;;$COUNTRY$:_Die_Fremden_gehen_zu_weit!_Sie_missachten_unsere_Gebräuche_und_ihr_Opium_vergiftet_unseren_Geist._Die_Fremdenfeindlichkeit_hat_in_$PROVINCENAME$_immens_zugenommen._;;;;;;;;;;;
EVTDESC13120_NEWS_LONG;The_European_governess_hired_to_educate_the_court_in_$COUNTRY$_seems_to_be_doing_fairly_well_at_her_job,_but_she_has_been_introducing_some_rather_strange_ideas_around_the_place._For_instance,_she_has_been_throwing_around,_in_quite_harsh_language,_the_idea_that_all_men_are_created_equal,_and_that_$COUNTRY$_should_abolish_the_time-honored_institution_of_slavery._For_the_locals_accustomed_to_slavery_for_centuries_this_might_sound_like_dangerous_stuff...;;Die_für_den_Unterricht_des_Hofes_in_$COUNTRY$_angeheuerte,_europäische_Gouvernante_macht_ihre_Arbeit_anscheinend_gut,_auch_wenn_sie_einige_merkwürdige_Ideen_verbreitet._So_vertritt_sie_mit_recht_barschen_Worten_die_Idee,_dass_alle_Menschen_vor_Gott_gleich_sind,_und_dass_$COUNTRY$_die_altbewährte_Institution_der_Sklaverei_aufgeben_sollte._Für_die_seit_Jahrhunderten_an_die_Sklaverei_gewöhnten_Einwohner_ein_gefährlich_anmutender_Ansatz...;;;;;;;;;;;
EVTDESC13120_NEWS_MEDIUM;The_European_governess_hired_to_educate_the_court_in_$COUNTRY$_seems_to_be_doing_fairly_well_at_her_job,_but_she_has_been_introducing_some_rather_strange_ideas._For_instance,_she_has_been_throwing_around,_in_quite_harsh_language,_the_idea_that_all_men_are_created_equal.;;Die_für_den_Unterricht_des_Hofes_in_$COUNTRY$_angeheuerte,_europäische_Gouvernante_macht_ihre_Arbeit_anscheinend_gut,_auch_wenn_sie_einige_merkwürdige_Ideen_verbreitet._So_vertritt_sie_mit_recht_barschen_Worten_die_Idee,_dass_alle_Menschen_vor_Gott_gleich_sind.;;;;;;;;;;;
EVTDESC13120_NEWS_SHORT;The_European_governess_hired_to_educate_the_court_in_$COUNTRY$_seems_to_be_doing_fairly_well_at_her_job,_but_she_has_been_introducing_some_rather_strange_ideas_around_the_place.;;Die_für_den_Unterricht_des_Hofes_in_$COUNTRY$_angeheuerte,_europäische_Gouvernante_macht_ihre_Arbeit_anscheinend_gut,_auch_wenn_sie_einige_merkwürdige_Ideen_verbreitet.;;;;;;;;;;;
EVTDESC13230_NEWS_LONG;$COUNTRY$:_Wandering_alone_in_the_streets_of_$PROVINCENAME$_can_be_a_dangerous_thing,_as_a_foreign_ambassador_in_the_Legation_Quarter_recently_found_out._Guards_report_having_found_him_dead_at_4_AM_in_the_morning,_apparently_the_victim_of_a_robbery,_however_the_foreigners_accuse_the_local_authorities_of_having_failed_in_their_supposed_responsibility_to_protect_their_diplomats._The_local_authorities_fear_that_even_a_formal_apology_will_not_be_enough_to_placate_them,_however,_something_more_tangible_might...;;$COUNTRY$:_Alleine_in_den_Straßen_von_$PROVINCENAME$_zu_wandeln,_kann_gefährlich_sein,_wie_ein_ausländischer_Botschafter_im_Botschafts-Viertel_herausfinden_musste._Wachen_fanden_ihn_um_4_Uhr_morgens_tot_auf,_scheinbar_Opfer_eines_Überfalls._Ausländische_Vertreter_beschuldigen_die_lokale_Administration,_ihre_Pflicht_zum_Schutz_der_Diplomaten_vernachlässigt_zu_haben._Lokale_Offizielle_befürchten,_dass_eine_formale_Entschuldigung_nicht_ausreichen_wird,_um_die_Fremden_zu_besänftigen,_vielleicht_aber_hilft_ein_materieller_Versuch?;;;;;;;;;;;
EVTDESC13230_NEWS_MEDIUM;$COUNTRY$:_Wandering_alone_in_the_streets_of_$PROVINCENAME$_can_be_a_dangerous_thing,_as_a_foreign_ambassador_in_the_Legation_Quarter_recently_found_out._Guards_report_having_found_him_dead_at_4_AM_in_the_morning,_apparently_the_victim_of_a_robbery.;;$COUNTRY$:_Alleine_in_den_Straßen_von_$PROVINCENAME$_zu_wandeln,_kann_gefährlich_sein,_wie_ein_ausländischer_Botschafter_im_Botschafts-Viertel_herausfinden_musste._Wachen_fanden_ihn_um_4_Uhr_morgens_tot_auf,_scheinbar_Opfer_eines_Überfalls.;;;;;;;;;;;
EVTDESC13230_NEWS_SHORT;$COUNTRY$:_Wandering_alone_in_the_streets_can_be_a_dangerous_thing,_as_a_foreign_ambassador_found_out._Guards_report_having_found_him_dead_at_4_AM_in_the_morning,_the_victim_of_a_robbery.;;$COUNTRY$:_Alleine_in_den_Straßen_zu_wandeln_ist_gefährlich,_wie_ein_ausländischer_Botschafter_herausfand._Wachen_fanden_ihn_um_4_Uhr_morgens_tot_auf,_scheinbar_Opfer_eines_Überfalls.;;;;;;;;;;;
EVTDESC13270_NEWS_LONG;The_trade_disputes_between_$FROMCOUNTRY$_and_the_Great_Powers_had_been_on-going_since_the_latter_half_of_the_18th_century._Tensions_finally_escalated_to_the_boiling_point_in_$MONTH$_of_$YEAR$,_when_$FROMCOUNTRY_ADJ$_officials_had_repeatedly_turned_down_$COUNTRY_ADJ$_requests_for_unlimited_trade_access,_including_a_lifting_of_the_ban_on_the_sale_of_opium._The_$COUNTRY_ADJ$_government,_already_deeply_invested_in_a_policy_of_confrontation,_found_itself_with_no_options_but_to_declare_war,_thus,_the_$COUNTRY_ADJ$-$FROMCOUNTRY_ADJ$_Opium_War_begun.;;Die_Handelsstreitigkeiten_zwischen_$FROMCOUNTRY$_und_den_Großmächten_bestehen_nun_schon_seit_dem_späten_18._Jahrhundert._Die_Spannungen_erreichten_im_$MONTH$_des_Jahres_$YEAR$_den_Siedepunkt,_als_$FROMCOUNTRY_ADJ$_Offizielle_zum_wiederholten_Male_$COUNTRY_ADJ$_Anfragen_für_unbegrenzten_Handel_ablehnten,_einschließlich_der_Aufhebung_eines_Banns_des_Opiumhandels._Die_$COUNTRY_ADJ$_Regierung_sah_nach_Zeiten_der_Konfrontation_keine_andere_Möglichkeit_als_die_Kriegserklärung_-_und_der_$COUNTRY_ADJ$-$FROMCOUNTRY_ADJ$_Opium-Krieg_begann.;;;;;;;;;;;
EVTDESC13270_NEWS_MEDIUM;The_trade_disputes_between_$FROMCOUNTRY$_and_the_Great_Powers_went_on_for_a_while._The_$COUNTRY_ADJ$_government,_already_invested_in_a_policy_of_confrontation,_found_itself_with_no_options_but_to_declare_war,_thus,_the_$COUNTRY_ADJ$-$FROMCOUNTRY_ADJ$_Opium_War_begun.;;Die_Handelsstreitigkeiten_zwischen_$FROMCOUNTRY$_und_den_Großmächten_finden_kein_Ende._Die_$COUNTRY_ADJ$_Regierung_sah_nach_Zeiten_der_Konfrontation_keine_andere_Möglichkeit_als_die_Kriegserklärung_-_und_der_$COUNTRY_ADJ$-$FROMCOUNTRY_ADJ$_Opium-Krieg_begann.;;;;;;;;;;;
EVTDESC13270_NEWS_SHORT;The_trade_disputes_between_$FROMCOUNTRY$_and_the_Great_Powers_finally_escalated_to_the_boiling_point_in_$MONTH$_of_$YEAR$._The_$COUNTRY_ADJ$-$FROMCOUNTRY_ADJ$_Opium_War_begun.;;Die_Handelsstreitigkeiten_zwischen_$FROMCOUNTRY$_und_den_Großmächten_erreichten_im_$MONTH$_des_Jahres_$YEAR$_den_Siedepunkt._Der_$COUNTRY_ADJ$-$FROMCOUNTRY_ADJ$_Opium-Krieg_begann.;;;;;;;;;;;
EVTDESC13355_NEWS_LONG;The_Old_Summer_Palace,_known_in_Chinese_as_the_Gardens_of_Perfect_Brightness,_is_a_complex_of_gardens_northwest_of_the_Imperial_City_in_Beijing,_China._This_massive_garden_and_palace_complex_was_built_during_the_18th_and_early_19th_centuries,_and_has_for_a_long_time_functioned_as_a_place_of_residence_and_office_for_the_Qing_Emperors._Today,_we_received_news_that_$FROMCOUNTRY_ADJ$_soldiers_occupying_Beijing_have_burnt_the_palace_to_the_ground._A_whole_nation_mourns_as_news_of_this_barbarous_act_of_culturcide_spread_throughout_China,_and_the_world.;;Der_Alte_Sommerpalast,_auch_bekannt_als_Garten_der_Vollkommenheit_und_des_Lichts,_sind_Gärten_nordwestlich_der_Reichsstadt_in_Peking,_China._Diese_Garten-_und_Palastanlage_wurde_im_18._und_19._Jahrhundert_erbaut_und_war_lange_Zeit_die_Residenz_und_der_Amtssitz_der_Herrscher_der_Qing-Dynastie._Heute_erfuhren_wir,_dass_$FROMCOUNTRY_ADJ$_Soldaten_den_Palast_niedergebrannt_haben._Eine_ganze_Nation_trauert_über_diesen_barbarischen_Akt_der_Vernichtung_der_Kultur_Chinas_und_der_Welt.;;;;;;;;;;;
EVTDESC13355_NEWS_MEDIUM;We_received_news_that_$FROMCOUNTRY_ADJ$_soldiers_occupying_Beijing_have_burnt_to_the_ground_the_Old_Summer_Palace,_known_in_Chinese_as_the_Gardens_of_Perfect_Brightness._A_whole_nation_mourns_as_news_of_this_barbarous_act_of_culturcide_spread_throughout_China,_and_the_world.;;Heute_erfuhren_wir,_dass_der_Alte_Sommerpalast,_bekannt_als_Garten_der_Vollkommenheit_und_des_Lichts,_von_$FROMCOUNTRY_ADJ$_Soldaten_niedergebrannt_wurde._Eine_ganze_Nation_trauert_über_diesen_barbarischen_Akt_der_Vernichtung_der_Kultur_Chinas_und_der_Welt.;;;;;;;;;;;
EVTDESC13355_NEWS_SHORT;We_received_news_today_that_$FROMCOUNTRY_ADJ$_soldiers_occupying_Beijing_have_burnt_to_the_ground_the_Old_Summer_Palace,_known_in_Chinese_as_the_Gardens_of_Perfect_Brightness.;;Heute_erfuhren_wir,_dass_der_Alte_Sommerpalast,_bekannt_als_Garten_der_Vollkommenheit_und_des_Lichts,_von_$FROMCOUNTRY_ADJ$_Soldaten,_den_Besetzern_Pekings,_niedergebrannt_wurde.;;;;;;;;;;;
EVTDESC13356_NEWS_LONG;The_Righteous_Society_of_Harmonious_fists,_known_colloquially_as_'Boxers'_-_a_Chinese_movement_dedicated_to_restoring_the_Chinese_independence_in_face_of_European_expansion_in_Asia_-_have_carried_out_massacres_on_European_missionaries_and_traders_in_China._Along_with_Europeans_unfortunate_enough_to_come_in_their_path,_several_Chinese_Christian_converts_have_also_been_brutally_slaughtered._The_Chinese_government_appears_unconcerned_with_these_atrocities,_and_some_rumors_claim_that_the_Imperial_Qing_government_is_even_lending_its_tacit_support_to_the_movement.;;Der_Verband_für_Gerechtigkeit_und_Harmonie,_auch_bekannt_als_'Boxer',_sind_eine_Bewegung,_die_im_Schatten_der_europäischen_Expansion_in_Asien_für_die_chinesische_Unabhängigkeit_kämpfen_und_deren_Missionare_und_Händler_in_China_massakrieren._Auch_zahlreiche_chinesische,_christliche_Konvertiten,_die_ihnen_im_Weg_sind,_wurden_brutal_niedergemetzelt._Die_chinesische_Regieriung_scheint_unbesorgt_ob_dieser_brutale_Angriffe,_Gerüchten_zufolge_bietet_die_Qing-Dynastie_den_Mitgliedern_der_Bewegung_sogar_taktischen_Rat.;;;;;;;;;;;
EVTDESC13356_NEWS_MEDIUM;The_Righteous_Society_of_Harmonious_Fists,_known_as_'Boxers'_have_carried_out_massacres_on_European_missionaries_and_traders_in_China._Along_with_Europeans_unfortunate_enough_to_come_in_their_path,_several_Chinese_Christian_converts_have_also_been_brutally_slaughtered.;;Der_Verband_für_Gerechtigkeit_und_Harmonie,_auch_bekannt_als_'Boxer',_massakrierten_europäische_Missionare_und_Händler_in_China._Auch_zahlreiche_chinesische,_christliche_Konvertiten,_die_ihnen_im_Weg_sind,_wurden_brutal_niedergemetzelt.;;;;;;;;;;;
EVTDESC13356_NEWS_SHORT;Boxers'_have_carried_out_massacres_on_European_missionaries_and_traders_in_China._Along_with_Europeans,_several_Chinese_Christian_converts_have_also_been_brutally_slaughtered.;;Boxer'_massakrierten_europäische_Missionare_und_Händler_in_China._Auch_zahlreiche_chinesische,_christliche_Konvertiten,_die_ihnen_im_Weg_sind,_wurden_brutal_niedergemetzelt.;;;;;;;;;;;
EVTDESC13358_NEWS_LONG;The_Doctrine_of_Lapse'_was_a_British_policy_regarding_Britain's_Indian_subject_nations,_the_Princely_States,_that_stated_that_any_such_nation_could_be_immediately_annexed_by_the_British_East_India_company_if_the_ruler_died_without_a_direct_heir,_or_if_the_ruler_was_found_'manifestly_incompetent'._The_doctrine_was_repudiated_with_the_Establishment_of_the_British_Raj_in_1858._Due_to_the_tragic_state_of_affairs_that_pervades_the_government_of_$FROMCOUNTRY$,_the_East_India_Company_today_declared_that_country's_independence_null_and_void.;;Die_'Doctrine_of_Lapse'_war_eine_britische_Richtlinie_im_Bezug_auf_indische_Fürstenstaaten,_basierend_auf_der_Regel,_dass_eine_solche_Nation_sofort_von_Britisch-Ostindien_annektiert_werden_kann,_wenn_der_Herrscher_ohne_Thronfolge_stirbt_oder_als_deutlich_behindert_eingeordnet_werden_kann._Die_Doktin_wurde_mit_Einrichtung_des_britischen_Raj_1858_eingestellt._Aufgrund_des_desaströsen_Zustands_der_Regierung_von_$FROMCOUNTRY$,_erklärte_die_Ostindische_Kompanie_deren_Unabhängigkeit_heute_für_null_und_nichtig.;;;;;;;;;;;
EVTDESC13358_NEWS_MEDIUM;The_Doctrine_of_Lapse'_was_a_British_policy_allowing_to_annex_Britain's_Indian_subject_nations._Due_to_the_tragic_state_of_affairs_that_pervades_the_government_of_$FROMCOUNTRY$,_the_East_India_Company_today_declared_that_country's_independence_null_and_void.;;Die_'Doctrine_of_Lapse'_war_eine_britische_Richtlinie,_die_die_unmittelbare_Annektierung_indischer_Kolonien_erlaubte._Aufgrund_des_desaströsen_Zustands_der_Regierung_von_$FROMCOUNTRY$,_erklärte_die_Ostindische_Kompanie_deren_Unabhängigkeit_heute_für_null_und_nichtig.;;;;;;;;;;;
EVTDESC13358_NEWS_SHORT;Due_to_the_tragic_state_of_affairs_that_pervades_the_government_of_$FROMCOUNTRY$,_the_East_India_Company_today_declared_that_country's_independence_null_and_void.;;Aufgrund_des_desaströsen_Zustands_der_Regierung_von_$FROMCOUNTRY$,_erklärte_die_Ostindische_Kompanie_deren_Unabhängigkeit_heute_für_null_und_nichtig.;;;;;;;;;;;
westernize_nation_desc_NEWS_LONG;$COUNTRY$ is under intellectual assault by modernity of Western World. The old traditions no longer serve as they used to. Western influences spread like wildfire. If the locals are to remain what they always have been, and not become something else entirely, now is the time to assume control of their own destiny. It has become apparent to the leading members of the intellectual elite, that the only way to turn the tide on the Western Leviathan is to swim with it, for, as Sun Tzu says: The reed that bends before the wind, also offers a form of resistance.;;$COUNTRY$ befindet sich unter dem intellektuellen Ansturm der modernen, westlichen Welt. Alte Traditionen verlieren ihren Einfluss und westliche Eindrücke verbreiten sich rasend. Wenn die Einwohner ihre Kultur erhalten wollen, so müssen sie die Kontrolle über ihr Schicksal zurückerlangen. Führende Mitglieder der intellektuellen Elite erkennen, dass ihre beste Chance darin besteht, mit dem westlichen Leviathan mitzuschwimmen. Wie Sun Tzu schon sagte: Das Schilf biegt sich im Winde, aber es bricht nicht.;;;;;;;;;;;
westernize_nation_desc_NEWS_MEDIUM;$COUNTRY$ is under intellectual assault by the modernity of Western World. The old traditions no longer serve as they used to. Western influences spread like wildfire. The only way to turn the tide on the Western Leviathan is to swim with it.;;$COUNTRY$ befindet sich unter dem intellektuellen Ansturm der modernen, westlichen Welt. Alte Traditionen verlieren ihren Einfluss und westliche Eindrücke verbreiten sich rasend. Die beste Chance besteht darin, mit dem westlichen Leviathan mitzuschwimmen. ;;;;;;;;;;;
westernize_nation_desc_NEWS_SHORT;$COUNTRY$ is under intellectual assault by the modernity of Western World. The only way to turn the tide on the Western Leviathan is to swim with it.;;$COUNTRY$ befindet sich unter dem intellektuellen Ansturm der modernen, westlichen Welt. Die beste Chance besteht darin, mit dem westlichen Leviathan mitzuschwimmen. ;;;;;;;;;;;
EVTDESC19500_NEWS_LONG;The_smouldering_remains_of_a_Voortrekker_wagon_train_were_discovered_by_scouts_near_the_Bushman_river_a_few_days_ago._In_the_devastation_left_after_what_must_obviously_have_been_an_attack,_they_have_found_the_remains_of_several_Afrikaaner_men,_women_and_children._Spearheads_left_at_the_site_tell_a_clear_tale._It_appears_as_if_the_Impis_of_the_Zulu,_to_the_South-east,_are_behind_the_massacre._A_military_intervention_against_the_tribe_might_be_necessary_as_a_response_to_this_new_threat_against_the_Voortrekker_pioneers.;;Die_rauchenden_Überreste_eines_Voortrekker-Personenzuges_wurden_von_Spähern_vor_einigen_Tagen_nahe_des_Bushman-Flusses_entdeckt._Als_Ergebnis_dieses_vermuteten_Angriffs_fanden_sie_die_Leichen_zahlreicher_Männer,_Frauen_und_Kinder_der_Afrikaans._Vorort_gefundene_Speerspitzen_bestätigen_den_Verdacht,_dass_die_Impis_der_Zulu_aus_dem_Südosten_hinter_dem_Massaker_stecken._Eine_Militäraktion_gegen_den_Stamm_scheint_die_einzig_richtige_Antwort_auf_diese_neue_Bedrohung_der_Voortrekker-Pioniere.;;;;;;;;;;;
EVTDESC19500_NEWS_MEDIUM;The_smouldering_remains_of_a_Voortrekker_wagon_train_were_discovered_by_scouts_near_the_Bushman_river_a_few_days_ago._They_have_found_the_remains_of_several_Afrikaaner_men,_women_and_children._Spearheads_left_at_the_site_tell_a_clear_tale._The_Zulu_are_behind_the_massacre.;;Überreste_eines_Voortrekker-Personenzuges_wurden_von_Spähern_vor_einigen_Tagen_nahe_des_Bushman-Flusses_entdeckt._Sie_fanden_die_Leichen_zahlreicher_Männer,_Frauen_und_Kinder_der_Afrikaans._Gefundene_Speerspitzen_bestätigen_den_Verdacht,_dass_die_Zulu_hinter_dem_Massaker_stecken.;;;;;;;;;;;
EVTDESC19500_NEWS_SHORT;The_smouldering_remains_of_a_Voortrekker_wagon_train_were_discovered_by_scouts_near_the_Bushman_river._Spearheads_left_at_the_site_tell_a_clear_tale._The_Zulu_are_behind_the_massacre.;;Überreste_eines_Voortrekker-Zuges_wurden_von_Spähern_vor_einigen_Tagen_am_Bushman-Fluss_entdeckt._Gefundene_Speerspitzen_bestätigen_den_Verdacht,_dass_die_Zulu_hinter_dem_Massaker_stecken.;;;;;;;;;;;
EVTDESC19501_NEWS_LONG;Migrants_have_been_moving_in_large_numbers_through_the_colony_on_the_Cape,_on_their_way_to_the_newly_incorporated_town_of_'Johannesburg',_on_the_edge_of_the_Witwatersrand_mountains,_where_a_major_gold_rush_is_taking_place._Local_ancient_river_deltas_hold_unimaginable_amounts_of_gold_deposits,_washed_down_from_surrounding_gold-rich_greenstone_belts_to_the_north_and_west._The_massive_influx_of_foreign_residents_to_the_area_is_causing_trouble_along_the_borders,_and_this_might_become_a_threat_to_the_independence_of_these_fringe_states.;;Einwanderer_ziehen_in_Massen,_auf_ihrem_Weg_in_die_neue_Stadt_'Johannesburg'_am_Rand_der_Witwatersrand-Berge,_durch_die_Kolonie_am_Kap,_wo_das_Goldfieber_ausgebrochen_ist._Die_Flussdeltas_der_Region_sind_reich_an_unglaublichen_Goldvorräten,_die_aus_dem_Norden_und_Westen_des_Grünsteingürtels_herangewaschen_wurden._Der_enorme_Zuwachs_an_Fremden_sorgt_für_Probleme_in_den_Grenzgebieten,_was_für_die_Randstaaten_zum_Problem_werden_kann.;;;;;;;;;;;
EVTDESC19501_NEWS_MEDIUM;Migrants_have_been_moving_in_large_numbers_on_their_way_to_the_newly_incorporated_town_of_'Johannesburg',_in_the_Witwatersrand_mountains,_where_a_major_gold_rush_is_taking_place._The_massive_influx_of_foreign_residents_might_become_a_threat_to_the_independence_of_the_fringe_states.;;Einwanderer_ziehen_in_Massen_in_die_neue_Stadt_'Johannesburg'_am_Rand_der_Witwatersrand-Berge,_wo_das_Goldfieber_ausgebrochen_ist._Der_enorme_Zuwachs_an_Fremden_sorgt_für_Probleme_in_den_Grenzgebieten,_was_für_die_Randstaaten_zum_Problem_werden_kann.;;;;;;;;;;;
EVTDESC19501_NEWS_SHORT;Migrants_have_been_moving_in_large_numbers_through_the_colony_on_the_Cape,_on_their_way_to_the_newly_incorporated_town_of_'Johannesburg',_,_where_a_major_gold_rush_is_taking_place.;;Einwanderer_ziehen_in_Massen_auf_ihrem_Weg_in_die_neue_Stadt_'Johannesburg'_am_Rand_der_Witwatersrand-Berge_durch_die_Kolonie_am_Kap,_wo_das_Goldfieber_ausgebrochen_ist._;;;;;;;;;;;
EVTDESC22500_NEWS_LONG;A_bleak_day_today_for_$COUNTRY$,_as_$CAPITAL$'s_financial_district_reels_from_the_shock_of_a_burst_speculation_bubble._Real_estate_prices_have_been_soaring_for_the_past_year_and_a_half,_and_while_some_analysts_have_warned_for_quite_some_time_that_the_prices_have_been_artificially_high_,_the_matadors_of_the_bull_market_have_left_any_such_warnings_unheeded._In_government_circles,_cries_for_increased_bank_and_currency_regulations_are_being_heard,_calling_for_an_end_to_what_is_referred_to_as_'the_failures_of_dog-eat-dog_capitalism'.;;Heute_ist_ein_trostloser_Tag_für_$COUNTRY$,_nun_da_das_Finanzenviertel_von_$CAPITAL$_mit_den_Auswirkungen_einer_Spekulationsblase_kämpft._Die_Immobilienpreise_sind_laut_Finanzexperten_seit_mehr_als_anderthalb_Jahren_alarmierend_in_die_Höhe_gestiegen,_doch_die_Warnungen_verhallten_ungehört._In_Regierungskreisen_schreit_man_nach_erhöhter_Banken-_und_Währungsregulierung,_um_dem_sogenannten_Ellbogen-Kapitalismus_ein_Ende_zu_setzen.;;;;;;;;;;;
EVTDESC22500_NEWS_MEDIUM;A_bleak_day_today_for_$COUNTRY$,_as_$CAPITAL$'s_financial_district_reels_from_the_shock_of_a_burst_speculation_bubble._In_government_circles,_cries_for_increased_bank_and_currency_regulations_are_being_heard,_calling_for_an_end_to_the_'the_failures_of_dog-eat-dog_capitalism'.;;Ein_trostloser_Tag_für_$COUNTRY$,_nun_da_das_Finanzenviertel_von_$CAPITAL$_mit_den_Auswirkungen_einer_Spekulationsblase_kämpft._In_Regierungskreisen_schreit_man_nach_erhöhter_Banken-_und_Währungsregulierung,_um_dem_sogenannten_Ellbogen-Kapitalismus_ein_Ende_zu_setzen.;;;;;;;;;;;
EVTDESC22500_NEWS_SHORT;A_bleak_day_today_for_$COUNTRY$,_as_$CAPITAL$'s_financial_district_reels_from_the_shock_of_a_burst_speculation_bubble._In_government_circles,_cries_for_increased_regulations_are_being_heard.;;Ein_trostloser_Tag_für_$COUNTRY$,_nun_da_das_Finanzenviertel_von_$CAPITAL$_mit_den_Auswirkungen_einer_Spekulationsblase_kämpft._In_Regierungskreisen_schreit_man_nach_erhöhten_Regulierungen.;;;;;;;;;;;
EVTDESC22510_NEWS_LONG;A_major_crash_on_the_$CAPITAL$_stock_market_has_devolved_into_something_much_worse_entirely,_following_massive_bank_runs_triggered_by_plummeting_saver's_confidence_in_the_banking_sector._Widespread_unemployment,_caused_by_entire_sectors_of_industry_failing_almost_overnight,_soon_follow._With_the_intertwining_of_the_economies_of_the_western_world,_the_crisis_quickly_spreads_to_other_countries,_and_the_effects_of_the_crash_now_reverberate_around_the_world,_in_what_will_be_known_to_posterity_as:_The_$YEAR$_Great_Depression.;;Ein_Börsencrash_in_$CAPITAL$_führt,_aufgrund_des_Vertrauensverlustes,_zu_einem_Andrang_auf_die_Banken._Hohe_Arbeitslosigkeit_durch_den_Bankrott_zahlreicher_Industrien_quasi_über_Nacht_wird_die_Folge_sein._Weitreichende_westliche_Handelsbeziehungen_bringen_die_Krise_in_andere_Länder,_erschüttern_die_Weltwirtschaft_und_werden_als_Große_Depression_von_$YEAR$_in_die_Geschichte_eingehen.;;;;;;;;;;;
EVTDESC22510_NEWS_MEDIUM;A_major_crash_on_the_$CAPITAL$_stock_market_has_devolved_into_something_much_worse,_following_massive_bank_runs_triggered_by_plummeting_saver's_confidence_in_the_banking_sector._Widespread_unemployment,_caused_by_entire_sectors_of_industry_failing_almost_overnight,_soon_follow.;;Ein_Börsencrash_in_$CAPITAL$_führt,_aufgrund_des_Vertrauensverlustes,_zu_einem_Andrang_auf_die_Banken._Hohe_Arbeitslosigkeit_durch_den_Bankrott_zahlreicher_Industrien_quasi_über_Nacht_wird_die_Folge_sein._;;;;;;;;;;;
EVTDESC22510_NEWS_SHORT;A_major_crash_on_the_$CAPITAL$_stock_market_has_devolved_into_something_much_worse,_following_massive_bank_runs_triggered_by_plummeting_saver's_confidence_in_the_banking_sector.;;Ein_Börsencrash_in_$CAPITAL$_führt,_aufgrund_des_Vertrauensverlustes,_zu_einem_Andrang_auf_die_Banken.;;;;;;;;;;;
EVTDESC23203_NEWS_LONG;$COUNTRY_ADJ$_explorers_have_mapped_out_the_source_of_the_Nile,_and_have_brought_glory_and_prestige_to_this_great_country!_Fighting_the_harsh_climate_and_local_tribes,_pushing_forward_tirelessly_along_the_river_banks_despite_sickness_and_exhaustion_plaguing_their_endeavor,_they_eventually_managed_to_reach_a_large_body_of_water_which_they_claim_to_be_the_source_of_this_legendary_river._A_detailed_account_of_their_journey_was_published_and_is_believed_to_be_the_first_in_the_western_world,_bestowing_a_great_honor_on_the_country_which_organized_the_expedition.;;$COUNTRY_ADJ$_Entdecker_haben_den_Ursprung_des_Nils_auf_Karten_festgehalten_und_dem_Land_Ruhm_und_Prestige_gebracht!_Dem_rauhen_Klima_und_lokalen_Stämmen_zum_Trotz,_trotz_Krankheit_und_Erschöpfung_stets_dem_Flusslauf_folgend,_erreichten_sie_ein_immenses_Wasserlager,_das_sie_als_Ursprung_des_imposanten_Nils_deklarierten._Ein_umfangreicher_Bericht_der_Reise_wurde_als_erster_dieser_Art_in_der_westlichen_Welt_veröffentlicht_und_bringt_dem_die_Expedition_finanzierenden_Land_große_Ehre.;;;;;;;;;;;
EVTDESC23203_NEWS_MEDIUM;$COUNTRY_ADJ$_explorers_have_mapped_out_the_source_of_the_Nile,_and_have_brought_glory_and_prestige_to_this_great_country!_A_detailed_account_of_their_journey_was_published,_bestowing_a_great_honor_on_the_country_which_organized_the_expedition.;;$COUNTRY_ADJ$_Entdecker_haben_den_Ursprung_des_Nils_auf_Karten_festgehalten_und_dem_Land_Ruhm_und_Ehre_gebracht!_Ein_umfangreicher_Bericht_der_Reise_wurde_als_erster_dieser_Art_in_der_westlichen_Welt_veröffentlicht_und_bringt_dem_die_Expedition_finanzierenden_Land_große_Ehre.;;;;;;;;;;;
EVTDESC23203_NEWS_SHORT;$COUNTRY_ADJ$_explorers_have_mapped_out_the_source_of_the_Nile,_and_have_brought_glory_and_prestige_to_this_great_country_as_a_detailed_account_of_their_journey_was_recently_published.;;$COUNTRY_ADJ$_Entdecker_haben_den_Ursprung_des_Nils_auf_Karten_festgehalten_und_dem_Land_mit_der_Veröffentlichung_des_Reiseberichts_Ruhm_und_Ehre_gebracht!;;;;;;;;;;;
EVTDESC23207_NEWS_LONG;$COUNTRY_ADJ$_explorers_have_been_the_first_to_raise_a_flag_at_the_North_Pole_and_have_brought_glory_and_prestige_to_this_great_country!_Accompanied_by_four_local_Inuit_men,_Ootah,_Seeglo,_Egingwah,_and_Ooqueah,_the_expedition_successfully_reached_the_target_that_eluded_so_many_before_them._The_detailed_account_of_their_navigation_work_leaves_no_doubt_they_are_the_first_westerners_to_ever_arrive_there,_leaving_the_world_of_science_in_awe_of_their_achievement._Highest_respect_of_international_community_is_bestowed_on_the_country_which_organized_this_remarkable_expedition.;;$COUNTRY_ADJ$_Entdecker_haben_als_Erste_eine_Flagge_am_Nordpol_errichtet_und_dem_Land_Ruhm_und_Ehre_gebracht._Die_Expedition_erreichte_in_Begleitung_von_vier_erfahrenen_Inuit__namens_Ootah,_Seeglo,_Egingwah_und_Ooqueah_ihr_Ziel,_an_welchem_so_viele_vor_ihnen_scheiterten._Der_ausführliche_Reisebericht_lässt_keinen_Zweifel_daran,_dass_sie_die_ersten_Menschen_des_Westens_sind,_die_diesen_Punkt_je_erreichten_und_die_Welt_der_Wissenschaft_staunt._Dem_Land,_dass_diese_Expedition_organisierte,_gebührt_weltweiter_Respekt.;;;;;;;;;;;
EVTDESC23207_NEWS_MEDIUM;$COUNTRY_ADJ$_explorers_have_been_the_first_to_raise_a_flag_at_the_North_Pole_and_have_brought_glory_and_prestige_to_this_great_country!_The_detailed_account_of_their_navigation_work_leaves_no_doubt_they_are_the_first_westerners_to_ever_arrive_at_the_target_that_eluded_so_many_before.;;$COUNTRY_ADJ$_Entdecker_haben_als_Erste_eine_Flagge_am_Nordpol_errichtet_und_dem_Land_Ruhm_und_Ehre_gebracht._Der_ausführliche_Reisebericht_lässt_keinen_Zweifel_daran,_dass_sie_die_ersten_Menschen_des_Westens_sind,_die_dieses_Ziel_je_erreichten,_an_dem_so_viele_vor_ihnen_scheiterten.;;;;;;;;;;;
EVTDESC23207_NEWS_SHORT;$COUNTRY_ADJ$_explorers_have_been_the_first_to_raise_a_flag_at_the_North_Pole_and_have_brought_glory_and_prestige_to_this_great_country!_They_reach_the_target_with_help_of_local_Inuit_inhabitants.;;$COUNTRY_ADJ$_Entdecker_haben_als_Erste_in_Begleitung_von_vier_erfahrenen_Inuit_eine_Flagge_am_Nordpol_errichtet_und_dem_Land_Ruhm_und_Ehre_gebracht.;;;;;;;;;;;
EVTDESC23211_NEWS_LONG;$COUNTRY_ADJ$_explorers_have_been_the_first_to_raise_a_flag_at_the_South_Pole_and_have_brought_glory_and_prestige_to_this_great_country!_The_account_of_their_journey_discusses_how_having_waited_for_the_first_hints_of_Spring,_they_set_out_to_their_destination_with_four_sledges_and_fifty-two_dogs._Two_filled_with_dangers_and_exhaustion_months_later_they_arrived_at_the_South_Pole_and_marked_the_spot_for_future_explorers_to_leave_no_doubt_they_were_the_first_to_reach_it._A_competing_expedition_was_not_heard_from_and_is_believed_to_have_perished_trying_to_reach_the_same_goal.;;$COUNTRY_ADJ$_Entdecker_haben_als_Erste_eine_Flagge_am_Südpol_errichtet_und_dem_Land_Ruhm_und_Ehre_gebracht!_Laut_Reisebericht_brachen_sie_nach_einer_zermürbenden_Wartezeit_auf_den_Frühling_mit_vier_Schlitten_und_zweiundfünfzig_Hunden_zu_ihrem_Ziel_auf._Zwei_Monate_voller_Gefahren_und_Erschöpfung_später_erreichten_sie_ihr_Ziel_und_markierten_den_Punkt_als_Zeichen_für_alle_nachfolgenden_Entdecker,_dass_sie_die_ersten_waren._Eine_konkurrierende_Expedition_wird_vermisst_und_es_wird_angenommen,_dass_sie_umgekommen_sind.;;;;;;;;;;;
EVTDESC23211_NEWS_MEDIUM;$COUNTRY_ADJ$_explorers_have_been_the_first_to_raise_a_flag_at_the_South_Pole_and_have_brought_glory_and_prestige_to_this_great_country!_Two_filled_with_dangers_and_exhaustion_months_after_their_departure_from_base_they_arrived_at_the_South_Pole_and_marked_the_spot_for_future_explorers.;;$COUNTRY_ADJ$_Entdecker_haben_als_Erste_eine_Flagge_am_Südpol_errichtet_und_dem_Land_Ruhm_und_Ehre_gebracht!_Zwei_Monate_voller_Gefahren_und_Erschöpfung_später_erreichten_sie_ihr_Ziel_und_markierten_den_Punkt_als_Zeichen_für_alle_nachfolgenden_Entdecker.;;;;;;;;;;;
EVTDESC23211_NEWS_SHORT;$COUNTRY_ADJ$_explorers_have_been_the_first_to_raise_a_flag_at_the_South_Pole_and_have_brought_glory_and_prestige_to_this_great_country!_After_two_months_of_struggle_they_arrived_at_the_target.;;$COUNTRY_ADJ$_Entdecker_haben_als_Erste_eine_Flagge_am_Südpol_errichtet_und_dem_Land_Ruhm_und_Ehre_gebracht!_Nach_zwei_Monate_voller_Gefahren_erreichten_sie_ihr_Ziel.;;;;;;;;;;;
EVTDESC23213_NEWS_LONG;The_$COUNTRY_ADJ$_expedition_to_the_South_Pole_has_awoken_something_horrible._In_the_ruins_of_a_vast_alien_city_they_discovered_things_unidentifiable_as_either_plants_or_animals._Things_that_ruled_the_Earth_in_the_ancient_past._Things_that_are_returning_and_are_filled_with_unspeakable_hungers._The_end_of_the_world_might_be_coming_because_of_the_overcoming_curiosity_of_the_people_of_our_age._In_this_shocking_discovery_which_undeniably_threatens_our_very_existence_we_learn_an_invaluable_lesson_that_some_things_are_best_left_untouched_and_some_places_unvisited.;;Die_$COUNTRY_ADJ$_Expedition_zum_Südpol_hat_etwas_Schreckliches_erweckt._In_den_Ruinen_einer_gewaltigen_Alien-Stadt_entdeckten_sie_weder_als_Pflanze_noch_als_Tier_identifizierbare_Dinge,_die_die_Erde_vor_uralten_Zeiten_beherrschten._Sie_erwachten_zum_Leben_und_sind_voll_unsäglichen_Hungers._Das_Ende_der_Welt_scheint_nahe,_dank_der_Neugierde_des_Menschen_unserer_Zeit._Diese_schockierenden_Neuigkeiten,_die_unser_aller_Existenz_bedrohen,_lehren_uns,_dass_manche_Dinge_besser_im_Verborgenen_bleiben_sollten.;;;;;;;;;;;
EVTDESC23213_NEWS_MEDIUM;The_$COUNTRY_ADJ$_expedition_to_the_South_Pole_has_awoken_something_horrible._In_the_ruins_of_a_vast_alien_city_they_discovered_things_unidentifiable_as_either_plants_or_animals._Things_that_ruled_the_Earth_in_the_ancient_past._Things_that_are_filled_with_unspeakable_hungers.;;Die_$COUNTRY_ADJ$_Expedition_zum_Südpol_hat_etwas_Schreckliches_erweckt._In_den_Ruinen_einer_gewaltigen_Alien-Stadt_entdeckten_sie_weder_als_Pflanze_noch_als_Tier_identifizierbare_Dinge,_die_die_Erde_vor_uralten_Zeiten_beherrschten_voll_unsäglichen_Hungers_sind._;;;;;;;;;;;
EVTDESC23213_NEWS_SHORT;The_$COUNTRY_ADJ$_expedition_to_the_South_Pole_has_awoken_something_horrible._In_the_ruins_of_a_vast_alien_city_they_discovered_things_unidentifiable_as_either_plants_or_animals.;;Die_$COUNTRY_ADJ$_Expedition_zum_Südpol_hat_etwas_Schreckliches_erweckt._In_den_Ruinen_einer_gewaltigen_Alien-Stadt_entdeckten_sie_weder_als_Pflanze_noch_als_Tier_identifizierbare_Dinge.;;;;;;;;;;;
EVTDESC1140_NEWS_LONG;Lt._Colonel_George_Armstrong_Custer_reports_back_from_the_Black_Hills_with_an_announcement_that_gold_in_substantial_quantities_has_been_discovered_in_the_Dakota_territory._Prospectors,_miners_and_fortune-seekers_flock_to_the_area_making_it_into_the_most_populated_part_of_the_entire_state._Railroads_are_being_constructed_to_deliver_prospectors_to_newly_established_towns_and_camps_in_formerly_desolate_area._But_troubling_reports_tell_of_strange_howls_and_cries_coming_from_the_hills_at_night._Some_say_that_the_Sioux_are_going_on_the_warpath...;;Lt._Colonel_George_Armstong_Custer_kehrt_mit_Meldungen_von_reichen_Goldfunden_in_Dakota_von_den_Black_Hills_zurück._Goldsucher_aller_Art_strömen_in_das_Gebiet_und_machen_es_zum_meistbevölkerten_im_ganzen_Staat._Eisenbahnstrecken_werden_gebaut,_um_Goldsucher_in_neu_errichtete_Städte_und_Lager_in_der_einstmalige_Einöde_zu_bringen._Verstörende_Meldungen_berichten_jedoch_von_seltsamem_Geheul_und_Rufen_in_der_Nacht_aus_den_Hügeln._Manche_sagen,_dass_die_Sioux_sich_auf_dem_Kriegspfad_befinden...;;;;;;;;;;;
EVTDESC1140_NEWS_MEDIUM;Lt._Colonel_Custer_reports_back_from_the_Black_Hills_with_an_announcement_that_gold_has_been_discovered_in_the_Dakota_territory._But_troubling_reports_tell_of_strange_howls_and_cries_coming_from_the_hills_at_night._Some_say_that_the_Sioux_are_going_on_the_warpath...;;Lt._Colonel_George_Armstong_Custer_kehrt_mit_Meldungen_von_reichen_Goldfunden_in_Dakota_von_den_Black_Hills_zurück._Verstörende_Meldungen_berichten_jedoch_von_seltsamem_Geheul_und_Rufen_in_der_Nacht_aus_den_Hügeln._Manche_sagen,_dass_die_Sioux_sich_auf_dem_Kriegspfad_befinden...;;;;;;;;;;;
EVTDESC1140_NEWS_SHORT;Lt._Colonel_Custer_reports_back_from_the_Black_Hills_with_an_announcement_that_gold_has_been_discovered_in_the_Dakota_territory._But_some_say_that_the_Sioux_are_going_on_the_warpath...;;Lt._Colonel_George_Armstong_Custer_kehrt_mit_Meldungen_von_reichen_Goldfunden_in_Dakota_von_den_Black_Hills_zurück._Manche_sagen,_dass_die_Sioux_sich_auf_dem_Kriegspfad_befinden...;;;;;;;;;;;
EVTDESC1000_NEWS_LONG;$COUNTRY$:_Karl_Marx_and_Friedrich_Engels_have_published_The_Communist_Manifesto,_a_short_but_influential_document_discussing_the_history_of_the_society_and_the_class_struggle_in_various_countries,_which_has_led_to_workers_in_$COUNTRY$_to_found_a_party_dedicated_to_advancing_the_agenda_laid_out_therein._They_call_themselves_socialists_and_believe_in_a_land_ruled_by_the_workers,_where_the_workers_not_the_bourgeois_control_the_means_of_production._Equality,_justice,_solidarity_and_democracy_are_other_vital_points_in_the_socialists_ideology.;;$COUNTRY$:_Karl_Marx_und_Friedrich_Engels_haben_das_Kommunistische_Manifest_veröffentlicht,_ein_knappes_aber__einflussreiches_Dokument_über_die_Geschichte_der_Gesellschaft_und_den_Klassenkampf_in_vielen_Ländern._Arbeiter_in_$COUNTRY$_gründeten_daraufhin_eine_Partei_mit_Zielen_des_Manifestes._Sie_nennen_sich_Sozialisten_und_glauben_an_den_Arbeiterstaat,_in_dem_die_Arbeiter_die_Produktion_kontrollieren._Gleichheit,_Gerechtigkeit,_Solidarität_und_Demokratie_sind_weitere_wichtige_Punkte_der_sozialisitischen_Ideologie.;;;;;;;;;;;
EVTDESC1000_NEWS_MEDIUM;$COUNTRY$:_They_call_themselves_socialists_and_believe_in_a_land_ruled_by_the_workers,_where_the_workers_not_the_bourgeois_control_the_means_of_production._Equality,_justice,_solidarity_and_democracy_are_other_vital_points_in_the_socialists_ideology.;;$COUNTRY$:_Sie_nennen_sich_Sozialisten_und_glauben_an_den_Arbeiterstaat,_in_dem_die_Arbeiter_die_Produktion_kontrollieren._Gleichheit,_Gerechtigkeit,_Solidarität_und_Demokratie_sind_weitere_wichtige_Punkte_der_sozialisitischen_Ideologie.;;;;;;;;;;;
EVTDESC1000_NEWS_SHORT;$COUNTRY$:_They_are_called_socialists_and_believe_in_a_land_where_workers_control_means_of_production._Equality,_justice,_solidarity_and_democracy_are_vital_points_of_their_ideology.;;$COUNTRY$:_Sozialisten_glauben_an_ein_Land,_in_dem_die_Arbeiter_die_Produktion_kontrollieren._Gleichheit,_Gerechtigkeit,_Solidarität_und_Demokratie_sind_wichtige_Punkte_ihrer_Ideologie.;;;;;;;;;;;
EVTDESC1001_NEWS_LONG;$COUNTRY$:_We_want,_no,_we_NEED_a_free_society,_where_no_one_is_considered_to_be_superior,_no_one_is_left_behind_and_where_mankind_is_free_from_oppression_and_scarcity._We_need_a_society_without_a_government,_without_class_divisions_and_where_the_workers_control_the_means_of_production._We_postulate_a_society_without_division_and_alienation,_a_society_without_money_and_private_property,_promising_overabundance_of_resources_in_the_world_organized_according_to_our_ideology._Distribution_ought_to_be_based_on_need,_human_association_should_be_completely_free.;;$COUNTRY$:_Wir_wollen,_nein,_wir_BRAUCHEN_eine_freie_Gesellschaft,_in_der_niemand_den_Vorrang_hat_oder_das_Nachsehen_und_in_der_keine_Unterdrückung_oder_Knappheit_herrscht._Wir_brauchen_eine_Gesellschaft_ohne_Regierung_oder_Klassentrennung,_in_der_die_Arbeiter_die_Produktion_kontrollieren._Wir_streben_nach_einer_Gesellschaft_ohne_Verfremdung,_Geld_oder_Privateigentum_mit_einem_Überschuss_an_Ressourcen_in_der_Welt_gemäß_unserer_Ideologie._Güterverteilung_sollte_auf_Bedarf_basieren,_der_Mensch_komplett_frei_sein.;;;;;;;;;;;
EVTDESC1001_NEWS_MEDIUM;$COUNTRY$:_We_want,_no,_we_NEED_a_free_society,_where_no_one_is_considered_to_be_superior,_no_one_is_left_behind_and_where_mankind_is_free_from_scarcity._We_need_a_society_without_a_government,_without_class_divisions_and_where_the_workers_control_the_means_of_production.;;$COUNTRY$:_Wir_wollen,_nein,_wir_BRAUCHEN_eine_freie_Gesellschaft,_in_der_niemand_den_Vorrang_hat_oder_das_Nachsehen_und_in_der_keine_Knappheit_herrscht._Wir_brauchen_eine_Gesellschaft_ohne_Regierung_oder_Klassentrennung,_in_der_die_Arbeiter_die_Produktion_kontrollieren.;;;;;;;;;;;
EVTDESC1001_NEWS_SHORT;$COUNTRY$:_We_want,_no,_we_NEED_a_free_society,_where_no_one_is_considered_to_be_superior,_no_one_is_left_behind_and_where_mankind_is_free_from_oppression_and_scarcity.;;$COUNTRY$:_Wir_wollen,_nein,_wir_BRAUCHEN_eine_freie_Gesellschaft,_in_der_niemand_den_Vorrang_hat_oder_das_Nachsehen_und_in_der_die_Menschheit_frei_von_Unterdrückung_und_Knappheit_ist.;;;;;;;;;;;
EVTDESC1003_NEWS_LONG;$COUNTRY$:_'Strength_through_Unity!_The_government_has_grown_weak,_we_need_a_party_who_can_unite_us,_who_can_give_us_a_strong_national_identity_and_who_will_not_be_fooled_by_capitalism's_sweet_but_poisonous_voice.'_The_Third_Way,_or_fascists_as_they_might_be_called,_are_looking_to_get_a_seat_in_the_Upper_House._They_claim_state_control_must_be_expanded_over_the_vital_industries_to_ensure_self-sufficiency_and_economic_independence_of_the_nation._Strongly_opposed_to_all_other_ideologies,_they_don't_hesitate_to_resort_to_use_of_violence_to_grow_their_power.;;$COUNTRY$:_'Stärke_durch_Einheit!_Die_Regierung_ist_schwach,_wir_brauchen_eine_Partei,_die_uns_eint,_uns_eine_nationale_Identität_geben_kann_und_nicht_auf_die_vergifteten_Versprechen_der_Kapitalisten_hört.'_Der_dritte_Weg,_auch_Faschisten_genannt,_strebt_nach_einem_Sitz_im_Oberhaus._Sie_fordern_die_Ausweitung_der_Staatskontrolle_auf_wichtige_Industrien,_um_die_Versorgung_und_wirtschaftliche_Unabhängigkeit_der_Nation_zu_sichern._Sie_lehnen_andere_Ideologien_ab_und_schrecken_auch_nicht_vor_Gewalt_zurück,_um_ihre_Ziele_durchzusetzen.;;;;;;;;;;;
EVTDESC1003_NEWS_MEDIUM;$COUNTRY$:_'The_government_has_grown_weak,_we_need_a_party_to_unite_us,_to_give_us_a_strong_national_identity_and_who_will_not_be_fooled_by_capitalism's_sweet_but_poisonous_voice.'_The_Third_Way,_or_fascists_as_they_might_be_called,_are_looking_to_get_a_seat_in_the_Upper_House.;;$COUNTRY$:_'Die_Regierung_ist_schwach,_wir_brauchen_eine_Partei,_die_uns_eint,_uns_eine_nationale_Identität_gibt_und_nicht_auf_die_vergifteten_Versprechen_der_Kapitalisten_hört.'_Der_dritte_Weg,_auch_Faschisten_genannt,_strebt_nach_einem_Sitz_im_Oberhaus.;;;;;;;;;;;
EVTDESC1003_NEWS_SHORT;$COUNTRY$:_The_Third_Way,_or_fascists_as_they_are_called,_are_looking_to_get_a_seat_in_the_Upper_House._Strongly_opposed_to_all_other_ideologies,_they_don't_hesitate_to_resort_to_violence.;;$COUNTRY$:Der_dritte_Weg,_auch_Faschisten_genannt,_strebt_nach_einem_Sitz_im_Oberhaus._Sie_lehnen_andere_Ideologien_ab_und_schrecken_auch_nicht_vor_Gewalt_zurück.;;;;;;;;;;;
EVTDESC14600_NEWS_LONG;It_is_unclear_if_there_was,_perhaps,_something_in_the_air_that_year._Some_maintained_it_was_nothing_but_a_series_of_unfortunate_coincidences_-_a_convergence_of_catastrophes,_if_you_will_-_but,_whatever_had_caused_it,_$YEAR$_saw_a_wave_of_unrest_spreading_through_the_$COUNTRY_ADJ$_colonies_like_wildfire_through_a_dry_brushland._A_wave_of_unrest_shakes_$COUNTRY_ADJ$_colonies,_and_they_must_decide_on_how_to_handle_it._Concessions_to_the_natives_will_come_at_the_price_of_a_serious_loss_of_international_face,_but_can_they_handle_not_giving_them?;;Vielleicht_lag_in_diesem_Jahr_etwas_in_der_Luft._Manche_sagen,_es_war_nur_eine_Anreihung_von_unglücklichen_Zufällen,_eine_Katastrophenwelle_sozusagen,_doch_woran_auch_immer_es_lag,_$YEAR$_erlebte_eine_Welle_der_Unruhe_in_den_$COUNTRY_ADJ$_Kolonien,_die_wie_ein_Lauffeuer_durch_trocknes_Buschland_fegte._Die_$COUNTRY_ADJ$_Kolonie_müssen_entscheiden,_wie_sie_damit_umgehen._Zugeständnisse_an_die_Eingeborenen_würden_sie_das_Gesicht_vor_der_Welt_verlieren_lassen,_doch_können_sie_es_sich_leisten,_nichts_zu_tun?;;;;;;;;;;;
EVTDESC14600_NEWS_MEDIUM;It_is_unclear_if_there_was,_perhaps,_something_in_the_air_that_year._Whatever_had_caused_it,_$YEAR$_saw_a_wave_of_unrest_spreading_through_the_$COUNTRY_ADJ$_colonies_like_wildfire_through_a_dry_brushland.;;Vielleicht_lag_in_diesem_Jahr_etwas_in_der_Luft._Woran_auch_immer_es_lag,_$YEAR$_erlebte_eine_Welle_der_Unruhe_in_den_$COUNTRY_ADJ$_Kolonien,_die_wie_ein_Lauffeuer_durch_trocknes_Buschland_fegte.;;;;;;;;;;;
EVTDESC14600_NEWS_SHORT;A_wave_of_unrest_shakes_$COUNTRY_ADJ$_colonies,_and_they_must_decide_on_how_to_handle_it._Any_concessions_to_the_natives_will_come_at_the_price_of_a_serious_loss_of_international_face.;;Unruhen_erschüttern_die_$COUNTRY_ADJ$_Kolonien_und_sie_müssen_entscheiden,_was_zu_tun_ist._Zugeständnisse_an_die_Eingeborenen_würden_sie_das_Gesicht_vor_der_Welt_verlieren_lassen.;;;;;;;;;;;
EVTDESC14670_NEWS_LONG;$COUNTRY$_is_in_shock,_as_a_major_European_newspaper_published_a_report_today_on_the_conditions_in_one_of_her_colonies._Brutal_mistreatment_of_natives,_corporeal_punishment_and_repeated_instances_of_bodily_mutilation_have_all_been_established_means_of_maintaining_the_colonial_order_in_the_colony,_in_mines_and_on_plantations,_which_have_all_been_kept_outside_the_influence_of_the_Colonial_Office_through_an_elaborate_system_of_bribes_and_corruption.;;$COUNTRY$_steht_unter_Schock,_nachdem_eine_große_europäische_Zeitung_heute_von_den_Bedingungen_in_einer_der_Kolonien_berichtete._Misshandlungen_der_Einwohner,_Zuchtstrafen_und_Verstümmelungen_wurden_zur_Kontrolle_der_Kolonie,_auf_Plantagen_und_in_Minen_eingesetzt._Bestechung_und_Korruption_verhinderten_das_Eingreifen_des_Kolonialministeriums.;;;;;;;;;;;
EVTDESC14670_NEWS_MEDIUM;$COUNTRY$_is_in_shock,_as_a_major_European_newspaper_published_a_report_today_on_the_conditions_in_one_of_her_colonies._Brutal_mistreatment_of_natives,_corporeal_punishment_and_repeated_instances_of_mutilation_have_all_been_established_means_of_maintaining_the_colonial_order.;;$COUNTRY$_steht_unter_Schock,_nachdem_eine_große_europäische_Zeitung_heute_von_den_den_Bedingungen_in_einer_der_Kolonien_berichtete._Misshandlungen_der_Einwohner,_Zuchtstrafen_und_Verstümmelungen_wurden_zur_Kontrolle_der_Kolonie_eingesetzt.;;;;;;;;;;;
EVTDESC14670_NEWS_SHORT;$COUNTRY$_is_in_shock,_as_a_major_European_newspaper_published_a_report_today_on_the_conditions_in_one_of_her_colonies_proving_brutal_mistreatment_of_natives.;;$COUNTRY$_steht_unter_Schock,_nachdem_eine_große_europäische_Zeitung_heute_von_den_Bedingungen_in_einer_der_Kolonien_berichtete_und_Misshandlungen_nachwies.;;;;;;;;;;;
EVTDESC14740_NEWS_LONG;With_the_competition_for_colonies_constantly_increasing,_as_European_nations_scramble_for_Africa_and_the_World,_$COUNTRY$_has_done_well_for_itself._One_$COUNTRY_ADJ$_colony_has,_in_the_past_few_years,_become_internationally_recognized_as_the_model_of_a_well_managed_European_colony,_and_the_attention_that_this_colony_has_garnered_for_$COUNTRY_ADJ$_colonial_policy,_in_the_parliaments_and_courts_of_Europe,_is_proving_a_wonderful_boon_for_$COUNTRY_ADJ$_research_and_international_prestige.;;Im_kolonialen_Wettstreit_der_europäischen_Nationen_in_Afrika_und_der_Welt_steht_$COUNTRY$_gut_da._Eine_$COUNTRY_ADJ$_Kolonie_gilt_in_den_letzten_Jahren_weltweit_als_Modell_für_eine_gute_Führung._Die_weltweite_Aufmerksamkeit_für_die_$COUNTRY_ADJ$_Kolonialpolitik_in_den_Parlamenten_und_bei_den_Hofstaaten_Europas_erweist_sich_als_außerordentlich_hilfreich_in_der_$COUNTRY_ADJ$_Forschung_und_internationalen_Anerkennung.;;;;;;;;;;;
EVTDESC14740_NEWS_MEDIUM;One_$COUNTRY_ADJ$_colony_has_become_internationally_recognized_as_the_model_of_a_well_managed_European_colony,_and_the_attention_that_this_colony_has_garnered_for_$COUNTRY_ADJ$_colonial_policy,_is_proving_a_wonderful_boon_for_$COUNTRY_ADJ$_research_and_international_prestige.;;Eine_$COUNTRY_ADJ$_Kolonie_gilt_weltweit_als_Modell_für_eine_gute_europäische_Führung_und_die_Aufmerksamkeit_für_die_$COUNTRY_ADJ$_Kolonialpolitik_erweist_sich_als_außerordentlich_hilfreich_in_der_$COUNTRY_ADJ$_Forschung_und_internationalen_Anerkennung.;;;;;;;;;;;
EVTDESC14740_NEWS_SHORT;One_$COUNTRY_ADJ$_colony_has,_in_the_past_few_years,_become_internationally_recognized_as_the_model_of_a_well_managed_European_colony_gaining_a_lot_of_international_attention.;;Eine_$COUNTRY_ADJ$_Kolonie_wird_seit_einigen_Jahren_weltweit_für_seine_gute_europäische_Führung_anerkannt_und_erlangt_internationale_Aufmerksamkeit.;;;;;;;;;;;
EVTDESC22010_NEWS_LONG;The_idea_of_isolating_offenders_and_breachers_of_the_public_peace_from_society_is_probably_as_old_as_time_itself._Many_classical_systems_of_justice_included_banishment_from_the_realm_as_a_last_resort_type_of_punishment,_reserved_for_serious_crimes_and_offenses,_and_such_punishment_was_not_seldom_considered_worse_than_a_death_penalty._With_the_growth_of_the_European_colonial_empires_during_the_18th_and_19th_centuries,_these_ideas_received_a_modern_incarnation_in_the_form_of_the_penal_colony._$COUNTRY$_is_currently_considering_establishing_such_institutions.;;Die_Idee,_Straftäter_und_Störer_des_öffentlichen_Friedens_von_der_Gesellschaft_zu_isolieren,_ist_so_alt_wie_die_Menschheit._Viele_klassische_Justizsysteme_nutzten_die_Verbannung_als_letztes_Strafmittel,_die_für_schwere_Straftaten_und_Vergehen_reserviert_war,_und_nicht_selten_galt_solch_eine_Strafe_schlimmer_als_der_Tod._Mit_dem_Wachstum_der_europäischen_Kolonien_im_18._und_19._Jahrhundert_erfuhr_die_Verbannung_eine_moderne_Verkörperung_in_Form_einer_Strafkolonie._$COUNTRY$_erwägt_zur_Zeit_die_Einrichtung_solcher_Institutionen.;;;;;;;;;;;
EVTDESC22010_NEWS_MEDIUM;With_the_growth_of_the_European_colonial_empires_during_the_18th_and_19th_centuries,_the_ideas_of_isolating_offenders_and_breachers_of_public_peace_received_a_modern_incarnation_in_the_form_of_the_penal_colony._$COUNTRY$_is_currently_considering_establishing_a_penal_colony.;;Mit_dem_Wachstum_europäischer_Kolonien_im_18._und_19._Jahrhundert_erfuhr_die_Verbannung_als_Strafe_für_Straftaten_und_Störer_des_öffentlichen_Friedens_eine_moderne_Verkörperung_in_Form_einer_Strafkolonie._$COUNTRY$_erwägt_zur_Zeit_die_Einrichtung_solch_einer_Kolonie.;;;;;;;;;;;
EVTDESC22010_NEWS_SHORT;The_idea_of_isolating_offenders_and_breachers_of_the_public_peace_from_society_is_probably_as_old_as_time_itself._$COUNTRY$_is_currently_considering_establishing_of_a_penal_colony.;;Die_Idee,_Straftäter_und_Störer_des_öffentlichen_Friedens_von_der_Gesellschaft_zu_isolieren,_ist_so_alt_wie_die_Menschheit._$COUNTRY$_erwägt_zur_Zeit_die_Einrichtung_einer_Kolonie.;;;;;;;;;;;
EVTDESC2510_NEWS_LONG;$COUNTRY$:_The_SS_$CAPITAL$,_a_small_military_steamer,_mysteriously_sank_yesterday_while_on_port_call_in_a_foreign_harbor,_following_a_massive_explosion_on_the_starboard_midship._Military_Intelligence_suggests_that_the_explosion_may_have_been_caused_by_an_overheated_boiler,_but_the_widely_circulated_scandal_press_are_calling_the_explosion_an_act_of_sabotage_and_aggression_by_a_foreign_power._Local_citizens_are_in_ire_over_the_affair,_and_calls_for_foreign_blood_to_be_spilled_can_be_heard_echoing_on_the_streets_of_$CAPITAL$,_the_ships'_namesake.;;$COUNTRY$:_Die_SS_$CAPITAL$,_ein_kleines_Militär-Dampfschiff,_sank_gestern_unerklärlicherweise,_nach_einer_gewaltigen_Explosion_auf_der_Steuerbordseite_des_Schiffs,_während_es_in_einem_ausländischen_Hafen_vor_Anker_lag._Der_militärische_Geheimdienst_vermutet_einen_überhitzten_Heizkessel_als_Ursache,_doch_die_Skandalpresse_spricht_von_einem_Sabotageakt_und_terroristischem_Anschlag_des_Auslands._Die_Einwohner_der_Stadt_sind_beunruhigt_und_Rufe_nach_Vergeltung_erklingen_in_den_Straßen_von_$CAPITAL$,_dem_Namensvetter_des_Schiffs.;;;;;;;;;;;
EVTDESC2510_NEWS_MEDIUM;$COUNTRY$:_The_SS_$CAPITAL$,_a_small_military_steamer,_mysteriously_sank_yesterday_while_on_port_call_in_a_foreign_harbor,_following_a_massive_explosion_on_the_starboard_midship._Some_of_the_press_are_calling_the_explosion_an_act_of_sabotage_and_aggression_by_a_foreign_power.;;$COUNTRY$:_Die_SS_$CAPITAL$,_ein_Militär-Dampfschiff,_sank_gestern_unerklärlicherweise,_nach_einer_Explosion_auf_dem_Mittschiff,_während_es_in_einem_ausländischen_Hafen_vor_Anker_lag._Die_Presse_spricht_von_einem_Sabotageakt_und_terroristischem_Anschlag_des_Auslands.;;;;;;;;;;;
EVTDESC2510_NEWS_SHORT;$COUNTRY$:_The_SS_$CAPITAL$,_a_small_military_steamer,_mysteriously_sank_yesterday_while_on_port_call_in_a_foreign_harbor,_following_a_massive_explosion_on_the_starboard_midship.;;$COUNTRY$:_Die_SS_$CAPITAL$,_ein_Militär-Dampfschiff,_sank_gestern_unerklärlicherweise,_nach_einer_Explosion_auf_dem_Mittschiff,_während_es_in_einem_ausländischen_Hafen_vor_Anker_lag.;;;;;;;;;;;
EVTDESC23300_NEWS_LONG;Several_$COUNTRY_ADJ$_ships_of_the_merchant_marine_have_been_lost_at_sea_over_the_past_year_to_a_strange_phenomenon,_believed_by_many_to_be_a_large_and_as_of_yet_undiscovered_species_of_whale._The_renowned_French_professor_of_Marine_Biology,_the_legendary_Pierre_Arronax,_has_offered_to_join_a_scientific_expedition_to_investigate_this_strange_beast_that_has_taken_to_haunting_the_oceans_of_the_world,_and_rumor_has_it_that_several_countries_are_planning_expeditions_of_their_own_to_get_to_the_bottom_of_this_mystery.;;Zahlreiche_$COUNTRY_ADJ$_Schiffe_der_Handelsmarine_gingen_vergangenes_Jahr_wegen_eines_merkwürdigen_Phänomens_auf_See_verloren._Viele_verdächtigten_eine_neue,_unbekannte,_riesige_Walart._Der_anerkannte_und_legendäre_französische_Meeresbiologe_Pierre_Arronax_hat_angeboten,_eine_Forschungsexpedition_zu_begleiten,_um_dieses_unbekannte_Biest,_das_die_Meere_unsicher_macht,_zu_untersuchen._Gerüchten_zufolge_planen_andere_Länder_ähnliche_Expeditionen.;;;;;;;;;;;
EVTDESC23300_NEWS_MEDIUM;The_renowned_French_professor_of_Marine_Biology,_legendary_Pierre_Arronax,_has_offered_to_join_a_$COUNTRY_ADJ$_scientific_expedition_to_investigate_the_strange_beast_that_has_taken_to_haunting_the_oceans_of_the_world,_and_rumor_has_it_that_several_countries_are_planning_expeditions_as_well.;;Der_anerkannte,_legendäre,_französische__Meeresbiologe_Pierre_Arronax_hat_angeboten,_eine_$COUNTRY_ADJ$_Forschungsexpedition_zu_begleiten,_um_das_unbekannte_Biest,_das_die_Meere_unsicher_macht,_zu_untersuchen._Gerüchten_zufolge_planen_andere_Länder_ähnliche_Expeditionen.;;;;;;;;;;;
EVTDESC23300_NEWS_SHORT;The_renowned_French_professor_of_Marine_Biology,_Pierre_Arronax,_offered_to_join_a_$COUNTRY_ADJ$_expedition_to_investigate_the_strange_beast_that_has_taken_to_haunting_the_oceans_of_the_world.;;Der_anerkannte_französische_Meeresbiologe_Pierre_Arronax_hat_angeboten,_eine_$COUNTRY_ADJ$_Forschungsexpedition_zu_begleiten,_um_das_unbekannte_Biest,_das_die_Meere_unsicher_macht,_zu_untersuchen._;;;;;;;;;;;
EVTDESC23302_NEWS_LONG;The_renowned_French_marine_biologist_Pierre_Arronax_was_found_washed_up_on_the_shores_of_$COUNTRY$._The_professor_was_gone_since_joining_an_expedition_sent_out_to_discover_the_truth_behind_a_mysterious_whale_said_to_devour_ships._Arronax_claims_that_he_was_washed_overboard_during_an_encounter_with_the_creature,_and_that_the_creature_was_in_fact_a_human_ship,_capable_of_under_water_travel._Arronax_maintains_that_the_ship_was_commanded_by_a_freedom-loving_vigilante_who_has_sworn_off_all_contact_with_terra_firma_in_favor_of_a_free_life_on_the_world's_oceans.;;Der_bekannte,_franz._Meeresbiologe_Pierre_Arronax_wurde_an_der_Küste_von_$COUNTRY$_angespült._Der_Professor_befand_sich_als_Expeditionsmitglied_auf_der_Suche_nach_einem_mysteriösen_Wal,_der_Schiffe_verschlingen_soll._Arronax_behauptet,_dass_er_bei_einer_Begegnung_mit_der_Kreatur_über_Bord_ging,_die_in_Wirklichkeit_ein_Schiff_für_Menschenhand_sei,_das_unter_Wasser_navigieren_könne._Arronax_sagt,_das_Schiff_werde_von_einem_freiheitsliebenden_Haudegen_befehligt,_der_jeglichen_Kontakt_zum_Festland_zugunsten_der_Freiheit_auf_den_Meeren_abgebrochen_hat.;;;;;;;;;;;
EVTDESC23302_NEWS_MEDIUM;$COUNTRY$:_The_renowned_French_marine_biologist_Pierre_Arronax_claims_that_he_was_washed_overboard_during_an_encounter_with_a_creature,_and_that_the_creature_was_in_fact_a_human_ship,_capable_of_under_water_travel_and_commanded_by_a_freedom-loving_vigilante.;;$COUNTRY$:_Der_bekannte,_franz._Meeresbiologe_Pierre_Arronax_behauptet,_dass_er_nach_einer_Begegnung_mit_einer_Kreatur_über_Bord_ging,_welches_in_Wahrheit_ein_Schiff_sei,_das_unter_Wasser_reist_und_von_einem_Freigeist_befehligt_wird.;;;;;;;;;;;
EVTDESC23302_NEWS_SHORT;$COUNTRY$:_The_renowned_French_marine_biologist_Pierre_Arronax_claims_he_was_washed_overboard_during_an_encounter_with_a_under-water_ship_commanded_by_a_freedom-loving_vigilante.;;$COUNTRY$:_Der_bekannte,_franz._Meeresbiologe_Pierre_Arronax_behauptet,_dass_er_nach_einer_Begegnung_mit_einem_Untersee-Schiff_über_Bord_ging,_das_von_einem_Freigeist_befehligt_wird.;;;;;;;;;;;
EVTDESC21500_NEWS_LONG;The_Tunguska_explosion_of_1908,_which_produced_a_devastating_fireball_in_Siberia_that_destroyed_forests_and_caused_worldwide_tremors,_was_the_result_of_an_asteroid_or_meteor,_scientists_believe._Witnesses_located_as_far_as_tens_of_miles_from_the_event_report_seeing_the_sky_split_in_two_parts_and_then_filling_with_fire_delivering_unbearably_high_heat_to_their_bodies,_followed_by_repeated_loud_thumping_sounds_of_multiple_rocks_hitting_the_ground._Fiery_wind_burned_paths_on_the_ground_along_the_streets,_the_explosion_was_so_bright_it_looked_like_a_second_Sun.;;Die_Tunguska-Explosion_von_1908,_in_der_ein_gewaltiger_Feuerball_in_Sibirien_Wälder_zerstörte_und_die_ganze_Welt_erschütterte,_war_laut_Forschern_das_Ergebnis_eines_Asteroiden-_oder_Meteoreinschlags._Zeugen_berichten,_dass_sie_noch_aus_zehntausenden_von_Metern_Entfernung_den_Himmel_in_Flammen_aufgehen_sahen_und_die_Hitze_unerträglich_wurde,_gefolgt_vom_lauten_Donnerhall_des_Einschlags_von_Steinsbrocken._Feuerstürme_verbrannten_die_Erde,_die_Explosion_wirkte_wie_eine_zweite_Sonne.;;;;;;;;;;;
EVTDESC21500_NEWS_MEDIUM;The_Tunguska_explosion_of_1908,_which_produced_a_devastating_fireball_in_Siberia_destroying_forests_and_causing_worldwide_tremors,_was_the_result_of_an_asteroid_or_meteor,_scientists_believe._The_explosion_was_so_bright_it_looked_like_a_second_Sun.;;Die_Tunguska-Explosion_von_1908,_in_der_ein_gewaltiger_Feuerball_in_Sibirien_Wälder_zerstörte_und_die_ganze_Welt_erschütterte,_war_laut_Forschern_das_Ergebnis_eines_Asteroiden-_oder_Meteoreinschlags._Die_Explosion_wirkte_wie_eine_zweite_Sonne.;;;;;;;;;;;
EVTDESC21500_NEWS_SHORT;The_Tunguska_explosion_of_1908,_which_produced_a_devastating_fireball_in_Siberia_destroying_forests_and_causing_worldwide_tremors,_was_the_result_of_an_asteroid_or_meteor,_scientists_believe.;;Die_Tunguska-Explosion_von_1908,_in_der_ein_riesiger_Feuerball_in_Sibirien_Wälder_zerstörte_und_die_Welt_erschütterte,_war_laut_Forschern_das_Ergebnis_eines_Asteroiden-_oder_Meteoreinschlags.;;;;;;;;;;;
EVTDESC21510_NEWS_LONG;The_eruption_of_the_Krakatau_volcano_and_the_resultant_tsunami_left_over_36500_dead_in_the_Dutch_East_Indies,_and_the_sound_of_the_eruption_was_heard_3000_miles_away_at_Rodrigues_Island_in_the_Indian_Ocean._The_explosion_had_a_tremendous_global_impact,_with_the_sky_darkening_worldwide_for_years_afterwards,_producing_intensely_red_sunsets_and_other_optical_effects,_as_well_as_global_average_temperature_dropping_by_more_than_a_degree_Celsius._Barographs_across_the_world_were_registering_the_pressure_from_the_explosion_for_five_days.;;Der_Ausbruch_des_Krakatau-Vulkans_und_der_folgende_Tsunami_kosteten_in_Niederländisch-Ostindien_mehr_als_36500_Leben_und_wurde_noch_in_3000_Meilen_Entfernung_auf_der_Rodrigues-Insel_im_indischem_Ozean_gehört._Er_hatte_weltweite_Auswirkungen_und_verdunkelte_den_Himmel_auf_Jahre,_mit_intensiv-roten_Sonnenuntergängen_und_anderen_Effekten._Die_weltweite_Temperatur_fiel_um_mehr_als_1_Grad_Celsius._Barographen_aus_aller_Welt_zeichneten_den_Druck_der_Explosion_fünf_Tage_lang_auf.;;;;;;;;;;;
EVTDESC21510_NEWS_MEDIUM;The_eruption_of_the_Krakatau_volcano_and_the_resultant_tsunami_left_over_36500_dead_in_the_Dutch_East_Indies,_and_the_sound_of_the_eruption_was_heard_3000_miles_away_at_Rodrigues_Island_in_the_Indian_Ocean._The_explosion_had_a_tremendous_global_impact.;;Der_Ausbruch_des_Krakatau-Vulkans_und_der_folgende_Tsunami_kosteten_in_Niederländisch-Ostindien_mehr_als_36500_Leben_und_wurde_noch_in_3000_Meilen_Entfernung_auf_der_Rodrigues-Insel_im_indischem_Ozean_gehört._Der_Ausbruch_hatte_weltweite_Auswirkungen.;;;;;;;;;;;
EVTDESC21510_NEWS_SHORT;The_eruption_of_the_Krakatau_volcano_and_the_resultant_tsunami_left_over_36500_dead_in_the_Dutch_East_Indies,_and_the_sound_of_the_eruption_was_heard_3000_miles_away_at_Rodrigues_Island.;;Der_Ausbruch_des_Krakatau-Vulkans_und_anschließende_Tsunami_kosteten_in_Niederländisch-Ostindien_mehr_als_36500_Leben_und_wurde_in_3000_Meilen_Entfernung_auf_der_Rodrigues-Insel_gehört.;;;;;;;;;;;
EVTDESC21520_NEWS_LONG;A_major_earthquake_has_struck_San_Francisco,_California,_causing_widespread_devastation_and_the_loss_of_thousands_of_lives._Tremors_have_been_reported_as_far_away_inland_as_Nevada,_and_the_fire_that_erupted_as_a_result_of_the_earthquake_has_left_the_city_more_or_less_leveled._Army_units_are_hard_at_work_bringing_in_supplies_to_the_survivors,_and_we_can_rest_assured_that_the_quake_will_leave_its_mark_on_public_memory_for_generations_to_come.;;Ein_gewaltiges_Erdbeben_hat_San_Francisco,_Kalifornien,_erschüttert_und_gewaltige_Zerstörungen_mit_mehreren_tausend_Toten_verursacht._Die_Erschütterungen_waren_noch_in_Nevada_spürbar_und_Brände_vernichteten_große_Teile_der_Stadt._Die_Armee_arbeitet_hart_an_der_Versorgung_der_Überlebenden_und_das_Erdbebeben_wird_noch_viele_Generationen_in_Erinnerung_bleiben.;;;;;;;;;;;
EVTDESC21520_NEWS_MEDIUM;A_major_earthquake_has_struck_San_Francisco,_California,_today,_causing_widespread_devastation_and_the_loss_of_thousands_of_lives._Tremors_have_been_reported_as_far_away_inland_as_Nevada,_and_the_fires_erupting_as_a_result_of_the_earthquake_has_left_the_city_more_or_less_leveled.;;Ein_gewaltiges_Erdbeben_hat_heute_San_Francisco,_Kalifornien,_erschüttert_und_gewaltige_Zerstörungen_mit_mehreren_tausend_Toten_verursacht._Die_Erschütterungen_waren_noch_in_Nevada_spürbar_und_Brände_vernichteten_große_Teile_der_Stadt.;;;;;;;;;;;
EVTDESC21520_NEWS_SHORT;A_major_earthquake_has_struck_San_Francisco,_California,_causing_widespread_devastation_and_the_loss_of_thousands_of_lives._Fires_that_resulted_from_the_earthquake_have_left_the_city_leveled.;;Ein_gewaltiges_Erdbeben_hat_San_Francisco,_Kalifornien,_erschüttert_und_gewaltige_Zerstörungen_mit_mehreren_tausend_Toten_verursacht._Brände_vernichteten_große_Teile_der_Stadt.;;;;;;;;;;;
EVTDESC23450_NEWS_LONG;The_last_will_of_the_recently_deceased_Swedish_inventor_and_industrialist_Alfred_Nobel_has_reserved_his_entire_fortune_for_the_establishment_of_a_foundation_to_award_prizes_each_year_to_meritorious_researchers_in_the_fields_of_chemistry,_physics,_and_physiology_or_medicine,_as_well_as_authors_of_groundbreaking_literature_and_activists_whose_work_best_promotes_international_peace_and_cooperation._Widely_believed_to_be_a_pacifist,_Nobel_issued_350_international_patents_and_opened_90_armaments_factories_during_his_life,_vastly_expanding_the_wealth_of_his_family.;;Der_letzte_Wille_des_kürzlich_verstorbenen,_schwedischen_Erfinders_und_Industriellen_Alfred_Nobel_hinterlässt_sein_Vermögen_für_die_Gründung_einer_Stiftung,_die_jedes_Jahr_Preise_an_vielversprechende_Forscher_in_Chemie,_Physik,_Physiologie_oder_Medizin_verleiht,_wie_auch_für_Autoren_weltbewegender_Literatur_und_Aktivisten,_die_sich_herausragend_für_Frieden_und_Zusammenarbeit_einsetzen._Der_weltweit_als_Pazifist_angesehene_Nobel_erhielt_in_seinem_Leben_350_internationale_Patente_und_unterhielt_90_Rüstungsfabriken,_die_den_Reichtum_seiner_Familie_mehrten.;;;;;;;;;;;
EVTDESC23450_NEWS_MEDIUM;The_last_will_of_the_recently_deceased_Swedish_inventor_and_industrialist_Alfred_Nobel_has_reserved_his_entire_fortune_for_the_establishment_of_a_foundation_to_award_prizes_to_meritorious_researchers_in_the_fields_of_chemistry,_physics,_and_physiology_or_medicine_among_others.;;Der_letzte_Wille_des_kürzlich_verstorbenen,_schwedischen_Erfinders_und_Industriellen_Alfred_Nobel_hinterlässt_sein_Vermögen_für_die_Gründung_einer_Stiftung,_die_jedes_Jahr_Preise_u.a._für_viel_versprechende_Forscher_in_Chemie,_Physik,_Physiologie_oder_Medizin_verleiht.;;;;;;;;;;;
EVTDESC23450_NEWS_SHORT;The_last_will_of_the_recently_deceased_Swedish_inventor_and_industrialist_Alfred_Nobel_reserved_his_fortune_for_the_establishment_of_a_foundation_to_award_prizes_to_meritious_researchers.;;Der_kürzlich_verstorbene,_schwedische_Erfinder_und_Industrielle_Alfred_Nobel_hinterlässt_sein_Vermögen_der_Gründung_einer_Stiftung,_die_Preise_u.a._für_vielversprechende_Forscher_verleiht.;;;;;;;;;;;
EVTDESC23400_NEWS_LONG;The_combination_of_renewed_interest_in_Ancient_Greek_civilization_and_the_idea_of_sport_as_an_important_part_of_social_development_led_a_French_aristocrat,_Baron_Pierre_de_Coubertin,_to_propose_reviving_the_Olympic_Games_as_a_way_to_promote_international_peace_through_friendly_athletic_competition_between_nations._The_largest_sporting_event_to_date,_the_first_Olympic_Games_hosted_participants_who_competed_in_nine_disciplines,_including_wrestling,_weightlifting,_fencing_and_cycling._Winners_in_each_discipline_received_a_silver_medal,_an_olive_branch_and_a_diploma.;;Das_erneut_zunehmende_Interesse_am_griechischen_Altertum_und_die_Idee_des_Sportes_als_wichtigem_Bestandteil_der_franz._sozialen_Entwicklung,_veranlasste_den_franz._Aristokraten_Baron_Pierre_de_Coubertin_zu_dem_Vorschlag,_die_Olympischen_Spiele_zum_Erhalt_des_internationalen_Friedens,_mit_friedlichen_Wettbewerben_von_Athleten_aller_Nationen,_wiederzubeleben._Das_größte_Sportevent_aller_Zeiten_beherbergt_Athleten_in_neun_Disziplinen,_u.a._Ringen,_Gewichtheben,_Fechten_und_Radsport._Die_Gewinner_erhielten_eine_Silbermedaille,_einen_Olivenzweig_und_ein_Diplom.;;;;;;;;;;;
EVTDESC23400_NEWS_MEDIUM;The_combination_of_renewed_interest_in_Ancient_Greek_civilization_and_the_idea_of_sport_as_an_important_part_of_social_development_led_a_French_aristocrat,_Baron_Pierre_de_Coubertin,_to_propose_reviving_the_Olympic_Games_to_promote_international_peace_through_athletic_competition.;;Erneutes_Interesse_am_griechischen_Altertum_und_die_Idee_des_Sportes_als_wichtigem_Bestandteil_der_sozialen_Entwicklung,_veranlasste_den_franz._Aristokraten_Baron_Pierre_de_Coubertin_zu_dem_Vorschlag,_die_Olympischen_Spiele_zum_Erhalt_des_internationalen_Friedens_wiederzubeleben._;;;;;;;;;;;
EVTDESC23400_NEWS_SHORT;The_renewed_interest_in_Ancient_Greek_civilization_and_the_idea_of_sport_as_a_part_of_social_development_led_a_French_aristocrat,_Baron_Pierre_de_Coubertin,_to_reviving_the_Olympic_Games.;;Erneutes_Interesse_am_gr._Altertum_und_die_Idee_des_Sportes_als_Bestandteil_der_sozialen_Entwicklung_veranlasste_den_franz._Baron_Pierre_de_Coubertin,_die_Olympischen_Spiele_wiederzubeleben._;;;;;;;;;;;
EVTDESC90040_NEWS_LONG;India_has_risen_in_rebellion!_A_mutiny_of_a_unit_of_Sepoys,_native_Indian_soldiers_in_service_with_the_western_military,_sparked_an_uprising_engulfing_huge_areas_of_the_subcontinent._A_long_list_of_abuses_and_grievances_by_the_Company's_administrators_against_all_parts_of_Indian_society_caused_a_series_of_smaller_incidents_in_the_recent_past_but_neither_escalated_as_much_and_as_quickly_as_the_mutiny_of_soldiers_refusing_to_rip_off_with_their_teeth_rifle_cartridges_greased_with_animal_fat,_which_was_against_their_religious_beliefs.;;Indien_rebelliert!_Eine_Meuterei_einer_Sepoy-Einheit,_eingeborener_indischer_Soldaten_im_Dienste_des_westl._Militärs,_führte_zu_einem_Aufstand,_der_weite_Teile_des_Sub-Kontinents_erfasste._Eine_lange_Liste_von_Misshandlungen_und_Beschwerden_gegen_die_Verwalter_der_Kompanie_in_allen_Teilen_Indiens_verursachte_einige_kleinere_Scharmützel_in_der_Vergangenheit,_die_jedoch_nie_in_dieser_Form_eskalierten_wie_die_Weigerung_der_Soldaten,_mit_Tierfetten_geschmierte_Patronenhülsen_mit_ihren_Zähnen_auszureissen,_was_gegen_ihren_Glauben_war.;;;;;;;;;;;
EVTDESC90040_NEWS_MEDIUM;India_has_risen_in_rebellion!_A_mutiny_of_a_unit_of_Sepoys,_native_Indian_soldiers_in_service_with_the_western_military,_sparked_an_uprising_engulfing_huge_areas_of_the_subcontinent._A_long_list_of_abuses_and_grievances_by_the_Company's_administrators_is_quoted_as_the_cause.;;Indien_rebelliert!_Die_Meuterei_einer_Sepoy-Einheit,_eingeborener_indischer_Soldaten_im_Dienste_des_westl._Militärs,_führte_zu_Aufständen_in_weiten_Teilen_des_Sub-Kontinents._Eine_lange_Liste_von_Misshandlungen_und_Beschwerden_gegen_die_Verwalter_der_Kompanie_gilt_als_Ursache.;;;;;;;;;;;
EVTDESC90040_NEWS_SHORT;India_has_risen_in_rebellion!_A_mutiny_of_a_unit_of_Sepoys,_native_Indian_soldiers_in_service_with_the_western_military,_sparked_an_uprising_engulfing_huge_areas_of_the_subcontinent.;;Indien_rebelliert!_Die_Meuterei_einer_Sepoy-Einheit,_eingeborener_indischer_Soldaten_im_Dienste_des_westl._Militärs,_führte_zu_Aufstände_in_weiten_Teilen_des_Sub-Kontinents.;;;;;;;;;;;
EVTDESC17610_NEWS_LONG;The_emerging_fascist_party_in_one_of_$COUNTRY_ADJ$_states_has_formed_a_paramilitary_corps,_organized_with_a_military_command_chain,_ideologically_coherent_and_ready_to_resort_to_violence_to_do_the_bidding_of_the_fascist_party_leaders._The_group_is_colloquially_referred_to_as_the_'Blackshirts'_from_the_iconic_militaresque_shirts_that_they_have_taken_to_wearing._This_trend_is_new_to_$COUNTRY_ADJ$_politics,_and_some_fear_that_it_might_lead_to_a_chain-reaction,_with_other_parties_forming_military_organizations_of_their_own_to_defend_their_members_and_supporters.;;Die_neue_faschistische_Partei_in_einem_der_$COUNTRY_ADJ$_Staaten_bildete_einen_paramilitärischen_Korps_mit_militärischer_Kommandokette,_der_Partei_loyal_verbunden_und_bereit,_die_Belange_der_Partei-Anführer_mit_Gewalt_durchzusetzen._Aufgrund_der_schwarzen,_militärisch_anmutenden_Hemden_wird_die_Gruppe_die_'Schwarzhemden'_genannt._Dieser_Trend_ist_neu_in_der_$COUNTRY_ADJ$_Politik_und_viele_fürchten_eine_Kettenreaktion_die_andere_Parteien_zu_Ähnlichem_veranlasst,_um_ihre_Mitglider_und_Anhänger_zu_verteidigen.;;;;;;;;;;;
EVTDESC17610_NEWS_MEDIUM;The_emerging_fascist_party_in_one_of_$COUNTRY_ADJ$_states_has_formed_a_paramilitary_corps,_organized_with_a_military_command_chain,_ideologically_coherent_and_ready_to_do_the_bidding_of_the_fascist_party_leaders._The_group_is_referred_to_as_the_'Blackshirts'.;;Die_neue_faschistische_Partei_in_einem_der_$COUNTRY_ADJ$_Staaten_bildete_einen_paramilitärischen_Korps_mit_militärischer_Kommandokette,_der_Partei_loyal_verbunden_und_bereit,_die_Belange_der_Partei-Anführer_mit_Gewalt_durchzusetzen._Die_Gruppe_wird_auch_'Schwarzhemden'_genannt.;;;;;;;;;;;
EVTDESC17610_NEWS_SHORT;The_fascist_party_in_one_of_$COUNTRY_ADJ$_states_formed_a_paramilitary_corps,_organized_with_a_military_command_chain,_ideologically_coherent_and_ready_to_do_the_bidding_of_the_party_leaders.;;Die_faschistische_Partei_in_einem_der_$COUNTRY_ADJ$_Staaten_bildete_einen_paramilit._Korps_mit_milit._Kommandokette,_der_Partei_und_ihren_Anführern_loyal_verbunden._;;;;;;;;;;;
EVTDESC17630_NEWS_LONG;Reports_have_reached_$CAPITAL$_that_the_Blackshirts,_the_paramilitary_wing_of_the_local_fascist_party,_have_begun_marching_down_the_country,_toward_$CAPITAL$,_intent_on_seizing_power_in_$COUNTRY$._The_military_has_thus_far_not_attempted_to_intervene,_and_we_suspect_that_this_might_be_due_to_the_fact_that_several_leading_members_of_$COUNTRY_ADJ$_armed_forces_have_fascist_sympathies_themselves._This_is_definitely_a_crisis_for_the_young_$COUNTRY_ADJ$_democracy_and_it_is_threatening_stability_and_peace_in_the_entire_region.;;$CAPITAL$_erhielt_Meldungen,_dass_die_Schwarzhemden,_der_paramilitärische_Flügel_der_lokalen_Faschisten,_durch_das_Land_auf_$CAPITAL$_zumarschiert,_um_die_Kontrolle_über_$COUNTRY$_zu_übernehmen._Bis_jetzt_hat_das_Militär_nicht_eingegriffen,_vermutlich_da_viele_führende_Offiziere_der_$COUNTRY_ADJ$_Streitmacht_mit_den_Faschisten_sympathisieren._Dies_ist_eindeutig_eine_Krise_für_die_junge_$COUNTRY_ADJ$_Demokratie,_die_die_Stabilität_und_den_Frieden_in_der_ganzen_Region_bedrohen.;;;;;;;;;;;
EVTDESC17630_NEWS_MEDIUM;Reports_have_reached_$CAPITAL$_that_the_Blackshirts,_the_paramilitary_wing_of_the_local_fascist_party,_have_begun_marching_down_the_country,_toward_$CAPITAL$,_intent_on_seizing_power_in_$COUNTRY$._The_military_has_thus_far_not_attempted_to_intervene.;;$CAPITAL$_erhielt_Meldungen,_dass_die_Schwarzhemden,_der_paramilitärische_Flügel_der_lokalen_Faschisten,_durch_das_Land_auf_$CAPITAL$_zumarschiert,_um_die_Kontrolle_über_$COUNTRY$_zu_übernehmen._Bis_jetzt_hat_das_Militär_nicht_eingegriffen.;;;;;;;;;;;
EVTDESC17630_NEWS_SHORT;Reports_have_reached_$CAPITAL$_that_the_Blackshirts,_the_paramilitary_wing_of_the_fascist_party,_begun_marching_down_the_country,_toward_$CAPITAL$,_intent_on_seizing_power_in_$COUNTRY$.;;$CAPITAL$_erhielt_Meldungen,_dass_die_Schwarzhemden,_der_paramilitärische_Flügel_der_Faschisten,_durch_das_Land_auf_$CAPITAL$_zumarschiert,_um_die_Kontrolle_über_$COUNTRY$_zu_übernehmen.;;;;;;;;;;;
EVTDESC17680_NEWS_LONG;Fascists_have_taken_to_the_streets_of_one_of_$COUNTRY_ADJ$_states_in_a_show_of_force_for_the_party_and_its_various_sub-organizations._Clad_in_their_black_and_brown_shirts,_marching_in_military_order_through_the_streets,_drums_beating,_the_fascists_are_an_intimidating_sight_to_behold._Several_members_of_$COUNTRY_ADJ$_cabinet_are_suggesting_that_the_presence_of,_what_effectively_amounts_to,_military_units_not_under_state_control_is_becoming_more_and_more_of_an_issue,_and_are_suggesting_to_outlaw_paramilitary_organizations.;;Faschisten_demonstrieren_auf_den_Straßen_eines_$COUNTRY_ADJ$_Staates_die_Stärke_ihrer_Partei_und_Sub-Organisationen._Sie_marschieren_zum_Klang_der_Trommeln_,_in_militärischer_Formation_in_braunen_oder_schwarzen_Hemden_durch_die_Straßen_und_sind_ein_wahrhaft_einschüchternder_Anblick._Zahlreiche_Mitglieder_des_$COUNTRY_ADJ$_Kabinetts_sehen_dieses_pseudomilitärische_Schauspiel_als_wachsendes_Problem_an_und_schlagen_das_Verbot_paramilitärischer_Organisationen_vor.;;;;;;;;;;;
EVTDESC17680_NEWS_MEDIUM;Fascists_have_taken_to_the_streets_of_one_of_$COUNTRY_ADJ$_states_in_a_show_of_force_for_the_party_and_its_various_sub-organizations._Clad_in_their_black_and_brown_shirts,_marching_in_military_order_through_the_streets,_drums_beating,_the_fascists_are_an_intimidating_sight_to_behold.;;Faschisten_demonstrieren_auf_den_Straßen_eines_$COUNTRY_ADJ$_Staates_die_Stärke_ihrer_Partei_und_Sub-Organisationen._Sie_marschieren_zum_Klang_der_Trommeln,_in_militärischer_Formation_in_braunen_oder_schwarzen_Hemden_durch_die_Straßen_und_sind_ein_wahrhaft_einschüchternder_Anblick.;;;;;;;;;;;
EVTDESC17680_NEWS_SHORT;Fascists_have_taken_to_the_streets_of_one_of_$COUNTRY_ADJ$_states_in_a_show_of_force_for_the_party._Clad_in_their_black_and_brown_shirts,_they_are_marching_in_military_order.;;Faschisten_demonstrieren_auf_den_Straßen_eines_$COUNTRY_ADJ$_Staates_die_Stärke_ihrer_Partei._Sie_marschieren_in_militärischer_Formation_in_braunen_oder_schwarzen_Hemden_durch_die_Straßen.;;;;;;;;;;;
EVTDESC17560_NEWS_LONG;The_red_banners_flutter_before_the_winds,_and_people_of_all_ages_come_out_to_watch,_as_socialists,_communists,_union_members_and_workers_of_all_ages_come_together_in_a_protest_march,_all_across_$COUNTRY$,_commemorating_the_deaths_of_several_demonstrators_at_the_Chicago_Haymarket_Massacre_in_1886._While_an_annually_returning_celebration_in_almost_every_city_in_$COUNTRY$,_this_year's_incarnation_has_been_particularly_successful_in_one_of_$COUNTRY_ADJ$_states,_where_an_upsurge_in_socialist_militancy_and_consciousness_can_be_expected.;;Die_roten_Banner_flattern_im_Wind_und_Menschen_aller_Altersgruppen_sehen_zu,_wie_Sozialisten,_Kommunisten,_Gewerkschaftsmitglieder_und_Arbeiter_jeden_Alters_im_Protestmarsch_durch_ganz_$COUNTRY$_ziehen,_um_an_den_Tod_zahlreicher_Demonstranten_im_Chicago_Haymarket_Massaker_1886_zu_erinnern._Diese_jährlich_in_fast_allen_Städten_von__$COUNTRY$_stattfindende_Gedenkveranstaltung_war_dieses_Jahr_in_einem_$COUNTRY_ADJ$_Staat_besonders_erfolgreich_und_wird_sicherlich_zu_einem_Erstarken_der_sozialisitischen_Militanz_und_mehr_Aufmerksamkeit_führen.;;;;;;;;;;;
EVTDESC17560_NEWS_MEDIUM;The_red_banners_flutter_before_the_winds,_and_people_of_all_ages_come_out_to_watch,_as_socialists,_communists,_union_members_and_workers_of_all_ages_come_together_in_a_protest_march,_all_across_$COUNTRY$,_commemorating_the_deaths_at_the_Chicago_Haymarket_Massacre_in_1886.;;Rote_Banner_flattern_im_Wind_und_Menschen_aller_Altersgruppen_sehen_zu,_wie_Sozialisten,_Kommunisten,_Gewerkschaftsmitglieder_und_Arbeiter_jeden_Alters_im_Protestmarsch_durch_ganz_$COUNTRY$_ziehen,_um_an_die_Toten_im_Chicago_Haymarket_Massaker_1886_zu_erinnern._;;;;;;;;;;;
EVTDESC17560_NEWS_SHORT;$COUNTRY$:_The_red_banners_flutter_before_the_winds,_and_people_of_all_ages_come_out_to_watch,_as_socialists,_communists,_union_members_and_workers_come_together_in_a_protest_march.;;$COUNTRY$:_Rote_Banner_flattern_im_Wind_und_Menschen_aller_Altersgruppen_sehen_zu,_wie_Sozialisten,_Kommunisten,_Gewerkschaftsmitglieder_und_Arbeiter_zum_Protestmarsch_aufmarschieren.;;;;;;;;;;;
EVTDESC5001_NEWS_LONG;Uruguay_have_just_hosted_the_first_World_Cup_of_Football,_which_was_a_stellar_success._Even_though_not_many_countries_managed_to_travel_here_from_Europe,_there_was_still_great_football_played._Lucien_Laurent_of_France_was_the_first_to_score_a_World_Cup_goal,_while_the_American_goalkeeper_Jimmy_Douglas_posted_the_first_clean_sheet_in_the_tournament._Guillermo_Stábile_of_Argentina_became_the_first_World_Cup_top_goal_scorer_with_8_goals._But_what_was_most_important_of_all,_Uruguay_won_the_final_4-2_over_Argentina_in_front_of_93000_thrilled_supporters!;;Uruguay_veranstaltete_kürzlich_mit_großem_Erfolg_die_erste_Fußballweltmeisterschaft._Auch_wenn_nicht_viele_Länder_von_Europa_zu_dem_Ereignis_anreisen_konnten,_gab_es_großen_Fußball_zu_sehen._Lucien_Laurent_aus_Frankreich_erzielte_das_erste_Tor_und_der_amerikanische_Torwart_Jimmy_Douglas_blieb_im_Wettbewerb_als_erster_ohne_Gegentore._Guillermo_Stábile_aus_Argentinien_wurde_mit_8_Toren_der_erste_Top-Torschütze._Doch_am_wichtigsten_war,_dass_Uruguay_das_Finale_mit_4:2_gegen_Argentinien_vor_93000_begeisterten_Zuschauern_gewann!;;;;;;;;;;;
EVTDESC5001_NEWS_MEDIUM;Uruguay_have_just_hosted_the_first_World_Cup_of_Football,_which_was_a_stellar_success._Even_though_not_many_countries_managed_to_travel_here_from_Europe,_there_was_still_great_football_played._Uruguay_won_the_final_4-2_over_Argentina_in_front_of_93000_thrilled_supporters!;;Uruguay_veranstaltete_kürzlich_mit_großem_Erfolg_die_erste_Fußballweltmeisterschaft._Auch_wenn_nicht_viele_europ._Länder_zu_dem_Ereignis_anreisen_konnten,_gab_es_großen_Fußball_zu_sehen._Uruguay_gewann_das_Finale_mit_4:2_gegen_Argentinien_vor_93000_begeisterten_Zuschauern!;;;;;;;;;;;
EVTDESC5001_NEWS_SHORT;Uruguay_have_just_hosted_the_first_World_Cup_of_Football,_which_was_a_stellar_success._Even_though_not_many_countries_managed_to_travel_here_from_Europe,_there_was_still_great_football_played.;;Uruguay_veranstaltete_kürzlich_mit_großem_Erfolg_die_erste_Fußballweltmeisterschaft._Auch_wenn_nicht_viele_europ._Länder_zu_dem_Ereignis_anreisen_konnten,_gab_es_großen_Fußball_zu_sehen.;;;;;;;;;;;
EVTDESC5002_NEWS_LONG;Lord_Stanley_of_Preston_was_very_intrigued_by_ice_hockey_as_he_became_Governor-General_of_the_Dominion._Originally_inscribed_the_Dominion_Hockey_Challenge_Cup,_the_trophy_was_donated_in_1892_by_him,_as_an_award_for_Canada's_top-ranking_amateur_ice_hockey_club._The_first_cup_was_presented_to_the_Montreal_Hockey_Club_who_successfully_defeated_all_challengers_of_the_season._Lord_Stanley_never_attended_a_single_cup_game,_being_recalled_back_to_England_with_his_term_as_Governor-General_ending_soon_after_the_institution_of_the_cup.;;Lord_Stanley_of_Preston_hielt_sehr_viel_von_Eishockey,_als_er_Generalgouverneur_des_Dominion_wurde._Ursprünglich_als_Dominion_Hockey_Trophäe_bekannt,_stiftete_er_diese_1892_als_Auszeichnung_für_Kanadas_erstplatzierten_Amateur-Eishockey-Club._Der_Montreal_Hockey_Club_erhielt_die_Trophäe_als_erstes,_nachdem_er_erfolgreich_alle_Herausforderer_der_Saison_besiegte._Lord_Stanley_besuchte_nie_ein_einziges_Spiel,_da_er_nach_Ende_seiner_Amtszeit_nach_England_zurückberufen_wurde,_kurz_nachdem_die_Meisterschaft_ins_Leben_gerufen_wurde.;;;;;;;;;;;
EVTDESC5002_NEWS_MEDIUM;Lord_Stanley_of_Preston_was_very_intrigued_by_ice_hockey_as_he_became_Governor-General_of_the_Dominion._Originally_inscribed_the_Dominion_Hockey_Challenge_Cup,_the_trophy_was_donated_in_1892_by_him,_as_an_award_for_Canada's_top-ranking_amateur_ice_hockey_club.;;Lord_Stanley_of_Preston_hielt_sehr_viel_von_Eishockey,_als_er_Generalgouverneur_des_Dominion_wurde._Ursprünglich_als_Dominion_Hockey_Trophäe_bekannt,_stiftete_er_diese_1892__als_Auszeichnung_für_Kanadas_erstplatzierten_Amateur-Eishockey-Club._;;;;;;;;;;;
EVTDESC5002_NEWS_SHORT;Originally_inscribed_the_Dominion_Hockey_Challenge_Cup,_the_trophy_was_donated_in_1892_by_Lord_Stanley_of_Preston,_as_an_award_for_Canada's_top-ranking_amateur_ice_hockey_club.;;Ursprünglich_als_Dominion_Hockey_Trophäe_bekannt,_stiftete_Lord_Stanley_of_Preston_diese_1892_als_Auszeichnung_für_Kanadas_erstplatzierten_Amateur-Eishockey-Club_gestiftet._;;;;;;;;;;;
EVTDESC160001_NEWS_LONG;A_great_rebellion_has_sundered_all_under_Heaven!_Hong_Xiuquan_claiming_to_have_received_visions_naming_him_a_younger_brother_to_Jesus_Christ,_rebelled_from_the_ruling_Manchu-led_Qing_dynasty_and_established_the_Heavenly_Kingdom_in_the_south_of_China,_drawing_over_thirty_million_of_his_subjects_into_one_of_the_most_bloody_civil_wars_in_history._Taiping_rebels_want_to_replace_traditional_Confucianism,_Buddhist_and_Chinese_folk_religion_with_their_own_form_of_Christianity,_and_postulate_a_number_of_other_progressive_reforms_like_equality_of_women_and_common_ownership.;;Eine_große_Rebellion_hat_alles_unter_dem_Himmel_zerschmettert!_Hong_Xiuquan_behauptet_nach_Visionen,_der_jüngere_Bruder_von_Jesus_zu_sein,_und_rebellierte_gegen_die_herrschende_mandschurische_Qing-Dynastie,_um_das_Himmlische_Königreich_im_Süden_Chinas_zu_errichten._Mehr_als_30_Mio._seiner_Untertanen_riss_er_mit_sich_in_den_blutigsten_Bürgerkrieg_aller_Zeiten._Taiping-Rebellen_wollen_den_traditionellen_Konfuzianismus,_Buddhismus_und_Volksreligionen_Chinas_mit_ihrer_Form_des_Christentums_ersetzen_und_verkünden_progressive_Reformen_wie_die_Gleichstellung_der_Frau_und_Eigentum._;;;;;;;;;;;
EVTDESC160001_NEWS_MEDIUM;A_great_rebellion_has_sundered_all_under_Heaven!_Hong_Xiuquan_claiming_to_have_received_visions_naming_him_a_younger_brother_to_Jesus_Christ,_rebelled_from_the_ruling_Manchu-led_Qing_dynasty_and_established_the_Heavenly_Kingdom_in_the_south_of_China.;;Eine_große_Rebellion_hat_alles_unter_dem_Himmel_zerschmettert!_Hong_Xiuquan_behauptet_nach_Visionen,_der_jüngere_Bruder_von_Jesus_zu_sein,_und_rebellierte_gegen_die_herrschende_mandschurische_Qing_Dynastie,_um_das_Himmlische_Königreich_im_Süden_Chinas_zu_errichten.;;;;;;;;;;;
EVTDESC160001_NEWS_SHORT;A_great_rebellion_has_sundered_all_under_Heaven!_Hong_Xiuquan_claiming_to_have_received_visions_naming_him_a_younger_brother_to_Jesus_Christ,_rebelled_from_the_ruling_Manchu-led_Qing_dynasty.;;Eine_große_Rebellion_hat_alles_unter_dem_Himmel_zerschmettert!_Hong_Xiuquan_beansprucht_nach_Visionen,_der_jüngere_Bruder_von_Jesus_zu_sein,_und_rebellierte_gegen_die_herrschende_mandschurische_Qing_Dynastie.;;;;;;;;;;;
EVTDESC48300_NEWS_LONG;Direct_news_from_the_German_duchies._Alexander_Karl,_Duke_of_Anhalt-Bernburg_of_the_House_of_Ascania_and_last_member_of_the_line_of_Anhalt-Bernburg,_died_without_a_direct_heir._Duke_Leopold_IV,_being_the_nearest_relative_in_the_succession_of_the_Duchy_of_Anhalt-Köthen_in_1847,_becomes_the_successor._With_this_event,_Anhalt_is_at_last_united_under_one_duke.;;Neuigkeiten_von_den_deutschen_Herzogtümern._Alexander_Karl,_Herzog_von_Anhalt-Bernburg_der_Askanier_und_letzter_Erbe_in_der_Linie_von_Anhalt-Bernburg,_starb_ohne_rechtmäßigem_Erben._Herzog_Leopold_IV._wird_als_nächster_Verwandter_in_der_Erbfolge,_aus_dem_Herzogtum_von_Anhalt-Köthen_1847,_sein_Nachfolger._Durch_dieses_Ereignis_wird_Anhalt_endlich_unter_einem_Herzog_vereint.;;;;;;;;;;;
EVTDESC48300_NEWS_MEDIUM;Alexander_Karl,_Duke_of_Anhalt-Bernburg_died_without_a_direct_heir._Duke_Leopold_IV,_being_the_nearest_relative_in_the_succession_of_the_Duchy_of_Anhalt-Köthen_in_1847,_becomes_the_successor._Anhalt_is_at_last_united_under_one_duke.;;Alexander_Karl,_Herzog_von_Anhalt-Bernburg,_starb_ohne_rechtmäßigem_Erben._Herzog_Leopold_IV._wird_als_nächster_Verwandter_in_der_Erbfolge,_aus_dem_Herzogtum_von_Anhalt-Köthen_1847,_sein_Nachfolger._Durch_dieses_Ereignis_ist_Anhalt_endlich_unter_einem_Herzog_vereint.;;;;;;;;;;;
EVTDESC48300_NEWS_SHORT;The_Duke_of_Anhalt-_Bernburg_died_without_issue._Duke_Leopold_IV_of_Anhalt-_Köthen,_being_the_nearest_relative_in_the_succession,_inherits_the_lands._Anhalt_is_at_last_united_under_one_duke.;;Der_Herzog_von_Anhalt-Bernburg_ist_verstorben._Herzog_Leopold_IV._von_Anhalt-Köthen_wird_als_nächster_Verwandter_sein_Nachfolger._Anhalt_ist_endlich_unter_einem_Herzog_vereint.;;;;;;;;;;;
EVTDESC46600_NEWS_LONG;News_from_our_correspondent_in_South_America,_Argentina:_Juan_Bautista_Alberdi's_book,_aptly_named_Bases_for_the_Political_Organization_of_the_Argentine_Republic,_first_published_in_1852,_the_year_of_Juan_Manuel_de_Rosas'_defeat,_is_now_becoming_the_framework_for_the_new_Argentine_constitution._The_Argentine_constitution_that_Alberdi_crafted_was_modeled_on_that_of_the_United_States.;;Neuigkeiten_von_unserem_Korrespondenten_in_Argentinien,_Süd-Amerika:_Juan_Bautista_Alberdis_Buch_passenderweise_mit_dem_Titel:_Basis_der_polit._Organisation_der_Republik_Argentiniens,_erstmals_im_Jahre_der_Niederlage_von_Juan_Manuel_de_Rosas_1852_veröffentlicht,_wird_die_Richtlinie_der_neuen_argentinischen_Verfassung._Sie_ist_nach_der_Verfassung_der_Vereinigten_Staaten_modelliert.;;;;;;;;;;;
EVTDESC46600_NEWS_MEDIUM;From_Argentina:_Juan_Bautista_Alberdi's_book,_named_Bases_for_the_Political_Organization_of_the_Argentine_Republic,_is_now_becoming_the_framework_for_the_new_Argentine_constitution._The_Argentine_constitution_that_Alberdi_crafted_was_modeled_on_that_of_the_United_States.;;Aus_Argentinien:_Juan_Bautista_Alberdis_Buch_mit_dem_Titel_'Basis_der_polit._Organisation_der_Republik_Argentiniens'_wird_die_Richtlinie_der_neuen_argentinischen_Verfassung._Sie_ist_nach_der_Verfassung_der_Vereinigten_Staaten_modelliert.;;;;;;;;;;;
EVTDESC46600_NEWS_SHORT;Argentina:_Alberdi's_book,_Bases_for_the_Political_Organization_of_the_Argentine_Republic,_is_becoming_the_framework_for_the_new_Argentine_constitution,_modeled_on_that_of_the_United_States.;;Argentinien:_Alberdis_Buch_'Basis_der_polit._Organisation_der_Republik_Argentiniens'_wird_die_Richtlinie_der_neuen_argent._Verfassung,_modelliert_nach_der_Verfassung_der_Vereinigten_Staaten.;;;;;;;;;;;
EVTDESC46601_NEWS_LONG;The_book_Facundo:_Civilization_and_Barbarism,_first_published_in_1845_in_Argentina,_uses_the_story_of_the_dictator_Facundo_to_expose_an_opposition_between_European_'civilization'_and_native_'barbarism'._As_angry_and_condemning_as_Sarmiento_was_towards_Facundo_Quiroga,_Rosas,_and_the_people_of_the_Pampas,_there_emerged_in_the_book_a_wonderful,_and_at_times_admiring_portrait_of_that_part_of_Argentina_that_Sarmiento_believed_had_to_be_killed_off.;;Das_Buch_Facundo:_Zivilisation_und_Barbarei,_erstmals_1845_in_Argentinien_veröffentlicht,_nutzt_die_Geschichte_des_Diktators_Facundo,_um_die_Widersprüche_zw._europäischer_'Zivilisation'_und_einheimischer_'Barbarei'_aufzudecken._Während_Sarmiento_Facundo_Quiroga,_Rosas_und_den_Völkern_der_Pampas_verärgert_und_verachtend_gegenüberstand,_enthüllt_dieses_Buch_ein_wundervolles_und_fast_bewunderndes_Porträt_dieses_Teils_Argentiniens,_den_Sarmiento_glaubte,_ausmerzen_zu_müssen.;;;;;;;;;;;
EVTDESC46601_NEWS_MEDIUM;The_book_published_in_Argentina_uses_the_story_of_the_dictator_Facundo_to_expose_an_opposition_between_European_'civilization'_and_native_'barbarism'._As_condemning_the_book_is,_there_emerges_a_wonderful_portrait_of_a_part_of_Argentina_that_Sarmiento_believed_had_to_be_killed_off.;;Das_in_Argentinien_erschienene_Buch_nutzt_die_Geschichte_des_Diktators_Facundo,_um_Widersprüche_zw._europ._'Zivilisation'_und_einh._'Barbarei'_aufzudecken._Trotz_aller_Verachtung_zeigt_das_Buch_ein_wundervolles_Porträt_dieses_Teils_Argentiniens,_den_Sarmiento_vernichten_wollte.;;;;;;;;;;;
EVTDESC46601_NEWS_SHORT;The_book_published_in_Argentina_exposes_an_opposition_between_European_'civilization'_and_native_'barbarism'._However_there_emerges_a_wonderful_portrait_of_parts_of_the_country_condemned_there.;;Das_in_Argentinien_veröffentlichte_Buch_enhüllt_Widersprüche_zw._europ._'Zivilisation'_und_einh._'Barbarei'._Dennoch_gibt_es_auch_ein_wundervolles_Bild_der_Landesteile,_die_es_verdammt.;;;;;;;;;;;
EVTDESC46300_NEWS_LONG;Literature_news_from_South_America,_Brazil:_The_Brazilian_poet_and_playwright_Antonio_de_Castro_Alves_has_recently_published_O_Navio_Negreiro_(The_Slave_Ship),_soon_earning_the_sobriquet_of_poet_of_the_slaves._The_poem_describes_with_terrible_images_and_expressions_the_situation_of_African_slaves_taken_from_their_homes_and_brought_to_work_across_the_ocean_in_a_land_unknown_to_them._His_work_was_influential_for_the_abolition_of_slavery_in_Brazil.;;Literarische_Neuigkeiten_aus_Brasilien,_Süd-Amerika:_Der_brasil._Poet_und_Bühnenautor_Antonio_de_Castro_Alves_veröffentlichte_vor_kurzem_O_Navio_Negreiro_(Das_Sklavenschiff),_was_ihm_bald_den_Spitznamen_Poet_der_Sklaven_einbrachte._Das_Gedicht_beschreibt_in_schrecklichen_Bildern_und_Ausdrücken_die_Lage_der_afrikanischen_Sklaven,_die_ihrer_Heimat_entrissen_und_zur_Arbeit_in_ein_ihnen_unbekanntes_Land_jenseits_des_Ozeans_verschleppt_werden._Sein_Werk_nahm_großen_Einfluss_auf_die_Abschaffung_der_Sklaverei_in_Brasilien.;;;;;;;;;;;
EVTDESC46300_NEWS_MEDIUM;The_Brazilian_poet_Antonio_de_Castro_Alves_has_recently_published_O_Navio_Negreiro_(The_Slave_Ship),_soon_earning_the_sobriquet_of_poet_of_the_slaves._The_poem_describes_the_dire_situation_of_African_slaves._His_work_was_influential_for_the_abolition_of_slavery_in_Brazil.;;Der_brasil._Poet_Antonio_de_Castro_Alves,_der_'Poet_der_Sklaven',_veröffentlichte_vor_kurzem_O_Navio_Negreiro_(Das_Sklavenschiff)._Das_Gedicht_beschreibt_die_schreckliche_Lage_der_afrikanischen_Sklaven._Sein_Werk_nahm_großen_Einfluss_auf_die_Abschaffung_der_Sklaverei_in_Brasilien.;;;;;;;;;;;
EVTDESC46300_NEWS_SHORT;Antonio_de_Castro_Alves_published_O_Navio_Negreiro,_and_soon_earned_the_sobriquet_of_poet_of_the_slaves._His_work_was_influential_for_the_abolition_of_slavery_in_Brazil.;;Antonio_de_Castro_Alves,_der_'Poet_der_Sklaven',_veröffentlichte_O_Navio_Negreiro._Sein_Werk_nahm_großen_Einfluss_auf_die_Abschaffung_der_Sklaverei_in_Brasilien.;;;;;;;;;;;
EVTDESC46301_NEWS_LONG;In_1894_the_Paulista_Charles_Miller_came_back_from_England,_where_he_had_studied,_with_two_footballs,_a_book_of_rules,_a_set_of_uniforms_and_the_experience_of_having_learned_the_sport_invented_by_the_English._Miller_and_other_English_residents_in_Sao_Paulo_played_the_first_match_in_Brazil_in_1895,_with_the_employees_of_the_Gas_Company_playing_against_employees_of_the_Sao_Paulo_Railway._The_match_was_played_in_the_valley_of_Carmo,_and_the_employees_of_the_railroad_company_won_4-2._Since_then,_the_interest_of_Brazilians_for_the_sport_has_increased_dramatically.;;1894_kehrte_der_Paulist_Charles_Miller_mit_zwei_Bällen,_einem_Regelwerk,_einem_Satz_Uniformen_und_dem_erlernten_Wissen_über_das_von_Engländern_erfundenen_Sport_aus_England_zurück,_wo_er_studiert_hatte._Miller_und_andere_engl._Einwohner_von_Sao_Paulo_spielten_1895_in_Brasilien_die_erste_Partie,_in_der_Angestellte_des_Gaswerkes_gegen_Angestellte_der_Eisenbahn_von_Sao_Paulo_antraten._Das_Spiel_fand_im_Tal_von_Carmo_statt_und_die_Eisenbahnarbeiter_gewannen_4:2._Seitdem_ist_die_Begeisterung_der_Brasilianer_für_diesen_Sport_dramatisch_angestiegen._;;;;;;;;;;;
EVTDESC46301_NEWS_MEDIUM;In_1894_the_Paulista_Charles_Miller_came_back_from_England_with_two_footballs,_a_book_of_rules,_a_set_of_uniforms_and_the_experience_of_having_learned_the_sport_invented_by_the_English._Since_then,_the_interest_of_Brazilians_for_the_sport_has_increased_dramatically.;;1894_kehrte_der_Paulist_Charles_Miller_mit_zwei_Bällen,_einem_Regelwerk,_einem_Satz_Uniformen_und_dem_erlernten_Wissen_über_das_in_England_erfundenen_Sport_aus_England_zurück,_wo_er_studiert_hatte._Seitdem_ist_die_Begeisterung_der_Brasilianer_für_diesen_Sport_dramatisch_angestiegen._;;;;;;;;;;;
EVTDESC46301_NEWS_SHORT;After_arriving_in_Brazil_back_from_England,_where_he_learned_the_sport_called_football,_the_Paulista_Charles_Miller_is_causing_the_interest_of_Brazilian_for_the_sport_to_increase_dramatically.;;Nachdem_der_Paulist_Charles_Miller_aus_England_zurückkehrte,_wo_er_den_Sport_namens_Fußball_erlernte,_erweckte_er_das_Interesse_der_Brasilianer_an_diesem_Sport.;;;;;;;;;;;
EVTDESC46302_NEWS_LONG;News_from_our_correspondent_in_South_America,_Brazil:_Francisco_Sabino,_a_disgruntled_medic_turned_revolutionary_military_officer,_launched_a_radical_revolt_in_the_Brazilian_state_of_Bahia,_calling_for_the_end_of_slavery_and_the_redistribution_of_land._Reports_are_coming_in_describing_skirmishes_across_the_region_against_the_Brazilian_Imperial_troops._It_is_rumored_that_the_rebels_are_planning_to_take_and_hold_the_important_city_of_Salvador.;;Neuigkeiten_von_unserem_Korrespondenten_in_Brasilien,_Süd-Amerika:_Francisco_Sabino,_ein_unzufriedener_Arzt,_der_zum_revolutionären_Militär-Offizier_wurde,_initiierte_einen_radikalen_Aufstand_im_brasil._Staat_Bahia_und_fordert_das_Ende_der_Sklaverei_und_die_Neuverteilung_des_Landes._Meldungen_berichten_von_Gefechten_in_der_Region_gegen_brasil._Regierungstruppen._Gerüchten_zufolge_wollen_die_Rebellen_die_wichtige_Stadt_Salvador_einnehmen_und_halten.;;;;;;;;;;;
EVTDESC46302_NEWS_MEDIUM;Francisco_Sabino,_a_medic_turned_revolutionary_military_officer,_launched_a_radical_revolt_in_the_state_of_Bahia,_calling_for_the_end_of_slavery_and_the_redistribution_of_land._Reports_are_that_skirmishes_are_happening_across_the_region_against_Brazilian_Imperial_troops.;;Francisco_Sabino,_ein_Arzt,_der_zum_revolutionären_Militär-Offizier_wurde,_initiierte_einen_radikalen_Aufstand_im_brasil._Staat_Bahia_und_fordert_das_Ende_der_Sklaverei_und_Neuverteilung_des_Landes._Meldungen_berichten_von_Gefechten_in_der_Region_gegen_brasil._Regierungstruppen.;;;;;;;;;;;
EVTDESC46302_NEWS_SHORT;Francisco_Sabino,_a_military_officer,_launched_a_radical_revolt_in_the_Brazilian_state_of_Bahia,_calling_for_the_end_of_slavery_and_the_redistribution_of_land.;;Francisco_Sabino,_ein_Militär-Offizier,_initiierte_einen_radikalen_Aufstand_im_brasil._Staat_Bahia_und_fordert_das_Ende_der_Sklaverei_und_Neuverteilung_des_Landes.;;;;;;;;;;;
EVTDESC33300_NEWS_LONG;A_great_tragedy!_The_Theater_of_the_grand_duchy_of_Baden_burnt_to_the_ground_in_Karlsruhe._Authorities_say_the_composition_of_the_building,_mostly_wood_and_canvas,_may_have_contributed_to_the_spread_of_the_flames._The_fire_started_during_a_performance_and_quickly_caused_panic_amongst_the_spectators,_who_desperately_tried_to_flee_the_building._However,_the_escape_doors_which_opened_inwards,_prevented_the_speedy_escape_of_all_spectators._It_is_reported_that_63_people_lost_their_lives_in_this_frightful_disaster.;;Welche_Tragödie!_Das_Theater_im_Großherzogtum_Baden_in_Karlsruhe_brannte_komplett_nieder._Offizielle_sagen,_dass_die_Bauweise_aus_überwiegend_Holz_und_Leinwand,_die_schnelle_Ausbreitung_des_Feuers_begünstigte._Das_Feuer_begann_während_einer_Aufführung_und_verbreitete_schnell_Panik_unter_den_Zuschauern,_die_verzweifelt_zu_flüchten_versuchten._Die_sich_nach_innen_öffnenden_Notausgangs-Türen,_verhinderten_jedoch_ein_schnelles_Entkommen._63_verloren_ihr_Leben_in_diesem_schrecklichen_Desaster.;;;;;;;;;;;
EVTDESC33300_NEWS_MEDIUM;The_Theater_of_the_grand_duchy_of_Baden_burnt_to_the_ground_in_Karlsruhe._The_fire_started_during_a_performance_and_quickly_caused_panic_amongst_the_spectators,_who_tried_to_flee_the_building._It_is_reported_that_63_people_lost_their_lives_in_this_frightful_disaster.;;Das_Theater_im_Großherzogtum_Baden_in_Karlsruhe_brannte_komplett_nieder._Das_Feuer_begann_während_einer_Aufführung_und_verbreitete_schnell_Panik_unter_den_Zuschauern,_die_verzweifelt_zu_flüchten_versuchten._63_verloren_ihr_Leben_in_diesem_schrecklichen_Desaster.;;;;;;;;;;;
EVTDESC33300_NEWS_SHORT;A_great_tragedy!_The_Theater_of_the_grand_duchy_of_Baden_burnt_to_the_ground_in_Karlsruhe._63_people_lost_their_lives_in_the_disaster.;;Welche_Tragödie!_Das_Theater_im_Großherzogtum_Baden_in_Karlsruhe_brannte_komplett_nieder._63_verloren_ihr_Leben_in_der_Katastrophe.;;;;;;;;;;;
EVTDESC34100_NEWS_LONG;Musical_news:_42_choral_societies_from_the_Rhineland,_Baden,_Hessen,_and_Franconia_met_in_Frankfurt_to_celebrate_a_three-day_festival_of_Mozart's_music._Monetary_donations_were_gathered_for_the_preparation_of_the_event,_and_hospitable_accommodations_were_arranged_in_preparation_for_the_influx_of_choristers._Thousands_gathered_at_the_banks_of_the_river_Main_to_welcome_them._Even_the_rooflights_were_filled_with_cheerful_spectators_waving_handkerchiefs_and_rejoicing._However,_the_event_is_said_to_have_quickly_turned_into_a_demonstration_for_the_political_unification_of_Germany.;;Musikalische_Neuigkeiten:_42_Gesangsvereine_aus_dem_Rheinland,_Baden,_Hessen_und_Franken_trafen_sich_in_Frankfurt_zu_einem_dreitägigen_Festival_der_Musik_Mozarts._Die_Vorbereitungen_erfolgten_dank_Geldspenden_und_Gastquartiere_für_den_erwarteten_Strom_an_Chormitgliedern_wurden_vorbereitet._Tausende_versammelten_sich_an_den_Ufern_des_Mains_zu_ihrer_Begrüßung._Sogar_die_Dächer_waren_voller_jubelnder_Zuschauer,_die_feierten_und_mit_Taschentüchern_wedelten._Angeblich_wandelte_sich_das_Ereignis_jedoch_schnell_zu_einer_Demonstration_der_politischen_Einheit_Deutschlands.;;;;;;;;;;;
EVTDESC34100_NEWS_MEDIUM;42_choral_societies_from_the_Rhineland,_Baden,_Hessen,_and_Franconia_met_in_Frankfurt_to_celebrate_a_three-day_festival_of_Mozart's_music._The_houses_were_filled_with_spectators_rejoicing._The_event_turned_into_a_demonstration_for_the_political_unification_of_Germany,_however.;;42_Gesangsvereine_aus_dem_Rheinland,_Baden,_Hessen_und_Franken_trafen_sich_in_Frankfurt_zu_einem_dreitägigen_Festival_der_Musik_Mozarts._Die_Häuser_waren_voller_jubelnder_Zuschauer._Das_Ereignis_wandelte_sich_jedoch_zu_einer_Demonstration_der_politischen_Einheit_Deutschlands.;;;;;;;;;;;
EVTDESC34100_NEWS_SHORT;42_choral_societies_met_in_Frankfurt_to_celebrate_a_three-day_festival_of_Mozart's_music._The_event_turned_into_a_demonstration_for_the_political_unification_of_Germany,_however.;;42_Gesangsvereine_trafen_sich_in_Frankfurt_zu_einem_dreitägigen_Festival_der_Musik_Mozarts._Das_Ereignis_wandelte_sich_jedoch_zu_einer_Demonstration_der_politischen_Einheit_Deutschlands.;;;;;;;;;;;
EVTDESC44100_NEWS_LONG;In_1885_Mark_Twain_published_'The_Adventures_of_Huckleberry_Finn'_and_completely_revolutionized_American_fiction._Up_until_its_publication,_American_fiction_had_tended_to_utilize_the_form_and_language_of_its_European_predecessors._Mark_Twain_fired_a_shot_in_the_name_of_linguistic_independence_by_beautifully_depicting_the_speech_of_the_American_illiterate_and_unenfranchised._The_book_was_clearly_an_attempt_to_show_how_peoples_of_all_kinds_are_worthy_of_respect_due_to_their_actions_and_not_their_status.;;1885_veröffentliche_Mark_Twain_'Die_Abenteuer_von_Huckleberry_Finn'_und_revolutionierte_damit_die_Romanliteratur_Amerikas._Bis_zur_Veröffentlichung_verwendeten_amerik._Autoren_in_der_Literatur_die_Form_und_Sprache_der_europ._Vorfahren._Mark_Twain_setzte_neue_Standards_der_linguistischen_Unabhängigkeit_und_nutzte_in_wunderschöner_Weise_die_amerik._Sprache_der_ungebildeten_und_unfreien_Bevölkerung._Das_Buch_war_ein_Versuch_aufzuzeigen,_dass_Menschen_aller_Art_Respekt_für_ihre_Taten_verdienen,_nicht_für_ihren_Status.;;;;;;;;;;;
EVTDESC44100_NEWS_MEDIUM;In_1885_Mark_Twain_published_'The_Adventures_of_Huckleberry_Finn'_and_completely_revolutionized_American_fiction._He_fired_a_shot_in_the_name_of_linguistic_independence_by_beautifully_depicting_the_speech_of_the_American_illiterate_and_unenfranchised.;;1885_veröffentliche_Mark_Twain_'Die_Abenteuer_von_Huckleberry_Finn'_und_revolutionierte_damit_die_Romanliteratur_Amerikas._Mark_Twain_setzte_linguistischer_Unabhängigkeit_ein_Zeichen_und_nutzte_in_wunderschöner_Weise_die_amerik._Sprache_der_ungebildeten_und_unfreien_Bevölkerung.;;;;;;;;;;;
EVTDESC44100_NEWS_SHORT;In_1885_Mark_Twain_published_'The_Adventures_of_Huckleberry_Finn'_and_revolutionized_American_fiction_by_beautifully_depicting_the_speech_of_the_American_illiterate_and_unenfranchised.;;1885_veröffentliche_Mark_Twain_'Die_Abenteuer_von_Huckleberry_Finn'_und_revolutionierte_die_amerik._Fiktion_mit_der_Verwendung_der_Sprache_der_ungebildeten_und_unfreien_Bevölkerung_Amerikas.;;;;;;;;;;;
EVTDESC44101_NEWS_LONG;Engine_#999_heading_up_the_Empire_State_Express_on_the_New_York_Central_and_Hudson_River_Railroad_is_claimed_to_have_been_clocked_at_a_speed_of_112_miles_per_hour_between_Batavia_and_Buffalo._Even_though_skeptical_reporters_clocking_the_#999_independently_declare_it_at_best_travels_at_86_miles_per_hour_in_the_said_section_of_the_track,_it_still_is_the_most_remarkable_speed_for_a_regular_passenger_train_of_the_era,_by_far_exceeding_speeds_achievable_by_other_objects_on_wheels_outside_of_custom_built_tracks_for_special_trials.;;Dampflokomotive_Nr._999_erreichte_laut_Messungen_eine_Geschwindigkeit_von_112_Meilen_pro_Stunde_mit_dem_Empire_State_Express_auf_der_New_York_Central_&_Hudson_River-Eisenbahnstrecke_von_Batavia_nach_Buffalo._Skeptische_Reporter_sprechen_dagegen_von_unabhängigen_Messungen_von_Nr._999_von_bestenfalls_86_Meilen_pro_Stunde_auf_der_angegebenen_Strecke,_doch_dies_ist_immer_noch_eine_beeindruckende_Geschwindigkeit_für_einen_normalen_Personenzug_dieser_Zeit_und_schlägt_andere_Fahrzeuge_in_anderen_Einsatzgebieten_um_Längen.;;;;;;;;;;;
EVTDESC44101_NEWS_MEDIUM;Engine_#999_heading_up_the_Empire_State_Express_on_the_New_York_Central_and_Hudson_River_Railroad_is_claimed_to_have_been_clocked_at_a_speed_of_112_miles_per_hour_between_Batavia_and_Buffalo._Which_is_the_most_remarkable_speed_for_a_regular_passenger_train_of_the_era.;;Dampflok_Nr._999_erreichte_lt._Messungen_eine_Geschwindigkeit_von_112_Meilen_pro_Stunde_mit_dem_Empire_State_Express_auf_der_New_York_Central_&_Hudson_River-Eisenbahnstrecke_von_Batavia_nach_Buffalo._Eine_beeindruckende_Geschwindigkeit_für_einen_normalen_Personenzug_dieser_Zeit.;;;;;;;;;;;
EVTDESC44101_NEWS_SHORT;Engine_#999_heading_up_the_Empire_State_Express_on_the_New_York_Central_and_Hudson_River_Railroad_is_claimed_to_have_been_clocked_at_a_speed_of_112_miles_per_hour_between_Batavia_and_Buffalo.;;Dampflok_Nr._999_erreichte_lt._Messungen_eine_Geschwindigkeit_von_112_Meilen_pro_Stunde_mit_dem_Empire_State_Express_auf_der_New_York_Central_&_Hudson_River-Eisenbahnstrecke_Batavia-Buffalo.;;;;;;;;;;;
EVTDESC44102_NEWS_LONG;Presidential_candidate_William_Jennings_Bryan_called_for_the_minting_of_free_silver,_earning_himself_nominations_from_the_Populist,_Silver_Republican,_National_Silver_and_Progressive_parties,_and_rallying_western_and_southern_farmers_to_a_common_cause_for_the_first_time_since_the_class_wars._His_endorsement_was_viewed_by_northern_industrialists_as_an_attempt_to_sabotage_creditors_and_break_the_trusts.;;Präsidentschaftskandidat_William_Jennings_Bryan_erlangte_mit_seinem_Kampf_für_den_Bimetallismus_gegen_den_Goldstandard_Nominierungen_der_Populistischen,_Silver-Republican,_National_Silver_und_Progressiven_Parteien_und_vereinte_erstmals_westliche_und_südliche_Farmer_für_ein_gemeinsames_Ziel_seit_den_Klassenkämpfen._Die_Unterstützung_werteten_Industrielle_des_Nordens_als_Versuch_der_Sabotage_von_Gläubigern_und_Zerschlagung_der_Konzerne.;;;;;;;;;;;
EVTDESC44102_NEWS_MEDIUM;Presidential_candidate_William_Jennings_Bryan_called_for_the_minting_of_free_silver,_earning_himself_nominations_from_the_Populist,_Silver_Republican,_National_Silver_and_Progressive_parties,_and_rallying_western_and_southern_farmers_to_a_common_cause.;;Präsidentschaftskandidat_William_Jennings_Bryan_erlangte_mit_seinem_Kampf_für_den_Bimetallismus_gegen_den_Goldstandard_Nominierungen_der_Populistischen,_Silver-Republican,_National_Silver_und_Progressiven_Parteien_und_vereinte_westliche_und_südliche_Farmer_für_ein_gemeinsames_Ziel.;;;;;;;;;;;
EVTDESC44102_NEWS_SHORT;Presidential_candidate_William_Jennings_Bryan_called_for_the_minting_of_free_silver,_earning_himself_nominations_from_the_Populist,_Silver_Republican,_National_Silver_and_Progressive_parties.;;Präsidentschaftskandidat_William_Jennings_Bryan_erlangte_mit_seinem_Kampf_für_den_Bimetallismus_Nominierungen_der_populistischen,_Silver-Republican,_National_Silver_und_progressiven_Parteien.;;;;;;;;;;;
EVTDESC44103_NEWS_LONG;The_HMS_Resolute_was_found_adrift_in_the_North_Atlantic,_after_having_been_abandoned_by_the_squadron_in_search_of_the_lost_polar_explorer,_Sir_John_Franklin._Originally_a_merchant_barque,_Resolute_was_refitted_towards_navigating_in_the_polar_waters_to_become_a_part_of_the_expedition_organized_by_Franklin's_wife_to_rescue_her_husband._Sir_Franklin_and_his_expedition_are_believed_to_have_perished_to_pneumonia_and_starvation_after_abandoning_their_ice-locked_vessels._The_United_States_bought_the_ship_from_salvagers,_refitted_the_vessel_and_returned_it_to_Great_Britain.;;Die_HMS_Resolute_wurde_im_Nord-Atlantik_treibend_gefunden,_nachdem_sie_von_der_Besatzung_auf_der_Suche_nach_dem_Polarforscher_Sir_John_Franklin_verlassen_wurde._Das_ehemalige_Handelsschiff_wurde_für_die_Navigation_in_Polargewässern_umgebaut,_um_Teil_der_von_Franklins_Ehefrau_organisierten_Rettungs-Expedition_zu_werden._Man_nimmt_an,_dass_Sir_Franklin_und_sein_Team_an_Lungenentzündung_und_Hunger_starben._Die_Vereinigten_Staaten_kauften_das_geborgene_Schiff,_besserten_es_aus_und_sandten_es_nach_Großbritannien_zurück.;;;;;;;;;;;
EVTDESC44103_NEWS_MEDIUM;The_HMS_Resolute_was_found_adrift_in_the_North_Atlantic,_after_having_been_abandoned_by_the_squadron_in_search_of_the_lost_polar_explorer,_Sir_John_Franklin._The_United_States_bought_the_ship_from_salvagers,_refitted_the_vessel_and_returned_it_to_Great_Britain.;;Die_HMS_Resolute_wurde_im_Nord-Atlantik_treibend_gefunden,_nachdem_sie_von_der_Besatzung_auf_der_Suche_nach_dem_Polarforscher_Sir_John_Franklin_verlassen_wurde._Die_Vereinigten_Staaten_kauften_das_geborgene_Schiff,_besserten_es_aus_und_sandten_es_nach_Großbritannien_zurück.;;;;;;;;;;;
EVTDESC44103_NEWS_SHORT;The_HMS_Resolute_was_found_adrift_in_the_North_Atlantic._The_United_States_bought_the_ship_from_salvagers,_refitted_the_vessel_and_returned_it_to_Great_Britain.;;Die_HMS_Resolute_wurde_im_Nord-Atlantik_treibend_gefunden._Die_Vereinigten_Staaten_kauften_das_geborgene_Schiff_und_sandten_es_nach_Ausbesserungen_nach_Großbritannien_zurück.;;;;;;;;;;;
EVTDESC44104_NEWS_LONG;Politician_and_lawyer_Horace_Mann_began_his_reforms_of_the_educational_system_of_Massachusetts._His_system_of_schools_became_a_model_for_the_entire_United_States._Mann_was_known_for_visiting_each_school_in_the_state_to_learn_about_its_situation,_he's_also_renowned_for_traveling_at_his_own_expense_to_Europe_to_learn_of_the_details_of_the_Prussian_school_system._He's_famed_as_one_of_the_first_advocates_of_abandoning_of_the_corporal_punishment,_which_sparked_conflicts_with_many_traditionally_inclined_teachers,_the_issue_which_in_the_end_was_resolved_in_his_favor.;;Politiker_und_Anwalt_Horace_Mann_begann_mit_seinen_Reformen_des_Bildungswesens_von_Massachusetts._Sein_Schulsystem_wurde_ein_Modell_für_die_gesamten_Vereinigten_Staaten._Mann_war_bekannt_dafür,_alle_Schulen_des_Staates_zu_besuchen_und_ihre_Lage_zu_erfassen,_auch_reiste_er_auf_eigene_Kosten_nach_Europa,_um_mehr_über_das_preußische_Schulsystem_zu_lernen._Er_ist_berühmt_als_einer_der_ersten,_die_die_Abschaffung_der_Prügelstrafe_forderten,_was_zu_Konflikten_mit_vielen_traditionsverbundenen_Lehrern_führte_und_am_Ende_in_seinem_Sinne_einen_Abschluss_fand.;;;;;;;;;;;
EVTDESC44104_NEWS_MEDIUM;Politician_and_lawyer_Horace_Mann_began_his_reforms_of_the_educational_system_of_Massachusetts._His_system_of_schools_became_a_model_for_the_entire_nation._Mann_was_renowned_for_traveling_at_his_own_expense_to_Europe_to_learn_of_the_details_of_the_Prussian_school_system.;;Politiker_und_Anwalt_Horace_Mann_begann_mit_seinen_Reformen_des_Bildungswesens_von_Massachusetts._Sein_Schulsystem_wurde_ein_Modell_für_die_gesamten_Vereinigten_Staaten._Mann_reiste_auf_eigene_Kosten_nach_Europa,_um_mehr_über_das_preußische_Schulsystem_zu_lernen.;;;;;;;;;;;
EVTDESC44104_NEWS_SHORT;Politician_and_lawyer_Horace_Mann_began_his_reforms_of_the_educational_system_of_Massachusetts._His_system_of_schools_became_a_model_for_the_entire_United_States.;;Politiker_und_Anwalt_Horace_Mann_begann_mit_seinen_Reformen_des_Bildungswesens_von_Massachusetts._Sein_Schulsystem_wurde_ein_Modell_für_die_gesamten_Vereinigten_Staaten.;;;;;;;;;;;
EVTDESC44105_NEWS_LONG;The_United_States_Congress_founded_the_Smithsonian_Institution_which_reports_directly_to_the_President._Its_goals_were_and_remain_the_support_of_research_and_expeditions,_as_well_as_the_popularization_of_science._A_British_scientist_James_Smithson_bequeathed_his_wealth_to_the_nation,_and_it_took_years_of_congressional_haggling_to_come_up_with_the_institution_Smithson_in_his_will_demanded_to_be_devoted_to_'increase_and_diffusion_of_knowledge_among_men'._Through_special_expeditions_and_voluntary_donations,_Smithsonian_began_assembling_its_impressive_collections.;;Der_Kongress_der_Vereinigten_Staaten_gründete_das_Smithsonian-Institut,_das_direkt_an_den_Präsidenten_berichtet._Seine_Ziele_sind_die_Unterstützung_von_Forschung_und_Expeditionen,_sowie_die_Belebung_der_Wissenschaft._Der_brit._Forscher_James_Smithson_vermachte_seinen_Reichtum_der_Nation_und_es_dauerte_viele_Jahre,_bis_der_Kongress_nach_seinem_Willen_das_Smithsonian-Institut_zum_'Wachstum_und_der_Vielfalt_des_menschlichen_Wissens'_realisierte._Dank_spezieller_Expeditionen_und_freiwilligen_Spenden,_begann_das_Smithsonian_mit_seinen_eindrucksvollen_Sammlungen.;;;;;;;;;;;
EVTDESC44105_NEWS_MEDIUM;The_United_States_Congress_founded_the_Smithsonian_Institution_which_reports_directly_to_the_President._Through_special_expeditions_and_voluntary_donations,_Smithsonian_began_assembling_its_impressive_collections.;;Der_Kongress_der_Vereinigten_Staaten_gründete_das_Smithsonian-Institut,_das_direkt_an_den_Präsidenten_berichtet._Dank_spezieller_Expeditionen_und_freiwilligen_Spenden_begann_das_Smithsonian_mit_seinen_eindrucksvollen_Sammlungen.;;;;;;;;;;;
EVTDESC44105_NEWS_SHORT;The_United_States_Congress_founded_the_Smithsonian_Institution_which_reports_directly_to_the_President._Its_goals_were_and_remain_the_support_of_research_and_expeditions.;;Der_Kongress_der_Vereinigten_Staaten_gründete_das_Smithsonian-Institut,_das_direkt_an_den_Präsidenten_berichtet._Sein_Ziel_war_und_ist_die_Unterstützung_von_Forschung_und_Expeditionen._;;;;;;;;;;;
EVTDESC44106_NEWS_LONG;Ralph_Waldo_Emerson's_first_collection_of_'Essays'_was_published_in_1841_and_introduced_the_world_to_a_new_rather_mystical,_philosophy_indigenous_to_the_New_World._Although_many_Europeans_didn't_consider_him_much_of_a_philosopher_per_se,_his_influence_on_Continental_thinking_was_unmistakable_-_most_significantly_on_Nietzsche._Inspired_by_one_of_Emerson's_'Essays',_the_'Nature',_transcendentalism_which_derived_principles_from_human's_inner_spiritual_essence_became_a_major_cultural_movement_of_the_1840s,_though_critics_claimed_it_to_be_beyond_reason_and_sanity.;;Ralph_Waldo_Emersons_erste_Essay-Sammlung_wurde_1841_veröffentlicht_und_führte_die_Welt_in_eine_neue,_recht_mystische_Philosophie_der_Neuen_Welt_ein._Auch_wenn_viele_Europäer_ihn_nicht_direkt_als_Philosophen_ansahen,_beeinflusste_er_das_kontinentale_Bewusstsein_ohne_Zweifel_-_insbesondere_bei_Nietzsche._Inspiriert_von_Emersons_Essay_'Natur'_wurde_Transzendentalismus,_der_sich_mit_Prinzipien_aus_der_menschlichen,_inneren_Spiritualität_befasste,_in_den_1840ern_eine_große,_kulturelle_Bewegung,_auch_wenn_Kritiker_dies_als_Unsinn_und_Wahnsinn_bezeichneten.;;;;;;;;;;;
EVTDESC44106_NEWS_MEDIUM;Ralph_Waldo_Emerson's_first_collection_of_'Essays'_was_published_in_1841_and_introduced_a_new_mystical_philosophy_indigenous_to_the_New_World._Though_many_Europeans_didn't_consider_him_much_of_a_philosopher,_his_influence_on_Continental_thinking_was_unmistakable.;;Ralph_Waldo_Emersons_erste_Essay-Sammlung_wurde_1841_veröffentlicht_und_führte_in_eine_neue,_recht_mystische_Philosophie_der_Neuen_Welt_ein._Auch_wenn_viele_Europäer_ihn_nicht_direkt_als_Philosophen_ansahen,_beeinflusste_er_das_kontinentale_Bewusstsein_ohne_Zweifel.;;;;;;;;;;;
EVTDESC44106_NEWS_SHORT;Ralph_Waldo_Emerson's_first_collection_of_'Essays'_was_published_in_1841_and_introduced_a_new,_rather_mystical_philosophy_indigenous_to_the_New_World.;;Ralph_Waldo_Emersons_erste_Essay-Sammlung_wurde_1841_veröffentlicht_und_führte_in_eine_neue,_recht_mystische_Philosophie_der_Neuen_Welt_ein.;;;;;;;;;;;
EVTDESC44107_NEWS_LONG;In_1861_Oliver_Wendell_Holmes_published_The_Common_Law,_a_history_of_the_common-law_tradition._In_it_he_asserted_that_law_was_not_logical,_but_rather_the_will_of_the_judge_tempered_by_circumstances,_or,_as_its_most_famous_maxim_put_it,_The_Life_of_the_law_has_not_been_logic,_but_experience._It_quickly_became_a_classic_and_Holmes_was_appointed_to_a_professorship_at_Harvard_the_next_year_and_was_eventually_made_a_Justice_of_the_U.S._Supreme_Court._The_publication_of_The_Common_Law_signalled_the_rise_of_pragmatism_among_American_intellectuals.;;1861_veröffentlichte_Oliver_Wendell_Holmes_'The_Common_Law'_über_die_Geschichte_der_Tradition_des_bürgerlichen_Rechts._Laut_ihm_war_das_Recht_nicht_logisch,_sondern_wurde_vom_Willen_und_der_Umgebung_der_Richter_beeinflusst._Seine_Haupt-Maxime_lautete:_Das_Leben_des_Rechts_basiert_nicht_auf_Logik,_sondern_Erfahrung._Sie_wurde_schnell_zum_Klassiker_und_Holmes_erhielt_ein_Jahr_später_einen_Lehrstuhl_in_Havard_und_wurde_schließlich_ein_Richter_am_Verfassungsgericht._Amerik._Intellektuelle_verbanden_mit_der_Veröffentlichung_das_Erstarken_des_Pragmatismus.;;;;;;;;;;;
EVTDESC44107_NEWS_MEDIUM;In_1861_Oliver_Wendell_Holmes_published_The_Common_Law,_a_history_of_the_common-law_tradition._In_it_he_asserted_that_law_was_not_logical,_but_rather_the_will_of_the_judge_tempered_by_circumstances,_or_simply_put,_that_The_Life_of_the_law_has_not_been_logic,_but_experience.;;1861_veröffentlichte_Oliver_Wendell_Holmes_'The_Common_Law'_über_die_Geschichte_der_Tradition_des_bürgerlichen_Rechts._Laut_ihm_war_das_Recht_nicht_logisch,_sondern_wurde_von_der_Umgebung_der_Richter_beeinflusst._Das_Leben_des_Rechts_basiert_nicht_auf_Logik,_sondern_Erfahrung.;;;;;;;;;;;
EVTDESC44107_NEWS_SHORT;In_1861_Oliver_Wendell_Holmes_published_The_Common_Law,_a_history_of_the_common-law_tradition,_asserting_that_law_was_not_logical,_but_rather_the_will_of_the_judge_tempered_by_circumstances.;;1861_veröffentlichte_Oliver_Wendell_Holmes_'The_Common_Law'_über_die_Geschichte_der_Tradition_des_bürgerl._Rechts,_welches_nicht_von_Logik,_sondern_vom_Willen_der_Richter_beeinflusst_wurde.;;;;;;;;;;;
EVTDESC44108_NEWS_LONG;In_1885_Ulysses_S._Grant_published_his_'Personal_Memoirs',_which_were_a_nearly_complete_retelling_of_his_life._He_wrote_the_book_while_suffering_from_throat_cancer_in_order_to_try_and_guarantee_his_family_a_living_after_he_died._Universally_considered_a_masterpiece_of_American_letters,_Grant's_memoirs_are_distinctive_for_their_directness,_clarity_and_economy_of_style._The_'Personal_Memoirs'_was_a_smashing_success_in_its_time_and_remains_one_of_the_few_books_continuously_in_print_since_the_Civil_War._It_is_probably_the_best_book_written_by_an_American_President.;;1885_veröffentlichte_Ulysses_S._Grant_seine_persönl._Memoiren,_die_fast_sein_ganzes_Leben_erzählten._Er_schrieb_das_Buch,_als_er_unter_Kehlkopfkrebs_litt,_um_seiner_Familie_nach_seinem_Tod_ein_Einkommen_zu_gewährleisten._Allgemein_als_Meisterwerk_angesehen,_ist_das_Buch_markant_in_seiner_Direktheit,_Klarheit_und_seinem_Stil._Die_'Persönlichen_Memoiren'_waren_ein_voller_Erfolg_und_das_Buch_wird_als_eines_der_wenigen_seit_dem_Bürgerkrieg_weiterhin_verlegt._Es_ist_möglicherweise_das_beste_Buch_eines_amerik._Präsidenten.;;;;;;;;;;;
EVTDESC44108_NEWS_MEDIUM;In_1885_Ulysses_S._Grant_published_his_'Personal_Memoirs',_a_nearly_complete_retelling_of_his_life._He_wrote_the_book_while_suffering_from_throat_cancer_in_order_to_try_and_guarantee_his_family_a_living_after_he_died._It_is_probably_the_best_book_written_by_an_American_President.;;1885_veröffentlichte_Ulysses_S._Grant_seine_persönl._Memoiren,_die_fast_sein_ganzes_Leben_erzählten._Er_schrieb_das_Buch,_als_er_unter_Kehlkopfkrebs_litt,_um_seiner_Familie_nach_dem_Tod_ein_Einkommen_zu_gewährleisten._Es_ist_möglicherweise_das_beste_Buch_eines_amerik._Präsidenten.;;;;;;;;;;;
EVTDESC44108_NEWS_SHORT;In_1885_Ulysses_S._Grant_published_his_'Personal_Memoirs',_which_were_a_nearly_complete_retelling_of_his_life,_probably_the_best_book_written_by_an_American_President.;;1885_veröffentlichte_Ulysses_S._Grant_seine_persönl._Memoiren,_die_fast_sein_ganzes_Leben_erzählten,_und_möglicherweise_das_beste_Buch_eines_amerik._Präsidenten_ist.;;;;;;;;;;;
EVTDESC44109_NEWS_LONG;Alfred_Thayer_Mahan_published_'The_Influence_of_Sea_Power_upon_History',_in_which_he_analyzed_the_role_of_sea_power_in_history,_as_well_as_discussed_various_strategic_aspects_and_benefits_of_organizing_and_maintaining_of_a_sizeable_naval_force._It_was_embraced_by_those_interested_in_expanding_both_the_US_Navy,_and_the_United_States'_world-wide_interests._The_book_is_lauded_as_the_most_influential_piece_of_work_regarding_naval_strategy._The_adoption_of_Mahan's_principles_is_claimed_to_be_the_direct_cause_of_the_naval_arms_race.;;Alfred_Thayer_Mahan_veröffentlichte_'Vom_Einfluss_der_Seemacht_auf_die_Geschichte'_mit_einer_Analyse_der_Rolle_von_Seestreitkräften_und_einer_Diskussion_zahlreicher_strategischer_Aspekte,_sowie_der_Hervorhebung_der_Vorzüge_der_Organisation_und_Verwaltung_einer_Seestreitmacht._An_der_U.S._Marine_und_der_Ausdehnung_des_amerik._Einflusses_weltweit_Interessierte_begrüßten_das_Buch_als_das_bedeutendste_Werk_zur_Strategie_der_Marine._Die_Übernahme_von_Mahans_Prinzipien_gilt_als_direkte_Ursache_für_das_Marine-Wettrüsten.;;;;;;;;;;;
EVTDESC44109_NEWS_MEDIUM;Alfred_Thayer_Mahan_published_'The_Influence_of_Sea_Power_upon_History',_in_which_he_analyzed_the_role_of_sea_power_in_history,_as_well_as_discussed_various_strategic_aspects_and_benefits_of_organizing_and_maintaining_of_a_sizeable_naval_force.;;Alfred_Thayer_Mahan_veröffentlichte_'Vom_Einfluss_der_Seemacht_auf_die_Geschichte'_mit_einer_Analyse_der_Rolle_von_Seestreitkräften_und_einer_Diskussion_zahlreicher_strategischer_Aspekte,_sowie_der_Hervorhebung_der_Vorzüge_der_Organisation_und_Verwaltung_einer_Seestreitmacht.;;;;;;;;;;;
EVTDESC44109_NEWS_SHORT;Alfred_Thayer_Mahan_published_'The_Influence_of_Sea_Power_upon_History'._The_adoption_of_Mahan's_principles_is_claimed_to_be_the_direct_cause_of_the_naval_arms_race.;;Alfred_Thayer_Mahan_veröffentlichte_'Vom_Einfluss_der_Seemacht_auf_die_Geschichte._Die_Übernahme_von_Mahans_Prinzipien_gilt_als_direkte_Ursache_für_das_Marine-Wettrüsten.;;;;;;;;;;;
EVTDESC44110_NEWS_LONG;$COUNTRY$:_Responding_to_growing_antiwar_and_labor_conscious_sentiment_among_conscripts_and_the_under-classes,_Congress_passed_an_amended_version_of_the_1799_Alien_and_Sedition_Acts,_making_it_illegal_to_protest_the_President_and_national_policies_in_a_time_of_war_and_greatly_undermining_foreign_nationals_and_asylum_seekers._Upheld_by_the_Supreme_Court_in_several_landmark_rulings_over_the_next_decade,_the_laws_would_persist_in_varying_forms_until_overturned_by_the_Warren_Court_half_a_century_later.;;$COUNTRY$:_Als_Antwort_auf_die_wachsenden_Anti-Kriegs-_und_Arbeiterbewegungen_unter_Wehrpflichtigen_und_der_Unterschicht,_verabschiedete_der_Kongress_eine_revidierte_Version_der_1799_Alien_and_Sedition_Acts,_der_Proteste_gegen_den_Präsidenten_und_nationale_Politik_in_Zeiten_des_Krieges_verbot_und_die_Rechte_von_Ausländern_und_Asyl-Suchenden_massiv_einschränkte._Das_Verfassungsgericht_hielt_das_Gesetz_das_nächste_Jahrzehnt_in_mehreren_Meilenstein-Urteilen_in_variierender_Form_aufrecht,_bis_es_vom_Warren-Gericht_ein_halbes_Jahrhundert_später_verworfen_wurde.;;;;;;;;;;;
EVTDESC44110_NEWS_MEDIUM;$COUNTRY$:_Responding_to_growing_antiwar_and_labor_conscious_sentiment_among_conscripts_and_the_under-classes,_Congress_passed_an_amended_version_of_the_1799_Alien_and_Sedition_Acts,_making_it_illegal_to_protest_the_President_and_national_policies_in_a_time_of_war.;;$COUNTRY$:_Als_Antwort_auf_wachsende_Anti-Kriegs-_und_Arbeiterbewegungen_bei_Wehrpflichtigen_und_der_Unterschicht,_verabschiedete_der_Kongress_eine_revidierte_Version_der_1799_Alien_and_Sedition_Acts,_der_Proteste_gegen_den_Präsidenten_und_nationale_Politik_in_Kriegszeiten_verbot.;;;;;;;;;;;
EVTDESC44110_NEWS_SHORT;$COUNTRY$:_Responding_to_growing_antiwar_and_labor_conscious_sentiment_among_conscripts_and_the_under-classes,_Congress_made_it_illegal_to_protest_the_President_and_national_policies_in_a_time_of_war.;;$COUNTRY$:_Als_Antwort_auf_Anti-Kriegs-_und_Arbeiterbewegungen_bei_Wehrpflichtigen_und_der_Unterschicht,_verbot_der_Kongress_Proteste_gg._den_Präsidenten_und_nationale_Politik_in_Kriegszeiten.;;;;;;;;;;;
EVTDESC44111_NEWS_LONG;$COUNTRY$:_Pinkerton_men,_who_have_proven_themselves_effective_at_solving_train_robberies_and_capturing_counterfeiters,_have_now_turned_to_working_as_strike-breakers_and_infiltrating_such_secret_societies_as_the_Molly_Maguires._Having_started_as_a_private_detective_agency_for_various_railroad_companies,_Pinkertons_excelled_at_law_enforcement_tasks_so_much_that_in_absence_of_funds_to_form_a_dedicated_investigative_agency,_they_were_eventually_hired_by_the_Federal_Government_to_enforce_federal_laws._They_claim_they_never_sleep.;;$COUNTRY$:_Pinkerton-Männer,_die_sich_als_effektiv_in_der_Aufklärung_von_Zugüberfällen_und_dem_Aufspüren_von_Fälschern_erwiesen_haben,_arbeiten_nun_als_Streikbrecher_und_infiltrieren_Geheimbünde_wie_die_Molly_Maguires._Sie_begannen_als_Privatdetektive_für_Eisenbahn-Unternehmen_und_erweisen_sich_nun_im_Gesetzesvollzug_in_Ermangelung_von_Geldmitteln_zur_Einrichtung_einer_offiziellen_Detektei_als_so_hilfreich,_dass_die_Regierung_sie_im_Gesetzesvollzug_anheuert._Sie_behaupten,_niemals_zu_schlafen.;;;;;;;;;;;
EVTDESC44111_NEWS_MEDIUM;$COUNTRY$:_Pinkerton_men,_who_have_proven_themselves_effective_at_solving_train_robberies_and_capturing_counterfeiters,_have_now_turned_to_working_as_strike-breakers_and_infiltrating_such_secret_societies_as_the_Molly_Maguires._They_claim_they_never_sleep.;;$COUNTRY$:_Pinkerton-Männer,_die_sich_als_effektiv_in_der_Aufklärung_von_Zugüberfällen_und_dem_Aufspüren_von_Fälschern_erwiesen_haben,_arbeiten_nun_als_Streikbrecher_und_infiltrieren_Geheimbünde_wie_die_Molly_Maguires._Sie_behaupten,_niemals_zu_schlafen.;;;;;;;;;;;
EVTDESC44111_NEWS_SHORT;$COUNTRY$:_Pinkerton_men,_who_have_proven_themselves_effective_at_solving_train_robberies_and_capturing_counterfeiters,_have_now_turned_to_working_as_strike-breakers.;;$COUNTRY$:_Pinkerton-Männer,_die_sich_als_effektiv_in_der_Aufklärung_von_Zugüberfällen_und_dem_Aufspüren_von_Fälschern_erwiesen_haben,_arbeiten_nun_als_Streikbrecher.;;;;;;;;;;;
EVTDESC44112_NEWS_LONG;$COUNTRY$:_Eight_teams_have_banded_to_form_a_clean,_well-run_baseball_league_-_the_Boston_Red_Caps,_Chicago_White_Stockings,_Cincinnati_Reds,_Hartford_Dark_Blues,_Louisville_Grays,_New_York_Mutuals,_Philadelphia_Athletics,_and_St._Louis_Browns._They_quote_corruption_scandals_and_mismanagement_in_other_organizations_as_their_reason_to_form_a_new_association._Uniting_teams_from_biggest_cities_under_one_firm_grasp,_and_playing_under_New_York_rules,_this_particular_league_is_predicted_to_become_more_successful_than_any_predecessor_and_outlast_all_its_competitors.;;$COUNTRY$:_Acht_Teams_haben_sich_zur_Formierung_einer_sauberen,_organisierten_Baseball-Liga_zusammengetan_-_die_Boston_Red_Caps,_Chicago_White_Stockings,_Cincinnati_Reds,_Hartford_Dark_Blues,_Louisville_Grays,_New_York_Mutuals,_Philadelphia_Athletics_und_St._Louis_Browns._Als_Grund_gaben_sie_Korruptionsskandale_und_Misswirtschaft_in_anderen_Organisationen_an._Mit_den_Teams_der_größten_Städte_unter_einer_Kontrolle_nach_New_Yorker_Regeln,_wird_dieser_Liga_ein_großer_Erfolg_vorausgesagt,_die_allen_Kontrahenten_standhalten_wird.;;;;;;;;;;;
EVTDESC44112_NEWS_MEDIUM;$COUNTRY$:_Eight_teams_have_banded_to_form_a_clean,_well-run_baseball_league_-_the_Boston_Red_Caps,_Chicago_White_Stockings,_Cincinnati_Reds,_Hartford_Dark_Blues,_Louisville_Grays,_New_York_Mutuals,_Philadelphia_Athletics,_and_St._Louis_Browns.;;$COUNTRY$:_Acht_Teams_haben_sich_zur_Formierung_einer_sauberen,_organisierten_Baseball-Liga_zusammengetan_-_die_Boston_Red_Caps,_Chicago_White_Stockings,_Cincinnati_Reds,_Hartford_Dark_Blues,_Louisville_Grays,_New_York_Mutuals,_Philadelphia_Athletics_und_St._Louis_Browns.;;;;;;;;;;;
EVTDESC44112_NEWS_SHORT;$COUNTRY$:_Eight_teams_have_banded_to_form_a_clean,_well-run_baseball_league._Among_them_the_Boston_Red_Caps,_Chicago_White_Stockings,_St._Louis_Browns_and_New_York_Mutuals.;;$COUNTRY$:_Acht_Teams_haben_sich_zu_einer_sauberen,_organisierten_Baseball-Liga_zusammengetan,_darunter_die_Boston_Red_Caps,_Chicago_White_Stockings,_St._Louis_Browns_und_New_York_Mutuals.;;;;;;;;;;;
EVTDESC44113_NEWS_LONG;$COUNTRY$:_A_fire_that_began_in_the_barn_at_the_residence_of_Patrick_O'Leary_on_DeKoven_Street_in_Chicago_spread_throughout_the_business_district,_destroying_17,450_buildings,_killing_300_people_and_leaving_over_98,000_homeless._Brave_efforts_by_volunteers_from_neighboring_cities_answering_to_desperate_calls_for_help_by_Chicago's_mayor_were_chanceless_in_face_of_uncontainable_fire._The_blaze,_allegedly_started_by_a_cow_kicking_over_a_lantern,_burnt_for_two_days_and_two_nights_consuming_most_of_the_city,_forcing_a_vast_reconstruction_effort.;;$COUNTRY$:_Ein_in_einer_Scheune_von_Patrick_O'Leary_auf_der_DeKoven_Street_in_Chicago_entfachtes_Feuer_hat_den_ges._Wirtschaftsdistrikt_erfasst,_17.450_Gebäude_zerstört,_300_Tote_gefordert_und_über_98.000_obdachlos_gemacht._Die_tapferen_Freiwilligen_aus_Nachbarstädten,_die_dem_verzweifelten_Hilferuf_des_Bürgermeisters_folgten,_waren_angesichts_der_Feuersbrunst_machtlos._Angebliche_Ursache_war_eine_Kuh,_die_eine_Laterne_umtrat._Das_angefachte_Inferno_wütete_zwei_Tage_und_Nächte_und_verschlang_den_Großteil_der_Stadt,_die_nun_vor_immensem_Wiederaufbau_steht.;;;;;;;;;;;
EVTDESC44113_NEWS_MEDIUM;A_fire_that_began_in_the_barn_at_the_residence_of_Patrick_O'Leary_on_DeKoven_Street_in_Chicago_spread_throughout_the_business_district,_destroying_17,450_buildings,_killing_300_people_and_leaving_over_98,000_homeless.;;Ein_in_einer_Scheune_von_Patrick_O'Leary_auf_der_DeKoven_Street_in_Chicago_entfachtes_Feuer_hat_den_ges._Wirtschaftsdistrikt_erfasst,_17.450_Gebäude_zerstört,_300_Tote_gefordert_und_über_98.000_obdachlos_gemacht.;;;;;;;;;;;
EVTDESC44113_NEWS_SHORT;A_fire_that_began_in_the_barn_at_the_residence_of_Patrick_O'Leary_on_DeKoven_Street_in_Chicago_spread_throughout_the_business_district,_destroying_17,450_buildings.;;Ein_in_einer_Scheune_von_Patrick_O'Leary_auf_der_DeKoven_Street_in_Chicago_entfachtes_Feuer_hat_den_ges._Wirtschaftsdistrikt_erfasst_und_17.450_Gebäude_zerstört.;;;;;;;;;;;
EVTDESC44114_NEWS_LONG;$COUNTRY$:_In_a_thirty-second_gun_fight_in_Tombstone,_Arizona,_Wyatt,_Morgan_and_Virgil_Earp_along_with_Doc_Holliday,_killed_Billy_Clanton_and_Tom_and_Bob_McLaury_-_three_members_of_their_political_rivals,_the_Cowboys._Bad_blood_between_the_lawmen_and_the_cowboys_began_with_Ike_Clanton's_false_testimony_about_Holliday's_alleged_involvement_in_a_stage_coach_robbery_and_murder._Repeated_threats_against_the_Earps_and_Holliday_by_Ike_Clanton_and_his_accomplices_led_to_a_shootout_that_left_three_cowboys_dead_and_two_lawmen_wounded.;;$COUNTRY$:_In_Tombstone,_Arizona,_töteten_Wyatt,_Morgan_und_Virgil_Earp_mit_Doc_Holliday_in_einem_30sekündigen_Schusswechsel_Billy_Clanton_und_Tom_und_Bob_McLaury_-_drei_Mitglieder_ihrer_politischen_Rivalen,_den_Cowboys._Das_böse_Blut_zwischen_den_Sheriffs_und_den_Cowboys_begann_mit_Ike_Clantons_Falschaussage_über_Hollidays_angebliche_Verwicklung_in_einen_Postkutschen-Überfall_und_Mord._Wiederholte_Drohungen_gegen_die_Earps_und_Holliday_durch_Ike_Clanton_und_seine_Komplizen_führten_zu_dem_Schusswechsel,_der_drei_Cowboys_tot_und_2_Sherrifs_verwundet_zurücklässt.;;;;;;;;;;;
EVTDESC44114_NEWS_MEDIUM;$COUNTRY$:_In_a_thirty-second_gun_fight_in_Tombstone,_Arizona,_Wyatt,_Morgan_and_Virgil_Earp_along_with_Doc_Holliday,_killed_Billy_Clanton_and_Tom_and_Bob_McLaury_-_three_members_the_Cowboys._Repeated_threats_led_to_a_shootout_that_left_three_cowboys_dead_and_two_lawmen_wounded.;;$COUNTRY$:_In_Tombstone,_Arizona,_töteten_Wyatt,_Morgan_und_Virgil_Earp_mit_Doc_Holliday_in_einem_30sek._Schusswechsel_Billy_Clanton_und_Tom_und_Bob_McLaury_-_drei_Mitglieder_der_Cowboys._Drohungen_führten_zu_dem_Schusswechsel_mit_drei_toten_Cowboys_und_zwei_verwundeten_Sherrifs.;;;;;;;;;;;
EVTDESC44114_NEWS_SHORT;Repeated_threats_against_the_Earps_and_Holliday_by_Ike_Clanton_and_his_accomplices_led_to_a_shootout_that_left_three_cowboys_dead_and_two_lawmen_wounded.;;Wiederholte_Drohungen_gegen_die_Earps_und_Holliday_durch_Ike_Clanton_und_seine_Komplizen_führten_zu_einem_Schusswechsel_mit_drei_toten_Cowboys_und_zwei_verwundeten_Sherrifs.;;;;;;;;;;;
EVTDESC44116_NEWS_LONG;By_the_mid-1830s_a_wave_of_religious_zeal_was_sweeping_across_the_USA._Driven_by_charismatic_preachers_who_called_for_the_faithful_to_return_to_the_original_teachings_of_the_Bible_and_lead_upstanding_moral_lives,_the_movement_would_spawn_several_new_Protestant_sects,_lead_to_debates_and_schisms_within_established_sects_over_points_of_theology_and_ritual,_and_reinforce_the_power_and_influence_of_Christian_teachings_among_the_lower_and_middle_classes_of_the_American_people_at_a_time_when_religious_fervor_in_Europe_was_decreasing.;;Mitte_der_1830er_überrannte_eine_Welle_religiösen_Eifers_die_USA._Charismatische_Prediger_riefen_die_Gläubigen_auf,_zu_den_wahren_Lehren_der_Bibel_zurückzukehren_und_moralisch_einwandfreie_Leben_zu_führen._Die_Bewegung_brachte_viele_neue,_protestantische_Sekten_hervor_und_führte_zu_Debatten_und_Spaltungen_mit_etablierten_Sekten_zu_theologischen_Themen_und_Ritualen._Die_Macht_und_der_Einfluss_der_christl._Lehren_erstarkte_bei_den_unteren_und_mittleren_Bevölkerungsschichten_Amerikas,_während_der_religiöse_Eifer_in_Europa_abflaute.;;;;;;;;;;;
EVTDESC44116_NEWS_MEDIUM;By_the_mid-1830s_a_wave_of_religious_zeal_was_sweeping_across_the_USA._Driven_by_charismatic_preachers_who_called_for_the_faithful_to_return_to_the_original_teachings_of_the_Bible_and_lead_upstanding_moral_lives,_the_movement_would_spawn_several_new_Protestant_sects.;;Mitte_der_1830er_überrannte_eine_Welle_religiösen_Eifers_die_USA._Charismatische_Prediger_riefen_die_Gläubigen_auf,_zu_den_wahren_Lehren_der_Bibel_zurückzukehren_und_moralisch_einwandfreie_Leben_zu_führen._Die_Bewegung_brachte_viele_neue_protestantische_Sekten_hervor.;;;;;;;;;;;
EVTDESC44116_NEWS_SHORT;By_the_mid-1830s_a_wave_of_religious_zeal_was_sweeping_across_the_USA._Driven_by_charismatic_preachers_who_called_for_the_faithful_to_return_to_the_original_teachings_of_the_Bible.;;Mitte_der_1830er_überrannte_eine_Welle_religiösen_Eifers_die_USA._Charismatische_Prediger_riefen_die_Gläubigen_auf,_zu_den_wahren_Lehren_der_Bibel_zurückzukehren.;;;;;;;;;;;
EVTDESC44117_NEWS_LONG;The_rise_of_numerous_sects_within_Protestant_Christianity_in_the_USA_in_the_early_19th_Century_created_an_environment_for_further_theological_speculation._One_of_the_most_influential_movements_to_arise_from_this_is_the_American_Unitarianism._Emphasizing_the_role_of_reason_in_understanding_theology_and_the_inherent_goodness_of_humanity_and_its_capability_for_improvement_because_of_reason,_Unitarianism_might_become_very_influential_and_encourage_several_movements_of_social_improvement,_from_public_education_to_abolitionism.;;Der_Anstieg_zahlreicher_Sekten_im_protestantischen_Christentum_in_den_USA_im_frühen_19._Jahrhundert_erschuf_eine_Umgebung_für_weitere_theologische_Spekulationen._Eine_der_einflussreichsten_Bewegungen_ist_der_amerikanische_Unitarismus._Er_hebt_die_Rolle_der_Vernunft_im_Verständnis_der_Theologie_hervor,_die_angeborene_Tugend_des_Menschen_und_seine_Fähigkeit_zur_Verbesserung_dank_seiner_Vernunft._Dies_könnte_wohl_den_Unitarismus_sehr_einflussreich_machen_und_zahlreiche_Bewegungen_für_soziale_Verbesserungen_ermutigen,_von_öffentlicher_Bildung_bis_zur_Sklavenbefreiung.;;;;;;;;;;;
EVTDESC44117_NEWS_MEDIUM;Emphasizing_the_role_of_reason_in_understanding_theology_and_the_inherent_goodness_of_humanity_and_its_capability_for_improvement_because_of_reason,_Unitarianism_might_encourage_several_movements_of_social_improvement,_from_public_education_to_abolitionism.;;Der_Unitarismus_hebt_die_Rolle_der_Vernunft_im_Verständnis_der_Theologie,_die_angeborene_Tugend_des_Menschen_und_seine_Fähigkeit_zur_Verbesserung_hervor_und_könnte_wohl_zahlreiche_Bewegungen_für_soziale_Verbesserungen_ermutigen,_von_öffentlicher_Bildung_bis_zur_Sklavenbefreiung.;;;;;;;;;;;
EVTDESC44117_NEWS_SHORT;Emphasizing_the_role_of_reason_in_understanding_theology,_Unitarianism_might_encourage_several_movements_of_social_improvement,_from_public_education_to_abolitionism.;;Der_Unitarismus_hebt_die_Rolle_der_Vernunft_im_Verständnis_der_Theologie_hervor_und_ermutigt_viele_Bewegungen_für_soziale_Verbesserungen,_von_öffentlicher_Bildung_bis_zur_Sklavenbefreiung.;;;;;;;;;;;
EVTDESC44118_NEWS_LONG;One_direct_impact_of_the_religious_revival_in_the_USA_in_the_early_nineteenth_century_would_be_the_explosion_in_the_number_of_voluntary_organizations_organized_to_help_improve_society_by_tackling_perceived_social_or_moral_problems_in_society,_providing_comfort_to_the_less_fortunate,_or_promoting_self-help_via_education._Dubbed_'The_Benevolent_Empire'_by_historians,_these_organizations_helped_provide_a_community_infrastructure_for_a_society_rapidly_expanding_in_numbers_and_being_transformed_by_new_economic_forces.;;Eine_direkte_Auswirkung_der_Wiederbelebung_der_Religion_in_den_USA_im_frühen_19._Jahrhundert_war_die_explosive_Zunahme_von_freiwilligen_Organisationen,_die_den_wahrgenommenen_sozialen_und_moralischen_Problemen_der_Gesellschaft_den_Kampf_ansagten,_indem_sie_den_Armen_beistanden_oder_Selbsthilfe_durch_Bildung_förderten._Von_den_Historikern_als_'The_Benevolent_Empire'_tituliert,_halfen_diese_Organisationen_im_Aufbau_der_Gemeinde-Infrastruktur_für_eine_rapid_wachsende_und_durch_neue_Wirtschaftsantriebe_der_sich_verändernden_Gesellschaft.;;;;;;;;;;;
EVTDESC44118_NEWS_MEDIUM;One_direct_impact_of_the_religious_revival_in_the_USA_in_the_early_nineteenth_century_would_be_the_explosion_in_the_number_of_voluntary_organizations_organized_to_help_improve_society_by_tackling_perceived_social_or_moral_problems,_providing_comfort_to_the_less_fortunate.;;Eine_direkte_Auswirkung_der_Wiederbelebung_der_Religion_in_den_USA_im_frühen_19._Jahrhundert_war_die_explosive_Zunahme_von_freiwilligen_Organisationen,_die_den_wahrgenommenen_sozialen_und_moralischen_Problemen_der_Gesellschaft_den_Kampf_ansagten,_indem_sie_den_Armen_beistanden.;;;;;;;;;;;
EVTDESC44118_NEWS_SHORT;One_direct_impact_of_the_religious_revival_in_the_USA_in_the_early_nineteenth_century_would_be_the_explosion_in_the_number_of_voluntary_organizations_organized_to_help_improve_society.;;Eine_direkte_Auswirkung_der_Wiederbelebung_der_Religion_in_den_USA_im_frühen_19._Jh._war_die_explosive_Zunahme_von_freiwilligen_Organisationen,_die_mithalfen,_die_Gesellschaft_zu_verbessern.;;;;;;;;;;;
EVTDESC44119_NEWS_LONG;$COUNTRY$:_As_Bishop_(and_later_Archbishop)_of_New_York_from_1842_to_1864,_Edward_Hughes,_a_grandson_to_Irish_immigrants,_would_work_tirelessly_to_integrate_Roman_Catholics,_particularly_newly-arrived_immigrant_Catholics,_into_the_fabric_of_American_society_while_at_the_same_time_ensuring_that_the_institutions_and_assets_of_the_Catholic_Church_remained_firmly_under_the_control_of_the_Catholic_hierarchy._Outspoken_in_his_strong_beliefs_against_abortion_and_slavery,_he_contributed_over_seven_decades_of_devoted_service_to_the_church.;;$COUNTRY$:_Als_Bischof_(und_später_Erzbischof)_von_New_York_1842_bis_1864,_arbeitete_Edward_Hughes,_ein_Enkel_irischer_Einwanderer,_unermüdlich_für_die_Integration_Römisch-_Katholischer,_insbesondere_neu_eingewanderter_Katholiken,_in_die_amerikanische_Gesellschaft_und_stellte_parallel_sicher,_dass_die_Institutionen_und_Mittel_der_katholischen_Kirche_fest_in_der_Hand_der_katholischen_Hierarchie_verblieben._Er_war_ein_klarer_Gegner_der_Abtreibung_und_Sklaverei_und_diente_der_Kirche_inbrünstig_mehr_als_sieben_Jahrzehnte.;;;;;;;;;;;
EVTDESC44119_NEWS_MEDIUM;$COUNTRY$:_As_Bishop_(and_later_Archbishop)_of_New_York_from_1842_to_1864,_Edward_Hughes,_a_grandson_to_Irish_immigrants,_would_work_tirelessly_to_integrate_Roman_Catholics,_particularly_newly-arrived_immigrant_Catholics,_into_the_fabric_of_American_society.;;$COUNTRY$:_Als_Bischof_(und_später_Erzbischof)_von_New_York_1842_bis_1864,_arbeitete_Edward_Hughes,_ein_Enkel_irischer_Einwanderer,_unermüdlich_für_die_Integration_Römisch-Katholischer,_insbesondere_neu_eingewanderter_Katholiken,_in_die_amerikanische_Gesellschaft.;;;;;;;;;;;
EVTDESC44119_NEWS_SHORT;$COUNTRY$:_As_Bishop_(and_later_Archbishop)_of_New_York_from_1842_to_1864,_Edward_Hughes,_a_grandson_to_Irish_immigrants,_would_work_tirelessly_to_integrate_Roman_Catholics.;;$COUNTRY$:_Als_Bischof_(und_später_Erzbischof)_von_New_York_1842_bis_1864,_arbeitete_Edward_Hughes,_ein_Enkel_irischer_Einwanderer,_unermüdlich_für_die_Integration_Römisch-Katholischer.;;;;;;;;;;;
EVTDESC44120_NEWS_LONG;One_of_the_impacts_of_the_religious_revival_in_the_USA_in_the_early_19th_Century_would_be_sustained_campaigns_against_perceived_vices_by_those_who_believed_they_were_doing_God's_work_by_attempting_to_stamp_out_such_behavior._Saloons_were_often_a_favorite_targets_of_such_crusaders,_and_on_occasion_saloons_and_their_patrons_would_be_physically_attacked_by_zealots._This_sentiment_towards_temperance_was_often_shared_by_people_in_highest_public_offices_of_the_country,_leading_towards_a_government_intervention_on_behalf_of_God.;;Eine_der_Auswirkungen_der_religiösen_Wiederbelebung_im_frühen_19._Jh._waren_anhaltende_Kampagnen_gegen_wahrgenommene_Laster_von_jenen,_die_glaubten,_mit_dem_Kampf_gegen_solches_Verhalten_den_Dienst_Gottes_zu_tun._Saloons_waren_ein_beliebtes_Ziel_solcher_Kreuzzügler_und_mehr_als_einmal_wurden_Saloonbetreiber_von_Fanatikern_physisch_attackiert._Dieses_Streben_nach_Mäßigung_wurde_oft_von_Personen_in_hohen,_öffentlichen_Ämtern_im_Land_geteilt_und_führte_zu_Eingriffen_der_Regierung_im_Namen_Gottes.;;;;;;;;;;;
EVTDESC44120_NEWS_MEDIUM;One_of_the_impacts_of_the_religious_revival_in_the_USA_in_the_early_19th_Century_would_be_sustained_campaigns_against_perceived_vices_by_those_who_believed_they_were_doing_God's_work_by_attempting_to_stamp_out_such_behavior._Saloons_were_often_a_favorite_targets_of_such_crusaders.;;Eine_der_Auswirkungen_der_religiösen_Wiederbelebung_im_frühen_19._Jh._waren_anhaltende_Kampagnen_gegen_wahrgenommene_Laster_von_jenen,_die_glaubten,_mit_dem_Kampf_gegen_solches_Verhalten_den_Dienst_Gottes_zu_tun._Saloons_waren_ein_beliebtes_Ziel_solcher_Kreuzzügler.;;;;;;;;;;;
EVTDESC44120_NEWS_SHORT;One_of_the_impacts_of_the_religious_revival_in_the_USA_would_be_campaigns_against_perceived_vices_by_those_who_believed_they_were_doing_God's_work_by_attempting_to_stamp_out_such_behavior.;;Eine_der_Auswirkungen_der_religiösen_Wiederbelebung_waren_Kampagnen_gegen_wahrgenommene_Laster_von_jenen,_die_glaubten,_mit_dem_Kampf_gegen_solches_Verhalten_den_Dienst_Gottes_zu_tun.;;;;;;;;;;;
EVTDESC44121_NEWS_LONG;Established_in_1816_by_African-American_members_of_the_Methodist_community_of_Philadelphia,_in_the_1830s_and_1840s_the_AME_Church_would_rapidly_expand_its_membership_among_both_free_and_slave_populations_in_the_United_States_during_the_era_of_religious_revival,_providing_a_spiritual_outlet_for_the_African-American_community_completely_under_their_own_control_and_direction_and_a_new_platform_for_challenging_the_continued_practice_of_slavery_in_the_Union._'God_Our_Father,_Christ_Our_Redeemer,_the_Holy_Spirit_Our_Comforter,_Humankind_Our_Family'_was_their_motto.;;Die_AME-Kirche,_1816_von_afro-amerikanischen_Mitgliedern_der_methodistischen_Gemeinde_in_Philadelphia_gegründet,_breitete_sich_in_den_1830ern_und_40ern_in_Zeiten_religiösen_Aufschwungs_rapide_unter_der_freien_Bevölkerung_und_den_Sklaven_in_den_Vereinigten_Staaten_aus_und_gab_der_afro-amerikanischen_Gemeinde_ein_spirituelles_Ventil_unter_ihrer_eigenen_Kontrolle_und_Anleitung,_sowie_eine_neue_Plattform_im_Kampf_gg._die_Sklaverei_in_der_Union._Ihr_Motto_war_'Gott_unser_Vater,_Christus_unser_Erlöser,_die_Menschheit_unsere_Familie'.;;;;;;;;;;;
EVTDESC44121_NEWS_MEDIUM;Established_in_1816_by_African-American_members_of_the_Methodist_community_of_Philadelphia,_in_the_1830s_and_1840s_the_AME_Church_would_rapidly_expand_its_membership_among_both_free_and_slave_populations_in_the_United_States_during_the_era_of_religious_revival.;;Die_AME-Kirche,_1816_von_afro-amerikanischen_Mitgliedern_der_methodistischen_Gemeinde_in_Philadelphia_gegründet,_breitete_sich_in_den_1830ern_und_40ern_in_Zeiten_religiösen_Aufschwungs_rapide_unter_der_freien_Bevölkerung_und_den_Sklaven_in_den_Vereinigten_Staaten_aus.;;;;;;;;;;;
EVTDESC44121_NEWS_SHORT;Established_in_1816_by_African-American_members_of_the_Methodist_community_of_Philadelphia,_in_the_1830s_and_1840s_the_AME_Church_would_rapidly_expand_its_membership.;;Die_AME-Kirche,_1816_von_afro-amerikanischen_Mitgliedern_der_methodistischen_Gemeinde_in_Philadelphia_gegründet,_breitete_sich_in_den_1830ern_und_40ern_rapide_aus.;;;;;;;;;;;
EVTDESC46400_NEWS_LONG;The_noted_journalist_and_leader_of_the_Colorado_Party,_Jose_Batlle_y_Ordonez_achieved_the_passage_of_strong_legislation_for_political_reform_in_Uruguay._Coming_from_a_large_family_of_successful_politicians,_Ordonez_in_his_two_terms_of_presidency,_in_what_he_called_Batllismo,_a_concerted_government_effort_against_foreign_imperialism,_managed_to_introduce_a_series_of_deep_reforms_expanding_the_area_of_government_activity,_including_nationalization_of_industries,_public_education,_imposing_higher_tariffs_and_subsidies_for_the_vital_livestock_industry.;;Der_bekannte_Journalist_und_Anführer_der_Colorado-Partei,_Jose_Batlle_y_Ordonez,_erreichte_die_Verabschiedung_starker_Gesetze_zur_politischen_Reform_in_Uruguay._Ordonez,_aus_einer_Familie_erfolgreicher_Politiker_kommend,_führte_in_seinen_beiden_Amtszeiten_als_Präsident_im_Rahmen_konzentrierter_Regierungsmaßnahmen_gegen_den_ausländischen_Imperialismus,_zahlreiche_als_Batllismo_titulierte_umfangreiche_Reformen_ein,_die_den_Regierungseinfluss_ausweiteten_und_die_Verstaatlichung_von_Industrien_Schulbildung_und_Steuer-_sowie_Zuschusserhöhungen_in_der_Viehzucht_umfassten.;;;;;;;;;;;
EVTDESC46400_NEWS_MEDIUM;The_noted_journalist_and_leader_of_the_Colorado_Party,_Jose_Batlle_y_Ordonez_achieved_the_passage_of_strong_legislation_for_political_reform_in_Uruguay._His_reforms_included_nationalization_of_industries,_imposing_higher_tariffs_and_subsidies_for_the_vital_livestock_industry.;;Der_bekannte_Journalist_und_Anführer_der_Colorado-Partei,_Jose_Batlle_y_Ordonez,_erreichte_die_Verabschiedung_starker_Gesetze_zur_politischen_Reform_in_Uruguay._Seine_Reformen_unfassten_die_Verstaatlichung_von_Industrien_sowie_Steuer-_und_Zuschusserhöhungen_in_der_Viehzucht.;;;;;;;;;;;
EVTDESC46400_NEWS_SHORT;The_noted_journalist_and_leader_of_the_Colorado_Party,_Jose_Batlle_y_Ordonez_achieved_the_passage_of_strong_legislation_for_political_reform_in_Uruguay.;;Der_bekannte_Journalist_und_Anführer_der_Colorado-Partei,_Jose_Batlle_y_Ordonez,_erreichte_die_Verabschiedung_starker_Gesetze_zur_politischen_Reform_in_Uruguay.;;;;;;;;;;;
EVTDESC34700_NEWS_MEDIUM;In_1837,_Albert_Lortzing's_best_known_opera,_Zar_und_Zimmermann_(Czar_and_Carpenter)_premiered_in_Leipzig._It_tells_the_story_of_Tsar_Peter_the_Great_traveling_through_Germany_and_England_to_gain_knowledge_of_the_western_technology_in_disguise_of_a_carpenter.;;1837_fand_in_Leipzig_die_Premiere_von_Albert_Lortzings_Oper_Zar_und_Zimmermann_statt._Die_Oper_erzählt_die_Geschichte_von_Zar_Peter_dem_Großen_der,_verkleidet_als_Zimmermann,_durch_Deutschland,_Holland_und_England_reiste,_um_Wissen_über_die_westl._Kultur_und_Technologien_zu_erlangen.;;;;;;;;;;;
EVTDESC34700_NEWS_SHORT;In_1837,_Albert_Lortzing's_best_known_opera,_Zar_und_Zimmermann_(Czar_and_Carpenter)_premiered_in_Leipzig._Lortzing_is_regarded_as_the_father_of_the_German_comedic_opera.;;1837_fand_in_Leipzig_die_Premiere_von_Albert_Lortzings_bekanntester_Oper_statt,_Zar_und_Zimmermann._Lortzing_gilt_als_der_Begründer_der_komödiantischen_Oper_in_Deutschland.;;;;;;;;;;;
EVTDESC34701_NEWS_LONG;Professor_Gottfried_Semper,_court_architect_in_Saxony,_finished_one_of_his_masterpieces,_the_Dresden_Opera_House,_which_was_named_after_him._His_style_was_influenced_by_both_Classicism_and_Renaissance_styles,_and_not_least_because_of_his_work,_Dresden_earned_the_nickname_of_Florence_on_the_Elbe._Semper,_an_architect,_professor_and_art_critic,_was_renowned_for_his_most_grand_projects_like_two_museums_and_a_theater_he_built_in_Vienna,_but_also_for_designs_of_items_as_small_as_a_baton_for_Richard_Wagner.;;Der_Hofarchitekt_von_Sachsen,_Professor_Gottfried_Semper,_hat_eines_seiner_Meisterwerke,_das_Dresdener_Opernhaus,_beendet,_das_nach_ihm_benannt_wurde._Sein_Stil_wurde_vom_Klassizismus_und_der_Renaissance_beeinflusst_und_Dresden_erwarb_nicht_zuletzt_dank_seiner_Arbeit_den_Spitznamen_Florenz_der_Elbe._Der_Architekt,_Professor_und_Kunstkritiker_Semper_war_bekannt_für_zwei_Museen_und_ein_Theater,_die_er_in_Wien_erbaute,_und_auch_für_die_Entwicklung_kleiner_Gegenstände,_wie_einen_Dirigentenstaben_für_Richard_Wagner.;;;;;;;;;;;
EVTDESC34701_NEWS_MEDIUM;Professor_Gottfried_Semper,_court_architect_in_Saxony,_finished_one_of_his_masterpieces,_the_Dresden_Opera_House,_which_was_named_after_him._His_style_was_influenced_by_both_Classicism_and_Renaissance_styles.;;Der_Hofarchitekt_von_Sachsen,_Professor_Gottfried_Semper,_hat_eines_seiner_Meisterwerke,_das_Dresdener_Opernhaus,_beendet,_das_nach_ihm_benannt_wurde._Sein_Stil_wurde_vom_Klassizismus_und_der_Renaissance_beeinflusst.;;;;;;;;;;;
EVTDESC34701_NEWS_SHORT;Professor_Gottfried_Semper,_court_architect_in_Saxony,_finished_one_of_his_masterpieces,_the_Dresden_Opera_House,_which_was_named_after_him.;;Der_Hofarchitekt_von_Sachsen,_Professor_Gottfried_Semper,_hat_eines_seiner_Meisterwerke,_das_Dresdener_Opernhaus,_beendet,_das_nach_ihm_benannt_wurde.;;;;;;;;;;;
EVTDESC46801_NEWS_LONG;Agricultural_fertilizer_processed_from_guano_is_now_in_great_demand_in_Europe_and_North_America._The_deposits_of_guano_on_$COUNTRY_ADJ$_offshore_islands_could_become_a_major_benefit_to_that_nation._Native_Peruvians_are_believed_to_have_been_visiting_the_islands_for_at_least_a_thousand_years_to_acquire_fertilizers._The_most_efficient_guano_is_produced_by_three_species_of_birds,_Guanay_Cormorant,_Peruvian_Pelican_and_Peruvian_Booby._Historians_believe_that_Incan_Emperors_attributed_great_value_to_guano,_restricting_access_to_the_islands_and_punishing_people_who_harmed_birds.;;Landwirtschaftlicher_Dünger_auf_Guano-Basis_ist_zur_Zeit_der_Renner_in_Europa_und_Nordamerika._Die_Guano-Vorkommen_an_den_Stränden_der_$COUNTRY_ADJ$_Inseln_geben_der_Nation_einen_gewaltigen_Vorteil._Peruanische_Einwohner_besuchen_die_Inseln_angeblich_seit_mind._tausend_Jahren_zur_Bergung_des_Düngers._Der_beste_Guano_wird_von_drei_Vogelarten_produziert,_dem_Guanokormoran,_Chilepelikan_und_Guanotölpel._Historiker_schätzen,_dass_die_Inka-Herrscher_den_Guano_für_sehr_wertvoll_hielten,_den_Zugang_zu_den_Inseln_kontrollierten_und_jeden_bestraften,_der_den_Vögeln_schadete.;;;;;;;;;;;
EVTDESC46801_NEWS_MEDIUM;Agricultural_fertilizer_processed_from_guano_is_now_in_great_demand_in_Europe_and_North_America._Historians_believe_that_Incan_Emperors_attributed_great_value_to_guano,_restricting_access_to_the_islands_and_punishing_people_who_harmed_birds.;;Landwirtschaftlicher_Dünger_auf_Guano-Basis_ist_zur_Zeit_der_Renner_in_Europa_und_Nordamerika._Historiker_schätzen,_dass_die_Inka-Herrscher_den_Guano_für_sehr_wertvoll_hielten,_den_Zugang_zu_den_Inseln_kontrollierten_und_jeden_bestraften,_der_den_Vögeln_schadete.;;;;;;;;;;;
EVTDESC46801_NEWS_SHORT;Agricultural_fertilizer_processed_from_guano_is_now_in_great_demand_in_Europe_and_North_America._The_deposits_of_guano_on_$COUNTRY_ADJ$_offshore_islands_could_become_a_major_benefit_to_that_nation.;;Landwirtschaftl._Dünger_auf_Guano-Basis_ist_zur_Zeit_der_Renner_in_Europa_und_Nordamerika._Die_Guano-Vorkommen_auf_den_$COUNTRY_ADJ$_Inseln_geben_der_Nation_einen_gewaltigen_Vorteil.;;;;;;;;;;;
EVTDESC36700_NEWS_LONG;Hendrik_Conscience,_one_of_the_most_popular_Flemish-language_novelists_of_this_century,_has_published_one_of_his_two_masterpieces,_'De_Vlaamse_Leeuw'_('The_Flemish_Lion')._The_other_was_'De_Loteling'._The_novel_describes_the_adventures_of_Machteld,_daughter_of_Robrecht_III_van_Béthune_Count_of_Flanders,_with_her_lover,_the_knight_Adolf_van_Nieuwlandt._The_historical_background_is_the_story_of_the_oppressed_Flemish_population_that_stood_up_against_the_French_oppressor_in_the_Battle_of_the_Golden_Spurs_(1302),_which_is_being_quickly_adopted_by_the_Flemish_Movement.;;Hendrik_Conscience,_einer_der_bekanntesten_Autoren_in_flämischer_Sprache_dieses_Jahrhunderts,_hat_eines_seiner_Meisterwerke_veröffentlicht,_'De_Vlaamse_Leeuw'_(Der_flämische_Löwe)._Das_andere_lautet_'De_Loteling'._Der_Roman_erzählt_von_den_Abenteuern_Machtelds,_der_Tochter_von_Robrecht_III._van_Béthune,_Graf_von_Flandern,_mit_ihrem_Liebhaber,_Ritter_Adolf_van_Nieuwlandt._Histor._Hintergrund_war_das_unterdrückte_fläm._Volk,_das_sich_in_der_Goldene-Sporen-Schlacht_1302_gegen_die_franz._Unterdrückung_auflehnte_und_schon_bald_von_der_fläm._Bewegung_aufgegriffen_wurde.;;;;;;;;;;;
EVTDESC36700_NEWS_MEDIUM;The_popular_Flemish-_language_novelist_Hendrik_Conscience_has_published_his_masterpiece,_'De_Vlaamse_Leeuw'_('The_Flemish_Lion')._The_story_of_the_Flemish_people_oppressed_by_the_French_in_the_Battle_of_the_Golden_Spurs_is_quickly_being_adopted_by_the_Flemish_Movement.;;Der_bekannte_Autor_Hendrik_Conscience_hat_sein_Meisterwerk_veröffentlicht,_'De_Vlaamse_Leeuw'_(Der_flämische_Löwe)._Der_Roman_über_das_fläm._Volk,_das_sich_in_der_Goldene-Sporen-Schlacht_gegen_die_franz._Unterdrückung_auflehnte,_wurde_schon_bald_von_der_fläm._Bewegung_aufgegriffen.;;;;;;;;;;;
EVTDESC36700_NEWS_SHORT;Flemish_novelist_Hendrik_Conscience_has_published_'De_Vlaamse_Leeuw'._The_story_of_the_oppressed_Flemish_in_the_Battle_of_the_Golden_Spurs_is_quickly_being_adopted_by_the_Flemish_Movement.;;Der_bekannte_Autor_Hendrik_Conscience_veröffentlichte_'De_Vlaamse_Leeuw'._Der_Roman_über_die_unterdrückten_Flamen_in_der_Goldene-Sporen-Schlacht_wurde_bald_von_der_fläm._Bewegung_aufgegriffen.;;;;;;;;;;;
EVTDESC36701_NEWS_LONG;The_past_year_saw_the_forming_of_the_Flemish_Movement._Formed_by_manifesto,_it_was_to_be_the_voice_of_the_Flemish_inhabitants_of_Belgium._It_evolved_to_be_a_broad_gathering_of_different_Flemish_organizations:_sport_clubs,_music_groups,_theaters,_intellectual_organizations_and_so_on._At_first,_the_Movement_was_apolitical,_but_over_the_years,_its_followers_became_more_and_more_militant_in_their_beliefs_and_convictions._Reports_are_that_the_Flemish_Movement_is_planning_to_contribute_to_the_formation_of_parties_that_will_lobby_for_more_Flemish_rights_in_political_life.;;Im_letzten_Jahr_entstand_die_flämische_Bewegung_mittels_eines_Manifests._Sie_war_die_Stimme_der_Flamen_von_Belgien._Durch_sie_entwickelten_sich_zahlreiche_flämische_Organisationen:_Sportvereine,_Musikgruppen,_Theater,_Intellektuelle_Organisationen_und_viele_mehr._Die_Bewegung_war_zunächst_unpolitisch,_doch_mit_den_Jahren_wurden_seine_Mitglieder_in_ihrem_Glauben_und_ihrer_Überzeugung_militanter._Meldungen_zufolge_will_die_Bewegung_an_der_Gründung_von_Parteien_teil_haben,_die_sich_für_mehr_Rechte_der_Flamen_in_der_Politik_einsetzen.;;;;;;;;;;;
EVTDESC36701_NEWS_MEDIUM;The_Flemish_Movement,_formed_by_manifesto,_was_to_be_the_voice_of_the_Flemish_people_of_Belgium._At_first,_the_Movement_was_apolitical,_but_over_the_years,_its_followers_became_more_and_more_militant._It_is_said_that_it_may_lead_to_the_formation_of_Flemish_parties_within_Belgium.;;Die_mittels_Manifest_gegründete_flämische_Bewegung_war_die_Stimme_der_Flamen_von_Belgien._Die_Bewegung_war_zunächst_unpolitisch,_doch_mit_den_Jahren_wurden_seine_Mitglieder_militanter._Meldungen_zufolge_könnte_sie_zur_Gründung_flämischer_Parteien_in_Belgien_führen.;;;;;;;;;;;
EVTDESC36701_NEWS_SHORT;The_Flemish_Movement_was_at_first_largely_apolitical._However_over_the_years,_it_became_more_and_more_militant._It_is_said_that_it_may_lead_to_the_formation_of_Flemish_parties_in_Belgium.;;Die_flämische_Bewegung_war_zunächst_unpolitisch,_doch_mit_den_Jahren_wurden_seine_Mitglieder_militanter._Meldungen_zufolge_könnte_sie_zur_Gründung_flämischer_Parteien_in_Belgien_führen.;;;;;;;;;;;
EVTDESC36704_NEWS_LONG;Adolphe_Sax,_a_talented_musician_and_instrument_builder_from_Namur_in_Southern_Belgium_has_recently_revealed_his_newest_invention:_a_glorious_instrument_that_is_now_known_as_the_saxophone._This_unique_instrument,_considered_part_of_the_clarinet_family,_was_created_by_Sax_with_the_intention_of_being_the_most_powerful_of_the_woodwinds,_and_the_most_adaptive_of_the_brass._The_saxophone_is_gaining_in_popularity,_being_quickly_adopted_by_musicians_in_Paris_and_later_may_even_make_the_move_over_the_Atlantic.;;Der_talentierte_Musiker_und_Instrumentenbauer_Adolphe_Sax_aus_Namur_in_Südbelgien_enthüllte_kürzlich_seine_neueste_Erfindung:_ein_wundervolles_Instrument_namens_Saxophon._Dieses_einzigartige_Instrument_aus_der_Familie_der_Klarinetten_wurde_von_Sax_mit_dem_Ziel_entwickelt,_das_kraftvollste_Blech-Blasinstrument_zu_sein._Das_Saxophon_wird_immer_populärer,_wurde_schnell_von_Musikern_in_Paris_angenommen_und_findet_sicher_auch_jenseits_des_Atlantiks_große_Beachtung.;;;;;;;;;;;
EVTDESC36704_NEWS_MEDIUM;Adolphe_Sax,_a_talented_musician_and_instrument_builder_from_Namur_in_Southern_Belgium_has_revealed_his_newest_invention:_a_glorious_instrument_known_as_the_saxophone._It_is_being_quickly_adopted_by_musicians_in_Paris_and_later_may_even_make_the_move_over_the_Atlantic.;;Der_talentierte_Musiker_und_Instrumentenbauer_Adolphe_Sax_aus_Namur,_Südbelgien_enthüllte_kürzlich_seine_neueste_Erfindung:_ein_wundervolles_Instrument_namens_Saxophon._Es_wurde_schnell_von_Musikern_in_Paris_angenommen_und_findet_sicher_auch_jenseits_des_Atlantiks_große_Beachtung.;;;;;;;;;;;
EVTDESC36704_NEWS_SHORT;Adolphe_Sax,_an_instrument_builder_from_Namur_in_Belgium_has_recently_revealed_his_new_invention:_an_instrument_known_as_the_saxophone._It_is_being_quickly_adopted_by_musicians_in_Paris.;;Der_talentierte_Instrumentenbauer_Adolphe_Sax_aus_Namur,_Belgien_enthüllte_kürzlich_seine_neuste_Erfindung:_ein_Instrument_namens_Saxophon._Es_wurde_schnell_von_Musikern_in_Paris_angenommen.;;;;;;;;;;;
EVTDESC36705_NEWS_LONG;The_Belgian_Ernest_Solvay,_considered_one_of_the_world's_most_talented_chemists,_invented_the_ammonia_process_(also_known_as_the_Solvay_process_in_academic_circles)_for_the_industrial_production_of_soda._This_process_is_much_more_efficient_than_the_currently_popular_and_traditional_Leblanc_process._In_this_innovative_new_process,_the_combination_of_salt_brine_and_limestone_provides_an_inexpensive_base_for_the_production_of_soda_ash._Industrial_production_of_the_product_is_set_to_start_soon.;;Einer_der_weltweit_bekanntesten_Chemiker,_der_Belgier_Ernest_Solvay,_entwickelte_das_in_Akademikerkreisen_auch_als_Solvay-Verfahren_bekannte_Ammoniak-Verfahren_zur_industriellen_Herstellung_von_Soda._Dieses_Verfahren_ist_effizienter_als_das_bereits_bekannte,_traditionelle_Leblanc-Verfahren._In_diesem_neuartigen_Prozess_erzeugt_die_Kombination_von_Salzlake_und_Kalk_eine_preiswerte_Basis_zur_Produktion_von_Kohlensäure._Die_industrielle_Herstellung_soll_bald_beginnen.;;;;;;;;;;;
EVTDESC36705_NEWS_MEDIUM;The_Belgian_Ernest_Solvay,_considered_one_of_the_world's_most_talented_chemists,_invented_the_ammonia_process_(also_known_as_the_Solvay_process_in_academic_circles)_for_the_industrial_production_of_soda._Industrial_production_of_the_product_is_set_to_start_soon.;;Einer_der_weltweit_bekanntesten_Chemiker,_der_Belgier_Ernest_Solvay,_entwickelte_das_in_Akademikerkreisen_auch_als_Solvay-Verfahren_bekannte_Ammoniak-Verfahren_zur_industriellen_Herstellung_von_Soda._Die_industrielle_Herstellung_soll_bald_beginnen.;;;;;;;;;;;
EVTDESC36705_NEWS_SHORT;The_talented_Belgian_chemist_Ernest_Solvay_invented_the_ammonia_process_for_the_industrial_production_of_soda._Industrial_production_of_the_product_is_set_to_start_soon.;;Der_talentierte,_belgische_Chemiker_Ernest_Solvay,_entwickelte_das_Ammoniak-Verfahren_zur_industriellen_Herstellung_von_Soda._Die_industrielle_Herstellung_soll_bald_beginnen.;;;;;;;;;;;
EVTDESC36706_NEWS_LONG;Father_Damiaan_De_Veuster,_a_priest_from_Tienen_in_Brabant_(Belgium),_departed_with_a_ship_to_the_island_of_Molokai_in_Hawaii_to_aid_the_lepers_colony_there._Many_natives_are_being_infected_by_diseases_such_as_influenza,_brought_by_foreign_sailors_and_traders._Other_diseases,_such_as_the_currently_incurable_leprosy,_also_affect_a_great_part_of_the_population._Father_Damiaan_plans_to_work_and_live_with_the_lepers_on_Molokai_for_many_years,_showing_true_dedication_to_aiding_those_in_need_even_though_this_trip_may_be_considered_a_death_sentence_for_him.;;Der_Priester_Damiaan_De_Veuster_aus_Tienen_in_Brabant_(Belgien)_ist_mit_einem_Schiff_zur_Insel_Molokai_in_Hawaii_aufgebrochen,_um_den_Leprakolonien_beizustehen._Viele_Einwohner_wurden_von_Krankheiten,_wie_der_Grippe_infiziert,_die_Seefahrer_und_Händler_übertrugen._Andere_Krankheiten,_wie_die_derzeit_unheilbare_Lepra,_setzen_den_Einwohnern_ebenfalls_zu._Pater_Damiaan_plant,_viele_Jahre_mit_den_Leprakranken_in_Molokai_zu_leben,_und_er_zeigt_wahrhaftige_Hingabe,_den_Hilfsbedürftigen_zu_helfen._Die_Reise_kommt_einem_Todesurteil_für_ihn_gleich.;;;;;;;;;;;
EVTDESC36706_NEWS_MEDIUM;Father_Damiaan_De_Veuster,_a_priest_from_Tienen_in_Brabant_(Belgium),_departed_with_a_ship_to_the_island_of_Molokai_in_Hawaii_to_aid_the_lepers_colony_there._He_plans_to_work_and_live_with_the_lepers_on_Molokai_for_many_years,_showing_true_dedication_to_aiding_those_in_need.;;Priester_Damiaan_De_Veuster_aus_Tienen_in_Brabant_(Belgien)_ist_mit_einem_Schiff_zur_Insel_Molokai_in_Hawaii_aufgebrochen,_um_den_Leprakolonien_beizustehen._Er_plant,_viele_Jahre_mit_Leprakranken_in_Molokai_zu_leben,_und_zeigt_wahrhaftige_Hingabe,_den_Hilfsbedürftigen_zu_helfen.;;;;;;;;;;;
EVTDESC36706_NEWS_SHORT;Father_Damiaan_De_Veuster,_a_Belgian_priest_departed_to_the_island_of_Molokai_in_Hawaii_to_aid_the_lepers_colony_there._He_plans_to_work_and_live_with_the_lepers_on_Molokai_for_many_years.;;Der_belgische_Priester_Damiaan_De_Veuster_ist_zur_Insel_Molokai_in_Hawaii_aufgebrochen,_um_den_Leprakolonien_beizustehen._Er_plant,_viele_Jahre_mit_Leprakranken_in_Molokai_zu_leben.;;;;;;;;;;;
EVTDESC19010_NEWS_LONG;$CAPITAL$,_$COUNTRY$:_A_Showcase_of_Imperial_Glory_has_been_announced_by_the_government_of_$COUNTRY$._The_event_will_involve_the_$FROMCOUNTRY_ADJ$_army_and_navy_parading_through_the_streets_of_$CAPITAL$_showing_off_their_shiny_buttons_and_tight_trousers,_but_also_demonstrating_new_technological_advancements_in_the_field_of_armaments._Prestigious_cultural_paraphernalia_will_also_be_in_evidence,_and_it_cannot_be_denied_that_the_$FROMCOUNTRY_ADJ$s_do_have_a_knack_for_literature,_music_and_the_arts._It_is_not_yet_known_if_foreign_dignitaries_will_be_invited_to_the_event.;;$CAPITAL$,_$COUNTRY$:_Eine_Demonstration_imperialer_Größe_wurde_von_der_Regierung_in_$COUNTRY$_angekündigt._Das_Ereignis_wird_die_$FROMCOUNTRY_ADJ$_Armee_und_Marine_mit_Paraden_in_voller_Montur_durch_die_Straßen_von_$CAPITAL$_einbeziehen_und_auch_neue_Technologien_und_Verbesserungen_im_Rüstungswesen_vorstellen._Auch_glanzvolles,_kulturelles_Zubehör_wird_es_zu_sehen_geben,_und_keinen_Zweifel_am_$FROMCOUNTRY_ADJ$_Talent_in_Literatur,_Musik_und_Kunst_lassen._Einladungen_ausländischer_Würdeträger_wurde_noch_nicht_bestätigt.;;;;;;;;;;;
EVTDESC19010_NEWS_MEDIUM;$CAPITAL$:_A_Showcase_of_Imperial_Glory_has_been_announced_by_$COUNTRY$._The_event_will_involve_the_$FROMCOUNTRY_ADJ$_military_parading_through_$CAPITAL$_demonstrating_technological_advancements_in_the_field_of_armaments._Prestigious_cultural_paraphernalia_will_also_be_in_evidence.;;$CAPITAL$,_$COUNTRY$:_Eine_Demonstration_imperialer_Größe_wurde_von_der_Regierung_$COUNTRY$s_angekündigt._Sie_wird_$FROMCOUNTRY_ADJ$_Militärparaden_durch_$CAPITAL$_einbeziehen_und_techn._Verbesserungen_im_Rüstungswesen_vorstellen._Auch_kultureller_Fortschritt_wird_zu_sehen_sein.;;;;;;;;;;;
EVTDESC19010_NEWS_SHORT;$CAPITAL$,_$COUNTRY$:_A_Showcase_of_Imperial_Glory_has_been_announced_by_the_government_of_$COUNTRY$._Sources_say_that_it_is_not_yet_known_if_foreign_dignitaries_will_be_invited_to_the_event.;;$CAPITAL$,_$COUNTRY$:_Eine_Demonstration_imperialer_Größe_wurde_von_der_Regierung_$COUNTRY$s_angekündigt._Eine_Einladung_ausländischer_Würdeträger_wurde_noch_nicht_bestätigt.;;;;;;;;;;;
EVTDESC19030_NEWS_LONG;$CAPITAL$_-_Tensions_are_brewing_in_Anatolia_as_the_continuing_decline_of_the_Ottoman_Empire_destabilizes_the_entire_region._Nationalism_and_revolts_in_the_Empire's_non-Turkish_provinces_are_growing_concerns_for_the_Ottoman_State,_and_when_coupled_with_the_relative_backwardness_of_the_Empire_compared_to_the_states_of_Western_Europe,_many_now_seem_to_believe_that_the_Empire's_demise_is_only_a_question_of_time._Furthermore,_the_reputed_harsh_treatment_of_Christians_in_the_Ottoman_State_have_led_to_$FROMCOUNTRY$_declaring_itself_the_protector_of_Eastern_Christendom.;;$CAPITAL$_-_Die_Spannungen_in_Anatolien_nehmen_aufgrund_des_zunehmenden_Zerfalls_des_Osmanischen_Reiches_und_der_Destabilisierung_der_Region_zu._Nationalismus_und_Revolten_in_den_nicht-türkischen_Provinzen_geben_dem_Osmanischen_Reich_Grund_zur_Sorge,_angesichts_der_relativen_Rückständigkeit_zu_den_Staaten_West-Europas_rechnen_viele_mit_dem_baldigen_Ende_des_Reiches._Zusätzlich_dazu,_veranlasste_der_harte_Umgang_mit_Christen_im_Osmanischen_Reich_$FROMCOUNTRY$_dazu,_sich_zum_Beschützer_des_östlichen_Christentums_auszurufen.;;;;;;;;;;;
EVTDESC19030_NEWS_MEDIUM;Tensions_are_brewing_as_the_decline_of_the_Ottoman_Empire_destabilizes_the_region._Many_now_seem_to_believe_that_the_Empire's_demise_is_only_a_question_of_time._Furthermore,_the_treatment_of_Christians_has_led_to_$FROMCOUNTRY$_declaring_itself_be_protector_of_Eastern_Christendom.;;Spannungen_in_Anatolien_nehmen_mit_dem_zunehmenden_Verfall_des_Osmanischen_Reiches_zu_und_erschüttern_die_Region._Viele_rechnen_mit_dem_baldigen_Ende_des_Reiches._Der_harte_Umgang_mit_Christen_im_Reich_veranlasste_$FROMCOUNTRY$,_sich_zum_Beschützer_des_östl._Christentums_auszurufen.;;;;;;;;;;;
EVTDESC19030_NEWS_SHORT;Tensions_are_brewing_as_the_decline_of_the_Ottoman_Empire_destabilizes_the_region._The_treatment_of_Christians_has_led_to_$FROMCOUNTRY$_declaring_itself_the_protector_of_Eastern_Christendom.;;Spannungen_in_Anatolien_erschüttern_wegen_des_Verfalls_des_Osmanischen_Reiches_die_Region._Aufgrund_des_Umgangs_mit_Christen_erklärte_sich_$FROMCOUNTRY$_zum_Beschützer_des_östl._Christentums.;;;;;;;;;;;
EVTDESC19046_NEWS_LONG;The_Valley_of_the_Kings,_Egypt_–_A_tomb_which_had_lain_undiscovered_for_thousands_of_years_has_been_unearthed_during_excavations_in_Egypt._The_body_of_a_young_man,_believed_to_have_been_a_Pharaoh_(or_King)_in_ancient_times,_was_found_embalmed_and_preserved,_surrounded_by_many_fine_artifacts_and_wondrous_riches._Speculation_is_mounting_that_this_could_be_the_greatest_architectural_find_of_the_century_and_Universities’_Egyptology_Departments_are_awash_with_fervent_excitement_and_wonder._It_is_thought_the_ghastly_mummy_will_be_transported_west_for_further_examination.;;Das_Tal_der_Könige,_Ägypten_–_Eine_seit_Jahrtausenden_unentdeckte_Grabkammer_wurde_bei_Ausgrabungen_in_Ägypten_entdeckt._Der_einbalsamierte_und_gut_erhaltene_Körper_eines_jungen_Mannes,_mutmaßlich_ein_Pharao_(oder_König)_vergangener_Zeiten,_wurde_umgeben_von_vielen_exquisiten_Artefakten_und_Schätzen_gefunden._Dies_könnte_die_größte_archäologische_Entdeckung_des_Jahrhunderts_sein_und_die_Ägyptologie-Abteilungen_der_Universitäten_befinden_sich_in_heller_Aufregung._Es_wird_angenommen,_dass_die_gruselige_Mumie_für_weitere_Untersuchungen_in_den_Westen_transportiert_wird.;;;;;;;;;;;
EVTDESC19046_NEWS_MEDIUM;$COUNTRY_ADJ$_archaeologists_have_uncovered_a_tomb_which_had_lain_undiscovered_for_thousands_of_years_in_Egypt._The_body_of_a_young_Pharaoh_was_surrounded_by_wondrous_riches._Speculation_is_mounting_that_this_could_be_the_greatest_architectural_find_of_the_century.;;$COUNTRY_ADJ$_Archäologen_haben_eine_seit_Jahretausenden_unentdeckte_Grabkammer_in_Ausgrabungen_in_Ägypten_entdeckt._Der_Körper_eines_jungen_Pharao_vergangener_Zeiten_war_umgeben_von_wundersamen_Schätzen._Dies_könnte_die_größte_archäologische_Entdeckung_des_Jahrhunderts_sein.;;;;;;;;;;;
EVTDESC19046_NEWS_SHORT;$COUNTRY_ADJ$_archaeologists_have_uncovered_a_tomb_which_had_lain_undiscovered_for_thousands_of_years_in_Egypt._The_body_of_a_young_Pharaoh_was_surrounded_by_wondrous_riches.;;$COUNTRY_ADJ$_Archäologen_haben_in_Ägypten_eine_Jahrtausende_unentdeckte_Grabkammer_in_Ägypten_entdeckt._Der_Körper_eines_jungen_Pharao_vergangener_Zeiten_war_umgeben_von_wundersamen_Schätzen.;;;;;;;;;;;
EVTDESC19310_NEWS_LONG;Peking_–_A_sleeping_giant_appears_to_have_awoken_as_members_of_diplomatic_circles_are_in_general_agreement_that_the_nation_of_China_can_now_be_counted_among_the_Great_Powers_of_the_world._Chinese_leaders_attribute_the_rise_in_their_fortunes_to_the_fact_their_government_enjoys_the_Mandate_of_Heaven._European_leaders_maintain_it_is_because_western_ideas_and_customs_were_adopted_in_the_Orient._Regardless_of_the_cause,_the_potential_of_the_Chinese_leviathan_is_limitless_and_the_world_would_do_well_to_take_notice._We_advise_readers_to_watch_with_growing_apprehension.;;Peking_–_Ein_schlafender_Riese_scheint_erwacht._Mitglieder_diplomatischer_Kreise_sind_sich_einig,_dass_China_nun_zu_den_Großmächten_der_Welt_zählt._Chinesische_Anführer_begründen_dies_mit_dem_Himmelsauftrag,_den_ihre_Regierung_erfüllt._Europäische_Anführer_sehen_die_Ursache_eher_in_der_Übernahme_westlicher_Ideen_und_Gebräuche_im_Orient._Egal_warum,_das_Potential_des_chinesischen_Leviathans_ist_grenzenlos_und_die_Welt_sollte_dem_Beachtung_schenken._Wir_empfehlen_unseren_Lesern,_die_weitere_Entwicklung_aufmerksam_zu_verfolgen.;;;;;;;;;;;
EVTDESC19310_NEWS_MEDIUM;A_sleeping_giant_has_awoken_as_diplomatic_circles_are_in_agreement_that_China_can_be_counted_among_the_Great_Powers_of_the_world._Chinese_leaders_attribute_the_rise_in_their_fortunes_to_the_Mandate_of_Heaven_but_Europeans_say_it_is_because_western_ideas_were_adopted.;;Ein_schlafender_Riese_scheint_erwacht._Diplomatische_Kreise_sind_sich_einig,_dass_China_nun_zu_den_Großmächten_der_Welt_zählt._Chinesische_Anführer_begründen_dies_mit_dem_Himmelsauftrag_ihrer_Regierung,_Europa_jedoch_sieht_die_Ursache_eher_in_der_Übernahme_westlicher_Ideen.;;;;;;;;;;;
EVTDESC19310_NEWS_SHORT;Diplomatic_circles_agree_that_China_can_be_counted_among_the_Great_Powers._Chinese_leaders_attribute_their_fortunes_to_the_Mandate_of_Heaven._European_leaders_say_western_ideas_are_the_cause.;;Diplomatische_Kreise_sind_sich_einig,_dass_China_nun_zu_den_Großmächten_zählt._Anführer_Chinas_begründen_dies_mit_dem_Himmelsauftrag,_Europa_sieht_die_Ursache_eher_in_den_westlichen_Ideen.;;;;;;;;;;;
EVTDESC19320_NEWS_LONG;Tokyo,_the_land_of_the_rising_sun_-_the_chickens_appear_to_have_come_home_to_roost_today_as_members_of_diplomatic_circles_are_in_general_agreement_that_the_nation_of_Japan_can_be_counted_among_the_great_powers_of_the_world._Since_coming_into_contact_with_western_influences_some_years_ago,_the_industrious_people_of_Japan_have_made_sweeping_advances_in_the_fields_of_culture,_industry_and_military_prowess_and_can_no_longer_be_dismissed_as_backward_savages._Geopolitical_experts_have_expressed_concerns_that_the_new_Japan_could_attempt_expansion_through_Asia_and_beyond.;;Tokio,_das_Land_der_aufgehenden_Sonne_-_Diplomaten_sind_sich_einig,_dass_Japan_nun_zu_den_Großmächten_der_Welt_zählt._Seit_diese_Nation_vor_Jahren_mit_westlichen_Einflüssen_in_Kontakt_kam,_entwickelten_die_Japaner_unglaubliche_Fortschritte_in_Bereichen_der_Kultur,_Industrie_und_des_Militärwesens._Sie_sind_definitiv_nicht_mehr_rückständige_Wilde._Experten_der_Weltpolitik_äußern_Bedenken,_dass_das_neue_Japan_die_Ausdehnung_nach_Asien_und_darüber_hinaus_anstreben_könnte.;;;;;;;;;;;
EVTDESC19320_NEWS_MEDIUM;Diplomatic_circles_are_in_agreement_that_Japan_can_be_counted_among_the_great_powers_of_the_world._The_industrious_Japanese_people_have_made_sweeping_advances_in_the_fields_of_culture,_industry_and_military_and_can_now_no_longer_be_dismissed_as_filthy,_backward_savages.;;Diplomaten_sind_sich_einig,_dass_Japan_nun_zu_den_Großmächten_der_Welt_zählt._Die_Japaner_entwickelten_unglaubliche_Fortschritte_in_Bereichen_der_Kultur,_Industrie_und_des_Militärwesens._Sie_sind_definitiv_keine_rückständigen_Wilden_mehr.;;;;;;;;;;;
EVTDESC19320_NEWS_SHORT;Diplomatic_circles_now_agree_that_Japan_can_be_counted_among_the_great_powers_of_the_world._The_Japanese_people_have_made_sweeping_advances_and_can_no_longer_be_dismissed_as_backward_savages.;;Diplomaten_sind_sich_einig,_dass_Japan_nun_zu_den_Großmächten_der_Welt_zählt._Die_Japaner_entwickelten_unglaubliche_Fortschritte_und_sind_definitiv_keine_rückständigen_Wilden_mehr.;;;;;;;;;;;
EVTDESC19355_NEWS_LONG;Geopolitical_scholars_held_a_symposium_last_week_and_came_to_broad_agreement_that_rises_in_nationalist_sentiment,_military_pride_and_new_and_fearsome_weapons_of_war_mean_that_future_conflicts_involving_many_great_powers_are_likely_to_fall_into_an_entirely_new_category_called_'great_wars'._It_is_likely_that_greater_territorial_changes,_humiliations_and_national_liberations_will_feature,_though_outright_annexations_are_still_considered_to_be_unlikely._Will_man's_stubbornness,_ingenuity_and_violent_nature_lead_to_the_very_destruction_of_the_earth?_Only_time_will_tell.;;Geopolitische_Gelehrte_stimmten_letzte_Woche_mehrheitl._überein,_dass_das_Erstarken_nationaler_Stimmungen,_milit._Stolzes_und_neuer,_schrecklicher_Kriegswaffen_dazu_führen_werden,_dass_künftige_Konflikte_der_Großmächte_wahrscheinlich_zur_neuen_Kategorie_der_'Großen_Kriege'_führen_können._Es_wird_erwartet,_das_größere_Territorialänderungen,_Beschämungen_und_nationale_Befreiungen_auftreten,_auch_wenn_direkte_Übernahmen_unwahrscheinlich_sind._Wird_die_Sturheit,_der_Erfindergeist_und_die_Gewalttätigkeit_der_Menschheit_zur_Zerstörung_der_Erde_führen?_Die_Zeit_wird_es_zeigen.;;;;;;;;;;;
EVTDESC19355_NEWS_MEDIUM;Geopolitical_scholars_held_a_symposium_last_week_and_came_to_broad_agreement_that_new_and_fearsome_weapons_of_war_mean_that_future_conflicts_involving_great_powers_are_likely_to_fall_into_an_entirely_new_category_called_great_wars._Greater_territorial_changes_seem_likely_now.;;Geopolitische_Gelehrte_stimmten_letzte_Woche_mehrheitl._überein,_dass_neue_Kriegswaffen_dazu_führen_werden,_dass_künftige_Konflikte_der_Großmächte_wahrscheinlich_zur_neuen_Kategorie_der_'Großen_Kriege'_führen_können._Größere_Territorialänderungen_werden_wahrscheinlicher.;;;;;;;;;;;
EVTDESC19355_NEWS_SHORT;Geopolitical_scholars_held_a_symposium_last_week_and_came_to_agreement_that_future_conflicts_involving_many_great_powers_are_likely_to_fall_into_an_entirely_new_category_called_'great_wars'.;;Geopolitische_Gelehrte_stimmten_letzte_Woche_mehrheitl._überein,_dass_künftige_Konflikte_der_Großmächte_zur_neuen_Kategorie_der_'Großen_Kriege'_führen_könnten.;;;;;;;;;;;
EVTDESC31102_NEWS_LONG;$COUNTRY_ADJ$_position_in_Istanbul_is_no_longer_secure._They_decided_on_moving_their_government_to_a_more_secure_land-locked_location_in_Ankara._One_of_the_world's_oldest_cities,_Ankara_is_famed_to_be_founded_by_the_mythical_Phrygian_king_Midas,_though_historians_argue_the_settlement_to_be_older_than_Phrygian_rule_and_date_first_traces_of_construction_there_to_the_earlier_Hatti_civilization._Ottoman,_Byzantine_and_Roman_architecture_dominating_the_old_parts_of_the_city_proves_Ankara's_continuing_cultural_and_commercial_importance_through_the_ages.;;Die_$COUNTRY_ADJ$_Position_in_Istanbul_ist_nicht_länger_sicher._Sie_beschlossen,_den_Regierungsstandort_weiter_ins_sichere_Inland_nach_Ankara_zu_verlegen._Ankara_ist_eine_der_weltweit_ältesten_Städte_und_wurde_angeblich_vom_märchenhaften,_phrygischen_König_Midas_gegründet,_wenngleich_Historiker_erste_Spuren_ihrer_Errichtung_in_die_Zivilisation_der_Yucatán_rückdatieren._Osmanen,_Byzantiner_und_Römer_hinterließen_ihre_architektonischen_Spuren_in_den_alten_Teilen_der_Stadt_und_beweisen_ihre_kulturelle_und_wirtschaftliche_Wichtigkeit_in_allen_Zeiten.;;;;;;;;;;;
EVTDESC31102_NEWS_MEDIUM;$COUNTRY_ADJ$_position_in_Istanbul_is_no_longer_safe._They_decided_to_move_their_government_to_a_more_secure_location_in_Ankara._Ottoman,_Byzantine_and_Roman_architecture_dominating_the_old_parts_of_the_city_proves_its_continuing_cultural_and_commercial_importance_through_the_ages.;;Der_$COUNTRY_ADJ$_Regierungsstandort_in_Istanbul_ist_nicht_länger_sicher._Er_wird_ins_sichere_Inland_nach_Ankara_verlegt._Architektonischen_Spuren_der_Osmanen,_Byzantiner_und_Römer_in_alten_Teilen_der_Stadt_beweisen_ihre_kulturelle_und_wirtschaftliche_Bedeutung_in_allen_Zeiten.;;;;;;;;;;;
EVTDESC31102_NEWS_SHORT;$COUNTRY_ADJ$_position_in_Istanbul_is_no_longer_secure._They_decided_on_moving_their_government_to_a_more_secure_land-locked_location_in_Ankara.;;Der_$COUNTRY_ADJ$_Regierungsstandort_in_Istanbul_ist_nicht_länger_sicher._Er_wird_ins_sichere_Inland_nach_Ankara_verlegt.;;;;;;;;;;;
EVTDESC31307_NEWS_LONG;Elisabeth_von_Wittelsbach,_the_Empress_of_Austria,_was_assassinated_by_an_Italian_Anarchist,_Luigi_Lucheni._This_horrible_act_occurred_in_the_Hotel_Beau-Rivage_in_Geneva._"I_am_an_anarchist_by_conviction._I_came_to_Geneva_to_kill_a_sovereign,_with_object_of_giving_an_example_to_those_who_suffer_and_those_who_do_nothing_to_improve_their_social_position._It_did_not_matter_to_me_who_the_sovereign_was_whom_I_should_kill._It_was_not_a_woman_I_struck,_but_an_Empress._It_was_a_crown_that_I_had_in_view."_he_is_quoted_to_have_said,_explaining_the_atrocity_he_committed.;;Elisabeth_von_Wittelsbach,_Kaiserin_von_Österreich,_fiel_einem_Attentat_durch_den_italienischen_Anarchisten_Luigi_Lucheni_zum_Opfer._Die_schreckliche_Tat_geschah_im_Hotel_Beau-Rivage_in_Genf._Er_wird_mit_den_Worten_zitiert:_"Ich_bin_Anarchist_aus_Überzeugung._Ich_kam_nach_Genf,_um_einen_Herrscher_zu_töten,_als_Mahnmal_für_alle,_die_in_sozialer_Armut_leben_und_denen_niemand_beisteht._Welcher_Herrscher_mein_Opfer_wird,_war_mir_egal._Ich_tötete_keine_Frau,_sondern_eine_Herrscherin._Die_Krone_war_das_Ziel.",_mit_denen_er_seine_schändliche_Tat_zu_erklären_versuchte.;;;;;;;;;;;
EVTDESC31307_NEWS_MEDIUM;Elisabeth_von_Wittelsbach,_the_Empress_of_Austria,_was_assassinated_by_an_Italian_Anarchist,_Luigi_Lucheni._This_horrible_act_occurred_in_the_Hotel_Beau-Rivage_in_Geneva._"It_was_not_a_woman_I_struck,_but_an_Empress._It_was_a_crown_that_I_had_in_view."_he_later_explained.;;Elisabeth_von_Wittelsbach,_Kaiserin_von_Österreich,_fiel_einem_Attentat_durch_den_italienischen_Anarchisten_Luigi_Lucheni_zum_Opfer._Die_schreckliche_Tat_geschah_im_Hotel_Beau-Rivage_in_Genf._"Ich_tötete_keine_Frau,_sondern_eine_Herrscherin._Die_Krone_war_das_Ziel.",_erklärte_er.;;;;;;;;;;;
EVTDESC31307_NEWS_SHORT;Elisabeth_von_Wittelsbach,_the_Empress_of_Austria,_was_assassinated_by_an_Italian_Anarchist,_Luigi_Lucheni._This_horrible_act_occurred_in_the_Hotel_Beau-Rivage_in_Geneva.;;Elisabeth_von_Wittelsbach,_Kaiserin_von_Österreich,_fiel_einem_Attentat_durch_den_italienischen_Anarchisten_Luigi_Lucheni_zum_Opfer._Die_schreckliche_Tat_geschah_im_Hotel_Beau-Rivage_in_Genf.;;;;;;;;;;;
EVTDESC31308_NEWS_LONG;$COUNTRY$:_The_Zimmerwald_conference_of_the_Socialist_International_was_the_first_such_meeting_to_follow_the_outbreak_of_the_Great_War_in_August_of_1914._The_horrendous_casualties_produced_by_the_fighting_led_delegates_to_denounce_the_war_as_the_result_of_imperialism_and_called_upon_workers_to_resist_its_prosecution._Many_prominent_leaders_of_the_Socialist_movement_gathered_for_this_meeting,_including_Lazzari_and_Modigliani_from_Italy,_Lenin_and_Bobrow_from_Russia,_the_Germans_Ledebour_and_Hoffmann,_French_socialists_Bourderon_and_Merrheim_and_many_more.;;$COUNTRY$:_Die_Zimmerwald_Konferenz_der_internationalen_Sozialisten_war_das_erste_Treffen_nach_Ausbruch_des_Großen_Krieges_im_August_1914._Die_hohen_Opferzahlen_des_Krieges_führten_dazu,_dass_Delegierte_den_Imperialismus_als_Kriegsgrund_anprangerten_und_Arbeiter_zur_Kriegsdienstverweigerung_aufforderten._Bekannte_Anführer_der_sozialistischen_Bewegung_kamen_zu_diesem_Treffen_zusammen:_Lazzari_und_Modigliani_aus_Italien,_Lenin_und_Bobrow_aus_Russland,_die_Deutschen_Ledebour_und_Hoffmann,_die_franz._Sozialisten_Bourderon_und_Merrheim_und_viele_mehr.;;;;;;;;;;;
EVTDESC31308_NEWS_MEDIUM;$COUNTRY$:_The_Zimmerwald_conference_of_the_Socialist_International_was_the_first_such_meeting_to_follow_the_outbreak_of_the_Great_War_in_August_of_1914._The_horrendous_casualties_produced_by_the_fighting_led_delegates_to_denounce_the_war_as_the_result_of_imperialism.;;$COUNTRY$:_Die_Zimmerwald_Konferenz_der_internationalen_Sozialisten_war_das_erste_Treffen_nach_Ausbruch_des_Großen_Krieges_im_August_1914._Die_hohen_Opferzahlen_des_Krieges_führten_dazu,_dass_Delegierte_den_Imperialismus_als_Kriegsgrund_anprangerten.;;;;;;;;;;;
EVTDESC31308_NEWS_SHORT;$COUNTRY$:_The_Zimmerwald_conference_of_the_Socialist_International_was_the_first_such_meeting_to_follow_the_outbreak_of_the_Great_War_in_August_of_1914.;;$COUNTRY$:_Die_Zimmerwald_Konferenz_der_internationalen_Sozialisten_war_das_erste_Treffen_nach_Ausbruch_des_Großen_Krieges_im_August_1914.;;;;;;;;;;;
EVTDESC31310_NEWS_LONG;$COUNTRY$:_16_countries_signed_the_Geneva_Convention_to_improve_the_lot_of_soldiers_wounded_during_combat._As_a_symbol_they_chose_a_reversal_of_the_Swiss_flag:_A_red_cross_on_white_ground._After_four_decades_of_peace_following_the_fall_of_Napoleon_at_Waterloo_in_1818,_his_nephew's_campaign_in_Northern_Italy_in_1859_was_a_shocking_sight_for_many_observers._Henri_Dunant,_a_Swiss_businessman_and_relief_activist,_having_witnessed_the_terrible_conditions_of_tens_of_thousands_of_wounded_soldiers_in_Italy,_proposed_a_set_of_international_laws_to_ease_their_suffering.;;$COUNTRY$:_16_Länder_stimmten_den_Genfer_Konventionen_zur_Situations-Verbesserung_der_im_Kampf_verwundeten_Soldaten_zu._Als_Zeichen_wählten_sie_die_inverse_Flagge_der_Schweiz:_rotes_Kreuz_auf_weissem_Grund._Vierzig_Jahre_herrschte_nach_Napoleons_Niederlage_1818_in_Waterloo_Frieden,_als_die_Kampagne_seines_Neffens_in_Norditalien_1859_für_Zeugen_zu_einem_schockierenden_Anblick_wurde._Der_schweizer_Geschäftsmann_und_Freiheitskämpfer_Henri_Dunant_war_Zeuge_der_schlimmen_Zustände_zehntausender_Verwundeter_und_forderte_internat._Gesetze_zur_Behandlung_von_Kriegsgefangenen.;;;;;;;;;;;
EVTDESC31310_NEWS_MEDIUM;$COUNTRY$:_16_countries_signed_the_Geneva_Convention_to_improve_the_lot_of_soldiers_wounded_during_combat._Henri_Dunant,_a_Swiss_businessman_and_relief_activist,_proposed_a_set_of_international_laws_to_ease_their_suffering.;;$COUNTRY$:_16_Länder_stimmten_den_Genfer_Konventionen_zur_Situations-Verbesserung_der_im_Kampf_verwundeten_Soldaten_zu._Der_Schweizer_Geschäftsmann_und_Freiheitskämpfer_Henri_Dunant_forderte_internat._Gesetze_zur_Behandlung_von_Kriegsgefangenen.;;;;;;;;;;;
EVTDESC31310_NEWS_SHORT;$COUNTRY$:_16_countries_signed_the_Geneva_Convention_to_improve_the_lot_of_soldiers_wounded_during_combat._As_a_symbol_they_chose_a_reversal_of_the_Swiss_flag:_A_red_cross_on_white_ground.;;$COUNTRY$:_16_Länder_stimmten_den_Genfer_Konventionen_zur_Situations-Verbesserung_verwundeter_Soldaten_zu._Als_Symbol_wählten_sie_die_inverse_Flagge_der_Schweiz:_rotes_Kreuz_auf_weißem_Grund.;;;;;;;;;;;
EVTDESC36600_NEWS_LONG;The_Swedish_soprano_Jenny_Lind_was_born_in_1820_in_Stockholm._She_made_her_debut_in_the_opera_'Der_Freischütz'_in_Stockholm_in_1838,_and_during_the_mid-1840s_her_fame_grew_as_she_made_a_series_of_appearances_in_Europe_and_the_USA._Jenny_Lind_was_the_first_Swedish_mega-star,_famous_for_her_exquisitely_expressive_singing_and_incredible_vocal_technique_and_her_sincere,_natural_and_unassuming_ways._Through_her_concerts_and_opera_appearances_she_earned_a_fortune,_of_which_she_donated_large_sums_to_charity.;;Die_schwedische_Sopranistin_Jenny_Lind_wurde_1820_in_Stockholm_geboren._Sie_gab_ihr_Debüt_1838_in_Stockholm_in_der_Oper_'Der_Freischütz'._In_den_1840ern_wuchs_ihr_Ruhm_nach_einer_Reihe_von_Auftritten_in_Europa_und_den_USA._Sie_war_der_erste_schwedische_Mega-Star,_berühmt_für_ihren_ausdrucksvollen_Gesang,_ihre_unglaubliche_Gesangstechnik,_sowie_ihre_ehrliche,_natürliche_und_unvoreingenommene_Art._Sie_wurde_durch_Konzerte_und_Opernauftritte_reich_und_spendete_große_Summen_an_die_Wohlfahrt.;;;;;;;;;;;
EVTDESC36600_NEWS_MEDIUM;The_Swedish_soprano_Jenny_Lind_was_born_in_1820_in_Stockholm._She_made_her_debut_in_the_opera_'Der_Freischütz'_in_Stockholm_in_1838,_and_during_the_mid-1840s_her_fame_grew_as_she_made_a_series_of_successful_appearances_in_Europe_and_the_USA.;;Die_schwedische_Sopranistin_Jenny_Lind_wurde_1820_in_Stockholm_geboren._Sie_gab_ihr_Debüt_1838_in_Stockholm_in_der_Oper_'Der_Freischütz'._In_den_1840ern_wuchs_ihr_Ruhm_nach_einer_Reihe_von_Auftritten_in_Europa_und_den_USA.;;;;;;;;;;;
EVTDESC36600_NEWS_SHORT;The_Swedish_soprano_Jenny_Lind_made_her_debut_in_the_opera_'Der_Freischütz'_in_Stockholm_in_1838,_and_during_the_1840s_her_fame_grew_as_she_made_a_series_of_appearances_in_Europe_and_the_USA.;;Die_schwedische_Sopranistin_Jenny_Lind_gab_ihr_Debüt_1838_in_Stockholm_in_der_Oper_'Der_Freischütz'._In_den_1840ern_wuchs_ihr_Ruhm_nach_einer_Reihe_von_Auftritten_in_Europa_und_den_USA.;;;;;;;;;;;
EVTDESC36611_NEWS_LONG;Swedish_author,_August_Strindberg_(1849-1912)_was_one_of_the_most_talented_personalities_of_world_literature._Playwright,_novelist,_and_short-story_writer,_his_work_exhibited_a_fury_and_genius_that_combined_naturalism,_psychology_and_mysticism._'The_Red_Room'_brought_him_to_fame_in_1879._It_satirized_the_institutions_and_conditions_of_Sweden_in_the_late_1870s._A_multifaceted_man,_Strindberg_possessed_a_fanatic_hatred_of_the_emancipated_woman,_was_interested_in_science_and_the_occult_and_also_tried_his_hand_at_painting,_photography_and_alchemy!;;Der_Schwede_August_Strindberg_(1849-1912)_war_einer_der_begabtesten_Autoren_der_Weltliteratur._Seine_Arbeit_als_Bühnenautor_und_seine_Romane_und_Kurzgeschichten_enthüllten_eine_Genialität_und_Leidenschaft,_die_Naturalismus,_Psychologie_und_Mystizismus_vereinten._'Das_rote_Zimmer'_machte_ihn_1879_bekannt,_eine_Satire_über_die_Institutionen_und_Bedingungen_in_Schweden_in_den_späten_1870ern._Als_Mann_vieler_Facetten_verachtete_er_die_Emanzipation_der_Frau,_interessierte_sich_für_Wissenschaft_und_das_Okkulte_und_versuchte_sich_in_Malerei,_Fotografie_und_Alchemie!;;;;;;;;;;;
EVTDESC36611_NEWS_MEDIUM;Swedish_author,_August_Strindberg_(1849-1912)_was_one_of_the_most_talented_personalities_of_world_literature._Playwright,_novelist,_and_short-story_writer,_his_work_exhibited_a_fury_and_genius_that_combined_naturalism,_psychology_and_mysticism.;;Der_Schwede_August_Strindberg_(1849-1912)_war_einer_der_begabtesten_Autoren_der_Weltliteratur._Seine_Arbeit_als_Bühnenautor_und_seine_Romane_und_Kurzgeschichten_enthüllten_eine_Genialität_und_Leidenschaft,_die_Naturalismus,_Psychologie_und_Mystizismus_vereinten.;;;;;;;;;;;
EVTDESC36611_NEWS_SHORT;Swedish_author,_August_Strindberg_(1849-1912)_was_one_of_the_most_talented_personalities_of_world_literature._Playwright,_novelist,_and_short-story_writer,_his_work_exhibited_fury_and_genius.;;Der_Schwede_August_Strindberg_(1849-1912)_war_einer_der_begabtesten_Autoren_der_Weltliteratur._Der_Bühnen-,_Roman-_und_Kurzgeschichten-Autor_sprudelte_vor_Genialität_und_Leidenschaft.;;;;;;;;;;;
EVTDESC37700_NEWS_LONG;To_consolidate_the_budget,_the_$COUNTRY_ADJ$_government_in_Madrid_ordered_that_Church_properties_be_confiscated_and_sold_without_any_compensation._The_Catholic_Church's_tax_privileges_were_also_revoked,_while_in_turn_the_state_agreed_to_assume_the_costs_of_church_upkeep._Many_liberals_perceived_the_Church_to_have_been_siding_with_Carlists_in_the_recent_civil_war,_and_considered_the_confiscation_and_sale_of_vastly_underused_and_mostly_monastic_property_to_be_an_act_of_justice,_as_well_as_an_opportunity_to_encourage_productive_use_of_that_land.;;Im_Rahmen_von_Budgeteinsparungen_veranlasste_die_$COUNTRY_ADJ$_Regierung_in_Madrid_die_Beschlagnahmung_und_den_Verkauf_kirchlichen_Eigentums_ohne_Entschädigung._Steuerbegünstigungen_der_kath._Kirche_wurden_abgeschafft_und_im_Gegenzug_übernahm_der_Staat_den_Unterhalt_der_Kirchen._Viele_Liberale_erkannten,_dass_die_Kirche_im_jüngsten_Bürgerkrieg_auf_Seiten_der_Carlisten_agiert_hatte_und_sahen_die_Beschlagnahmungen_und_den_Verkauf_meist_ungenutzten_klösterlichen_Eigentums_als_Gerechtigkeit_an_und_als_Chance,_das_Land_sinnvoll_zu_nutzen.;;;;;;;;;;;
EVTDESC37700_NEWS_MEDIUM;To_consolidate_the_budget,_the_$COUNTRY_ADJ$_government_in_Madrid_ordered_that_Church_properties_be_confiscated_and_sold_without_any_compensation._The_Catholic_Church's_tax_privileges_were_also_revoked,_while_in_turn_the_state_agreed_to_assume_the_costs_of_church_upkeep.;;Im_Rahmen_von_Budgeteinsparungen_veranlasste_die_$COUNTRY_ADJ$_Regierung_in_Madrid_die_Beschlagnahmung_und_den_Verkauf_kirchlichen_Eigentums_ohne_Entschädigung._Steuerbegünstigungen_der_kath._Kirche_wurden_abgeschafft_und_im_Gegenzug_übernahm_der_Staat_den_Unterhalt_der_Kirchen.;;;;;;;;;;;
EVTDESC37700_NEWS_SHORT;To_consolidate_the_budget,_the_$COUNTRY_ADJ$_government_in_Madrid_ordered_that_Church_properties_be_confiscated_and_sold_without_any_compensation.;;Im_Rahmen_von_Budgeteinsparungen_veranlasste_die_$COUNTRY_ADJ$_Regierung_in_Madrid_die_Beschlagnahmung_und_den_Verkauf_kirchlichen_Eigentums_ohne_Entschädigung.;;;;;;;;;;;
EVTDESC37701_NEWS_LONG;Native_Venezuelan_General_Narciso_López_was_executed_by_the_Spanish_colonial_authorities_in_Cuba._He_had_landed_with_a_small_group_of_men,_trying_to_incite_a_revolt_that_would_turn_Cuba_over_to_the_USA,_but_failed_due_to_lack_of_support_from_the_population._Brutal_treatment_of_military_prisoners_by_the_Spanish_sparked_a_wave_of_outrage_in_both_southern_and_northern_states_of_the_USA,_even_among_those_who_didn't_support_the_expedition._López's_endeavor,_despite_its_catastrophic_outcome,_inspired_a_number_of_other_filibusters_across_Latin_America.;;Der_venezolanische_General_Narciso_López_wurde_von_der_spanischen_Kolonialobrigkeit_in_Kuba_hingerichtet._Er_war_mit_einer_kleinen_Gruppe_von_Männern_gelandet,_um_eine_Revolte_zu_entfachen,_die_Kuba_an_die_USA_übergeben_würde,_scheiterte_jedoch_an_mangelnder_Unterstützung_durch_die_Bevölkerung._Der_brutale_Umgang_mit_milit._Gefangenen_entfachte_einen_Sturm_der_Entrüstung_in_den_Nord-_und_Südstaaten_der_USA_auch_unter_jenen,_die_den_General_nicht_unterstützten._Trotz_des_katastrophalen_Endes_von_López'_Unterfangen,_inspirierte_es_andere_Filibuster_in_Latein-Amerika.;;;;;;;;;;;
EVTDESC37701_NEWS_MEDIUM;Native_Venezuelan_General_Narciso_López_was_executed_by_the_Spanish_colonial_authorities_in_Cuba._He_had_landed_with_a_small_group_of_men,_trying_to_incite_a_revolt_that_would_turn_Cuba_over_to_the_USA,_but_failed_due_to_lack_of_support_from_the_population.;;Der_venezolanische_General_Narciso_López_wurde_von_der_span._Kolonialobrigkeit_in_Kuba_hingerichtet._Er_landete_mit_einer_kleinen_Gruppe_von_Männern,_um_eine_Revolte_zu_entfachen,_die_Kuba_an_die_USA_übergeben_würde,_scheiterte_jedoch_an_mangelnder_Unterstützung_der_Bevölkerung.;;;;;;;;;;;
EVTDESC37701_NEWS_SHORT;Native_Venezuelan_General_Narciso_López_was_executed_by_the_Spanish_colonial_authorities_in_Cuba._He_had_landed_with_a_small_group_of_men,_trying_to_turn_Cuba_over_to_the_USA.;;General_Narciso_López_aus_Venzuela_wurde_von_der_span._Kolonialobrigkeit_in_Kuba_hingerichtet._Er_landete_mit_einer_kleinen_Gruppe_von_Männern,_um_Kuba_an_die_USA_zu_übergeben.;;;;;;;;;;;
EVTDESC37706_NEWS_LONG;Spanish_painter_Pablo_Picasso_abandoned_the_conventional_ideas_of_painting_and_began_using_a_far_more_conceptual_style,_influenced_by_sculpture_and_African_art._One_of_the_most_influential_artists_of_the_20th_century,_he_spent_the_most_of_his_life_in_France._He_inspired_and_developed_a_wide_variety_of_different_styles,_among_others,_he_is_renowned_for_co-founding_of_the_Cubist_movement._Born_with_remarkable_talent,_Picasso_painted_realistically_through_his_childhood_and_adolescence,_to_advance_to_more_abstract_and_experimental_forms_later_in_his_life.;;Der_spanische_Maler_Pablo_Picasso_lehnte_die_konventionellen_Ideen_der_Malerei_ab_und_nutzte_einen_eher_konzeptionellen_Stil,_beeinflusst_von_den_Skulpturen_und_der_Kunst_Afrikas._Er_war_einer_der_einflussreichsten_Künstler_des_20._Jh.,_verbrachte_den_Großteil_seines_Lebens_in_Frankreich_und_inspirierte_und_entwickelte_eine_Reihe_verschiedener_Stilrichtungen,_u._a._die_kubistische_Bewegung._Picasso_malte_in_seiner_Jugend_realistische_Werke_und_entwickelte_in_späteren_Jahren_sein_unglaubliches_Talent_weiter_zu_abstrakter_und_experimenteller_Malerei.;;;;;;;;;;;
EVTDESC37706_NEWS_MEDIUM;Spanish_painter_Pablo_Picasso_abandoned_the_conventional_ideas_of_painting_and_began_using_a_far_more_conceptual_style._Born_with_remarkable_talent,_he_painted_realistically_through_his_childhood_and_adolescence,_to_advance_to_more_abstract_and_experimental_forms_later_in_his_life.;;Der_spanische_Maler_Pablo_Picasso_lehnte_die_konventionelle_Malerei_ab_und_nutzte_einen_eher_konzeptionellen_Stil._Picasso_malte_in_seiner_Jugend_realistische_Werke_und_entwickelte_in_späteren_Jahren_sein_unglaubliches_Talent_weiter_zu_abstrakter_und_experimenteller_Malerei.;;;;;;;;;;;
EVTDESC37706_NEWS_SHORT;Spanish_painter_Pablo_Picasso_abandoned_the_conventional_ideas_of_painting_and_began_using_a_far_more_conceptual_style,_influenced_by_sculpture_and_African_art.;;Der_spanische_Maler_Pablo_Picasso_lehnte_die_konventionellen_Ideen_der_Malerei_ab_und_nutzte_einen_eher_konzeptionellen_Stil,_beeinflusst_von_den_Skulpturen_und_der_Kunst_Afrikas.;;;;;;;;;;;
EVTDESC32500_NEWS_LONG;$COUNTRY$:_One_of_the_most_influential_writers_in_modern_Russian_literature,_who_brought_Russia_to_par_with_the_rest_of_Europe,_Pushkin_was_known_for_works_like_'Eugen_Onegin',_'Boris_Godunow',_and_'The_Captain's_Daughter'._Out_of_favor_with_the_court,_and_sinking_deeper_in_debt,_he_died_from_his_wounds_in_February_1837_after_a_duel_with_a_French_immigrant,_an_alleged_lover_of_his_wife_Natalya._Tsarist_administration_moved_and_restricted_his_funeral_fearing_a_political_demonstration.;;$COUNTRY$:_Pushkin_war_einer_der_einflussreichsten_Schriftsteller_der_modernen,_russischen_Literatur_und_brachte_Russland_auf_europ._Standard._Er_war_bekannt_für_Werke_wie_'Jewgeni_Onegin',_'Boris_Godunow'_und_'Die_Tochter_des_Kapitäns'._Er_verstarb,_bei_Hofe_in_Ungnade_gefallen_und_schwer_verschuldet,_1837_an_den_Wunden_eines_Duells_mit_einem_franz._Einwanderer,_der_angeblich_der_Liebhaber_seiner_Frau_Natalya_war._Die_Zarenregierung_verschob_und_beschränkte_seine_Beerdigung_aus_Furcht_vor_politischen_Demonstrationen.;;;;;;;;;;;
EVTDESC32500_NEWS_MEDIUM;$COUNTRY$:_One_of_the_most_influential_writers_in_modern_Russian_literature,_who_brought_Russia_to_par_with_the_rest_of_Europe,_Pushkin_was_known_for_works_like_'Eugen_Onegin',_'Boris_Godunow',_and_'The_Captain's_Daughter'.;;$COUNTRY$:_Pushkin_war_einer_der_einflussreichsten_Schriftsteller_der_modernen,_russischen_Literatur_und_brachte_Russland_auf_europ._Standard._Er_war_bekannt_für_Werke_wie_'Jewgeni_Onegin',_'Boris_Godunow'_und_'Die_Tochter_des_Kapitäns'.;;;;;;;;;;;
EVTDESC32500_NEWS_SHORT;$COUNTRY$:_One_of_the_most_influential_writers_in_Russian_literature,_who_brought_Russia_to_par_with_the_rest_of_Europe,_Pushkin_was_known_for_works_like_'Eugen_Onegin'_or_'Boris_Godunow'.;;$COUNTRY$:_Pushkin_war_einer_der_bekanntesten_Autoren_der_russischen_Literatur,_brachte_Russland_auf_europ._Standard_und_war_bekannt_für_Werke_wie_'Jewgeni_Onegin'_oder_'Boris_Godunow'.;;;;;;;;;;;
EVTDESC32505_NEWS_LONG;$COUNTRY$:_In_1880,_Fyodor_Dostoevsky_completed_his_magnum_opus,_'The_Brothers_Karamazov'._One_of_the_most_arresting_works_in_the_entire_history_of_literature,_'The_Brothers_Karamazov'_was_a_comedy_that_developed_the_major_themes_of_Dostoevsky's_post-Socialist_career_as_a_writer._A_comedy,_perhaps,_but_arguably_the_most_serious_comedy_ever_written._Dostoevsky's_works_were_hugely_influential_not_only_in_Russia_but_also_throughout_the_West,_and_not_only_in_literary_circles,_but_in_philosophical_and_religious_ones_as_well.;;$COUNTRY$:_1880_vollendete_Fjodor_Dostojewski_sein_Meisterwerk_'Die_Brüder_Karamazov'._Es_war_eines_der_fesselndsten_Werke_der_Literaturgeschichte,_eine_Komödie,_die_die_Hauptthemen_von_Dostojewskis_post-sozialistischer_Karriere_als_Schriftsteller_entwickelte._Ohne_Zweifel_die_ernsthafteste_Komödie,_die_je_geschrieben_wurde._Dostojewskis_Werke_beeinflussten_nicht_nur_Russland,_sondern_auch_den_Westen,_und_dies_nicht_nur_in_literarischen_Kreisen,_sondern_auch_in_der_Philosophie_und_Religion.;;;;;;;;;;;
EVTDESC32505_NEWS_MEDIUM;$COUNTRY$:_In_1880,_Fyodor_Dostoevsky_completed_his_magnum_opus,_'The_Brothers_Karamazov'._Dostoevsky's_works_were_hugely_influential_not_only_in_Russia_but_also_throughout_the_West,_and_not_only_in_literary_circles,_but_in_philosophical_and_religious_ones_as_well.;;$COUNTRY$:_1880_vollendete_Fjodor_Dostojewski_sein_Meisterwerk_'Die_Brüder_Karamazov'._Dostojewskis_Werke_beeinflussten_nicht_nur_Russland,_sondern_auch_den_Westen,_und_dies_nicht_nur_in_literarischen_Kreisen,_sondern_auch_in_der_Philosophie_und_Religion.;;;;;;;;;;;
EVTDESC32505_NEWS_SHORT;$COUNTRY$:_In_1880,_Fyodor_Dostoevsky_completed_his_magnum_opus,_'The_Brothers_Karamazov'._Dostoevsky's_works_were_hugely_influential_in_Russia_and_throughout_the_West.;;$COUNTRY$:_1880_vollendete_Fjodor_Dostojewski_sein_Meisterwerk_'Die_Brüder_Karamazov'._Dostoevskys_Werke_beeinflussten_Russland_und_den_gesamten_Westen.;;;;;;;;;;;
EVTDESC35700_NEWS_LONG;Vatican,_Rome:_Pope_Leo_XIII's_encyclical_on_the_'Rights_and_Duties_of_Capital_and_Labor'_began_with_the_words_'Rerum_Novarum'._In_the_encyclical's_analysis,_the_spirit_of_socialist_revolutionary_change_had_begun_to_pervade_ever_more_areas._The_causes_of_the_conflict,_it_claimed,_were_clear:_The_vast_expansion_of_industrial_pursuits,_the_changed_relations_between_masters_and_workmen,_the_accumulation_of_enormous_fortunes_by_a_few_individuals_and_the_utter_poverty_of_the_masses,_and_the_prevailing_moral_degeneracy.;;Vatikan,_Rom:_Papst_Leo_XIII.s_Enzyklika_über_die_'Rechte_und_Pflichten_des_Kapitals_und_der_Arbeit'_begann_mit_den_Worten_'Rerum_Novarum'._In_der_Analyse_hatte_sich_der_Geist_der_sozialistischen_Revolution_auf_weitere_Bereiche_ausgedehnt._Die_Ursache_dieses_Konflikts_war_demnach_angeblich_klar:_Die_gewaltige_Ausbreitung_industriellen_Strebens,_die_geänderte_Beziehung_zw._Meister_und_Arbeiter,_die_Ansammlung_gewaltigen_Reichtums_durch_einige_wenige_und_die_große_Armut_der_Massen,_sowie_die_Degeneration_der_Moral.;;;;;;;;;;;
EVTDESC35700_NEWS_MEDIUM;Vatican,_Rome:_Pope_Leo_XIII's_encyclical_on_the_'Rights_and_Duties_of_Capital_and_Labor'_warned_that_caused_by_the_utter_poverty_of_the_masses_and_prevailing_moral_degeneracy,_the_spirit_of_socialist_revolutionary_change_had_begun_to_pervade_ever_more_areas.;;Vatikan,_Rom:_Papst_Leo_XIII.s_Enzyklika_über_die_'Rechte_und_Pflichten_des_Kapitals_und_der_Arbeit'_warnte,_dass_die_große_Armut_der_Massen_und_die_moralische_Degeneration_den_Geist_der_sozialistischen_Revolution_auf_weitere_Bereiche_ausdehnte.;;;;;;;;;;;
EVTDESC35700_NEWS_SHORT;Vatican,_Rome:_Pope_Leo_XIII's_encyclical_on_the_'Rights_and_Duties_of_Capital_and_Labor'_warned_that_the_spirit_of_socialist_revolutionary_change_had_begun_to_pervade_ever_more_areas.;;Vatikan,_Rom:_Papst_Leo_XIII.s_Enzyklika_über_die_'Rechte_und_Pflichten_des_Kapitals_und_der_Arbeit'_warnte,_dass_sich_der_Geist_der_sozialistischen_Revolution_auf_weitere_Bereiche_ausdehnte.;;;;;;;;;;;
EVTDESC38500_NEWS_LONG;The_first_Omani_vessel_to_sail_to_the_New_World,_the_Sultana_arrived_in_New_York_in_1840,_bringing_the_personal_representative_of_Sultan_Sayyid_Said_ibn_Sultan_to_trade_with_America_and_to_meet_with_the_American_government._Having_deprived_his_brother_of_joint_rule,_Sayyid_ibn_Sultan_moved_the_capital_from_Muscat,_Oman_to_Stone_Town,_Zanzibar._He's_renowned_for_very_active_foreign_policy_seeking_trade_treaties_with_the_United_Kingdom,_France_and_the_USA._Per_London's_request_he_outlawed_slavery_among_his_subjects,_one_of_key_industries_in_Oman_prior_to_his_rule.;;Die_Sultana_war_das_erste_omanische_Schiff_in_der_Neuen_Welt_und_erreichte_1840_New_York,_an_Bord_den_persönl._Repräsentanten_von_Sayyid_Said_ibn_Sultan,_um_die_amerik._Regierung_zu_treffen_und_Handel_zu_betreiben._Sayyid_ibn_Sultan_hatte_seinen_Bruder_um_die_geteilte_Herrschaft_gebracht_und_die_Hauptstadt_von_Maskat,_Oman,_nach_Stone_Town,_Sansibar,_verlegt._Seine_Auslandspolitik_strebte_nach_Handel_mit_Großbritannien,_Frankreich_und_den_USA._Auf_Londons_Anfrage_verbot_er_seinen_Untertanen_die_Sklaverei,_die_vor_seiner_Herrschaft_die_Hauptindustrie_des_Omans_war.;;;;;;;;;;;
EVTDESC38500_NEWS_MEDIUM;The_first_Omani_vessel_to_sail_to_the_New_World,_the_Sultana_arrived_in_New_York_in_1840,_bringing_the_personal_representative_of_Sultan_Sayyid_Said_ibn_Sultan_to_trade_with_America_and_to_meet_with_the_American_government.;;Die_Sultana_segelte_als_erstes_omanisches_Schiff_in_die_Neue_Welt_und_erreichte_1840_New_York,_an_Bord_den_persönl._Repräsentanten_von_Sultan_Sayyid_Said_ibn_Sultan,_um_die_amerik._Regierung_zu_treffen_und_Handel_zu_betreiben.;;;;;;;;;;;
EVTDESC38500_NEWS_SHORT;The_first_Omani_vessel_to_sail_to_the_New_World,_the_Sultana_arrived_in_New_York_in_1840,_bringing_the_personal_representative_of_Sultan_Sayyid_Said_ibn_Sultan_to_trade_with_America.;;Die_Sultana_segelte_als_erstes_omanisches_Schiff_in_die_Neue_Welt_und_erreichte_1840_New_York,_an_Bord_den_persönl._Repräsentanten_von_Sayyid_Said_ibn_Sultan,_um_mit_Amerika_zu_handeln.;;;;;;;;;;;
EVTDESC36400_NEWS_LONG;Edvard_Munch_(1863-1944),_a_Norwegian_painter,_was_instrumental_to_the_development_of_Expressionism_and_Symbolism._His_works_shook_the_higher_classes_of_society_to_such_a_degree_that_at_first_they_were_banned._His_paintings_raised_awareness_of_the_horrid_conditions_of_society's_less_fortunate._'Unlike_other_artists,_he_sees_what_is_essential,_and_that_he_paints'_a_friend_defended_him._Done_in_four_different_versions,_the_most_famed_of_Munch's_works,_his_iconic_painting_'The_Scream',_sold_for_the_record_highest_nominal_price_ever_paid_at_an_auction.;;Der_norwegische_Maler_Edvard_Munch_(1863-1944)_spielte_eine_wichtige_Rolle_im_Expressionismus_und_Symbolismus._Seine_Werke_wühlten_die_gehobenen_Gesellschaftsschichten_zunächst_so_auf,_dass_sie_verboten_wurden._Seine_Gemälde_machten_auf_die_schrecklichen_Lebensbedingungen_der_Armen_aufmerksam._'Wie_kein_anderer_Künstler_sieht_er_das_Wesentliche,_und_das_malt_er',_verteidigte_ihn_ein_Freund._Eines_der_bekanntesten,_in_vier_Versionen_existierenden_Werke_Munchs_ist_das_ikonenhafte_Bild_'Der_Schrei',_das_für_einen_Rekordpreis_auf_einer_Auktion_verkauft_wurde.;;;;;;;;;;;
EVTDESC36400_NEWS_MEDIUM;Edvard_Munch_(1863-1944)_was_instrumental_to_the_development_of_Expressionism_and_Symbolism._His_works_shook_the_higher_classes_of_society_to_such_a_degree_that_at_first_they_were_banned._His_paintings_raised_awareness_of_the_horrid_conditions_of_society's_less_fortunate.;;Edvard_Munch_(1863-1944)_spielte_eine_wichtige_Rolle_im_Expressionismus_und_Symbolismus._Seine_Werke_wühlten_die_gehobenen_Gesellschaftsschichten_zunächst_so_auf,_dass_sie_verboten_wurden._Seine_Gemälde_machten_auf_die_schrecklichen_Lebensbedingungen_der_Armen_aufmerksam.;;;;;;;;;;;
EVTDESC36400_NEWS_SHORT;Edvard_Munch_(1863-1944)_was_instrumental_to_the_development_of_Expressionism_and_Symbolism._His_works_shook_the_higher_classes_of_society_to_such_a_degree_that_at_first_they_were_banned.;;Edvard_Munch_(1863-1944)_spielte_eine_wichtige_Rolle_im_Expressionismus_und_Symbolismus._Seine_Werke_wühlten_die_gehobenen_Gesellschaftsschichten_zunächst_so_auf,_dass_sie_verboten_wurden.;;;;;;;;;;;
EVTDESC36401_NEWS_LONG;Farmer's_son_and_teacher_Ivar_Aasen_(1813-1896)_saw_need_for_a_reformation_of_the_Norwegian_written_language,_which_up_to_this_point_had_been_Danish._By_means_of_several_journeys_across_the_country_made_through_small_villages_and_farming_communities,_he_created_the_grammar_and_a_dictionary_for_a_'new'_Norwegian_language._Although_his_codification_of_the_spoken_language_did_little_to_educate_the_people_he_sought_to_help,_many_of_his_poems_became_popular_songs._Just_before_his_death_his_new_language_received_official_recognition_by_the_Norwegian_parliament.;;Der_Bauernsohn_und_Lehrer_Ivar_Aasen_(1813-1896)_sah_den_Bedarf_einer_Reform_der_norwegischen_Schriftsprache,_die_bis_dahin_Dänisch_war._Mithilfe_zahlreicher_Reisen_durch_das_Land,_in_kleine_Dörfer_und_Bauerngemeinden,_entwickelte_er_eine_Grammatik_und_ein_Wörterbuch_für_eine_'neue'_norwegische_Sprache._Auch_wenn_seine_Aufzeichnungen_der_gesprochenen_Sprache_nicht_den_Leuten_halfen,_für_die_er_sprach,_so_wurden_viele_seiner_Gedichte_populäre_Lieder._Kurz_vor_seinem_Tod_wurde_seine_neue_Sprache_vom_norwegischen_Parlament_offiziell_anerkannt.;;;;;;;;;;;
EVTDESC36401_NEWS_MEDIUM;Farmer's_son_and_teacher_Ivar_Aasen_(1813-1896)_saw_need_for_a_reformation_of_the_Norwegian_written_language,_which_up_to_this_point_had_been_Danish._He_created_the_grammar_and_a_dictionary_for_a_'new'_Norwegian_language._Many_of_his_poems_became_popular_songs.;;Der_Bauernsohn_und_Lehrer_Ivar_Aasen_(1813-1896)_sah_den_Bedarf_einer_Reform_der_norwegischen_Schriftsprache,_die_bis_dahin_Dänisch_war._Er_entwickelte_eine_Grammatik_und_ein_Wörterbuch_für_eine_'neue'_norwegische_Sprache._Viele_seiner_Gedichte_wurden_populäre_Lieder.;;;;;;;;;;;
EVTDESC36401_NEWS_SHORT;Farmer's_son_and_teacher_Ivar_Aasen_(1813-1896)_saw_need_for_a_reformation_of_the_Norwegian_written_language,_which_up_to_this_point_had_been_Danish._He_created_the_'new'_Norwegian_language.;;Der_Bauernsohn_und_Lehrer_Ivar_Aasen_(1813-1896)_sah_den_Bedarf_einer_Reform_der_norwegischen_Schriftsprache,_die_bis_dahin_Dänisch_war._Er_entwickelte_eine_'neue'_norwegische_Sprache.;;;;;;;;;;;
EVTDESC44000_NEWS_LONG;With_the_opening_of_Hawaii_to_outside_influence,_new_diseases_arrived_to_plague_the_islands._Leprosy_was_among_the_scourges,_and_fearing_the_disease_was_highly_communicable,_a_leper_colony_has_been_established_on_the_island_of_Molokai_to_quarantine_the_victims._A_Belgian_missionary,_Father_Damien,_has_offered_his_services_to_oversee_the_colony_and_ensure_its_operation_for_the_benefit_of_the_victims._Considered_a_martyr_of_charity,_he_died_of_the_disease_himself,_contracting_it_after_sixteen_years_of_rendering_aid_to_the_sick.;;Mit_der_Öffnung_Hawaiis_gegenüber_fremden_Einflüssen_erreichten_neue_Krankheiten_die_Inseln._Lepra_war_eine_der_Seuchen_und_im_Verdacht,_hoch_ansteckend_zu_sein,_sodass_eine_Leprakolonie_auf_der_Insel_Molokai_errichtet_wurde,_um_die_Infizierten_unter_Quarantäne_zu_stellen._Der_belgische_Missionar_Pater_Damien_bot_seine_Dienste_an,_die_Kolonie_zu_verwalten_und_ihre_Verwaltung_zugunsten_der_Kranken_sicherzustellen._Er_starb_an_der_Krankheit_nach_sechzehn_aufopfernden_Jahren_der_Krankenpflege_als_Märtyrer.;;;;;;;;;;;
EVTDESC44000_NEWS_MEDIUM;With_the_opening_of_Hawaii_to_outside_influence,_new_diseases_arrived_to_plague_the_islands._Leprosy_was_among_the_scourges,_and_fearing_the_disease_was_highly_communicable,_a_leper_colony_has_been_established_on_the_island_of_Molokai_to_quarantine_the_victims.;;Mit_der_Öffnung_Hawaiis_gegenüber_fremden_Einflüssen_erreichten_neue_Krankheiten_die_Inseln._Lepra_war_eine_der_Seuchen_und_im_Verdacht,_hoch_ansteckend_zu_sein,_so_dass_eine_Leprakolonie_auf_der_Insel_Molokai_errichtet_wurde,_um_die_Infizierten_unter_Quarantäne_zu_stellen.;;;;;;;;;;;
EVTDESC44000_NEWS_SHORT;With_the_opening_of_Hawaii_to_outside_influence,_new_diseases_arrived_to_plague_the_islands._Leprosy_was_among_the_scourges._A_leper_colony_has_been_established_on_the_island_of_Molokai.;;Mit_der_Öffnung_Hawaiis_gegenüber_fremden_Einflüssen_erreichten_neue_Krankheiten_die_Inseln._Lepra_war_eine_der_Seuchen._Eine_Leprakolonie_wurde_auf_der_Insel_Molokai_errichtet.;;;;;;;;;;;
EVTDESC36204_NEWS_LONG;In_1848,_slaves_in_the_Danish_Virgin_Islands_rebelled._The_Governor,_Peter_von_Scholten,_decided_to_free_them,_rather_than_use_force_to_crush_the_rebellion._Von_Scholten_cited_an_1847_law_that_stated_that_all_babies_born_to_slaves_were_to_be_free_as_the_reason_for_displeasure_leading_to_the_uprising._Scholar's_agree_his_living_with_Anna_Heegaard,_a_woman_of_color,_influenced_his_views_on_the_subject._Von_Scholten's_action_met_with_considerable_resistance_from_planters._He_was_recalled_to_Denmark_and_put_on_trial,_but_he_was_later_exonerated_by_the_Supreme_Court.;;1848_rebellierten_die_Sklaven_auf_den_dän._Jungferninseln._Der_Gouverneur_Peter_von_Scholten_entschloss_sich,_sie_ohne_Gegenwehr_freizulassen._Von_Scholten_berief_sich_auf_ein_Gesetz_von_1847_das_besagte,_dass_alle_von_Sklaven_geborene_Kinder_freizusein_hatten,_als_Auslöser_des_Aufstandes._Gelehrte_sahen_den_Grund_vielmehr_in_seiner_Partnerschaft_mit_der_Farbigen_Anna_Heegaard._Sein_Entschluss_traf_auf_heftigen_Widerstand_der_Plantagenbauern._Er_wurde_nach_Dänemark_zurückbeordert_und_vor_Gericht_gestellt._Das_Verfassungsgericht_entlastete_ihn_schließlich.;;;;;;;;;;;
EVTDESC36204_NEWS_MEDIUM;In_1848,_slaves_in_the_Danish_Virgin_Islands_rebelled._The_Governor,_Peter_von_Scholten,_decided_to_free_them,_rather_than_use_force_to_crush_the_rebellion._He_was_recalled_to_Denmark_and_put_on_trial,_but_he_was_later_exonerated_by_the_Supreme_Court.;;1848_rebellierten_die_Sklaven_auf_den_dänischen_Jungferninseln._Der_Gouverneur_Peter_von_Scholten_entschloss_sich,_sie_ohne_Gegenwehr_freizulassen._Er_wurde_nach_Dänemark_zurückbeordert_und_vor_Gericht_gestellt._Das_Verfassungsgericht_entlastete_ihn_schließlich.;;;;;;;;;;;
EVTDESC36204_NEWS_SHORT;In_1848,_slaves_in_the_Danish_Virgin_Islands_rebelled._The_Governor,_Peter_von_Scholten,_decided_to_free_them,_rather_than_use_force_to_crush_the_rebellion.;;1848_rebellierten_die_Sklaven_auf_den_dänischen_Jungferninseln._Der_Gouverneur_Peter_von_Scholten_entschloss_sich,_sie_ohne_Gegenwehr_freizulassen.;;;;;;;;;;;
EVTDESC36217_NEWS_LONG;Danish_writer_and_philosopher_Kierkegaard_published_his_work_'Either_-_Or'_in_1843._Kierkegaard_is_generally_regarded_as_the_first_existentialist_philosopher._'God_is_not_like_a_human_being,_it_is_not_important_for_God_to_have_visible_evidence_so_that_he_can_see_if_his_cause_has_been_victorious_or_not,_he_sees_in_secret_just_as_well._He_is_who_will_help_you_to_learn_anew,_so_that_you_are_weaned_from_the_worldly_point_of_view_that_insists_on_visible_evidence',_he_once_said,_explaining_his_theological_views.;;Der_dänische_Autor_und_Philosoph_Kierkegaard_veröffentlichte_1843_sein_Werk_'Entweder_-_Oder'._Er_wird_als_der_erste_Existentialist_angesehen._'Gott_ist_nicht_wie_der_Mensch._Er_braucht_keine_sichtbaren_Beweise,_um_zu_wissen,_ob_er_erfolgreich_war,_er_sieht_das_Verborgene._Er_ist_es,_der_dich_die_Erkenntnis_lehren_wird,_um_dich_vom_weltlichen_Standpunkt_zu_entwöhnen,_der_auf_sichtbaren_Beweisen_beharrt.'_sagte_er_einst,_um_seine_theologischen_Ansichten_zu_erklären.;;;;;;;;;;;
EVTDESC36217_NEWS_MEDIUM;Danish_writer_and_philosopher_Kierkegaard_published_his_work_'Either_-_Or'_in_1843._'It_is_not_important_for_God_to_have_visible_evidence_so_that_he_can_see_if_his_cause_has_been_victorious_or_not,_he_sees_in_secret_just_as_well.',_he_once_said,_explaining_his_theological_views.;;Der_dänische_Autor_und_Philosoph_Kierkegaard_veröffentlichte_1843_sein_Werk_'Entweder_-_Oder'._'Gott_braucht_keine_sichtbaren_Beweise,_um_zu_wissen,_ob_er_erfolgreich_war,_er_sieht_das_Verborgene.'_sagte_er_einst,_um_seine_theologischen_Ansichten_zu_erklären.;;;;;;;;;;;
EVTDESC36217_NEWS_SHORT;Danish_writer_and_philosopher_Kierkegaard_published_his_work_'Either_-_Or'_in_1843._Kierkegaard_is_generally_regarded_as_the_first_existentialist_philosopher.;;Der_dänische_Autor_und_Philosoph_Kierkegaard_veröffentlichte_1843_sein_Werk_'Entweder_-_Oder'._Er_wird_als_der_erste_Existentialist_angesehen.;;;;;;;;;;;
EVTDESC90900_NEWS_LONG;After_years_of_humiliating_treaties,_exploitation_and_intimidation,_$COUNTRY$_now_stands_as_equal_to_the_western_powers._The_dragon_is_awaken_and_might_shake_the_world._As_the_establishment_of_schools_and_industries_is_picking_up_its_speed,_the_reforms_in_the_army_and_the_navy_bring_them_to_equal_status_with_their_western_counterparts,_and_reforms_of_the_institutions_allow_the_state_to_govern_more_effectively,_the_Chinese_with_their_vast_resources_and_population_might_soon_find_themselves_among_the_great_powers_of_this_world.;;Nach_Jahren_der_erniedrigenden_Abkommen,_Ausbeutung_und_Einschüchterung_steht_$COUNTRY$_den_westlichen_Mächten_nun_gleichberechtigt_gegenüber._Der_Drache_ist_erwacht_und_wird_die_Welt_erschüttern._Während_Schulen_und_Industrien_rapide_zunehmen,_bringen_die_Reformen_der_Armee_und_Marine_das_Land_auf_gleiche_Stufe_wie_die_westlichen_Nationen._Verwaltungsreformen_erlauben_eine_effizientere_Regierung._Die_Chinesen_könnten_sich_mit_all_ihren_Ressourcen_und_ihrer_Bevölkerung_schon_bald_unter_den_Großmächten_der_Welt_befinden.;;;;;;;;;;;
EVTDESC90900_NEWS_MEDIUM;After_years_of_humiliating_treaties,_exploitation_and_intimidation,_$COUNTRY$_now_stands_as_equal_to_the_western_powers._The_dragon_is_awaken_and_might_shake_the_world._The_Chinese_might_soon_find_themselves_among_the_great_powers_of_this_world.;;Nach_Jahren_der_erniedrigenden_Abkommen,_Ausbeutung_und_Einschüchterung_steht_$COUNTRY$_den_westlichen_Mächten_nun_gleichberechtigt_gegenüber._Der_Drache_ist_erwacht_und_wird_die_Welt_erschüttern._Die_Chinesen_könnten_sich_schon_bald_unter_den_Großmächten_der_Welt_befinden.;;;;;;;;;;;
EVTDESC90900_NEWS_SHORT;After_years_of_humiliating_treaties,_exploitation_and_intimidation,_$COUNTRY$_now_stands_as_equal_to_the_western_powers._The_dragon_is_awaken_and_might_shake_the_world.;;Nach_Jahren_der_erniedrigenden_Abkommen,_Ausbeutung_und_Einschüchterung_steht_$COUNTRY$_den_westl._Mächten_nun_gleichberechtigt_gegenüber._Der_Drache_ist_erwacht_und_wird_die_Welt_erschüttern.;;;;;;;;;;;
EVTDESC90902_NEWS_LONG;China_has_fractured._What_once_stood_as_one_has_fallen_apart,_dividing_the_resources_and_the_people._What_could_have_been_a_great_power,_now_will_at_best_become_a_number_of_regional_powers_competing_between_each_other_more_than_competing_together_against_the_west,_a_set_of_puppets_to_western_ploys_more_than_a_strong_state_rejecting_them_with_its_strength_and_unity._The_West_doesn't_calm_though,_through_industrial_and_military_power_one_of_the_smaller_states_might_yet_rise_above_others_and_rally_them_under_its_banners_to_awaken_the_dragon_and_shake_the_world.;;China_ist_zerspalten._Die_einstige_Einheit_ist_zerbrochen,_die_Ressourcen_und_Menschen_sind_geteilt._Was_eine_Großmacht_hätte_sein_können,_wird_nun_eine_Reihe_regionaler_Kräfte_im_Wettbewerb_gegeneinander,_nicht_im_gemeinsamen_Wettstreit_gg._den_Westen._Sie_sind_nichts_weiter_als_Marionetten_westl._Ränkespiele,_kein_starker_Staat,_der_sich_diesen_als_Einheit_widersetzt._Doch_der_Westen_bleibt_wachsam,_mit_indust._und_milit._Stärke_könnte_einer_der_kleineren_Staaten_erwachen,_andere_unter_seinem_Banner_vereinen,_den_Drachen_erwecken_und_die_Welt_erschüttern.;;;;;;;;;;;
EVTDESC90902_NEWS_MEDIUM;China_has_fractured._What_once_stood_as_one_has_fallen_apart,_dividing_the_resources_and_the_people._What_could_have_been_a_great_power,_now_will_at_best_become_a_number_of_regional_powers_competing_between_each_other_more_than_competing_together_against_the_west.;;China_ist_zerspalten._Die_einstige_Einheit_ist_zerbrochen,_die_Ressourcen_und_Menschen_sind_geteilt._Was_eine_Großmacht_hätte_sein_können,_wird_nun_eine_Reihe_regionaler_Kräfte_im_Wettbewerb_gegeneinander,_nicht_im_gemeinsamen_Wettstreit_gg._den_Westen.;;;;;;;;;;;
EVTDESC90902_NEWS_SHORT;China_has_fractured._What_once_stood_as_one_fell_apart,_dividing_the_resources_and_the_people._What_could_have_been_a_great_power,_turned_into_regional_powers_competing_against_each_other.;;China_ist_zerspalten._Die_Einheit_ist_zerbrochen,_die_Ressourcen_und_Menschen_sind_geteilt._Was_eine_Großmacht_hätte_sein_können,_sind_nun_viele_regionale_Kräfte_im_Wettstreit_untereinander.;;;;;;;;;;;
EVTDESC37201_NEWS_LONG;$COUNTRY$:_The_Arc_de_Triomphe_in_Paris,_commissioned_by_Napoléon_Bonaparte_and_designed_by_Jean_Chalgrin,_was_unveiled_in_1836_after_thirty_years_of_construction._Inspired_by_the_triumphal_arches_of_the_Romans,_the_monument_displays_scenes_from_the_French_Revolutionary_war_and_Napoléon's_successes._The_largest_triumphal_arch_to_date,_located_on_the_right_bank_of_the_Seine_in_the_center_of_a_dodecagonal_configuration_of_twelve_radiating_avenues,_it_stands_50_meters_high,_45_meters_wide_and_22_meters_deep.;;$COUNTRY$:_Der_von_Napoléon_Bonaparte_in_Auftrag_gegebene_und_von_Jean_Chalgrin_entworfene_Arc_de_Triomphe_in_Paris_wurde_1836_nach_dreißig_Jahren_Bauzeit_enthüllt._Das_Monument_zeigt,_inspiriert_von_Triumphbögen_Roms,_Szenen_der_franz._Koalitionskriege_und_Napoléons_Erfolgen._Er_ist_mit_50_Metern_Höhe,_45_Metern_Breite_und_22_Metern_Fläche_der_größte_Triumphbogen_dieser_Zeit_und_befindet_sich_am_rechten_Ufer_der_Seine,_im_Zentrum_eines_Zwölfecks_mit_zwölf_herausführenden_Alleen.;;;;;;;;;;;
EVTDESC37201_NEWS_MEDIUM;$COUNTRY$:_The_Arc_de_Triomphe_in_Paris,_commissioned_by_Napoléon_Bonaparte,_was_unveiled_in_1836_after_thirty_years_of_construction._Inspired_by_the_triumphal_arches_of_the_Romans,_the_monument_displays_scenes_from_the_French_Revolutionary_war_and_Napoléon's_successes.;;$COUNTRY$:_Der_von_Napoléon_Bonaparte_in_Auftrag_gegebene_Arc_de_Triomphe_in_Paris_wurde_1836_nach_dreißig_Jahren_Bauzeit_enthüllt._Das_Monument_zeigt,_inspiriert_von_Triumphbögen_Roms,_Szenen_der_franz._Koalitionskriege_und_Napoléons_Erfolgen.;;;;;;;;;;;
EVTDESC37201_NEWS_SHORT;$COUNTRY$:_The_Arc_de_Triomphe_in_Paris,_commissioned_by_Napoléon_Bonaparte_and_designed_by_Jean_Chalgrin,_was_unveiled_in_1836_after_thirty_years_of_construction.;;$COUNTRY$:_Der_von_Napoléon_Bonaparte_in_Auftrag_gegebene_und_von_Jean_Chalgrin_entworfene_Arc_de_Triomphe_in_Paris_wurde_1836_nach_dreißig_Jahren_Bauzeit_enthüllt.;;;;;;;;;;;
EVTDESC37204_NEWS_LONG;The_body_of_Napoléon_Bonaparte,_who_died_in_1821_on_St._Helena,_was_exhumed_and_returned_to_France_in_December_1840._During_the_first_days_after_his_funeral_in_the_Dôme_des_Invalides_in_Paris,_hundreds_of_thousands_paid_him_their_respects._In_his_last_will_Bonaparte_pleaded_to_be_buried_'on_the_banks_of_the_Seine,_in_the_midst_of_the_French_people_[he]_loved_so_much'._Buried_with_the_very_sword_he_wore_at_Austerlitz_and_Marengo,_Napoléon's_body_rested_in_a_sacrophagus_placed_on_two_slabs_of_marble_in_a_round_crypt_without_a_ceiling.;;Der_Körper_des_1821_in_St._Helena_verstorbenen_Napoléon_Bonaparte_wurde_exhumiert_und_kehrte_im_Winter_1840_nach_Frankreich_zurück._In_den_ersten_Tagen_nach_seiner_Beerdigung_im_Dôme_des_Invalides_in_Paris_zollten_ihm_Hunderttausende_ihren_Respekt._In_seinem_Testament_bat_er_darum,_'an_den_Ufern_der_Seine_inmitten_des_französischen_Volks,_das_[er]_so_liebte',_begraben_zu_werden._Er_fand_seine_letzte_Ruhe_in_einem_auf_zwei_Marmorblöcken_ruhenden_Sarkophag,_in_einer_runden__Krypta_ohne_Dach,_in_seinen_Händen_das_Schwert,_das_er_bei_Austerlitz_und_Marengo_trug.;;;;;;;;;;;
EVTDESC37204_NEWS_MEDIUM;The_body_of_Napoléon_Bonaparte,_who_died_in_1821_on_St._Helena,_was_exhumed_and_returned_to_France_in_December_1840._During_the_first_days_after_his_funeral_in_the_Dôme_des_Invalides_in_Paris,_hundreds_of_thousands_paid_him_their_respects.;;Der_Körper_des_1821_in_St._Helena_verstorbenen_Napoléon_Bonaparte_wurde_exhumiert_und_kehrte_im_Winter_1840_nach_Frankreich_zurück._In_den_ersten_Tagen_nach_seiner_Beerdigung_im_Dôme_des_Invalides_in_Paris_zollten_ihm_Hunderttausende_ihren_Respekt.;;;;;;;;;;;
EVTDESC37204_NEWS_SHORT;The_body_of_Napoléon_Bonaparte,_who_died_in_1821_on_St._Helena,_was_exhumed_and_returned_to_France_in_December_1840._Hundreds_of_thousands_paid_him_their_respects.;;Der_Körper_des_1821_in_St._Helena_verstorbenen_Napoléon_Bonaparte_wurde_exhumiert_und_kehrte_im_Winter_1840_nach_Frankreich_zurück._Hunderttausende_zollten_ihm_ihren_Respekt.;;;;;;;;;;;
EVTDESC37213_NEWS_LONG;$COUNTRY$:_In_1835_Alexis_de_Tocqueville_published_his_'Democracy_in_America',_which_was_immediately_recognized_as_a_classic_in_both_America_and_France._In_it_he_remarked_on_the_litigiousness_and_religiosity_of_Americans,_something_that_remains_a_puzzle_to_Europeans_today._Tocqueville_is_one_of_the_few_historians_with_more_than_one_'classic'_to_his_credit._His_other_great_work,_'The_Old_Regime_and_the_French_Revolution',_was_published_in_1856_just_three_years_before_his_death.;;$COUNTRY$:_1835_veröffentlichte_Alexis_de_Tocqueville_sein_Werk_'Demokratie_in_Amerika',_das_sowohl_in_Amerika_als_auch_in_Frankreich_sofort_ein_Klassiker_wurde._In_ihm_offenbarte_er_die_Streitsucht_und_Religiösität_der_Amerikaner,_etwas,_das_Europa_heute_noch_in_Erstaunen_versetzt._Tocqueville_ist_einer_der_wenigen_Historiker_mehr_als_einen_'Klassiker'_vorzuweisen_hat._Das_andere_Meisterwerk_ist_'Das_alte_Regime_und_die_französische_Revolution',_das_1856,_nur_drei_Jahre_vor_seinem_Tod,_veröffentlicht_wurde.;;;;;;;;;;;
EVTDESC37213_NEWS_MEDIUM;$COUNTRY$:_In_1835_Alexis_de_Tocqueville_published_his_'Democracy_in_America',_which_was_immediately_recognized_as_a_classic_in_both_America_and_France._He_is_one_of_the_few_historians_with_more_than_one_'classic'_to_his_credit.;;$COUNTRY$:_1835_veröffentlichte_Alexis_de_Tocqueville_sein_Werk_'Demokratie_in_Amerika',_das_sowohl_in_Amerika_als_auch_in_Frankreich_sofort_ein_Klassiker_wurde._Er_ist_einer_der_wenigen_Historiker_mit_mehr_als_einem_'Klassiker'_vorzuweisen_hat.;;;;;;;;;;;
EVTDESC37213_NEWS_SHORT;$COUNTRY$:_In_1835_Alexis_de_Tocqueville_published_his_'Democracy_in_America',_which_was_immediately_recognized_as_a_classic_in_both_America_and_France.;;$COUNTRY$:_1835_veröffentlichte_Alexis_de_Tocqueville_sein_Werk_'Demokratie_in_Amerika',_welches_sowohl_in_Amerika_als_auch_in_Frankreich_sofort_ein_Klassiker_wurde.;;;;;;;;;;;
EVTDESC37216_NEWS_LONG;$COUNTRY$:_In_1894,_a_handwritten_bordereau_was_discovered_by_a_French_spy_in_the_German_embassy,_containing_secret_French_military_documents._Suspicion_fell_upon_the_Jewish_captain_Alfred_Dreyfus,_and_he_was_convicted_by_court-martial_and_sentenced_to_life_imprisonment_on_Devil's_Island._Dreyfus_protested_his_innocence_denying_authorship_of_the_bordereau,_but_to_no_avail.;;$COUNTRY$:_1894_wurde_ein_handschriftliches_Verzeichnis_von_einem_französischen_Spion_in_der_deutschen_Botschaft_entdeckt,_das_geheime,_französische_Militärdokumente_enthielt._Der_Verdacht_fiel_auf_den_jüdischen_Feldherrn_Alfred_Dreyfus,_der_von_einem_Kriegsgericht_für_schuldig_befunden_und_zu_einem_Leben_in_Gefangenschaft_auf_Devil's_Island_verurteilt_wurde._Dreyfus_beteuerte_erfolglos_seine_Unschuld.;;;;;;;;;;;
EVTDESC37216_NEWS_MEDIUM;$COUNTRY$:_In_1894,_a_handwritten_bordereau_was_discovered_by_a_French_spy_in_the_German_embassy,_containing_secret_French_military_documents._Suspicion_fell_upon_the_Jewish_captain_Alfred_Dreyfus,_and_he_was_sentenced_to_life_imprisonment_on_Devil's_Island.;;$COUNTRY$:_1894_wurde_ein_handschriftl._Verzeichnis_von_einem_franz._Spion_in_der_deutschen_Botschaft_entdeckt,_das_geheime,_franz._Militärdokumente_enthielt._Der_jüdische_Feldherr_Alfred_Dreyfus_wurde_verdächtigt_und_zu_lebenslänglich_auf_Devil's_Island_verurteilt.;;;;;;;;;;;
EVTDESC37216_NEWS_SHORT;$COUNTRY$:_In_1894,_the_Jewish_captain_Alfred_Dreyfus_was_sentenced_to_life_imprisonment_on_Devil's_Island._Dreyfus_protested_his_innocence,_but_to_no_avail.;;$COUNTRY$:_1894_wurde_der_jüdische_Feldherr_Alfred_Dreyfus_zu_lebenslänglich_auf_Devil's_Island_verurteilt._Dreyfus_beteuerte_erfolglos_seine_Unschuld.;;;;;;;;;;;
EVTDESC37217_NEWS_LONG;$COUNTRY$:_In_1896,_Colonel_Picquart_discovered_evidence_pointing_to_Major_Esterhazy_as_having_been_the_true_author_of_the_bordereau_that_Dreyfus_had_been_convicted_for_having_written,_but_in_a_court-martial_the_Major_was_acquitted_in_minutes._In_an_open_letter_to_the_French_President,_Emile_Zola_accused_the_judges_who_acquitted_Esterhazy_of_having_being_ordered_to_do_so_by_the_Ministry_of_War._Later_in_1898,_it_was_found_that_much_of_the_evidence_against_Dreyfus_had_been_forged.;;$COUNTRY$:_1896_entdeckte_Colonel_Picquart_Beweise,_dass_Major_Esterhazy_der_wahre_Verfasser_des_Verzeichnisses_war,_für_das_Dreyfus_verurteilt_worden_war,_doch_ein_Kriegsgericht_entlastete_den_Major_innerhalb_von_wenigen_Minuten._In_einem_offenen_Brief_an_den_französischen_Präsidenten_beschuldigte_Emile_Zola_die_Richter,_die_Esterhazy_freisprachen,_dies_auf_Befehl_des_Kriegsministeriums_getan_zu_haben._Später,_1898,_wurde_festgestellt,_dass_viele_Beweise_gegen_Dreyfus_gefälscht_waren.;;;;;;;;;;;
EVTDESC37217_NEWS_MEDIUM;$COUNTRY$:_In_1896,_Colonel_Picquart_discovered_evidence_pointing_to_Major_Esterhazy_as_having_been_the_true_author_of_the_bordereau,_but_in_a_court-martial_the_Major_was_acquitted_in_minutes._Emile_Zola_accused_the_judges_of_having_being_ordered_to_do_so_by_the_Ministry_of_War.;;$COUNTRY$:_1896_entdeckte_Colonel_Picquart_Beweise,_dass_Major_Esterhazy_der_wahre_Verfasser_des_Verzeichnisses_war,_doch_ein_Kriegsgericht_entlastete_den_Major_nach_kurzer_Zeit._Emile_Zola_beschuldigte_die_Richter,_auf_Befehl_des_Kriegsministeriums_gehandelt_zu_haben.;;;;;;;;;;;
EVTDESC37217_NEWS_SHORT;$COUNTRY$:_In_1896,_Colonel_Picquart_discovered_evidence_pointing_to_Major_Esterhazy_as_having_been_the_true_author_of_the_bordereau_that_Dreyfus_had_been_convicted_for_having_written.;;$COUNTRY$:_1896_entdeckte_Colonel_Picquart_Beweise,_dass_Major_Esterhazy_der_wahre_Verfasser_des_Verzeichnisses_war,_für_das_Dreyfus_verurteilt_worden_war.;;;;;;;;;;;
EVTDESC37218_NEWS_LONG;$COUNTRY$:_As_the_evidence_against_Dreyfus_was_shown_to_have_been_faked,_his_case_was_referred_to_the_Court_of_Appeals_in_1899._Outrage_followed_after_he_was_once_again_found_guilty_by_a_military_court,_the_establishment_refusing_to_admit_its_earlier_mistake._Although_he_was_pardoned_by_the_President_and_later_exonerated_in_1906,_the_result_of_the_whole_affair_increased_anticlericalism,_antimilitarism,_and_united_the_French_left.;;$COUNTRY$:_Nachdem_die_Beweise_gegen_Dreyfus_als_Fälschung_entlarvt_worden_waren,_wurde_sein_Fall_1899_vor_dem_Berufungsgericht_erneut_verhandelt._Die_erneute_Verurteilung_durch_ein_Kriegsgericht,_dass_die_vorherigen_Fehler_nicht_zugeben_wollte,_führte_zu_Aufruhr._Dreyfus_wurde_vom_Präsidenten_begnadigt_und_1906_entlastet,_doch_die_Affäre_führte_zu_wachsendem_Antiklerikalismus_und_Antimilitarismus_und_solidarisierte_die_Franzosen.;;;;;;;;;;;
EVTDESC37218_NEWS_MEDIUM;$COUNTRY$:_As_the_evidence_against_Dreyfus_was_shown_to_have_been_faked,_his_case_was_referred_to_the_Court_of_Appeals_in_1899._Outrage_followed_after_he_was_once_again_found_guilty_by_a_military_court,_the_establishment_refusing_to_admit_its_earlier_mistake.;;$COUNTRY$:_Nachdem_die_Beweise_gegen_Dreyfus_als_Fälschung_entlarvt_worden_waren,_wurde_sein_Fall_1899_vor_dem_Berufungsgericht_erneut_verhandelt._Die_erneute_Verurteilung_durch_ein_Kriegsgericht,_dass_die_vorherigen_Fehler_nicht_zugeben_wollte,_führte_zu_Aufruhr.;;;;;;;;;;;
EVTDESC37218_NEWS_SHORT;$COUNTRY$:_As_the_evidence_against_Dreyfus_was_shown_to_have_been_faked,_his_case_was_referred_to_the_Court_of_Appeals_in_1899._Outrage_followed_after_he_was_once_again_found_guilty.;;$COUNTRY$:_Nachdem_die_Beweise_gegen_Dreyfus_als_Fälschung_entlarvt_wurden,_wurde_sein_Fall_1899_vor_dem_Berufungsgericht_verhandelt._Die_erneute_Verurteilung_führte_zu_Aufruhr.;;;;;;;;;;;
EVTDESC37220_NEWS_LONG;$COUNTRY$:_A_miller's_daughter,_14-year-old_Bernadette_Soubirous_had_her_first_vision_of_Saint_Mary_in_a_cave_near_Lourdes,_on_the_northern_side_of_the_Pyrenees._Though_being_private_apparitions,_and_not_public_revelations,_following_a_canonical_investigation,_in_1864_her_visions_were_officially_recognized_by_the_Catholic_Church,_and_Lourdes_became_one_of_the_most_important_destinations_for_pilgrimage_by_Catholics._The_water_from_the_spring_Virgin_Mary_pointed_Bernadette_to_is_believed_to_have_healing_abilities_if_combined_with_a_prayer.;;$COUNTRY$:_Die_14_Jahre_alte_Müllerstochter_Bernadette_Soubirous_hatte_in_einer_Höhle_bei_Lourdes,_nördlich_der_Pyrenäen,_ihre_erste_Vision_der_Gottesmutter_Maria._Auch_wenn_es_keine_Zeugen_für_die_Erscheinungen_gab,_wurden_sie_1864,_nach_einer_kirchlichen_Untersuchung,_von_der_katholischen_Kirche_offiziell_anerkannt_und_Lourdes_wurde_einer_der_wichtigsten_Wallfahrtsorte_der_Katholiken._Das_Wasser_der_Quelle,_die_die_Jungfrau_Maria_Bernadette_zeigte,_soll_in_Verbindung_mit_Gebeten_heilende_Kräfte_haben.;;;;;;;;;;;
EVTDESC37220_NEWS_MEDIUM;$COUNTRY$:_A_miller's_daughter,_14-year-old_Bernadette_Soubirous_had_her_first_vision_of_Saint_Mary_in_a_cave_near_Lourdes,_on_the_northern_side_of_the_Pyrenees._In_1864_her_visions_were_officially_recognized_by_the_Catholic_Church.;;$COUNTRY$:_Die_14_Jahre_alte_Müllerstochter_Bernadette_Soubirous_hatte_in_einer_Höhle_bei_Lourdes,_nördlich_der_Pyrenäen,_ihre_erste_Vision_der_Gottesmutter_Maria._1864_wurden_ihre_Visionen_von_der_katholischen_Kirche_offiziell_anerkannt.;;;;;;;;;;;
EVTDESC37220_NEWS_SHORT;$COUNTRY$:_A_miller's_daughter,_14-year-old_Bernadette_Soubirous_had_her_first_vision_of_Saint_Mary_in_a_cave_near_Lourdes,_on_the_northern_side_of_the_Pyrenees.;;$COUNTRY$:_Die_14_Jahre_alte_Müllerstochter_Bernadette_Soubirous_hatte_in_einer_Höhle_bei_Lourdes,_nördlich_der_Pyrenäen,_ihre_erste_Vision_der_Gottesmutter_Maria.;;;;;;;;;;;
EVTDESC31502_NEWS_LONG;At_the_age_of_67,_Emperor_Franz_I_of_the_Austrian_Empire_died,_whereupon_his_mentally_and_physically_impaired_son_Ferdinand_I_ascended_the_throne._Because_of_Ferdinand's_inabilities,_a_so-called_Geheime_Regierungskonferenz_(Secret_Government_Conference)_including_Klemens_Wenze_and_Fürst_Metternich_assumed_day-to-day_control_of_the_government_for_him._Regents_insisted_on_new_emperor's_legitimacy_and_declared_him_fit_for_rule_with_their_guidance._Ferdinand's_single_coherent_order_is_quoted_to_have_been_'I_am_the_emperor_and_I_want_dumplings'.;;;;;;;;;;;;;
EVTDESC31502_NEWS_MEDIUM;At_the_age_of_67,_Emperor_Franz_I_of_the_Austrian_Empire_died,_whereupon_his_mentally_and_physically_impaired_son_Ferdinand_I_ascended_the_throne._Regents_Klemens_Wenze_and_Fürst_Metternich_assumed_day-to-day_control_of_the_government_for_him.;;;;;;;;;;;;;
EVTDESC31502_NEWS_SHORT;At_the_age_of_67,_Emperor_Franz_I_of_the_Austrian_Empire_died_and_his_mentally_and_physically_impaired_son_Ferdinand_I_ascended_the_throne._Regents_assumed_control_of_the_government_for_him.;;;;;;;;;;;;;
EVTDESC31504_NEWS_LONG;The_Serb_Ilya_Garashanin_demanded_in_his_writing_'Natshertanye'_('Draft')_the_unity_of_all_southern_Slavs_in_the_struggle_against_their_Austrian_and_Ottoman_oppressors._Inspired_by_the_German_and_French_models_for_a_nation,_attempting_to_tackle_difficult_international_situation_of_the_Serbian_people,_his_writings_became_the_program_for_the_southern_Slav_nationalist_movement_and_guided_Garashanin's_decisions_throughout_his_career,_but_failed_to_garner_wide_popular_support,_being_kept_secret_until_much_later_in_his_life.;;Der_Serbe_Ilya_Garashanin_verlangte_in_seiner_Schrift_'Natshertanye'_die_Einheit_aller_südlichen_Slawen_im_Kampf_gegen_ihre_österr._und_osmanischen_Unterdrücker._Inspiriert__vom_deutschen_und_franz._Modell_einer_Nation_versuchte_er,_die_schwierige_internationale_Situation_der_Serben_zu_erfassen,_und_seine_Schriften_wurden_zum_Programm_für_die_südliche,_nationale_Bewegung_der_Serben._Sie_leiteten_Garashanins_Entscheidungen_in_seiner_Karriere,_fanden_jedoch_keine_ausreichende,_öffentliche_Unterstützung_und_blieben_bis_zu_seinem_Alter_ein_Geheimnis.;;;;;;;;;;;
EVTDESC31504_NEWS_MEDIUM;The_Serb_Ilya_Garashanin_demanded_in_his_writing_'Natshertanye'_('Draft')_the_unity_of_all_southern_Slavs_in_the_struggle_against_their_Austrian_and_Ottoman_oppressors._His_writings_became_the_program_for_the_southern_Slav_nationalist_movement.;;Der_Serbe_Ilya_Garashanin_verlangte_in_seiner_Schrift_'Natshertanye'_die_Einheit_aller_südlichen_Slawen_im_Kampf_gegen_ihre_österr._und_osmanischen_Unterdrücker._Seine_Schriften_wurden_zum_Programm_für_die_südliche,_nationale_Bewegung_der_Serben.;;;;;;;;;;;
EVTDESC31504_NEWS_SHORT;The_Serb_Ilya_Garashanin_demanded_in_his_writing_'Natshertanye'_('Draft')_the_unity_of_all_southern_Slavs_in_the_struggle_against_their_Austrian_and_Ottoman_oppressors.;;Der_Serbe_Ilya_Garashanin_verlangte_in_seiner_Schrift_'Natshertanye'_die_Einheit_aller_südlichen_Slawen_im_Kampf_gegen_ihre_österr._und_osmanischen_Unterdrücker.;;;;;;;;;;;
EVTDESC31505_NEWS_LONG;Bavarian_Princess_Elisabeth,_called_Sisi,_has_married_the_Austrian_Emperor_Franz_Joseph_I._Her_unconventional_ways,_often_in_total_disregard_for_etiquette,_have_endeared_her_to_her_people._Brought_up_in_a_very_unrestrained_and_unrestricted_environment_of_the_court_of_her_father,_Maximilian_Joseph_of_Bavaria,_she_often_skipped_lessons_to_ride_in_the_countryside._Charmed_by_Elisabeth's_personality_and_beauty,_Franz_Joseph_I_broke_up_his_betrothal_to_her_older_and_more_pious_sister,_defying_his_mother_and_demanding_Sisi_to_be_his_wife,_no_other.;;Die_bayr._Prinzessin_Elisabeth,_kurz_Sissi,_heiratete_1854_den_österr._Kaiser_Franz_Josef_I.._Ihre_unkonventionelle,_oft_gegen_die_Etikette_verstoßende,_Art_machte_sie_bei_ihrem_Volk_beliebt._Sie_wuchs_in_unbändiger,_offener_Umgebung_am_Hof_ihres_Vaters,_Maximilian_Josef_von_Bayern,_auf_und_schwänzte_oft_den_Unterricht,_um_durch_die_Landschaft_zu_reiten._Franz_Josef_I._war_verzaubert_von_Sissis_Persönlichkeit_und_Schönheit._Er_brach_die_Verlobung_mit_ihrer_älteren,_frommeren_Schwester,_entgegen_dem_Willen_seiner_Mutter,_und_verlangte_keine_andere_als_Sissi_zur_Frau.;;;;;;;;;;;
EVTDESC31505_NEWS_MEDIUM;Bavarian_Princess_Elisabeth,_called_Sisi,_has_married_the_Austrian_Emperor_Franz_Joseph_I._Her_unconventional_ways,_often_in_disregard_for_etiquette,_have_endeared_her_to_her_people._Charmed_by_Elisabeth's_personality_and_beauty,_Emperor_Franz_Joseph_demanded_Sisi_to_be_his_wife,_no_other.;;Die_bayr._Prinzessin_Elisabeth,_kurz_Sissi,_heiratete_1854_den_österr._Kaiser_Franz_Josef_I._Ihre_unkonventionelle_Art_machte_sie_bei_ihrem_Volk_beliebt._Franz_Josef_I._war_verzaubert_von_Sissis_Persönlichkeit_und_Schönheit._Er_verlangte_keine_andere_als_Sissi_zur_Frau.;;;;;;;;;;;
EVTDESC31505_NEWS_SHORT;Bavarian_Princess_Elisabeth,_called_Sisi,_has_married_the_Austrian_Emperor_Franz_Joseph_I._Her_unconventional_ways,_often_in_disregard_for_etiquette,_have_endeared_her_to_her_people.;;Die_bayr._Prinzessin_Elisabeth,_kurz_Sissi,_heiratete_1854_den_österr._Kaiser_Franz_Josef_I._Ihre_unkonventionelle,_oft_gegen_die_Etikette_verstoßende,_Art_machte_sie_bei_ihrem_Volk_beliebt.;;;;;;;;;;;
EVTDESC35000_NEWS_LONG;With_the_current_war_pitting_Great_Britain_against_Germany,_the_British_cousins_of_Saxe-Coburg-Gotha_decided_to_repudiate_them_to_save_their_own_reputation!_They_are_now_known_as_the_House_of_Windsor,_and_all_family_ties_with_the_Duke_and_his_family_have_now_been_severed._A_prominent_prince_of_the_German_nobility_was_reported_as_saying:_'I_am_not_surprised._Alas_I_have_better_things_to_do,_such_as_watching_Shakespeare's_play_The_Merry_Wives_of_Saxe-Coburg-Gotha'._It_is_this_reporter's_opinion_that_the_Germans_may_indeed_have_a_certain_sense_of_humour.;;Aufgrund_des_Krieges_zw._Großbritannien_und_Deutschland,_entschlossen_sich_die_britischen_Vettern_des_Hauses_Sachsen-Coburg_und_Gotha,_ihre_Reputation_zu_retten!_Sie_nennen_sich_nun_das_Haus_von_Windsor_und_alle_familiären_Bindungen_mit_dem_Herzog_und_seiner_Familie_wurden_abgebrochen._Ein_berühmter_Prinz_des_deutschen_Adels_sagte_angeblich:_'Das_überrascht_mich_nicht._Ich_habe_aber_besseres_zu_tun,_z.B._Shakespeares_Stück_'Die_lustigen_Weiber_von_Sachsen-Coburg_und_Gotha'_zu_schauen'._Die_Deutschen_scheinen_doch_einen_Sinn_für_Humor_zu_haben.;;;;;;;;;;;
EVTDESC35000_NEWS_MEDIUM;With_the_current_war_pitting_Great_Britain_against_Germany,_the_British_cousins_of_Saxe-Coburg-_Gotha_decided_to_repudiate_them_to_save_their_own_reputation!_They_are_now_known_as_the_House_of_Windsor,_and_all_family_ties_with_the_Duke_and_his_family_have_now_been_severed.;;Aufgrund_des_Krieges_zw._Großbritannien_und_Deutschland,_entschlossen_sich_die_britischen_Vettern_des_Hauses_Sachsen-Coburg_und_Gotha,_ihre_Reputation_zu_retten!_Sie_nennen_sich_nun_Haus_von_Windsor_und_alle_familiären_Bindungen_mit_dem_Herzog_und_seiner_Familie_wurden_abgebrochen.;;;;;;;;;;;
EVTDESC35000_NEWS_SHORT;With_the_current_war_against_Germany,_the_British_Royal_family_decided_to_repudiate_their_connections_with_the_House_of_Saxe-Coburg-_Gotha_and_are_now_known_as_the_House_of_Windsor!;;Wegen_des_Krieges_gegen_Deutschland,_entschloss_sich_die_britische_Königsfamilie,_alle_Bindungen_zum_Haus_Sachsen-Coburg_und_Gotha_durch_Umbenennung_in_Haus_von_Windsor_zu_kappen.;;;;;;;;;;;
EVTDESC33400_NEWS_LONG;In_Donaustauf_near_Regensburg_in_Bavaria,_the_Walhalla,_a_classicist_monument_fashioned_after_Greek_temples_and_named_after_the_legendary_afterworld_of_Norse_mythology,_has_been_inaugurated_last_week._This_magnificent_memorial_is_a_notorious_landmark_situated_above_the_River_Danube,_which_is_so_great_in_size_and_glory_that_can_be_seen_from_afar._In_this_hall_of_fame_busts_of_famous_Germans_are_displayed_for_the_public,_not_only_the_slain_warriors_as_in_its_mythological_namesake,_but_also_scientists,_writers_and_artists,_both_men_and_women.;;Ein_klassisches_Monument_im_Stile_griechischer_Tempel_und_benannt_nach_der_sagenhaften_Unterwelt_der_nordischen_Mythologie,_die_Walhalla,_wurde_letzte_Woche_in_Donaustauf_nahe_Regensburg_in_Bayern_eingeweiht._Das_beeindruckende_Denkmal_über_der_Donau_ist_von_gewaltiger_Größe_und_kann_von_Weitem_gesehen_werden._Die_Büsten_berühmter_Deutscher_sind_in_der_Ruhmeshalle_ausgestellt,_nicht_nur_gefallener_Krieger,_sondern_auch_namhafter,_männlicher_oder_weiblicher_Forscher,_Schriftsteller_und_Künstler.;;;;;;;;;;;
EVTDESC33400_NEWS_MEDIUM;In_Donaustauf_near_Regensburg_in_Bavaria,_the_Walhalla,_a_classicist_monument_fashioned_after_Greek_temples_and_named_after_the_legendary_afterworld_of_Norse_mythology,_has_been_inaugurated_last_week._In_this_hall_of_fame_busts_of_famous_Germans_are_displayed_for_the_public.;;Ein_klassisches_Monument_im_Stile_griechischer_Tempel_und_benannt_nach_der_sagenhaften_Unterwelt_der_nordischen_Mythologie_wurde_letzte_Woche_in_Donaustauf_nahe_Regensburg_in_Bayern_eingeweiht._Die_Büsten_berühmter_Deutscher_sind_in_dieser_Ruhmeshalle_ausgestellt.;;;;;;;;;;;
EVTDESC33400_NEWS_SHORT;In_Donaustauf,_Bavaria,_a_monument_named_Walhalla,_fashioned_after_Greek_temples_has_been_opened_last_week._In_this_hall_of_fame_busts_of_famous_Germans_are_displayed_for_the_public.;;Ein_Monument_im_Stile_griechischer_Tempel_namens_Walhalla_wurde_letzte_Woche_in_Donaustauf,_Bayern_eingeweiht._Die_Büsten_berühmter_Deutscher_sind_in_dieser_Ruhmeshalle_ausgestellt.;;;;;;;;;;;
EVTDESC33401_NEWS_LONG;News_from_our_correspondent_in_Bavaria:_Scandal!_The_affair_of_King_Ludwig_I's_with_the_dancer_Lola_Montez,_who_he_had_made_a_countess,_proved_to_finally_be_the_end_of_his_reign._Eliza_Rosanna_Gilbert_(her_real_name),_until_now_officially_Countess_of_Landsfeld,_has_been_Ludwig's_mistress_since_1846_and_quite_unpopular_amongst_the_locals,_who_were_against_her_aspirations_of_being_naturalized_as_a_Bavarian_citizen_and_elevated_to_the_traditional_nobility._Conservative-Catholic_circles_protested_and_objected_so_strongly_to_their_relationship_that_he_had_to_abdicate.;;Neuigkeiten_von_unserem_Korrespondenten_aus_Bayern:_Skandal!_Die_Affäre_König_Ludwigs_I._mit_der_Tänzerin_Lola_Montez,_die_er_zur_Gräfin_ernannt_hatte,_setzt_seiner_Herrschaft_endlich_ein_Ende._Eliza_Rosanna_Gilbert_(ihr_richtiger_Name),_bis_jetzt_Gräfin_von_Landsfeld,_war_seit_1846_die_Geliebte_von_Ludwig_und_beim_Volk_recht_unbeliebt,_das_ihr_Streben_nach_bayrischer_Staatsbürgerschaft_und_Aufnahme_in_den_traditionellen_Adel_stets_ablehnte._Konservativ-katholische_Kreise_protestierten_so_vehement_gegen_diese_Beziehung,_dass_der_König_schließlich_abdanken_musste.;;;;;;;;;;;
EVTDESC33401_NEWS_MEDIUM;News_from_Bavaria:_Scandal!_The_affair_of_King_Ludwig_I's_with_the_dancer_Lola_Montez,_who_he_had_made_a_countess,_proved_to_finally_be_the_end_of_his_reign._Conservative-Catholic_circles_protested_and_objected_so_strongly_to_their_relationship_that_he_had_to_abdicate.;;Neuigkeiten_aus_Bayern:_Skandal!_Die_Affäre_König_Ludwigs_I._mit_der_Tänzerin_Lola_Montez,_die_er_zur_Gräfin_ernannt_hatte,_setzt_seiner_Herrschaft_endlich_ein_Ende._Konservativ-katholische_Kreise_protestierten_so_stark_gegen_diese_Beziehung,_dass_der_König_abdanken_musste.;;;;;;;;;;;
EVTDESC33401_NEWS_SHORT;Bavaria:_Scandal!_The_affair_of_King_Ludwig_I's_with_the_dancer_Lola_Montez_proved_to_be_the_end_of_his_reign._After_objections_from_Conservative-_Catholic_circles,_he_had_to_abdicate.;;Bayern:_Skandal!_Die_Affäre_König_Ludwigs_I._mit_der_Tänzerin_Lola_Montez_setzt_seiner_Herrschaft_ein_Ende._Nach_Protesten_konservativ-katholischer_Kreise_musste_der_König_abdanken.;;;;;;;;;;;
EVTDESC33402_NEWS_LONG;News_from_our_correspondent_in_Bavaria:_The_New_Pinacotheque_opened_its_door_to_the_public_this_week_in_Munich._Built_by_architects_Friedrich_von_Gärtner_and_August_von_Voit_at_the_orders_of_King_Ludwig,_the_focus_of_the_works_in_its_magnificent_collection_is_the_so-called_'Modern_Art'_in_contrast_with_the_collection_of_the_Old_Masters_in_the_Old_Pinacotheque,_founded_in_1836._Highlights_of_the_collection_are_King_Ludwig's_favorite_works_of_the_Munich_School_and_the_German_Romanticism.;;Neues_von_unserem_Korrespondenten_in_Bayern:_Die_Neue_Pinakothek_in_München_öffnet_diese_Woche_ihre_Pforten._Sie_wurde_im_Auftrag_von_König_Ludwig_von_den_Architekten_Friedrich_von_Gärtner_und_August_von_Voit_erbaut_und_konzentriert_sich_in_ihrer_beeindruckenden_Sammlung_auf_Werke_der_sog._'Modernen_Kunst'_im_Gegensatz_zur_Alten_Pinakothek_mit_ihrer_Sammlung_alter_Meister,_die_1836_gegründet_wurde._Höhepunkte_der_Sammlung_sind_König_Ludwigs_Lieblingswerke_der_Münchner_Schule_und_der_deutschen_Romantik.;;;;;;;;;;;
EVTDESC33402_NEWS_MEDIUM;News_from_Bavaria:_The_New_Pinacotheque_opened_its_door_to_the_public_this_week_in_Munich._Built_by_architects_Friedrich_von_Gärtner_and_August_von_Voit_at_the_orders_of_King_Ludwig_I,_the_focus_of_the_works_in_its_magnificent_collection_is_the_so-called_Modern_Art.;;Neues_aus_Bayern:_Die_Neue_Pinakothek_in_München_öffnet_diese_Woche_ihre_Tore._Sie_wurde_im_Auftrag_von_König_Ludwig_I._von_den_Architekten_Friedrich_von_Gärtner_und_August_von_Voit_erbaut_und_konzentriert_sich_in_ihrer_beeindruckenden_Sammlung_auf_Werke_der_sog._'Modernen_Kunst'.;;;;;;;;;;;
EVTDESC33402_NEWS_SHORT;The_New_Pinacotheque_opened_its_door_to_the_public_this_week_in_Munich,_Bavaria._Built_at_the_orders_of_King_Ludwig_I,_the_focus_of_the_works_in_its_collection_is_the_'Modern_Art'.;;Die_Neue_Pinakothek_in_München,_Bayern_öffnet_diese_Woche_ihre_Tore._Sie_wurde_im_Auftrag_von_König_Ludwig_I._erbaut_und_zeigt_in_ihrer_Sammlung_Werke_der_sog._'Modernen_Kunst'.;;;;;;;;;;;
EVTDESC33403_NEWS_LONG;The_composer_Richard_Wagner_has_completed_construction_of_the_Festspielhaus_in_Bayreuth._Since_1871_Wagner_has_kept_an_eye_on_the_area_for_his_dream_of_building_the_perfect_installation_for_a_stage_festival_play,_and_shortly_thereafter_his_plans_had_an_eventful_start,_with_a_plot_of_land_being_donated_by_the_city_of_Bayreuth._It_is_envisioned_that_a_festival_devoted_to_performing_great_German_works_of_the_theater_will_be_held_there_each_year._Its_first_premiere:_'The_Ring_of_the_Nibelung'_by_Wagner_himself.;;Der_Komponist_Richard_Wagner_hat_den_Bau_des_Festspielhauses_in_Bayreuth_fertiggestellt._Seit_1871_hatte_Wagner_den_Ort_für_seinen_Traum_einer_perfekten_Installation_für_Bühnenfestspiele_im_Auge_und_konnte_seine_Pläne,_dank_der_Grundstücksspende_der_Stadt_Bayreuth,_bald_in_Angriff_nehmen._Jedes_Jahr_sollen_auf_einem_Festival_große,_deutsche_Theaterstücke_aufgeführt_werden._Die_erste_Premiere_wird_'Der_Ring_der_Nibelungen'_von_Wagner_selbst_sein.;;;;;;;;;;;
EVTDESC33403_NEWS_MEDIUM;The_composer_Richard_Wagner_has_completed_construction_of_the_Festspielhaus_in_Bayreuth._It_is_envisioned_that_a_festival_devoted_to_performing_great_German_works_of_the_theater_will_be_held_there_each_year._Its_first_premiere:_'The_Ring_of_the_Nibelung'_by_Wagner_himself.;;Der_Komponist_Richard_Wagner_hat_den_Bau_des_Festspielhauses_in_Bayreuth_fertiggestellt._Jedes_Jahr_sollen_auf_einem_Festival_große,_deutsche_Theaterstücke_aufgeführt_werden._Die_erste_Premiere_wird_'Der_Ring_der_Nibelungen'_von_Wagner_selbst_sein.;;;;;;;;;;;
EVTDESC33403_NEWS_SHORT;The_composer_Richard_Wagner_has_completed_construction_of_the_Festspielhaus_in_Bayreuth._A_festival_devoted_to_performing_great_German_works_of_the_theater_will_be_held_there_each_year.;;Der_Komponist_Richard_Wagner_hat_den_Bau_des_Festspielhauses_in_Bayreuth_fertiggestellt._Jedes_Jahr_sollen_auf_einem_Festival_große,_deutsche_Theaterstücke_aufgeführt_werden.;;;;;;;;;;;
EVTDESC34600_NEWS_LONG;Adolph_Diesterweg,_a_German_educator_working_as_director_of_the_state-schools_of_Berlin,_has_recently_laid_down_principles_for_the_teaching_of_children_that_aims_at_making_them_conscious,_thinking,_responsible_citizens._However,_his_ideas_are_considered_by_many_to_be_very_controversial_due_to_his_strong_conviction_that_neither_Church_nor_Politics_should_have_influence_on_the_education._His_objective_is_said_to_be_the_true_professionalization_of_the_teaching_occupation._Because_of_this_debatable_liberal_mindset,_he_runs_the_risk_of_soon_being_suspended.;;Der_deutsche_Pädagoge_Adolph_Diesterweg_arbeitet_als_Direktor_der_staatl._Schulen_in_Berlin_und_hat_kürzlich_Prinzipien_für_den_Unterricht_von_Kindern_entwickelt,_die_diese_zu_selbstbewussten,_denkenden_und_verantwortlichen_Bürgern_erziehen_sollen._Seine_Ideen_werden_jedoch_von_vielen_als_kontrovers_angesehen,_da_er_den_Einfluss_der_Kirche_oder_Politik_in_die_Bildung_ablehnt._Sein_Ziel_soll_die_wahre_Professionalisierung_der_lehrenden_Zunft_sein._Aufgrund_seines_diskussionswürdigen,_liberalen_Gedankengutes_riskiert_er_die_baldige_Suspension.;;;;;;;;;;;
EVTDESC34600_NEWS_MEDIUM;Adolph_Diesterweg,_a_German_educator,_has_recently_laid_down_principles_for_the_teaching_of_children_that_aims_at_making_them_conscious,_thinking,_responsible_citizens._However,_his_ideas_are_considered_to_be_very_controversial_and_it_is_said_they_may_even_get_him_suspended.;;Der_deutsche_Pädagoge_Adolph_Diesterweg_hat_kürzlich_Prinzipien_für_die_Erziehung_von_Kindern_zu_selbstbewussten,_denkenden,_verantwortlichen_Bürgern_entwickelt._Seine_Ideen_werden_jedoch_von_vielen_als_kontrovers_angesehen_und_könnten_zu_seiner_Suspension_führen.;;;;;;;;;;;
EVTDESC34600_NEWS_SHORT;Adolph_Diesterweg,_a_German_educator,_has_recently_laid_down_principles_for_the_teaching_of_children_that_aims_at_making_them_conscious,_thinking,_and_responsible_citizens.;;Der_deutsche_Pädagoge_Adolph_Diesterweg_hat_kürzlich_Prinzipien_für_die_Erziehung_von_Kindern_zu_selbstbewussten,_denkenden,_verantwortlichen_Bürgern_entwickelt.;;;;;;;;;;;
EVTDESC34601_NEWS_LONG;This_month_the_German_poet_Hoffmann_von_Fallersleben_published_his_poem_Deutschlandlied,_written_on_the_island_of_Helgoland._This_poem_evokes_the_desire_of_a_united_and_free_Germany,_which_still_seems_like_a_distant_dream_for_many_unification_revolutionaries_in_Prussia_and_all_over_the_small_German_monarchical_states_and_free_cities._Combined_with_the_melody_of_the_Austrian_Joseph_Haydn's_'Gott_erhalte_Franz_den_Kaiser',_liberals_say_is_fitting_to_say_that_one_day_it_should_become_the_German_national_anthem.;;Der_deutsche_Dichter_Hoffmann_von_Fallersleben_veröffentlichte_diesen_Monat_sein,_auf_der_Insel_Helgoland_verfasstes,_Gedicht_Deutschlandlied._Das_Gedicht_erweckt_die_Sehnsucht_nach_einem_vereinten_und_freien_Deutschland,_ein_Traum,_der_für_viele_Einheits-Revolutionäre_in_Preußen,_allen_kleineren_deutschen_Monarchie-Staaten_und_freien_Städten_in_weiter_Ferne_liegt._Vereint_mit_der_Melodie_von_'Gott_erhalte_Franz_den_Kaiser'_des_Österreichers_Joseph_Haydn,_sehen_viele_Liberale_die_mögliche_Geburt_einer_deutschen_Nationalhymne.;;;;;;;;;;;
EVTDESC34601_NEWS_MEDIUM;This_month_the_German_poet_Hoffmann_von_Fallersleben_published_his_poem_Deutschlandlied._Combined_with_the_melody_of_the_Austrian_Joseph_Haydn's_Gott_erhalte_Franz_den_Kaiser,_it_is_fitting_to_say_that_one_day_it_should_become_the_German_national_anthem.;;Der_deutsche_Dichter_Hoffmann_von_Fallersleben_veröffentlichte_diesen_Monat_sein_Gedicht_Deutschlandlied._Vereint_mit_der_Melodie_von_'Gott_erhalte_Franz_den_Kaiser'_des_Österreichers_Joseph_Haydn,_sehen_viele_Liberale_die_mögliche_Geburt_einer_deutschen_Nationalhymne.;;;;;;;;;;;
EVTDESC34601_NEWS_SHORT;Hoffmann_von_Fallersleben_publishes_his_poem_Deutschlandlied,_that_combined_with_the_melody_'Gott_erhalte_Franz_den_Kaiser',_is_said_by_liberals_to_be_ideal_for_a_true_German_national_anthem.;;Hoffmann_von_Fallersleben_veröffentlichte_sein_Gedicht_Deutschlandlied,_dass_in_Verbindung_mit_der_Melodie_von_'Gott_erhalte_Franz_den_Kaiser'_das_Zeug_zur_deutschen_Nationalhymne_hat.;;;;;;;;;;;
EVTDESC34602_NEWS_LONG;News_from_Prussia:_Last_Sunday,_King_Friedrich_Wilhelm_III_of_Prussia_died,_almost_70_years_old._After_his_rise_to_the_throne_in_1797,_he_became_well_known_for_his_endeavors_to_restore_the_morality_and_dignity_of_his_dynasty,_perceived_to_have_been_tainted_during_his_father's_reign._His_reign_was_also_marked_by_the_events_of_the_Napoleonic_Wars_and_the_peculiar_influence_of_his_wife,_Luise_of_Mecklenburg-Strelitz,_in_both_his_personal_life_and_politics_of_Prussia._His_eldest_son_Friedrich_Wilhelm_IV,_a_romantic,_succeeds_him_on_the_throne.;;Neues_aus_Preußen:_Letzten_Sonntag_starb_König_Friedrich_Willhelm_III._von_Preußen_im_Alter_von_70_Jahren._Nach_seinem_Aufstieg_auf_den_Thron_1797_wurde_er_bekannt_für_seine_Bemühungen,_die_Moral_und_Würde_seiner_Dynastie_wieder_herzustellen,_die_unter_der_Herrschaft_seines_Vaters_gelitten_hatten._Seine_Herrschaft_wurde_gezeichnet_von_den_Napoleonischen_Kriegen_und_dem_Einfluss_seiner_Frau,_Luise_von_Mecklenburg-Strelitz,_auf_sein_Privatleben_und_seine_preußische_Politik._Sein_ältester_Sohn,_der_Romantiker_Friedrich_Willhelm_IV.,_tritt_seine_Nachfolge_an.;;;;;;;;;;;
EVTDESC34602_NEWS_MEDIUM;Last_Sunday,_King_Friedrich_Wilhelm_III_of_Prussia_died,_almost_70_years_old._His_reign_was_marked_by_the_events_of_the_Napoleonic_Wars_and_the_peculiar_influence_of_his_wife_Luise_both_in_his_personal_and_political_life._His_eldest_son,_a_romantic,_succeeds_him_on_the_throne.;;Letzten_Sonntag_starb_König_Friedrich_Willhelm_III._von_Preußen_im_Alter_von_70_Jahren._Seine_Herrschaft_wurde_gezeichnet_von_den_Napoleonischen_Kriegen_und_dem_Einfluss_seiner_Frau_Luise_auf_Leben_und_Politik._Sein_ältester_Sohn,_ein_Romantiker,_tritt_seine_Nachfolge_an.;;;;;;;;;;;
EVTDESC34602_NEWS_SHORT;News_from_Prussia:_Last_Sunday,_King_Friedrich_Wilhelm_III_of_Prussia_died,_almost_70_years_old._His_eldest_son_Friedrich_Wilhelm_IV,_a_romantic,_succeeds_him_on_the_throne.;;Neues_aus_Preußen:_Letzten_Sonntag_starb_König_Friedrich_Willhelm_III._von_Preußen_im_Alter_von_70_Jahren._Sein_ältester_Sohn,_der_Romantiker_Friedrich_Willhelm_IV.,_tritt_die_Nachfolge_an.;;;;;;;;;;;
EVTDESC34603_NEWS_LONG;News_from_Prussia:_Berlin_saw_the_opening_of_Germany's_first_zoological_garden_this_month,_with_a_wide_array_of_exotic_animals_on_display._King_Friedrich_Wilhelm_IV_was_convinced_by_Martin_Hinrich_Lichtenstein,_zoologist_of_the_University_of_Berlin,_to_donate_the_land_plot_for_this_garden_from_part_of_the_king's_pheasantry_in_the_Berliner_Tiergarten._The_king_also_provided_a_loan_and_the_donation_of_the_first_animals_from_his_menagerie_and_pheasantry._Other_such_gardens_already_exist_in_London_and_Antwerp_and_are_becoming_very_popular_in_Europe.;;Neues_aus_Preußen:_In_Berlin_eröffnete_diesen_Monat_Deutschlands_erster_zoologischer_Garten_mit_einer_großen_Vielfalt_an_exotischen_Tieren._König_Friedrich_Willhelm_IV._wurde_von_dem_Zoologen_der_Universität_Berlin,_Martin_Hinrich_Lichtenstein,_davon_überzeugt,_das_Land_für_den_Garten_vom_königlichen_Fasanengehege_im_Berliner_Tiergarten_zu_spenden._Der_König_gab_auch_einen_Kredit_und_spendete_die_ersten_Tiere_aus_seinem_Privatzoo_und_der_Fasanerie._Ähnliche_Gärten_existieren_bereits_in_London_und_Antwerpen_und_sind_in_Europa_sehr_beliebt.;;;;;;;;;;;
EVTDESC34603_NEWS_MEDIUM;Berlin_saw_the_opening_of_Germany's_first_zoological_garden_this_month,_with_a_wide_array_of_exotic_animals_on_display._The_first_animals_were_donated_by_the_King_Frederick_William_IV_from_his_menagerie_and_pheasantry._Other_such_gardens_already_exist_in_London_and_Antwerp.;;In_Berlin_eröffnete_diesen_Monat_Deutschlands_erster_zoologischer_Garten_mit_einer_großen_Vielfalt_an_exotischen_Tieren._Die_ersten_Tiere_spendete_König_Friedrich_Wilhelm_IV._aus_seinem_Privatzoo_und_der_Fasanerie._Ähnliche_Gärten_existieren_bereits_in_London_und_Antwerpen.;;;;;;;;;;;
EVTDESC34603_NEWS_SHORT;Berlin_saw_the_opening_of_Germany's_first_zoological_garden_this_month,_with_a_wide_array_of_exotic_animals_on_display._Other_such_gardens_already_exist_in_London_and_Antwerp.;;In_Berlin_eröffnete_diesen_Monat_Deutschlands_erster_zoologischer_Garten_mit_einer_großen_Vielfalt_an_exotischen_Tieren._Ähnliche_Gärten_existieren_bereits_in_London_und_Antwerpen.;;;;;;;;;;;
EVTDESC34604_NEWS_LONG;After_elaborate_preparations,_the_Prussian_King_Friedrich_Wilhelm_IV_issued_a_cabinet_order,_effective_next_month,_in_which_Jews_are_ordered_to_present_an_official_declaration_of_a_chosen_last_name_within_fourteen_days._This_will_become_the_person's_family_name,_which_will_be_inherited_by_any_children_they_may_have_in_the_future._Until_now,_there_was_no_official_regulation_regarding_the_establishment_of_fixed_family_names_for_Jews_in_all_German_territories._They_are_now_also_obliged_to_serve_in_the_military.;;Nach_umfangreichen_Vorbereitungen_veröffentlichte_der_preußische_König_Friedrich_Wilhelm_IV._eine_Kabinettsorder,_die_Juden_ab_Beginn_des_nächsten_Monats_anordnet,_eine_offizielle_Erklärung_bzgl._eines_gewählten_Familiennamens_innerhalb_von_14_Tagen_einzureichen._Dieser_Familienname_wird_von_den_Nachkommen_geerbt._Bis_jetzt_gab_es_keine_offizielle_Regelung_für_jüdische_Familiennamen_in_deutschen_Gebieten._Juden_verpflichten_sich_nun_auch_zum_Militärdienst.;;;;;;;;;;;
EVTDESC34604_NEWS_MEDIUM;A_Prussian_law,_effective_next_month_and_issued_by_the_king_himself,_orders_Jews_to_take_fixed_family_names_within_14_days,_which_will_be_inherited_by_any_children_they_may_have._They_are_now_also_obliged_to_serve_in_the_military.;;Ein_vom_König_selbst_verfasstes,_preußisches_Gesetz_wird_nächsten_Monat_wirksam,_das_Juden_anordnet,_innerhalb_von_14_Tagen_einen_Familiennamen_anzunehmen,_der_von_den_Nachkommen_geerbt_wird._Juden_verpflichten_sich_nun_auch_zum_Militärdienst.;;;;;;;;;;;
EVTDESC34604_NEWS_SHORT;A_Prussian_law,_effective_next_month,_orders_Jews_to_take_fixed_and_inheritable_family_names_within_14_days._They_are_now_also_obliged_to_serve_in_the_military.;;Ein_preußisches_Gesetz_wird_nächsten_Monat_wirksam,_das_Juden_anordnet,_innerhalb_von_14_Tagen_einen_Familiennamen_anzunehmen._Juden_verpflichten_sich_nun_auch_zum_Militärdienst.;;;;;;;;;;;
EVTDESC34605_NEWS_LONG;The_Prussian_astronomer_Johann_Gottfried_Galle_announced_this_week_the_discovery_of_the_planet_Neptune._The_existence_of_this_new_planet_was_confirmed_by_Galle_after_observations_regarding_the_orbit_perturbation_of_the_planet_Uranus._These_were_noticed_by_his_french_colleague_Urbain_Le_Verrier,_who_asked_him_to_look_at_a_certain_portion_of_the_sky_to_find_a_possible_new_planetary_body._After_doing_so,_Galle_and_his_assistant_Heinrich_Louis_d'Arrest_observed_an_unknown_new_star_of_Magnitude_8_around_the_predicted_position,_which_was_confirmed_to_be_the_new_planet.;;Der_preußische_Astronom_Johann_Gottfried_Galle_verkündete_diese_Woche_die_Entdeckung_des_Planeten_Neptun._Die_Existenz_dieses_neuen_Planeten_wurde_von_Galle_nach_der_Beobachtung_der_Umlaufbahn-Störungen_von_Uranus_gemacht._Diese_Störungen_wurden_von_seinem_franz._Kollegen_Urbain_Le_Verrier_notiert,_der_ihn_daraufhin_bat,_einen_Teil_des_Himmels_nach_möglichen_neuen_Planetenkörpern_abzusuchen._Daraufhin_entdeckten_Galle_und_sein_Assistent_Heinrich_Louis_d'Arrest__einen_neuen_Stern_von_Magnitude_8_in_der_vermuteten_Position,_der_als_Planet_verifiziert_wurde.;;;;;;;;;;;
EVTDESC34605_NEWS_MEDIUM;The_Prussian_astronomer_Johann_Gottfried_Galle_announced_this_week_the_discovery_of_the_planet_Neptune._The_existence_of_this_new_planet_was_confirmed_by_Galle_after_observations_regarding_the_perturbation_of_the_planet_Uranus,_predicted_by_his_french_colleague_Urbain_Le_Verrier.;;Der_preuß._Astronom_Johann_Gottfried_Galle_verkündete_diese_Woche_die_Entdeckung_des_Planeten_Neptun._Die_Existenz_des_neuen_Planeten_wurde_von_Galle_nach_der_Beobachtung_der_Perturbation_von_Uranus_und_aufgrund_der_Berechnungen_seines_franz._Kollegen_Urbain_Le_Verrier_bestätigt.;;;;;;;;;;;
EVTDESC34605_NEWS_SHORT;The_Prussian_astronomer_Johann_Gottfried_Galle_announced_this_week_the_discovery_of_the_planet_Neptune,_after_observations_of_orbit_perturbation_of_the_planet_Uranus,_predicted_by_Le_Verrier.;;Der_preuß._Astronom_Johann_Gottfried_Galle_verkündete_diese_Woche_die_Entdeckung_des_Planeten_Neptun_nach_Beobachtung_der_Perturbation_von_Uranus_und_Berechnungen_von_Le_Verrier.;;;;;;;;;;;
EVTDESC34606_NEWS_LONG;The_Merry_Wives_of_Windsor',_a_comedic_opera_based_on_Shakespeare's_play_of_the_same_name,_premiered_this_week_at_the_Royal_Opera_House_in_Berlin,_Prussia._The_opera_by_Carl_Otto_Ehrenfried_Nicolai_with_a_German_libretto_by_Hermann_Salomon_Mosenthal_is_composed_of_three_acts_and_has_a_length_of_approximately_two_and_a_half_hours._The_music_was_composed_in_the_period_of_three_years_by_Nicolai_and_is_already_considered_by_overjoyed_critics_to_be_a_masterpiece,_who_also_praise_it_as_being_Otto_Nicolai's_biggest_success_so_far.;;Diese_Woche_feierte_die_komödiantische_Oper_'Die_lustigen_Weiber_von_Windsor',_basierend_auf_einem_Stück_Shakespeares_gleichen_Namens,_an_der_Hofoper_in_Berlin,_Preußen_Premiere._Die_Oper_von_Carl_Otto_Ehrenfried_Nicolai,_mit_einem_deutschen_Libretto_von_Hermann_Salomon_Mosenthal,_ist_in_drei_Akten_komponiert_und_dauert_etwa_zweieinhalb_Stunden._Die_Musik_wurde_innerhalb_von_drei_Jahren_von_Nicolai_komponiert_und_wird_von_begeisterten_Kritikern_bereits_als_Meisterwerk_bezeichnet,_die_die_Oper_auch_als_Otto_Nicolais_bis_dato_größten_Erfolg_bewerten.;;;;;;;;;;;
EVTDESC34606_NEWS_MEDIUM;The_Merry_Wives_of_Windsor',_a_comedic_opera_in_three_acts_based_on_Shakespeare's_play_of_the_same_name,_premiered_this_week_at_the_Royal_Opera_House_in_Berlin,_Prussia._Critics_are_overjoyed_and_praise_it_as_being_Otto_Nicolai's_biggest_success_so_far.;;Diese_Woche_feierte_die_komödiantische_Oper_in_drei_Akten_'Die_lustigen_Weiber_von_Windsor',_basierend_auf_einem_gleichnamigen_Stück_Shakespeares,_an_der_Hofoper_in_Berlin,_Preußen_Premiere._Begeisterte_Kritiker_bewerten_sie_als_Otto_Nicolais_bis_dato_größten_Erfolg.;;;;;;;;;;;
EVTDESC34606_NEWS_SHORT;The_comedic_opera_'The_Merry_Wives_of_Windsor',_based_on_Shakespeare's_play_of_the_same_name,_premiered_in_Berlin._Critics_mention_that_it_is_Otto_Nicolai's_biggest_success_so_far.;;Die_komödiantische_Oper_'Die_lustigen_Weiber_von_Windsor',_auf_Basis_eines_Shakespeare-Stücks,_feierte_an_der_Hofoper_in_Berlin_Premiere._Laut_Kritikern,_Otto_Nicolais_bis_dato_größter_Erfolg.;;;;;;;;;;;
EVTDESC34607_NEWS_LONG;News_from_Prussia:_The_Krupp_company_in_Essen_introduced_a_health_insurance_fund_for_all_of_their_970_workers._Membership_is_being_imposed_as_mandatory_by_the_company's_management._This_move_is_seen_by_many_as_very_advanced_and_progressive_for_this_era,_perhaps_even_having_the_potential_of_being_a_model_for_future_governmental_social_reforms_that_could_benefit_the_population,_while_others_see_it_as_pure_socialist_nonsense_and_a_crass_violation_of_the_employees'_personal_freedom.;;Neues_aus_Preußen:_Das_Unternehmen_Krupp_in_Essen_führte_für_alle_970_Arbeiter_einen_Gesundheitsversicherungs-Fonds_ein._Die_Mitgliedschaft_ist_obligatorisch._Viele_bewerten_diesen_Schritt_als_fortschrittlich_für_die_Zeit_und_vielleicht_sogar_als_Vorbild_für_kommende_Sozialreformen_in_der_Politik_zum_Vorteil_der_Bevölkerung._Andere_wiederum_bewerten_es_als_reinen_sozialistischen_Unfug_und_eine_schwere_Verletzung_der_persönlichen_Freiheit_der_Angestellten.;;;;;;;;;;;
EVTDESC34607_NEWS_MEDIUM;News_from_Prussia:_The_Krupp_company_in_Essen_introduced_a_health_insurance_fund_for_all_of_their_970_workers._Membership_is_being_imposed_as_mandatory_by_the_company's_management._Many_see_this_move_as_progressive,_while_others_see_it_as_pure_socialist_nonsense.;;Neues_aus_Preußen:_Das_Unternehmen_Krupp_in_Essen_führte_für_alle_970_Arbeiter_einen_Gesundheitsversicherungs-Fonds_ein._Die_Mitgliedschaft_ist_obligatorisch._Viele_bewerten_diesen_Schritt_als_fortschrittlich,_andere_wiederum_als_reinen_sozialistischen_Unfug.;;;;;;;;;;;
EVTDESC34607_NEWS_SHORT;News_from_Prussia:_The_Krupp_company_in_Essen_introduced_a_health_insurance_fund_for_all_of_their_970_workers._Membership_is_being_imposed_as_mandatory_by_the_company's_management.;;Neues_aus_Preußen:_Das_Unternehmen_Krupp_in_Essen_führte_für_alle_970_Arbeiter_einen_Gesundheitsversicherungs-Fonds_ein._Die_Mitgliedschaft_ist_obligatorisch.;;;;;;;;;;;
EVTDESC34608_NEWS_LONG;News_from_our_correspondent_in_Berlin:_Following_Britain's_lead,_this_month_the_government_of_Prussia,_under_the_influence_of_some_religious_and_social_figures,_passed_a_law_strictly_regulating_the_amount_of_child_labor_that_was_possible_during_the_year._Up_to_this_point_all_efforts_to_approve_legislation_limiting_child_labor_were_met_with_fierce_resistance_by_many_politicians_who_saw_such_laws_as_a_threat_that_could_hamper_industrial_growth._Although_a_milestone_in_this_regard,_many_see_it_only_as_the_first_step_against_the_abuse_of_children_as_cheap_workforce.;;Neues_von_unserem_Korrespondenten_in_Berlin:_Dem_Beispiel_Großbritanniens_folgend,_verabschiedete_Preußen_diesen_Monat,_unter_dem_Einfluss_einiger_religiöser_und_gesellschaftl._Würdenträger,_ein_Gesetz,_das_die_Kinderarbeit,_die_im_Jahr_erlaubt_ist,_streng_reglementiert._Bis_zu_diesem_Zeitpunkt_wurde_jeder_Gesetzesvorschlag_in_diese_Richtung_von_vielen_Politikern_aus_Furcht_vor_wirtschaftl._Stillstand_torpediert._Viele_sehen_diesen_Meilenstein_nur_als_ersten_Schritt_gegen_den_Missbrauch_von_Kindern_als_billige_Arbeitskräfte.;;;;;;;;;;;
EVTDESC34608_NEWS_MEDIUM;News_from_our_correspondent_in_Berlin:_Following_Britain's_lead,_this_month_the_government_of_Prussia,_under_the_influence_of_some_religious_and_social_figures,_passed_a_law_strictly_regulating_the_amount_of_child_labor_that_was_possible_during_the_year.;;Neues_von_unserem_Korrespondenten_in_Berlin:_Dem_Beispiel_Großbritanniens_folgend,_verabschiedete_Preußen_diesen_Monat,_unter_dem_Einfluss_einiger_religiöser_und_gesellschaftl._Würdenträger,_ein_Gesetz,_das_die_Kinderarbeit,_die_im_Jahr_erlaubt_ist,_streng_reglementiert.;;;;;;;;;;;
EVTDESC34608_NEWS_SHORT;This_month_the_government_of_Prussia,_under_the_influence_of_some_religious_and_social_figures,_passed_a_law_strictly_regulating_the_amount_of_child_labor_that_was_possible_during_the_year.;;Preußen_verabschiedete_diesen_Monat,_unter_dem_Einfluss_einiger_religiöser_und_gesellschaftl._Würdenträger,_ein_Gesetz,_das_die_Kinderarbeit,_die_im_Jahr_erlaubt_ist,_streng_reglementiert.;;;;;;;;;;;
EVTDESC34609_NEWS_LONG;Musical_news:_42_choral_societies_from_the_Rhineland,_Baden,_Hessen,_and_Franconia_met_in_Frankfurt_to_celebrate_a_three-day_festival_of_Mozart's_music._Monetary_donations_were_gathered_for_the_preparation_of_the_event,_and_hospitable_accommodations_were_arranged_in_preparation_for_the_influx_of_choristers._Thousands_gathered_at_the_banks_of_the_river_Main_to_welcome_them._Even_the_rooflights_were_filled_with_cheerful_spectators_waving_handkerchiefs_and_rejoicing._However,_the_event_is_said_to_have_quickly_turned_into_a_demonstration_for_the_political_unification_of_Germany.;;Neues_aus_der_Musik:_42_Gesangsvereine_aus_dem_Rheinland,_Baden,_Hessen_und_Franken_trafen_sich_in_Frankfurt_zu_einem_dreitägigen_Festival_der_Musik_Mozarts._Die_Vorbereitungen_erfolgten_dank_Geldspenden_und_Gastquartiere_wurden_für_den_erwarteten_Strom_an_Chormitgliedern_vorbereitet._Tausende_versammelten_sich_zu_ihrer_Begrüßung_an_den_Ufern_des_Mains._Sogar_die_Dächer_waren_voller_jubelnder_Zuschauer,_die_feierten_und_mit_Taschentüchern_winkten._Angeblich_wandelte_sich_das_Ereignis_jedoch_schnell_zu_einer_Demonstration_für_die_politische_Einheit_Deutschlands.;;;;;;;;;;;
EVTDESC34609_NEWS_MEDIUM;42_choral_societies_from_the_Rhineland,_Baden,_Hessen,_and_Franconia_met_in_Frankfurt_to_celebrate_a_three-day_festival_of_Mozart's_music._The_houses_were_filled_with_spectators_rejoicing._The_event_turned_into_a_demonstration_for_the_political_unification_of_Germany,_however.;;42_Gesangsvereine_aus_dem_Rheinland,_Baden,_Hessen_und_Franken_trafen_sich_in_Frankfurt_zu_einem_dreitägigen_Festival_der_Musik_Mozarts._Die_Häuser_waren_voller_jubelnder_Zuschauer._Das_Ereignis_wandelte_sich_jedoch_zu_einer_Demonstration_für_die_politische_Einheit_Deutschlands.;;;;;;;;;;;
EVTDESC34609_NEWS_SHORT;42_choral_societies_met_in_Frankfurt_to_celebrate_a_three-day_festival_of_Mozart's_music._The_event_turned_into_a_demonstration_for_the_political_unification_of_Germany,_however.;;42_Gesangsvereine_trafen_sich_in_Frankfurt_zu_einem_dreitägigen_Festival_der_Musik_Mozarts._Das_Ereignis_wandelte_sich_jedoch_zu_einer_Demonstration_für_die_politische_Einheit_Deutschlands.;;;;;;;;;;;
EVTDESC33004_NEWS_LONG;The_German_government_in_Schleswig_has_proposed_that_the_anti-German_element_in_the_region_be_reduced_through_the_enforcement_of_German-language_education_and_the_expulsion_of_Danish_citizens_still_resident_in_the_province._The_history_of_conflict_between_ethnic_Danes_and_Germans_in_the_region_has_been_ongoing_for_decades,_since_the_annexation_of_this_contested_territory_many_years_ago._Although_the_Germanisation_of_the_region_has_always_been_a_priority,_many_pockets_of_resistance_still_exist._The_proposal_is_being_currently_debated_in_the_Reichstag.;;Die_deutsche_Regierung_in_Schleswig_hat_vorgeschlagen,_anti-deutsche_Elemente_in_der_Region_durch_obligatorischen_Unterricht_der_deutschen_Sprache_und_die_Ausweisung_dänischer_Bürger_aus_der_Provinz_zu_reduzieren._Seit_dieses_umkämpfte_Gebiet_vor_vielen_Jahren_annektiert_wurde,_schwelte_der_Konflik_zw._den_einheimischen_Dänen_und_Deutschen_in_der_Region._Auch_wenn_die_Germanisierung_der_Region_stets_Priorität_hatte,_so_exisitieren_noch_viele_Widerstandsgruppen._Der_Vorschlag_wird_zur_Zeit_im_Reichstag_diskutiert.;;;;;;;;;;;
EVTDESC33004_NEWS_MEDIUM;The_German_government_in_Schleswig_has_proposed_that_the_anti-German_element_in_the_region_be_reduced_through_the_enforcement_of_German-language_education_and_the_expulsion_of_Danish_citizens_still_resident_in_the_province._The_proposal_is_being_debated_in_the_Reichstag.;;Die_deutsche_Regierung_in_Schleswig_hat_vorgeschlagen,_anti-deutsche_Elemente_in_der_Region_durch_obligatorischen_Unterricht_der_deutschen_Sprache_und_die_Ausweisung_dänischer_Bürger_aus_der_Provinz_zu_reduzieren._Der_Vorschlag_wird_zur_Zeit_im_Reichstag_diskutiert.;;;;;;;;;;;
EVTDESC33004_NEWS_SHORT;The_German_government_in_Schleswig_has_proposed_an_enforcement_of_German-_language_education_and_the_expulsion_of_Danish_citizens_still_resident_in_the_province_to_reduce_anti-German_elements_there.;;Die_dt._Regierung_in_Schleswig_hat_die_Reduzierung_anti-deutscher_Elemente_durch_obligatorischen_deutschen_Sprachunterricht_und_die_Ausweisung_dänischer_Bürger_aus_der_Provinz_vorgeschlagen.;;;;;;;;;;;
EVTDESC33000_NEWS_LONG;The_theatrical_troupe_of_the_Duchy_of_Saxe-Meiningen_has_performed_their_repertory_in_Berlin_to_great_acclaim._The_troupe_has_seen_its_popularity_increase_steadily_in_the_last_years._It_concentrates_on_having_a_style_that_seeks_to_unify_design,_conceptualization,_interpretation_and_execution_of_theatrical_works_through_the_use_of_authentic_costumes_and_sets,_as_well_as_fluidity_of_action_and_a_natural_integration_of_actors_and_environment._They_will_soon_begin_a_series_of_tours_to_nations_throughout_Europe.;;Die_Theatertruppe_des_Herzogtums_Sachsen-Meiningen_hat_unter_großem_Beifall_ihr_Repertoire_in_Berlin_aufgeführt._Die_Truppe_wurde_in_den_vergangenen_Jahren_immer_populärer._Ihr_Stil_versucht,_Design,_Konzept,_Interpretation_und_Ausführung_theatralischer_Werke_durch_den_Einsatz_von_authentischen_Kostümen_und_Bühnenbildern,_flüssigen_Aktionen_und_einer_natürlichen_Integration_von_Künstlern_und_Umgebung_zu_vereinen._Sie_beginnen_bald_mit_mehreren_Tourneen_durch_die_Nationen_Europas.;;;;;;;;;;;
EVTDESC33000_NEWS_MEDIUM;The_theatrical_troupe_of_the_Duchy_of_Saxe-Meiningen_has_performed_their_repertory_in_Berlin_to_great_acclaim._The_troupe_has_seen_its_popularity_increase_steadily_in_the_last_years_through_innovative_methods,_and_will_soon_begin_a_series_of_tours_to_nations_throughout_Europe.;;Die_Theatertruppe_des_Herzogtums_Sachsen-Meiningen_hat_unter_großem_Beifall_ihr_Repertoire_in_Berlin_aufgeführt._Die_Truppe_wurde_in_den_vergangenen_Jahren_durch_ihre_innovativen_Methoden_immer_populärer_und_beginnt_bald_mit_mehreren_Tourneen_durch_die_Nationen_Europas.;;;;;;;;;;;
EVTDESC33000_NEWS_SHORT;The_theatrical_troupe_of_the_Duchy_of_Saxe-Meiningen_has_performed_their_repertory_in_Berlin_to_great_acclaim._They_will_soon_begin_a_series_of_tours_to_nations_throughout_Europe.;;Die_Theatertruppe_des_Herzogtums_Sachsen-Meiningen_hat_unter_großem_Beifall_ihr_Repertoire_in_Berlin_aufgeführt._Sie_beginnt_bald_mit_mehreren_Tourneen_durch_die_Nationen_Europas.;;;;;;;;;;;
EVTDESC33001_NEWS_LONG;Five_years_ago_Carl_Hagenbeck,_the_son_of_an_animal_trader,_held_his_first_show_about_exotic_peoples,_such_as_Nubians_and_Inuit,_in_Hamburg._Three_years_later_he_expanded_on_the_concept,_founding_a_circus_which_relied_on_training_animals_without_force._This_month,_Hagenbeck_unveiled_his_open-air_zoo_in_Hamburg,_the_Tierpark_Hagenbeck,_an_exemplary_zoo_of_its_kind,_where_he_sought_to_display_animals_in_a_form_of_realistic_environment,_being_the_first_zoo_to_use_the_innovative_idea_of_separating_visitors_from_the_animals_using_moats_instead_of_bars.;;Vor_fünf_Jahren_zeigte_der_Sohn_eines_Tierhändlers,_Carl_Hagenbeck,_in_Hamburg_seine_erste_Show_mit_exotischen_Völkern,_wie_z.B._den_Inuit_und_Nubiern._Drei_Jahre_später_expandierte_er_dieses_Konzept_und_gründete_einen_Zirkus,_der_Tiere_ohne_Gewalteinwirkung_dressierte._In_diesem_Monat_eröffnete_Hagenbeck_seinen_Freiluftzoo_'Tierpark_Hagenbeck'_in_Hamburg,_ein_Musterexemplar_eines_Zoos,_indem_er_Tiere_in_einer_möglichst_natürlichen_Umgebung_zeigt._Der_Zoo_ist_der_erste_mit_der_innovativen_Idee,_Besucher_durch_Gräben_statt_durch_Gitterstäbe_von_den_Tieren_zu_trennen.;;;;;;;;;;;
EVTDESC33001_NEWS_MEDIUM;Five_years_ago_Carl_Hagenbeck,_the_son_of_an_animal_trader,_held_his_first_show_about_exotic_peoples_in_Hamburg._Three_years_later_he_founded_a_circus_which_relied_on_training_animals_without_force._This_month,_Hagenbeck_unveiled_his_open-air_zoo_in_Hamburg,_the_best_of_its_kind.;;Vor_fünf_Jahren_zeigte_der_Sohn_eines_Tierhändlers,_Carl_Hagenbeck,_in_Hamburg_seine_erste_Show_mit_exotischen_Völkern._Drei_Jahre_später_gründete_er_einen_Zirkus,_der_Tiere_gewaltfrei_dressierte._Diesen_Monat_eröffnete_Hagenbeck_seinen_Freiluftzoo_in_Hamburg,_der_beste_seiner_Art.;;;;;;;;;;;
EVTDESC33001_NEWS_SHORT;This_month,_Carl_Hagenbeck,_the_son_of_an_animal_trader_and_well-known_for_a_circus_in_which_animals_were_trained_without_force,_unveiled_his_open-air_zoo_in_Hamburg,_the_best_of_its_kind.;;Diesen_Monat_eröffnete_der_Sohn_eines_Tierhändlers,_Carl_Hagenbeck,_bekannt_für_seinen_Zirkus_gewaltfrei_dressierter_Tiere,_seinen_Freiluftzoo_in_Hamburg,_der_beste_seiner_Art.;;;;;;;;;;;
EVTDESC33002_NEWS_LONG;School_director_Konrad_Duden_published_his_'Complete_Orthographical_Dictionary_of_the_German_Language'_this_month._It_is_set_to_become_the_foundation_for_German_orthography_in_the_coming_years,_and_many_scholars_say_it_is_a_perfect_work_that_should_be_the_definitive_dictionary_for_the_German_language._With_28,000_entries,_it_is_also_becoming_very_accepted_in_governmental_and_bureaucratic_circles,_being_recently_declared_the_official_source_for_correct_and_proper_spelling_for_official_documents_and_approved_for_use_as_a_reference_in_the_administration_of_Germany.;;Der_Schuldirekter_Konrad_Duden_veröffentlichte_diesen_Monat_sein_'Vollständiges_Orthographisches_Wörterbuch_der_deutschen_Sprache'._Es_könnte_in_den_nächsten_Jahren_die_Basis_der_deutschen_Rechtschreibung_werden._Viele_Gelehrte_bewerten_es_als_ein_Meisterwerk,_das_eindeutig_das_offizielle_Wörterbuch_der_deutschen_Sprache_sein_sollte._Es_wird_mit_seinen_28.000_Einträgen_auch_von_Regierungs-_und_Amtskreisen_geschätzt_und_wurde_kürzlich_zur_offiziellen_Quelle_für_die_korrekte_Rechtschreibung_in_Amts-Dokumenten_und_genehmigtes_Referenzmatierial_für_deutsche_Behörden_ernannt.;;;;;;;;;;;
EVTDESC33002_NEWS_MEDIUM;School_director_Konrad_Duden_published_his_Complete_Orthographical_Dictionary_of_the_German_Language_this_month._It_is_set_to_become_the_foundation_for_German_orthography_in_the_coming_years._Many_scholars_say_it_should_be_the_definitive_dictionary_for_the_German_language.;;Der_Schuldirekter_Konrad_Duden_veröffentlichte_diesen_Monat_sein_'Vollständiges_Orthographisches_Wörterbuch_der_deutschen_Sprache'._Es_könnte_in_den_nächsten_Jahren_die_Basis_der_dt._Rechtschreibung_werden._Viele_Gelehrte_sagen,_es_sollte_das_offizielle_Wörterbuch_der_deutschen_Sprache_sein.;;;;;;;;;;;
EVTDESC33002_NEWS_SHORT;School_director_Konrad_Duden_published_his_Complete_Orthographical_Dictionary_of_the_German_Language_this_month._Many_say_it_is_set_to_be_the_definitive_dictionary_for_the_German_language.;;Schuldirekter_Konrad_Duden_veröffentlichte_diesen_Monat_sein_Vollständiges_Orthographisches_Wörterbuch_der_deutschen_Sprache._Viele_erwarten,_dass_es_DAS_Wörterbuch_der_dt._Sprache_wird.;;;;;;;;;;;
EVTDESC33005_NEWS_LONG;Yesterday_the_Baghdad_Railroad,_a_project_prominently_financed_by_Germans,_was_announced_with_plans_to_connect_Constantinople_and_Baghdad._Though_beneficial_both_to_Germans,_who_are_said_to_have_economical_interests_in_the_oil_fields_of_the_Iraq_region,_and_to_the_citizens_of_Constantinople,_connecting_them_to_far_away_cities_such_as_Ankara_and_Konya_(Iconium),_the_project_is_seen_as_controversial,_conflicting_with_the_interests_of_other_Great_Powers._Nonetheless,_it_is_being_heralded_as_one_of_the_high_points_in_the_good_relations_between_Constantinople_and_Berlin.;;Gestern_wurde_das_Projekt_der_Bagdad-Eisenbahn_mit_der_Verbindung_von_Konstantinopel_und_Bagdad_angekündigt,_das_vorwiegend_von_Deutschen_finanziert_wird._Dies_hat_nicht_nur_für_die_Deutschen_Vorteile,_denen_wirtschaftl._Interessen_an_Iraks_Ölfeldern_nachgesagt_werden,_sondern_auch_für_die_Bürger_Konstantinopels,_die_dann_weit_entfernte_Städte_wie_Ankara_und_Ikonion_erreichen_können._Andere_Großmächte_allerdings_bewerten_das_Projekt_als_kontrovers_und_sehen_darin_Konfliktpotential._Nichtsdestotrotz_ist_es_ein_Höhepunkt_der_guten_Beziehungen_zw._Konstantinopel_und_Berlin.;;;;;;;;;;;
EVTDESC33005_NEWS_MEDIUM;Yesterday_the_Baghdad_Railroad,_a_project_prominently_financed_by_Germans,_was_announced_with_plans_to_connect_Constantinople_and_Baghdad._This_is_being_heralded_as_one_of_the_high_points_in_the_good_relations_between_Constantinople_and_Berlin.;;Gestern_wurde_das_Projekt_der_Bagdad-Eisenbahn_mit_der_Verbindung_von_Konstantinopel_und_Bagdad_angekündigt,_das_vorwiegend_von_Deutschen_finanziert_wird._Dies_gilt_als_neuer_Höhepunkt_der_guten_Beziehungen_zw._Konstantinopel_und_Berlin.;;;;;;;;;;;
EVTDESC33005_NEWS_SHORT;Yesterday_the_Baghdad_Railroad,_a_project_mainly_financed_by_Germans,_was_announced_with_plans_to_connect_Constantinople_and_Baghdad,_marking_good_relations_between_Berlin_and_Constantinople.;;Gestern_wurde_das_von_Deutschen_finanzierte_Projekt_der_Bagdad-Eisenbahn_mit_der_Strecke_Konstantinopel-Bagdad_angekündigt,_das_die_guten_Beziehungen_zw._Konstantinopel_und_Berlin_zeigt.;;;;;;;;;;;
EVTDESC36901_NEWS_LONG;In_1838,_Charles_Dickens'_novel_'Oliver_Twist'_was_published_in_London._In_it,_he_drew_readers'_attention_to_the_poverty_and_lack_of_workers'_rights_in_his_time._Following_the_story_of_an_orphaned_boy_through_a_baby_farm_and_a_workhouse_until_he_finally_joins_a_gang_of_street_pickpockets_in_London,_the_novel_shed_light_on_what_is_called_the_great_London_waif_crisis,_drawing_attention_to_the_large_number_of_orphans_in_the_streets_of_London_at_that_time._Possibly_the_greatest_novelist_of_the_Victoria_era,_Dickens_himself_suffered_impoverishment_early_in_his_life.;;1838_wurde_Charles_Dickens_Roman_'Oliver_Twist'_in_London_veröffentlicht._Darin_machte_er_die_Leser_auf_die_Armut_und_fehlenden_Rechte_der_Arbeiter_in_dieser_Zeit_aufmerksam._Das_Buch_erzählt_die_Geschichte_eines_Waisenjungen_auf_einer_Babyfarm,_in_einem_Armenhaus_und_schließlich_als_Mitglied_einer_Taschendiebbande_in_London_und_wirft_so_Licht_auf_die_Londoner_Obdachlosenkrise,_mit_ihren_,_zu_jener_Zeit,_zahllosen_Waisenkindern_auf_den_Straßen_Londons._Dickens,_der_womöglich_größte_Schriftsteller_der_viktorianischen_Ära,_litt_in_seinen_jungen_Jahren_selbst_unter_Armut.;;;;;;;;;;;
EVTDESC36901_NEWS_MEDIUM;Charles_Dickens'_novel_'Oliver_Twist'_was_published_in_London._Following_the_story_of_an_orphaned_boy_through_a_baby_farm_and_a_workhouse_until_he_joins_a_gang_of_street_pickpockets_in_London,_the_novel_draws_attention_to_the_large_number_of_impoverished_orphans.;;Charles_Dickens_Roman_'Oliver_Twist'_wurde_in_London_veröffentlicht._Er_erzählt_die_Geschichte_eines_Waisenjungen_auf_einer_Babyfarm,_in_einem_Armenhaus_und_schließlich_als_Mitglied_einer_Taschendiebbande_in_London_und_wirft_so_Licht_auf_die_zahllosen,_armen_Waisen.;;;;;;;;;;;
EVTDESC36901_NEWS_SHORT;In_1838,_Charles_Dickens'_novel_'Oliver_Twist'_was_published_in_London._In_it,_he_drew_readers'_attention_to_the_poverty_and_lack_of_workers'_rights_in_his_time.;;1838_wurde_Charles_Dickens_Roman_'Oliver_Twist'_in_London_veröffentlicht._Darin_machte_er_die_Leser_auf_die_Armut_und_fehlenden_Rechte_der_Arbeiter_in_dieser_Zeit_aufmerksam.;;;;;;;;;;;
EVTDESC36903_NEWS_LONG;$COUNTRY$:_Queen_Victoria_married_her_cousin,_Prince_Albert_of_Sachsen-Coburg-Gotha._Unlike_many_other_marriages_of_the_time,_this_one_was_based_primarily_on_mutual_affection_rather_than_dynastic_calculations._Albert_became_a_leading_influential_figure_of_the_court_and_an_important_companion_and_advisor_on_the_matters_of_the_state_to_his_wife_the_queen._The_wedding_meant_that_young_Victoria_was_no_longer_bound_by_a_social_convention_to_live_with_her_mother,_and_her_mother's_expulsion_from_Buckingham_Palace_followed.;;$COUNTRY$:_Königin_Victoria_heiratete_ihren_Vetter_Prinz_Albert_von_Sachsen-Coburg-Gotha._Anders_als_andere_Hochzeiten_jener_Zeit,_basierte_sie_auf_gegenseitiger_Zuneigung,_nicht_auf_dynastischen_Berechnungen._Albert_wurde_ein_einflussreicher_Mann_am_Hofe_und_war_seiner_Frau,_der_Königin,_wichtiger_Partner_und_Berater_in_Staatsaffären_zugleich._Die_Hochzeit_entband_die_junge_Victoria_von_der_Anstandsregel,_mit_ihrer_Mutter_zu_leben,_und_die_Vertreibung_der_Mutter_aus_dem_Buckingham_Palace_folgte.;;;;;;;;;;;
EVTDESC36903_NEWS_MEDIUM;$COUNTRY$:_Queen_Victoria_married_her_cousin,_Prince_Albert_of_Sachsen-Coburg-Gotha._Unlike_many_other_marriages_of_the_time,_this_one_was_based_primarily_on_mutual_affection_rather_than_dynastic_calculations.;;$COUNTRY$:_Königin_Victoria_heiratete_ihren_Vetter_Prinz_Albert_von_Sachsen-Coburg-Gotha._Anders_als_andere_Hochzeiten_jener_Zeit_basierte_sie_auf_gegenseitiger_Zuneigung,_nicht_auf_dynastischen_Berechnungen.;;;;;;;;;;;
EVTDESC36903_NEWS_SHORT;$COUNTRY$:_Queen_Victoria_married_her_cousin,_Prince_Albert_of_Sachsen-Coburg-Gotha._Following_the_wedding,_Albert_became_an_important_advisor_to_his_wife_the_queen.;;$COUNTRY$:_Königin_Victoria_heiratete_ihren_Vetter_Prinz_Albert_von_Sachsen-Coburg-Gotha._Albert_wurde_für_seine_Frau,_die_Königin,_ein_wichtiger_Berater.;;;;;;;;;;;
EVTDESC36911_NEWS_LONG;William_Butler_Yeats'_second_volume_of_poetry,_'The_Rose',_was_published_in_1893._By_now_his_voice_had_become_more_than_just_distinctive_and_his_control_over_meter_and_rhyme_was_the_stuff_of_genius._Yeats_was_now_developing_specifically_Irish_themes_and_began_his_long_association_with_Irish_Republicanism_mixed_with_an_aesthetic_mysticism._An_Irish_nationalist_early_in_his_life,_Yeats_sheltered_his_beliefs_in_the_later_years_and_stayed_at_a_distance_from_the_radical_nationalist_movements_and_turbulent_political_scene_of_the_second_part_of_the_nineteenth_century.;;1893_wurde_der_zweite_Poesie-Band_'Die_Rose'_von_William_Butler_Yeats_veröffentlicht._Seine_Stimme_war_unverwechselbar_markant_und_seine_Kontrolle_über_Takt_und_Rythmus_von_großer_Genialität._Yeats_entwickelte_nun_spezifische,_irische_Themen_und_begann_seine_Vereinigung_von_irischem_Republikanismus_mit_ästhetischem_Mystizismus._Als_junger_Mann_war_er_irischer_Nationalist,_in_späteren_Jahren_jedoch_verbarg_er_seinen_Glauben_und_hielt_zu_den_radikalen_Nationalismus-Bewegungen_und_den_Turbulenzen_in_der_Politik_in_der_zweiten_Hälfte_des_19._Jh._Abstand.;;;;;;;;;;;
EVTDESC36911_NEWS_MEDIUM;William_Butler_Yeats'_second_volume_of_poetry,_'The_Rose',_was_published_in_1893._Yeats_was_developing_specifically_Irish_themes_and_began_his_long_association_with_Irish_Republicanism_mixed_with_an_aesthetic_mysticism.;;1893_wurde_der_zweite_Poesie-Band_'Die_Rose'_von_William_Butler_Yeats_veröffentlicht._Yeats_entwickelte_spezifische,_irische_Themen_und_begann_seine_Vereinigung_von_irischem_Republikanismus_mit_ästhetischem_Mystizismus.;;;;;;;;;;;
EVTDESC36911_NEWS_SHORT;William_Butler_Yeats'_second_volume_of_poetry,_'The_Rose',_was_published_in_1893._Yeats_was_developing_specifically_Irish_themes_and_began_his_long_association_with_Irish_Republicanism.;;1893_wurde_der_zweite_Poesie-Band_'Die_Rose'_von_William_Butler_Yeats_veröffentlicht._Yeats_entwickelte_spezifische,_irische_Themen_und_begann_seine_Vereinigung_mit_irischem_Republikanismus.;;;;;;;;;;;
EVTDESC36912_NEWS_LONG;In_1918,_Gerard_Manley_Hopkins'_collected_poetry_was_published_posthumously,_even_though_Hopkins_himself_was_uncomfortable_with_its_publication_during_his_lifetime._The_poetry_introduced_a_new_meter_known_as_'sprung-rhythm'_to_the_world_and_gave_new_impetus_to_the_growing_modernist_movement._Hopkins_poetry_was_modernist,_but_at_the_same_time_he_was_considered_a_religious_poet._He_had_converted_to_Catholicism_early_in_his_life_and_was_a_student_and_professor_of_medieval_Christian_philosophy.;;1918_wurden_die_gesammelten_Gedichte_von_Gerard_Manley_Hopkins_nach_seinem_Tode_veröffentlicht,_obwohl_er_selbst_zu_Lebzeiten_eine_Veröffentlichung_ablehnte._Die_Gedichte_lehrten_die_Welt_den_Sprungrythmus_und_belebten_die_Modernisten-Bewegung_neu._Hopkins_Dichtkunst_war_modernistisch,_er_galt_aber_als_religiöser_Poet._Er_war_schon_in_jungen_Jahren_zum_Katholizismus_übergetreten_und_Student_und_Professor_für_mittelalterliche,_christliche_Philosophie.;;;;;;;;;;;
EVTDESC36912_NEWS_MEDIUM;In_1918,_Gerard_Manley_Hopkins'_collected_poetry_was_published_posthumously,_even_though_Hopkins_himself_was_uncomfortable_with_its_publication_during_his_lifetime._The_poetry_introduced_a_new_meter_known_as_'sprung-rhythm'_to_the_world_and_gave_impetus_to_the_modernism.;;1918_wurden_die_gesammelten_Gedichte_von_Gerard_Manley_Hopkins_nach_seinem_Tode_veröffentlicht,_obwohl_er_selbst_zu_Lebzeiten_eine_Veröffentlichung_ablehnte._Die_Gedichte_lehrten_die_Welt_den_Sprungrythmus_und_belebten_die_Modernisten-Bewegung_neu.;;;;;;;;;;;
EVTDESC36912_NEWS_SHORT;In_1918,_Gerard_Manley_Hopkins'_collected_poetry_was_published_posthumously,_even_though_Hopkins_himself_was_uncomfortable_with_its_publication_during_his_lifetime.;;1918_wurden_die_gesammelten_Gedichte_von_Gerard_Manley_Hopkins_nach_seinem_Tode_veröffentlicht,_obwohl_er_selbst_zu_Lebzeiten_eine_Veröffentlichung_ablehnte.;;;;;;;;;;;
EVTDESC36919_NEWS_LONG;Florence_Nightingale_has_been_recognized_throughout_the_world_as_the_founder_of_modern_nursing._During_a_recent_war,_Britain's_Minister_of_War_appointed_her_'Lady-In-Chief'_to_38_nurses_in_army_field_hospitals._The_success_of_this_mission_triggered_the_first_nursing_school_in_England_and_has_led_to_the_establishment_a_program_to_examine_and_reorganize_the_British_Army's_medical_services._Nightingale_also_works_in_the_area_of_public_health,_hospital_administration,_and_sanitary_reform._Long_may_glory_shine_upon_this_angel,_popularly_known_as_"the_lady_with_the_lamp".;;Florence_Nightingale_gilt_weltweit_als_Begründerin_der_modernen_Krankenpflege._Während_einem_der_letzten_Kriege_übertrug__ihr_der_britische_Kriegsminister_die_Leitung_über_38_Pflegerinnen_in_Feldlazaretten._Der_Erfolg_dieser_Mission_führte_zur_Gründung_der_ersten_Schwesternschule_in_England_und_etablierte_ein_Programm_zur_Analyse_und_Neuorganisation_der_brit.,_milit._Krankenpflege._Sie_arbeitet_auch_im_Gesundheitswesen,_der_Krankenhausverwaltung_und_für_Gesundheitsreformen._Möge_das_Licht_lange_auf_diesen,_auch_als_'Dame_mit_der_Lampe'_bekannten,_Engel_fallen.;;;;;;;;;;;
EVTDESC36919_NEWS_MEDIUM;Florence_Nightingale_has_been_recognized_throughout_the_world_as_the_founder_of_modern_nursing._During_a_recent_war,_Britain's_Minister_of_War_appointed_her_'Lady-In-Chief'_to_nurses_in_army_field_hospitals._Long_may_glory_shine_upon_this_angel,_known_as_'the_lady_with_the_lamp'.;;Florence_Nightingale_gilt_weltweit_als_Begründerin_der_modernen_Krankenpflege._In_einem_der_letzten_Kriege_übertrug_ihr_der_brit._Kriegsminister_die_Leitung_über_Pflegerinnen_in_Feldlazaretten._Möge_das_Licht_lange_auf_diesen,_auch_als_'Dame_mit_der_Lampe'_bekannten,_Engel_fallen.;;;;;;;;;;;
EVTDESC36919_NEWS_SHORT;Florence_Nightingale_has_been_recognized_throughout_the_world_as_the_esteemed_founder_of_modern_nursing._Long_may_glory_shine_forth_on_this_angel,_popularly_known_as_'the_lady_with_the_lamp'.;;Florence_Nightingale_gilt_weltweit_als_die_Begründerin_der_modernen_Krankenpflege._Möge_das_Licht_lange_auf_diesen,_auch_als_'Dame_mit_der_Lampe'_bekannten,_Engel_fallen.;;;;;;;;;;;
EVTDESC36922_NEWS_LONG;At_the_Oval_in_London,_England_and_Australia_have_played_the_most_memorable_international_match_in_history._In_a_three-day_long_match_that_seesawed_back_and_forth,_the_english_side_fell_a_mere_seven_runs_short_of_defeating_australia_in_their_last_innings._It_was_a_match_so_thrilling_that_one_spectator_died_of_a_heart_attack._The_Sporting_Times_published_this_obituary:_'in_remembrance_of_English_cricket_which_died_at_the_oval_yesterday,_lamented_by_a_large_circle_of_sorrowing_fans_and_acquaintances._R.I.P._The_body_will_be_cremated_and_the_ashes_taken_to_Australia'.;;England_und_Australien_spielten_im_Oval_in_London_das_eindrucksvollste,_internationale_Match_der_Geschichte._Drei_Tage_lang_ging_das_Spiel_hin_und_her_und_die_englische_Seite_lag_lediglich_sieben_Läufe_im_letzten_Inning_hinter_Australien._Das_Match_war_so_spannend,_dass_ein_Zuschauer_einem_Herzinfarkt_erlag._Die_Sporting_Times_veröffentlichte_diesen_Nachruf:_'In_Erinnerung_an_das_englische_Kricket,_das_gestern_im_Oval_starb,_tief_betrauert_von_Fans_und_Freunden._R.I.P._Der_Körper_wird_eingeäschert_und_nach_Australien_geschickt'.;;;;;;;;;;;
EVTDESC36922_NEWS_MEDIUM;At_the_Oval_cricket_grounds_in_London,_England_and_Australia_have_played_out_the_most_memorable_international_match_in_history._Seesawing_back_and_forth_over_three_days,_it_was_so_thrilling_that_one_spectator_died_of_a_heart_attack._Australia_won_by_seven_runs_and_are_delighted.;;England_und_Australien_spielten_im_ovalen_Kricketfeld_in_London_das_eindrucksvollste,_internationale_Match_der_Geschichte._Drei_Tage_lang_ging_das_spannungsgeladene_Spiel_hin_und_her,_ein_Zuschauer_erlag_einem_Herzinfarkt._Australien_gewann_mit_sieben_Läufen_Vorsprung_und_jubelt.;;;;;;;;;;;
EVTDESC36922_NEWS_SHORT;England_and_Australia_have_played_out_the_most_memorable_cricket_match_in_history._Australia_won_by_seven_runs_and_are_delighted._One_spectator_died_of_a_heart_attack.;;England_und_Australien_spielten_das_eindrucksvollste_Kricket-Match_der_Geschichte._Australien_gewann_mit_sieben_Läufen_Vorsprung_und_jubelt._Ein_Zuschauer_erlag_einem_Herzinfarkt.;;;;;;;;;;;
EVTDESC36923_NEWS_LONG;The_esteemed_natural_philosopher_Charles_Darwin,_drawing_upon_observations_made_on_his_voyage_to_distant_shores_aboard_the_HMS_Beagle_and_synthesizing_the_observations_of_many_of_his_contemporaries,_has_published_On_the_Origin_of_Species,_in_which_he_claims_that_all_life_forms_on_Earth_have_slowly_evolved_over_time_through_a_scientific_process_known_as_natural_selection_and_not_through_an_act_of_divine_creation._His_views_are_hotly_contested_and_are_sure_to_remain_controversial_even_hundreds_of_years_into_the_future._The_book_is_written_for_non-specialist_readers.;;Der_geschätzte_Naturphilosoph_Charles_Darwin_veröffentlichte_unter_Verwendung_seiner_Beobachtungen_von_Reisen_zu_zahlreichen_Küsten_auf_der_HMS_Beagle,_sowie_Beobachtungen_seiner_Zeitgenossen,_'Über_die_Entstehung_der_Arten'_und_behauptet,_dass_sich_alle_Lebensformen_auf_der_Erde_langsam_über_einen_langen_Zeitraum_durch_eine_natürliche_Selektion_entwickelt_haben_und_nicht_durch_göttliche_Erschaffung._Seine_Ansichten_werden_hitzig_angefochten_und_werden_noch_viele_hundert_Jahre_Kontroversen_auslösen._Das_Buch_wurde_für_Laien_verständlich_geschrieben.;;;;;;;;;;;
EVTDESC36923_NEWS_MEDIUM;The_natural_philosopher_Charles_Darwin_has_published_on_the_origin_of_species,_in_which_he_claims_that_all_life_has_evolved_through_a_scientific_process_known_as_natural_selection_and_not_through_an_act_of_divinity._His_views_are_hotly_contested_and_sure_to_remain_controversial.;;Der_Naturphilosoph_Charles_Darwin_veröffentlichte_'Über_die_Entstehung_der_Arten'_und_behauptet,_dass_sich_alles_Leben_auf_der_Erde_durch_natürliche_Selektion_entwickelt_hat,_nicht_durch_Gottes_Hand._Seine_Ansichten_werden_hitzig_angefochten_und_noch_lange_Kontroversen_auslösen.;;;;;;;;;;;
EVTDESC36923_NEWS_SHORT;The_scientist_Charles_Darwin_has_published_on_the_origin_of_species,_which_he_claims_that_life_has_evolved_through_a_scientific_process_known_as_natural_selection_and_not_an_act_of_divinity.;;Forscher_Charles_Darwin_veröffentlichte_'Über_die_Entstehung_der_Arten'_und_behauptet,_dass_sich_alles_Leben_auf_der_Erde_durch_natürliche_Selektion_entwickelt_hat,_nicht_durch_Gottes_Hand.;;;;;;;;;;;
EVTDESC36925_NEWS_LONG;The_murder_of_at_least_six_prostitutes_by_Jack_the_Ripper,_the_notorious_serial_killer,_has_horrified_and_shocked_the_Victorian_establishment._The_dismay_evoked_by_these_murders,_has,_however,_indirectly_awoken_the_British_public_to_the_extreme_poverty_and_depravity_reigning_in_the_streets_of_the_east_end_of_London,_especially_in_Whitechapel,_where_the_murders_were_committed._Rumor_mongers_attribute_the_killer’s_continuing_ability_to_evade_capture_to_connections_with_people_of_high_standing._The_details_of_the_outrages_are_too_grizzly_to_publish_in_this_newspaper.;;Der_Mord_an_mindestens_sechs_Prostituierten_durch_den_notorischen_Serienmörder_Jack_the_Ripper_erschüttert_das_viktorianische_Establishment._Die_schrecklichen_Morde_haben_indirekt_das_Bewusstsein_der_Öffentlichkeit_für_die_extreme_Armut_und_den_Sittenverfall_in_den_Straßen_des_East_Ends_von_London_geschärft,_insbesondere_in_Whitechapel,_wo_die_Morde_geschahen._Gerüchte_kursieren,_dass_der_Mörder_aufgrund_seiner_Beziehungen_zu_wichtigen_Persönlichkeiten_nicht_geschnappt_wird._Die_Details_dieser_Freveltaten_sind_zu_grausam,_um_geschildert_werden_zu_können.;;;;;;;;;;;
EVTDESC36925_NEWS_MEDIUM;The_murder_of_at_least_six_prostitutes_by_Jack_the_Ripper_has_horrified_the_Victorian_establishment._The_dismay_evoked_by_these_murders,_has,_however,_awoken_the_public_to_the_extreme_poverty_reigning_in_the_east_end._Details_of_the_outrages_are_too_grizzly_to_publish_at_this_time.;;Der_Mord_an_mind._sechs_Prostituierten_durch_Jack_the_Ripper_erschüttert_das_viktorianische_Establishment._Die_Morde_haben_indirekt_das_Bewusstsein_für_die_extreme_Armut_im_East_End_von_London_geschärft._Die_Details_der_Freveltaten_sind_zu_grausam,_um_geschildert_werden_zu_können.;;;;;;;;;;;
EVTDESC36925_NEWS_SHORT;The_gruesome_murder_of_at_least_six_prostitutes_by_Jack_the_Ripper_has_horrified_the_Victorian_establishment._Details_of_the_outrages_are_too_grizzly_to_publish_in_this_journal_at_this_time.;;Der_brutale_Mord_an_mind._sechs_Prostituierten_durch_Jack_the_Ripper_erschüttert_das_viktorianische_Establishment._Die_Details_der_Freveltaten_sind_zu_grausam_zur_Schilderung.;;;;;;;;;;;
EVTDESC36929_NEWS_LONG;$COUNTRY$:_Nineteen_months_after_completion,_the_bridge_across_the_Firth_of_Tay_near_Dundee,_collapsed_under_stress_caused_by_high_winds._A_six-carriage_train_was_also_lost_leading_to_deaths_of_all_aboard._The_bridge's_designer,_Sir_Thomas_Bouch,_was_held_responsible_for_multiple_flaws_in_design_and_quality_control_and_removed_from_his_position_as_designer_of_the_Firth_of_Forth_bridge._With_his_reputation_as_an_engineer_ruined,_and_multiple_other_projects_of_his_being_canceled_or_ordered_a_new_design_under_another_architect,_Bouch_died_with_a_year.;;$COUNTRY$:_Neunzehn_Monate_nach_Fertigstellung_der_Brücke_über_die_Tay-Förde_nahe_Dundee_ist_sie_bei_starken_Winden_eingestürzt._Ein_Zug_mit_sechs_Waggons_stürzte_in_die_Tiefe_und_zahlreiche_Opfer_werden_beklagt._Der_Brückendesigner_Sir_Thomas_Bouch_wird_aufgrund_etlicher_Mängel_und_fehlender_Qualitätskontrollen_für_die_Katastrophe_verantwortlich_gemacht_und_wurde_vom_Brückenprojekt_über_den_Firth_of_Forth_entfernt._Bouchs_Karriere_war_ruiniert_und_er_verlor_mehrere_weitere_Projekte_an_andere_Architekten._Er_starb_nur_ein_Jahr_später.;;;;;;;;;;;
EVTDESC36929_NEWS_MEDIUM;$COUNTRY$:_Nineteen_months_after_completion,_the_bridge_across_the_Firth_of_Tay_near_Dundee,_collapsed_under_stress_caused_by_high_winds._A_six-carriage_train_was_also_lost_with_all_passengers._The_bridge's_designer,_Sir_Thomas_Bouch,_was_held_responsible.;;$COUNTRY$:_Neunzehn_Monate_nach_Fertigstellung_der_Brücke_über_die_Tay-Förde_nahe_Dundee_ist_sie_bei_starken_Winden_eingestürzt._Ein_Zug_mit_sechs_Waggons_stürzte_in_die_Tiefe_und_es_gab_zahlreiche_Opfer._Brückendesigner_Sir_Thomas_Bouch_wurde_dafür_verantwortlich_gemacht.;;;;;;;;;;;
EVTDESC36929_NEWS_SHORT;$COUNTRY$:_Nineteen_months_after_completion,_the_bridge_across_the_Firth_of_Tay_near_Dundee,_collapsed_under_stress._A_six-carriage_train_was_also_lost_leading_to_deaths_of_all_aboard.;;$COUNTRY$:_Neunzehn_Monate_nach_Fertigstellung_der_Brücke_über_die_Tay-Förde_nahe_Dundee_ist_sie_bei_Sturm_eingestürzt._Ein_Zug_mit_sechs_Waggons_fiel_in_die_Tiefe,_alle_Passagiere_starben.;;;;;;;;;;;
EVTDESC36939_NEWS_LONG;$COUNTRY$:_Lord_Dalhousie,_Governor-General_of_India_introduced_a_number_of_reforms._While_they_are_unpopular_in_some_quarters,_they_are_extremely_effective._Through_the_development_of_the_infrastructure,_expansion_of_railroads,_metalled_bridges_and_roads,_and_telegraph_lines,_military_and_medical_reforms,_and_a_set_of_special_legal_means_called_'Doctrine_of_Lapse'_leading_to_annexation_of_new_lands,_Dalhousie_expanded_the_British_control_over_the_subcontinent,_but_also_accelerated_the_growth_of_anti-British_sentiments_among_the_local_population.;;$COUNTRY$:_Lord_Dalhousie,_Generalgouverneur_von_Indien,_führte_eine_Zahl_neuer_Reformen_ein._Die_extrem_effizienten_Reformen_werden_von_einigen_abgelehnt._Durch_Entwicklung_der_Infrastruktur,_Ausdehnung_der_Eisenbahnstrecken,_Bau_von_Metallbrücken_und_Straßen,_Telegrafenverbindungen,_militärische_und_medizinische_Reformen_und_als_'Doctrine_of_Lapse'_bezeichnete_legale_Richtlinien_zur_Annektion_neuer_Gebiete,_weitete_Dalhousie_die_britische_Kontrolle_auf_dem_Sub-Kontinent_aus,_was_zeitgleich_zu_einem_Erstarken_anti-britischer_Bewegungen_unter_den_Einwohnern_führte.;;;;;;;;;;;
EVTDESC36939_NEWS_MEDIUM;$COUNTRY$:_Lord_Dalhousie,_Governor-General_of_India,_has_introduced_a_number_of_reforms_in_India._While_they_are_unpopular_in_some_quarters,_leading_to_anti-British_sentiments,_they_are_extremely_effective_in_expanding_the_British_control_over_the_subcontinent.;;$COUNTRY$:_Lord_Dalhousie,_Generalgouverneur_von_Indien,_führte_eine_Zahl_neuer_Reformen_ein._Sie_werden_von_einigen_abgelehnt_und_führten_zum_Erstarken_anti-britischer_Bewegungen,_doch_ihre_Effizienz_dehnte_die_britische_Kontrolle_auf_dem_Sub-Kontinent_aus.;;;;;;;;;;;
EVTDESC36939_NEWS_SHORT;$COUNTRY$:_Lord_Dalhousie,_Governor-General_of_India,_has_introduced_a_number_of_reforms_in_India._While_they_are_unpopular_in_some_quarters,_they_are_extremely_effective.;;$COUNTRY$:_Lord_Dalhousie,_Generalgouverneur_von_Indien,_führte_eine_Zahl_neuer_Reformen_ein._Die_extrem_effizienten_Reformen_werden_von_einigen_abgelehnt.;;;;;;;;;;;