Key;English;French;German;Polish;Spanish;Italian;Swedish;Czech;Hungarian;Dutch;Portuguese;Russian;Finnish;
EVTNAME5002;Stanley Cup;Coupe Stanley;Stanley Cup;;Copa Stanley;;;;;;;;;
EVTDESC5002;\n\nLord_Stanley_of_Preston_was_very_intrigued_by_ice_hockey_as_he_became_Governor-General_of_the_Dominion._Originally_inscribed_the_Dominion_Hockey_Challenge_Cup,_the_trophy_was_donated_in_1892_by_him,_as_an_award_for_Canada's_top-ranking_amateur_ice_hockey_club._;Lord_Stanley_de_Preston_était_très_intrigué_par_le_hockey_lorsqu'il_devint_gouverneur_général_du_Dominion._Appelée_à_l'origine_Dominion_Hockey_Challenge_Cup,_la_coupe_lui_fut_offerte_en_1892_en_guise_de_récompense_pour_le_meilleur_club_de_hockey_sur_glace_amateur_du_Canada._;;;A_Lord_Stanley_de_Preston_le_fascinaba_el_hockey_sobre_hielo_cuando_fue_nombrado_gobernador_general_del_protectorado._En_un_principio,_respaldó_la_Copa_Desafío_de_Hockey_del_Protectorado,_cuyo_trofeo_donó_en_1892,_en_recompensa_por_la_gran_posición_que_alcanzó_el_club_de_hockey_sobre_hielo_amateur_de_Canadá._;;;;;;;;;
EVTOPTA5002;This might become popular...;Elle allait devenir très populaire...;Das könnte ein beliebter Sport werden...;;Esto podría llegar a ser popular...;;;;;;;;;
EVTNAME5001;World Cup of Football;Coupe du monde de football;Fußball-Weltmeisterschaften;;Copa del Mundo de Fútbol;;;;;;;;;
EVTDESC5001;\n\n$COUNTRY$_has_just_hosted_the_first_World_Cup_of_Football,_which_was_a_stellar_success._Even_though_not_many_countries_managed_to_travel_here_from_Europe,_there_were_still_great_football_played._And_what_was_most_important_of_all,_$COUNTRY$_won_the_final_4-2_over_Argentina!;L'Uruguay_vient_d'accueillir_la_première_Coupe_du_monde_de_football_qui_a_remporté_un_vif_succès._Bien_que_peu_de_pays_européens_aient_réussi_à_faire_le_voyage_jusqu'ici,_nous_avons_assisté_à_du_grand_football._Et_plus_important_encore,_l'Uruguay_a_remporté_la_finale_contre_l'Argentine_par_4_buts_contre_2_!;Uruguay_hat_gerade_die_ersten_Fußballweltmeisterschaften_ausgerichtet,_die_ein_fantastischer_Erfolg_waren._Obwohl_daran_aufgrund_der_Entfernung_nicht_viele_europäische_Länder_teilnehmen_konnten,_wurde_doch_großartiger_Fußball_gespielt._Und_das_Wichtigste_war,_dass_Uruguay_das_Finale_mit_4:2_gegen_Argentinien_gewonnen_hat!;;Uruguay_acaba_de_ser_el_país_anfitrión_de_la_primera_Copa_del_Mundo_de_Fútbol,_que_ha_sido_un_gran_éxito._A_pesar_de_que_no_fueron_muchos_los_países_europeos_que_pudieron_viajar_hasta_allí,_se_jugó_un_gran_fútbol._¡Y_lo_más_importante_de_todo_es_que_Uruguay_ganó_la_final_imponiéndose_a_Argentina_por_4-2!;;;;;;;;;
EVTOPTA5001;Glory to Uruguay!;Gloire à l'Uruguay !;Uruguay lebe hoch!;;¡Gloria a Uruguay!;;;;;;;;;
EVTNAME5000;First FA Cup Played;Première Coupe d'Angleterre;Erster FA Cup ausgetragen;;Primera FA Cup disputada;;;;;;;;;
EVTDESC5000;\n\nIn_a_hard_fought_thrilling_game,_the_first_FA_cup_was_today_played_at_the_Kensington_Oval_in_London._In_a_surprise_result,_the_$PROVINCENAME$_Albion_won_with_1-0_over_Queens_Park._The_Spiders_showed_a_lot_of_sportsmanship_during_the_game,_but_eventually_lost_to_a_goal_by_Alfred_Goodwyn_in_the_second_half.;Au_cours_d'une_rencontre_passionnante,_la_première_Coupe_d'Angleterre_a_eu_lieu_aujourd'hui_au_Kensington_Oval_de_Londres._Et_résultat_surprenant,_le_$PROVINCENAME$_Albion_l'a_emporté_avec_1_à_0_contre_Queens_Park._Tout_au_long_du_match,_les_Spiders_ont_montré_une_grande_sportivité,_mais_ont_finalement_perdu_lorsqu'Alfred_Goodwyn_a_marqué_un_but_en_seconde_mi-temps.;In_einem_spannenden_und_hart_umkämpften_Spiel_wurde_heute_im_Kensington_Oval_in_London_der_erste_FA_Cup_entschieden._Dabei_konnte_sich_$PROVINCENAME$_überraschend_mit_1:0_gegen_Queens_Park_durchsetzen._Die_Spiders_spielten_über_den_gesamten_Spielverlauf_sehr_fair,_verloren_letztendlich_aber_durch_ein_Tor_von_Alfred_Goodwyn_in_der_zweiten_Halbzeit.;;En_un_partido_muy_emocionante,_hoy_se_libró_la_primera_FA_Cup_en_el_Kensington_Oval_de_Londres._Con_un_resultado_sorprendente,_el_$PROVINCENAME$_de_Albión_se_impuso_por_1-0_al_Queens_Park._Los_Spiders_jugaron_con_mucha_deportividad_durante_el_partido,_pero_al_final_perdieron_por_un_gol_marcado_por_Alfred_Goodwyn_en_la_segunda_mitad_del_encuentro.;;;;;;;;;
EVTOPTA5000;The Poor might enjoy it!;Les pauvres apprécieront !;Sowas könnten den Armen gefallen!;;¡Los pobres podrían disfrutarlo!;;;;;;;;;
DEFINE_ADMIRAL_EFFECT;Gain the service of §YAdmiral $NAME$§W ($PER$ $BAC$).\n;Obtenir les services de l'§Yamiral $NAME$§W ($PER$ $BAC$).\n;§YAdmiral $NAME$§W ($PER$ $BAC$) rekrutieren.\n;;Obtener los servicios del §Yalmirante $NAME$§W ($PER$ $BAC$).\n;;;;;;;;;
DEFINE_GENERAL_EFFECT;Gain the service of §YGeneral $NAME$§W ($PER$ $BAC$).\n;Obtenir les services du §Ygénéral $NAME$§W ($PER$ $BAC$).\n;§YGeneral $NAME$§W ($PER$ $BAC$) rekrutieren.\n;;Obtener los servicios del §Ygeneral $NAME$§W ($PER$ $BAC$).\n;;;;;;;;;
DO_NOT_HAVE_TECH_TRI;Have NOT invented §Y$TECH$§W.\n;N'ont pas inventé §Y$TECH$§W\n;Noch NICHT erfunden: §Y$TECH$§W.\n;;NO ha inventado §Y$TECH$§W.\n;;;;;;;;;
HAVE_TECH_TRI;Have invented §Y$TECH$§W.\n;Ont inventé §Y$TECH$§W\n;Erfunden: §Y$TECH$§W.\n;;Ha inventado §Y$TECH$§W.\n;;;;;;;;;
NOT_DISC_THESE_YET;We can not encourage industries that have not yet been invented.;Nous ne pouvons pas encourager les industries qui n'ont pas encore été inventées.;Wir können keine Industrien fördern, die noch nicht erfunden wurden.;;No podemos fomentar industrias que todavía no se han inventado.;;;;;;;;;
WAR_WE_ACCEPT_HEADER;The Foreign Minister reports;Le ministre des Affaires étrangères indique :;Der Außenminister berichtet:;;El ministro de Asuntos Exteriores informa;;;;;;;;;
WAR_WE_ACCEPT_1;WAR!;DÉCLARATION DE GUERRE !;KRIEG!;WOJNA!;¡GUERRA!;GUERRA!;HÁBORÚ!;VÁLKA!;;;;;;
WAR_WE_ACCEPT_2;$MONARCHTITLE$, $BADWORD$ in;$MONARCHTITLE$, $BADWORD$ de;$MONARCHTITLE$;$BADWORD$ z;$MONARCHTITLE$, $BADWORD$ en;$MONARCHTITLE$, $BADWORD$ di;Vezérünk, ;$MONARCHTITLE$, $BADWORD$ v;;;;;;
WAR_WE_ACCEPT_3;$AGRESSOR$ declared war;$AGRESSOR$ nous ont déclaré la;$AGRESSOR$ hat uns den Krieg erklärt!;$AGRESSOR$ wypowiadaj¹ nam wojnê!;$AGRESSOR$ ha declarado la guerra;$AGRESSOR$ ci hanno dichiarato;$AGRESSOR$ nemzete hadat üzent nekünk!;$AGRESSOR$ vyhlásil válku;;;;;;
WAR_WE_ACCEPT_4;upon us! Prepare for battle...;Guerre !\nPréparons-nous au combat...;Bereiten Sie sich auf den Kampf vor ...;Gotujmy siê do bitwy...;contra nosotros! Preparad la batalla...;guerra! Preparati a combattere...;Fel kell készülnünk a háborúra?;nám! Pøipravte se na boj...;;;;;;
WAR_WE_ACCEPT_5;*;*;*;*;*;*;*;;;;;;;
WAR_WE_ACCEPT_6;*;*;*;*;*;*;*;;;;;;;
WAR_WE_ACCEPT_LOG;$AGRESSOR$ declared war on us!;$AGRESSOR$ nous a déclaré la guerre !;$AGRESSOR$ hat uns den Krieg erklärt!;$AGRESSOR$ wypowiada nam wojnê!;¡$AGRESSOR$ nos ha declarado la guerra!;$AGRESSOR$ ci ha dichiarato guerra!;$AGRESSOR$ hadat üzent nekünk!;$AGRESSOR$ nám vyhlásil válku!;;;;;;
WAR_WE_ACCEPT_BTN1;OK;D'accord;OK;OK;OK;Aceptar;OK;Rendben;OK;;;;;
WAR_WE_ACCEPT_BTN2;OK;D'accord;OK;OK;OK;Aceptar;OK;Rendben;OK;;;;;
WAR_WE_ACCEPT_BTN3;Go to;Voir;Gehe zu;Id? do;Ir allí;Andare;Menj ide:;Pøejít na;;;;;;
WAR_WE_ACCEPT_MAP;WAR!;DÉCLARATION DE GUERRE !;KRIEG!;WOJNA!;¡GUERRA!;GUERRA!;HÁBORÚ!;VÁLKA!;;;;;;
WAR_OTHER_ACCEPT_SETUP;When a nation declares war on another nation;Si une nation déclare la guerre à une autre;Wenn ein Land einem anderen Land den Krieg erklärt;Kiedy jaki? kraj wypowiada wojnê innemu pañstwu;Cuando una nación declare la guerra a otra nación;Quando una nazione dichiara guerra a un'altra nazione;Mikor egy nemzet hadat üzen egy másik nemzetnek;Kdy? národ vyhlásí válku jinému národu;;;;;;
WAR_OTHER_ACCEPT_HEADER;The Foreign Minister reports;Le ministre des Affaires étrangères indique :;Der Außenminister berichtet:;;El ministro de Asuntos Exteriores informa;;;;;;;;;
WAR_OTHER_ACCEPT_1;$AGRESSOR$;$AGRESSOR$;$AGRESSOR$;$AGRESSOR$;$AGRESSOR$;$AGRESSOR$;$AGRESSOR$;$AGRESSOR$;;;;;;
WAR_OTHER_ACCEPT_2;$MONARCHTITLE$, $AGRESSOR$;$MONARCHTITLE$, $AGRESSOR$;$MONARCHTITLE$, $AGRESSOR$;$AGRESSOR$;$MONARCHTITLE$, $AGRESSOR$;$MONARCHTITLE$, $BADWORD$;Vezérünk, $AGRESSOR$;$MONARCHTITLE$, $AGRESSOR$;;;;;;
WAR_OTHER_ACCEPT_3;declared war;a déclaré la guerre;hat ihrem neuen Feind;wypowiedzia³ wojnê.;ha declarado la guerra;hanno dichiarato guerra;hadat üzent;vyhlásil válku;;;;;;
WAR_OTHER_ACCEPT_4;on their new enemy;à ses nouveaux ennemis;$DEFENDER$;Jego nowym wrogiem jest:;a su nuevo enemigo;al loro nuovo nemico;és így új ellenfelet szerzett a következõ személyében:;svým nepøátelùm;;;;;;
WAR_OTHER_ACCEPT_5;$DEFENDER$;$DEFENDER$.; den Krieg erklärt.;$DEFENDER$.;$DEFENDER$;$DEFENDER$;$DEFENDER$;$DEFENDER$;;;;;;
WAR_OTHER_ACCEPT_6;*;*;*;*;*;*;*;;;;;;;
WAR_OTHER_ACCEPT_LOG;$AGRESSOR$ declared war on $DEFENDER$.;$AGRESSOR$ a déclaré la guerre à $DEFENDER$.;$AGRESSOR$ hat $DEFENDER$ den Krieg erklärt.;Pañstwo $AGRESSOR$ wypowiedzia³o wojnê pañstwu $DEFENDER$.;¡$AGRESSOR$ nos ha declarado la guerra!;$AGRESSOR$ ha dichiarato guerra a $DEFENDER$.;$AGRESSOR$ hadat üzent a következõnek: $DEFENDER$.;$AGRESSOR$ vyhlásil válku $DEFENDER$.;;;;;;
WAR_OTHER_ACCEPT_BTN1;OK;D'accord;OK;OK;OK;Aceptar;OK;Rendben;OK;;;;;
WAR_OTHER_ACCEPT_BTN2;OK;D'accord;OK;OK;OK;Aceptar;OK;Rendben;OK;;;;;
WAR_OTHER_ACCEPT_BTN3;Go to;Voir;Gehe zu;Id? do;Ir allí;Andare;Menj ide:;Pøejít na;;;;;;
DECLWAR_LIMITED;This war is a limited war.;Cette guerre est un conflit limité.;Dies ist ein eingeschränkter Krieg.;;Esta es una guerra limitada.;;;;;;;;;
WAR_THEY_ACCEPT_SETUP;When we declare war on another nation;Si nous déclarons la guerre à une autre nation;Wenn wir einem anderen Land den Krieg erklären;Kiedy wypowiadamy wojnê innemu pañstwu;Cuando declaramos la guerra a otra nación;Quando noi dichiariamo guerra a un'altra nazione;Mikor mi üzenünk hadat egy másik nemzetnek;Kdy? my vyhlásíme válku jinému národu;;;;;;
WAR_THEY_ACCEPT_HEADER;The Foreign Minister reports;Le ministre des Affaires étrangères indique :;Der Außenminister berichtet:;;El ministro de Asuntos Exteriores informa;;;;;;;;;
WAR_THEY_ACCEPT_1;We declared war on;Nous avons déclaré la guerre à;Wir haben $DEFENDER$;$AGRESSOR$;Declaramos la guerra a ;Abbiamo dichiarato guerra a;Hadat üzentünk a következõnek:;Vyhlásili jsme válku;;;;;;
WAR_THEY_ACCEPT_2;$DEFENDER$;$DEFENDER$.;den Krieg erklärt.;$DEFENDER$;$DEFENDER$;$DEFENDER$;$DEFENDER$;$DEFENDER$;;;;;;
WAR_THEY_ACCEPT_3;*;*;*;*;*;*;*;;;;;;;
WAR_THEY_ACCEPT_4;*;*;*;*;*;*;*;;;;;;;
WAR_THEY_ACCEPT_5;*;*;*;*;*;*;*;;;;;;;
WAR_THEY_ACCEPT_6;*;*;*;*;*;*;*;;;;;;;
WAR_THEY_ACCEPT_LOG;We declared war on $DEFENDER$.;Nous avons déclaré la guerre à $DEFENDER$.;Wir haben $DEFENDER$ den Krieg erklärt.;Wypowiedzieli?my wojnê $DEFENDER$.;¡$AGRESSOR$ nos ha declarado la guerra!;Abbiamo dichiarato guerra a $DEFENDER$.;Hadad üzentünk a következõnek: $DEFENDER$.;Vyhlásili jsme válku $DEFENDER$.;;;;;;
WAR_THEY_ACCEPT_BTN1;OK;D'accord;OK;OK;OK;Aceptar;OK;Rendben;OK;;;;;
WAR_THEY_ACCEPT_BTN2;OK;D'accord;OK;OK;OK;Aceptar;OK;Rendben;OK;;;;;
WAR_THEY_ACCEPT_BTN3;Go to;Voir;Gehe zu;Id? do;Ir allí;Andare;Menj ide:;Pøejít na;;;;;;
WAR_THEY_ACCEPT_MAP;WAR!;DÉCLARATION DE GUERRE !;KRIEG!;WOJNA!;¡GUERRA!;GUERRA!;HÁBORÚ!;VÁLKA!;;;;;;
INFRA_LEVEL_HERE;Infrastructure at §Y$VAL$%§W.;Infrastructure à §Y$VAL$%§W.;Infrastruktur in §Y$VAL$%§W.;;Infraestructuras en §Y$VAL$%§W.;;;;;;;;;
fascist_group;Fascist parties;Partis fascistes;faschistischen Parteien;;Partidos fascistas;;;;;;;;;
conservative_group;Conservative & Reactionary parties;Partis conservateurs & réactionnaires;konservativen & reaktionären Parteien;;Partidos conservadores y reaccionarios;;;;;;;;;
socialist_group;Socialist & Communist parties;Partis socialistes & communistes;sozialistischen & kommunistischen Parteien;;Partidos socialistas y comunistas;;;;;;;;;
liberal_group;Liberal & Radical parties;Partis libéraux & libéraux-anarchistes;liberalen & radikalen Parteien;;Partidos liberales y anarcoliberales;;;;;;;;;
COLONY_SUCCESS_SETUP;When we succeed with the colonization of a province.;Si nous réussissons à coloniser une province.;Wenn Erfolg mit der Kolonisation einer Provinz haben.;;Cuando conseguimos la colonización de una provincia;;;;;;;;;
COLONY_FAIL_SETUP;When we fail to colonize a province.;Si nous ne réussissons pas à coloniser une province.;Wenn wir mit der Kolonisation einer Provinz scheitern.;;Cuando no conseguimos colonizar una provincia;;;;;;;;;
TOPBAR_INC_SPEED;Increase Speed;Augmenter la vitesse;Geschwindigkeit erhöhen;;Aumentar la velocidad;;;;;;;;;
REMOVE_TOPBAR_DEC_SPEED;Increase Speed;Augmenter la vitesse;Geschwindigkeit erhöhen;;Aumentar la velocidad;;;;;;;;;
TOPBAR_CLOSE_OUTLINER;Close Outliner;Fermer l'aperçu;Outliner schließen;;Cerrar Outliner;;;;;;;;;
TOPBAR_OPEN_OUTLINER;Open Outliner;Ouvrir l'aperçu;Outliner öffnen;;Abrir Outliner;;;;;;;;;
SLOWEST_SPEED;Slowest Speed;Vitesse la plus lente;langsamster Geschwindigkeit;;Velocidad mínima;;;;;;;;;
SLOW_SPEED;Slow Speed;Vitesse lente;langsamer Geschwindigkeit;;Velocidad lenta;;;;;;;;;
NORMAL_SPEED;Normal Speed;Vitesse normale;normaler Geschwindigkeit;;Velocidad normal;;;;;;;;;
FAST_SPEED;Fast Speed;Vitesse rapide;schneller Geschwindigkeit;;Velocidad rápida;;;;;;;;;
FASTEST_SPEED;Fastest Speed;Vitesse la plus rapide;schnellster Geschwindigkeit;;Velocidad máxima;;;;;;;;;
TOPBAR_DATE;This is the current date.\n(click to pause);Il s'agit de la date du jour.\n(cliquer pour mettre en pause);Dies ist das aktuelle Datum.\n(zum Pausieren klicken);;Esta es la fecha actual.\n(Haz clic para detener);;;;;;;;;
TOPBAR_DATE_IS_PAUSED;This is the current date.\n(click to unpause);Il s'agit de la date du jour.\n(cliquer pour continuer);Dies ist das aktuelle Datum.\n(zum Weiterspielen klicken);;Esta es la fecha actual.\n(haz clic para reanudar partida);;;;;;;;;
TOPBAR_PAUSE_INDICATOR;The game is currently paused.;La partie est actuellement mise en pause.;Das Spiel ist momentan pausiert.;;La partida está actualmente detenida.;;;;;;;;;
TOPBAR_SPEED_INDICATOR;The game is running at §Y$SPEED$§W.;La partie évolue à §Y$SPEED$§W.;Das Spiel läuft mit §Y$SPEED$§W.;;La partida va a §Y$SPEED$§W.;;;;;;;;;
PLAYER_COUNTRY_TOPBAR_RANK;$NAME$ is a §Y$RANK$§W.;$NAME$ est une §Y$RANK$§W.;$NAME$ ist ein §Y$RANK$§W.;;$NAME$ es un §Y$RANK$§W.;;;;;;;;;
HAS_TECH_SCHOOL;Currently §Y$TECH$§W.\n;Actuellement, §Y$TECH$§W.\n;Derzeit §Y$TECH$§W.\n;;Actualmente §$TECH$§W.\n;;;;;;;;;
HAS_NOT_TECH_SCHOOL;Not embracing §Y$TECH$§W.\n;Ne pas opter pour §Y$TECH$§W.\n;Folgt nicht: §Y$TECH$§W.\n;;No apoya §Y$TECH$§W.\n;;;;;;;;;
TECH_MINE_SIZE;Mine Size;Taille de la mine;Minengröße;;Tamaño de la mina;;;;;;;;;
TECH_FARM_SIZE;Farm Size;Taille de la ferme;Farmgröße;;Tamaño de la granja;;;;;;;;;
USA_absolute_monarchy_ADJ;American;Américain;Amerikanisch;;americana;;;;;;;;;
USA_hms_government_ADJ;American;Américain;Amerikanisch;;americana;;;;;;;;;
USA_proletarian_dictatorship_ADJ;American;Américain;Amerikanisch;;americana;;;;;;;;;
ENG_proletarian_dictatorship;The Worker's Commonwealth;Commonwealth des ouvriers;The Worker's Commonwealth;;La Commonwealth de los Trabajadores;;;;;;;;;
ENG_proletarian_dictatorship_ADJ;British;Britannique;Britisch;;de Gran Bretaña;;;;;;;;;
BOH_democracy;Czech Republic;République tchèque;Tschechische Republik;;República Checa;;;;;;;;;
BOH_democracy_ADJ;Czech;Tchèque;Tschechisch;;checa;;;;;;;;;
TUR_democracy;Turkey;Turquie;Türkei;;Turquía;;;;;;;;;
TUR_democracy_ADJ;Turkish;Turc;Türkisch;;turca;;;;;;;;;
BAV_proletarian_dictatorship;Bavarian Räterepublik;Räterepublik bavaroise;Bayerische Räterepublik;;República Autogestionada de Baviera;;;;;;;;;
RUS_proletarian_dictatorship_ADJ;Soviet;Soviétique;Sowjetisch;;soviética;;;;;;;;;
NO_TECH_SELECTED;None Selected;Pas de sélection;Keine ausgewählt;;Nada seleccionado;;;;;;;;;
IS_INDEP;is NOT under foreign influence.;n'est PAS sous influence étrangère.;steht NICHT unter ausländischem Einfluss.;;NO está bajo influencia extranjera.;;;;;;;;;
IS_NOT_INDEP;is under foreign influence.;est sous influence étrangère.;steht unter ausländischem Einfluss.;;está bajo influencia extranjera.;;;;;;;;;
ELECTION_INFO_IN_GOV;Election Campaign in Progress;Campagne électorale en cours;Wahlkampf im Verlauf;;Campaña electoral en marcha;;;;;;;;;
REGIMENT_POP_NAME;$NUM$$ORDER$ $POP$ $TYPE$;$NUM$$ORDER$ $POP$ $TYPE$;$NUM$$ORDER$ $POP$ $TYPE$;;$NUM$$ORDER$ $POP$ $TYPE$;;;;;;;;;
REGIMENT_HOME_NAME;$NUM$$ORDER$ $HOME$ $TYPE$;$NUM$$ORDER$ $HOME$ $TYPE$;$NUM$$ORDER$ $HOME$ $TYPE$;;$NUM$$ORDER$ $HOME$ $TYPE$;;;;;;;;;
SUBUNIT_POP;§Y$CULTURE$§W $TYPE$ from §Y$LOCATION$§W.;$TYPE$ §Y$CULTURE$§W provenant de §Y$LOCATION$§W.;§Y$CULTURE$§W $TYPE$ von §Y$LOCATION$§W.;;$TYPE$ §Y$CULTURE$§W de §Y$LOCATION$§W.;;;;;;;;;
army_tech_research_bonus;Army Tech Research;Recherche en technologie militaire;Militärtechnologieforschung;;Investigación de tecnología del ejército;;;;;;;;;
commerce_tech_research_bonus;Commerce Tech Research;Recherche en technologie commerciale;Handelstechnologieforschung;;Investigación de tecnología de comercio;;;;;;;;;
culture_tech_research_bonus;Culture Tech Research;Recherche en technologie culturelle;Kulturtechnologieforschung;;Investigación de tecnología de cultura;;;;;;;;;
industry_tech_research_bonus;Industry Tech Research;Recherche en technologie industrielle;Industrietechnologieforschung;;Investigación de tecnología de la industria;;;;;;;;;
navy_tech_research_bonus;Navy Tech Research;Recherche en technologie navale;Marinetechnologieforschung;;Investigación de tecnología de la armada;;;;;;;;;
THERE_ARE_BACKING;§Y$VAL$§W of the population want this reform.;§Y$VAL$§W de la population veut cette réforme.;§Y$VAL$§W der Bevölkerung will diese Reform.;;El §Y$VAL$§W de la población quiere esta reforma.;;;;;;;;;
ORG_EXPLANATION_TT;The higher this percentage is, the stronger the rebel uprising will become.;Plus ce pourcentage est élevé, plus le soulèvement rebelle se renforce.;Je höher dieser Prozentwert ist, desto stärker wird der Rebellenaufstand.;;Cuanto mayor sea este porcentaje, más virulenta será la rebelión.;;;;;;;;;
COLONIAL_MIGRATION_TECH;Colonial Migration;Migration coloniale;Kolonialabwanderung;;Emigración colonial;;;;;;;;;
COMBAT_WIDTH_TECH;Combat Width;Aire de combat;Gefechtsbreite;;Anchura del combate;;;;;;;;;
PLURALITY_EXPLANATION;Plurality is the shared level of consciousness in our country. The memories of the past victories and defeats in the name of liberty remind our people of what could be.;La pluralité correspond au niveau partagé de conscience nationale. Les souvenirs des victoires et défaites passées au nom de la liberté rappellent à notre peuple ce qui aurait pu arriver.;Die Pluralität ist das allgemeine Bewusstseinsniveau in Ihrem Land. Die Erinnerungen an vergangene Siege und Niederlagen im Namen der Freiheit erinnern Ihre Bevölkerung daran, was möglich sein könnte.;;La pluralidad es el nivel de conciencia compartida en nuestro país. Los recuerdos de las victorias y derrotas pasadas en nombre de la libertad recuerdan a nuestro pueblo lo que podría ser.;;;;;;;;;
REMOVE_REVANCHISM_EXPLANATION;From the French word revenge, Revanchism is the yearning for the return for our rightful land. Our people are ready to make greater sacrifices for their return.;Dérivé du terme revanche, le revanchisme correspond au désir de retrouver notre terre légitime. Notre peuple est prêt à de grands sacrifices pour y parvenir.;Revanchismus ist von dem französischen Wort für Rache abgeleitet und steht für das Verlangen nach der Rückkehr unseres rechtmäßigen Territoriums. Unser Volk ist bereit, dafür große Opfer zu bringen.;;Originario de la palabra francesa 'revenge', el revanchismo es el anhelo por recuperar la tierra que nos corresponde por derecho. Nuestra gente está dispuesta a hacer grandes sacrificios para recuperarla.;;;;;;;;;
GAIN_PROVINCE;Gain §Y$WHERE$§W from §Y$WHO$§W.\n;Obtention de §Y$WHERE$§W de §Y$WHO$§W.\n;§Y$WHERE$§W muss §Y$WHO$§W abgerungen werden.\n;;Gana §Y$WHERE$§W de §Y$WHO$§W.\n;;;;;;;;;
build_kiel_canal_title;Build the Kiel Canal;Construire le canal de Kiel;Nord-Ostsee-Kanal bauen;;Construir el Canal de Kiel;;;;;;;;;
build_kiel_canal_desc;Building a canal between the Baltic and The North Sea would be a tremendous boon to our shipping, and we are in a position to build one in Kiel.;La construction d'un canal entre la Baltique et la mer du Nord apporterait un essor considérable à notre flotte et nous sommes en mesure de construire un tel canal à Kiel.;Der Bau eines Kanals zwischen der Ost- und Nordsee könnte eine Wohltat für unsere Schifffahrt sein. Wir sind nun in der Lage, von Kiel aus so einen Kanal zu bauen.;;La construcción de un canal entre el Báltico y el Mar del Norte supondría una gran ventaja para nuestra navegación. En estos momentos, podemos construir uno en Kiel.;;;;;;;;;
build_suez_canal_title;Build the Suez Canal;Construire le canal de Suez;Suezkanal bauen;;Construir el Canal de Suez;;;;;;;;;
build_suez_canal_desc;One of the long standing problems for shipping on the Far Eastern and India trades has always been the need to round the African Cape in order to actually get there. By establishing a canal through the Suez, we will shorten the journey to Asia by days, as well as perform a wonderful feat of modern engineering.;Les routes commerciales entre l'Extrême-Orient et l'Inde ont toujours été handicapées par la nécessité de contourner le Cap. En construisant le canal de Suez, nous raccourcirons de plusieurs jours les voyages à destination de l'Asie et réaliserons par là même une belle prouesse d'ingénierie moderne.;Die Notwendigkeit der Umschiffung der Südspitze Afrikas ist eines der ältesten Probleme für den Schiffsverkehr nach Fernost und Indien. Durch den Bau eines Kanals durch den Isthmus von Suez könnten wir die Fahrzeit nach Asien um mehrere Tage verkürzen und zudem eine glanzvolle Ingenieursleistung vollbringen.;;Uno de los antiguos problemas para el comercio naval en el Extremo Oriente y la India ha sido siempre la necesidad de tener que rodear el Cabo de Buena Esperanza para poder llegar allí. Estableciendo un canal a través de Suez, reduciremos el viaje hasta Asia en varios días, además de llevar a cabo una maravillosa proeza de ingeniería moderna.;;;;;;;;;
build_panama_canal_desc;Proposals for a Canal across the Panama Isthmus probably date back to the first discovery of the area. Nowhere is the strip of land that unites the North and South American continents thinner than here, and, with the aid of modern engineering, we could shorten the travel time between the Atlantic and The Pacific by several days by building it.;Les propositions de construction d'un canal à travers le détroit de Panama remontent probablement à la première découverte de la région. Nulle part ailleurs une bande de terre reliant les continents nord et sud américains n'est aussi étroite qu'à cet endroit et, grâce à l'ingénierie moderne, nous pourrions raccourcir de plusieurs jours les voyages entre les océans Atlantique et Pacifique.;Die Vorschläge für den Bau eines Kanals durch den Isthmus von Panama reichen wahrscheinlich bis zur Entdeckung des Gebiets zurück. Nirgendwo ist die Landverbindung zwischen dem nord- und südamerikanischen Kontinent dünner als hier, und durch den Einsatz modernen Ingenieurswissen könnten wir die Fahrzeit vom Atlantik in den Pazifik um mehrere Tage reduzieren.;;Las propuestas de construcción de un canal a través del Istmo de Panamá probablemente se remonten al primer descubrimiento del área. Se trata del lugar donde la franja de tierra que une los continentes del norte y el sur de América es más fina y, con la ayuda de la ingeniería moderna, podemos recortar en varios días la duración del viaje entre el Atlántico y el Pacífico.;;;;;;;;;
REVANCHISM_LOWER;Revanchism lower than §Y$VAL$§W.\n;Revanchisme inférieur à §Y$VAL$§W.\n;Revanchismus ist geringer als §Y$VAL$§W.\n;;Revanchismo por debajo de §Y$VAL$§W.\n;;;;;;;;;
REVANSCHISM_ATLEAST;Revanchism is at least §Y$VAL$§W.\n;Le revanchisme est d'au moins §Y$VAL$§W.\n;Revanchismus ist mindestens §Y$VAL$§W.\n;;El revanchismo está al menos a §Y$VAL$§W.\n;;;;;;;;;
CANAL_1;Kiel Canal;Canal de Kiel;Nord-Ostsee-Kanal;;Canal de Kiel;;;;;;;;;
CANAL_2;Suez Canal;Canal de Suez;Suezkanal;;Canal de Suez;;;;;;;;;
CANAL_3;Panama Canal;Canal de Panama ;Panamakanal;;Canal de Panamá;;;;;;;;;
ENABLE_CANAL;Build the §Y$NAME$§W!\n;Construire §Y$NAME$§W !\n;§Y$NAME$§W bauen!\n;;¡Construir el §Y$NAME$§W!\n;;;;;;;;;
CANAL_NOT_ENABLED;The §Y$NAME$§W has NOT been built.;§Y$NAME$§W n'a PAS été construit.;Der §Y$NAME$§W wurde NICHT gebaut.;;El §Y$NAME$§W NO se ha construido.;;;;;;;;;
CANAL_ENABLED;§Y$NAME$§W exists!;§Y$NAME$§W existe !;§Y$NAME$§W existiert bereits!;;¡El §Y$NAME$§W ya existe!;;;;;;;;;
ADMINISTRATIVE_TAX_EFFICIENCY;Administrative Tax Efficiency: §Y$VALUE$§W%.;Efficacité fiscale administrative : §Y$VALUE$§W%.;Verwaltungseffizienz: §Y$VALUE$§W%.;;Eficacia de los impuestos administrativos: §Y$VALUE$§W%.;;;;;;;;;
AVG_MIL_ON_MAP;Average Militancy: §Y$VALUE$§W;Militantisme moyen : §Y$VALUE$§W;Durchschnittliche Militanz: §Y$VALUE$§W;;Media de militancia: §Y$VALUE$§W;;;;;;;;;
POP_PRODUCED;Produced: §Y$VAL$§W;Biens produits : §Y$VAL$§W;Produziert: §Y$VAL$§W;;Producido: §Y$VAL$§W;;;;;;;;;
POP_SOLD;Sold: §Y$VAL$§W;Biens vendus : §Y$VAL$§W;Verkauft: §Y$VAL$§W;;Vendido: §Y$VAL$§W;;;;;;;;;
POP_SOLD_DOMESTIC;Sold(Domestic): §Y$VAL$§W;Biens vendus (au niveau national) : §Y$VAL$§W;Verkauft (national): §Y$VAL$§W;;Vendido (interior): §Y$VAL$§W;;;;;;;;;
POP_SOLD_EXPORT;Sold(Export): §Y$VAL$§W;Biens vendus (exportation) : §Y$VAL$§W;Verkauft (Export): §Y$VAL$§W;;Vendido (exportación): §Y$VAL$§W;;;;;;;;;
POP_WANT_BOUGHT;Bought: §Y$VAL$§W;Biens achetés : §Y$VAL$§W;Gekauft: §Y$VAL$§W;;Comprado: §Y$VAL$§W;;;;;;;;;
POP_WANT_BUY;Wanted: §Y$VAL$§W;Biens souhaités : §Y$VAL$§W;Gewünscht: §Y$VAL$§W;;Se necesita: §Y$VAL$§W;;;;;;;;;
POP_WANT_AFFORD;Afforded: §Y$VAL$§W;Biens accordés : §Y$VAL$§W;Finanzierbar: §Y$VAL$§W;;Permitido: §Y$VAL$§W;;;;;;;;;
POP_PRODUCER_MARKET;This Producer;Ce producteur;Dieser Produzent;;Este productor;;;;;;;;;
POP_WORLD_MARKET;§YWorld Market§W;§YMarché mondial§W;§YWeltmarkt§W;;§YMercado mundial§W;;;;;;;;;
GENERAL;General;Général;General;;General;;;;;;;;;
ADMIRAL;Admiral;Amiral;Admiral;;Almirante;;;;;;;;;
CURR_COMB_STR;Current Strength at ;Force actuelle à ;Momentane Stärke bei;;Fuerza actual:;;;;;;;;;
CURR_COMB_ORG;Organization at ;Organisation à ;Organisation bei;;Organización:;;;;;;;;;
UW_ASSIGN;Auto Assign;Attribution auto.;Autom. Zuteilung;;Asignar auto.;;;;;;;;;
RANK_PRESTIGE;Prestige;Prestige;Prestige;;Prestigio;;;;;;;;;
RANK_PRESTIGE_D;Prestige is accumulated through cultural development and performing well with your country;Le développement culturel ainsi que les résultats de votre pays vous permettent d'améliorer votre prestige.;Prestige wird durch kulturelle Entwicklungen und generelle Fortschritte Ihres Landes angesammelt.;;El prestigio se acumula con el desarrollo cultural y gestionando bien tu país.;;;;;;;;;
RANK_INDUSTRY;Industrial Power;Puissance industrielle;Industriestärke;;Potencia industrial;;;;;;;;;
RANK_MILITARY;Military Power;Puissance militaire;Militärstärke;;Potencia militar;;;;;;;;;
RANK_MILITARY_D;The Military score is a measure of the power of your army, it scores your military by both size and equipment.;Le score militaire permet de mesurer la puissance de votre armée en termes de taille et d'équipement.;Der Militärwert misst die Stärke Ihrer Streitkräfte. Dabei werden sowohl Mannstärke als auch Ausrüstung in Betracht gezogen.;;La puntuación militar mide la potencia de tu ejército en función de su tamaño y equipo.;;;;;;;;;
RANK_TOTAL_D;The eight countries with the highest rank are §YGreat Powers§W who have the ability to influence and control lesser nations. The next eight are §YSecondary Powers§W who have the ability to colonize, and will challenge the great powers at times. The final two ranks are §Ycivilized§W and §Ynon-western§W nations, who are rated depending if they are westernized or not.;Les huit nations les plus influentes sont considérées comme étant des §YGrandes Puissances§W et peuvent influencer et contrôler les autres nations. Les huit nations suivantes sont désignées comme étant des §YPuissances Secondaires§W et peuvent coloniser et parfois défier les Grandes Puissances. Les dernières correspondent aux nations §Ycivilisées§W et §Ynon civilisées§W, et sont classées selon qu'elles sont occidentalisées ou non.;Die acht ranghöchsten Länder sind §YGroßmächte§W, denen es möglich ist, weniger gut entwickelte Länder zu beeinflussen und zu kontrollieren. Die Plätze neun bis sechszehn belegen die §YMächte zweiten Ranges§W, die ebenfalls Kolonien gründen können, und die Großmächte früher oder später herausfordern werden. Das Spiel unterscheidet außerdem zwischen §Yzivilisierten§W und §Yunzivilisierten§W Nationen - also ob ein Land verwestlicht ist oder nicht.;;Los ocho países con mayor rango son §Ygrandes potencias§W, que tienen la habilidad para influenciar y controlar a las naciones menores. Los ocho siguientes son §Ypotencias secundarias§W, que tienen la habilidad de colonizar y pueden desafiar a las grandes potencias en ocasiones. Los dos últimos apartados son naciones §Ycivilizadas§W y §Ysin civilizar§W, que se valoran dependiendo de su nivel de occidentalización.;;;;;;;;;
TYPE_SPECIAL;Other;Unités d'appui;Andere;;Otros;;;;;;;;;
COVIEW_ORG_VALUE;Current level of organization;Niveau actuel d'organisation;Aktuelle Organisationsstufe;;Nivel actual de organización;;;;;;;;;
COVIEW_STR_NAVAL;The amount of ships in this fleet.;Nombre de navire de cette flotte.;Die Anzahl der Schiffe in dieser Flotte.;;La cantidad de barcos de esta flota.;;;;;;;;;
COVIEW_STR_LAND;Amount of men fighting on this side.;Nombre d'hommes se battant dans ce camp.;Anzahl der Soldaten, die auf dieser Seite kämpfen.;;La cantidad de hombres que lucha en este bando.;;;;;;;;;
MAY_NOT_RETREAT;It is not possible, nor would it be honorable, to retreat from a battle while the battle is still starting up.;Il n'est pas possible, question d'honneur, de se retirer d'une bataille qui débute.;Es ist nicht möglich und wäre auch nicht ehrenhaft, sich aus einer Schlacht zurückzuziehen, die gerade erst beginnt.;;No es posible, ni sería honorable, retirarse de una batalla que no ha hecho más que empezar.;;;;;;;;;
COMBAT_DICE;Die roll for this side in this phase.;tirage pour ce camp dans cette phase;Würfeln für diese Seite in dieser Phase.;Wydarzenia losowe dla tej strony w tej fazie walki.;Modo de mapa comercial;Lancio di dadi per questo campo in questa fase.;Kockadobás ebben a szakaszban, ennek az oldalnak.;Hod kostkou pro tuto stranu v této fázi.;;;;;;
COMBAT_TERRAIN;Terrain penalty on attacker.;Pénalité du terrain sur l'attaquant.;Terrain-Strafe für Angreifer.;Kara terenu dla atakuj¹cego.;El modificador relativo del valor de Choque del líder al mando comparado con el del líder rival.;Penalità di terreno sull'attaccante.;Terepbüntetés a támadóra;Terénní postih útoèníka.;;;;;;
COMBAT_CROSSING;River crossings or landing on a beach gives a penalty to the attacker.;Pénalité de traversée d'un fleuve ou de débarquement sur l'attaquant.;Strafe für Angreifer: Flussüberschreitung oder Strandlandung.;Przekroczenie rzeki lub l¹dowanie na pla¿y powoduje karê terenu dla atakuj¹cego.;El modificador relativo del valor de Disparo del líder al mando comparado con el del líder rival.;Penalità di traversata di un fiume o di sbarco sull'attaccante;A támadót sújtó folyami átkelési és partraszállási büntetés.;Postih útoèníka zpùsobený pøechodem øeky èi vylodìním.;;;;;;
COMBAT_DIGIN;Penalty on attacker due to defender being dug-in.;Pénalité sur l'attaquant en raison du retranchement du défenseur.;Strafe für Angreifer: Verteidiger eingegraben.;;Penalización al atacante debida a que el defensor está atrincherado.;;;;;;;;;
PRODUCTION_COST_BUILD;Build Cost: §Y$VAL$§W;Coût de construction : §Y$VAL$§W¤;Baukosten: §Y$VAL$§W;;Coste de construcción: §Y$VAL$§W;;;;;;;;;
PRODUCTION_COST_INPUT;Input Cost: §Y$VAL$§W;Coût des matières premières : §Y$VAL$§W¤;Input-Kosten: §Y$VAL$§W;;Coste de entrada: §Y$VAL$§W;;;;;;;;;
PRODUCTION_NO_PROJECT;No Project;Aucun projet;Kein Projekt;;Ningún proyecto;;;;;;;;;
PRODUCTION_PROJECT_MONEY;Project has §Y$MONEY$§W¤ out of §Y$NEED$§W¤ needed.;Le projet dispose de §Y$MONEY$§W¤sur les §Y$NEED$§W¤nécessaires.;Projekt hat §Y$MONEY$§W¤, benötigt wird §Y$NEED$§W¤.;;El proyecto se ha quedado sin §Y$MONEY$§W¤ de los §Y$NEED$§W¤ que necesitaba.;;;;;;;;;
WAR_HAS_COMPLETE_VICTORY;Complete Victory;Victoire totale;Vollständiger Sieg;;Victoria completa;;;;;;;;;
DIPLOMACY_CAN_INTERVENE;Intervene in War;§YIntervention dans la guerre§W;Kriegsintervention;;Intervenir en guerra;;;;;;;;;
DIPLOMACY_CANNOT_INTERVENE;Intervene in War\nWe cannot join this side because:;§YIntervention dans cette guerre§W\nPas possible de rejoindre ce camp parce que :;Kriegsintervention\nWir können dieser Seite nicht beitreten. Grund:;;Intervenir en guerra\nNo podemos unirnos a este bando porque:;;;;;;;;;
DIPLOMACY_OPINION_INFLUENCE;Opinion of §Y$GP$§W: §Y$OPINION$§W;Opinion de §Y$GP$§W : §Y$OPINION$§W;Meinung von §Y$GP$§W: §Y$OPINION$§W;;Opinión de §Y$GP$§W: §Y$OPINION$§W;;;;;;;;;
DIPLOMACY_OPINION_INFLUENCE2;§Y$GP_ADJ$§W influence: §Y$VALUE$§W;Influence §Y$GP_ADJ$§W : §Y$VALUE$§W;§Y$GP_ADJ$§W Einfluss: §Y$VALUE$§W;;Influencia §Y$GP_ADJ$§W: §Y$VALUE$§W;;;;;;;;;
DIPLOMACY_SET_PRIO_DESC;Influence represents a §YGreat Power§W's clout inside a country.;L'influence représente la puissance d'une §Ygrande nation§W dans un pays.;Einfluss repräsentiert den Einfluss einer §YGroßmacht§W in einem Land.;;La influencia representa el peso de una §Ygran potencia§W en el interior de otro país.;;;;;;;;;
DIPLOMACY_PRIMARYCULTURE_DESC;The primary culture represents people who are first-class citizens in our country;La culture principale correspond aux citoyens de première classe de notre pays.;Die Primärkultur repräsentiert den Teil unserer Bevölkerung, die als Bürger erster Klasse gelten.;;La cultura principal representa a los ciudadanos de primera clase de nuestro país.;;;;;;;;;
DIPLOMACY_ACCEPTEDCULTURE_DESC;Our accepted culture(s) are people that are tolerated in our country;Les cultures acceptées correspondent aux personnes tolérées dans notre pays.;Unsere akzeptierten Kulturen sind Volksgruppen, die in unserem Land akzeptiert werden.;;Nuestra cultura o culturas aceptadas son la gente que toleramos en nuestro país.;;;;;;;;;
PROJECT_BUILD;Build;Créer;Bauen;;Construir;;;;;;;;;
PROJECT_REOPEN;Reopen;Rouvrir;Wiedereröffnen;;Reanudar;;;;;;;;;
PROJECT_EXPAND;Expand;Agrandir;Ausbauen;;Ampliar;;;;;;;;;
EVTNAME22500;Stock Market Crash!;Krach boursier !;Börsencrash!;;¡Hundimiento de la bolsa!;;;;;;;;;
EVTDESC22500;\n\nA_bleak_day_today_for_$COUNTRY$,_as_$CAPITAL$'s_financial_district_reels_from_the_shock_of_a_burst_speculation_bubble._Real_estate_prices_have_been_soaring_for_the_past_year_and_a_half,_and_while_some_analysts_have_warned_for_quite_some_time_that_the_prices_have_been_artificially_high_due_to_the_effects_of_inflationary_over_consumption,_the_matadors_of_the_bull_market_have_left_any_such_warnings_unheeded._In_government_circles,_cries_for_increased_bank_and_currency_regulations_are_being_heard,_calling_for_an_end_to_what_is_referred_to_as_'the_failures_of_dog-eat-dog_capitalism'.;Terrible_journée_aujourd'hui_pour_$COUNTRY$_alors_que_le_quartier_financier_de_$CAPITAL$_a_été_secoué_par_un_accès_de_spéculations._Les_prix_de_l'immobilier_se_sont_envolés_depuis_un_an_et_demi_et_alors_que_plusieurs_analystes_préviennent,_depuis_quelques_temps_déjà,_que_les_prix_ont_été_artificiellement_gonflés_en_raison_des_effets_inflationnaire_de_la_consommation,_les_matadors_de_la_spéculation_n'ont_pas_tenu_compte_de_ces_avertissements._Dans_les_cercles_gouvernementaux,_des_voix_s'élèvent_pour_réclamer_des_régulations_en_matière_de_banque_et_de_devise_et_mettre_fin_à_ce_qu'elles_appellent_"les_échecs_de_jungle_du_capitalisme".;Heute_war_ein_schwarzer_Tag_für_$COUNTRY$:_Die_Finanzkreise_von_$CAPITAL$_taumeln_unter_dem_Schock_einer_geplatzten_Spekulationsblase._Die_Immobilienpreise_sind_die_letzten_eineinhalb_Jahre_in_die_Höhe_geschossen,_und_obwohl_einige_Analytiker_schon_seit_einiger_Zeit_gewarnt_haben,_dass_die_Preise_aufgrund_der_Effekten_inflationären_Überkonsums_seit_einiger_Zeit_künstlich_hoch_getrieben_wurden,_hat_dies_die_Matadore_auf_dem_Bullenmarkt_kalt_gelassen._In_Regierungskreisen_werden_Forderungen_nach_besseren_Bank-_und_Währungskontrollmaßnahmen_laut,_und_man_fordert,_dem_Kapitalismus,_bei_dem_jeder_gegen_jeden_kämpft,_ein_Ende_zu_setzen.;;Hoy_ha_sido_un_día_triste_para_$COUNTRY$,_ya_que_el_distrito_financiero_de_$CAPITAL$_se_tambalea_a_causa_de_una_burbuja_especulativa_repentina._Los_precios_de_los_bienes_inmuebles_se_han_disparado_en_el_último_año_y_medio_y,_aunque_algunos_analistas_llevaban_advirtiendo_desde_hacía_tiempo_que_los_precios_se_habían_inflado_artificialmente_debido_a_los_efectos_de_la_inflación_sobre_el_consumo,_los_especuladores_del_mercado_accionario_al_alza_desoyeron_los_avisos._En_círculos_gubernamentales,_las_súplicas_por_el_incremento_de_las_regulaciones_de_la_banca_y_la_moneda_están_siendo_oídas,_exigiendo_el_fin_de_lo_que_denominan_'los_fracasos_del_capitalismo_competitivo'.;;;;;;;;;
EVTOPTA22500;Regulate! Tax! Ban! Panic!;Régulation ! Taxation ! Interdiction ! Panique !;Regulierung! Besteuern! Verbannen! Aaah - Panik!;;¡Regulemos! ¡Gravemos! ¡Prohibamos! ¡Huyamos!;;;;;;;;;
EVTOPTB22500;Balanced government budget, deregulation and sound money.;Budget gouvernemental équilibré, dérégulation et argent sain.;Ausgewogener Staatshaushalt, Deregulierung und stimmige Geldwirtschaft.;;Presupuesto equilibrado del gobierno, liberalización y una moneda sólida.;;;;;;;;;
stock_market_crash;Stock Market Crash;Krach boursier;Börsencrash;;El hundimiento de la bolsa;;;;;;;;;
stock_market_crash_desc;Our country is feeling the effects of a stock market crash.;Notre pays ressent les effets d'un krach boursier.;Unser Land leidet unter den Auswirkungen eines Börsencrashs.;;Nuestro país está sufriendo los efectos del hundimiento de la bolsa.;;;;;;;;;
great_depression;Great Depression;Grande dépression;Große Depression;;Gran Depresión;;;;;;;;;
EVTNAME22510;The Great Depression;La Grande Dépression;Die Große Depression;;La Gran Depresión;;;;;;;;;
EVTDESC22510;\n\nA_major_crash_on_the_$CAPITAL$_stock_market_has_devolved_into_something_much_worse_entirely,_following_massive_bank_runs_triggered_by_plummeting_saver's_confidence_in_the_banking_sector._As_people_scramble_to_secure_their_life_savings,_more_and_more_banks_and_credit_institutions_fail,_triggering_domino_effects_affecting_the_entire_$COUNTRY_ADJ$_financial_sector._The_ripples_from_the_crash_soon_spread_to_other_sectors_of_private_industry,_as_loans_are_defaulted_and_savings_vanish_seemingly_into_thin_air._Widespread_unemployment,_caused_by_entire_sectors_of_industry_failing_almost_overnight,_soon_follow._With_the_intertwining_of_the_economies_of_the_western_world,_the_crisis_quickly_spreads_to_other_countries,_and_the_effects_of_the_crash_now_reverberate_around_the_world,_in_what_will_be_known_to_posterity_as:_The_$YEAR$_Great_Depression.;Un_important_krach_de_la_bourse_de_$CAPITAL$_a_dégénéré_à_la_suite_d'un_affolement_des_banques_déclenché_par_une_perte_de_confiance_des_épargnants_dans_le_secteur_bancaire._Alors_que_chacun_s'efforce_de_préserver_ses_économies,_de_plus_en_plus_de_banques_et_d'organismes_financiers_font_faillite_entraînant_un_effet_de_domino_qui_affecte_tout_le_secteur_financier_de_$COUNTRY_ADJ$._Les_effets_de_ce_krach_n'ont_pas_tardé_à_se_propager_à_tous_les_secteurs_de_l'industrie_privée,_les_prêts_étant_suspendus_et_les_économies_se_volatilisant._Une_vague_de_chômage,_causée_par_la_faillite_de_secteurs_entiers_de_l'industrie_du_jour_au_lendemain,_n'a_pas_tardé_à_suivre._Compte_tenu_de_l'imbrication_des_économies_du_monde_occidental,_la_crise_a_rapidement_gagné_les_autres_pays_et_les_effets_du_krach_se_font_désormais_sentir_partout_dans_le_monde_au_cours_de_cette_période_qui_entrera_dans_l'histoire_sous_le_nom_de_la_Grande_Dépression_de_$YEAR$.;Ein_großer_Crash_an_der_Börse_von_$CAPITAL$_hat_sich_zu_etwas_viel_Schlimmerem_entwickelt:_Das_Vertrauen_der_Sparer_in_das_Bankensystem_ist_erschüttert,_es_kommt_zu_massenhaften_Abhebungen._Während_die_Bevölkerung_versucht,_ihre_Ersparnisse_zu_retten,_brechen_immer_mehr_Banken_und_Kreditinstitute_zusammen._Dies_erzeugt_Dominoeffekte,_die_den_gesamten_$COUNTRY_ADJ$_Finanzsektor_betreffen._Die_Auswirkungen_des_Börsencrashs_weiten_sich_schon_bald_auf_andere_Sektoren_der_Privatwirtschaft_aus,_da_Darlehen_nicht_mehr_zurückgezahlt_werden_können_und_Ersparnisse_sich_förmlich_in_Luft_auflösen._Fast_über_Nacht_folgt_weit_verbreitete_Arbeitslosigkeit,_verursacht_durch_den_Zusammenbruch_ganzer_Industriezweige._Aufgrund_der_Verflechtung_der_Wirtschaften_der_westlichen_Welt_breitet_sich_die_Krise_schnell_auf_andere_Länder_aus,_und_die_Effekte_des_Börsencrashs_sind_nun_auf_der_ganzen_Welt_zu_spüren._Dies_wird_der_Nachwelt_bekannt_als:_Die_Große_Depression_des_Jahres_$YEAR$.;;Una_gran_caída_del_$CAPITAL$_de_la_bolsa_ha_degenerado_en_algo_mucho_peor,_tras_el_pánico_bancario_provocado_por_la_caída_en_picado_de_la_confianza_del_ahorrador_en_el_sector_bancario._Como_la_gente_a_duras_penas_logra_asegurar_sus_ahorros,_cada_vez_son_más_los_bancos_e_instituciones_de_créditos_que_se_hunden,_provocando_un_efecto_dominó_que_afectan_a_todo_el_sector_financiero_de_$COUNTRY$._Las_repercusiones_producto_de_la_caída_se_extienden_rápidamente_a_otros_sectores_de_la_industria_privada,_mientras_los_préstamos_se_incumplen_y_los_ahorros_se_desvanecen_en_el_aire._Pronto_llegará_el_desempleo,_provocado_por_el_hundimiento_de_sectores_enteros_de_la_industria_de_la_noche_a_la_mañana._Con_la_interdependencia_de_las_economías_del_mundo_occidental,_la_crisis_se_extiende_rápidamente_a_otros_países,_y_los_efectos_del_hundimiento_de_la_bolsa_repercuten_en_todo_el_mundo,_en_lo_que_en_la_posteridad_se_conocerá_como:_La_gran_Depresión_de_$YEAR$.;;;;;;;;;
EVTOPTA22510;It's only a temporary crisis, no one can be blamed;Il ne s'agit là que d'une crise temporaire et personne n'en est responsable.;Es ist doch nur einer temporäre Krise, für die man niemanden verantwortlich machen kann.;;Es solo una crisis temporal, de la que no se puede culpar a nadie.;;;;;;;;;
EVTNAME22520;Free Banking;Liberté bancaire;Freies Bankwesen;;Banca libre;;;;;;;;;
EVTDESC22520;\n\nAs_there_are_no_laws_prohibiting_or_regulating_private_banking_practices_in_$COUNTRY$,_several_private_institutions_are_issuing_their_own_currencies._While_some_argue_that_the_hard_earned_savings_of_the_common_man_are_far_too_important_to_be_left_to_the_private_sector,_the_case_is_rather_the_opposite_in_one_of_our_states,_where_the_plethora_of_banking_institutions_available_allows_people_the_freedom_of_choice_to_save_their_money_in_banks,_and_thus_currencies,_which_they_actually_know_and_trust.;En_l'absence_de_lois_interdisant_ou_régulant_les_pratiques_bancaires_privées_de_$COUNTRY$,_plusieurs_organismes_privés_ont_émis_leurs_propres_devises._Alors_que_certains_soulignent_que_les_économies_durement_gagnées_du_commun_des_mortels_sont_bien_trop_importantes_pour_être_confiées_au_secteur_privé,_c'est_plutôt_le_contraire_dans_l'un_de_nos_États,_où_la_pléthore_d'institutions_bancaires_disponibles_offrent_aux_clients_la_liberté_de_choisir_d'épargner_leur_argent_dans_les_banques,_et_donc_dans_des_devises_qu'ils_connaissent_et_en_qui_ils_ont_confiance.;Da_es_in_$COUNTRY$_keine_Gesetze_gibt,_die_Privatbankpraktiken_verbieten_oder_regulieren_würden,_haben_mehrere_Privatinstitutionen_damit_begonnen,_eigene_Währungen_herauszugeben._Während_manche_damit_argumentieren,_das_hart_verdiente_Geld_des_einfachen_Mannes_sei_zu_wichtig,_um_es_dem_privaten_Sektor_zu_überlassen,_ist_in_einem_unserer_Staaten_eher_das_Gegenteil_der_Fall:_Die_Fülle_an_Banken_ermöglicht_der_Bevölkerung,_ihr_Geld_bei_Banken_und_in_Währungen_anzulegen,_denen_sie_vertrauen.;;Como_no_hay_leyes_prohibiendo_o_regulando_las_prácticas_de_la_banca_privada_en_$COUNTRY$,_varias_instituciones_privadas_están_emitiendo_sus_propias_monedas._Mientras_algunos_discuten_que_los_ahorros_ganados_a_duras_penas_por_el_hombre_común_son_demasiado_importantes_como_para_dejarse_en_manos_del_sector_privado,_el_caso_es_casi_lo_contrario_en_uno_de_nuestros_estados,_donde_la_plétora_de_instituciones_bancarias_disponibles,_permite_que_la_gente_tenga_la_libertad_de_guardar_su_dinero_en_los_bancos_y,_por_consiguiente,_en_las_divisas_que_conocen_y_en_las_que_confían.;;;;;;;;;
EVTOPTA22520;There is always the chance that these systems will fail, and then what?;Mais il est toujours possible que ces systèmes s'écroulent, et alors ?;Aber diese Systeme könnten natürlich scheitern ... und was dann?;;Siempre existe la posibilidad de que estos sistemas fracasen. ¿Y entonces qué?;;;;;;;;;
EVTOPTB22520;As long as they are happy, I have no objections.;Si cela leur convient, je n'y vois aucune objection.;So lange sie glücklich sind, habe ich nichts dagegen.;;Mientras sean felices, no tengo objeciones.;;;;;;;;;
EVTNAME22530;Local Railway Shares;Actions des chemins de fer locaux;Eisenbahnaktien;;Acciones del ferrocarril local;;;;;;;;;
EVTDESC22530;\n\nA_newly_formed_railway_company_in_one_of_our_states_has_issued_shares_in_the_company_to_help_finance_the_burgeoning_firm,_and_are_now_seeking_buyers_and_investors_in_the_state._The_CEO_of_the_company_has_approached_local_politicians,_asking_them_if_they_could,_perhaps,_lend_a_bit_of_a_hand_in_the_marketing_of_these_shares_to_the_general_public,_arguing_that_an_extension_of_the_railway_networks_in_the_state_can_only_be_beneficial_and_should_be_promoted._Some_feel_that_this_might_infringe_on_the_principles_of_official_neutrality_with_regards_to_private_ventures,_while_other_see_only_opportunities.;Une_nouvelle_compagnie_de_chemin_de_fer_de_l'un_de_nos_États_a_émise_des_actions_afin_de_financer_son_développement_naissant_et_recherche_des_acheteurs_et_investisseurs_dans_l'État._Le_directeur_de_la_compagnie_a_contacté_des_politiciens_locaux_pour_leur_demander_s'ils_pouvaient_l'aider_à_commercialiser_ces_actions,_soulignant_le_fait_que_le_développement_du_réseau_ferroviaire_de_l'État_ne_pouvait_être_que_bénéfique_et_devait_être_favorisé._Selon_certains,_cela_va_à_l'encontre_des_principes_de_neutralité_relatifs_aux_entreprises_privées,_alors_que_d'autres_y_voient_de_belles_opportunités.;Eine_neue_Eisenbahnfirma_hat_in_einem_unserer_Staaten_Firmenaktien_zum_Verkauf_angeboten,_um_die_Finanzierung_der_aufstrebenden_Firma_zu_unterstützen._Nun_suchen_sie_in_dem_Staat_nach_Käufern_und_Investoren._Der_Geschäftsführer_der_Firma_hat_sich_an_lokale_Politiker_gewandt_und_sie_gebeten,_bei_der_Vermarktung_der_Aktien_an_die_allgemeine_Öffentlichkeit_zu_helfen._Er_argumentierte_damit,_der_Ausbau_des_Schienennetzes_in_dem_Staat_könne_nur_positive_Folgen_haben_und_solle_demnach_gefördert_werden._Manche_meine,_dies_könnte_die_Prinzipien_der_staatlichen_Neutralität_in_Bezug_auf_Privatunternehmungen_verletzen,_andere_sehen_hier_nur_günstige_Gelegenheiten.;;Una_compañía_de_ferrocarril_recién_formada_en_uno_de_nuestros_estados_ha_emitido_acciones_en_la_compañía_para_ayudar_a_financiar_la_floreciente_firma,_y_ahora_busca_compradores_e_inversores_en_el_estado._El_director_general_de_la_compañía_ha_contactado_con_los_políticos_locales_para_pedirles_si_podían_echarles_una_mano_en_la_venta_de_estas_acciones_para_el_público_general,_sosteniendo_que_una_extensión_de_las_redes_de_ferrocarriles_en_el_estado_solo_puede_ser_beneficiosa_y_debería_promoverse._Algunos_creen_que_esto_podría_vulnerar_los_principios_de_la_neutralidad_oficial_respecto_a_las_empresas_privadas,_mientras_que_otros_solo_lo_ven_como_una_oportunidad.;;;;;;;;;
EVTOPTA22530;Of course we must aid and help promote this beautiful private initiative;Bien sûr, nous devons aider et promouvoir cette remarquable initiative privée.;Natürlich müssen wir ihnen helfen und diese wunderbare Privatinitiative unterstützen.;;Por supuesto, debemos ayudar y promover esta magnífica iniciativa privada.;;;;;;;;;
EVTOPTB22530;I think that the government that governs the least governs the best;Je crois que le gouvernement qui gouverne le moins gouverne le mieux.;Meiner Meinung nach regiert die Regierung am besten, die am wenigsten eingreift.;;Creo que el mejor gobierno es el que menos gobierna.;;;;;;;;;
institute_central_bank_title;National Banking Act;Loi bancaire nationale;Nationales Bankengesetz;;Ley de Banca Nacional;;;;;;;;;
institute_central_bank_desc;While our government has for some time maintained a central bank, some voices within the economic debate have begun arguing in favor of monopolizing the issuing of currency to a strict government prerogative. Proponents argue that this will lead to an increase in economic stability, while opponents see it as a fundamental breach of the freedom of trade.;Alors que notre gouvernement maintient depuis un certain temps une banque centrale, certaines voix s'élèvent en faveur de la monopolisation d'émission de devises selon une stricte prérogative gouvernementale. Les partisans soulignent le fait que cela renforcera la stabilité économique et les opposants y voient une violation fondamentale en termes de liberté des échanges.;Obwohl unsere Regierung bereits seit einiger Zeit eine Zentralbank unterhält, befürworten einige Wirtschaftsexperten nun, das Notenprivileg auf den Staat zu monopolisieren. Sie behaupten, dies würde zur Stabilisierung der Wirtschaft beitragen, werden die Gegner dieses Vorschlags ihn als fundamentalen Bruch der Handelsfreiheit ansehen.;;Como nuestro gobierno ha mantenido durante algún tiempo un banco central, algunas voces del debate económico han empezado a discutir a favor de monopolizar el asunto de la moneda como una prerrogativa estricta del gobierno. Los defensores sostienen que esto llevará a un aumento de la estabilidad económica, mientras que los oponentes lo consideran una brecha fundamental de la libertad de comercio.;;;;;;;;;
central_bank_established;Central Bank;Banque centrale;Zentralbank;;Banco Central;;;;;;;;;
central_bank_established_desc;Our government's central bank maintains a strict monopoly on the issuance of currency.;La banque centrale de notre gouvernement maintient un monopole strict sur l'émission de la devise.;Die Zentralbank unserer Regierung behält sich ein striktes Notenprivileg vor.;;Nuestro banco central del gobierno mantiene un monopolio estricto sobre la emisión de moneda.;;;;;;;;;
EVTNAME22540;Stock Exchange;Bourse;Börse;;La Bolsa;;;;;;;;;
EVTDESC22540;\n\nSelling_Greenwood_&_Burns_at_9.76,_buying_at_9.5!_Atman_&_Sons_8.12,_selling,_selling!'\n\nLocal_businessmen_in_one_of_our_provinces_have_formed_a_joint_venture_company_to_establish_a_local_stock_exchange_primarily_aimed_at_the_commodities_trade._The_venture_will_doubtlessly_increase_local_productive_efforts!;Vente_de_Greenwood_&_Burns_à_9,76,_achat_à_9,5_!_Vente_d'Atman_&_Sons_à_8,12_!'\n\nDes_hommes_d'affaires_locaux_d'une_de_nos_provinces_ont_créé_une_entreprise_en_participation_pour_établir_une_bourse_locale_principalement_destinée_au_commerce_des_produits_de_base._Cette_entreprise_contribuera_à_coup_sûr_à_renforcer_les_efforts_de_production_locaux_!;Verkaufe_Greenwood_&_Burns_bei_9.76,_kaufe_bei_9.5!_Atman_&_Sons_8.12,_Verkauf,_Verkauf!'\n\nLokale_Geschäftsmänner_in_einer_unserer_Provinzen_haben_ein_Joint_Venture-Unternehmen_gegründet,_um_eine_lokale_Börse_zu_etablieren,_die_vorwiegend_auf_den_Handel_mit_Verbrauchsgütern_ausgerichtet_ist._Dieses_Unternehmen_wird_die_lokalen_Produktionsbemühungen_ohne_Zweifel_erhöhen!;;¡Vende_Greenwood_&_Burns_a_9,76_y_compra_a_9,5!_¡Atman_&_Sons_a_8,12,_vende,_vende!\n\nLos_hombres_de_negocios_locales_de_una_de_nuestras_provincias_han_formado_una_sociedad_conjunta_para_establecer_una_Bolsa_local_dirigida_principalmente_al_comercio_de_bienes._¡La_sociedad_aumentará_seguramente_los_esfuerzos_productivos_locales!;;;;;;;;;
EVTOPTA22540;Splendid news!;Excellente nouvelle !;Wunderbare Nachrichten!;;¡Noticias espléndidas!;;;;;;;;;
belgian_bank_decision_title;La Banque nationale de Belgique;;;;;;;;;
belgian_bank_decision_desc;Following the revolutions of 1848 and the accompanying period of successive internal and external crises, our old 'Bank of Belgium' ran into significant difficulties, upsetting the political, social and economic landscape. Therefore parliament has voted to create a new national bank to issue currency, contribute to the centralization and strengthening of public finance management, to regulate exchange rates and and speed up transactions.;;;;;;;;;
local_stock_exchange;Stock Exchange;Bourse;Börse;;La Bolsa;;;;;;;;;
local_stock_exchange_desc;A local Stock Exchange operates in this province, increasing local production output.;Cette province abrite une bourse locale qui améliore la production locale.;In dieser Provinz gibt es eine lokale Börse, die die lokale Produktionsleistung steigert.;;Una Bolsa local opera en esta provincia, lo que aumenta el rendimiento de la producción local.;;;;;;;;;
EVTNAME22550;Wildcat Bills;Lois insensées;Bankenfreiheit;;Wildcat Bills;;;;;;;;;
EVTDESC22550;\n\nA_bank_run_has_ensued_in_one_of_our_states_today,_following_news_that_a_local_bank_has_been_issuing_currency_to_a_value_far_exceeding_its_liquid_assets._The_situation_has_been_raised_to_the_national_level_and_parliament,_where_opponents_of_free_banking_use_the_case_to_argue_against_the_system_of_free_banking_as_such,_calling_on_the_government_to_move_toward_a_tighter_regulation_of_the_banking_sector,_which_is_opposed_by_powerful_interests_within_industrialist_circles_and_the_free_trade_lobby.;Aujourd'hui,_une_panique_bancaire_a_éclaté_dans_l'un_de_nos_États_après_qu'une_banque_locale_a_émis_des_devises_à_une_valeur_nettement_supérieure_à_ses_liquidités._La_situation_a_été_rapportée_au_niveau_national_et_au_parlement_et_les_opposants_aux_opérations_bancaires_libres_en_ont_profité_pour_dénoncer_un_tel_système_et_appeler_le_gouvernement_à_adopter_une_réglementation_plus_sévère_du_secteur_bancaire,_une_position_contraire_aux_puissants_intérêts_des_cercles_industriels_et_du_lobby_du_libre_échange.;In_einem_unserer_Staaten_ist_es_heute_zu_einem_Sturm_auf_die_Kassen_gekommen,_nachdem_bekannt_wurde,_dass_eine_lokale_Bank_eine_Währung_zu_einem_Wert_herausgegeben_hat,_der_den_Wert_ihrer_flüssigen_Posten_bei_Weitem_übertrifft._Die_Situation_wird_nun_auf_nationaler_Ebene_und_im_Parlament_diskutiert,_wo_Gegner_der_Bankenfreiheit_diesen_Fall_zur_Argumentation_der_Bankenfreiheit_an_sich_benutzen_und_die_Regierung_zu_einer_strengeren_Regulierung_des_Bankensektor_aufrufen._Dem_stellen_sich_mächtige_Interessen_der_Industrie-_und_Freihandelslobby_entgegen.;;Hoy,_el_pánico_bancario_ha_sacudido_a_uno_de_nuestros_estados,_tras_conocer_la_noticia_de_que_un_banco_local_ha_estado_emitiendo_moneda_por_un_valor_muy_superior_a_su_capital_líquido._La_situación_ha_trascendido_a_nivel_nacional_y_al_parlamento,_donde_los_que_se_oponen_a_la_banca_libre_ponen_el_caso_como_ejemplo_del_mal_funcionamiento_del_sistema_de_banca_libre,_solicitando_que_el_gobierno_adopte_una_posición_más_estricta_sobre_la_regulación_del_sector_de_la_banca,_a_la_que_se_oponen_los_intereses_poderosos_de_los_círculos_industriales_y_el_lobby_del_libre_comercio.;;;;;;;;;
EVTOPTA22550;The institution of free banking is a fundamental pillar of free trade;Les opérations bancaires libres constituent un pilier fondamental du libre échange.;Die Institution der Bankenfreiheit ist ein fundamentaler Grundpfeiler der Handelsfreiheit.;;La institución de la banca libre es un pilar fundamental del libre comercio.;;;;;;;;;
EVTOPTB22550;We must not let the whims of profiteers dictate the national economic policy;Ne laissons pas les caprices des profiteurs dicter notre politique économique.;Wir dürfen uns die nationale Wirtschaftspolitik nicht von den Launen von Profitjägern diktieren lassen.;;No debemos permitir que los especuladores dicten la política económica.;;;;;;;;;
EVTNAME22560;Economic Boom;Essor économique;Wirtschaftsboom;;Despegue económico;;;;;;;;;
EVTDESC22560;\n\nOur_country's_economy_has_been_booming_of_late,_following_a_long_period_of_relatively_low_unemployment_and_a_well_fed_populace._High_savings_and_a_productive_population,_combined_with_advances_in_the_field_of_economic_instruments_and_the_establishment_of_investment_banks,_means_that_we_now_are_better_poised_than_ever_before_to_develop_our_national_industries,_and_bring_our_country's_economy_to_new_heights.;L'économie_de_notre_pays_connaît_actuellement_un_bel_essor,_après_une_longue_période_de_chômage_plutôt_bas_et_de_relative_abondance_pour_la_population._Une_épargne_importante_et_une_population_productive,_combinée_aux_progrès_réalisés_dans_le_domaine_économique_et_l'établissement_de_banques_d'investissement,_nous_placent_en_bonne_position_pour_développer_nos_industries_nationales_et_faire_prospérer_encore_plus_l'économie_de_notre_pays.;Nach_einer_längeren_Zeit_mit_relativ_geringer_Arbeitslosigkeit_und_einer_gut_genährten_Bevölkerung_erfährt_unsere_Wirtschaft_seit_Kurzem_einen_wahren_Boom._Hohe_Ersparnisse_und_eine_produktive_Bevölkerung_bedeuten_in_Kombination_mit_Fortschritten_auf_dem_Gebiet_wirtschaftspolitischer_Instrumente,_dass_so_gut_vorbereitet_sind_wie_nie_zuvor,_unsere_nationalen_Industrien_zu_entwickeln_und_die_Wirtschaftskraft_unseres_Landes_auf_neue_Höhen_zu_treiben.;;La_economía_de_nuestro_país_ha_experimentado_un_auge_últimamente,_tras_un_largo_período_de_bajo_desempleo_y_una_población_bien_alimentada._Los_grandes_ahorros_y_una_población_productiva,_combinados_con_los_avances_en_el_campo_de_los_instrumentos_económicos_y_el_establecimiento_de_los_bancos_de_inversiones_significan_que,_ahora_más_que_nunca,_podemos_desarrollar_nuestras_industrias_nacionales_y_que_la_economía_del_país_prospere.;;;;;;;;;
EVTOPTA22560;Excellent!;Excellent !;Hervorragend!;;¡Excelente!;;;;;;;;;
EVTOPTB22560;We should leverage this affluence;Nous devons profiter de cette affluence.;Diesen Überfluss sollten wir uns zunutze machen!;;Deberíamos impulsar esta prosperidad;;;;;;;;;
economic_boom_province;Economic Boom;;;;;;;;;;;;;
economic_boom;Economic Boom;Essor économique;Wirtschaftsboom;;Despegue económico;;;;;;;;;
economic_boom_desc;Our economy is booming thanks to our investment banks and a long period of low unemployment.;Notre économie est en plein essor grâce à nos banques d'investissement ainsi qu'à une longue période de chômage plutôt bas.;Dank unseren Investmentbanken und eine langen Zeitspanne mit geringer Arbeitslosigkeit boomt unsere Wirtschaft.;;Nuestra economía está despegando gracias a nuestros bancos de inversiones y a un largo período de desempleo bajo.;;;;;;;;;
EVTNAME22570;Flagship Company Bankrupt;Faillite d'un des plus prestigieuses entreprises;Vorzeigefirma bankrott;;Bancarrota de la compañía principal;;;;;;;;;
EVTDESC22570;\n\nOne_of_the_major_companies_in_one_of_our_states_has_gone_bankrupt_recently,_following_a_long_period_of_running_at_a_deficit._Local_politicians_have_petitioned_the_government_to_step_in_in_support_of_the_company,_claiming_that_the_downturn_is_only_temporary,_and_that_the_company_can_get_back_on_its_feet_if_allowed_some_time_to_reconstruct_and_consolidate._While_we_could_support_the_business,_vocal_members_of_parliament_have_lambasted_the_idea,_calling_it_an_absurd_abridgment_of_the_fundamental_freedoms_of_trade_and_government_non-interventionism.;L'une_des_principales_entreprises_d'un_de_nos_États_a_fait_faillite_récemment,_à_la_suite_d'une_longue_période_déficitaire._Les_politiciens_locaux_ont_demandé_au_gouvernement_de_soutenir_cette_entreprise,_soulignant_le_fait_que_les_difficultés_qu'elle_rencontre_sont_momentanées_et_qu'elle_devrait_pouvoir_se_remettre_sur_pieds_moyennant_un_laps_de_temps_suffisant_pour_se_reconstruire_et_se_consolider._Bien_qu'il_nous_soit_possible_de_soutenir_une_telle_entreprise,_des_membres_du_parlement_ont_fustigé_cette_idée_qu'ils_ont_qualifiée_d'absurde_en_termes_de_libre_échange_et_de_non-interventionisme_gouvernemental.;Nach_längerem_defizitären_Betrieb_ist_vor_Kurzem_eine_der_größten_Firmen_in_unserem_Staat_bankrott_gegangen._Lokale_Politiker_haben_die_Regierung_gebeten,_zugunsten_der_Firma_einzuschreiten._Sie_behaupten,_der_Abschwung_sei_nur_vorübergehend,_und_dass_die_Firma_wieder_auf_die_Füße_kommen_würde,_gäbe_man_ihr_nur_etwas_Zeit_zum_Neuaufbau_und_Konsolidieren._Obwohl_wir_die_Firma_unterstützen_könnten,_haben_lautstarke_Parlamentsmitglieder_die_Idee_in_der_Luft_zerrissen_und_sie_eine_absurde_Einschränkung_der_fundamentalen_Handelsfreiheit_und_eine_Abkehr_von_der_Nichteinmischungspolitik_der_Regierung_genannt.;;Una_de_las_compañías_más_importantes_de_uno_de_nuestros_estados_se_ha_ido_a_la_bancarrota_hace_poco,_después_de_un_largo_período_con_déficit._Los_políticos_locales_han_solicitado_que_el_gobierno_intervenga_en_apoyo_de_la_compañía,_reclamando_que_el_descenso_es_solo_temporal_y_que_la_compañía_puede_recuperarse_si_se_le_da_algún_tiempo_para_reconstruirse_y_consolidarse._A_pesar_de_que_podemos_apoyar_a_la_compañía,_los_vocales_del_parlamento_han_criticado_severamente_la_idea,_denominándola_una_violación_absurda_de_las_libertades_fundamentales_de_comercio_y_gobierno_no_intervencionista.;;;;;;;;;
EVTOPTA22570;Naturally we must aid the company through this tough time;Naturellement, il nous faut aider la compagnie en ces temps difficiles.;Während dieser harten Zeiten müssen wir der Firma natürlich Unterstützung leisten.;;Naturalmente, debemos ayudar a la compañía en estos momentos difíciles.;;;;;;;;;
EVTOPTB22570;We will not spend government money in support of a private company;Nous n'utiliserons pas l'argent du gouvernement pour soutenir une compagnie privée.;Zur Unterstützung einer privaten Firma werden wir nicht die Staatskasse belasten.;;No gastaremos el dinero del gobierno en apoyar a una compañía privada.;;;;;;;;;
EVTNAME22580;Railroad Trust Exposed!;Trust ferroviaire découvert !;Eisenbahnkartell enttarnt!;;¡Monopolio del ferrocarril inseguro!;;;;;;;;;
EVTDESC22580;\n\n$COUNTRY$_is_abuzz_with_news_of_an_alleged_railroad_trust,_exposed_by_an_anti-trust_commission_set_up_in_one_of_our_states._Local_capitalists_protest_the_allegations_as_absurd,_claiming_that_no_malicious_coordination_of_prices,_or_price_fixing_has_occurred._Many_among_the_working_classes_are_irate_about_the_affair,_feeling_strongly_that_they_are_being_squeezed_hard_by_capitalist_tycoons_trying_to_make_a_profit_out_of_their_hardship._Breaking_up_the_trust_will_set_local_railroad_building_back_several_years,_but_not_doing_it_might_anger_broad_strata_of_our_population.;$COUNTRY$_est_en_effervescence_après_avoir_appris_la_possible_existence_d'un_trust_ferroviaire_découvert_par_une_commission_antitrust_mise_en_place_dans_l'un_de_nos_États._Les_capitalistes_locaux_qualifient_ces_allégations_d'absurdes_et_soulignent_l'absence_de_coordinateur_sur_les_prix_ou_de_fixation_de_prix._Au_sein_des_classes_ouvrières,_beaucoup_sont_irrités_par_cette_affaire_jugeant_qu'ils_sont_exploités_par_des_géants_du_capitalisme_avides_de_tirer_profit_de_leur_dur_labeur._Le_démantèlement_de_ce_trust_risque_de_freiner_la_construction_ferroviaire_pendant_plusieurs_années,_mais_en_l'absence_de_réaction_suscitera_la_colère_d'un_large_pan_de_notre_population.;Ganz_$COUNTRY$_ist_angesichts_der_Nachrichten_über_die_Enttarnung_eines_angeblichen_Eisenbahnkartells_begeistert,_das_in_einem_unserer_Staaten_von_einer_Anti-Kartell-Komission_enttarnt_wurde._Lokale_Kapitalisten_schmettern_die_Anschuldigungen_als_absurd_ab_und_behaupten,_es_hätte_keine_Preisabsprachen_gegeben._Viele_Angehörige_der_Arbeiterklasse_sind_über_diese_Angelegenheit_verärgert._Sie_sind_der_Ansicht,_dass_die_Industriemagnaten_versuchen,_ihnen_auch_noch_das_letzte_hart_verdiente_Geldstück_aus_der_Tasche_zu_ziehen._Würden_wir_das_Kartell_zerschlagen,_schlüge_dies_den_Bau_den_lokalen_Schienennetzes_um_Jahre_zurück,_aber_wenn_wir_nichts_unternehmen,_würden_wir_große_Teile_unserer_Bevölkerung_verärgern.;;$COUNTRY$_se_ve_sacudido_por_las_noticias_de_un_supuesto_monopolio_de_ferrocarril,_denunciado_por_una_comisión_antimonopolio_creada_por_uno_de_nuestros_estados._Los_capitalistas_locales_protestan_contra_las_acusaciones,_tildándolas_de_absurdas,_ya_que_en_su_opinión,_no_existe_premeditación_en_la_coordinación_de_precios_ni_estos_han_sido_fijados._Muchas_personas_de_las_clases_trabajadoras_están_enfurecidas_por_este_asunto,_porque_creen_haber_sido_exprimidas_por_los_magnates_capitalistas_que_tratan_de_beneficiarse_de_sus_dificultades._La_disolución_del_monopolio_retrasará_varios_años_la_construcción_del_ferrocarril,_pero_si_no_se_hace_podría_enfurecer_aún_más_a_un_amplio_estrato_de_nuestra_población.;;;;;;;;;
EVTOPTA22580;We must protect our workers at any cost, and this cornered market must be opened.;Nous devons protéger nos ouvriers, coûte que coûte, et ce marché acculé doit être ouvert.;Wir müssen unsere Arbeiter um jeden Preis schützen, und dieser eingeengte Markt muss geöffnet werden.;;Debemos proteger a los trabajadores a cualquier precio, y el mercado debe abrirse.;;;;;;;;;
EVTOPTB22580;The freedom of trade shall not be abridged in any way.;La liberté des échanges ne doit en aucun cas en pâtir.;Die Handelsfreiheit darf auf keinen Fall eingeschränkt werden.;;La libertad de comercio no sufrirá trabas de ninguna manera.;;;;;;;;;
TOTAL_TAX_EFFICIENCY;Tax Efficiency: §Y$VAL$§W;Efficacité fiscale : §Y$VAL$§W;Steuereffizienz: §Y$VAL$§W;;Eficacia de los impuestos: §Y$VAL$§W;;;;;;;;;
TOTAL_TAX_EFFICIENCY_BASED;Calculated from:;Calculée à partir de :;Berechnet von:;;Calculada según:;;;;;;;;;
TAX_POOR_DESC;This controls how much of the poor strata's income will be collected as tax. Too heavy taxation will leave them less money to spend on their own needs.;Revenus des classes défavorisées qui seront perçus sous forme d'impôt. Une imposition trop élevée ne leur laissera que très peu d'argent pour subvenir à leurs propres besoins.;Dies kontrolliert, welcher Teil des Einkommens der Armenklasse als Einkommensteuer einbehalten wird. Wenn sie zu schwer besteuert werden, haben sie weniger Geld zur Deckung ihrer Bedürfnisse.;;Esto controla la cantidad de ingresos de los estratos sociales pobres que será recaudada a través de los impuestos. Una recaudación demasiado alta los dejará con menos dinero que gastar en sus propias necesidades.;;;;;;;;;
TAX_RICH_DESC;This controls how much of the rich strata's income will be collected as tax. Too heavy taxation will leave them less money to spend on their own needs and less likely to invest in projects like building new factories.;Revenus des classes supérieures qui seront perçus sous forme d'impôt. Une imposition trop élevée ne leur laissera que très peu d'argent pour subvenir à leurs propres besoins et les empêchera d'investir dans certains projets, comme la construction de nouvelles usines.;Dies kontrolliert, welcher Teil des Einkommens der Reichenklasse als Einkommensteuer einbehalten wird. Wenn sie zu schwer besteuert werden, haben sie weniger Geld und werden weniger wahrscheinlich in Projekte wie den Bau neuer Fabriken investieren.;;Esto controla la cantidad de ingresos de los estratos sociales ricos que será recaudada a través de los impuestos. Una recaudación demasiado alta los dejará con menos dinero que gastar en sus propias necesidades y hay menos probabilidad de que inviertan en proyectos como la construcción de nuevas fábricas.;;;;;;;;;
WARSUBSIDIES_EXPENSE;War subsidies: §R$VAL$§W;Indemnités de guerre : §R$VAL$¤§W;Kriegssubventionen: §R$VAL$§W;;Subsidios de guerra: §R$VAL$§W;;;;;;;;;
WARINDEMNITIES_EXPENSE;War indemnities: §R$VAL$§W;Indemnités de guerre : §R$VAL$¤§W;Kriegsreparationen: §R$VAL$§W;;Indemnizaciones de guerra: §R$VAL$§W;;;;;;;;;
WARSUBSIDIES_INCOME;War subsidies: §G$VAL$§W;Indemnités de guerre : §G$VAL$¤§W;Kriegssubventionen: §R$VAL$§W;;Subsidios de guerra: §G$VAL$§W;;;;;;;;;
WARINDEMNITIES_INCOME;War indemnities: §G$VAL$§W;Indemnités de guerre : §G$VAL$¤§W;Kriegsreparationen: §R$VAL$§W;;Indemnizaciones de guerra: §G$VAL$§W;;;;;;;;;
REMOVE_BUDGET_DIPL_DESC;Various costs/income uncured though diplomacy or peace deals;Coûts/Revenus divers non soldés par la diplomatie ou des accords de paix;Verschiedene Kosten/Einnahmen, die nicht von diplomatischen Aktionen oder Friedensabkommen egalisiert werden.;;Diversos costes/ingresos sin ajustar a pesar de la diplomacia o los tratados de paz;;;;;;;;;
sami;Sami;Sami;Sami;;Sami;;;;;;;;;
pan_romanian;Romanian;Roumain;Rumänisch;;de Rumanía;;;;;;;;;
MODIFIER_MOBILISED;Mobilized: $VALUE$;Mobilisation : $VALUE$;Mobilisiert: $VALUE$;;Movilizado: $VALUE$;;;;;;;;;
MODIFIER_OVERSEAS;Overseas penalty: $VALUE$;Pénalité outre-mer : $VALUE$;Überseeabzug: $VALUE$;;Penalización exterior: $VALUE$;;;;;;;;;
TRADE_OVERSEAS_NEED;$VAL$ for provinces overseas.\n;$VAL$ pour les provinces d'outre-mer.\n;$VAL$ für Überseeprovinzen.\n;;$VAL$ para las provincias exteriores.\n;;;;;;;;;
POP_DETAILS_INTERNAL_MIGRATION;Internal migration:;Migration interne :;Interne Einwanderung:;;Migración interna:;;;;;;;;;
POP_DETAILS_EXTERNAL_MIGRATION;External migration:;Migration externe :;Externe Einwanderung:;;Migración externa:;;;;;;;;;
POP_DETAILS_COLONIAL_MIGRATION;Colonial migration:;Migration coloniale :;Koloniale Einwanderung:;;Emigración colonial:;;;;;;;;;
PRODUCTION_OUTPUT_YESTERDAY;Produced §Y$VALUE$§W yesterday.;Production de §Y$VALUE$§W hier.;Produzierte gestern §Y$VALUE$§W.;;Producción de ayer: §Y$VALUE$§W.;;;;;;;;;
PRODUCTION_OUTPUT_GOODS_TOOLTIP2;Max output: §Y$CURR$§W;Production max. : §Y$CURR$§W;Max. Leistung: §Y$CURR$§W;;Producción máxima: §Y$CURR$§W;;;;;;;;;
PRODUCTION_CURRENT_STOCKPILE;Current stockpile: §Y$VALUE$§W;Réserve actuelle : §Y$VALUE$§W;Aktueller Vorrat: §Y$VALUE$§W;;Reserva actual: §Y$VALUE$§W;;;;;;;;;
POP_DAILY_INTEREST;Savings Interest: §Y$VAL$§W¤;Intérêts d'épargne : §Y$VAL$§W¤;Sparzinsen: §Y$VAL$§W;;Interés de los ahorros: §Y$VAL$§W¤;;;;;;;;;
MODIFIER_OVERSEAS_PRODUCTION_PENALTY;Overseas Factory/RGO penalty: $VALUE$;Usine outre-mer/Pénalité des EAM : $VALUE$;Überseefabrik/RGO-Abzug: $VALUE$;;Fábrica en el exterior/Penalización TOR: $VALUE$;;;;;;;;;
PRODUCTION_FACTORY_EMPLOYEECOUNT_TOOLTIP2;Current employees: $EMPLOYEES$/$EMPLOYEE_MAX$;Employés actuels : $EMPLOYEES$ / $EMPLOYEE_MAX$;Derzeitige Angestellte: $EMPLOYEES$/$EMPLOYEE_MAX$;;Empleados actuales: $EMPLOYEES$/$EMPLOYEE_MAX$;;;;;;;;;
MILITARY_ARMY_COUNT_TOOLTIP;Number of armies: §Y$VALUE$§W;Nombre d'armées : §Y$VALUE$§W;Armeenanzahl: §Y$VALUE$§W;;Número de ejércitos: §Y$VALUE$§W;;;;;;;;;
MILITARY_NAVY_COUNT_TOOLTIP;Number of navies: §Y$VALUE$§W;Nombre de flottes : §Y$VALUE$§W;Flottenanzahl: §Y$VALUE$§W;;Número de armadas: §Y$VALUE$§W;;;;;;;;;
MILITARY_ARMY_CONSTRUCTION_TOOLTIP;Brigades under construction: §Y$VALUE$§W;Régiments en formation : §Y$VALUE$§W;Im Bau befindliche Regimenter: §Y$VALUE$§W;;Brigadas en construcción: §Y$VALUE$§W;;;;;;;;;
MILITARY_NAVY_CONSTRUCTION_TOOLTIP;Ships under construction: §Y$VALUE$§W;Navires en construction : §Y$VALUE$§W;Im Bau befindliche Schiffe: §Y$VALUE$§W;;Barcos en construcción: §Y$VALUE$§W;;;;;;;;;
MILITARY_SORT_BY_TYPE_TOOLTIP;Sort by leader type;Trier par type de chef;Nach Anführertyp sortieren;;Ordenar por tipo de líder;;;;;;;;;
MILITARY_SORT_BY_NAME_TOOLTIP;Sort by name;Trier par nom;Nach Namen sortieren;;Ordenar por nombre;;;;;;;;;
MILITARY_SORT_BY_ASSIGNMENT_TOOLTIP;Sort by assignment;Trier par affectation;Nach Aufgabe sortieren;;Ordenar por asignación;;;;;;;;;
MILITARY_SORT_BY_STRENGTH_TOOLTIP;Sort by strength;Trier par force;Nach Stärke sortieren;;Ordenar por fuerza;;;;;;;;;
MILITARY_SORT_ASSIGNMENT;Assignment;Affectation;Aufgabe;;Asignación;;;;;;;;;
MILITARY_BACKGROUND;Background: §Y$NAME$§W;Caractéristique : §Y$NAME$§W;Hintergrund: §Y$NAME$§W;;Trasfondo: §Y$NAME$§W;;;;;;;;;
MILITARY_PERSONALITY;Personality: §Y$NAME$§W;Personnalité : §Y$NAME$§W;Persönlichkeit: §Y$NAME$§W;;Personalidad: §Y$NAME$§W;;;;;;;;;
REMOVE_MILITARY_LEADER_NAME_TOOLTIP;§Y$NAME$§W is assigned to §Y$ARMY$§W,\ncurrently situated at §Y$$LOCATION§W.;§Y$NAME$§W est attribué à §Y$ARMY$§W,\nactuellement situé à §Y$$LOCATION§W.;§Y$NAME$§W wurde §Y$ARMY$§W zugeteilt,\nderzeit stationiert in §Y$$LOCATION§W.;;§Y$NAME$§W se ha asignado a §Y$ARMY$§W,\nsituado actualmente en §Y$$LOCATION§W.;;;;;;;;;
MILITARY_STRENGTH_TOOLTIP2;Unit strength is at §Y$PERCENT$%§W.\nStrength: $VALUE$/§Y$MAX$§W;La force de l'unité est à §Y$PERCENT$ %§W.\nForce : $VALUE$/§Y$MAX$§W;Einheitsstärke ist bei §Y$PERCENT$%§W.\nStärke: $VALUE$/§Y$MAX$§W;;La fuerza de la unidad está al §Y$PERCENT$%§W.\nFuerza: $VALUE$/§Y$MAX$§W;;;;;;;;;
MILITARY_SHIPSTRENGTH_TOOLTIP2;Unit strength is at §Y$PERCENT$%§W.;La force de l'unité est à §Y$PERCENT$ %§W.;Einheitsstärke ist bei §Y$PERCENT$%§W.;;La fuerza de la unidad está al §Y$PERCENT$%§W.;;;;;;;;;
MILITARY_REGIMENTS_TOOLTIP;Number of brigades: §Y$VALUE$§W;Nombre de régiments : §Y$VALUE$§W;Regimenteranzahl: §Y$VALUE$§W;;Número de brigadas: §Y$VALUE$§W;;;;;;;;;
MILITARY_SHIPS_TOOLTIP;Number of ships: §Y$VALUE$§W;Nombre de navires : §Y$VALUE$§W;Schiffsanzahl: §Y$VALUE$§W;;Número de barcos: §Y$VALUE$§W;;;;;;;;;
MILITARY_CURRENT_LOCATION;Current location: §Y$LOC$§W;Position actuelle : §Y$LOC$§W;Aktuelle Position: §Y$VALUE$§W;;Situación actual: §Y$LOC$§W;;;;;;;;;
REMOVE_MILITARY_MOBILIZE;Mobilize our population;Mobiliser notre population;Bevölkerung mobilisieren;;Movilizar a nuestra población;;;;;;;;;
REMOVE_MILITARY_MOBILIZE_DESC;TODO Write mobilize desc;TODO Write mobilize desc;TODO Write mobilize desc;;TODO Escribir movilizar desc;;;;;;;;;
REMOVE_MILITARY_DEMOBILIZE;Demobilize our population;Démobiliser notre population;Bevölkerung demobilisieren;;Desmovilizar a nuestra población;;;;;;;;;
REMOVE_MILITARY_DEMOBILIZE_DESC;TODO Write demobilize desc;TODO Write demobilize desc;TODO Write demobilize desc;;TODO Escribir desmovilizar desc;;;;;;;;;
MILITARY_WAR_EXHAUSTION;War exhaustion;Épuisement de guerre;Kriegsermüdung;;Agotamiento bélico;;;;;;;;;
MILITARY_SUPPLY_CONSUMPTION;Supply consumption;Conso. de ressources;Nachschubverbrauch;;Consumo de suministros;;;;;;;;;
MILITARY_ORG_REGAIN;Organization regain;Regain d'organisation;Organisations-Rückgewinn;;Recuperar organización;;;;;;;;;
MILITARY_ARMY_ORG;Land organization;Organisation terrestre;Armeeorganisation;;Organización terrestre;;;;;;;;;
MILITARY_NAVY_ORG;Naval organization;Organisation navale;Marineorganisation;;Organización naval;;;;;;;;;
MILITARY_UNIT_EXPERIENCE;Unit start experience;Expér. initiale de l'unité;Einheits-Basiserfahrung;;Exp. inicial de la unidad;;;;;;;;;
MILITARY_RECRUIT_TIME;Recruit time;Durée de recrut. de l'unité;Rekrutierungsdauer;;Tiempo de reclutamiento;;;;;;;;;
MILITARY_COMBAT_WIDTH;Combat Width;Aire de combat;Gefechtsbreite;;Anchura del combate;;;;;;;;;
COMWID_BASE;Base Value: §Y$VAL$§W;Valeur de base : §Y$VAL$§W;Basiswert: §Y$VAL$§W;;Valor base: §Y$VAL$§W;;;;;;;;;
MILITARY_WAR_EXHAUSTION_TOOLTIP;War exhaustion: $VALUE$;Épuisement de guerre : $VALUE$;Kriegsermüdung: $VALUE$;;Agotamiento bélico: $VALUE$;;;;;;;;;
MILITARY_MAX_WAR_EXHAUSTION_TOOLTIP;Max War exhaustion: $VALUE$;Épuisement de guerre max. : $VALUE$;Max. Kriegsermüdung: $VALUE$;;Agotamiento bélico máximo: $VALUE$;;;;;;;;;
MILITARY_BASEVALUE_PERCENT;Base value: §Y100%§W;Valeur de base : §Y100%§W;Basiswert: §Y100%§W;;Valor base: §Y100%§W;;;;;;;;;
MILITARY_BASEVALUE;Base value: §Y0.00§W;Valeur de base : §Y0.00§W;Basiswert: §Y0.00§W;;Valor base: §Y0.00§W;;;;;;;;;
AVAILABLE_EXPORTS;On Export Markets: $VAL$;Sur les marchés exportateurs : $VAL$;Auf Exportmärkte: $VAL$;;Sobre los mercados de exportación: $VAL$;;;;;;;;;
MILITARY_BUILD_UNIT_TOOLTIP;Build §Y$NAME$§W in §Y$LOC$§W;Construire §Y$NAME$§W à §Y$LOC$§W;§Y$NAME$§W in §Y$LOC$§W bauen.;;Construir §Y$NAME$§W en §Y$LOC$§W;;;;;;;;;
MILITARY_CANCEL_BUILD_UNIT_TOOLTIP;Cancel construction of §Y$NAME$§W in §Y$LOC$§W;Annuler la construction de §Y$NAME$§W à §Y$LOC$§W;Bau von §Y$NAME$§W in §Y$LOC$§W abbrechen.;;Cancelar construcción de §Y$NAME$§W en §Y$LOC$§W;;;;;;;;;
traditional_academic;Traditional Academia;Académie traditionnelle;Traditionelle Wissenschaftswelt;;Academia tradicional;;;;;;;;;
army_tech_school;Military-Industrial Complex;Complexe militaro-industriel;Militärisch-industrieller Komplex;;Complejo industrial militar;;;;;;;;;
industrial_tech_school;Corporative Industrialism;Industrialisme corporatif;Kooperativer Industrialismus;;Industrialismo corporativo;;;;;;;;;
culture_tech_school;Avantgarde Intelligentsia;Intelligentsia d'avant-garde;Avantgardistische Intelligentsia;;Intelectualidad de vanguardia;;;;;;;;;
commerce_tech_school;Business Schools & Tycoon Capitalism;Écoles commerciales et capitalisme;Kaufmannsschulen & Magnats-Kapitalismus;;Negocios y Capitalismo;;;;;;;;;
prussian_tech_school;Junkers, Heer & Krupp;Junkers, Heer & Krupp;Junkers, Heer & Krupp;;Junkers, Heer y Krupp;;;;;;;;;
EVTNAME14730;Anti-Colonial League;Ligue anticoloniale;Antikoloniale Liga;;Liga anticolonial;;;;;;;;;
EVTDESC14730;\n\nAnd_when_we_consider_the_injustices,_wrought_by_representatives_of_$COUNTRY$_in_the_colonies,_we_will_not_be_surprised_to_find_that_'$COUNTRY_ADJ$',_in_those_many_places,_far_beyond_our_country's_shores,_has_become_a_byword_for_theft,_larceny_and_murder._Our_message_here_today_is_loud_and_clear:_$COUNTRY$!_Quit_the_colonies!'\n\nAn_Anti-Colonial_League_has_been_formed_by_$COUNTRY_ADJ$_radicals._Ostensibly_dominated_by_intellectuals_arguing_the_cause_of_colonial_independence,_reports_from_our_Secret_Police_make_it_evident_that_the_League_is_intimately_connected_with_the_Socialist_Internationale.;Et_lorsque_nous_nous_pencherons_sur_les_injustices_commises_par_les_représentants_de_$COUNTRY$_dans_les_colonies,_nous_ne_serons_pas_surpris_de_constater_que_les_"$COUNTRY_ADJ$",_à_de_nombreux_endroits,_bien_loin_des_rivages_de_notre_pays,_se_livrent_à_des_vols_et_autres_crimes._Aujourd'hui,_notre_message_est_clair_:_$COUNTRY$_!_Quittez_les_colonies_!\n\nUne_ligue_anticoloniale_a_été_formée_par_les_radicaux_$COUNTRY_ADJ$._Apparemment_dominée_par_des_intellectuels_en_faveur_de_l'indépendance_coloniale,_les_rapports_de_notre_police_secrète_attestent_du_fait_que_la_ligue_est_étroitement_liée_à_l'Internationale_socialiste.;Und_wenn_wir_die_Ungerechtigkeiten_in_Betracht_ziehen,_welche_von_den_Repräsentanten_von_$COUNTRY$_in_den_Kolonien_begangen_werden,_so_verwundert_es_nicht,_dass_'$COUNTRY_ADJ$'_außerhalb_unserer_Landesgrenzen_vielerorts_zu_einem_Synonym_für_Diebstahl_und_Mord_geworden_ist._Unsere_heutige_Forderung_ist_deshalb_laut_und_klar:_$COUNTRY$!_Keine_Kolonien_mehr!'\n\nDie_$COUNTRY_ADJ$_Radikalen_haben_eine_antikoloniale_Liga_gegründet._Die_Liga_wird_angeblich_von_Intellektuellen_dominiert,_die_sich_für_die_koloniale_Unabhängigkeit_einsetzen,_aber_Berichte_unserer_Geheimpolizei_haben_bewiesen,_dass_die_Liga_eng_mit_der_sozialistischen_Internationalen_verbunden_ist.;;Y_cuando_consideramos_las_injusticias_causadas_por_representantes_de_$COUNTRY$_en_las_colonias,_no_nos_sorprenderemos_si_descubrimos_que_ser_gente_'$COUNTRY_ADJ$',_en_muchos_sitios_más_allá_de_las_costas_de_nuestro_país,_se_ha_convertido_en_sinónimo_de_robo,_latrocinio_y_asesinato._Nuestro_mensaje_hoy_es_alto_y_claro:_¡$COUNTRY$!_¡Abandonar_las_colonias!\n\nLos_radicales_de_$COUNTRY$_han_formado_una_Liga_Anticolonial._Ostensiblemente_dominada_por_los_intelectuales_que_sostienen_la_causa_de_la_independencia_colonial,_los_informes_de_nuestra_Policía_Secreta_dejan_bien_claro_que_la_Liga_está_estrechamente_vinculada_a_la_Internacional_Socialista.;;;;;;;;;
EVTOPTA14730;Denounce the League;Dénoncer la ligue;Denunziert die Liga;;Denunciad a la Liga.;;;;;;;;;
EVTOPTB14730;Ignore the League;Ignorer la ligue;Ignoriert die Liga;;Ignorad a la Liga.;;;;;;;;;
EVTOPTC14730;Support the League;Soutenir la ligue;Unterstützt die Liga;;Apoyad a la Liga.;;;;;;;;;
EVTNAME14740;Model Colony;Colonie modèle;Modellkolonie;;Colonia modelo;;;;;;;;;
EVTDESC14740;\n\nWith_the_competition_for_colonies_constantly_increasing,_as_European_nations_scramble_for_Africa_and_the_World,_$COUNTRY$_has_done_well_for_itself._One_$COUNTRY_ADJ$_colony_has,_in_the_past_few_years,_become_internationally_recognized_as_the_model_of_a_well_managed_European_colony,_and_the_attention_that_this_colony_has_garnered_for_$COUNTRY_ADJ$_colonial_policy,_in_the_parliaments_and_courts_of_Europe,_is_proving_a_wonderful_boon_for_$COUNTRY_ADJ$_research_and_international_prestige.;Face_à_la_course_aux_colonies_croissante_que_se_livrent_les_nations_européennes_en_Afrique_et_dans_le_monde,_$COUNTRY$_s'en_sort_plutôt_bien._Une_colonie_$COUNTRY_ADJ$_a,_au_cours_des_années_passées,_été_reconnue,_au_niveau_international,_en_tant_que_modèle_d'une_colonie_européenne_bien_gérée,_et_l'attention_que_cette_colonie_a_suscité_pour_la_politique_coloniale_$COUNTRY_ADJ$,_dans_les_parlements_et_cours_européens,_atteste_du_bienfait_$COUNTRY_ADJ$_en_termes_de_recherche_et_de_prestige_international.;Angesichts_der_stetig_steigenden_Konkurrenz_europäischer_Nationen_für_Kolonien_in_Afrika_und_der_ganzen_Welt_hat_sich_$COUNTRY$_gut_geschlagen._Eine_$COUNTRY_ADJ$_Kolonie_hat_sich_in_den_letzten_Jahren_zu_einer_international_anerkannten_europäischen_Modellkolonie_entwickelt,_und_die_Aufmerksamkeit,_die_diese_Kolonie_in_den_Parlamenten_und_an_den_Höfen_Europas_auf_die_$COUNTRY_ADJ$_Kolonialpolitik_gelenkt_hat,_ist_eine_wunderbare_Bestätigung_für_die_$COUNTRY_ADJ$_Forschung_und_sorgt_für_großes_internationales_Prestige.;;Con_la_competencia_por_las_colonias_en_constante_aumento,_mientras_las_naciones_europeas_se_pelean_por_África_y_el_resto_del_mundo,_$COUNTRY$_se_las_ha_arreglado_bien._Una_colonia_$COUNTRY_ADJ$_ha_sido_reconocida_internacionalmente_en_los_últimos_años_como_el_modelo_de_colonia_europea_bien_gestionada,_y_la_atención_que_esta_colonia_ha_atraído_sobre_la_política_colonial_$COUNTRY_ADJ$_en_las_cortes_y_parlamentos_de_Europa,_resulta_una_gran_ventaja_para_la_investigación_y_el_prestigio_internacional_de_$COUNTRY$.;;;;;;;;;
EVTOPTA14740;Wonderful!;Magnifique !;Wunderbar!;;¡Magnífico!;;;;;;;;;
EVTNAME14750;Colonial Policy Debated;Politique coloniale débattue;Kolonialpolitik debattiert;;Política colonial debatida;;;;;;;;;
EVTDESC14750;\n\nAnd_while_I_fully_respect_my_colleague_from_the_loyal_opposition,_I_still_cannot_help_but_to_question_his_motives_in_again_and_again_bringing_up_the_subject_of_the_expenses_of_the_Colonial_Office._The_colonies_are_a_cornerstone_of_government_policy,_and_worth_paying_for.'\n\nThe_colonies_are_making_headlines_in_$COUNTRY$_again,_following_a_fierce_debate_in_the_Upper_House._Members_of_the_opposition_have_argued_in_favor_of_a_reduction_of_the_budget_alotted_to_the_Colonial_Office,_and_both_they_and_majority_MPs_have_conducted_major_offensives_in_the_Upper_House,_to_try_and_convince_swing-voters_and_aisle-crossers_to_come_out_in_support_of_their_respective_policies.;..._et_même_si_je_respecte_mon_collègue_de_l'opposition,_je_ne_peux_pas_m'empêcher_de_remettre_en_question_ses_motivations_à_continuellement_faire_état_des_dépenses_du_Bureau_colonial._Les_colonies_sont_la_pierre_angulaire_de_la_politique_gouvernementale_et_en_valent_la_peine.\n\nLes_colonies_font_encore_la_une_en_$COUNTRY$,_à_la_suite_d'un_vif_débat_à_la_Chambre_haute._Les_membres_de_l'opposition_se_sont_montrés_en_faveur_d'une_réduction_du_budget_alloué_au_Bureau_colonial_et,_soutenus_par_une_majorité_des_membres_du_parlement,_ont_lancé_plusieurs_offensives_à_la_Chambre_haute_pour_tenter_de_convaincre_les_indécis_de_soutenir_leurs_politiques_respectives.;Und_obwohl_ich_meinen_Kollegen_der_loyalen_Opposition_sehr_respektiere,_muss_ich_seinen_Antrieb,_dieses_Thema_zu_Lasten_des_Kolonialamts_zur_Sprache_zu_bringen,_wieder_und_wieder_in_Frage_stellen._Die_Kolonien_sind_ein_Eckpfeiler_der_Regierungspolitik_und_ihr_Geld_wert.'\n\nDie_Kolonien_stehen_in_$COUNTRY$_nach_einer_heftigen_Debatte_im_Oberhaus_wieder_in_den_Schlagzeilen._Oppositionsmitglieder_argumentieren_für_eine_Reduzierung_des_Kolonialamt-Budgets._Sie_und_die_Mehrzahl_der_Parlamentsmitglieder_haben_im_Oberhaus_massive_Vorstöße_gemacht,_um_Wechselwähler_und_Überläufer_zur_Unterstützung_ihrer_Sache_zu_bewegen.;;Y_aunque_respeto_enormemente_a_mi_colega_de_la_leal_oposición,_no_puedo_evitar_preguntarle_una_y_otra_vez_cuáles_han_sido_sus_motivos_para_plantear_el_asunto_de_los_gastos_del_Ministerio_de_las_colonias._Las_colonias_son_una_piedra_angular_de_la_política_del_gobierno,_por_lo_que_merece_la_pena_pagar_por_ellas.\n\nLas_colonias_ocupan_otra_vez_los_titulares_en_$COUNTRY$,_tras_un_encendido_debate_en_la_cámara_alta._Los_miembros_de_la_oposición_han_defendido_la_reducción_del_presupuesto_asignado_a_la_oficina_colonial,_y_tanto_ellos_como_la_mayoría_de_miembros_del_parlamento_han_emprendido_ofensivas_mayores_en_la_cámara_alta_para_tratar_de_convencer_a_los_votantes_indecisos_y_los_que_cambian_a_última_hora_en_apoyo_de_sus_políticas_respectivas.;;;;;;;;;
EVTOPTA14750;Conservative arguments prevail;Les arguments conservateurs prédominent;Die konservativen Argumente sind besser.;;Se imponen los argumentos conservadores.;;;;;;;;;
EVTOPTB14750;Liberal arguments prevail;Les arguments libéraux prédominent;Die liberalen Argumente sind besser.;;Se imponen los argumentos liberales.;;;;;;;;;
EVTNAME14760;Colonial Corruption;Corruption coloniale;Korruption in den Kolonien;;Corrupción colonial;;;;;;;;;
EVTDESC14760;\n\nA_slowly_unraveling_corruption_scandal_in_the_$COUNTRY_ADJ$_Colonial_Office_shakes_$CAPITAL$,_as_a_major_newspaper_publishes_reports_detailing_an_extensive_network_of_bribes_and_favors,_designed_to_give_certain_private_interests_preferential_treatment_with_regards_to_colonial_trade_and_exploitation._Critics_of_government_policy_point_to_the_relatively_low_wages_and_poor_funds_alotted_to_colonial_officials_as_determining_reasons_for_the_scandal,_while_the_prevailing_mood_in_government_circles_seems_to_be_that_a_culture_of_corruption_within_the_private_sector_is_to_blame_for_the_poor_state_of_the_Colonial_Office.;Un_scandale_de_corruption_latente_au_sein_du_Bureau_colonial_$COUNTRY_ADJ$_secoue_$CAPITAL$_alors_qu'un_éminent_journal_publie_des_rapports_détaillant_un_important_réseau_de_corruptions_et_de_faveurs_mis_en_place_pour_favoriser_certains_intérêts_privés_en_termes_de_commerce_et_d'exploitation_coloniaux._Les_critiques_proférées_à_l'égard_de_la_politique_gouvernementale_pointent_du_doigt_les_bas_salaires_et_piètres_fonds_alloués_aux_fonctionnaires_coloniaux_comme_les_raisons_déterminantes_du_scandale,_alors_que_la_tendance_prédominante_au_sein_des_cercles_gouvernementaux_semble_indiquer_que_la_culture_de_la_corruption_du_secteur_privé_est_à_l'origine_de_l'état_déplorable_du_Bureau_colonial.;Ein_sich_langsam_entfaltender_Korruptionsskandal_im_$COUNTRY_ADJ$_Kolonialamt_erschüttert_$CAPITAL$._Bedeutende_Zeitungen_veröffentlichen_Berichte_über_ein_ausgedehntes_Bestechungs-_und_Begünstigungsnetzwerk,_das_darauf_ausgelegt_ist,_hinsichtlich_des_Kolonialhandels_und_der_Kolonialausbeutung_bestimmten_Privatinteressen_Vorrang_zu_geben._Kritiker_unserer_Regierungspolitik_weisen_auf_die_relativ_geringen_Löhne_und_Budgets_von_Kolonialoffiziellen_als_Hauptgründe_des_Skandals_hin,_während_in_Regierungskreisen_eher_die_Meinung_vorzuherrschen_scheint,_dass_tiefgreifende_Korruption_im_Privatsektor_für_den_erbärmlichen_Zustand_des_Kolonialamts_verantwortlich_ist.;;Un_escándalo_de_corrupción_desvelado_lentamente_en_la_oficina_colonial_$COUNTRY_ADJ$_sacude_$CAPITAL$,_cuando_un_periódico_importante_publica_reportajes_detallando_una_red_extensa_de_sobornos_y_favores,_diseñada_para_proporcionar_a_ciertos_intereses_privados_un_trato_preferencial_respecto_al_comercio_y_la_explotación_de_las_colonias._Los_críticos_de_la_política_del_gobierno_sugieren_que_los_salarios_relativamente_bajos_y_los_escasos_fondos_asignados_a_los_oficiales_coloniales_son_las_razones_determinantes_del_escándalo_mientras_la_atmósfera_que_prevalece_en_los_círculos_de_gobierno_parece_ser_la_de_una_cultura_de_la_corrupción_dentro_del_sector_privado_que_culpa_al_lamentable_estado_del_Ministerio_de_las_colonias.;;;;;;;;;
EVTOPTA14760;The government must accept responsibility for its own shortcomings;Le gouvernement doit accepter la responsabilité de ses propres imperfections;Die Regierung muss die Verantwortung für ihre eigenen Unzulänglichkeiten übernehmen!;;El gobierno debe aceptar la responsabilidad de sus propios errores.;;;;;;;;;
EVTOPTB14760;The office is in the pocket of Big Industry, and Big Industry is to blame!;Le bureau est sous le joug de l'industrie et celle-ci en est responsable !;Das Amt wird von der Großindustrie gesteuert, also ist die Großindustrie schuld!;;¡El ministerio está en el bolsillo de la gran Industria, así que ella tiene la culpa!;;;;;;;;;
EVTNAME14770;$CAPITAL$, You're A Lady;$CAPITAL$, quelle classe !;$CAPITAL$, oh du Schönheit!;;$CAPITAL$, eres toda una dama.;;;;;;;;;
EVTDESC14770;\n\nThe_growth_of_our_colonies_has_turned_$CAPITAL$_into_the_constantly_expanding_cultural_and_economic_nave_of_an_Empire._Every_day,_with_every_passing_hour,_people_from_every_conceivable_corner,_of_the_world_we_have_made_ours,_arrive_in_our_capital:_To_court_our_ministers,_to_trade_with_merchants,_engineers_and_industrialists,_and_to_experience_any_one_of_the_multitude_of_fates_that_$CAPITAL$_affords_its_visitors._Standing_at_$CAPITAL$_Central,_one_can_see_all_around_oneself_a_small_panorama_of_the_world,_hear_spoken_any_and_all_of_the_varying_tongues_and_languages_of_the_world_and_smell_both_the_scents_and_the_odors_of_far_away_lands._In_the_annals_of_the_$COUNTRY_ADJ$_Empire,_the_years_around_$YEAR$_will_always_be_remembered_as_the_golden_age_of_$CAPITAL$.;Le_développement_de_nos_colonies_a_contribué_au_prodigieux_essor_culturel_et_économique_de_notre_capital_$CAPITAL$._Tous_les_jours,_des_gens_arrivent_des_quatre_coins_du_monde_pour_chercher_à_se_faire_bien_voir_de_nos_ministres,_commercer_avec_nos_marchands,_ingénieurs_et_industriels,_et_découvrir_l'une_des_multiples_facettes_que_$CAPITAL$_offre_à_ses_visiteurs._En_son_c?ur,_on_peut_voir_un_petit_panorama_du_monde,_entendre_parler_différentes_langues_et_sentir_les_parfums_de_lointains_territoires._Dans_les_annales_de_l'Empire_$COUNTRY_ADJ$,_la_décennie_de_$YEAR$_entrera_dans_l'histoire_comme_l'âge_d'or_de_$CAPITAL$.;Das_Wachstum_unserer_Kolonien_hat_$CAPITAL$_zum_Dreh-_und_Angelpunkt_eines_stets_größer_werdenden_Reichs_gemacht._Jeden_Tag,_jede_Stunde_kommen_Menschen_aus_allen_Ecken_der_Welt,_die_wir_unser_eigen_nennen,_in_unserer_Hauptstadt_an:_Dort_hofieren_Sie_unsere_Minister,_schließen_Geschäfte_mit_unseren_Händlern,_Ingenieure_und_Industrialisten_ab_und_tauchen_in_das_Meer_unterschiedlicher_Erfahrungen_ein,_die_$CAPITAL$_allen_Fremden_bietet._Wenn_man_in_$CAPITAL$_steht,_kann_man_um_sich_ein_kleines_Panorama_der_Welt_betrachten,_alle_Sprachen_und_Akzente_der_Welt_hören_und_Düfte_aus_weit_entfernten_Ländern_riechen._In_den_Annalen_des_$COUNTRY_ADJ$_Reichs_wird_man_sich_an_die_Jahre_um_$YEAR$_stets_als_das_goldene_Zeitalter_von_$CAPITAL$_erinnern.;;El_crecimiento_de_nuestras_colonias_ha_convertido_a_$CAPITAL$_en_la_nave_cultural_y_económica_de_un_imperio_en_continua_expansión._Cada_día,_con_cada_hora_que_pasa,_gente_de_todos_los_rincones_del_mundo_que_ahora_es_nuestro,_llega_a_nuestra_capital_para_cortejar_a_nuestros_ministros,_comerciar_con_nuestros_comerciantes,_ingenieros_e_industriales,_y_para_experimentar_cualquiera_de_la_multitud_de_opciones_que_$CAPITAL$_ofrece_a_sus_visitantes._En_el_centro_de_$CAPITAL$,uno_puede_ver_un_pequeño_panorama_del_mundo_y_oír_uno_de_sus_muchos_idiomas_y_lenguas,_además_de_oler_las_esencias_y_aromas_de_tierras_lejanas._En_los_anales_del_Imperio_de_$COUNTRY$,_los_años_cercanos_a_$YEAR$_siempre_serán_recordados_como_la_época_dorada_de_$CAPITAL$.;;;;;;;;;
EVTOPTA14770;...and may the memory live long;... Et puisse cela perdurer !;... und möge die Erinnerungen ewig leben.;;... y que la memoria perdure mucho tiempo.;;;;;;;;;
EVTNAME14780;Colonial Diseases;Maladies coloniales;Krankheiten in den Kolonien;;Enfermedades coloniales;;;;;;;;;
EVTDESC14780;\n\nWhile_the_discovery_of_new_lands_has_always_meant_the_discovery_of_new_diseases_and_malaises,_one_of_our_colonies_has_recently_begun_to_develop_a_reputation_of_being_a_particularly_disease-ridden_place._From_malaria_to_colds_both_common_and_uncommon,_it_seems_that_travelers_to_and_from_the_colony_always_catch_or_bring_that_little_something_unsavory_extra._According_to_reports_published_by_a_$COUNTRY_ADJ$_doctor_established_in_the_colony,_a_concerted_government_effort_at_draining_local_swamps_and_marshes,_as_well_as_at_improving_local_sanitation,_could_help_the_colony,_but,_of_course,_such_efforts_are_not_free.;Alors_qu'à_la_découverte_de_nouvelles_terres_a_succédé_l'apparition_de_nouvelles_maladies,_l'une_de_nos_colonies_s'est_récemment_vu_octroyer_une_réputation_de_colonie_particulièrement_rongée_par_de_tels_maux._De_la_malaria_au_rhume,_il_semble_que_ses_voyageurs_en_provenance_ou_à_destination_de_cette_colonie_n'y_échappent_pas._D'après_les_rapports_publiés_par_un_médecin_$COUNTRY_ADJ$_installé_dans_la_colonie,_un_effort_concerté_du_gouvernement_pour_drainer_les_marais_et_marécages_ainsi_que_l'amélioration_du_système_sanitaire_local_seraient_bénéfiques_pour_la_colonie,_mais_bien_sûr,_de_tels_efforts_ne_sont_pas_gratuits.;Die_Entdeckung_neuer_Länder_bedeutet_seit_jeher_auch_die_Entdeckung_neuer_Krankheiten,_aber_eine_unserer_Kolonien_erwirbt_sich_seit_Kurzem_einen_Ruf,_ein_wahres_Paradies_für_Krankheiten_zu_sein._Von_Malaria_bis_zu_Erkältungen_ist_alles_im_Angebot,_und_es_scheint,_als_ob_alle_An-_und_Abreisenden_entweder_einen_Erreger_mitbringen_oder_einen_mitnehmen._Laut_den_Berichten_eines_in_der_Kolonie_anerkannten_$COUNTRY_ADJ$_Arztes_könnten_konsequente_Maßnahmen_zur_Trockenlegung_der_Sümpfe_und_der_Verbesserung_der_lokalen_Abwasser-_und_Abfallentsorgung_der_Kolonie_helfen,_aber_solche_Maßnahmen_sind_natürlich_nicht_kostenlos.;;Aunque_el_descubrimiento_de_nuevas_tierras_siempre_ha_supuesto_el_descubrimiento_de_nuevas_enfermedades_e_infecciones_virales,_recientemente,_una_de_nuestras_colonias_ha_empezado_a_desarrollar_una_reputación_de_ser_un_lugar_particularmente_afectado_por_las_enfermedades._Desde_malaria_a_resfriados_tanto_comunes_como_raros,_parece_ser_que_los_viajeros_que_entran_y_salen_de_esta_colonia_siempre_enferman_o_son_portadores_de_algún_elemento_desagradable._Según_los_informes_publicados_por_un_doctor_de_$COUNTRY$_establecido_en_la_colonia,_un_esfuerzo_concertado_del_gobierno_para_drenar_los_pantanos_y_marismas_locales,_así_como_la_mejora_en_la_sanidad_local_podrían_ayudar_a_la_colonia_pero,_por_supuesto,_tales_esfuerzos_no_son_gratuitos.;;;;;;;;;
EVTOPTA14780;... who cares!?;... Et alors !?;... und wen kümmert das?;;¿A quién le importa?;;;;;;;;;
EVTOPTB14780;Naturally we must aid the colony, and help strive for its betterment;Naturellement, nous devons aider la colonie et soutenir son développement.;Natürlich müssen wir der Kolonie helfen und zusehen, dass sich die Umstände dort bessern.;;Naturalmente, debemos ayudar a la colonia, y esforzarnos por su mejora.;;;;;;;;;
EVTNAME14790;Colonial Progress;Progression coloniale;Kolonialer Fortschritt;;Progreso colonial;;;;;;;;;
EVTDESC14790;\n\nOne_of_our_colonies_is_reporting_astounding_successes_in_the_development_of_local_commercial_ventures_and_businesses_to_the_Colonial_Office._According_to_the_local_governor,_the_primary_reason_seems_to_be_an_ambitious_land_reform,_undertaken_in_tandem_with_$COUNTRY_ADJ$_capitalists_and_industrialists._The_colony_is_reportedly_becoming_more_attractive_to_immigrants,_and_the_report_reflects_well_on_our_industrialists_as_well.;L'un_de_nos_colonies_rapporte_au_Bureau_colonial_de_belles_réussites_en_termes_de_développement_d'entreprises_commerciales_locales._D'après_le_gouverneur_en_place,_cela_est_principalement_dû_à_une_ambitieuse_réforme_entreprise,_de_concert,_par_les_capitalistes_et_industriels_$COUNTRY_ADJ$._La_colonie_attire_de_plus_en_plus_d'immigrants_et_le_rapport_met_aussi_en_lumière_le_travail_réalisé_par_les_industriels.;Eine_unserer_Kolonien_meldet_dem_Kolonialamt_verblüffende_Erfolge_bei_der_Entwicklung_lokaler_Wirtschaftsunternehmungen_und_Geschäfte._Der_Hauptgrund_dafür_ist_dem_lokalen_Gouverneur_zufolge_eine_ambitionierte_Landreform,_die_in_Übereinstimmung_mit_den_$COUNTRY_ADJ$_Kapitalisten_und_Industrialisten_durchgeführt_wurde._Die_Kolonie_wird_Berichten_zufolge_für_Einwanderer_immer_attraktiver,_und_diese_Berichte_werfen_auch_ein_gutes_Licht_auf_unserer_Industrialisten.;;Una_de_nuestras_colonias_informa_de_éxitos_sorprendentes_en_el_desarrollo_de_empresas_y_negocios_comerciales_locales_al_Ministerio_de_las_colonias._Según_el_gobernador_local,_la_razón_principal_parece_ser_una_reforma_ambiciosa_de_la_tierra,_llevada_a_cabo_por_los_capitalistas_e_industriales_de_$COUNTRY$._Al_parecer,_la_colonia_resulta_cada_vez_más_atractiva_a_los_inmigrantes,_y_el_informe_da_una_buena_imagen_de_nuestros_empresarios.;;;;;;;;;
EVTOPTA14790;Fantastic news!;Excellente nouvelle !;Fantastische Neuigkeiten!;;¡Noticias fantásticas!;;;;;;;;;
EVTOPTB14790;Cover up the report, lest the capitalists get uppity!;Dissimulez ce rapport de crainte que les capitalistes en prennent la grosse tête !;Lasst den Bericht verschwinden, sonst werden die Kapitalisten hochnäsig!;;¡Oculta el informe, no vaya a ser que a los capitalistas se les suban los humos!;;;;;;;;;
EVTNAME14800;Colonial Archaeology;Archéologie coloniale;Archäologie in den Kolonien;;Arqueología colonial;;;;;;;;;
EVTDESC14800;\n\nAn_archaeological_excavation_in_one_of_our_colonies_has_yielded_fantastic_results_in_the_form_of_several_artifacts,_tentatively_dated_to_the_late_paleolithic._The_discovery_promises_to_give_us_new_insights_in_the_ancient_life_and_development_of_the_area,_and_The_$COUNTRY_ADJ$_National_Archaeological_society_is_hailing_the_discoveries_as_a_great_breakthrough_for_$COUNTRY_ADJ$_archaeology._The_artifacts_obviously_need_to_be_put_in_a_museum,_but_where_should_we_put_them?_The_Archaeological_society_strongly_argues_in_favor_of_The_$CAPITAL$_Museum_of_History,_while_others_have_hinted_that_it_might_be_better_to_just_put_them_in_a_local_museum.;Des_fouilles_archéologiques_menées_dans_l'une_de_nos_colonies_ont_porté_leurs_fruits_et_révélé_au_grand_jour_plusieurs_artefacts_remontant_à_la_fin_du_paléolithique._Ces_découvertes_devraient_permettre_d'en_savoir_plus_sur_la_vie_et_le_développement_de_la_région._La_Société_archéologique_$COUNTRY_ADJ$_soulignent_le_caractère_exceptionnel_de_ces_découvertes_pour_l'archéologie_$COUNTRY_ADJ$._De_toute_évidence,_ces_artefacts_doivent_être_exposés_dans_un_musée,_mais_où_?_La_Société_archéologique_recommande_vivement_le_Musée_d'histoire_de_$CAPITAL$,_alors_que_d'autres_indiquent_qu'il_serait_préférable_d'exposer_ces_artefacts_dans_un_musée_local.;Eine_archäologische_Expedition_in_einer_unserer_Kolonien_hat_fantastische_Leistungen_erbracht_und_mehrere_Artefakte_gefunden,_die_aus_dem_Altpaläolithikum_zu_stammen_scheinen._Die_Entdeckung_gibt_uns_Einblick_ins_Leben_dieser_Zeit_und_die_nationale_$COUNTRY_ADJ$_Archäologiegesellschaft_begrüßt_die_Entdeckungen_als_großen_Durchbruch_für_die_$COUNTRY_ADJ$_Archäologie._Die_Artefakte_gehörten_offensichtlich_in_ein_Museum,_aber_in_welchem_sollen_wir_sie_ausstellen?_Die_Archäologiegesellschaft_macht_sich_für_des_Geschichtsmuseum_in_$CAPITAL$_stark,_während_andere_der_Meinung_sind,_sie_sollten_in_einem_lokalen_Museum_ausgestellt_werden.;;Una_excavación_arqueológica_en_una_de_nuestras_colonias_ha_cosechado_resultados_fantásticos,_ya_que_han_encontrado_una_serie_de_objetos_que_pueden_datarse_de_finales_del_Paleolítico._El_descubrimiento_promete_ofrecernos_nuevas_perspectivas_de_la_vida_antigua_y_del_desarrollo_de_la_zona,_así_que_la_Sociedad_Arqueológica_Nacional_$COUNTRY_ADJ$_está_aclamando_el_descubrimiento_como_un_gran_avance_para_la_arqueología_$COUNTRY_ADJ$._Obviamente,_los_artefactos_deben_llevarse_a_un_museo,_pero,_¿en_cuál?_La_sociedad_arqueológica_está_a_favor_de_llevarlas_al_Museo_de_Historia_de_$CAPITAL$,_pero_otros_han_sugerido_que_sería_mejor_llevarlos_a_un_museo_local.;;;;;;;;;
EVTOPTA14800;Just display the baubles somewhere locally;Exposer ces babioles quelque part dans le coin.;Stellt das Zeugs einfach in irgendeinem lokalen Museum aus.;;Exponed esas chucherías en la zona donde las encontraron.;;;;;;;;;
EVTOPTB14800;This will teach future generations about the common heritage of mankind;Ainsi, les générations futures en sauront davantage sur l'héritage commun de l'humanité.;Zukünftige Generationen werden von diesen Artefakten über die gemeinsame Vergangenheit der Menschheit lernen.;;Esto enseñará a generaciones venideras la herencia común de la humanidad.;;;;;;;;;
EVTNAME14810;The Natives are Restless;Agitation des indigènes;Eingeborene in Aufruhr;;Los nativos están inquietos;;;;;;;;;
EVTDESC14810;\n\nA_situation_has_presented_itself_in_one_of_our_colonies,_where_several_prominent_$CAPITAL$_capitalists_have_controlling_interests_in_local_trade._One_of_their_ventures,_a_small,_local_machine_shop,_run_by_$COUNTRY_ADJ$_specialists,_works_on_western_industrial_standards_well_into_the_small_hours_of_the_morning._The_sound_from_the_machine_shop_is_preventing_anyone_and_everyone_in_the_immediate_vicinity_of_the_shop_from_getting_much_sleep_at_night,_and_the_issue_has_become_a_symbol_for_many,_broader,_pent_up_frustrations_with_our_colonial_rule.;Dans_l'une_de_nos_colonies,_plusieurs_éminents_capitalistes_de_$CAPITAL$_contrôlent_le_commerce_local._L'une_de_leurs_entreprises,_un_petit_atelier_local_d'usinage_tenu_par_des_spécialistes_$COUNTRY_ADJ$_travaille_selon_des_standards_industriels_occidentaux_jusqu'à_l'aube._Le_bruit_de_ses_machines_empêche_le_voisinage_de_dormir_et_ce_problème_est_devenu_un_symbole_des_frustrations_aussi_importantes_que_latentes_inhérentes_à_notre_domination_coloniale.;In_einer_unserer_Provinzen_hat_sich_eine_prekäre_Situation_entwickelt,_da_$CAPITAL$-Kapitalisten_den_lokalen_Handel_kontrollieren._Eine_ihrer_Geschäfte,_eine_kleine,_von_$COUNTRY_ADJ$_Spezialisten_geführte_Maschinenwerkstatt,_arbeitet_nach_westlichen_Industriestandards_bis_in_die_frühen_Morgenstunden._Der_Lärm_aus_der_Werkstatt_ist_überall_zu_hören,_und_die_Menschen,_die_in_der_Nähe_wohnen,_können_in_der_Nacht_kaum_schlafen._Dieses_Problem_ist_zum_Symbol_weitreichender,_aufgestauter_Frustration_mit_unserer_Kolonialherrschaft_geworden.;;Se_ha_dado_una_situación_en_una_de_nuestras_colonias_en_la_que_varios_capitalistas_destacados_de_$CAPITAL$,_tienen_interés_por_controlar_el_comercio_local._Una_de_nuestras_empresas,_un_pequeño_taller_mecánico_local,_dirigido_por_especialistas_de_$COUNTRY$,_trabajan_según_estándares_industriales_occidentales_hasta_altas_horas_de_la_madrugada._El_sonido_del_taller_mecánico_impide_que_nadie_pueda_dormir_en_las_inmediaciones_del_taller,_por_lo_que_este_asunto_se_ha_convertido_para_muchos_en_un_símbolo_de_las_frustraciones_acumuladas_con_nuestro_gobierno_colonial.;;;;;;;;;
EVTOPTA14810;If the shop needs to operate at those hours, who are we to have opinions about that?;Si cet atelier doit faire de telles heures, qui sommes-nous pour donner notre avis ?;Wenn die Werkstatt so spät arbeiten muss, was haben wir uns da einzumischen?;;Si el taller tiene que funcionar a esas horas, ¿podemos opinar sobre ello?;;;;;;;;;
EVTOPTB14810;I suppose we could drop by the Chamber of Commerce and have a chat with the boys...;Je suppose qu'on devrait pouvoir contacter la Chambre de commerce pour en discuter...;Hmmh, wir könnten bei der Handelskammer vorbeischauen und uns mal mit den Jungs unterhalten ...;;Nos dejaremos caer por la Cámara de Comercio y tendremos una charla con los chicos...;;;;;;;;;
POP_DETAILS_MONEY;Cash:;Argent :;Bargeld:;;Liquidez:;;;;;;;;;
POP_DETAILS_INCOME;Income:;Revenus :;Einkommen:;;Ingresos:;;;;;;;;;
POP_DETAILS_BANK;Savings:;Épargne :;Ersparnisse:;;Ahorros:;;;;;;;;;
POP_DETAIL_LIFENEEDS;Life Needs;Besoins vitaux;Lebensbedürfnisse;;Necesidades vitales;;;;;;;;;
POP_DETAIL_EVERYDAYNEEDS;Everyday Needs;Besoins quotidiens;Alltagsbedürfnisse;;Necesidades diarias;;;;;;;;;
POP_DETAIL_LUXUARYNEEDS;Luxury Needs;Besoins de luxe;Luxusbedürfnisse;;Necesidades lujo;;;;;;;;;
CLICK_FOR_DETAILS;Click for more details.;Cliquez pour obtenir plus de détails.;Klicken Sie für weitere Details.;;Haz clic para más detalles.;;;;;;;;;
CZH;Czechoslovakia;Tchécoslovaquie;Tschechoslowakei;;Checoslovaquia;;;;;;;;;
CZH_ADJ;Czechoslovakian;Tchécoslovaquien;Tschechoslowakisch;;checoslovaca;;;;;;;;;
CZH_socialist;CSSD;CSSD;CSSD;;CSSD;;;;;;;;;
CZH_conservative;CSL;CSL;CSL;;CSL;;;;;;;;;
CZH_liberal;RSZML;RSZML;RSZML;;RSZML;;;;;;;;;
CZH_communist;KSC;KSC;KSC;;KSC;;;;;;;;;
CZH_reactionary;CsND;CsND;CsND;;CsND;;;;;;;;;
CZH_radical;Ceska strana libertarianismus;Ceska strana libertarianismus;Ceska Strana Libertarianismus;;Ceska strana libertarianismus;;;;;;;;;
YUG;Yugoslavia;Yougoslavie;Jugoslawien;;Yugoslavia;;;;;;;;;
AZB;Azerbaijan;Azerbaïdjan;Aserbaidschan;;Azerbaiyán;;;;;;;;;
AZB_ADJ;Azerbaijani;Azerbaïdjanais;Aserbaidschanisch;;azerí;;;;;;;;;
AZB_fascist;National Front;Front national;Nationale Front;;Frente Nacional;;;;;;;;;
AZB_socialist;Muslim Social Democratic Party;Parti social-démocrate musulman;Muslimische sozialdemokratische Partei;;Partido Democrático Social Musulmán;;;;;;;;;
AZB_conservative;Ittihad;Ittihad;Ittihad;;Ittihad;;;;;;;;;
AZB_liberal;Musavat;Musavat;Musavat;;Musavat;;;;;;;;;
AZB_communist;Bolshevik Party;Parti bolchevique;Bolschewistische Partei ;;Partido Bolchevique;;;;;;;;;
AZB_reactionary;Nationalist Party;Parti nationaliste;Nationalistische Partei;;Partido Nacionalista;;;;;;;;;
AZB_radical;Freedom Party;Parti de la liberté;Freiheitspartei;;Partido Libertario;;;;;;;;;
IRQ;Iraq;Iraq;Irak;;Irak;;;;;;;;;
IRQ_ADJ;Arab;Iraquien;Irakisch;;iraquí;;;;;;;;;
IRQ_reactionary;Hashemite Faction;Faction hachémite;Hashemitische Fraktion;;Facción Hachemita;;;;;;;;;
IRQ_socialist;Baath Party;Parti Baas;Baath-Partei;;Partido Árabe Socialista Baath;;;;;;;;;
IRQ_communist;Communist Party;Parti communiste ;Kommunistische Partei;;Partido Comunista;;;;;;;;;
IRQ_liberal;Liberal Party;Parti libéral;Liberale Partei;;Partido Liberal;;;;;;;;;
IRQ_radical;Freedom Party;Parti de la liberté;Freiheitspartei;;Partido Libertario;;;;;;;;;
IRQ_conservative;Conservative Party;Parti conservateur;Konservative Partei;;Partido Conservador;;;;;;;;;
IRQ_fascist;Unity Party;Parti unitaire;Einheitspartei;;Partido de la Unidad;;;;;;;;;
MGL;Mongolia;Mongolie;Mongolei;;Mongolia;;;;;;;;;
MGL_ADJ;Mongolian;Mongole;Mongolisch;;mongola;;;;;;;;;
MGL_socialist;Socialist Party;Parti socialiste;Sozialistische Partei;;Partido Socialista;;;;;;;;;
MGL_communist;Communist Party;Parti communiste ;Kommunistische Partei;;Partido Comunista;;;;;;;;;
MGL_radical;Freedom Party;Parti de la liberté;Freiheitspartei;;Partido Libertario;;;;;;;;;
MGL_fascist;Unity Party;Parti unitaire;Einheitspartei;;Partido de la Unidad;;;;;;;;;
PHI;Philippines;Philippines;Philippinen;;Filipinas;;;;;;;;;
PHI_ADJ;Philippine;Philippine;Philippinisch;;filipina;;;;;;;;;
PHI_reactionary;Partido Tradicionalista;Partido Tradicionalista;Partido Tradicionalista;;Partido Tradicionalista;;;;;;;;;
PHI_socialist;Partido Demokratiko;Partido Demokratiko;Partido Demokratiko;;Partido Democrático;;;;;;;;;
PHI_communist;Partido Komunista;Partido Komunista;Partido Komunista;;Partido Comunista;;;;;;;;;
PHI_liberal;Partido Liberal;Partido Liberal;Partido Liberal;;Partido Liberal;;;;;;;;;
PHI_radical;Partido Libertad;Partido Libertad;Partido Libertad;;Partido Libertad;;;;;;;;;
PHI_conservative;Partido Nacionalista;Partido Nacionalista;Partido Nacionalista;;Partido Nacionalista;;;;;;;;;
PHI_fascist;Partido Fascista;Partido Fascista;Partido Fascista;;Partido Fascista;;;;;;;;;
MCK_reactionary;Restoration Faction;Faction de la restauration;Restaurationsfraktion;;Facción de la Restauración;;;;;;;;;
MCK_socialist;Manchu Socialist Party;Parti socialiste mandchou;Sozialistische Partei Mandschurei;;Partido Socialista Manchú;;;;;;;;;
MCK_communist;Chinese Communist Party;Parti communiste chinois;Kommunistische Partei China;;Partido Comunista Chino;;;;;;;;;
MCK_liberal;Liberal Party;Parti libéral;Liberale Partei;;Partido Liberal;;;;;;;;;
MCK_conservative;Palace Faction;Faction palatiale;Palastfraktion;;Facción Palaciega;;;;;;;;;
MCK_fascist;Fascist Party;Parti fasciste;Faschistische Partei;;Partido Fascista;;;;;;;;;
MCK_radical;A Very Unlikely Candidate;Un candidat très improbable;Ein äußerst merkwürdiger Kandidat;;Un candidato muy improbable;;;;;;;;;
CHI_1504;Kwangsi;Kwangsi;Kwangsi;;Kwangsi;;;;;;;;;
GXI_ADJ;Guangxi;Kwangsi;Kwangsi;;Kwangsi;;;;;;;;;
GXI_reactionary;Rongting Faction;Faction Rongting;Rongting-Fraktion;;Facción Rongting;;;;;;;;;
GXI_socialist;Socialist Party;Parti socialiste;Sozialistische Partei;;Partido Socialista;;;;;;;;;
GXI_communist;Chinese Communist Party;Parti communiste chinois;Kommunistische Partei China;;Partido Comunista Chino;;;;;;;;;
GXI_liberal;Liberal Party;Parti libéral;Liberale Partei;;Partido Liberal;;;;;;;;;
GXI_conservative;Kuomintang Faction;Faction Kuomintang;Guomintang-Fraktion;;Facción Kuomintang;;;;;;;;;
GXI_fascist;Fascist Party;Parti fasciste;Faschistische Partei;;Partido Fascista;;;;;;;;;
GXI_radical;Freedom Party;Parti de la liberté;Freiheitspartei;;Partido Libertario;;;;;;;;;
CHI_1576;Shansi;Shansi;Shansi;;Shansi;;;;;;;;;
SXI_ADJ;Shansi;Shansi;Shansi;;Shansi;;;;;;;;;
SXI_reactionary;Hsi-Shan Faction;Faction de Hsi-Shan;Xi-Shan-Fraktion;;Facción Hsi-Shan;;;;;;;;;
SXI_socialist;Socialist Party;Parti socialiste;Sozialistische Partei;;Partido Socialista;;;;;;;;;
SXI_communist;Chinese Communist Party;Parti communiste chinois;Kommunistische Partei China;;Partido Comunista Chino;;;;;;;;;
SXI_liberal;Liberal Party;Parti libéral;Liberale Partei;;Partido Liberal;;;;;;;;;
SXI_conservative;Kuomintang Faction;Faction Kuomintang;Guomintang-Fraktion;;Facción Kuomintang;;;;;;;;;
SXI_fascist;Fascist Party;Parti fasciste;Faschistische Partei;;Partido Fascista;;;;;;;;;
SXI_radical;Freedom Party;Parti de la liberté;Freiheitspartei;;Partido Libertario;;;;;;;;;
REAL_DEMAND;Real Demand: $VAL$;Demande réelle : $VAL$;Tatsächliche Nachfrage: $VAL$;;Demanda real: $VAL$;;;;;;;;;
YNN_ADJ;Yunnan;Yunnan;Yunnan;;yunnana;;;;;;;;;
YNN_reactionary;Cai E's Faction;Faction Cai E's;Cai Es Fraktion;;Facción Cai E's;;;;;;;;;
YNN_socialist;Socialist Party;Parti socialiste;Sozialistische Partei;;Partido Socialista;;;;;;;;;
YNN_communist;Chinese Communist Party;Parti communiste chinois;Kommunistische Partei China;;Partido Comunista Chino;;;;;;;;;
YNN_liberal;Liberal Party;Parti libéral;Liberale Partei;;Partido Liberal;;;;;;;;;
YNN_conservative;Kuomintang Faction;Faction Kuomintang;Guomintang-Fraktion;;Facción Kuomintang;;;;;;;;;
YNN_fascist;Fascist Party;Parti fasciste;Faschistische Partei;;Partido Fascista;;;;;;;;;
YNN_radical;Freedom Party;Parti de la liberté;Freiheitspartei;;Partido Libertario;;;;;;;;;
CHI_1557;Tsinghai;Tsinghai;Tsinghai;;Tsinghai;;;;;;;;;
CHI_2062;Ninghsia;Ninghsia;Ninghsia;;Ninghsia;;;;;;;;;
XBI_reactionary;Ma Family;Famille Ma;Ma-Familie;;Familia Ma;;;;;;;;;
XBI_socialist;Socialist Party;Parti socialiste;Sozialistische Partei;;Partido Socialista;;;;;;;;;
XBI_communist;Chinese Communist Party;Parti communiste chinois;Kommunistische Partei China;;Partido Comunista Chino;;;;;;;;;
XBI_liberal;Liberal Party;Parti libéral;Liberale Partei;;Partido Liberal;;;;;;;;;
XBI_conservative;Kuomintang Faction;Faction Kuomintang;Guomintang-Fraktion;;Facción Kuomintang;;;;;;;;;
XBI_fascist;Fascist Party;Parti fasciste;Faschistische Partei;;Partido Fascista;;;;;;;;;
XBI_radical;Freedom Party;Parti de la liberté;Freiheitspartei;;Partido Libertario;;;;;;;;;
XIN_reactionary;Zenxin Faction;Faction de Zenxin;Zenxin-Fraktion;;Facción Zenxin;;;;;;;;;
XIN_socialist;Socialist Party;Parti socialiste;Sozialistische Partei;;Partido Socialista;;;;;;;;;
XIN_communist;Chinese Communist Party;Parti communiste chinois;Kommunistische Partei China;;Partido Comunista Chino;;;;;;;;;
XIN_liberal;Liberal Party;Parti libéral;Liberale Partei;;Partido Liberal;;;;;;;;;
XIN_conservative;Kuomintang Faction;Faction Kuomintang;Guomintang-Fraktion;;Facción Kuomintang;;;;;;;;;
XIN_fascist;Fascist Party;Parti fasciste;Faschistische Partei;;Partido Fascista;;;;;;;;;
XIN_radical;Freedom Party;Parti de la liberté;Freiheitspartei;;Partido Libertario;;;;;;;;;
TRADE_TOP_PRODUCERS;Top 5 producers:;Les 5 meilleurs producteurs :;Top 5-Produzenten:;;Los 5 productores más importantes:;;;;;;;;;
EVTNAME10001;An Age of Liberalism;Ère du libéralisme;Ein Zeitalter des Liberalismus;;Una época de Liberalismo;;;;;;;;;
EVTDESC10001;\n\nWhile_Napoleon_and_his_armies_has_been_defeated,_the_fundamental_ideas_of_the_French_Revolution_have_not_been._In_Germany_the_old_crowns_of_the_Holy_Roman_Empire_have_been_wrought_to_naught,_and_the_feudal_contracts_of_old_replaced_by_Napoleonic_civil_codes._Everywhere_in_Europe,_in_coffeehouses_and_universities,_the_ideas_of_liberalism,_political_reform,_freedom_of_speech,_and_the_rights_of_peoples,_rather_than_of_monarchs,_are_proving_again_the_old_proverb_that_there_is_no_stopping_an_idea_whose_time_has_come._Minorities_long_yoked_under_crowns_and_scepters,_are_waking_up_to_the_realization_that_fate_is_theirs_to_make,_and,_across_far_away_oceans,_the_riches_of_Africa_and_Asia_beckon._As_the_dust_settles_on_Waterloo,_Europe_stands_again_at_the_beginning_of_a_new_era:_An_age_of_Liberalism.;Alors_que_Napoléon_et_ses_armées_ont_été_vaincus,_les_idées_fondamentales_de_la_Révolution_française_perdurent._En_Allemagne,_les_vieilles_couronnes_du_Saint-Empire_romain_ont_été_réduites_à_néant_et_les_contrats_féodaux_d'antan_ont_été_remplacés_par_des_codes_civils_napoléoniens._Partout_en_Europe,_dans_les_cafés_comme_dans_les_universités,_les_idées_du_libéralisme,_de_la_réforme_politique,_de_la_liberté_d'expression_et_des_droits_des_citoyens_plutôt_que_des_droits_des_monarques_attestent_du_fait_que_le_temps_est_en_marche._Les_minorités,_longtemps_sous_le_joug_des_royautés,_se_réveillent_et_réalisent_que_leur_destin_est_entre_leurs_mains_et,_au-delà_des_océans,_les_richesses_de_l'Afrique_et_de_l'Asie_leur_tendent_les_bras._Alors_que_le_souvenir_de_Waterloo_s'estompe,_l'Europe_est_à_l'aube_d'une_ère_nouvelle_:\nl'ère_du_libéralisme.;Während_Napoleon_und_seine_Armeen_besiegt_wurden,_sind_die_fundamentalen_Ideen_der_französischen_Revolution_noch_sehr_wohl_am_Leben._In_Deutschland_wurden_die_Königshäuser_des_Heiligen_Römischen_Reichs_Deutscher_Nation_gestürzt_und_althergebrachte_feudale_Verträge_durch_napoleonisches_Bürgerrecht_ersetzt._Überall_in_Europa,_in_Kaffeehäusern_und_Universitäten,_beweisen_die_Ideen_von_Liberalismus,_politischen_Reformen,_Meinungsfreiheit_und_Bürgerrecht_im_Gegensatz_zum_monarchischen_Absolutismus_die_Wahrheit_der_alten_Redensart,_dass_nichts_eine_Idee_aufhalten_kann,_deren_Zeit_gekommen_ist._Lange_haben_Minderheiten_unter_dem_Joch_von_Kronen_und_Zeptern_gelitten._Nun_beginnen_sie_zu_realisieren,_dass_sie_selbst_über_ihre_eigene_Zukunft_bestimmten_können,_und_jenseits_riesiger_Ozeane_locken_die_Reichtümer_Afrikas_und_Asiens._Während_sich_der_Staub_über_Waterloo_langsam_setzt,_steht_Europa_schon_wieder_am_Beginn_eines_neuen_Zeitalters:_einem_Zeitalter_des_Liberalismus.;;Aunque_Napoleón_y_sus_ejércitos_han_sido_derrotados,_las_ideas_fundamentales_de_la_Revolución_Francesa_perduran._En_Alemania,_no_queda_nada_de_las_viejas_coronas_del_Sacro_Imperio_Romano,_y_los_antiguos_contratos_feudales_son_sustituidos_por_códigos_civiles_napoleónicos._En_toda_Europa,_desde_cafés_a_universidades,_las_ideas_del_liberalismo,_la_reforma_política,_la_libertad_de_expresión_y_los_derechos_de_las_gentes_en_vez_de_los_de_sus_monarcas_demuestran_el_viejo_proverbio_de_que_nada_puede_detener_una_idea_cuando_llega_su_momento._Las_minorías_que_durante_mucho_tiempo_han_estado_subyugadas_bajo_las_coronas_y_los_cetros,_están_empezando_a_darse_cuenta_de_que_de_ellas_depende_la_consecución_de_su_destino_y,_más_allá_de_los_océanos,_les_esperan_las_riquezas_de_África_y_Asia._Mientras_el_polvo_se_asienta_en_Waterloo,_Europa_se_levanta_de_nuevo_al_inicio_de_una_nueva_era:_una_época_de_liberalismo.;;;;;;;;;
EVTOPTA10001;We can expect increased liberal activity in the coming years;Les années à venir promettent d'intenses activités libérales.;In den kommenden Jahren können wir stärkerer liberale Aktivitäten erwarten.;;Podemos esperar un aumento de la actividad liberal en los próximos años.;;;;;;;;;
EVTNAME10105;Potato Famine Debated;Grande Famine débattue;Kartoffel-Hungersnot debattiert;;La hambruna de la patata a debate;;;;;;;;;
EVTDESC10105;\n\nAnd_while_our_people_still_labor_under_ghastly_conditions_in_the_fields,_what_has_our_government_done_to_relieve_the_starving_farmers_affected_this_very_year_by_the_dreaded_Potato_blight?_Economic_freedom_could_allow_for_the_import_of_ersatz_foodstuffs,_but_privileges_long_established_must,_apparently,_be_maintained.'\n\nLiberal_sympathizers_have_come_out_of_the_woodwork_both_locally_and_in_parliament,_criticizing_our_government_for_its_inability_to_handle_the_Potato_Blight_that_recently_struck_one_of_our_provinces._If_the_liberals_become_too_strong,_they_may_very_well_conspire_again_to_ferment_revolution._We_should_also_consider_dispatching_troops_to_provinces_where_we_see_Liberal_Agitation.;Et_alors_que_les_nôtres_s'échinent_aux_champs_que_fait_notre_gouvernement_pour_venir_en_aide_aux_fermiers_qui_meurent_de_faim_en_cette_période_de_famine_?_La_liberté_économique_permet_l'importation_de_denrées_alimentaires,_mais_visiblement,_les_privilèges_établis_depuis_longtemps_doivent_perdurer._\n\nLes_sympathisants_libéraux_sont_sortis_d'on_ne_sait_où,_localement_et_au_parlement,_et_ont_critiqué_notre_gouvernement_pour_son_incapacité_à_juguler_le_mildiou_de_la_pomme_de_terre_qui_a_récemment_frappé_l'une_de_nos_provinces._Si_les_libéraux_deviennent_trop_puissants,_ils_pourraient_bien_conspirer_en_faveur_d'une_révolution._Nous_devrions_également_envisager_l'envoi_de_troupes_dans_les_provinces_où_les_libéraux_s'agitent.;Und_was_hat_unsere_Regierung_getan,_um_den_Hunger_leidenden_Bauern_zu_helfen,_die_Jahr_für_Jahr_von_dieser_fürchterlichen_Kartoffelplage_getroffen_werden_und_unter_entsetzlichen_Bedingungen_auf_den_Feldern_schuften?_Handelsfreiheit_könnte_den_Import_von_anderen_Lebensmitteln_ermöglichen,_aber_anscheinend_müssen_seit_Langem_geltende_Privilegien_beibehalten_werden.'\n\nLiberale_Sympathisanten_sind_vor_Ort_und_im_Parlament_aus_ihren_Löchern_gekrochen_und_kritisieren_unsere_Regierung_dafür,_der_Kartoffelplage,_die_vor_Kurzem_eine_unserer_Provinzen_getroffen_hat,_nicht_Einhalt_bieten_zu_können._Wenn_die_Liberalen_zu_stark_werden,_könnten_sie_durchaus_wieder_eine_Revolution_anzetteln._Wir_sollten_uns_überlegen,_Truppen_in_Provinzen_zu_entsenden,_in_denen_wir_liberale_Bewegungen_ausmachen.;;Y_mientras_nuestra_gente_sigue_cultivando_las_tierras_en_condiciones_espantosas,_¿qué_ha_hecho_nuestro_gobierno_para_aliviar_a_los_famélicos_granjeros_afectados_este_año_por_la_temida_plaga_de_la_patata?_La_libertad_económica_podría_permitir_a_los_importadores_de_alimentos_sucedáneos,_pero_los_privilegios_establecidos_durante_largo_tiempo_deben,_aparentemente,_mantenerse.\nLos_simpatizantes_liberales_han_aparecido_después_de_un_largo_letargo,_tanto_a_nivel_local_como_en_el_parlamento,_criticando_a_nuestro_gobierno_por_su_incapacidad_para_manejar_la_plaga_de_la_patata_que_recientemente_sobrevino_en_una_de_nuestras_provincias._Si_los_liberales_se_vuelven_demasiado_fuertes,_es_posible_que_vuelvan_a_conspirar_para_fermentar_la_revolución._Deberíamos_considerar_la_posibilidad_de_enviar_tropas_a_las_provincias_donde_exista_agitación_liberal.;;;;;;;;;
EVTOPTA10105;Suppress them in parliament and hope that the countryside stays calm;Évincez-les du parlement en espérant que les campagnes restent calmes.;Unterdrückt sie im Parlament. Hoffentlich bleibt es auf dem Land dann ruhig.;;Suprimidlos en el parlamento. Esperemos que el campo se mantenga en calma.;;;;;;;;;
EVTOPTB10105;Let them have their say in parliament, and the effects might dissipate;Laissez-les s'exprimer au parlement. La situation devrait s'arranger.;Lasst sie im Parlament zu Wort kommen. Die Effekte ihrer Reden könnten sich im Wind verlaufen.;;Dejémosles hablar en el parlamento y los efectos podrían disiparse.;;;;;;;;;
EVTOPTB10120;Censor the paper;Censurez le journal.;Zensiert die Zeitung;;Censura del periódico;;;;;;;;;
EVTNAME10110;The Watch on $CAPITAL$;Manifestations à $CAPITAL$;Die Wacht in $CAPITAL$;;La vigilancia en $CAPITAL$;;;;;;;;;
EVTDESC10110;\n\nFast_and_true_stands_the_guard_in_$CAPITAL$,_at_least_if_a_local_poet_is_to_be_believed._A_poetical_pamphlet_decrying_the_state_of_our_nation,_its_political_backwardness_and_oppression,_has_inflamed_feelings_in_one_of_our_states._All_around_$COUNTRY$_cries_for_national_unity_can_be_heard,_as_liberals_take_to_the_streets_protesting_the_old_order,_calling_for_national_unification_with_our_cultural_brethren_in_other_countries,_and_a_liberalization_of_our_political_system._We_should_consider_dispatching_troops_to_provinces_where_Liberal_Agitation_is_present.;La_garde_est_fidèle_et_inébranlable_à_$CAPITAL$,_s'il_faut_en_croire_un_poète_local._Un_pamphlet_poétique_dénonçant_l'état_de_notre_nation,_son_retard_politique_et_l'oppression,_a_enflammé_les_sentiments_dans_un_de_nos_Etats._Tout_autour_de_$COUNTRY$,_des_appels_à_l'unité_nationale_peuvent_être_entendus,_les_libéraux_dans_la_rue_protestent_contre_l'ordre_ancien,_appelant_à_l'unification_nationale_avec_nos_frères_culturels_d'autres_pays,_et_à_une_libéralisation_de_notre_système_politique._Nous_devrions_envisager_l'envoi_de_troupes_dans_les_provinces_où_l'agitation_des_libéraux_est_présente._;Standhaft_und_treu_steht_die_Wacht_in_$CAPITAL$,_zumindest_wenn_man_einem_lokalen_Dichter_Glauben_schenken_möchte._In_einem_unserer_Staaten_hat_ein_poetisches_Pamphlet_über_den_Zustand_unserer_Nation,_ihrer_politischen_Rückständigkeit_und_über_Unterdrückung_die_Gefühle_hochkochen_lassen._Liberale_protestieren_auf_den_Straßen_gegen_das_alte_Regime_und_überall_in_$COUNTRY$_werden_Rufe_nach_nationaler_Einheit_laut._Die_Demonstranten_verlangen_die_Vereinigung_mit_unseren_kulturellen_Brüdern_in_anderen_Ländern_und_die_Liberalisierung_unseres_politischen_Systems._Wir_sollten_uns_überlegen,_Truppen_in_Provinzen_zu_entsenden,_in_denen_wir_liberale_Bewegungen_ausmachen.;;Firme_y_atenta_se_mantiene_la_guardia_en_$CAPITAL$,_al_menos_según_las_palabras_de_un_poeta_local._Un_panfleto_poético_que_desprestigia_el_estado_de_nuestra_nación,_su_atraso_político_y_opresión,_ha_inflamado_los_sentimientos_en_uno_de_nuestros_estados._A_lo_largo_de_$COUNTRY$_pueden_oírse_los_gritos_pidiendo_la_unidad_nacional,_ya_que_los_liberales_han_tomado_las_calles_protestando_por_el_antiguo_orden,_llamando_a_una_unificación_nacional_con_nuestros_hermanos_culturales_de_otros_países_y_a_una_liberalización_de_nuestro_sistema_político._Deberíamos_considerar_el_envío_de_tropas_a_las_provincias_en_las_que_exista_agitación_liberal.;;;;;;;;;
EVTOPTA10110;Bloody revolutionaries.;Maudits révolutionnaires.;Verdammte Revolutionäre.;;Malditos revolucionarios.;;;;;;;;;
EVTOPTB10110;The old order must be defended!;L'ordre établi doit être défendu !;Das alte Regime muss verteidigt werden!;;¡El antiguo orden debe ser defendido!;;;;;;;;;
EVTOPTB10130;Suppress the society;Neutraliser la société;Unterdrückt die Gesellschaft;;Suprimid la sociedad.;;;;;;;;;
EVTOPTB10140;Pass a local ordnance against it;Passer une loi d'interdiction en ce sens;Verabschiedet eine lokale Verordnung gegen sie.;;Promulgad una ordenanza local en su contra.;;;;;;;;;
EVTNAME10260;Agitation Suppressed;Agitation neutralisée;Bewegung unterdrückt;;Agitación suprimida;;;;;;;;;
EVTDESC10260;The_presence_of_a_sizable_army_contingent_in_$PROVINCENAME$_has_caused_liberal_agitation_and_revolutionary_talk,_which_could_just_up_until_now_be_heard_on_almost_every_street_corner,_to_die_down.;La_présence_d'un_contingent_militaire_en_$PROVINCENAME$_a_entraîné_une_agitation_libérale_et_des_propos_révolutionnaires_se_font_entendre_à_chaque_coin_de_rue._Il_faut_que_cela_se_calme.;Die_Gegenwart_eines_beträchtlichen_Armeekontingents_in_$PROVINCENAME$_hat_die_liberalen_Aufrührer_und_das_Gerede_über_Revolutionen,_das_man_bislang_an_fast_jeder_Straßenecke_hören_konnte,_verstummen_lassen,.;;La_presencia_de_un_gran_contingente_del_ejército_en_$PROVINCENAME$_ha_provocado_el_fin_de_la_agitación_liberal_y_las_habladurías_revolucionarias,_que_hasta_ahora_podían_oírse_casi_en_cada_esquina.;;;;;;;;;
EVTOPTA10260;Excellent!;Excellent !;Hervorragend!;;¡Excelente!;;;;;;;;;
EVTNAME14000;$COUNTRY_ADJ$ Trade Policy;Politique commerciale;$COUNTRY_ADJ$ Handelspolitik;;Política comercial $COUNTRY_ADJ$;;;;;;;;;
EVTNAME14000_sub;A Heated Debate in $COUNTRY$;Un débat animé en $COUNTRY$;Eine hitzige Debatte in $COUNTRY$;;Un debate acalorado en $COUNTRY$;;;;;;;;;
EVTDESC14000;\n\nThe_intensive_election_campaign_has_reached_the_boiling_point_in_$COUNTRY$,_where_a_fierce_trade_policy_debate_pits_the_friends_of_free_trade_against_the_pals_of_protectionism_in_a_rough_rumble-and-tumble_to_determine_the_future_of_our_nation's_traders._Free-traders_argue_that_goods_must_be_allowed_to_freely_cross_all_borders,_while_protectionists_argue_that_our_nation's_fragile_industries_need_protection_from_dangerous_foreign_competition_threatening_to_undo_them._Which_path_will_$COUNTRY$_tread,_as_it_decides_on:_Free_trade,_or_Protectionism?_We_report,_you_decide.;La_politique_commerciale_domine_les_débats_de_l'intense_campagne_électorale_qui_se_déroule_en_$COUNTRY$._Ce_débat_oppose_les_partisans_du_libre-échange_à_ceux_du_protectionnisme._Les_libre-échangistes_estiment_que_les_marchandises_doivent_circuler_librement_tandis_que_les_protectionnistes_pensent_que_les_industries_de_notre_nation_sont_fragiles_et_doivent_être_protégées_de_la_redoutable_concurrence_étrangère_qui_menace_leur_existence._Quelle_voie_le_pays_doit-il_suivre_:_celle_du_libre-échange_ou_celle_du_protectionnisme_?_À_vous_de_décider.;Der_intensiv_geführte_Wahlkampf_in_$COUNTRY$_hat_seinen_Siedepunkt_erreicht:_Bei_einer_wilden_Debatte_über_die_Handelspolitik,_in_der_es_um_die_Zukunft_der_Händler_unserer_Nation_geht,_stehen_die_Freihandels-Befürworter_den_Freunden_des_Protektionismus_gegenüber._Die_Freihandels-Befürworter_argumentieren_damit,_dass_der_Güterverkehr_ungehindert_über_alle_Grenzen_laufen_muss,_während_Protektionisten_behaupten,_die_schwache_Industrie_unserer_Nation_müsse_vor_der_gefährlichen_ausländischen_Konkurrenz_geschützt_werden._Für_was_wird_sich_$COUNTRY$_entscheiden:_Freihandel_oder_Protektionismus?_Wir_berichten,_Sie_entscheiden.;;La_campaña_electoral_intensiva_ha_alcanzado_su_punto_más_álgido_en_$COUNTRY$,_donde_un_encendido_debate_sobre_la_política_comercial_ha_enfrentado_a_los_simpatizantes_del_libre_comercio_contra_los_que_apoyan_el_proteccionismo_en_una_lucha_por_determinar_el_futuro_de_los_comerciantes_de_nuestra_nación._Los_que_abogan_por_el_libre_comercio_argumentan_que_las_mercancías_deben_cruzar_las_fronteras_libremente,_mientras_que_los_proteccionistas_defienden_que_las_industrias_frágiles_de_nuestra_nación_necesitan_protección_frente_a_una_competencia_extranjera_fuerte_que_amenace_destruirlas._¿Qué_camino_tomará_$COUNTRY$,_el_del_libre_comercio_o_el_del_proteccionismo?_Nosotros_informamos,_usted_decide.;;;;;;;;;
EVTOPTA14000;Our trade must be protected from destructive foreign competition;Notre commerce doit être protégé des dangers de la concurrence étrangère.;Unser Handel muss vor der zerstörerischen ausländischen Konkurrenz geschützt werden.;;Debemos proteger nuestro comercio de la competencia extranjera destructiva.;;;;;;;;;
EVTOPTB14000;Some protective measures are in order to safe-guard our industry;Quelques mesures de protection peuvent être prises pour sauvegarder notre industrie.;Zur Absicherung unserer Industrie sind einige Schutzmaßnahmen durchaus angebracht.;;Hemos tomado algunas medidas protectoras para salvaguardar nuestra industria.;;;;;;;;;
EVTOPTC14000;Let the debate take its own course, and let the chips fall where they may!;Laissons le débat se poursuivre tranquillement et nous aviserons !;Lasst die Debatte ihren Lauf nehmen - egal, wie sie ausgeht!;;¡Que el debate siga su propio camino, y que sea lo que Dios quiera!;;;;;;;;;
EVTOPTD14000;It is imperative that our merchants be allowed to travel freely;Il est impératif que nos marchands soient autorisés à voyager librement.;Unsere Händler müssen uneingeschränkt reisen dürfen!;;Es imperativo que a nuestros comerciantes se les permita viajar libremente.;;;;;;;;;
EVTOPTE14000;Freedom and liberty of trade shall not perish from this Earth!;La liberté du commerce ne doit pas disparaître de cette terre !;Die Freiheit und Handelsfreiheit wird nicht von dieser Welt verschwinden!;;¡La libertad y el libre comercio no desaparecerán de esta Tierra!;;;;;;;;;
EVTNAME14010;The Future of the Economy;L'avenir de l'économie;Die Zukunft der Wirtschaft;;El futuro de la economía;;;;;;;;;
EVTNAME14010_sub;Economic policy debated in $COUNTRY$;Politique économique débattue;Debatte über Wirtschaftspolitik in $COUNTRY$;;La política económica en $COUNTRY$;;;;;;;;;
EVTDESC14010;\n\nThe_election_debates_in_$COUNTRY$_have_been_going_on_for_a_few_days_now,_and_the_issue_that_seems_to_be_becoming_the_determining_one_for_the_outcome_of_the_election_is,_perhaps_unsurprisingly,_the_economy._Several_theories_are_being_advanced,_but_the_voters_want_a_clear_statement_on_government_policy._How_will_the_government_make_sure_that_every_$COUNTRY_ADJ$_citizen_has_a_chicken_in_his_pot,_during_the_coming_term_in_office?;Les_débats_électoraux_en_$COUNTRY$_durent_depuis_plusieurs_jours_maintenant_et_le_sujet_qui_semble_être_le_plus_déterminant_pour_le_résultat_des_élections_est,_sans_surprise,_l'économie._Plusieurs_théories_sont_avancées,_mais_les_électeurs_attendent_une_déclaration_claire_sur_la_politique_gouvernementale._Comment_le_gouvernement_vérifiera-t-il_que_tous_les_citoyens_$COUNTRY_ADJ$_subviennent_à_leurs_besoins_alimentaires_au_cours_du_trimestre_à_venir_?;Die_Wahldebatten_in_$COUNTRY$_ziehen_sich_jetzt_schon_seit_ein_paar_Tagen_hin._Dabei_geht_es,_wohl_auch_entscheidend_für_die_Wahlen,_wenig_überraschend_um_die_Wirtschaft._Diesbezüglich_wurden_mehrere_Theorien_vorgestellt,_aber_die_Wähler_möchten_eine_klare_Stellungnahme_zur_Regierungspolitik._Wie_wird_die_Regierung_während_der_nächsten_Amtszeit_dafür_sorgen,_dass_jeder_$COUNTRY_ADJ$_Bürger_einen_Braten_auf_dem_Tisch_hat?;;Las_elecciones_que_se_debaten_en_$COUNTRY$_duran_ya_unos_días,_y_el_asunto_que_parece_estar_convirtiéndose_en_determinante_para_el_resultado_de_las_elecciones_sorprende_quizás_poco,_ya_que_se_trata_de_la_economía._Se_han_avanzado_varias_teorías,_pero_los_votantes_reclaman_una_clara_afirmación_de_cuál_será_la_política_del_gobierno._¿Cómo_va_el_gobierno_a_asegurarse_de_que_cada_habitante_de_$COUNTRY$_tiene_un_pollo_en_la_cazuela_durante_el_próximo_mandato?;;;;;;;;;
EVTOPTA14010;Decisive arguments for Laissez Faire;Arguments décisifs en faveur du Laissez-faire;Entscheidende Argumente für Laissez Faire;;Argumentos decisivos para la política no intervencionista;;;;;;;;;
EVTOPTB14010;Decisive arguments for Interventionism;Arguments décisifs en faveur de l'interventionnisme;Entscheidende Argumente für Interventionismus;;Argumentos decisivos para el intervencionismo;;;;;;;;;
EVTOPTC14010;Decisive arguments for State Capitalism;Arguments décisifs en faveur du capitalisme d'État;Entscheidende Argumente für Staatskapitalismus;;Argumentos decisivos para el capitalismo de estado;;;;;;;;;
EVTOPTD14010;Decisive arguments for Planned Economy;Arguments décisifs en faveur de l'économie planifiée;Entscheidende Argumente für Planwirtschaft;;Argumentos decisivos para la economía planificada;;;;;;;;;
EVTNAME14020;Gods, Guns & Men;Les dieux, les hommes et les armes;Güter, Waffen & Männer;;Dioses, armas y hombres;;;;;;;;;
EVTNAME14020_sub;Religious policy debated in $COUNTRY$;Politique religieuse débattue;Debatte über Religionspolitik in $COUNTRY$;;La política religiosa en $COUNTRY$;;;;;;;;;
EVTDESC14020;\n\nThe_morality_and_virtue_of_our_people_has_started_to_decline!'_The_statement_caused_much_stir_among_the_debaters_of_toleration_and_religious_plurality,_on_the_campaign_trail_in_$COUNTRY$._Many_have_begun_questioning_the_country's_view_on_religion,_and_there_is_no_doubt_that_these_issues_will_play_their_part_in_the_coming_election.;La_moralité_et_la_vertu_de_notre_peuple_ont_commencé_à_décliner_!_Cette_affirmation_a_fait_sensation_parmi_les_participants_au_débat_sur_la_tolérance_et_la_pluralité_religieuse_de_la_campagne_en_$COUNTRY$._Beaucoup_ont_commencé_à_s'interroger_sur_la_vision_du_pays_vis-à-vis_de_la_religion_et_nul_doute_que_cette_question_jouera_un_rôle_important_dans_l'élection_à_venir.;Die_Sittlichkeit_und_Tugend_unseres_Volkes_sinkt!'_Diese_Aussage_sorgte_für_Aufruhr_unter_den_Debattierenden_beim_Wahlkampf_in_$COUNTRY$,_die_über_Toleranz_und_religiöse_Pluralität_diskutierten._Viele_haben_begonnen,_den_Standpunkt_der_Regierung_bezüglich_religiösen_Fragen_zu_hinterfragen,_und_diese_Fragen_werden_bei_der_bevorstehenden_Wahl_sicherlich_eine_nicht_unbedeutende_Rolle_spielen.;;¡La_moralidad_y_la_virtud_de_nuestra_gente_han_empezado_a_decaer!_La_declaración_ha_causado_mucho_revuelo_entre_los_que_debaten_la_tolerancia_y_la_pluralidad_religiosa_en_la_campaña_seguida_en_$COUNTRY$._Muchos_han_empezado_a_cuestionarse_el_tema_de_la_religión_en_el_país,_y_no_hay_duda_de_que_asuntos_como_este,_tendrán_su_peso_en_las_próximas_elecciones.;;;;;;;;;
EVTOPTA14020;There are no Gods!;Il n'y a aucun dieu !;Es gibt keine Götter!;;¡No hay dioses!;;;;;;;;;
EVTOPTB14020;Religion is not a political issue!;La religion n'est pas une question politique !;Religion ist keine politische Angelegenheit!;;¡La religión no es un asunto político!;;;;;;;;;
EVTOPTC14020;Let the people have their faith.;Les gens sont libres de leurs croyances.;Lasst die Leute ihren Glauben haben.;;Dejad que la gente tenga su fe.;;;;;;;;;
EVTOPTD14020;There is one faith and one faith only!;Il n'y a qu'une seule religion !;Es kann nur einen einzigen Glauben geben!;;¡Solo existe una única fe!;;;;;;;;;
EVTNAME14030;Citizens & The Res Publica;Les citoyens et Res Publica;Bürger & Die Res Publica;;Los ciudadanos y La Res Publica;;;;;;;;;
EVTNAME14030_sub;Citizenship Policy Debated in $COUNTRY$;Débat sur la citoyenneté en $COUNTRY$;Debatte über Bürgerrechtspolitik in $COUNTRY$;;La política ciudadana en $COUNTRY$;;;;;;;;;
EVTDESC14030;\n\nTwo_debaters_are_arguing_heatedly_in_the_qualmy_air_of_the_town_hall_The_audience_sits_dumbfounded_as_words_like_'aliens',_'minorities',_and_'ethnic_and_cultural_groups'_are_thrown_between_the_two._One_argues_that_immigrants_are_to_adopt_the_dominant_culture_of_their_new_homeland,_while_his_opponent_believes_that_immigrants_should_retain_their_cultural_heritage,_and_that_$COUNTRY$_will_be_strengthened_by_the_influx_of_a_fresh_perspective..;Deux_débatteurs_ont_échangé_de_vifs_propos_dans_le_paisible_hôtel_de_ville._Les_autres_participants_sont_restés_abasourdis_lorsque_des_mots_comme_étrangers,_minorités,_groupes_ethniques_et_culturels_ont_été_prononcés._Pour_l'un_des_deux,_les_immigrés_doivent_s'adapter_à_la_culture_dominante_de_leur_nouveau_pays_et_pour_l'autre,_ils_doivent_conserver_leur_héritage_culturel,_arguant_du_fait_que_la_nation_de_$COUNTRY$_sortira_renforcée_par_l'arrivée_de__perspectives_nouvelles.;Zwei_Debattierer_liefern_sich_in_der_verqualmten_Luft_der_Stadthalle_ein_hitziges_Wortgefecht._Das_Publikum_sitzt_sprachlos_da,_als_Wörter_wie_'Ausländer',_'Minderheiten'_und_'ethnische_und_kulturelle_Gruppen'_fallen._Der_eine_argumentiert_damit,_dass_Einwanderer_die_dominierende_Kultur_ihres_neuen_Heimatlandes_annehmen_müssen,_während_sein_Kontrahent_der_Ansicht,_dass_sich_Einwanderer_ihr_kulturelle_Erbe_bewahren_sollten,_und_dass_$COUNTRY$_durch_den_Zustrom_frischer_Perspektiven_gestärkt_werden_würde.;;Dos_tertulianos_discuten_acaloradamente_en_el_entorno_tranquilo_del_ayuntamiento._La_audiencia_está_estupefacta_mientras_entre_ellos_esgrimen_palabras_del_tipo_'extranjeros',_'minorías'_y_'grupos_étnicos_y_culturales'._Uno_sostiene_que_los_inmigrantes_tienen_que_adoptar_la_cultura_dominante_de_su_nuevo_hogar,_mientras_que_su_oponente_afirma_que_los_inmigrantes_deberían_conservar_su_herencia_cultural,_y_que_$COUNTRY$_se_fortalecerá_por_el_influjo_de_una_nueva_perspectiva...;;;;;;;;;
EVTOPTA14030;Give them residency.;Les autoriser à résider dans le pays;Lasst sie bei uns wohnen.;;Dadles la residencia.;;;;;;;;;
EVTOPTB14030;We need to limit their citizenship.;Nous devons limiter leur citoyenneté.;Wir müssen ihre Bürgerrechte einschränken.;;Necesitamos limitar su ciudadanía.;;;;;;;;;
EVTOPTC14030;Let them have full citizenship.;Ils doivent devenir des citoyens à part entière.;Sie sollen volle Bürgerrechte genießen.;;Dejémosles ser ciudadanos de pleno derecho.;;;;;;;;;
REMOVE_EVTNAME14040;Love & War in $COUNTRY$;Amour et guerre en $COUNTRY$;Liebe & Krieg in $COUNTRY$;;Amor y guerra en $COUNTRY$;;;;;;;;;
EVTNAME14040_sub;War Policy Debated in Local Election;Politique belliciste débattue lors d'élection locale;Debatte über Kriegspolitik bei Lokalwahl;;La política militar a debate en las elecciones locales.;;;;;;;;;
EVTDESC14040;\n\nOpponents_and_proponents_of_the_military_and_the_armed_forces_are_taking_sides_for_the_coming_election._While_militarists_argue_that_increased_tension_in_the_world,_and_arms_races_between_several_of_the_Great_Powers,_are_reason_enough_to_maintain_a_strong_$COUNTRY_ADJ$_military._Others_are_less_convinced,_and_see_the_military_expenses_as_excesses_on_part_of_the_government.;Opposants_et_partisans_des_forces_armées_prennent_position_pour_l'élection_à_venir._Les_militaristes_mettent_en_avant_le_fait_que_les_tensions_croissantes_partout_dans_le_monde_et_la_course_à_l'armement_entre_plusieurs_Grandes_Puissances_sont_autant_de_raisons_de_conserver_une_puissante_armée_$COUNTRY_ADJ$._Les_antimilitaristes_n'en_sont_pas_convaincus_et_jugent_les_dépenses_militaires_comme_excessives_de_la_part_du_gouvernement.;Im_Vorfeld_der_bevorstehenden_Wahlen_spalten_sich_die_Lage_bezüglich_der_Streitkräfte._Militaristen_behaupten,_die_steigenden_Spannungen_auf_der_Welt_und_das_Wettrüsten_zwischen_den_Großmächten_seien_Grund_genug_dafür,_um_die_Mannstärke_des_$COUNTRY_ADJ$_Militärs_beizubehalten._Andere_sind_davon_weniger_überzeugt_und_sehen_die_Militärausgaben_als_Exzesse_der_Regierung_an.;;Los_oponentes_y_los_partidarios_de_las_fuerzas_armadas_y_los_militares_están_tomando_partido_para_las_próximas_elecciones._Los_militaristas_sostienen_que_la_tensión_acumulada_en_el_mundo_y_las_carreras_armamentísticas_entre_varios_de_las_grandes_potencias_son_razones_más_que_suficientes_para_mantener_un_poderoso_ejército_en_$COUNTRY$._Otros,_menos_convencidos,_piensan_que_el_gasto_militar_no_es_más_que_otro_exceso_del_propio_gobierno.;;;;;;;;;
EVTOPTA14040;We are patriots and we are going to fight for our country!;Nous sommes des patriotes et nous allons combattre pour notre pays !;Wir sind Patrioten und wir werden für unser Land kämpfen!;;¡Somos patriotas y vamos a luchar por nuestro país!;;;;;;;;;
EVTOPTB14040;We need to maintain constant vigilance in foreign affairs;Nous devons surveiller de près les affaires étrangères;Wir müssen bei unserer Außenpolitik stets wachsam bleiben.;;Tenemos que mantener una vigilancia constante en los asuntos exteriores.;;;;;;;;;
EVTOPTC14040;War between countries is never good.;La guerre n'est jamais une bonne solution.;Ein Krieg zwischen Ländern ist nie gut.;;¡La guerra entre países nunca es buena!;;;;;;;;;
EVTOPTD14040;War is a fundamental evil that must be avoided;La guerre est un mal qui doit être évité;Krieg ist das Böse an sich und muss vermieden werden!;;La guerra es un mal fundamental que debe evitarse.;;;;;;;;;
EVTNAME14050;Imports, Exports & Tariffs;Import, export & droits de douane;Importe, Exporte & Zölle;;Importar, exportar y aranceles;;;;;;;;;
EVTNAME14050_sub;Tariff Policies Debated in $COUNTRY$;Politique sur les droits de douane débattue;Debatte über Zollpolitik in $COUNTRY$;;Política de aranceles en $COUNTRY$;;;;;;;;;
EVTDESC14050;\n\nSmuggling_has_become_a_problem_since_$COUNTRY$_raised_a_local_Sales_&_Transfer_tariff_on_several_important_trade_goods,_and_the_issue_has_become_a_point_of_contention_in_the_coming_election._Several_arguments_are_being_put_forth_on_the_issue.;La_contrebande_est_devenue_un_vrai_problème_depuis_que_$COUNTRY$_a_augmenté_ses_droits_de_douane_sur_différents_biens_et_cette_question_est_une_pomme_de_discorde_pour_l'élection_à_venir._En_la_matière,_plusieurs_arguments_sont_mis_en_avant.;Seit_in_$COUNTRY$_Zölle_für_den_Verkauf_und_Transfer_mehrerer_wichtiger_Handelsgüter_gelten,_hat_sich_Schmuggeln_zu_einem_Problem_entwickelt,_um_das_im_Vorfeld_der_bevorstehenden_Wahlen_gestritten_werden_wird._Hinsichtlich_dieser_Problematik_wurden_mehrere_Argumente_vorgebracht:;;El_contrabando_se_ha_convertido_en_un_problema_desde_que_$COUNTRY$_elevase_los_aranceles_de_ventas_y_transferencias_locales_en_el_comercio_de_varias_mercancías_importantes,_y_el_asunto_se_ha_convertido_en_un_punto_de_debate_para_las_próximas_elecciones._Se_han_desencadenado_varias_discusiones_acerca_de_este_asunto.;;;;;;;;;
EVTOPTA14050;Raise the tariffs!;Augmenter les droits de douane !;Hebt die Zölle an!;;¡Subid los aranceles!;;;;;;;;;
EVTOPTB14050;Lower the tariffs on those goods and raise it on some others.;Baisser les droits de douane sur ces biens et les augmenter sur d'autres;Senkt die Zölle auf diese Güter und hebt sie für andere an.;;Bajad los aranceles en esas mercancías y subidlos en otras.;;;;;;;;;
EVTOPTC14050;Leave the tariffs as they were.;Ne pas modifier les droits de douane;Lasst die Zölle so, wie sie sind.;;Dejar los aranceles como estaban.;;;;;;;;;
EVTOPTD14050;Lower the tariffs just a bit.;Baisser légèrement les droits de douane;Senkt die Zölle, aber nur ein bisschen.;;Bajad los aranceles solo un poco.;;;;;;;;;
EVTOPTE14050;We need to lower the tariffs altogether.;Nous devons baisser les droits de douane;Wir müssen das allgemeine Zollniveau senken.;;Tenemos que bajar los aranceles.;;;;;;;;;
EVTNAME14060;Export and Import;Exportations et importations;Export und Import;;Exportación e importación;;;;;;;;;
EVTNAME14060_sub;$COUNTRY$ debates Trade Policy;Protectionnisme et libre échange débattus;Debatte über Protektionismus & Handelsfreiheit in $COUNTRY$;;$COUNTRY$ debate su política comercial;;;;;;;;;
EVTDESC14060;\n\nNew_foreign,_products_have_begun_to_out_compete_several_items_of_$COUNTRY$_produce,_and_some_citizens_report_increasing_difficulties_in_competing_with_imported_goods_on_the_market._The_issue_has_been_raised_by_local_politicians_in_debates_for_the_upcoming_election.;Les_nouveaux_produits_font_du_tort_à_ceux_de_$COUNTRY$_et_les_citoyens_ont_de_plus_en_plus_de_mal_à_concurrencer_les_biens_importés_sur_le_marché._Cette_question_a_été_soulevée_par_des_politiciens_locaux_au_cours_de_débats_pour_l'élection_à_venir.;Neue_ausländische_Produkte_haben_damit_beginnen,_mehrere_Produkte_aus_$COUNTRY$_auszustechen,_und_manche_Bürger_berichten_von_zunehmenden_Problemen,_auf_dem_Markt_mit_Importgütern_konkurrieren_zu_können._Im_Vorfeld_der_bevorstehenden_Wahlen_wurde_dieses_Problem_in_Debatten_von_lokalen_Politikern_aufgegriffen.;;Nuevos_productos_extranjeros_han_empezado_a_competir_con_varios_artículos_que_produce_$COUNTRY$,_y_algunos_habitantes_informan_de_las_dificultades_crecientes_por_tener_que_competir_con_productos_importados_en_el_mercado._El_asunto_lo_han_planteado_los_políticos_locales_en_ciertos_debates_de_las_próximas_elecciones.;;;;;;;;;
EVTOPTA14060;Free trade ensures our long-term competitive edge;Le libre échange nous permet de conserver un avantage sur le long-terme.;Die Handelsfreiheit sichert unsere Konkurrenzfähigkeit langfristig.;;El libre comercio no asegura el mantenimiento de nuestro margen competitivo.;;;;;;;;;
EVTOPTB14060;Essentially, free trade is to be preferred;Substantiellement, le libre échange est privilégié.;Prinzipiell sollte die Handelsfreiheit bevorzugt werden.;;Esencialmente, prefieren el libre comercio.;;;;;;;;;
EVTOPTC14060;Free trade is our best guarantor of prosperity;Le libre échange est notre meilleur gagne de prospérité.;Die Handelsfreiheit ist unser bester Garant für Wohlstand.;;El libre comercio es nuestro mejor garante de prosperidad.;;;;;;;;;
EVTOPTD14060;Local markets should, in some instances, be protected;Les marchés locaux devraient, dans certains cas, être protégés.;Local markets should, in some instances, be protected;;Los mercados locales deberían protegerse en algunos casos.;;;;;;;;;
EVTOPTE14060;Local markets must always be shielded from foreign competition;Les marchés locaux doivent systématiquement être protégés de la concurrence étrangère.;Die lokalen Märkte müssen von der ausländischen Konkurrenz abgeschirmt werden.;;Los mercados locales deben protegerse siempre de la competencia extranjera.;;;;;;;;;
EVTNAME14070;Monopolies & Privileges;Monopoles et privilèges;Monopole & Privilegien;;Monopolios y privilegios;;;;;;;;;
EVTNAME14070_sub;Economy debated in $COUNTRY$!;Polémique sur l'économie locale !;Debatte über Wirtschaftspolitik in $COUNTRY$;;¡La economía a debate en $COUNTRY$!;;;;;;;;;
EVTDESC14070;\n\nMerchants_from_$COUNTRY$_are_arguing_with_the_minister_of_finance,_who_has_entertained_plans_of_a_nationalization_of_certain_private_industries._The_heated_discussion_have_reach_your_ears_and_you_try_to_cool_both_sides_down.;Les_marchands_de_$COUNTRY$_sont_en_conflit_avec_le_ministre_des_finances_qui_envisage_des_plans_de_nationalisation_de_certaines_industries_privées._Vous_avez_eu_vent_de_ce_débat_animé_et_tentez_d'apaiser_les_deux_camps.;Händler_aus_$COUNTRY$_streiten_sich_mit_dem_Finanzminister,_der_Plänen_zur_Verstaatlichung_bestimmter_privater_Industrien_hegt._Die_hitzige_Diskussion_ist_Ihnen_zu_Ohren_gekommen,_und_Sie_sollten_versuchen,_beide_Seiten_zu_beruhigen.;;Los_comerciantes_de_$COUNTRY$_están_debatiendo_con_el_ministro_de_finanzas,_que_ha_recibido_los_planes_de_nacionalización_de_ciertas_industrias_privadas._La_acalorada_discusión_ha_llegado_a_tus_oídos_e_intentas_calmar_los_ánimos_de_ambos_bandos.;;;;;;;;;
EVTOPTA14070;I see no reason to monopolize it.;Je ne vois aucune raison de créer un monopole.;Ich sehe keinen Grund für eine Monopolisierung.;;No veo razones para monopolizarlo.;;;;;;;;;
EVTOPTB14070;You both have great arguments, but we will not monopolize that.;Les deux camps ont des arguments convaincants, mais nous ne créerons pas de monopole.;Beide Seiten haben gute Argumente vorgebracht, doch eine Monopolisierung werden wir nicht unterstützen.;;Los dos tenéis razones de peso, pero no lo monopolizaremos.;;;;;;;;;
EVTOPTC14070;Let do and let pass, the world goes on by itself. No monopoly.;Laissons faire, le monde suit sa propre voie. Pas de monopole.;Was man auch macht, die Welt nimmt doch ihren Lauf. Kein Monopol.;;Vive y deja vivir, el mundo seguirá por su cuenta. Nada de monopolios.;;;;;;;;;
EVTOPTD14070;Great idea, but let me take a look at this first.;C'est une bonne idée mais qui mérite réflexion.;Gute Idee, aber damit muss ich mich erst eingehender befassen.;;Gran idea, pero déjame echarle un vistazo primero.;;;;;;;;;
EVTOPTE14070;That is a great idea. We will do that.;C'est une excellente idée. C'est ce que nous allons faire.;Das ist eine großartige Idee. Das werden wir machen.;;Es una gran idea. Haremos eso.;;;;;;;;;
EVTNAME14080;The Production Quota;Les quotas de production;Die Produktionsquote;;La cuota de producción;;;;;;;;;
EVTNAME14080_sub;State Capitalism debated in $COUNTRY$;Polémique sur le capitalisme d'État;Debatte über Staatskapitalismus in $COUNTRY$;;El capitalismo de estado en $COUNTRY$;;;;;;;;;
EVTDESC14080;\n\nThe_production_quota_is_too_high._We_will_never_be_able_to_reach_the_demand.'_The_other_farmers_stand_behind_him,_waiting._Their_weathered_faces_show_the_same_concern_and_determination_as_their_speaker.;Les_quotas_de_production_sont_trop_élevés._Nous_ne_parviendrons_jamais_à_satisfaire_la_demande._Les_autres_fermiers_attendent_derrière_lui,_leurs_visages_burinés_affichent_la_même_inquiétude_et_la_même_détermination_que_leur_porte-parole.;Die_Produktionsquote_ist_zu_hoch._Wir_werden_die_Vorgaben_niemals_erfüllen_können.'_Die_anderen_Bauern_stehen_wartend_hinter_ihm._Ihre_wettergegerbten_Gesichter_zeigen_dieselbe_Bestürzung_und_Entschlossenheit_wie_das_des_Sprechers.;;La_cuota_de_producción_es_demasiado_alta._Nunca_conseguiremos_alcanzar_la_demanda._Los_otros_granjeros_que_lo_apoyan,_esperan._Sus_rostros_curtidos_muestran_la_misma_preocupación_y_determinación_que_su_portavoz.;;;;;;;;;
EVTOPTA14080;Nonsense. The production quota will remain the same.;C'est absurde. Les quotas de production resteront les mêmes.;Unsinn. Die Produktionsquote bleibt unverändert.;;Tonterías. Se mantendrá la misma cuota de producción.;;;;;;;;;
EVTOPTB14080;You have nothing to worry about.;Vous n'avez aucune inquiétude à avoir.;Keine Sorge!;;No tenéis de qué preocuparos.;;;;;;;;;
EVTOPTC14080;We will deal with it if the production quota becomes a problem.;Nous interviendrons si les quotas de production posent problème.;Wir werden entsprechende Schritte einleiten, sollte die Produktionsquote zu einem Problem werden.;;Si la cuota de producción se convierte en un problema, lo solucionaremos.;;;;;;;;;
EVTOPTD14080;You might be right.;Vous avez peut-être raison.;Sie könnten Recht haben.;;Puede que tengáis razón.;;;;;;;;;
EVTOPTE14080;You are right.;Vous avez raison.;Sie haben Recht.;;Tenéis razón.;;;;;;;;;
EVTNAME14090;Local or State Economy;Économie d'État ou locale;Lokal- oder Staatswirtschaft;;Economía local o de estado;;;;;;;;;
EVTNAME14090_sub;Regionalism & Interventionism debated;Débat régionalisme et interventionnisme !;Debatte über Regionalismus & Interventionismus in $COUNTRY$;;Regionalismo e intervencionismo a debate;;;;;;;;;
EVTDESC14090;\n\nA_debate_has_flared_up_in_the_local_$COUNTRY$_election_about_whether_the_state_should_interfere_or_not_in_the_local_economy._Proponents_of_State_capitalism_are_arguing_that_a_more_direct_system_of_government_investment_and_reinvestment_could_aid_in_the_long-term_development_of_local_industry.;Un_débat_a_éclaté_lors_de_l'élection_locale_en_$COUNTRY$_sur_la_nécessité_ou_non_d'une_intervention_de_l'État_dans_l'économie_locale._Les_partisans_du_capitalisme_d'État_souligne_qu'un_système_d'investissement_et_de_réinvestissement_gouvernemental_plus_direct_faciliterait,_à_long-terme,_le_développement_de_l'industrie_locale.;Im_lokalen_Wahlkampf_in_$COUNTRY$_ist_eine_Debatte_darüber_aufgeflammt,_ob_sich_der_Staat_in_die_lokale_Wirtschaft_einmischen_sollte._Verfechter_des_Staatskapitalismus_meinen,_ein_direkteres_System_für_staatliche_Investitionen_und_Reinvestitionen_könnte_langfristig_bei_der_Entwicklung_der_lokalen_Industrie_helfen.;;Se_ha_desencadenado_un_debate_en_las_elecciones_locales_de_$COUNTRY$,_sobre_si_el_estado_debería_interferir_o_no_en_la_economía_local._Los_partidarios_del_capitalismo_de_estado_afirman_que_un_sistema_de_inversión_y_reinversión_del_gobierno_más_directo_podría_ayudar_a_largo_plazo_al_desarrollo_de_la_industria_local.;;;;;;;;;
EVTOPTA14090;Naturally, they are right.;Naturellement, ils ont raison.;Sie haben natürlich Recht.;;Naturalmente, tienen razón.;;;;;;;;;
EVTOPTB14090;It takes some time, but it will work.;Il faut un peu de temps, mais ça va marcher.;Das wird etwas dauern, aber Erfolg haben.;;Llevará algo de tiempo, pero funcionará.;;;;;;;;;
EVTOPTC14090;Some measure might be considered;Certains mesures devraient être prises en compte.;So etwas könnte man sich überleben.;;Debería considerarse tomar alguna medida.;;;;;;;;;
EVTOPTD14090;We might want to rethink this.;Nous pourrions peut-être y réfléchir.;Das sollten wir uns nochmal überlegen.;;Quizá podríamos volver a pensar esto.;;;;;;;;;
EVTOPTE14090;We must oppose government intervention in the economy;Nous devons nous opposer à l'intervention du gouvernement dans l'économie.;Wir müssen die Einmischung der Regierung in die Wirtschaft verhindern.;;Debemos oponernos a la intervención del gobierno en la economía.;;;;;;;;;
EVTNAME14100;Who Produces What, and Where?;Qui produit quoi et où ?;Wer produziert was und wo?;;¿Quién produce qué, y dónde?;;;;;;;;;
EVTNAME14100_sub;Plans, Economies & Freedoms debated;Débat sur plans, économies et libertés;Debatte über Pläne, Wirtschaften & Freiheiten in $COUNTRY$;;Planes, economías y libertades a debate;;;;;;;;;
EVTDESC14100;\n\nLocal_$COUNTRY$_administration_has_come_under_criticism_for_several_instances_of_government_subsidies_directed_at_supporting_local_industry._Opponents_argue_that_'the_country's_economic_planners_cannot_detect_consumer_preferences,_shortages,_and_surpluses_with_sufficient_accuracy_and_therefore_cannot_efficiently_co-ordinate_production',_and_creeping_statism_has_begun_to_worry_the_residents_of_$COUNTRY$.;L'administration_en_$COUNTRY$_a_été_critiquée_pour_plusieurs_cas_de_subventions_gouvernementales_visant_à_soutenir_l'industrie_locale._Les_opposants_soulignent_que_les_planificateurs_économiques_du_pays,_incapables_de_prévoir_les_préférences_des_consommateurs,_les_pénuries_et_les_excédents_avec_suffisamment_de_précision,_ne_sont_pas_en_mesure_de_coordonner_efficacement_la_production_et_cela_commence_à_inquiéter_les_habitants_de_$COUNTRY$.;Die_lokalen_Behörden_in_$COUNTRY$_sind_wegen_mehrerer_Fälle_in_Kritik_geraden,_bei_denen_die_lokale_Industrie_Regierungszuschüsse_erhalten_hat._Gegner_argumentieren,_dass_die_'Wirtschaftsplaner_des_Landes_das_Verbraucherverhalten,_Engpässe_und_Überschüsse_nicht_mit_zufriedenstellender_Genauigkeit_ermitteln_können_und_deshalb_nicht_in_der_Lage_sind,_die_Produktion_effizient_zu_koordinieren'._Die_Bevölkerung_von_$COUNTRY$_ist_über_die_schleichende_Verstaatlichung_bestürzt.;;La_administración_local_de_$COUNTRY$_ha_recibido_críticas_por_varios_ejemplos_de_subsidios_del_gobierno_encaminados_a_apoyar_la_industria_local._Los_oponentes_afirman_que_'los_planificadores_económicos_del_país_no_pueden_detectar_las_preferencias_del_consumidor,_la_escasez_y_los_excedentes_con_bastante_precisión_y,_por_tanto,_no_pueden_coordinar_la_producción_con_eficacia',_además_el_estatismo_progresivo_empieza_a_preocupar_a_los_residentes_de_$COUNTRY$.;;;;;;;;;
EVTOPTA14100;That's rubbish!;Foutaise !;Das ist doch Unsinn!;;¡Eso son tonterías!;;;;;;;;;
EVTOPTB14100;The economic planners knows what they are doing.;Les planificateurs économiques savent ce qu'ils font.;Die Wirtschaftsplaner wissen schon, was sie tun.;;Los planificadores económicos saben lo que hacen.;;;;;;;;;
EVTOPTC14100;We will have a look at it.;Nous allons y jeter un coup d'?il.;Diese Angelegenheit werden wir untersuchen.;;Lo estudiaremos.;;;;;;;;;
EVTOPTD14100;It's probably nothing, but we'll have a look at it.;Ce n'est probablement rien, mais nous allons y jeter un coup d'?il.;Da gibt es wahrscheinlich kein Problem, aber wir werden die Angelegenheit trotzdem untersuchen.;;Probablemente no sea nada, pero lo estudiaremos.;;;;;;;;;
EVTOPTE14100;They might have a point...;Il y a peut-être un problème...;So unrecht haben sie wohl gar nicht ...;;Podrían tener razón...;;;;;;;;;
EVTNAME14110;Righteous, Religious Fury;Fureur vertueuse et religieuse;Rechtschaffener Religionseifer;;Furia religiosa justificada;;;;;;;;;
EVTNAME14110_sub;Religious Policy Debated;Politique religieuse lors des élections;Debatte über Religionspolitik in $COUNTRY$-Wahlkampf;;Política religiosa a debate;;;;;;;;;
EVTDESC14110;\n\nSome_of_the_Faithful_in_$COUNTRY$_feel_that_the_state_has_failed_in_giving_them_due_recognition_for_their_hard_work_since_the_last_election._For_years,_they_argue,_they_have_assisted_the_local_community_in_many_ways:_caring_for_the_sick,_taking_care_of_the_orphans_and_helping_the_needy._They_feel_that_they_deserve_some_form_of_support_so_they_can_continue_to_help_people,_and_the_issue_has_become_a_topic_of_much_discussion_in_the_local_election_campaign.;Certains_fidèles_de_$COUNTRY$_estiment_que_l'État_ne_leur_est_pas_suffisamment_reconnaissant_pour_les_efforts_qu'ils_ont_déployés_depuis_la_dernière_élection._Depuis_des_années,_ils_aident_la_communauté_locale_en_prenant_soin_des_malades,_des_orphelins_et_des_nécessiteux._Ils_réclament_simplement_un_peu_de_soutien_pour_pouvoir_poursuivre_dans_cette_voie_et_cette_question_s'est_largement_invitée_dans_les_discussions_de_la_campagne_électorale_locale.;Einige_der_Gläubigen_in_$COUNTRY$_sind_der_Meinung,_dass_ihnen_der_Staat_seit_der_letzten_Welt_nicht_genügend_Anerkennung_für_ihre_harte_Arbeit_gezollt_hat._Sie_behaupten,_die_lokale_Gemeinschaft_jahrelang_auf_viele_Arten_unterstützt_zu_haben:_Versorgung_der_Kranken,_Erziehung_der_Weisen_und_Hilfe_für_die_Bedürftigen._Sie_sind_der_Ansicht,_dass_sie_sich_eine_Art_Unterstützung_ihrer_Arbeit_verdient_haben,_und_das_Thema_wird_im_Vorfeld_der_bevorstehenden_Lokalwahlen_eifrig_diskutiert.;;Algunos_de_los_fieles_de_$COUNTRY$_consideran_que_el_estado_les_ha_fallado_negándoles_el_reconocimiento_a_su_duro_trabajo_desde_las_últimas_elecciones._Argumentan_que_durante_años_han_ayudado_a_la_comunidad_local_de_muchas_formas:_cuidando_de_los_enfermos,_de_los_huérfanos_y_ayudando_a_los_necesitados._Consideran_que_merecen_algún_tipo_de_apoyo_para_poder_continuar_ayudando_a_la_gente,_y_el_asunto_se_ha_convertido_en_un_tópico_de_discusión_en_la_campaña_electoral_local.;;;;;;;;;
EVTOPTA14110;Religion is a private matter.;La religion est une affaire privée.;Religion ist eine Privatangelegenheit.;;La religión es un asunto privado.;;;;;;;;;
EVTOPTB14110;Charity is good, but no.;La charité, c'est bien, mais non.;Wohlfahrt ist eine gute Sache ... trotzdem: Nein.;;La caridad es buena, pero no, gracias.;;;;;;;;;
EVTOPTC14110;Interesting.;Intéressant.;Interessant.;;Interesante.;;;;;;;;;
EVTOPTD14110;Maybe we could do something to help.;Nous pourrions peut-être faire quelque chose.;Vielleicht könnten wir irgendwie helfen.;;Puede que podamos hacer algo para ayudar.;;;;;;;;;
EVTOPTE14110;We will help you.;Nous allons vous aider.;Wir werden euch helfen.;;Os ayudaremos.;;;;;;;;;
EVTNAME14120;Secularization & Religion;Laïcisation et religion;Säkularisation & Religion;;Secularización y religión;;;;;;;;;
REMOVE_EVTNAME14120_sub;Religious policy debated in $COUNTRY$ elections;Politique religieuse lors d'élections;Debatte über Religionspolitik in $COUNTRY$-Wahlkampf;;La política religiosa en $COUNTRY$.;;;;;;;;;
EVTDESC14120;\n\nThe_$COUNTRY_ADJ$_religious_policy_has_become_a_subject_of_much_debate_in_the_local_$COUNTRY$_elections._Many_argue_that_the_state_needs_to_maintain_a_watchful_policy_of_secularization,_but_this_threatens_to_upset_long_established_religious_privileges,_and_is_opposed_by_many_of_the_local_faithful.;La_politique_religieuse_$COUNTRY_ADJ$_fait_l'objet_de_nombreux_débats_lors_des_élections_locales_de_$COUNTRY$._Beaucoup_estiment_que_l'État_doit_conserver_une_politique_de_laïcisation_attentive,_mais_cela_menace_de_contrarier_les_privilèges_religieux_en_place_depuis_longtemps,_ce_à_quoi_s'opposent_bon_nombre_de_fidèles_locaux.;Die_$COUNTRY_ADJ$_Religionspolitik_wird_im_lokalen_$COUNTRY$-Wahlkampf_heftig_debattiert._Viele_sind_der_Ansicht,_der_Staat_sollte_seine_wachsame_Säkularisationspolitik_beibehalten,_aber_da_dies_die_vor_langer_Zeit_etablierten_Religionsprivilegien_bedroht,_sind_viele_der_lokalen_Gläubigen_dagegen.;;La_política_religiosa_$COUNTRY_ADJ$_se_ha_convertido_en_un_tema_de_debate_en_las_elecciones_locales_de_$COUNTRY$._Muchos_afirman_que_el_estado_necesita_mantener_una_política_de_secularización_vigilante,_pero_esto_puede_molestar_a_los_privilegios_religiosos_establecidos_hace_mucho_tiempo,_por_lo_que_ha_encontrado_la_oposición_de_muchos_de_los_fieles_locales.;;;;;;;;;
EVTOPTA14120;Secularization first!;Laïcisation avant tout !;Säkularisation hat Priorität!;;¡Secularización primero!;;;;;;;;;
EVTOPTB14120;Secularization ensures state neutrality in issues of morality;La laïcisation assure la neutralité de l'État sur les questions de moralité.;Die Säkularisation sichert bei Moralfragen die staatliche Neutralität.;;La secularización asegura la neutralidad del estado en asuntos de moralidad.;;;;;;;;;
EVTOPTC14120;Some measure of secularization is essential;Certaines mesures de laïcisation sont essentielles.;Einige Säkularisationsmaßnahmen sind unerlässlich.;;Es esencial tomar alguna media de secularización.;;;;;;;;;
EVTOPTD14120;Secularization must always be tempered;La laïcisation doit être systématiquement modérée.;Säkularisation muss immer gemäßigt sein.;;La secularización debe ser siempre atenuada.;;;;;;;;;
EVTOPTE14120;Faith must be represented in politics.;La foi doit être représentée en politique.;Der Glaube muss in der Politik eine Rolle spielen.;;La fe debe estar representada en la política.;;;;;;;;;
EVTNAME14130;Conversions & Religion;Conversions et religion;Konvertierungen & Religion;;Conversiones y religión;;;;;;;;;
EVTNAME14130_sub;Religious policy in $COUNTRY$;Débat sur la politique religieuse locale;Religionspolitik in $COUNTRY$;;Política religiosa en $COUNTRY$;;;;;;;;;
EVTDESC14130;\n\nReligion_has_become_an_issue_in_the_upcoming_electoral_debates,_as_a_local_religious_leader_in_$COUNTRY$_protests_the_freedom_of_religious_conversions,_arguing_that_the_size_of_his_flock_is_diminishing,_and_that_this_change_is_fundamentally_harmful_to_the_$COUNTRY_ADJ$_moral_fabric.;La_religion_s'invite_dans_les_débats_électoraux_à_venir_alors_qu'un_chef_religieux_local_de_$COUNTRY$_proteste_contre_la_liberté_des_conversions_religieuses_soulignant_que_le_nombre_de_fidèles_diminue_et_que_ce_changement_est_largement_préjudiciable_pour_l'essence_morale_$COUNTRY_ADJ$.;Im_Vorfeld_der_bevorstehenden_Wahlen_ist_die_Religion_in_den_Debatten_zu_einem_wichtigen_Thema_geworden,_da_ein_religiöser_Anführer_in_$COUNTRY$_die_Freiheit,_zu_konvertieren,_anprangert._Er_behauptet,_immer_mehr_seiner_Schäfchen_gingen_ihm_durch_und_dass_dieser_Wandel_äußerst_schädlich_für_das_$COUNTRY_ADJ$_Moralgefüge_sei.;;La_religión_se_ha_convertido_en_un_tema_a_tratar_en_los_próximos_debates_electorales,_ya_que_un_líder_religioso_local_de_$COUNTRY$,_protesta_por_la_libertad_de_conversiones_religiosas,_argumentando_que_el_número_de_sus_feligreses_disminuye,_y_que_ese_cambio_es_perjudicial_fundamentalmente_para_la_estructura_moral_$COUNTRY_ADJ$.;;;;;;;;;
EVTOPTA14130;Try to keep an open mind.;Essayez de rester ouvert d'esprit.;Wir sollten aufgeschlossen bleiben.;;Tratad de mantener una mente abierta.;;;;;;;;;
EVTOPTB14130;We can do nothing.;Nous n'y pouvons rien.;Wir können nicht unternehmen.;;No podemos hacer nada.;;;;;;;;;
EVTOPTC14130;That is regrettable.;C'est regrettable.;Das ist bedauerlich.;;Eso es lamentable.;;;;;;;;;
EVTOPTD14130;While objectionable, we can not consider more than limited accommodation;Bien que contestable, nous ne pouvons envisager davantage qu'un ajustement limité.;Das ist zwar unangenehm, aber wir können nur eingeschränkte Hilfe leisten.;;Aunque es censurable, no podemos considerar más que un acuerdo limitado.;;;;;;;;;
EVTOPTE14130;We will do what we can, this won't be tolerated.;Nous ferons ce que nous pourrons, c'est intolérable.;Wir werden alles Mögliche unternehmen. Dies kann nicht toleriert werden!;;Haremos lo que podamos, esto no se tolerará.;;;;;;;;;
EVTNAME14140;A Holy Place;Un lieu saint;Ein heiliger Ort;;Un lugar sagrado;;;;;;;;;
EVTNAME14140_sub;Religious Policy & State Sponsorship;Politique religieuse et patronage d'État;Religionspolitik & staatliche Unterstützung;;Política religiosa y patrocinio del estado;;;;;;;;;
EVTDESC14140;\n\nThe_renovation_of_a_local_church,_using_public_money,_has_become_a_hot_topic_in_the_local_election_of_$COUNTRY$._Supporters_of_the_project_argue_that_some_government_support_for_religion_will_help_preserve_not_only_faith_among_the_people,_and_thus_a_local_vanguard_against_the_forces_of_revolution,_while_opponents_argue_that_the_state_must_not_intervene_in_matters_of_private_religiosity.;La_rénovation_d'une_église_locale_financée_par_des_fonds_publics_fait_l'objet_d'une_controverse_lors_de_l'élection_locale_de_$COUNTRY$._Les_partisans_du_projet_soulignent_que_l'aide_apportée_par_le_gouvernement_permettra_de_préserver_la_foi,_et_ainsi_une_tête_d'avant-garde_locale_contre_les_forces_de_la_révolution,_tandis_que_les_opposants_estiment_que_l'État_n'a_pas_à_intervenir_dans_les_questions_privées_de_religiosité.;Die_Renovierung_der_lokalen_Kirchen_mit_öffentlichen_Gelder_ist_im_Wahlkampf_von_$COUNTRY$_zu_einem_heißen_Thema_geworden._Unterstützer_des_Projekts_argumentieren,_dass_staatliche_Unterstützung_für_die_Religion_dabei_helfen_wird,_den_Glauben_des_Volks_zu_bewahren_und_so_eine_lokale_Vorhut_gegen_revolutionäre_Kräfte_schafft._Ihre_Gegner_verlangen,_dass_sich_der_Staat_nicht_in_die_Angelegenheit_privater_Religiösität_einmischt.;;La_renovación_de_una_iglesia_local_con_el_dinero_público_se_ha_convertido_en_un_tema_candente_en_las_elecciones_locales_de_$COUNTRY$._Los_partidarios_del_proyecto_afirman_que,_con_un_poco_de_apoyo_del_gobierno_para_la_religión_ayudará_a_preservar_no_solo_la_fe_de_la_gente,_sino_a_una_vanguardia_local_contra_las_fuerzas_de_la_revolución,_mientras_que_los_oponentes_sostienen_que_el_estado_no_debe_intervenir_en_asuntos_de_religiosidad_privada.;;;;;;;;;
EVTOPTA14140;Of course the church must be renovated!;Bien sûr que l'église doit être rénovée !;Die Kirche muss selbstverständlich renoviert werden!;;¡Por supuesto, la iglesia debe renovarse!;;;;;;;;;
EVTOPTB14140;Some funds could be considered on grounds of cultural importance;Certains fonds relèvent de l'importance culturelle.;Aufgrund der kulturellen Wichtigkeit müssen einige Gelder gestattet werden.;;Se podrían destinar algunos fondos por motivos de interés cultural.;;;;;;;;;
EVTOPTC14140;This issue must fundamentally be left to popular sovereignty;Cette question doit être laissée à la charge de la souveraineté populaire.;Dieses Problem muss vom Volk selbst entschieden werden.;;Este asunto debe dejarse en manos de la soberanía popular.;;;;;;;;;
EVTOPTD14140;We must oppose such plans on grounds of principle.;Nous devons nous opposer à de tels plans, question de principe.;Solchen Plänen müssen wir uns prinzipiell entgegenstellen.;;Debemos oponernos a esos planes por principios.;;;;;;;;;
EVTOPTE14140;God is dead;Dieu est mort;Gott ist tot.;;Dios ha muerto;;;;;;;;;
EVTNAME14150;Immigration & Employment;Immigration et emploi;Einwanderung & Arbeitsplätze;;Inmigración y empleo;;;;;;;;;
EVTNAME14150_sub;Immigration Debate in Local Elections;Débat sur l'immigration au cours des élections;Einwanderungsdebatte im $COUNTRY$-Wahlkampf;;Debate sobre inmigración en las elecciones locales;;;;;;;;;
EVTDESC14150;\n\nThe_current_inflow_of_immigrants_has_created_a_demand_for_more_jobs._Advocates_of_immigrant_rights_demand_that_newly_naturalized_citizens_be_accorded_the_same_rights_as_residents_by_birth._The_situation_has_become_a_topic_of_debate_in_the_local_election.;Avec_l'afflux_actuel_d'immigrants,_le_nombre_de_demandes_d'emplois_a_augmenté._Les_défenseurs_des_droits_des_immigrants_demandent_à_ce_que_les_citoyens_nouvellement_naturalisés_se_voient_accorder_les_mêmes_droits_que_tout_autre_citoyen._Cette_question_s'est_invitée_dans_le_débat_des_élections_locales.;Der_aktuelle_Einwandererzustrom_hat_für_den_Bedarf_zusätzlicher_Arbeitsplätze_gesorgt._Die_Unterstützer_von_Immigrantenrechten_verlangen,_dass_frisch_eingebürgerten_Bürgern_dieselbe_Rechte_wie_vor_Ort_geborene_Bürgern_zugestanden_werden_müssen._Diese_Problematik_wird_im_lokalen_Wahlkampf_diskutiert.;;El_flujo_actual_de_inmigrantes_ha_creado_una_demanda_de_más_trabajos._Los_defensores_de_los_derechos_de_los_inmigrantes_exigen_que_los_ciudadanos_recién_nacionalizados_tengan_los_mismos_derechos_que_los_residentes_por_nacimiento._La_situación_se_ha_convertido_en_el_tópico_de_debate_de_las_elecciones_locales.;;;;;;;;;
EVTOPTA14150;They have no right to demand anything.;Ils n'ont aucun droit de réclamer quoi que ce soit.;Sie haben kein Recht, alles zu verlangen.;;No tienen derecho a pedir nada.;;;;;;;;;
EVTOPTB14150;Why should they have the same rights?.;Pourquoi auraient-ils les mêmes droits ?;Warum sollten sie dieselben Rechte bekommen?;;¿Por qué deberían tener los mismos derechos?;;;;;;;;;
EVTOPTC14150;We'll see what we can do.;Nous allons voir ce que nous pouvons faire.;Mal sehen, was machbar ist.;;Veremos que podemos hacer.;;;;;;;;;
EVTOPTD14150;We will work this out.;Nous allons y réfléchir.;Wir werden schon eine Lösung finden.;;Lo arreglaremos.;;;;;;;;;
EVTOPTE14150;Won't be easy, but we'll do everything we can.;Ce ne sera pas facile, mais nous ferons de notre mieux.;Es wird nicht einfach, aber wir werden alles Mögliche unternehmen.;;No será fácil, pero haremos todo lo que podamos.;;;;;;;;;
EVTNAME14160;Immigration Problems;Problèmes d'immigration;Einwanderungsprobleme;;Problemas de inmigración;;;;;;;;;
EVTNAME14160_sub;Residential Policies debated in local elections;Politiques de résidence aux élections;Debatte über Einwanderungspolitik im $COUNTRY$-Wahlkampf;;Las políticas residenciales en las elecciones locales.;;;;;;;;;
EVTDESC14160;\n\nCertain_residents_of_$COUNTRY$_feel_that_the_state_discriminates_against_them_on_account_of_their_origin,_and_this_has_become_a_bone_of_some_contention_in_the_local_election,_as_liberals_argue_that_immigrants_and_aliens_should_have_their_rights_respected._Opponents_and,_indeed,_public_opinion,_seems_to_be_of_the_mind_that_$COUNTRY_ADJ$_is_not_something_that_one_can_simply_become_overnight,_and_that_the_process_of_naturalization_takes_years,_if_not_generations.;Certains_résidents_de_$COUNTRY$_estiment_que_l'État_les_discrimine_selon_leur_origine,_ce_qui_a_entraîné_de_vives_tensions_lors_des_élections_locales,_tensions_exacerbées_par_les_libéraux_qui_soulignent_que_les_droits_des_immigrants_et_des_étrangers_doivent_être_respectés._Les_opposants_et,_qui_plus_est,_l'opinion_publique_semblent_penser_que_la_nationalité_$COUNTRY_ADJ$_n'est_pas_quelque_chose_qui_s'acquiert_du_jour_au_lendemain_et_que_le_processus_de_naturalisation_doit_prendre_des_années,_voire_des_générations.;Manche_Bewohner_von_$COUNTRY$_sind_der_Meinung,_dass_sie_der_Staat_aufgrund_ihrer_Herkunft_diskriminiert._Dies_hat_sich_zu_einem_Thema_im_lokalen_Wahlkampf_entwickelt,_da_die_Liberalen_fordern,_dass_die_Rechte_von_Einwanderern_und_Ausländern_respektiert_werden._Die_Gegner,_und_auch_die_Öffentlichkeit,_scheinen_der_Ansicht_zu_sein,_dass_man_nicht_über_Nacht_$COUNTRY_ADJ$_werden_kann,_und_dass_der_Prozess_der_Einbürgerung_Jahre,_wenn_nicht_Generationen_in_Anspruch_nimmt.;;Ciertos_residentes_de_$COUNTRY$_piensan_que_el_estado_los_discrimina_a_causa_de_sus_orígenes,_y_este_asunto_se_ha_convertido_en_un_punto_de_controversia_en_las_elecciones_locales,_ya_que_los_liberales_sostienen_que_se_deberían_respetar_los_derechos_de_los_inmigrantes_y_extranjeros._Los_adversarios_y,_por_supuesto,_la_opinión_pública_parecen_haber_olvidado_que_ser_'de_$COUNTRY$'_no_es_algo_que_uno_simplemente_consigue_de_la_noche_a_la_mañana,_porque_el_proceso_de_naturalización_lleva_años,_por_no_decir_generaciones.;;;;;;;;;
EVTOPTA14160;Limited citizenship until a proven and loyal subject;Citoyenneté limitée jusqu'à ce qu'ils soient de loyaux sujets;Eingeschränkte Bürgerrechte, bis man sich als loyaler Untertan unter Beweis gestellt hat.;;Ciudadanía limitada hasta que no sea un súbdito probado y leal.;;;;;;;;;
EVTOPTB14160;Limited citizenship, but with certain exceptions;Citoyenneté limitée, mais avec quelques exceptions;Eingeschränkte Bürgerrechte, aber mit bestimmten Ausnahmen.;;Ciudadanía limitada pero con ciertas excepciones;;;;;;;;;
EVTOPTC14160;Limited citizenship should be the guiding principle;La citoyenneté limitée doit correspondre au principe de base.;Eingeschränkte Bürgerrechte sollten hier das Grundprinzip sein.;;La ciudadanía limitada debería ser el principio guía;;;;;;;;;
EVTOPTD14160;All men were created equal;Tous les hommes naissent égaux.;Alle Menschen sind gleich.;;Todos los hombres fueron creados iguales.;;;;;;;;;
EVTOPTE14160;You see, I have this dream of mine...;Tel est mon rêve...;Wissen Sie, ich habe einen Traum ...;;Verá, yo tengo este sueño...;;;;;;;;;
EVTNAME14170;Voting & New Citizens;Droit de vote et nouveaux citoyens;Wahlrecht & Neue Bürger;;Votación y nuevos ciudadanos;;;;;;;;;
EVTNAME14170_sub;Debate on Citizenship and Residency;Débat sur la citoyenneté et la résidence;Debatte über Bürgerrecht und Wohnsitz in $COUNTRY$;;Debate sobre la ciudadanía y la residencia;;;;;;;;;
EVTDESC14170;\n\nImmigration_has_become_a_major_issue_in_the_local_$COUNTRY$_elections,_as_liberals_argue_the_need_to_extend_the_voting_franchise_to_all_members_of_our_society,_including_immigrants._Others,_perhaps_afraid_to_see_old_privileges_dislodged,_are_not_as_convinced._As_the_election_draws_nearer,_the_debate_rages_in_$COUNTRY$.;La_question_de_l'immigration_s'est_invitée_dans_les_élections_locales_de_$COUNTRY$_et_les_libéraux_soulignent_la_nécessité_d'étendre_le_droit_de_vote_à_tous_les_membres_de_notre_société,_y_compris_les_immigrants._D'autres,_peut-être_de_peur_de_perdre_certains_privilèges,_n'en_sont_pas_convaincus._Alors_que_les_élections_approchent,_le_débat_fait_rage_en_$COUNTRY$.;Die_Einwanderer_sind_im_$COUNTRY$-Wahlkampf_zu_einem_zentralen_Thema_geworden:_Liberale_fordern_die_Ausweitung_des_Wahlrechts_auf_alle_Mitglieder_der_Gesellschaft,_einschließlich_der_Einwanderer._Andere_dagegen_fürchten_um_ihre_traditionellen_Privilegien_und_sind_davon_nicht_so_überzeugt._Während_die_Wahl_näher_rückt,_wird_die_Debatte_im_$COUNTRY$_immer_hitziger.;;La_inmigración_se_ha_convertido_en_un_problema_serio_en_las_elecciones_locales_de_$COUNTRY$,_ya_que_los_liberales_argumentan_la_necesidad_de_extender_la_franquicia_de_voto_a_todos_los_miembros_de_nuestra_sociedad,_incluidos_los_inmigrantes._Otros,_quizás_temerosos_de_ver_cómo_los_antiguos_privilegios_se_desplazan,_no_están_tan_convencidos._A_medida_que_se_acercan_las_elecciones,_el_debate_se_recrudece_en_$COUNTRY$.;;;;;;;;;
EVTOPTA14170;We must constantly strive to extend freedom!;Nous devons tout faire pour repousser les limites de la liberté !;Wir müssen stets nach größerer Freiheit streben!;;¡Debemos esforzarnos constantemente por extender la libertad!;;;;;;;;;
EVTOPTB14170;Full citizenship, with only minor qualifications, is the way forward;La pleine citoyenneté, avec quelques critères mineurs, est la solution.;Volle Bürgerrechte mit minimalen Anforderungen!;;La ciudadanía plena, con algunas reservas menores, es el futuro.;;;;;;;;;
EVTOPTC14170;We essentially endorse full citizenship;Nous approuvons globalement la pleine citoyenneté.;Prinzipiell unterstützen wir volle Bürgerrechte.;;Esencialmente, aprobamos la ciudadanía plena.;;;;;;;;;
EVTOPTD14170;Full citizenship is, sadly, not an option;Malheureusement, la pleine citoyenneté n'est pas possible.;Volle Bürgerrechte sind leider keine Option.;;Tristemente, la ciudadanía plena, no es una opción.;;;;;;;;;
EVTOPTE14170;Immigrants!? In *my* $COUNTRY$!?;Des immigrants ?!? Dans MON $COUNTRY$ !?;Einwanderer!? In *meinem* $COUNTRY$!?;;¿Inmigrantes? ¿En 'mi' $COUNTRY$?;;;;;;;;;
EVTNAME14180;War & Peace;Guerre et paix;Krieg & Frieden;;Guerra y paz;;;;;;;;;
EVTNAME14180_sub;Militarism Debated in Election Campaign;Débat sur le militarisme lors de la campagne électorale;Militarismusdebatte im Wahlkampf;;El militarismo debatido en la campaña electoral;;;;;;;;;
EVTDESC14180;\n\nThe_debate_in_$COUNTRY$_in_the_preludes_to_the_coming_election_mostly_concerns_the_military_and_defense_policies_of_$COUNTRY$._The_state_has_long_been_a_bastion_of_hawkish_sentiments_with_regards_to_foreign_policy,_and_this_year_does_not_seem_to_be_an_exception._It_is_clear_that_jingoistic_policies_will_be_favored_in_voter_turnouts,_but_a_turn_in_the_debate_could_perhaps_reduce_the_impact.;Le_débat_qui_a_lieu_en_$COUNTRY$,_sur_fond_de_campagne_électorale,_porte_principalement_sur_les_politiques_de_défense_de_$COUNTRY$._L'État_suscite,_depuis_longtemps,_des_sentiments_bellicistes_en_termes_de_politique_étrangère_et_cette_année_n'y_fait_pas_exception._De_toute_évidence,_les_politiques_nationalistes_seront_au_c?ur_des_élections,_mais_un_revirement_du_débat_pourrait_peut-être_en_réduire_l'impact.;Die_Debatte_in_$COUNTRY$_im_Vorfeld_der_anstehenden_Wahlen_dreht_sich_hauptsächlich_um_die_Militär-_und_Verteidigungspolitik_von_$COUNTRY$._Hinsichtlich_seiner_Außenpolitik_ist_der_Staat_schon_lange_eine_Bastion_militaristischer_Gedanken,_und_dieses_Jahr_scheint_es_nicht_anders_zu_sein._Es_ist_offensichtlich,_dass_die_Wähler_eine_hurrapatriotistische_Politik_bevorzugen,_aber_eine_Wende_in_der_Debatte_könnte_das_Ausmaß_vielleicht_eindämmen.;;El_debate_en_$COUNTRY$,_a_las_puertas_de_las_próximas_elecciones,_tiene_como_su_tema_principal_la_política_militar_y_de_defensa_de_$COUNTRY$._El_estado_ha_sido_durante_mucho_tiempo_un_bastión_de_sentimientos_agresivos_respecto_a_la_política_exterior,_y_este_año_no_parece_ser_una_excepción._Está_claro_que_se_favorecerá_a_la_política_patriotera_en_el_número_de_votantes,_pero_un_giro_en_el_debate_quizás_podría_reducir_el_impacto.;;;;;;;;;
EVTOPTA14180;To war, by Jingo!;Déclarons-leur la guerre, bon sang !;In den Krieg, mit Hurra!;;¡A la guerra, por Dios!;;;;;;;;;
EVTOPTB14180;We do need a strong military.;Il nous faut une puissante armée.;Wir brauchen ein starkes Militär.;;Necesitamos un ejército fuerte.;;;;;;;;;
EVTOPTC14180;There is no need for increased defense spending;Il n'est inutile d'augmenter le budget de la défense.;Die Erhöhung des Verteidigungshaushalts ist unmöglich.;;No hay necesidad de aumentar el gasto en defensa.;;;;;;;;;
EVTOPTD14180;We were actually thinking about cutbacks...;Nous envisagions justement des réductions...;Wir werden ernsthaft über Kürzungen nachdenken ...;;La verdad es que estábamos pensando en recortar gastos...;;;;;;;;;
EVTOPTE14180;Mama says a pistol is the Devil's right hand.;La guerre est parfois un mal nécessaire.;Mama sagt, eine Pistole sei die rechte Hand des Teufels.;;Mamá dice que una pistola es la mano derecha del Diablo.;;;;;;;;;
EVTNAME14190;A Soldier's Stomach;L'estomac des soldats;Ein Soldatenmagen;;El estómago de un soldado;;;;;;;;;
EVTNAME14190_sub;Military & Defense Debate in Local Election;Polémique sur l'armée et la défense;Debatte über Militär & Verteidigung in $COUNTRY$;;El ejército y la defensa en las elecciones locales;;;;;;;;;
EVTDESC14190;\n\nYour_generals_have_begun_to_complain_about_the_bad_food_the_soldiers_are_getting_and_command_that_more_money_should_be_spent_on_feeding_them._The_generals_argue_that_the_poor_diet_reduces_soldiers'_fighting_spirit_and_want_to_raise_it_through_better_food._These_issues_have_become_topics_of_importance_to_the_many_military_families_in_$COUNTRY$.;Vos_généraux_se_plaignent_de_la_mauvaise_qualité_de_la_nourriture_servie_aux_soldats._Ils_réclament_que_des_fonds_supplémentaires_leur_soient_alloués,_car,_selon_eux,_une_nourriture_de_mauvaise_qualité_réduit_la_combativité_des_soldats._Ces_questions_sont_sur_les_lèvres_de_nombreuses_familles_de_militaires_en_$COUNTRY$.;Ihre_Generäle_beschweren_sich_seit_Kurzem_über_die_schlechte_Verpflegung,_die_ihre_Soldaten_erhalten_und_verlangen,_dass_für_die_Truppenverpflegung_mehr_Geld_zur_Verfügung_gestellt_wird._Die_Generäle_behaupten,_die_schlechte_Verpflegung_reduziere_den_Kampfgeist_der_Soldaten._Sie_möchten_ihn_mit_besserem_Essen_wieder_steigern._Diese_Probleme_sind_für_viele_Soldatenfamilien_in_$COUNTRY$_sehr_wichtig_geworden.;;Tus_generales_han_empezado_a_quejarse_de_la_mala_comida_que_comen_los_soldados_y_exigen_que_se_gaste_más_dinero_en_alimentarlos._Los_generales_afirman_que_una_dieta_pobre_reduce_el_espíritu_combativo_de_los_soldados_y_quieren_animarlos_con_una_mejora_en_la_comida._Estos_asuntos_se_han_convertido_en_temas_de_importancia_para_muchas_familias_militares_en_$COUNTRY$.;;;;;;;;;
EVTOPTA14190;The soldiers need better food!;Les soldats ont besoin de mieux manger !;Die Soldaten brauchen besseres Essen!;;¡Los soldados necesitan mejor comida!;;;;;;;;;
EVTOPTB14190;They need better food in order to fight well.;Ils ont besoin de mieux manger pour mieux combattre.;Sie brauchen bessere Verpflegung, um gut kämpfen zu können.;;Necesitan mejor comida para luchar mejor.;;;;;;;;;
EVTOPTC14190;We will see how much we can spend on their food.;Nous allons voir combien nous pouvons dépenser pour les nourrir.;Mal sehen, wie viel wir für ihre Verpflegung ausgeben können.;;Veremos cuánto podemos gastar en su comida.;;;;;;;;;
EVTOPTD14190;This is not something we should prioritize.;Ce n'est pas une priorité pour nous.;Dies sollte nicht auf unserer Prioritätenliste stehen.;;Esto no es algo a lo que deberíamos dar prioridad.;;;;;;;;;
EVTOPTE14190;Maybe we should cut back on other things, such as soldiers...;Nous devrions peut-être réduire d'autres dépenses, comme les soldats...;Vielleicht sollten wir woanders sparen, zum Beispiel bei der Anzahl der Soldaten ...;;Quizás deberíamos recortar en otras cosas, como en los soldados...;;;;;;;;;
EVTNAME14200;Too Stale for War?;Des armes dépassées ?;Zu alt für den Krieg?;;¿Demasiado viejo para la guerra?;;;;;;;;;
EVTNAME14200_sub;Military Spending Debated in $COUNTRY$;Débat sur les dépenses militaires lors des élections;Wehretat-Debatte in $COUNTRY$-Wahlkampf;;Los gastos militares en $COUNTRY$;;;;;;;;;
EVTDESC14200;\n\nA_major_report_that_most_of_the_soldiers'_weapons_are_nearly_worn_out_and_want_someone_to_go_over_them_to_see_if_they_need_to_be_scrapped._To_provide_soldiers_with_new_weapons_would_cost_more_than_the_current_budget_for_the_military_can_cope_with.;Un_commandant_signale_que_la_majorité_des_armes_des_soldats_sont_usées_et_réclame_la_visite_d'un_représentant_de_l'État_pour_le_constater._Le_remplacement_des_armes_des_soldats_dépassera_le_budget_actuellement_alloué_à_l'armée.;Ein_Major_berichtet,_dass_die_meisten_Waffen_der_Soldaten_fast_unbrauchbar_sind._Er_möchte,_dass_sie_auf_Verschrottungseignung_überprüft_werden._Die_Versorgung_der_Soldaten_mit_neuen_Waffen_würde_mehr_kosten,_als_der_aktuelle_Wehretat_hergibt.;;Un_mayor_informa_de_que_la_mayoría_de_las_armas_de_los_soldados_son_casi_inútiles_y_quiere_que_vaya_alguien_a_comprobar_si_necesitan_ser_desguazadas._Proporcionar_armas_nuevas_a_los_soldados_costaría_mucho_más_de_lo_que_el_presupuesto_actual_del_ejército_podría_asumir.;;;;;;;;;
EVTOPTA14200;That sounds expensive.;Cela semble cher.;Das klingt teuer.;;Eso suena caro.;;;;;;;;;
EVTOPTB14200;Can't they fight without them?;Ne peuvent-ils pas s'en passer pour combattre ?;Können sie nicht ohne Waffen kämpfen?;;¿No pueden luchar sin ellas?;;;;;;;;;
EVTOPTC14200;We could perhaps do something about that.;Nous pourrions peut-être y remédier.;Vielleicht sollten wir diesbezüglich etwas unternehmen.;;Quizás podríamos hacer algo al respecto.;;;;;;;;;
EVTOPTD14200;A soldier needs his weapon.;Les soldats ont besoin d'armes.;Ein Soldat braucht seine Waffen.;;Un soldado necesita su arma.;;;;;;;;;
EVTOPTE14200;We need to upgrade their weapons.;Nous devons améliorer leurs armes.;Wir müssen ihre Waffen erneuern.;;Tenemos que mejorar sus armas.;;;;;;;;;
EVTNAME14210;Pacifist Surge;Montée pacifique;Pazifistische Bewegung;;Impulso pacifista;;;;;;;;;
REMOVE_EVTNAME14210_sub;All $COUNTRY$ is saying is 'Give Peace a Chance!';Donner une chance à la paix, voilà ce que tout le monde veut en $COUNTRY$ !;$COUNTRY$ fordert 'Gebt dem Frieden eine Chance!';;¡Todo $COUNTRY$ clama por 'Darle una oportunidad a la paz'!;;;;;;;;;
EVTDESC14210;\n\nPacifist_sentiments_have_been_floating_about_$COUNTRY$_for_some_time,_but_in_this_coming_election_it_seems_that_whoever_can_capitalize_on_the_pacifist_sentiments_in_the_area_will_come_out_a_clear_winner_come_election_day._The_only_question_still_in_the_air_is_to_which_extent_pacifist_sympathies_will_hold_up_through_the_pre-election_debates.;Depuis_quelques_temps,_$COUNTRY$_est_en_proie_à_des_sentiments_pacifistes_et_lors_du_scrutin_à_venir,_celui_qui_réussira_à_capitaliser_sur_ces_sentiments_pacifistes_sortira_vainqueur_le_jour_des_élections._Reste_à_savoir_dans_quelle_mesure_les_sympathisants_de_la_paix_tiendront_bon_lors_des_débats_pré-électoraux.;In_$COUNTRY$_gibt_es_schon_seit_einiger_Zeit_pazifistische_Strömungen,_aber_angesichts_der_bevorstehenden_Wahlen_scheint_es,_dass_der_Kandidat_gewinnen_wird,_der_sie_sich_am_Besten_zunutze_machen_kann._Die_einzige_offene_Frage_ist,_zu_welchem_Grad_die_pazifistischen_Sympathien_nach_den_Debatten_vor_der_Wahl_noch_Bestand_haben.;;Sentimientos_pacifistas_han_estado_flotando_por_$COUNTRY$_durante_algún_tiempo,_pero_parece_que_quien_pueda_capitalizar_los_sentimientos_pacifistas_de_la_zona_será_el_claro_ganador_el_día_de_las_elecciones._La_única_pregunta_que_queda_en_el_aire_es_hasta_qué_punto_las_simpatías_pacifistas_resistirán_los_debates_preelectorales.;;;;;;;;;
EVTOPTA14210;Peace always prevails!;La paix prédomine toujours !;Der Frieden wird sich immer durchsetzen!;;¡La paz siempre prevalece!;;;;;;;;;
EVTOPTB14210;Violence is never the answer.;La violence n'est jamais une solution.;Gewalt ist niemals eine Antwort.;;La violencia nunca es la respuesta.;;;;;;;;;
EVTOPTC14210;The pen is mightier than the sword.;Le crayon est plus puissant que l'épée.;Die Feder ist schärfer als das Schwert.;;La pluma es más poderosa que la espada.;;;;;;;;;
EVTOPTD14210;The military needs guns, not idle gossip;L'armée a besoin d'armes, pas de paroles en l'air.;Das Militär braucht Waffen, kein nutzloses Geschwätz.;;El ejército necesita armas, no habladurías.;;;;;;;;;
EVTOPTE14210;Perhaps violence is the answer after all.;La violence est peut-être la solution, après tout.;Vielleicht ist Gewalt letztendlich doch eine Antwort.;;Quizás, después de todo, la violencia sea la respuesta.;;;;;;;;;
EVTNAME10270;Liberal Student's Association;Association d'étudiants libéraux;Liberaler Studentenbund;;Asociación Liberal de Estudiantes;;;;;;;;;
EVTDESC10270;\n\nThat_we,_the_youth_of_$COUNTRY$,_unite_in_our_common_demand_for_the_restoration_of_ancient_freedoms._To_make,_in_$COUNTRY$,_a_second_Greece.'\n\nA_student's_association,_inspired_by_ancient,_romanticist_ideas_of_freedom_and_the_state,_has_been_formed_by_radical_youth_at_the_state_University._A_manifesto_has_been_published,_calling_for_voting_reform_and_a_revival_of_what_is_referred_to_as_'Those_ancient_and_traditional_liberties_of_$COUNTRY$'._The_association_is_quickly_becoming_something_of_a_mass_movement_on_the_campus,_as_this_brave_new_ideology_surges.;Puissions-nous,_jeunes_de_$COUNTRY$,_nous_unir_pour_exiger_le_rétablissement_des_libertés_anciennes_!_Pour_faire_de_$COUNTRY$_une_seconde_Grèce.\n\nUne_associations_d'étudiants,_inspirée_par_d'anciens_idéaux_de_liberté,_a_été_formée_par_de_jeunes_radicaux_de_l'université_d'État._Il_s'en_est_suivi_la_publication_d'un_manifeste_appelant_à_une_réforme_électorale_et_au_rétablissement_des_"anciennes_libertés_traditionnelles_de_$COUNTRY$"._Sur_le_campus,_l'association_s'est_rapidement_transformée_en_mouvement_de_masse_avec_la_montée_de_cette_nouvelle_et_audacieuse_idéologie.;Wir,_die_Jugend_von_$COUNTRY$,_vereinigen_uns_in_unserer_gemeinsamen_Forderung_nach_der_Wiederherstellung_historischer_Freiheiten,_um_$COUNTRY$_zu_einem_zweiten_Griechenland_zu_machen.'\n\nRadikale,_von_historischen,_romantischen_Vorstellungen_von_Freiheit_und_Staat_inspirierte_Studenten_haben_an_der_Staatsuniversität_eine_Studentenvereinigung_gegründet._Sie_haben_ein_Manifest_veröffentlicht,_in_dem_sie_Wahlreformen_und_die_Wiederherstellung_der_'historischen_und_traditionellen_Freiheiten_von_$COUNTRY$'_fordern._Während_sich_die_mutige_neue_Ideologie_verbreitet,_entwickelt_sich_die_Vereinigung_schnell_zu_einer_Art_Campus-Massenbewegung.;;Nosotros,_los_jóvenes_de_$COUNTRY$,_estamos_unidos_en_nuestra_demanda_común_de_la_restauración_de_las_antiguas_libertades._Para_convertir_$COUNTRY$,_en_una_segunda_Grecia.\n\nUnos_jóvenes_radicales_en_la_universidad_del_estado_han_formado_una_asociación_de_estudiantes_inspirada_por_las_ideas_antiguas_y_románticas_de_la_libertad_y_el_estado._Se_ha_publicado_un_manifiesto_llamando_a_la_reforma_del_voto_y_a_un_resurgimiento_de_lo_que_denominan_'Esas_libertades_antiguas_y_tradicionales_de_$COUNTRY$'._La_asociación_se_está_convirtiendo_rápidamente_en_un_movimiento_de_masas_en_el_campus,_difundiéndose_esta_nueva_y_valiente_ideología.;;;;;;;;;
EVTOPTA10270;They must be allowed to express their opinions;Ils doivent être autorisés à exprimer leurs opinions.;Sie müssen ihre Meinungen frei äußern dürfen.;;Deben permitirles que expresen sus opiniones.;;;;;;;;;
EVTOPTB10270;Couldn't the principal do something about this nonsense?;Le principal ne peut-il rien faire contre une telle absurdité ?;Könnte der Dekan nicht etwas gegen diesen Unsinn unternehmen?;;¿No podría ocuparse el rector de toda esta tontería?;;;;;;;;;
EVTNAME10280;Classics Rediscovered;Le classicisme redécouvert;Klassiker wiederentdeckt;;Clásicos redescubiertos;;;;;;;;;
EVTDESC10280;\n\nAnd,_when_I_read_of_the_Athens_of_Pericles,_the_progressiveness_of_these_ancient_societies_always_astounds_me._Here_I_am,_thousands_of_years_later,_a_less_free_man_than_were_they,_back_then.'\n\nThe_19th_century_saw_a_resurgence_of_interest_in_the_Ancient_Classics._Many_of_the_ancient_societies,_Rome_and_Greece,_were_looked_to_for_inspiration_by_liberal_thinkers_seeing_in_them_proto_examples_and_experiments_in_those_same_traditions_of_freedom_that_they_sought_to_implement_in_the_modern_era._A_local_Reform_Club_has_republished_some_select_pieces_of_ancient_literature_that_are_becoming_high_fashion_among_the_educated_elites_of_$COUNTRY$;Lorsque_je_lis_des_écrits_sur_l'Athènes_de_Périclès,_la_progressivité_de_ces_anciennes_sociétés_me_surprend_toujours._Et_me_voici,_des_milliers_d'années_plus_tard,_moins_libre_que_les_hommes_de_l'époque.\n\nLe_XIXe_siècle_vit_un_regain_d'intérêt_pour_le_classicisme_ancien._Bon_nombre_de_sociétés_anciennes_parmi_lesquelles_Rome_et_la_Grève_suscitèrent_l'intérêt_de_penseurs_libéraux_qui_voyaient_là_de_beaux_exemples_de_liberté_qu'ils_avaient_à_c?ur_d'appliquer_à_l'ère_moderne._Un_Club_de_la_réforme_local_a_publié_quelques_écrits_de_littérature_ancienne,_écrits_très_appréciés_des_élites_éduquées_de_$COUNTRY$;Und_wenn_ich_über_das_Athen_des_Perikles_lese,_versetzt_mich_die_Fortschrittlichkeit_dieser_antiken_Gesellschaften_immer_wieder_in_Erstaunen._Und_hier_stehe_ich,_Tausende_Jahre_später,_und_genieße_weniger_Freiheit_als_sie_damals.'\n\nIm_neunzehnten_Jahrhundert_kam_wieder_starkes_Interesse_an_den_antiken_Klassikern_auf._Viele_liberale_Denken_suchten_Inspiration_in_den_antiken_Gesellschaften_Roms_und_Griechenlands,_die_sie_als_Urbeispiele_und_-experimente_derselben_Freiheitstraditionen_ansahen,_die_sie_in_der_Moderne_etablieren_wollten._Ein_lokaler_Reformverein_hat_ausgewählte_Werke_antiker_Literatur_neu_aufgelegt,_und_diese_Werke_entwickeln_sich_innerhalb_der_Bildungselite_von_$COUNTRY$_zum_neuesten_Schrei.;;Y_cuando_leo_sobre_la_Atenas_de_Pericles,_siempre_me_sorprende_lo_progresistas_que_eran_estas_sociedades_antiguas._Aquí_estoy,_miles_de_años_después,_un_hombre_mucho_menos_libre_de_lo_que_eran_ellos.\n\nEl_siglo_XIX_vio_un_resurgimiento_del_interés_por_los_clásicos_antiguos._Muchas_de_las_sociedades_antiguas,_como_Grecia_y_Roma,_eran_utilizadas_como_inspiración_por_los_pensadores_liberales_porque_las_veían_como_precursoras_y_experimentos_de_las_mismas_tradiciones_de_libertad_que_ellos_buscaban_implementar_en_la_era_moderna._Un_club_reformista_local_ha_vuelto_a_publicar_algunas_obras_selectas_de_la_literatura_antigua_que_se_están_poniendo_de_moda_entre_las_élites_educadas_de_$COUNTRY$.;;;;;;;;;
EVTOPTA10280;Honestly, have you nothing better to do?;Franchement, vous n'avez rien de mieux à faire ?;Mal ehrlich, habt ihr nichts Besseres zu tun?;;En serio, ¿no tienen nada mejor que hacer?;;;;;;;;;
EVTOPTB10280;It is good to see the classics receiving some attention. Socratic Dialogues, anyone?;C'est bon de voir l'intérêt que suscite le classicisme.;Es ist gut, dass die Klassik wieder etwas Beachtung erfährt. Hat jemand Lust auf sokratische Dialoge?;;Está bien ver que los clásicos reciban algo de atención. ¿Los Diálogos Socráticos?;;;;;;;;;
EVTNAME10290;Liberal Author;Auteur libéral;Liberaler Autor;;Autor liberal;;;;;;;;;
EVTDESC10290;\n\nAnd_yet_he_saw_the_privations_of_a_people_denied_that_ancient_breath_of_fresh_air_accorded_by_tradition_as_the_birthright_of_the_free_sons_of_$COUNTRY$,_liberty,_and_he_wept.'\n\nOne_of_our_country's_most_lauded_authors_has_published_a_book_recently,_which_critics_have_referred_to_as_the_most_scathing_condemnation_of_the_$COUNTRY_ADJ$_political_system_ever_to_make_it_past_censors._The_author's_work_is_a_passionate_argument_for_liberty_and_the_disestablishment_of_the_established_monarchical_order_of_the_old_world,_in_favor_of_the_rights_of_peoples_and_republics.;Et_déjà,_il_voyait_les_privations_d'un_peuple_à_qui_on_déniait_cet_ancien_souffle_d'air_frais_accordé_par_la_tradition,_comme_le_droit_de_naissance_des_enfants_libres_de_$COUNTRY$,_liberté,_et_il_pleura.\n\nL'un_des_auteurs_les_plus_plébiscités_de_notre_pays_a_récemment_publié_un_livre_que_les_critiques_ont_qualifié_de_plus_vive_condamnation_du_système_politique_$COUNTRY_ADJ$_qui_ait_échappé_aux_censeurs._Ce_livre_défend,_avec_passion,_la_liberté_et_le_démantèlement_de_l'ordre_monarchique_du_vieux_monde_et_fait_l'éloge_des_droits_des_peuples_et_des_républiques.;Und_dennoch_sah_er_ein_Volk,_dem_das_Atmen_frischer_Luft_verwehrt_wurde,_der_Freiheit,_etwas,_das_ihm_seit_jeher_bei_Geburt_als_freie_Söhne_von_$COUNTRY$_zustand,_und_er_weinte.'\n\nEiner_der_berühmtesten_Autoren_unseres_Landes_hat_kürzlich_ein_Buch_veröffentlicht,_das_Kritiker_als_die_schwerste_Beleidigung_des_$COUNTRY_ADJ$_Politiksystems_bezeichnet_haben,_die_jemals_die_Zensoren_überstanden_hat._Die_Arbeit_des_Autors_ist_ein_leidenschaftliches_Argument_für_die_Freiheit_und_die_Entstaatlichung_der_etablierten_monarchischen_Ordnung_der_alten_Welt_zugunsten_der_Rechte_der_Völker_und_Republiken.;;Y,_sin_embargo,_vio_las_privaciones_de_una_gente_a_la_que_se_negaba_el_aliento_antiguo_del_aire_fresco,_acordado_por_la_tradición_como_el_derecho_de_nacimiento_de_los_hijos_libres_de_$COUNTRY$,_de_la_libertad,_y_lloró.\n\nUno_de_los_escritores_más_alabados_de_nuestro_país_ha_publicado_recientemente_un_libro,_que_los_críticos_denominan_la_condena_más_mordaz_del_sistema_político_de_$COUNTRY$_que_alguna_vez_ha_llegado_a_pasar_la_censura._La_obra_del_autor_es_un_razonamiento_apasionado_por_la_libertad_y_la_eliminación_del_orden_monárquico_establecido_del_viejo_mundo,_en_favor_de_los_derechos_de_las_gentes_y_las_repúblicas._;;;;;;;;;
EVTOPTA10290;Make sure it stays a local hit at best;Veillez à ce que sa diffusion demeure restreinte.;Sorgt dafür, dass das Buch allenfalls ein lokaler Erfolg wird.;;Aseguraos de que no pase de ser un éxito local;;;;;;;;;
EVTOPTB10290;Such a voice must be heard in all of $COUNTRY$!;Une telle voix doit retentir partout en $COUNTRY$ !;Solch ein Werk muss in ganz $COUNTRY$ publik gemacht werden!;;¡Esa voz debería escucharse en todo $COUNTRY$!;;;;;;;;;
EVTNAME10300;Chamber of Commerce Protests;Protestations de la Chambre de commerce;Proteste der Handelskammer;;Protestas de la Cámara de Comercio;;;;;;;;;
EVTDESC10300;\n\nThe_chamber_of_commerce_in_one_of_our_states_has_lodged_an_angry_protest_with_local_government,_complaining_that_the_government's_economic_policy_of_economic_interventionism_harms_local_business_by_distorting_the_fundamental_logic_of_the_free_market._Inspired_by_enlightenment_publications_on_free_trade_and_laissez_faire_by_the_French_Physiocrats_and_the_Scottish_enlightenment,_the_Chamber_of_Commerce_demands_that_the_government's_policy_change,_and_that_they_be_left_alone_to_conduct_business_in_the_manners_which_they_see_fit._If_their_demands_are_not_met,_they_threaten_to_raise_the_issue_to_the_national_level.;La_Chambre_de_commerce_d'un_de_nos_États_a_vivement_protesté_contre_le_gouvernement_local_arguant_du_fait_que_sa_politique_économique_d'interventionnisme_porte_préjudice_aux_entreprises_locales_en_s'attaquant_à_la_logique_fondamentale_du_libre_échange._Inspirée_de_publications_éclairées_sur_le_libre_échange_et_le_laissez-faire_d'auteurs_français_et_écossais,_la_Chambre_de_commerce_exige_une_réorientation_de_la_politique_gouvernementale_et_son_indépendance_dans_la_manière_de_conduire_ses_affaires._Si_ses_exigences_ne_sont_pas_satisfaites,_elle_menace_d'en_référer_au_niveau_national.;Die_Handelskammer_in_einem_unserer_Staaten_hat_einen_wütenden_Protest_gegen_die_Lokalregierung_erhoben._Sie_beschwert_sich_darüber,_dass_die_Einmischung_der_Regierung_in_die_Wirtschaft_den_lokalen_Firmen_schadet,_indem_sie_die_fundamentale_Logik_des_freien_Markts_verzerrt._Die_von_aufklärerischen_französischen_und_schottischen_Publikationen_über_die_Handelsfreiheit_und_Laissez_Faire_inspirierte_Handelskammer_fordert,_dass_die_Regierung_ihre_Wirtschaftspolitik_ändert,_und_dass_sie_ihre_Geschäfte_nach_eigenem_Gutdünken_durchführen_kann._Wenn_ihre_Forderungen_nicht_erfüllt_werden,_drohen_sie,_das_Problem_national_publik_zu_machen.;;La_cámara_de_comercio_de_uno_de_nuestros_estados_ha_dirigido_una_protesta_airada_contra_el_gobierno_local,_quejándose_de_que_la_política_económica_del_gobierno_de_intervencionismo_económico_daña_los_negocios_locales,_tergiversando_la_lógica_fundamental_del_libre_mercado._Inspirada_por_las_publicaciones_de_la_Ilustración_sobre_el_libre_comercio_y_la_política_de_no_intervención_de_los_fisiócratas_y_la_Ilustración_Escocesa,_la_cámara_de_comercio_exige_un_cambio_en_la_política_del_gobierno,_y_que_la_dejen_sola_para_llevar_los_asuntos_de_la_forma_que_considere_apropiada._Si_no_se_cumplen_sus_exigencias,_amenazan_con_llevar_el_asunto_a_nivel_nacional.;;;;;;;;;
EVTOPTA10300;Perhaps some slight adjustments locally could be considered;De légers ajustements locaux pourraient s'avérer bénéfiques.;Vielleicht könne man ein paar leichten Veränderungen stattgeben ...;;Quizás podrían considerarse algunos ligeros ajustes a nivel local;;;;;;;;;
EVTOPTB10300;I refuse to submit to political demands by the entrenched elites;Je refuse de répondre aux exigences politiques d'élites retranchées.;Ich weigere mich, politischen Forderungen der versnobten Eliten nachzugeben.;;Me niego a ceder ante las demandas políticas de las élites afianzadas;;;;;;;;;
EVTNAME10320;A Treatise On Economics;Un traité en économie;Eine Wirtschaftsabhandlung;;Un tratado de economía;;;;;;;;;
EVTDESC10320;A_Liberal_professor_at_one_of_our_universities_has_published_a_pamphlet_on_economics_that_has_received_serious_attention_in_liberal_circles_both_in_$COUNTRY$_and_abroad._The_pamphlet_is_a_profound_little_tract,_arguing_in_eloquent_terms_the_virtues_of_freemarketeering_and_laissez_faire,_and_the_author_is_now_being_mentioned_in_the_same_breath_as_luminaires_such_as_Ricardo_and_Smith._We_could_decry_the_pamphlet_as_a_spurious_piece_of_liberal_propaganda,_but,_then_again,_he_might_have_a_point?;Un_professeur_libéral_exerçant_dans_l'une_de_nos_universités_a_publié_un_pamphlet_économique_qui_a_suscité_l'intérêt_des_cercles_libéraux_en_$COUNTRY$_comme_à_l'étranger._Ce_pamphlet_souligne,_avec_éloquence,_les_vertus_du_libre_échange_et_du_laissez-faire_et_son_auteur_est_désormais_comparés_à_des_personnages_tels_que_Ricardo_et_Smith._Nous_pourrions_dénoncer_ce_pamphlet_en_le_qualifiant_de_propagande_libérale,_mais,_là_encore,_il_n'en_ressortirait_que_plus_fort_?;Ein_liberaler_Professor_an_einer_unserer_Universitäten_hat_ein_Pamphlet_über_die_Wirtschaft_veröffentlicht,_das_in_den_liberalen_Kreisen_in_$COUNTRY$_und_im_Ausland_großen_Beifall_findet._Das_Pamphlet_ist_ein_kurzes,_tiefgründiges_Traktat,_das_wortgewandt_die_Tugenden_der_Handelsfreiheit_und_von_Laissez_Fair_anpreist._Der_Autor_wird_nun_im_gleichen_Atemzug_wie_Lichtgestalten_wie_Ricardo_und_Smith_genannt._Wir_könnten_das_Pamphlet_als_fadenscheinige_Liberalpropaganda_schlecht_machen,_aber_was_ist,_wenn_er_mit_seinen_Worten_gar_nicht_so_unrecht_hat?;;Un_profesor_liberal_de_una_de_nuestras_universidades_ha_publicado_un_panfleto_sobre_economía_que_ha_recibido_seria_atención_en_círculos_liberales_de_$COUNTRY$_y_del_extranjero._El_panfleto_es_un_pequeño_y_profundo_tratado_que_expone,_en_términos_elocuentes,_las_virtudes_del_libre_mercado_y_la_política_de_no_intervención._El_autor_ahora_es_mencionado_junto_a_eruditos_como_Ricardo_y_Smith._Podríamos_desprestigiar_el_panfleto_como_una_obra_falaz_de_propaganda_liberal,_pero,_entonces,_¿podría_tener_razón?;;;;;;;;;
EVTOPTA10320;Obviously we must take pride in this publication!;De toute évidence, nous ne pouvons qu'être fiers d'une telle publication !;Auf diese Publikation müssen wir natürlich stolz sein!;;¡Obviamente, debemos enorgullecernos de esta publicación!;;;;;;;;;
EVTOPTB10320;Certainly, this is only propaganda designed to exploit the working classes.;Certainement, il ne s'agit que de propagande destinée à exploiter les classes ouvrières.;Dies ist sicherlich nur Propaganda zur Ausnutzung der Arbeiterklasse.;;Desde luego, esto es solo propaganda diseñada para explotar a las clases trabajadoras.;;;;;;;;;
EVTNAME10330;Chartist Rallies;Rassemblements chartistes;Chartisten-Kundgebung;;Mitin cartista;;;;;;;;;
EVTDESC10330;\n\nA_rally_has_been_organized_in_one_of_our_states_by_members_of_the_$COUNTRY_ADJ$_Chartist_Club,_calling_for_the_extension_of_the_voting_privileges_to_broader_strata_of_the_voting_publicum._While_calm_and_relatively_orderly_on_the_surface,_the_rally_might_get_out_of_hand_at_any_time._Police_are_standing_by,_ready_to_intervene,_and_some_among_them_even_seem_eager_to.;Un_rassemblement_a_été_organisé_dans_l'un_de_nos_États_par_les_membres_du_Club_chartiste_$COUNTRY_ADJ$_pour_appeler_à_l'extension_du_droit_de_vote_à_un_plus_grand_nombre_de_personnes._Bien_que_calme_et_discipliné_en_apparence,_ce_rassemblement_menace_de_vite_dégénérer._La_police_est_présente,_prête_à_intervenir,_et_affiche_même_une_certaine_volonté_en_ce_sens.;Mitglieder_des_$COUNTRY_ADJ$_Chartisten-Vereins_hat_in_einem_unserer_Staaten_eine_Kundgebung_organisiert._Man_fordert_die_Ausweitung_des_Wahlprivilegs_auf_größere_Teile_der_wahlfähigen_Bevölkerung._Die_Kundgebung_läuft_zwar_ruhig_und_relativ_geordnet_ab,_aber_sie_könnte_jederzeit_aus_dem_Ruder_laufen._Die_Polizei_ist_bereit_zum_Einschreiten,_und_einige_der_Polizisten_würden_das_anscheinend_nur_zu_gerne_tun.;;Un_mitin_ha_sido_organizado_en_uno_de_nuestros_estados_por_miembros_del_club_cartista_$COUNTRY_ADJ$,_para_solicitar_la_extensión_de_los_privilegios_del_voto_a_un_estrato_más_amplio_del_voto_público._Aunque_en_apariencia_calmado_y_relativamente_disciplinado,_el_mitin_podría_irse_de_las_manos_en_cualquier_momento._La_policía_está_preparada_y_dispuesta_a_intervenir_y_algunos_de_sus_integrantes_incluso_parecen_ansiosos_por_hacerlo.;;;;;;;;;
EVTOPTA10330;Let them hold their little rally.;Qu'ils poursuivent leur rassemblement !;Sollen sie doch ihre kleine Kundgebung abhalten.;;Dejad que celebren su pequeño mitin.;;;;;;;;;
DIPLOMACY_INFAMY;Infamy: §Y$VALUE$§W;Infamie : §Y$VALUE$§W;Infamie: §Y$VALUE$§W;;Infamia: §Y$VALUE$§W;;;;;;;;;
WARDIALOG_INFAMY;$VALUE$ Infamy;$VALUE$ en infamie;$VALUE$ Infamie;;$VALUE$ de Infamia;;;;;;;;;
WARDIALOG_PRESTIGE;$VALUE$ Prestige;$VALUE$ en prestige;$VALUE$ Prestige;;$VALUE$ de Prestigio;;;;;;;;;
WARDIALOG_PEACECOST;$VALUE$ Peace cost;$VALUE$ en coût de paix;$VALUE$ Friedenskosten;;$VALUE$ de Coste de la paz;;;;;;;;;
WARDIALOG_SELECT_COUNTRY;Select a §Ycountry§W in the list to the right;Sélectionner un §Ypays§W dans la liste de droite.;Wählen Sie in der Liste rechts ein §YLand§W aus.;;Seleccionar un §Ypaís§W de la lista a la derecha;;;;;;;;;
WARDIALOG_SELECT_STATE;Select a §Ystate§W in the list to the right;Sélectionner un §YÉtat§W dans la liste de droite.;Wählen Sie in der Liste rechts einen §YStaat§W aus.;;Seleccionar un §Yestado§W de la lista a la derecha;;;;;;;;;
protect_minor_desc;Select a §state§W in the list to the right;Sélectionner un §YÉtat§W dans la liste de droite.;Wählen Sie in der Liste rechts einen §YStaat§W aus.;;Seleccionar un §estado§W de la lista de la derecha;;;;;;;;;
po_disarmament2;Prohibited from raising armies and lose §Y$PERCENTAGE$%§W of their forces for §Y$YEARS$§W years;N'a plus le droit de lever des armées et perd §Y$PERCENTAGE$%§W de ses forces pendant §Y$YEARS$§W ans;Verbot des Aushebens von Armeen und Verlust von §Y$PERCENTAGE$%§W ihrer Truppen über §Y$YEARS$§W Jahre.;;Prohibido el reclutamiento de ejércitos y pérdida del §Y$PERCENTAGE$%§W de sus fuerzas durante §Y$YEARS$§W años;;;;;;;;;
po_reparations2;Must pay §Y$PERCENTAGE$%§W of tax income for §Y$YEARS$§W years;Doit payer §Y$PERCENTAGE$%§W de taxes pendant §Y$YEARS$§W ans.;Zahlung von §Y$PERCENTAGE$%§W der Steuereinnahmen für §Y$YEARS$§W Jahre.;;Debe pagar el §Y$PERCENTAGE$%§W de sus impuestos durante §Y$YEARS$§W años;;;;;;;;;
po_reduce_prestige2;The Humiliate wargoal reduces §YPrestige§W by a §Yfactor of 28%§! and an §Yadditional 30-ish prestige§!;Le §Yprestige§W est réduit de : §R$VALUE$§W;§YPrestige§W wird um §R$VALUE$§W reduziert.;;§YPrestige§W se ve reducido en §R$VALUE$§W;;;;;;;;;
POP_DETAILS_UNEMPLOYED;Unemployed:;Sans emploi :;Arbeitlos:;;Desempleados:;;;;;;;;;
POP_DETAILS_POPCHANGES;Pop Changes;Changements POP;Bev-Änderungen;;El maíz cambia;;;;;;;;;
repeal_the_corn_laws_title;Repeal The Corn Laws;Abrogation des lois sur le grain;Die Korngesetze;;Revocar las 'Corn Laws';;;;;;;;;
repeal_the_corn_laws_desc;The 'Corn Laws' were a series of vastly unpopular tariffs, often described as a rare example of British mercantilism, designed to 'protect' British farmers and corn prices from cheap foreign competition, which, naturally, had the effect of effectively increasing corn prices for Britain's poor. After the failed harvest of 1845, and the following Potato Famine in Ireland, the Corn Laws were finally repealed in 1846. The failure of these tariffs heralded a long period of British commitment to the ideals of Laissez-faire capitalism, that was to last for most of the 19th century.;Les "lois sur le grain" regroupaient une série de droits de douanes très impopulaires, souvent décrites comme un rare exemple de mercantilisme britannique, conçues pour "protéger" les fermiers anglais et les prix du blé de la concurrence étrangère, ce qui, naturellement, avait pour effet d'augmenter les prix du blé pour les plus pauvres. Après la mauvaise récolte de 1845 et la Grande Famine irlandaise, les lois sur le grain finirent par être abrogées en 1846. L'échec de ces droits de douane marqua le début d'une longue période d'engagement britannique à l'égard des idéaux du capitalisme laxiste qui allait perdurer pendant presque tout le XIXe siècle.;Die 'Korngesetze' waren eine Reihe äußerst unbeliebter Zollabgaben, die oft als seltenes Beispiel für britischen Merkantilismus beschrieben wurden. Mit diesen Einfuhrzöllen sollte die britische Landwirtschaft vor der billigen ausländischen Konkurrenz 'geschützt' werden, aber natürlich erhöhte dies den Armen Englands nur die Kornpreise. Nach der Missernte von 1845 und der darauf folgenden Kartoffel-Hungersnot in Irland wurden die Korngesetze 1846 endlich aufgehoben. Das Scheitern dieser Zölle leite eine lange Periode britischer Verbundenheit mit den Idealen des Laissez Faire-Kapitalismus ein, die den Großteil des neunzehnten Jahrhunderts überspannte.;;Las 'Corn Laws' fueron una serie de impuestos enormemente impopulares, a menudo descritos como un ejemplo singular de mercantilismo británico, diseñados para 'proteger' a los granjeros británicos y el precio de su grano frente a la competencia extranjera, mucho más barata, cuyo efecto, naturalmente, fue el del aumento del precio del maíz para los pobres británicos. Tras la cosecha malograda de 1845, y la posterior Plaga de la Patata en Irlanda, las 'Corn Laws' fueron finalmente abolidas en 1846. El fracaso de estos impuestos presagiaba un largo período de compromiso británico con los ideales del capitalismo no intervencionista, que iba a durar la mayor parte del S.XIX.;;;;;;;;;
corn_laws_repealed;Corn Laws Repealed;Abrogation des lois sur le grain;Korngesetze aufgehoben;;Revocación de las 'Corn Laws';;;;;;;;;
corn_laws_repealed_desc;A series of impopular import tariffs, the 'Corn Laws', have been repealed.;Une série de tarifs douaniers très impopulaires, les "lois sur le grain", a été abrogée.;Eine Reihe von unbeliebten Einfuhrzöllen, die 'Korngesetze', sind wieder aufgehoben worden.;;Una serie de impuestos de importación impopulares, las 'Corn Laws', han sido abolidos.;;;;;;;;;
crown_empress_of_india_title;The Empress of India;L'Impératrice des Indes;Die Kaiserin von Indien;;La Emperatriz de la India;;;;;;;;;
crown_empress_of_india_desc;After the abolition of the Mughal Empire and the British East India Company, Queen Victoria was, in 1857, granted the title of Empress of India. The original initiative for the creation of the title is usually accredited to then Prime Minister Benjamin Disraeli. By establishing the British Raj in India, we can ensure a Place in the Sun for The British Empire!;Après l'abolition de l'Empire moghol et de la Compagnie des Indes orientales, la reine Victoria se vit décerner, en 1857, le titre d'Impératrice des Indes. La création de ce titre est généralement attribuée au Premier ministre Benjamin Disraeli. En établissant le Raj britannique en Inde, nous assurerons une place au soleil à l'Empire britannique !;Nach der Abschaffung des Mughal-Reichs und der Britischen Ostindien-Kompanie bekam Queen Victoria im Jahr 1857 den Titel Kaiserin von Indien verliehen. Die ursprüngliche Initiative zur Schaffung dieses Titels wird dem Premierminister Benjamin Disraeli zugeschrieben. Durch die Etablierung des britischen Raj in Indien können wir dem Britischen Weltreich einen Platz an der Sonne sichern!;;Tras la abolición del Imperio Mogol y la Compañía Británica de las Indias Orientales, la Reina Victoria recibió el título de Emperatriz de la India en 1857. La iniciativa original para crear este título suele atribuirse al entonces Primer Ministro, Benjamin Disraeli. ¡Mediante el establecimiento del Raj Británico en la India, podemos asegurar un lugar en el sol para el Imperio Británico!;;;;;;;;;
svenska_pansarbats_foreningen_title;Svenska Pansarbåtsföreningen;Svenska Pansarbåtsföreningen;Svenska Pansarbåtsföreningen;;Svenska Pansarbåtsföreningen;;;;;;;;;
svenska_pansarbats_foreningen_desc;The Swedish Armed Cruiser Association was formed in 1912 in order to raise money for the purchase of a modern coastal defense cruiser for the Swedish Navy. The project met with a great deal of popular success, and the Association was, within a mere hundred days, able to present His Majesty Gustav V with the sum of some 15 million kronor, which would eventually be used to commission the 'HMS Sverige', launched in 1915.;L'association suédoise Pansarbåtsföreningen fut formée en 1912 afin de lever des fonds destinés à l'achat d'un croiseur de défense côtière moderne pour la marine suédoise. Le projet remporta un vif succès et l'association réussit, en une centaine de jours, à offrir au roi Gustav V la somme de 15 millions de couronnes, somme utilisée pour construire le "HMS Sverige" qui entra en service en 1915.;Der Schwedische Panzerkreuzerverein wurde im Jahr 1912 gegründet, um Gelder für den Kauf eines modernen Küstenpanzerkreuzers für die schwedische Marine zu sammeln. Das Projekt hatte großen öffentlichen Erfolg und so konnte der Verein Seiner Majestät Gustav V. innerhalb von nur Hundert Tagen eine Summe von 15 Millionen schwedischer Kronen überreichen, mit denen letztendlich im Jahr 1915 die 'HMS Sverige' in Dienst gestellt wurde.;;La Asociación de Cruceros Acorazados Sueca se formó en 1912 para conseguir dinero para la compra de un crucero de defensa costero moderno para la Marina Sueca. El proyecto tuvo un gran éxito popular y la Asociación pudo reunir en cuestión de un centenar de días y presentarla a su Majestad Gustavo V la suma de 15 millones de coronas, que se usaron finalmente para poner en servicio al 'HMS Sverige', botado en 1915.;;;;;;;;;
OUTLINER_QUEUED;Queued units:;Unités dans la file d'attente :;Einheiten in Baureihe:;;Unidades en cola:;;;;;;;;;
BUDGET_NO_LOANS_TO_REPAY;We have no loans to pay back;Nous n'avons plus d'emprunts à rembourser;Wir müssen keine Darlehen zurückzahlen;;No tenemos préstamos que devolver;;;;;;;;;
POPDETAIL_NO_REBEL;No rebel affiliation;Aucune affiliation rebelle;Keine Verbindung mit Rebellen;;Ninguna afiliación rebelde;;;;;;;;;
PRODUCTION_STOCKPILE_LACK_COST;Stockpile lack cost:;Coût des matériaux :;Kosten für Vorratsdefizit:;;Coste falta reserva:;;;;;;;;;
DIPLOMACY_AT_WAR_WITH;At war with:;En guerre : ;Im Krieg mit:;;En guerra con:;;;;;;;;;
COLONIZE_CLOSEST_BASE_TO_FAR_SPEC;Closest naval base in §Y$PROV$§W is not close enough.\n(Naval range: §R$NEED$§W/§Y$CURR$§W needed);La base navale la plus proche §Y$PROV$§W est trop loin.\n(Portée navale : §R$CURR$§W/§Y$NEED$§W requis);Nächste Marinestützpunkt in §Y$PROV$§W ist nicht nah genug.\n(Flottenreichweite: §R$CURR$§W/§Y$NEED$§W benötigt);;La base naval más cercana en §Y$PROV$§W no está lo bastante cerca.\n(Alcance naval: §R$NEED$§W/Se necesita §Y$CURR$§W);;;;;;;;;
COLONIZE_CLOSEST_BASE_SPEC;Closest naval base is in §Y$PROV$§W.\n(Naval range: §G$NEED$§W/§Y$CURR$§W needed);La base navale la plus proche se trouve à §Y$PROV$§W.\n(Portée navale : §G$CURR$§W/§Y$NEED$§W requis);Der nächste Marinestützpunkt ist in §Y$PROV$§W.\n(Flottenreichweite: §R$CURR$§W/§Y$NEED$§W benötigt);;La base naval más cercana está en §Y$PROV$§W.\n(Alcance naval: §G$NEED$§W/Se necesita §Y$CURR$§W);;;;;;;;;
BUILDING_INFRASTRUCTURE;Infrastructure: §Y$VALUE$§W;Infrastructure : §Y$VALUE$§W;Infrastruktur: §Y$VALUE$§W;;Infraestructura: §Y$VALUE$§W;;;;;;;;;
UNITVIEW_POP_INFO;§Y$TYPE$§W from §Y$LOC$§W.;§Y$TYPE$§W provenant de §Y$LOC$§W.;§Y$TYPE$§W von §Y$LOC$§W.;;§Y$TYPE$§W de §Y$LOC$§W.;;;;;;;;;
UNITVIEW_POP_INFO_FACTION;Part of §Y$FACTION$§W.;Font partie des §Y$FACTION$§W.;Teil von §Y$FACTION$§W.;;Pertenecientes a: §Y$FACTION$§W.;;;;;;;;;
IS_NOT_MOB;Is Not Mobilized.;N'est PAS mobilisé.;Ist nicht mobilisiert.;;No está movilizado.;;;;;;;;;
IS_MOB;Is Mobilized;Est mobilisé.;Ist mobilisiert.;;Está movilizado;;;;;;;;;
enact_female_suffrage_title;Enact Women's Suffrage;Droit de vote des femmes;Frauenwahlrecht verfügen;;Permitir el sufragismo;;;;;;;;;
enact_female_suffrage_desc;The idea of women's suffrage increasingly gained traction in Western society throughout the 19th century. First advocated in the writings of early liberal philosophers, such as England's Mary Woolstonecraft or John Stuart Mill, the idea and ideology of women's suffrage gradually developed, as the century wore on, into a coherent ideology in its own right: Feminism. The experience during The First World War, of women working in factories, and other jobs previously reserved for men during peacetime, is often said to have been a crucial pivot point in securing Woman's right to work, vote, and, in other fields of society, achieve legal equality with men.;Au XIXe siècle, la question du droit de vote des femmes gagne de plus en plus de terrain. Initialement défendue dans les écrits des premiers philosophes libéraux, parmi lesquels les britanniques Mary Woolstonecraft ou John Stuart Mill, l'idée du droit de vote des femmes s'est progressivement répandue au fil du siècle pour donner lieu à une idéologie à part entière : le féminisme. L'expérience de la Première Guerre mondiale, lorsque les femmes travaillèrent en usine et exercèrent des métiers jusque là réservés aux hommes, serait l'un des pivots du droit des femmes à travailler, à voter et, dans d'autres domaines de la société, à atteindre un statut d'égalité avec les hommes.;Die Idee des Frauenwahlrechts fasste im Verlauft des neunzehnten Jahrhunderts in der westlichen Gesellschaft immer mehr Fuß. Zuerst von frühen liberalen Philosophen wie Englands Mary Woolstonecraft oder John Stuart Mill unterstützt, entwickelte sich die Idee und Ideologie des Frauenwahlrechts im weiteren Verlauf des Jahrhundert allmählich zu einer eigenen, kohärenten Ideologie, dem Feminismus. Die Erfahrungen des ersten Weltkriegs, als Frauen in Fabriken und anderen Berufen die Rollen der Männer einnahmen, werden oft als Wendepunkt für das Recht der Frauen auf Arbeit, Wahlrecht, Gleichberechtigung und andere gesellschaftliche Aspekte bezeichnet.;;La idea del sufragismo ganó seguidores paulatinamente en la sociedad occidental durante el siglo XIX. Primero defendido en los escritos de los primeros filósofos liberales, como la inglesa Mary Woolstonecraft o John Stuart Mill, la idea e ideología del Sufragismo se desarrolló gradualmente, a medida que el siglo transcurría, hasta convertirse en una ideología coherente por derecho propio: el feminismo. La experiencia durante la Primera Guerra Mundial de mujeres trabajando en fábricas y otros trabajos previamente reservados para los hombres en época de paz, a menudo suele decirse que ha sido un punto pivotal crucial en asegurar el derecho a trabajar de la mujer, el derecho al voto y, en otros campos de la sociedad, para conseguir la igualdad legal con el hombre.;;;;;;;;;
female_suffrage;Women's Suffrage;Droit de vote des femmes;Frauenwahlrecht;;Sufragismo;;;;;;;;;
female_suffrage_desc;Our country accords women legal equality with men, and the right to vote in general elections.;Notre pays accorde aux femmes la même égalité qu'aux hommes ainsi que le droit de voter lors des élections générales.;Unser Land gewährt Frauen denselben Rechtsstatus wie Männern sowie das Wahlrecht für Parlamentswahlen.;;Nuestro país acuerda la igualdad legal entre mujeres y hombres, y el derecho a votar en las elecciones generales.;;;;;;;;;
support_ruhr_industrialism_desc;A peculiar Military-Industrial complex is emerging in the now heavily industrialized Ruhr-area, where several leading industrialists, notably from the Krupp family, are working together with Prussian Army & Government officials to develop, in coherence with Prussian state ideology, our military and industrial capabilities. Voltaire has said of Prussia that it is an army with a country, and nowhere is this more true than in the Ruhr.;Un singulier complexe militaro-industriel voit le jour dans la région très industrialisée de la Ruhr. Plusieurs grands industriels, notamment la famille Krupp, collaborent avec les fonctionnaires du gouvernement et de l'armée prusses pour développer, en harmonie avec l'idéologie d'État prusse, nos capacités militaires et industrielles. Voltaire avait décrit la Prusse comme étant une armée dotée d'un pays, et cela se vérifie dans la Ruhr.;Im stark industrialisierten Ruhrgebiet bildet sich ein besonderer militärisch-industrieller Komplex heraus. Dabei arbeiten mehrere führende, bemerkenswerterweise vornehmlich aus der Krupp-Familie stammende Industrialisten mit preußischen Armee- und Regierungsoffiziellen zur Entwicklung unserer militärischen und industriellen Fähigkeiten in Einklang mit der preußischen Staatsideologie zusammen. Voltaire hat über Preußen gesagt, es sei eine Armee mit einem Land, und nirgendwo trifft das den Nagel mehr auf den Kopf als im Ruhrgebiet.;;Un peculiar complejo industrial militar está emergiendo en el área altamente industrializada del Ruhr, donde varios industriales, en particular de la familia Krupp, están trabajando con el ejército prusiano y los oficiales del gobierno para desarrollar, en cohesión con la ideología del estado prusiano, nuestras posibilidades militares e industriales. Voltaire dijo de Prusia que era un ejército con un país y en ningún sitio esto es más cierto que en el Ruhr.;;;;;;;;;
EVTNAME17020;World Anti-Slavery Convention;Convention mondiale contre l'esclavage;World Anti-Slavery Convention;;Convención Mundial de Lucha contra la Esclavitud;;;;;;;;;
EVTDESC17020;\n\nThe_subject_of_women's_suffrage_has_come_into_national_focus_at_the_$CAPITAL$_Anti-Slavery_Convention,_held_just_the_other_day_in_$CAPITAL$,_$COUNTRY$._With_several_international_delegates_present,_some_of_whom_women,_a_motion_was_put_before_the_convention_that_female_delegates,_while_they_should_be_heard_before_the_chamber,_should_ultimately_be_denied_the_right_to_vote_on_any_resolutions_to_be_adopted_by_the_convention._The_seating_arrangements_alone_have_become_an_issue,_as_men_and_women_at_the_convention_sit_segregated._It_is_becoming_ever_more_obvious_that_women_in_$COUNTRY$,_and_the_entire_Western_world,_are_increasingly_striving_to_partake_in_public_discourse_and_debate.;La_question_du_droit_de_vote_des_femmes_s'est_invitée_à_la_convention_mondiale_contre_l'esclavage,_qui_avait_eu_lieu_le_jour_précédent_à_$CAPITAL$,_en_$COUNTRY$._En_présence_de_plusieurs_délégués_internationaux,_parmi_lesquels_des_femmes,_une_motion_a_été_présentée_à_la_convention_pour_que_les_femmes_déléguées,_alors_qu'elles_devraient_être_entendues_devant_la_chambre,_devraient_finalement_se_voir_refuser_le_droit_de_voter_sur_les_résolutions_qui_seront_adoptées_par_la_convention._L'accueil_même_des_participants_pose_problème,_puisque_les_hommes_et_les_femmes_de_la_convention_ne_peuvent_pas_s'asseoir_côte_à_côte._ll_apparaît_de_plus_en_plus_évident_que_les_femmes_de_$COUNTRY$,_et_que_le_monde_occidental_dans_son_ensemble,_entendent_participer_au_débat_public.;Das_Thema_des_Frauenwahlrechts_ist_bei_der_$CAPITAL$-Anti-Sklaverei-Konvention,_die_gestern_in_$CAPITAL$,_$COUNTRY$_abgehalten_wurde,_in_den_nationalen_Fokus_gerückt._In_Anwesenheit_mehrerer_internationaler_Delegierter,_einige_davon_Frauen,_wurde_auf_der_Konvention_ein_Antrag_vorgelegt,_dass_weibliche_Delegierten_das_Recht_verwehrt_werden_sollte,_über_jegliche_auf_der_Konvention_getroffene_Lösungen_abzustimmen,_wenngleich_sie_dort_Reden_halten_durften._Schon_alleine_die_Sitzverteilung_auf_der_Konvention_ist_zu_einem_Problem_geworden,_da_Männer_und_Frauen_getrennt_sitzen#._Es_ist_offensichtlicher_als_je_zuvor,_dass_Frauen_in_$COUNTRY$_und_der_gesamten_westlichen_Welt_zunehmend_danach_streben,_an_öffentlichen_Vorträgen_und_Debatten_teilzunehmen.;;El_asunto_del_sufragismo_se_ha_convertido_en_problema_nacional_en_la_Convención_contra_la_esclavitud_de_$CAPITAL$,_que_tuvo_lugar_el_otro_día_en_$CAPITAL$,_$COUNTRY$._Con_varios_delegados_internacionales_presentes,_algunos_de_ellos_mujeres,_se_presentó_una_moción_ante_la_convención_por_la_que_las_delegadas_femeninas_debían_ser_oídas_ante_la_cámara_pero,_en_última_instancia_se_les_negaría_el_derecho_a_votar_en_las_resoluciones_que_adoptara_la_convención._Ya_solo_la_disposición_de_los_asientos_se_ha_convertido_en_un_problema,_porque_los_hombres_y_las_mujeres_de_la_convención_se_sientan_separados._Se_hace_más_obvio_que_nunca_que_en_$COUNTRY$,_y_en_todo_el_mundo_occidental,_la_mujer_cada_vez_está_participando_más_intensamente_en_los_discursos_y_debates_públicos.;;;;;;;;;
EVTOPTA17020;This blatant discrimination is silly to the point of the absurd;Cette discrimination flagrante est stupide au point de l'absurde.;Diese eklatante Diskriminierung ist so unsinnig wie absurd.;;Esta discriminación flagrante es ridícula hasta el punto del absurdo.;;;;;;;;;
EVTOPTB17020;This blatant allowing of women to talk in public assemblies is silly to the point of the absurd;Cette autorisation accordée aux femmes de s'exprimer est absurde.;Es ist absolut unsinnig und absurd, Frauen zu erlauben, auf öffentlichen Versammlungen zu sprechen.;;Esta permisividad de que las mujeres puedan hablar en asambleas públicas es ridícula.;;;;;;;;;
HAVE_INDUSTRIAL_SCORE_MORE_THAN;Have a higher Industrial Score than: ;Dispose d'un meilleur score industriel que ;Erringen Sie eine höhere industrielle Punktzahl als:;;Tiene una puntuación industrial más alta que: ;;;;;;;;;
EVTNAME17030;Working Women;Les femmes qui travaillent;Arbeitende Frauen;;Mujeres trabajadoras;;;;;;;;;
EVTDESC17030;\n\nWith_the_war_dragging_on,_and_more_and_more_of_our_able-bodied_young_men_being_called_up_for_military_service,_several_leading_industrialists_have_suggested_that_we_tap_the_productive_energies_of_$COUNTRY_ADJ$_womanhood,_and_rotate_women_into_temporary_employment_in_the_factories._This_policy,_so_say_the_learned_of_industry,_has_already_been_proven_successful_in_several_small-scale_attempts,_where_women_have_been_found_to_be_nowhere_near_the_slow_learners_that_common_wisdom_had_otherwise_made_them_out_to_be._Apparently,_they_are_quite_capable_of_handling_the_tasks_assigned_to_them_in_a_factory_environment._The_age_of_wonders_is_not_past,_it_seems.;Alors_que_la_guerre_s'éternise_et_que_de_plus_en_plus_de_jeunes_hommes_valides_sont_appelés_sous_les_drapeaux,_plusieurs_grands_industriels_ont_suggéré_de_faire_appel_à_la_main-d'?uvre_féminine_$COUNTRY_ADJ$_et_de_faire_tourner_ces_femmes,_dans_le_cadre_d'emplois_temporaire,_dans_les_usines._Cette_politique,_comme_le_soulignent_ces_industriels,_s'est_déjà_avérée_bénéfique_lors_de_tentatives_de_moindre_envergure,_et_les_femmes,_contrairement_aux_idées_reçues,_apprennent_vite._Apparemment,_elles_sont_tout_à_fait_capables_de_remplir_les_tâches_qui_leur_sont_confiées_dans_les_usines._L'ère_des_miracles_ne_connaît_pas_de_fin,_visiblement.;Der_Krieg_zieht_sich_in_die_Länge,_und_immer_mehr_unserer_jungen_Männer_müssen_an_die_Front._Mehrere_führende_Industrialisten_haben_deshalb_vorgeschlagen,_dass_wir_uns_die_Arbeitskraft_der_$COUNTRY_ADJ$_Frauen_zunutze_machen_und_sie_vorübergehend_in_den_Fabriken_beschäftigen._Dies_hat_sich_bereits_bei_mehreren_Versuchen_auf_kleiner_Basis_bewährt,_als_sich_Frauen_ganz_und_gar_nicht_als_die_langsamen_Lerner_herausgestellt,_für_die_man_sie_im_Allgemeinen_hielt._Anscheinend_sind_sie_durchaus_in_der_Lage,_die_ihnen_in_einer_Fabrik_gestellten_Aufgaben_zu_erfüllen._Das_Zeitalter_der_Weltwunder_ist_anscheinend_noch_nicht_vorbei.;;Como_la_guerra_parece_no_acabar_nunca_y_cada_vez_más_jóvenes_son_llamados_a_cumplir_el_servicio_militar,_varios_industriales_destacados_han_sugerido_que_explotemos_las_energías_productivas_de_las_mujeres_de_$COUNTRY$,_y_alternemos_a_las_mujeres_en_empleos_temporales_en_las_fábricas._Esta_política,_según_dicen_los_expertos_en_política,_ya_ha_demostrado_tener_éxito_en_diversos_intentos_a_pequeña_escala,_en_los_que_las_mujeres_han_demostrado_que_no_son_en_absoluto_las_criaturas_de_aprendizaje_torpe_que_la_sabiduría_popular_decía._Aparentemente,_son_bastante_capaces_de_asumir_las_tareas_que_les_sean_encomendadas_en_una_fábrica._Parece_que_aún_no_ha_acabado_la_era_de_los_descubrimientos_maravillosos.;;;;;;;;;
EVTOPTA17030;Naturally the war-effort demands every available hand;Naturellement, l'effort de guerre a besoin de toutes les bonnes volontés.;Die Kriegsbemühungen brauchen natürlich jede mögliche Hilfe.;;Evidentemente, el esfuerzo de guerra exige que echemos mano de toda la gente disponible;;;;;;;;;
EVTOPTB17030;BLOOD AND CONQUEST!!! ... Apologies, what were you saying?;SANG ET CONQUÊTE !!! ... Pardon, que disiez-vous ?;BLUT UND EROBERUNG!!! ... Entschuldigung, was war das gerade?;;¡SANGRE Y CONQUISTA! Disculpe, ¿qué decía?;;;;;;;;;
EVTNAME17040;I Thought The Major Was A Lady Suffragette;Je pensais que le commandant était une suffragette;Ich dachte, die Bürgermeisterin sei eine Frauenrechtlerin.;;Pensé que el alcalde era una sufragista;;;;;;;;;
EVTDESC17040;\n\nAnd,_it_is_therefore_my_conclusion,_that_although_there_are_certain_professions_generally_unsuitable_for_women_to_occupy,_their_presence_in_the_work_place_poses_no_fundamental_threat_to_the_social_order.'\n\nA_well-known_and_respected_member_of_our_military_establishment_has,_today,_published_an_opinion_editorial_in_the_$CAPITAL$_Courier,_one_of_$COUNTRY$'s_leading_dailies._In_what_has_been_described_as_the_biggest_career_blunder_in_the_decade,_the_general_has_advocated_the_inclusion_of_women_in_the_work_place,_in_factories_and_businesses,_arguing_primarily_that_their_inclusion_and_protection_under_law_would_only_amount_to_a_confirmation_of_the_already_established_de_facto_state_of_women_being_employed.;..._et,_par_conséquent,_j'en_conclus_que,_même_si_certaines_professions_ne_conviennent_généralement_pas_aux_femmes,_leur_présence_dans_le_monde_du_travail_ne_constitue_en_rien_une_menace_pour_l'ordre_social.\n\nUn_membre_très_connu_et_respecté_de_notre_effectif_militaire_a,_aujourd'hui,_publié_un_éditorial_dans_le_Courrier_de_$CAPITAL$,_l'un_des_plus_grands_quotidiens_de_$COUNTRY$._Dans_cet_éditorial,_considéré_comme_la_plus_grande_bévue_de_la_décennie,_le_général_a_défendu_l'embauche_de_femmes_dans_le_monde_du_travail,_usines_et_entreprises_confondues,_soulignant_notamment_le_fait_que_leur_intégration_et_leur_protection_légales_ne_feraient_que_confirmer_le_statut_de_facto_des_femmes_déjà_en_poste.;Und_demzufolge_komme_ich_zu_dem_Schluss,_dass_obwohl_manche_Berufe_für_Frauen_sicherlich_ungeeignet_sind,_ihre_Gegenwart_am_Arbeitsplatz_keine_fundamentale_Gefährdung_der_sozialen_Ordnung_darstellt.'\n\nEin_bekanntes_und_wohl_respektiertes_Mitglied_unseres_Militärs_hat_heute_im_$CAPITAL$-Kurier,_einer_der_führenden_Tageszeitungen_in_$COUNTRY$,_einen_Meinungsartikel_veröffentlicht._Im_wohl_größten_Karrierefehlgriff_des_Jahrzehnts_hat_der_General_die_Einbeziehung_von_Frauen_am_Arbeitsplatz_in_Fabriken_und_Geschäften_befürwortet_und_dabei_hauptsächlich_damit_argumentiert,_ihre_Einbeziehung_und_ihr_rechtlicher_Schutz_wären_lediglich_eine_Bestätigung_des_bereits_etablierten_Status_von_Frauen_als_Arbeitskräfte.;;Y_es_mi_conclusión_que,_aunque_hay_ciertas_profesiones_que,_en_general,_no_son_adecuadas_para_la_mujer,_su_presencia_en_el_mercado_laboral_no_presenta_amenaza_alguna_para_el_orden_social.\n\nUn_conocido_y_respetado_miembro_de_nuestro_ejército_ha_publicado_hoy_una_carta_de_opinión_en_el_Correo_de_$CAPITAL$,_uno_de_los_principales_diarios_de_$COUNTRY$._En_lo_que_ya_se_considera_como_el_mayor_error_en_una_carrera_de_la_década,_el_general_ha_defendido_la_inserción_de_la_mujer_en_el_trabajo,_en_las_fábricas_y_los_negocios,_argumentando_que_esta_inserción_y_su_correspondiente_protección_legal,_solo_contribuirían_a_confirmar_la_situación_ya_existente_de_hecho_en_el_empleo_femenino.;;;;;;;;;
EVTOPTA17040;The legal status of women in the work place obviously needs to be regulated;Le statut légal des femmes dans le monde du travail doit être réglementé.;Der rechtliche Status von Frauen am Arbeitsplatz muss offensichtlich reguliert werden.;;Es obvio que hay que regular la situación laboral de la mujer.;;;;;;;;;
EVTOPTB17040;This man clearly has no future in the $COUNTRY_ADJ$ army.;De toute évidence, cet homme n'a aucun avenir dans l'armée $COUNTRY_ADJ$.;Dieser Mann hat in der $COUNTRY_ADJ$ Armee ganz klar keine Zukunft mehr.;;Claramente, este hombre no tiene futuro en el ejército de $COUNTRY$.;;;;;;;;;
EVTNAME17050;The Mud March;La Mud March;Der Schlamm-Marsch;;La Marcha del Barro;;;;;;;;;
EVTDESC17050;\n\nThe_$CAPITAL$_weather_did_its_worst_against_us:_mud,_mud,_mud,_was_its_prominent_feature,_and_it_was_known_among_us_afterwards_as_the_mud_march.'\n\nA_female_suffragette_commented_the_elements_during_the_Mud_March,_a_demonstration_march_which,_just_this_past_week,_attracted_over_3,000_women_from_various_organizations,_female_textile_workers,_temperance_advocates,_artists_and_many_other,_all_coming_together_in_a_show_of_force_for_Woman's_Liberation_and_Suffrage,_on_$CAPITAL$'s_streets._A_gay_enough_procession_by_most_accounts,_despite_the_weather.;Les_conditions_météorologiques_de_$CAPITAL$_n'ont_pas_joué_en_notre_faveur._Il_y_avait_de_la_boue_partout_et_c'est_la_raison_pour_laquelle_la_manifestation_a_été_plus_tard_appelée_la_"Mud_March".\n\nUne_suffragette_a_commenté_la_Mud_March,_une_manifestation_qui,_la_semaine_dernière,_a_réuni_plus_de_3000_femmes_de_différentes_organisations,_des_ouvrières_du_textile,_des_modérées,_des_artistes,_etc.,_toutes_venues_défendre_la_libération_de_la_femme_et_le_droit_de_vote_dans_les_rues_de_$CAPITAL$._Une_manifestation_bon_enfant,_malgré_le_mauvais_temps.;Das_$CAPITAL$-Wetter_hat_uns_einen_Bärendienst_erwiesen:_Schlamm,_Schlamm_und_nochmal_Schlamm_..._später_wurde_die_Aktion_als_Schlamm-Marsch_bezeichnet.'\n\n_Mit_diesen_Worten_kommentierte_eine_Frauenrechtlerin_den_Schlamm-Marsch,_einen_Demonstrationszug,_an_dem_über_sich_3000_Frauen_verschiedener_Organisationen,_Textilarbeiterinnen,_Abstinenzbefürworter,_Künstler_und_viele_anderen_beteiligten._Man_zeigte_auf_den_Straßen_von_$CAPITAL$_zusammen_Präsenz_für_die_Befreiung_der_Frauen_und_ihr_Wahlrecht._Trotz_des_Wetters_ein_knallbunter_Demonstrationszug.;;El_tiempo_de_$CAPITAL$_se_confabuló_contra_nosotras._Barro,_barro_y_más_barro._Esa_fue_la_característica_principal_que_hizo_que_entre_nosotras_la_denominásemos_como_la_Marcha_del_Barro.\n\nEste_fue_el_comentario_de_una_sufragista_acerca_de_los_elementos_climatológicos_durante_la_Marcha_del_Barro,_una_manifestación_celebrada_la_pasada_semana_que_atrajo_a_unas_3.000_mujeres_de_diversas_organizaciones,_trabajadoras_textiles,_defensores_del_movimiento_antialcohólico,_artistas_y_muchos_otros,_unidos_para_una_demostración_de_fuerza_en_pos_de_la_liberación_y_el_sufragio_de_la_mujer_en_las_calles_de_$CAPITAL$._Un_orgulloso_desfile_según_los_testigos,_a_pesar_del_tiempo.;;;;;;;;;
EVTOPTA17050;We watch, observe, learn, and, ultimately, do nothing.;Nous surveillons, observons, apprenons et, finalement, ne faisons rien.;Wir beobachten, lernen, und unternehmen letztendlich doch nichts.;;Miramos, observamos, aprendemos y, finalmente, no hacemos nada.;;;;;;;;;
EVTOPTB17050;We must express our cordial understanding of, and support for, these sentiments;Nous devons exprimer notre cordiale compréhension à l'égard de tels sentiments.;Wir müssen für diese Gefühle unser aufrichtiges Verständnis ausdrücken.;;Hemos de expresar nuestra cordial comprensión y apoyo hacia esos sentimientos.;;;;;;;;;
EVTOPTC17050;Clearly a sign that this public meetings nonsense has been going on for far too long;Il est clair que l'absurdité de ces réunions publiques a dépassé les bornes.;Eindeutig ein Zeichen dafür, dass dieser öffentliche Versammlungsunsinn schon viel zu lange läuft.;;Una clara señal de que estos encuentros públicos ya han llegado demasiado lejos.;;;;;;;;;
EVTNAME17060;Slim Picketings;Piquet de grève;Schwächliche Streikposten;;Bonito piquete;;;;;;;;;
EVTDESC17060;\n\nSuffragettes,_picketing_a_local_bar_in_one_of_our_provinces,_are_becoming_the_laughing_stock_of_the_entire_state._The_sight_of_the_two,_relatively_frail,_upper_class_women,_standing_with_their_placards_outside_the_bar,_picketing_for_women's_suffrage_and_temperance,_is_not_only_being_made_into_an_object_of_ridicule,_it_is_also_causing_some_anger_among_the_lower_classes,_who_feel_that_the_well-offs,_the_high-and-mighties_and_the_holier-than-thous_are_trying_to_patronize_(or_matronize,_as_the_case_may_be)_them_with_sophistry_and_rhetoric.;Les_suffragettes,_en_piquet_de_grève_dans_un_bar_local_d'une_de_nos_provinces,_sont_la_risée_de_tout_l'État._La_vue_de_deux_femmes,_relativement_frêles_et_issues_des_classes_supérieures,_arborant_leurs_pancartes_pour_le_droit_de_vote_des_femmes_et_la_modération_à_l'extérieur_du_bar,_en_plus_d'être_ridicule,_suscite_la_colère_des_classes_inférieures_qui_estiment_que_ces_nanties_tentent_là_de_les_patronner_à_grand_renfort_de_sophistique_et_de_rhétorique.;Frauenrechtlerinnen,_die_eine_lokale_Bar_in_einer_unserer_Provinzen_bestreiken,_haben_sich_im_ganzen_Staat_zur_Lachnummer_gemacht._Der_Auftritt_zweier_zierlicher_Frauen,_die_mit_ihren_Plakaten_vor_der_Bar_stehen_und_für_Frauenwahlrecht_und_Mäßigung_demonstrieren,_wird_nicht_nur_öffentlich_verspottet,_sondern_sorgt_auch_in_der_Unterschicht_für_einigen_Ärger._Deren_Angehörige_finden,_dass_die_Besserverdienenden_und_selbstgefälligen_Mächtigen_versuchen,_sie_von_oben_herab_mit_Spitzfindigkeit_und_Rhetorik_zu_belehren.;;Las_sufragistas,_que_han_organizado_un_piquete_en_un_bar_local_de_una_de_nuestras_provincias,_se_han_convertido_en_el_hazmerreír_de_todo_el_estado._La_visión_de_dos_frágiles_mujeres_de_clase_alta,_situadas_fuera_del_bar_con_sus_pancartas,_haciendo_un_piquete_por_el_sufragio_femenino_y_el_movimiento_antialcohólico,_no_solo_se_ha_convertido_en_objeto_de_burlas,_sin_que_también_está_generando_malestar_entre_las_clases_bajas,_que_sienten_que_la_gente_de_buena_cuna,_los_altos_y_poderosos_y_las_personas_de_bien_se_comportan_con_ellos_de_forma_paternalista_(o_mejor_dicho_en_este_caso,_maternalista)_de_una_forma_sutil_y_retórica.;;;;;;;;;
EVTOPTA17060;Oh, well, freedom of speech and all that.;Ah oui, la liberté d'expression et tout ce qui va avec.;Ach na ja, Meinungsfreiheit und all das.;;Oh, bueno, es lo que tiene la libertad de expresión.;;;;;;;;;
EVTOPTB17060;Maybe if they listened more to what these nice ladies are trying to explain to them?;Tendre une oreille plus attentive à ce que ces braves dames expliquent ?;Und wenn sie vielleicht zuhören würden, was ihnen diese netten Damen zu erzählen haben?;;Si escuchasen con más atención lo que esas agradables señoras tienen que decir...;;;;;;;;;
EVTNAME17070;Suffragettes & Suffragists;Suffragettes et suffragistes;Suffragetten & Stimmrechtler;;Disensión sufragista;;;;;;;;;
EVTDESC17070;\n\nLike_many_nascent_political_ideologies,_the_early_suffragette_movements_were_not_foreign_to_in-fighting_and_organizational_splits_over_issues_of_tactics_and_perceived_ideological_differences,_the_split_between_the_NUWSS_and_the_NSWRV_in_Britain_being_a_poignant_example._The_suffragette_movement_in_$COUNTRY$_is_experiencing_somewhat_of_a_setback,_on_account_of_an_organizational_split._;Comme_bon_nombre_d'idéologies_naissantes,_les_premiers_mouvements_des_suffragettes_n'échappaient_pas_aux_divergences_tactiques_et_différences_idéologiques,_comme_en_témoigne_le_poignant_exemple_de_la_scission_entre_le_NUWSS_et_le_NSWRV_en_Grande-Bretagne._Le_mouvement_des_suffragettes_de_$COUNTRY$_essuie_un_revers_dû_à_une_scission_organisationnelle._;Wie_bei_vielen_aufkeimenden_politischen_Ideologien_war_es_den_frühen_Suffragettenbewegungen_nicht_fremd,_untereinander_zu_streiten_und_sich_über_Taktikfragen_und_vermeintlich_ideologische_Differenzen_aufzuspalten._Die_Aufspaltung_zwischen_der_NUWSS_und_NSWRV_in_England_ist_dafür_ein_Musterbeispiel._Die_Frauenrechtsbewegung_in_$COUNTRY$_ist_aufgrund_einer_organisatorischen_Aufspaltung_einen_Rückschlag_erlitten.;;Como_muchas_ideologías_políticas_emergentes,_los_primeros_movimientos_sufragistas_no_eran_ajenos_a_las_luchas_internas_y_a_las_escisiones_organizativas_en_lo_referente_a_tácticas_y_percepción_de_las_cuestiones_ideológicas._En_Gran_Bretaña,_la_división_entre_el_NUWSS_y_el_NSWRV_fue_un_claro_ejemplo_de_ello._El_movimiento_sufragista_en_$COUNTRY$_está_experimentando_una_cierta_regresión_debida_a_una_división_organizativa._;;;;;;;;;
EVTOPTA17070;A good time to push for a more conservative agenda;Le moment est bien choisi pour mettre en avant plus de conservatisme.;Eine gute Zeit, um auf eine etwas konservativere Agenda zu drängen.;;Es el momento de presionar para una vuelta a una agenda más conservadora.;;;;;;;;;
EVTOPTB17070;Aaaah, the reactionary cause breathes morning air;Aaaah, la cause réactionnaire respire l'air frais du matin !;Aaaah, die Reaktionäre wittern Morgenluft.;;Ajá, la causa reaccionaria respira aire fresco.;;;;;;;;;
EVTNAME17080;Campaign for Married Woman's Property Act;Campagne de loi sur la propriété des femmes mariées;Kampagne für Married Women's Property Act;;Por el Acta de Propiedad de las Mujeres Casadas;;;;;;;;;
EVTDESC17080;\n\nA_married_woman_owns_no_personal_property,_and_her_legal_identity_ceases_to_exist_as_husband_and_wife_are_joined_in_one_person_under_law_and_marriage._We_want_to_change_this,_we_want_women_to_be_able_to_dispose_of_their_own_property_as_they_wish._We_want_the_courts_of_law_to_recognize_a_husband_and_wife_as_two_separate_legal_entities.'\n\nThe_suffragette_movement_in_$COUNTRY$_has_organized_a_rally_in_one_of_our_states,_campaigning_for_the_right_of_women_to_receive_recognition_of_the_rights,_deeds_and_titles_of_property_that_they_in_many_cases_already,_de_facto,_hold.;Une_femme_mariée_ne_possède_rien_et_son_identité_juridique_a_cessé_d'exister_puisque,_aux_yeux_de_la_loi_matrimoniale,_le_mari_et_la_femme_représentent_une_seule_et_même_personne._Nous_voulons_changer_cela,_nous_voulons_que_les_femmes_puissent_disposer_de_leurs_biens_comme_elles_l'entendent._Nous_voulons_que_les_tribunaux_considèrent_un_mari_et_une_femme_comme_deux_entités_juridiques_distinctes.\n\nLe_mouvement_des_suffragettes_en_$COUNTRY$_a_organisé_un_rassemblement_dans_l'un_de_nos_États_afin_de_faire_campagne_pour_la_reconnaissance_des_femmes_en_matière_de_:_droits,_agissements,_titres_de_propriétés,_des_éléments_qu'elles_détiennent_souvent_déjà_de_facto.;Eine_verheiratete_Frau_verfügt_über_kein_persönliches_Eigentum_und_ihre_rechtliche_Identität_erlischt_mit_der_Heirat,_da_Ehemann_und_Ehefrau_unter_dem_Gesetz_als_ein_und_dieselbe_rechtliche_Person_gelten._Dies_möchten_wir_ändern,_und_wir_wollen,_dass_Frauen_über_ihr_persönliches_Eigentum_frei_verfügen_können._Wir_verlangen,_dass_die_Gerichtshöfe_Ehemann_und_Ehefrau_als_zwei_separate_rechtliche_Personen_anerkennen.'\n\nDie_Frauenrechtsbewegung_in_$COUNTRY$_hat_in_einem_unserer_Staaten_eine_Demonstration_organisiert._Dabei_setzt_man_sich_dafür_ein,_dass_die_Rechte,_Dienste_und_Sachansprüche_von_Frauen,_die_sie_in_vielen_Fällen_bereits_genießen,_offiziell_bestätigt_werden.;;Una_mujer_casada_no_tiene_propiedades_personales_y_su_existencia_legal_deja_de_existir_en_el_momento_en_que_marido_y_mujer_se_unen_bajo_la_ley_y_el_matrimonio._Queremos_cambiar_esta_situación._Queremos_que_las_mujeres_puedan_disponer_de_sus_propiedades_como_consideren_oportuno._Queremos_que_los_tribunales_reconozcan_al_marido_y_a_la_esposa_como_entidades_legales_separadas.\n\nEl_movimiento_sufragista_de_$COUNTRY$_ha_organizado_una_manifestación_en_uno_de_nuestros_estados,_haciendo_campaña_por_el_derecho_de_la_mujer_a_que_los_derechos,_escrituras_y_títulos_de_propiedad_que_en_muchos_casos_ya_poseen_de_hecho,_sean_reconocidos_legalmente.;;;;;;;;;
EVTOPTA17080;... and the stock-market report?;... et le rapport sur la bourse ?;... und der Börsenbericht?;;¿Y el informe del mercado de valores?;;;;;;;;;
EVTOPTB17080;This campaign for basic human rights needs to go national;Cette campagne doit être portée au niveau national.;Diese Kampagne für grundlegende Menschenrechte muss auf nationale Ebene gehoben werden.;;Esta campaña por los derechos humanos debe emprenderse a escala nacional.;;;;;;;;;
EVTNAME17090;Leaflet Campaign;Campagne d'information;Flugblattkampagne;;Campaña de panfletos;;;;;;;;;
EVTDESC17090;\n\nWe_covered_the_entire_city._Me_and_the_girls_split_up,_met_at_the_corner_of_Main_St._and_3rd,_and_then_went_off_to_each_try_to_cover_a_block_or_two._It_was_hard_work,_but_I_remember_it_as_a_happy_time.'\n\n$COUNTRY_ADJ$_Suffragettes_have_undertaken_a_leaflet_campaign_in_one_of_our_states,_in_order_to_gain_traction_for_their_cause._All_around_the_city,_women_can_be_seen_wearing_placards_and_handing_out_leaflets_asking_for_support_for_a_whole_host_of_suffragette_causes:_From_property,_to_marriage,_to_domestic_law_to_the_vote_and_beyond.;Nous_avons_couvert_toute_la_ville._Les_filles_et_moi,_on_s'est_séparées,_puis_retrouvées_à_l'angle_de_la_rue_principale_et_de_la_3e_rue,_puis_chacune_est_repartie_pour_essayer_de_couvrir_un_ou_deux_quartiers._Cela_a_représenté_beaucoup_de_travail,_mais_je_m'en_souviens_avec_plaisir.\n\nLes_suffragettes_$COUNTRY_ADJ$_ont_lancé_une_campagne_d'information_dans_l'un_de_nos_États_afin_de_promouvoir_leur_cause._Partout_dans_la_ville,_des_femmes_arborent_des_pancartes_et_distribuent_des_tracts_en_faveur_des_grandes_causes_des_suffragettes_:_la_pauvreté,_le_mariage,_le_droit_de_vote,_etc.;Wir_haben_die_gesamte_Stadt_abgedeckt._Ich_und_die_Mädels_haben_uns_an_der_Kreuzung_von_Main_St._und_3rd_getroffen._Dann_haben_wir_uns_aufgeteilt_und_versucht,_die_Flugblätter_jeweils_in_einem_oder_zwei_Blöcken_zu_verteilen._Es_war_harte_Arbeit,_aber_es_hat_Spaß_gemacht.'\n\n$COUNTRY_ADJ$_Suffragetten_haben_in_einem_unserer_Staaten_eine_Flugblattkampagne_durchgeführt,_um_die_Öffentlichkeit_auf_ihre_Sache_aufmerksam_zu_machen._Überall_in_der_Stadt_kann_man_Frauen_mit_Plakaten_sehen,_die_Flugblätter_zur_Unterstützung_der_Frauenrechtsbewegung_verteilen:_Es_geht_um_Eigentum,_Heirat,_Wahlrecht_und_andere_Themen.;;Hemos_cubierto_toda_la_ciudad._Las_chicas_y_yo_nos_dividimos_para_reunirnos_en_el_cruce_de_la_calle_principal_con_la_calle_tercera._Luego,_nos_fuimos_para_intentar_cubrir_una_o_dos_manzanas._El_trabajo_era_duro,_pero_recuerdo_que_fueron_tiempos_felices.\n\nLas_sufragistas_de_$COUNTRY$_han_emprendido_una_campaña_de_panfletos_en_uno_de_nuestros_estados_a_fin_de_ganar_apoyo_para_su_causa._Por_toda_la_ciudad,_se_puede_ver_a_mujeres_con_pancartas_y_repartiendo_panfletos_que_piden_apoyo_a_una_variedad_de_reformas_sufragistas,_desde_la_propiedad_al_matrimonio,_pasando_por_las_leyes_internas_o_el_derecho_al_voto,_entre_otras.;;;;;;;;;
EVTOPTA17090;I'm not sure how the locals will feel about all this littering. Not sure at all.;Je m'interroge sur l'accueil que les habitants réserveront à cette campagne.;Ich weiß nicht, was die Anwohner von dieser Vermüllung halten werden. Weiß ich wirklich nicht.;;No estoy seguro de como se tomará la población local esta campaña. No tengo ni idea.;;;;;;;;;
EVTOPTB17090;Isn't there at least one MP living thereabouts?;N'y a-t-il pas au moins un membre du Parlement qui vit dans les environs ?;Lebt dort nicht mindestens ein Parlamentsmitglied?;;¿Hay al menos algún miembro del parlamento que viva cerca?;;;;;;;;;
EVTNAME17100;Education for Women;Éducation des femmes;Bildung für Frauen;;Educación para las mujeres;;;;;;;;;
EVTDESC17100;\n\nIf_you,_sir,_is_upset_by_the_fact_that_Student_No._156_wears_a_bonnet,_I_would_be_pleased_to_remove_my_conspicuous_headgear_and_take_a_seat_at_the_rear_of_the_classroom,_but_I__will_not_voluntarily_absent_myself_from_a_lecture.'\n\nWoman_causes_scandal_at_a_$COUNTRY_ADJ$_university,_by_being_there._A_woman_has_enrolled_at_one_of_our_institutions_of_higher_learning,_and_the_event_has_caused_a_fair_amount_of_scandal_among_local_conservatives.;Monsieur,_si_le_fait_que_l'étudiante_numéro_156_porte_un_bonnet_vous_chagrine,_je_me_ferai_un_plaisir_d'ôter_mon_couvre-chef_et_de_m'asseoir_au_fond_de_la_classe,_mais_je_ne_quitterai_jamais_ce_cours_de_mon_plein_gré.\n\nUne_femme_a_provoqué_un_scandale_à_l'université_$COUNTRY_ADJ$_du_simple_fait_de_sa_présence._Une_femme_s'est_inscrite_dans_l'une_des_plus_prestigieuses_écoles_et_l'événement_a_provoqué_un_scandale_parmi_les_conservateurs_locaux.;[Wenn_Sie,_mein_Herr,_sich_daran_stören,_dass_Student_Nr._156_ein_Barett_trägt,_werde_ich_meine_auffällige_Kopfbedeckung_gerne_abnehmen_und_in_den_hinteren_Reihen_des_Klassenzimmers_Platz_nehmen,_aber_ich_werde_mich_nicht_freiwillig_aus_einer_Vorlesung_entfernen.'\n\nEine_Frau_hat_in_einer_$COUNTRY_ADJ$_Universität_nur_durch_ihre_Anwesenheit_für_einen_Skandal_gesorgt._Eine_Frau_hat_sich_in_einer_unserer_höheren_Bildungsanstalten_eingeschrieben,_und_diese_Angelegenheit_hat_unter_lokalen_Konservativen_zu_einem_gehörigen_Skandal_geführt.;;Si_a_usted,_señor,_le_molesta_el_hecho_de_que_el_estudiante_156_lleve_un_gorro,_estaré_encantada_de_quitarme_tan_evidente_prenda,_pero_no_me_ausentaré_de_forma_voluntaria_de_una_clase.\n\nUna_mujer_provoca_un_escándalo_con_su_asistencia_a_la_clase_de_una_universidad_$COUNTRY_ADJ$._Una_mujer_se_ha_inscrito_en_una_de_nuestras_instituciones_de_enseñanza_superior,_lo_que_ha_causado_un_escándalo_entre_los_conservadores_locales.;;;;;;;;;
EVTOPTA17100;Throw that willy-nilly out of my institution of higher learning!;Mettez cette personne, bon gré mal gré, à la porte de mon école !;Werft dieses Gör aus meiner Universität!;;¡Sacad a esa... lo que sea de mi centro de enseñanza superior!;;;;;;;;;
EVTOPTB17100;So our erudites are intimidated by the female intellect?;Alors, comme ça, nos érudits sont intimidés par l'intellect féminin ?;Unsere Gebildeten haben als Angst vor dem weiblichen Intellekt?;;¿Así que a nuestros eruditos les intimida el intelecto femenino?;;;;;;;;;
EVTNAME17110;The Second Sex;Le deuxième sexe;Das andere Geschlecht;;El segundo sexo;;;;;;;;;
EVTDESC17110;\n\nAlthough_some_women_try_zealously_to_incarnate_this_essence,_it_is_hardly_patentable._It_is_frequently_described_in_vague_and_dazzling_terms_that_seem_to_have_been_borrowed_from_the_vocabulary_of_the_seers,_and_indeed_in_the_times_of_Saint_Thomas_it_was_considered_an_essence_as_certainly_defined_as_the_somniferous_virtue_of_the_poppy.'\n-_de_Beauvoir,_Simone_--_The_Second_Sex\n\nA_renowned_$COUNTRY_ADJ$_suffragette_has_published_a_book_on_what_can_best_be_described_as_the_subject_of_feminist_theory,_and_the_book_is_gaining_a_fair_amount_of_attention_both_nationally_and_internationally.;Bien_que_certaines_femmes_tentent,_avec_zèle,_d'incarner_cette_essence,_cela_reste_un_exercice_très_difficile._Il_est_souvent_décrit_en_des_termes_aussi_vagues_qu'éblouissants_qui_semblent_avoir_été_empruntés_au_registre_des_prophètes_et,_en_effet,_à_l'époque_de_Saint_Thomas,_il_était_considéré_comme_une_essence_aux_vertus_soporifiques_du_coquelicot.\n-_Simone_de_Beauvoir_--_"Le_deuxième_sexe"\n\nUne_suffragette_$COUNTRY_ADJ$_de_renom_a_fait_édité_un_livre_qui_traite_du_féminisme,_livre_qui_suscite_beaucoup_d'intérêt_sur_la_scène_nationale_et_internationale.;Obwohl_manche_Frauen_eifrig_versuchen,_diesen_Wesenszug_zu_personifizieren,_ist_er_wohl_kaum_schutzfähig._Er_wird_oft_in_vagen_und_verwirrenden_Worten_beschrieben,_die_dem_Vokabular_der_Seher_entliehen_worden_scheinen,_und_zu_Zeiten_des_Heiligen_Thomas_wurde_er_tatsächlich_als_Wesenszug_definiert,_der_dem_einschläfernden_Effekt_der_Mohnblume_gleicht.'\n-_de_Beauvoir,_Simone_--_Das_andere_Geschlecht\n\nEine_renommierte_$COUNTRY_ADJ$_Frauenrechtlerin_hat_ein_Buch_veröffentlicht,_das_am_Besten_als_Kern_der_feministischen_Theorie_beschrieben_werden_kann._Das_Werk_erfährt_national_wie_international_einige_Beachtung.;;Aunque_algunas_mujeres_intentan_encarnar_esta_esencia_con_fervor,_se_hace_escasamente_patente._Se_describe_con_frecuencia_en_términos_deslumbrantes_que_parecen_salidos_del_vocabulario_de_un_vidente_y,_de_hecho,_en_tiempos_de_Santo_Tomás_se_consideraba_una_esencia_tan_claramente_definida_como_las_propiedades_somníferas_de_las_amapolas.\n-_de_Beauvoir,_Simone_--_El_Segundo_Sexo\n\nUna_conocida_sufragista_$COUNTRY_ADJ$_ha_publicado_un_libro_sobre_lo_que_se_podría_describir_perfectamente_como_teoría_feminista._El_libro_recibe_cada_vez_más_atención,_tanto_a_nivel_nacional_como_internacional.;;;;;;;;;
EVTOPTA17110;Commend the book;Recommander ce livre;Empfiehlt das Buch.;;Recomendad el libro.;;;;;;;;;
EVTOPTB17110;Denounce the book;Dénoncer ce livre;Denunziert das Buch.;;Denunciad el libro.;;;;;;;;;
EVTNAME17120;Letter Campaign;Campagne de lettres;Briefkampagne;;Campaña epistolar;;;;;;;;;
EVTDESC17120;\n\nSo_I_ask_you,_sisters,_write!_Write_to_your_congressman,_your_local_MP,_your_grandmother,_someone,_anyone!_If_the_world_will_not_come_around_to_the_message_that_women,_considered_as_political_animals,_are_equal_to_men_in_every_relevant_aspect,_then_the_message_will_have_to_come_around_to_it!'\n\nThe_$COUNTRY_ADJ$_suffragette_movement_has_initiated_a_letter_campaign_with_the_ambitious_goal_of_reaching_every_MP_with_a_thousand_letters_every_year,_until_female_suffrage_is_passed,_and_women_are_given_the_right_to_vote._The_campaign_has_had_a_fair_amount_of_effect_already.;Alors,_je_vous_le_demande,_mes_s?urs,_écrivez_!_Écrivez_aux_membres_du_Congrès,_aux_membres_du_Parlement,_à_votre_grand-mère,_écrivez_à_quelqu'un_!_Si_le_monde_ne_reçoit_pas_le_message_selon_lequel_les_femmes,_considérées_comme_des_animaux_politiques,_sont_en_tous_points_les_égales_des_hommes,_alors_le_message_viendra_à_lui_!\n\nLe_mouvement_des_suffragettes_$COUNTRY_ADJ$_a_lancé_une_campagne_de_lettres_avec_pour_objectif_l'envoi_d'un_millier_de_lettres_par_an_à_tous_les_membres_du_Parlement_jusqu'à_ce_que_les_femmes_se_voient_octroyer_le_droit_de_vote._La_campagne_a_déjà_remporté_un_beau_succès.;Schreibt,_Schwestern,_schreibt!_Schreibt_an_euren_Kongressabgeordneten,_an_euer_lokales_Parlamentsmitglied,_an_eure_Großmutter_-_einfach_an_alle!_Wenn_sich_die_Welt_nicht_von_der_Einstellung_abwendet,_dass_Frauen_politische_Tiere_sind_und_sie_Männern_in_allen_Aspekten_gleichstellt,_dann_muss_man_es_ihr_beibringen!'\n\nDie_$COUNTRY_ADJ$_Suffragettenbewegung_hat_eine_Briefkampagne_gestartet,_deren_ambitionierte_Ziel_es_ist,_jedem_Parlamentsmitglied_so_lange_Tausend_Briefe_Pro_Jahr_zu_schicken,_bis_das_Frauenwahlrecht_verabschiedet_wurde_und_Frauen_endlich_wählen_dürfen._Die_Kampagne_hat_bereits_jetzt_einigen_Effekt.;;Es_justo_lo_que_os_pido,_hermanas,_¡escribid!_¡Escribid_a_vuestro_congresista,_a_vuestro_miembro_del_parlamento,_a_vuestra_abuela,_a_alguien,_a_cualquiera!_Si_el_mundo_no_se_acerca_al_mensaje_de_que_las_mujeres,_como_animales_políticos,_son_iguales_a_los_hombres_en_todos_los_aspectos_relevantes,_¡entonces_que_el_mensaje_se_acerque_al_mundo!\n\nEl_movimiento_sufragista_de_$COUNTRY$_ha_iniciado_una_campaña_epistolar_con_la_ambiciosa_meta_de_que_cada_miembro_del_parlamento_reciba_al_menos_1.000_cartas_anuales,_hasta_que_se_apruebe_el_sufragio_femenino_y_las_mujeres_tengan_derecho_a_votar._La_campaña_ya_ha_empezado_a_tener_bastante_efecto.;;;;;;;;;
EVTOPTA17120;I predict that the reform agenda will gain a fair amount of traction in the Upper House;Le program de réformes suscitera un certain intérêt au sein de la Chambre haute.;Ich denke, die Reformagenda wird durchaus im Oberhaus Gehör finden.;;Auguro que la agenda reformista ganará bastante impulso en la cámara alta.;;;;;;;;;
EVTOPTB17120;I predict that the cause will gain a fair amount of traction among the populace;Je pense que la cause suscitera un certain intérêt parmi la population.;Ich denke, die Sache wird bei der Bevölkerung Gehör finden.;;Auguro que la causa ganará bastante impulso entre el populacho.;;;;;;;;;
EVTNAME17130;Lawless Suffragettes;Des suffragettes sans foi ni loi;Gesetzlose Frauenrechtlerinnen;;Sufragistas radicales;;;;;;;;;
EVTDESC17130;\n\nFour_broken_windows,_attempted_arson,_technical_assault_of_two_police_officers..._The_police_officers_weren't_hurt,_but_I_bet_their_pride_was._What_in_the_world_compelled_you_to_do_such_a_thing?'\n\nA_more_militant_wing_of_the_$COUNTRY_ADJ$_suffragette_movement_has_conducted_a_violent_protest_campaign_against_government_authorities_in_one_of_our_states._Local_conservatives_speak_gloomily_about_the_unraveling_of_the_nation's_moral_fabric,_and_the_end_of_Western_Civilization.;Quatre_vitres_cassées,_une_tentative_d'incendie_volontaire,_l'agression_de_deux_agents_de_police..._Les_agents_n'ont_pas_été_blessés,_mais_leur_fierté_en_a_pris_un_coup._Qu'est-ce_qui_vous_a_pris_?_\n\nUne_branche_plus_militantiste_du_mouvement_des_suffragettes_$COUNTRY_ADJ$_a_lancé_une_violente_campagne_de_protestation_contre_les_autorités_gouvernementales_dans_l'un_de_nos_États._Les_conservateurs_locaux_évoquent,_en_des_termes_mélancoliques,_de_la_débâcle_de_la_nation_et_de_la_fin_de_la_civilisation_occidentale.;Vier_zerbrochene_Fenster,_versuchte_Brandstiftung,_Angriff_auf_zwei_Polizeibeamte_..._Die_Polizisten_wurden_nicht_verletzt,_aber_mit_Sicherheit_ihr_Stolz._Warum_in_aller_Welt_haben_Sie_so_etwas_getan??'\n\nEin_militanter_Flügel_der_$COUNTRY_ADJ$_Frauenrechtsbewegung_hat_in_einem_unserer_Staaten_begonnen,_mit_Gewalt_gegen_die_Behörden_zu_protestieren._Lokale_Konservative_sprechen_finster_von_der_Auflösung_des_moralischen_Gefüges_der_Nation_und_dem_Ende_der_westlichen_Zivilisation.;;Cuatro_ventanas_rotas,_intento_de_incendio,_agresión_a_dos_oficiales_de_policía..._Ellos_no_resultaron_heridos,_pero_seguro_que_su_orgullo_sí._¿Qué_diablos_impulsa_a_hacer_algo_así?\n\nUn_ala_más_militante_del_movimiento_sufragista_de_$COUNTRY$_ha_llevado_a_cabo_una_violenta_protesta_contra_las_autoridades_gubernamentales_en_uno_de_nuestros_estados._Los_conservadores_locales_hablan_de_forma_sombría_del_desmembramiento_de_la_estructura_moral_de_la_nación_y_del_fin_de_la_civilización_occidental.;;;;;;;;;
EVTOPTA17130;Okay.;D'accord.;Okay.;;Muy bien.;;;;;;;;;
EVTNAME17140;Suffragette Hunger Strike!;Grève de la faim d'une suffragette !;Suffragetten-Hungerstreik;;¡Sufragista en huelga de hambre!;;;;;;;;;
EVTDESC17140;\n\nA_$COUNTRY_ADJ$_suffragette,_jailed_on_account_of_violent_protesting_during_a_rally,_has_gone_on_a_two_week_hunger_strike_in_one_of_our_states'_prisons,_protesting_$COUNTRY$'s_supposedly_poor_treatment_of_its_women._The_strike_is_carried_out_under_the_slogan_'Votes_for_women',_and_the_case_has_made_women's_suffrage_the_focal_point_of_the_local_political_debate,_with_every_newspaper_left,_right_and_center_reporting_on_the_case.;Une_suffragette_$COUNTRY_ADJ$,_jetée_en_prison_après_avoir_violemment_protesté_lors_d'un_rassemblement,_a_entamé_depuis_deux_semaines_une_grève_de_la_faim_dans_l'établissement_pénitencier_d'un_de_nos_États_pour_s'élever_contre_le_mauvais_traitement_réservé_aux_femmes_en_$COUNTRY$._Cette_grève_de_la_faim_a_pour_slogan_"le_droit_de_vote_pour_les_femmes"_et_ce_dernier_est_désormais_au_coeur_du_débat_politique_et_il_est_relayé_par_tous_les_journaux.;Eine_$COUNTRY_ADJ$_Frauenrechtlerin,_die_für_gewalttätige_Proteste_bei_einer_Demonstration_verhaftet_wurde,_ist_in_einem_der_Gefängnisse_unseres_Staats_in_einen_zweiwöchigen_Hungerstreik_getreten._Damit_will_sie_gegen_die_vermeintlich_schlechte_Behandlung_der_Frauen_in_$COUNTRY$_protestieren._Der_Streik_wird_unter_dem_Slogan_'Stimmen_für_Frauen'_geführt,_und_der_Fall_hat_die_Debatte_um_das_Frauenwahlrecht_in_den_Fokus_der_lokalen_Politikdebatte_gerückt._Jede_Zeitung,_egal_ob_links,_gemäßigt_oder_rechts,_berichtet_über_den_Fall.;;Una_sufragista_$COUNTRY_ADJ$,_encarcelada_por_una_violenta_protesta_durante_una_manifestación,_ha_iniciado_una_huelga_de_hambre_de_dos_semanas_en_una_de_las_prisiones_de_nuestros_estados_para_protestar_contra_el_supuesto_maltrato_de_$COUNTRY$_hacia_sus_mujeres._La_huelga_se_lleva_a_cabo_bajo_el_lema_'Voto_para_la_mujer'_y_este_caso_ha_hecho_del_sufragio_femenino_el_punto_focal_del_debate_político_local._Cada_periódico,_ya_sea_de_izquierda,_derecha_o_centro_informa_sobre_el_caso.;;;;;;;;;
EVTOPTA17140;I suggest that the local authorities force feed that hysterical woman;Je suggère que les autorités locales forcent cette femme hystérique à se nourrir.;Ich schlage vor, dass die lokalen Behörden diese hysterische Frau zwangsernähren.;;Sugiero que las autoridades locales alimenten por la fuerza a esa mujer histérica.;;;;;;;;;
EVTOPTB17140;Release her and let us be done with this affair;Libérez-la et finissons-en avec cette affaire.;Lasst sie frei, damit wird diese Angelegenheit hinter uns bringen.;;Soltadla y acabemos con este asunto.;;;;;;;;;
EVTNAME17150;Cat and Mouse Act;La loi du chat et de la souris;Katz- und Mausgesetz;;La Ley del gato y el ratón;;;;;;;;;
EVTDESC17150;\n\nThe_(so-called)_Cat_and_Mouse_Act_was_an_infamous_British_law_passed_in_1912_in_order_to_combat_the_suffragette_tactic_of_using_hunger_strikes_as_a_means_to_build_sympathy_for_the_Suffragette_cause._The_law_stated_that_a_person_could_be_released_from_jail_to_recover_from_any_serious_illness,_only_to_be_jailed_again_on_recovery,_thereby_washing_the_government's_hands_of_any_harm_caused_to_the_woman_in_question_by_the_hunger_strike._A_similar_ordinance_has_found_its_way_into_the_legislature_of_one_of_our_states,_where_suffragette_hunger_strikes_are_handled_in_this_exact_same_way.;La_loi_du_chat_et_de_la_souris_était_une_loi_britannique_impopulaire_visant_à_contrecarrer_la_tactique_des_suffragettes_qui_avaient_recours_aux_grèves_de_la_faim_pour_rallier_du_soutien_à_leur_cause._Cette_loi_stipulait_qu'une_personne_pouvait_être_libérée_de_prison,_pour_se_faire_soigner,_en_cas_de_maladie_grave_et_qu'une_fois_rétablie,_elle_était_réemprisonnée_et_ce,_pour_permettre_au_gouvernement_de_se_laver_les_mains_de_tout_mauvais_traitement_infligé_aux_suffragettes._Une_loi_est_en_cours_dans_l'un_de_nos_États_pour_assurer_un_traitement_similaire_aux_grèves_de_la_faim_entreprises_par_les_suffragettes.;Das_(so_genannte)_Katz-_und_Mausgesetz_war_ein_berüchtigtes_britisches_Gesetz,_das_im_Jahr_1912_verabschiedet_wurde,_um_der_Hungerstreiktaktik_zum_Erheischen_von_Sympathie_der_Frauenrechtlerinnen_entgegen_zu_wirken._Das_Gesetz_besagte,_dass_eine_Person_aus_dem_Gefängnis_entlassen_werden_konnte,_um_sich_von_einer_schweren_Krankheit_zu_erholen_..._nur_um_die_Haft_nach_der_Erholung_fortzusetzen._Damit_sprach_sich_die_Regierung_von_aller_Verantwortung_für_etwaige_gesundheitlichen_Schäden_frei,_die_sich_die_fragliche_Frau_durch_den_Hungerstreik_zuziehen_konnte._Eine_vergleichbare_Verordnung_hat_sich_in_der_Legislative_einer_unserer_Staaten_verankert,_wo_mit_Hungerstreiks_von_Frauenrechtlerinnen_auf_exakt_dieselbe_Weise_umgegangen_wird.;;La_así_llamada_'Cat_and_Mouse_Act'_(acta_del_gato_y_el_ratón)_fue_una_infame_ley_británica_promulgada_en_1912_para_contrarrestar_la_táctica_de_las_sufragistas_de_iniciar_huelgas_de_hambre_a_fin_de_conseguir_simpatizantes_para_su_causa._La_ley_decía_que_una_persona_podía_ser_liberada_de_prisión_para_que_se_recuperase_de_cualquier_enfermedad_grave,_para_después_volverla_a_encarcelar_tras_su_recuperación._Eso_permitía_al_gobierno_lavarse_las_manos_de_cualquier_daño_que_sufriese_la_mujer_que_fuese_producto_de_su_huelga_de_hambre._Una_ordenanza_similar_ha_llegado_a_la_legislatura_de_uno_de_nuestros_estados,_donde_las_huelgas_de_hambre_de_las_sufragistas_se_manejan_de_exactamente_así.;;;;;;;;;
EVTOPTA17150;Use the pressure of the central government to end the legislation;Utiliser la pression du gouvernement central pour mettre fin à cette législation.;Schafft die Verordnung durch Druck der Zentralregierung wieder ab.;;Utilizad la presión del gobierno central para acabar con esa legislación.;;;;;;;;;
EVTOPTB17150;Ignore the matter;Ignorer cette affaire;Ignoriert die Angelegenheit;;Ignorad el asunto.;;;;;;;;;
EVTNAME17160;Study Circle;Cercle d'étude;Studienkreis;;Círculo de estudios;;;;;;;;;
EVTDESC17160;\n\nA_small_study_circle,_dedicated_to_several_issues_close_to_the_suffragette_agenda_for_woman's_votes,_has,_during_the_last_few_years,_begun_developing_a_name_for_itself_in_the_international_debate_on_Woman's_Rights._The_$COUNTRY_ADJ$_School,_as_the_circle_is_now_being_known,_has_published_several_tracts_on_philosophy,_politics_and_economics,_all_relating_to_the_plight_of_women_all_across_the_world.;Un_petit_cercle_d'étude,_consacré_aux_revendications_des_suffragettes_en_matière_de_droit_de_vote,_s'est,_au_cours_de_ces_dernières_années,_développé_au_point_de_toucher_la_scène_internationale._L'école_$COUNTRY_ADJ$,_comme_s'appelle_désormais_ce_cercle,_a_publié_différents_essais_philosophiques,_politiques_et_économiques_portant_tous_sur_la_condition_des_femmes_à_travers_le_monde.;Während_der_letzten_paar_Jahre_hat_sich_ein_kleiner_Studienkreis,_der_sich_mehreren_Themen_widmet,_die_mit_der_Agenda_der_Frauenrechtlerinnen_für_das_Frauenwahlrecht_stark_themenverwandt_sind,_in_der_internationalen_Debatte_über_das_Frauenwahlrecht_zunehmend_einen_Namen_gemacht._Die_$COUNTRY_ADJ$_Schule,_wie_der_Studienkreis_jetzt_genannt_wird,_hat_mehrere_Traktate_über_Philosophie,_Politik_und_Wirtschaft_veröffentlicht,_die_alle_in_Bezug_zur_Notlage_der_Frauen_auf_der_ganzen_Welt_stehen.;;En_los_últimos_años,_un_pequeño_círculo_de_estudios,_dedicado_a_varios_asuntos_relacionados_con_la_agenda_de_las_sufragistas_para_el_voto_de_la_mujer_ha_empezado_a_labrarse_un_nombre_propio_en_el_debate_internacional_acerca_de_los_derechos_de_la_mujer._La_Escuela_$COUNTRY_ADJ$,_que_es_el_nombre_por_el_que_es_conocido,_ha_publicado_diversos_tratados_sobre_filosofía,_política_y_economía,_todos_relacionados_con_la_demanda_a_nivel_internacional_de_las_mujeres.;;;;;;;;;
EVTOPTA17160;Let us bask in the glow of this little gem of international renown that just fell into our lap;Réjouissons-nous de ce petit chef-d'?uvre de renom international.;Sonnen wir uns im Glanze dieses Kleinods von internationalem Ruf, das uns gerade in den Schoß gefallen ist.;;Vamos a regocijarnos con esta perla de renombre internacional que nos ha caído.;;;;;;;;;
EVTOPTB17160;Let us hush up this blot of shame on our national pride, before someone catches wind;Étouffons ces propos honteux de notre histoire nationale avant qu'ils ne se propagent.;Lasst uns diesen Schandfleck auf unserem nationalen Stolz vertuschen, bevor jemand davon Wind bekommt.;;Vamos a acallar esta vergonzosa mancha sobre nuestro orgullo nacional.;;;;;;;;;
EVTNAME17170;International Women's Suffrage;Droit de vote des femmes dans le monde;Internationales Frauenwahlrecht;;Sufragio femenino internacional;;;;;;;;;
EVTDESC17170;\n\nWhile_women's_suffrage_has_been_achieved_in_$COUNTRY$,_many_other_countries_still_lack_the_wonders_of_a_modern,_egalitarian_democracy._From_time_to_time,_in_a_debate,_or_at_an_international_conference,_it_might_be_good_to_point_this_out_to_other_countries,_or_use_it_as_an_argument_to_calm_tensions_on_the_homefront.;Alors_les_femmes_se_sont_vues_octroyer_le_droit_de_votes_en_$COUNTRY$,_beaucoup_de_pays_restent_privés_d'une_démocratie_moderne_et_égalitaire._De_temps_à_autres,_lors_d'un_débat_ou_d'une_conférence_internationale,_il_pourrait_être_important_de_pointer_cela_aux_autres_pays_ou_de_l'utiliser_pour_calmer_les_tensions_qui_éclatent_dans_le_pays.;Während_es_in_$COUNTRY$_nun_Frauenwahlrecht_gibt,_fehlt_es_anderen_Ländern_noch_an_den_Wundern_einer_modernen,_egalitären_Demokratie._Es_würde_sich_anbieten,_dies_anderen_Ländern_von_Zeit_zu_Zeit_bei_einer_Debatte_oder_auf_einer_internationalen_Konferenz_kund_zu_tun_oder_es_als_Argument_zur_Beschwichtigung_von_innenpolitischen_Spannungen_einzusetzen.;;Aunque_se_ha_alcanzado_el_sufragio_femenino_en_$COUNTRY$,_muchos_otros_países_aún_carecen_de_las_ventajas_de_una_democracia_moderna_e_igualitaria._De_vez_en_cuando,_en_un_debate_o_conferencia_internacional,_podría_ser_buena_idea_señalar_este_hecho_a_otros_países,_o_utilizarlo_como_argumento_para_calmar_las_tensiones_en_casa.;;;;;;;;;
EVTOPTA17170;I might know of a little place that could decidedly get calmer...;Il est un endroit qui aurait bien besoin de retrouver son calme...;Ich kenne da vielleicht einen Ort, an dem es bald deutlich ruhig werden wird ...;;Sé de un lugar que no me importaría que se calmase un poco...;;;;;;;;;
EVTOPTB17170;At least we're better than the people over in...;Au moins, nous sommes meilleurs que les gens de...;Zumindest sind wir besser als die Leute in ...;;Al menos somos mejores que la gente de...;;;;;;;;;
STATE_NONCORES;Non-core provinces in state: §R$VALUE$§%§W;Territoires non clés de l'État : §R$VALUE$§%§W;Nicht-Kernprovinzen im Staat: §R$VALUE$§%§W;;Provincias que no son núcleos en el estado: §R$VALUE$§%§W;;;;;;;;;
DIPLOMACY_CANNOT_SET_PRIO_VASSAL;We cannot influence other countries' §YSatellites§W or §YDominions§W;Nous ne pouvons pas influencer les §Ysatellites§W ou §Ydominions§W des autres pays.;Wir können die §YSatellitenstaaten§W oder §YDominions§W anderer Staaten nicht beeinflussen.;;No podemos influir en los §Ysatélites§W o los §Ydominios§W de otros países;;;;;;;;;
DIPLOMACY_NEGOTIATE_VASSAL;We are not allowed to negotiate with §YSatellites§W or §YDominions§W;Nous ne sommes pas autorisés à négocier avec les §Ysatellites§W ou §Ydominions§W.;Wir dürfen nicht mit den §YSatellitenstaaten§W oder §YDominions§W anderer Staaten verhandeln.;;No podemos negociar con §Ysatélites§W o §Ydominios§W;;;;;;;;;
DIPLOMACY_NEGOTIATE_WE_VASSAL;We are not allowed to negotiate with countries if we are a §YSatellite§W or §YDominion§W;En tant que §Ysatellite§W ou §Ydominion§W, nous ne sommes pas autorisés à négocier avec les pays.;Wir dürfen nicht mit anderen Ländern verhandeln, wenn wir ein §YSatellitenstaat§W oder §YDominion§W sind.;;No podemos negociar con países si somos un §Ysatélite§W o un §Ydominio§W;;;;;;;;;
PW_OPEN_POPSCREEN;View population statistics for §Y$LOC$§W;Afficher les statistiques démographiques pour §Y$LOC$§W;Bevölkerungsstatistiken für §Y$LOC$§W ansehen.;;Ver las estadísticas de población de §Y$LOC$§W;;;;;;;;;
COLONIAL_EDUCATION;Colony: $VAL$;Colonie : $VAL$;Kolonie: $VAL$;;Colonia: $VAL$;;;;;;;;;
EVTNAME17500;Labor Unions;Syndicats professionnels;Gewerkschaften;;Sindicatos;;;;;;;;;
EVTDESC17500;\n\nHell_no,_we_won't_go!'\n\nOne_of_our_states_has_seen_a_surge_in_socialist_agitation_during_the_past_few_months,_since_the_forming_of_a_labor_union_at_one_of_the_local_workshops._The_workshop_seems_to_have_set_a_local_example_to_other_workplaces,_and,_now,_labor_appears_to_be_organizing_at_every_mill,_workshop_and_factory_in_the_entire_state._The_government_has_been_approached_by_a_group_of_concerned_members_of_the_local_elite,_who_call_upon_the_central_government_to_dispatch_national_guard_units_to_the_province_in_order_to_ensure_that_order_is_maintained.;Oh_non,_nous_ne_partirons_pas_!\n\nVoilà_quelques_mois_que_l'un_de_nos_États_est_confronté_à_une_forte_agitation_socialiste_après_la_formation_d'un_syndicat_professionnel_dans_l'un_des_ateliers_locaux._Cet_atelier_semble_avoir_fait_des_émules_et_des_syndicats_s'organisent_dans_les_moulins,_ateliers_et_usines_de_tout_l'État._Un_groupe_constitué_d'élites_locales_inquiètes_s'est_rapproché_du_gouvernement_pour_lui_demander_d'envoyer_des_gardes_nationaux_dans_la_province_afin_de_veiller_au_maintien_de_l'ordre.;Verdammt_nochmal,_das_machen_wir_nicht!'\n\nIn_einem_unserer_Staaten_gibt_es_sein_einigen_Monaten_sozialistische_Unruhen,_seit_in_einer_lokalen_Werkstatt_eine_Gewerkschaft_gegründet_wurde._Der_Betrieb_scheint_der_Vorreiter_für_andere_Werkstätten_gewesen_zu_sein,_denn_nun_organisiert_sich_in_jeder_Mühle,_Werkstatt_und_Fabrik_im_gesamten_Staat_eine_Gewerkschaft._Eine_Gruppe_besorgter_Angehöriger_der_lokalen_Elite_hat_sich_an_die_Zentralregierung_gewandt_und_darum_gebeten,_Einheiten_der_Nationalgarde_zur_Beibehaltung_von_Ruhe_und_Ordnung_in_die_Provinz_zu_schicken.;;Diablos,_no._¡No_iremos!\n\nUno_de_nuestros_estados_ha_visto_un_resurgir_de_la_agitación_socialista_durante_los_pasados_meses,_desde_la_formación_de_un_sindicato_en_uno_de_los_talleres_locales._Parece_que_el_taller_se_ha_convertido_en_ejemplo_para_otros_lugares_de_trabajo_y,_ahora,_parece_que_se_están_organizando_sindicatos_en_cada_molino,_taller_o_fábrica_por_todo_el_estado._Un_grupo_de_miembros_de_la_élite_local_se_ha_acercado_al_gobierno_para_solicitar_el_envío_de_unidades_de_la_Guardia_Nacional_a_la_provincia_que_se_aseguren_de_que_se_mantiene_el_orden.;;;;;;;;;
EVTOPTA17500;We will not turn the arms of our soldiers against the citizens they exist to defend;Nous ne retournerons pas les armes de nos soldats contre nos citoyens.;Wir werden nicht die Waffen unserer Soldaten gegen die Bürger richten, die sie eigentlich beschützen sollen.;;No volveremos las armas de nuestros soldados contra los ciudadanos..;;;;;;;;;
EVTOPTB17500;I suppose we have a few units that we could spare for the good cause...;Je suppose que nous pourrions consacrer quelques unités à cette juste cause...;Ein paar Einheiten könnten wir wohl für eine gute Sache abstellen ...;;Supongo que tenemos un par de unidades de las que podemos prescindir...;;;;;;;;;
EVTNAME17510;Demonstration Turned Sour;La manifestation tourne au vinaigre;Demonstration läuft aus dem Ruder;;Demostración estropeada;;;;;;;;;
EVTDESC17510;\n\nScreams_can_be_heard_from_a_workplace_in_one_of_our_states,_where_socialist_agitators_have_turned_an_ongoing_labor_conflict_from_bad_to_worse._Local_capitalists_are_appalled_at_the_liberties_these_revolutionaries_allow_themselves_with_regards_to_how,_when_and_where_they_preach_their_revolutionary_ideology,_and_are_considering_forming_a_citizen_guard,_should_the_situation_escalate_further.;Des_cris_se_sont_fait_entendre_dans_une_usine_d'un_de_nos_États_où_des_agitateurs_socialistes_n'ont_fait_qu'aggraver_un_conflit_en_cours._Les_capitalistes_locaux_sont_consternés_par_les_libertés_que_s'octroient_ces_révolutionnaires_pour_mettre_en_avant_leur_idéologie_révolutionnaire_et_envisagent_même_de_constituer_une_garde_citoyenne_si_la_situation_venait_à_empirer.;Aus_einer_Arbeitsstätte_in_einem_unserer_Staaten_können_Schreie_gehört_werden._Sozialistische_Agitatoren_haben_dort_einen_fortwährenden_Arbeitskampf_noch_weiter_verschlimmert._Lokale_Kapitalisten_sind_entsetzt,_welche_Freiheiten_sich_diese_Revolutionäre_dahingehend_erlauben,_wie,_wann_und_wo_sie_ihre_revolutionäre_Ideologie_predigen._Sie_tragen_sich_mit_dem_Gedanken,_eine_Bürgerwehr_zu_organisieren,_wenn_die_Situation_noch_weiter_eskaliert.;;Desde_aquí_se_pueden_oír_los_gritos_de_un_taller_en_uno_de_nuestros_estados,_donde_los_agitadores_socialistas_han_hecho_que_un_conflicto_laboral_en_curso_vaya_de_mal_a_peor._Los_capitalistas_locales_están_abrumados_por_las_libertades_que_se_permiten_esos_revolucionarios_en_lo_referente_a_cómo,_cuándo_y_dónde_hacen_proselitismo_de_su_ideología_revolucionaria,_y_están_considerando_la_formación_de_una_guardia_ciudadana_si_la_situación_llega_más_lejos.;;;;;;;;;
EVTOPTA17510;We will not recommend our citizens to form protection rackets;Nous ne conseillerons pas à nos citoyens de constituer de tels groupes de protection.;Wir raten unseren Bürgern davon ab, Schutztruppen zu organisieren.;;No recomendaremos a nuestros ciudadanos que organicen jaleos de protección.;;;;;;;;;
EVTOPTB17510;Anything to stave off the red hydra!;Tout est bon pour écarter l'hydre rouge !;Zum Aufhalten der roten Gefahr ist uns jedes Mittel recht!;;¡Lo que sea con tal de conjurar a la hidra roja!;;;;;;;;;
EVTNAME17520;Sabotage;Sabotage;Sabotage;;Sabotaje;;;;;;;;;
EVTDESC17520;\n\nA_factory_in_one_of_our_states_has_become_the_target_of_a_mild,_but_costly,_sabotage_campaign_during_the_past_few_weeks,_and_local_management_suspects_that_a_know_socialist_agitator_in_the_area_is_responsible_for_this_development,_as_the_gentleman_in_question_is_known_by_management_to_have_taken_issue_with_a_decision_they_recently_took_regarding_company_internal_division_of_labor.;Dans_l'un_de_nos_États,_une_usine_a_été_la_cible_d'une_campagne_de_sabotage_au_cours_de_ces_dernières_semaines_et_la_direction_soupçonne_un_agitateur_socialiste_notoire_d'être_responsable_de_ces_agissements,_puisque_l'homme_en_question_se_serait_offusqué_d'une_récente_décision_de_la_direction_concernant_la_répartition_du_travail.;Eine_Fabrik_in_einem_unserer_Staaten_ist_während_der_letzten_Wochen_zum_Ziel_einer_schwachen,_aber_für_uns_teuren_Sabotagekampagne_geworden._Das_lokale_Management_vermutet_als_Hintermann_der_Aktionen_einen_bekannten_sozialistischen_Agitator,_da_dieser_feine_Herr_anscheinend_an_einer_kürzlichen_Entscheidung_des_Management_bezüglich_der_internen_Arbeitsteilung_Anstoß_genommen.;;Una_fábrica_situada_en_uno_de_nuestros_estados_se_ha_convertido_en_el_objetivo_de_una_campaña_de_sabotaje_moderada_pero_costosa_a_lo_largo_de_las_últimas_semanas._La_dirección_local_sospecha_que_un_conocido_agitador_socialista_de_la_zona_es_el_responsable_de_este_desarrollo,_ya_que_sabe_que_este_caballero_se_ha_opuesto_recientemente_a_una_decisión_concerniente_a_la_división_interna_del_trabajo_en_la_compañía.;;;;;;;;;
EVTOPTA17520;You mean you fired someone? Nothing wrong with that!;Vous voulez dire que vous avez licencié quelqu'un ? Rien de mal à cela !;Heißt das, jemand ist entlassen worden? Daran wäre doch nichts falsch!;;¿Es que habéis despedido a alguien? ¡No veo que tiene de malo!;;;;;;;;;
EVTOPTB17520;Denounce the profiteering of those fat-cats;Dénoncer les profits de ces privilégiés;Denunziert die Profitmacherei dieser Bonzen.;;Denunciad el enriquecimiento de esos gatos gordos.;;;;;;;;;
westernize_nation_title;Embrace Westernization;Occidentalisation;Verwestlichung akzeptieren;;Adoptar la occidentalización;;;;;;;;;
westernize_nation_desc;\n\nOur country is under intellectual assault by modernity and the Western World. In the fields of modern technology, industry and military theory, the old traditions and institutions no longer serve us as they used to. Everywhere we turn, western influences spread like wildfire through our nation, our population, and our souls. If we are to remain what we always have been, and not become something else entirely, now is the time to assume control of our own destiny. It has become apparent to the leading members of our intellectual elite, that the only way to turn the tide on the Western Leviathan is to swim with it, for, as Sun Tzu says: The reed that bends before the wind, also offers a form of resistance.;Notre pays est la cible d'une attaque intellectuelle lancée par la modernité et le monde occidental. Dans les domaines de la technologie, de l'industrie et la théorie militaire moderne, les vieilles traditions et institutions ne nous sont plus aussi utiles qu'avant. Partout autour de nous, les influences occidentales se propagent, tel un incendie incontrôlable, dans notre nation, notre population et nos esprits. Pour conserver notre identité et éviter tout changement radical, il nous faut prendre en main notre destin. Il apparaît évident pour les responsables de notre élite intellectuelle que la seule manière d'inverser la tendance face au mastodonte occidental consiste à lui emboîter le pas car, comme le dit, Sun Tzu : "le roseau qui plie face au vent ne cède pas".;Unser Land steht unter einem intellektuellen Angriff der Modernität und der westlichen Welt. In den Feldern Moderne Technologie, Industrie- und Militärtheorie leisten und die alten Traditionen und Institutionen nicht mehr so gute Dienste wie früher. Wo auch immer man hinsieht verbreiten sich westliche Einflüsse in unserer Nation, unter unserer Bevölkerung und in unseren Seelen wie ein Lauffeuer. Wenn wir so bleiben möchten wir bisher und unser Wesen nicht vollständig verändern wollen, ist jetzt die Zeit gekommen, um unser Schicksal in die eigenen Hände zu nehmen. Führende Mitglieder unserer intellektuellen Elite haben erkannt, dass der einzige Weg, das westliche Meerungeheuer aufzuhalten, eine Weile mit ihm zu schwimmen. Wie schon Sun sagte: Das Schilfrohr, dass sich im Wind biegt, liefert auch eine Art von Widerstand.;;Nuestro país se encuentra bajo el asalto de la modernidad y el mundo occidental. En los campos de la tecnología moderna y la teoría militar, las viejas tradiciones ya no nos son tan útiles como solían. Allá donde miramos, las influencias occidentales corren como la pólvora a lo largo de nuestra nación, nuestro pueblo y nuestras almas. Si vamos a seguir siendo lo que siempre hemos sido y no vamos a convertirnos en otra cosa, este es el momento de tomar las riendas de nuestro propio destino. A los miembros notables de nuestra élite intelectual les resulta evidente que la única forma de capear al leviatán occidental consiste en nadar con él ya que, como dice Sun Tzu, el junco más resistente es aquel que se dobla al viento.;;;;;;;;;
the_meiji_restoration_title;The Meiji Restoration;La restauration Meiji;Die Meiji-Restoration;;La restauración Meiji;;;;;;;;;
the_meiji_restoration_desc;Japan is traditionally considered to have been founded by Emperor Jimmu in 660 B.C., and while the Imperial Lineage was still considered unbroken since then, the Imperial Office had, throughout the Edo period, been reduced to a revered and respected but, ultimately, politically powerless institution. By embracing a restoration of Imperial Rule, along with a program of swift industrial modernization, constitutionalism and economic freedom, Japan might be able to break the fetters placed upon her by the impositions of the Western World.;Selon la tradition, le Japon aurait été fondé par l'empereur Jimmu en 660 avant notre ère et tandis que la lignée impériale était toujours considérée comme ininterrompue, le Bureau impérial avait lui, pendant toute la période Edo, été réduit à une vénérée et respectée institution en définitive politiquement impuissante. Moyennant le rétablissement du règne impérial, ainsi que la mise ne place d'un vaste program de modernisation industrielle, de constitutionalisme et de liberté économique, le Japon devrait pouvoir rompre les fers que lui a imposé le monde occidental.;Die Gründung Japans wird üblicherweise dem Kaiser Jimmu im Jahr 660 v.Chr. zugeschrieben, und obwohl die kaiserliche Abstammungslinie seitdem ununterbrochen ist, würde das Kaiseramt während der Edo-Zeit kontinuierlich zu einer verehrten und respektierten, aber letztendlich machtlosen politischen Institution reduziert. Durch die Restauration der kaiserlichen Herrschaft im Einklang einem Programm für rasche industrielle Modernisierung, Konstitutionalismus und Gewerbefreiheit könnte Japan die Fesseln sprengen, die ihm von der westlichen Welt angelegt wurden.;;Tradicionalmente, se considera que Japón fue fundado por el emperador Jimmu en el año 660 a. de.C. y, aunque el linaje imperial se considera ininterrumpido desde entonces, a lo largo del período Edo, la función del Emperador fue reducida a una institución venerada y respetada pero carente de poder político. Al adoptar la restauración del gobierno imperial, junto a un programa de rápida modernización industrial, constitucionalismo y libertad económica, Japón puede ser capaz de romper las cadenas de las imposiciones del mundo occidental.;;;;;;;;;
HAVE_MILITARY_SCORE_MORE_THAN;Have a higher Military Score than: ;Dispose d'un meilleur score militaire que ;Erringen Sie eine höhere militärische Punktzahl als:;;Tiene una puntuación militar mayor que: ;;;;;;;;;
CIVILIZED_EFFECT;Become a §YWesternized Nation§W\n;Devenir une §Ynation civilisée§W.\n;Werden Sie eine §Yzivilisierte Nation§W.\n;;Se convierte en una §Ynación civilizada§W\n;;;;;;;;;
EVTNAME10000;Springtime of Nations;Le printemps des nations;Frühling der Nationen;;La primavera de las naciones;;;;;;;;;
EVTDESC10000;\n\nThe_relative_quiet_of_the_early_19th_century_was_broken_with_a_crashing_revelry_in_$YEAR$,_as_liberal_agitation_erupted_into_open_revolution_across_the_continent._The_Monarchical_Ancien_Regimes_of_Europe_could_only_look_on_in_horror_and_disgust,_as_the_hymns_of_the_French_revolution_could_again_be_heard_echoing_from_Europe's_tumultuous_streets,_and_student's_and_youth_again_gathered_under_republican_tricolors,_celebrating_the_ideals,_dreams_and_wishes_of_a_young_generation,_animated_by_the_powerful_message_of_human_liberty_--_in_economic,_cultural,_social_and_national_affairs_--_that_was_European_Liberalism.;La_relative_quiétude_du_début_du_XIXe_siècle_fut_interrompue_par_les_festivités_tonitruantes_de_$YEAR$_lorsqu'une_agitation_libérale_se_transforma_en_révolution_ouverte_sur_tout_le_continent._Les_anciens_régimes_monarchiques_européens_ne_pouvaient_qu'y_assister,_avec_horreur_et_dégoût,_tandis_que_les_chants_de_la_Révolution_française_trouvèrent_un_nouvel_écho_dans_les_rues_tumultueuses_de_l'Europe_et_que_la_jeunesse_se_réunissait_sous_les_bannières_tricolores_pour_célébrer_les_idéaux,_rêves_et_souhaits_de_la_nouvelle_génération,_animée_par_le_puissant_message_de_liberté,_en_termes_économiques,_culturels,_sociaux_et_nationaux,_que_représentant_le_libéralisme_européen.;Die_relative_Ruhe_des_neunzehnten_Jahrhunderts_wurde_im_Jahr_$YEAR$_mit_einem_großen_Knall_beendet,_als_sich_auf_dem_ganzen_Kontinent_liberale_Bewegungen_in_offene_Revolutionen_verwandelten._Die_Monarchien_Europas_konnten_nur_entsetzt_und_voller_Verachtung_zusehen,_wie_die_Hymnen_der_französischen_Revolution_von_den_Straßen_ganz_Europas_widerhallten,_und_sich_Studenten_und_Jugendliche_wieder_unter_der_republikanischen_Trikolore_versammelten,_um_ihre_Ideale,_Träume_und_Wünsche_zu_feiern._Hinter_all_dem_stand_die_mächtige_Botschaft_von_der_menschlichen_Freiheit_--_in_wirtschaftlichen,_kulturellen,_sozialen_und_nationalen_Angelegenheiten_--_der_europäische_Liberalismus.;;La_relativa_tranquilidad_de_principios_del_siglo_XIX_se_vio_sacudida_por_una_fuerte_sacudida_en_$YEAR$,_a_medida_que_la_agitación_liberal_se_convertía_en_revolución_abierta_a_lo_largo_del_continente._Los_antiguos_regímenes_monárquicos_de_Europa_solo_podían_oír_con_horror_y_desagrado_como_volvía_el_eco_de_los_himnos_de_la_Revolución_Francesa_en_las_tumultuosas_calles_de_Europa._Los_estudiantes_y_la_juventud_volvían_a_reunirse_bajo_las_banderas_tricolores_para_celebrar_los_ideales,_sueños_y_deseos_de_una_nueva_generación_animada_por_el_poderoso_mensaje_de_libertad_humana_en_todos_los_campos,_económico,_cultural,_social_y_nacional._Era_el_liberalismo_europeo.;;;;;;;;;
EVTOPTA10000;We will be freemen, as our fathers were.;Nous serons des hommes libres, comme nos pères l'ont été.;Wir werden alle frei sein, wie es unsere Väter waren.;;Seremos hombres libres, como nuestros padres antes que nosotros.;;;;;;;;;
form_kellys_irish_brigade_title;Kelly's Irish Brigade;La brigade irlandaise de Kelly;Kelly's Irish Brigade;;Brigada Irlandesa de Kelly;;;;;;;;;
form_kellys_irish_brigade_desc;Did those cowardly lincolnites tremble, when they met with the Irish brigade?'\n\nWhile most Irish immigrants to the USA fought for the Union during the Civil War, some decided instead to side with the Confederacy, seeing, perhaps, the southern secession as running parallel to Ireland's own struggles to win independence from England.;Ces lâches lincolniens ont-ils tremblé lorsqu'ils se sont heurtés à la brigade irlandaise ?'\n\nAlors que la plupart des immigrés irlandais installés aux États-Unis combattirent pour l'Union lors de la guerre de Sécession, certains choisirent de rejoindre la Confédération après avoir, peut-être, assimilé la sécession du sud avec les propres luttes d'indépendance de l'Irlande.;Haben diese feigen Lincoln-Anhänger gezittert, als sie es mit der Irish Brigade zu tun bekamen?'\n\nWährend sich die meisten irischen Einwander in den USA den Unionstruppen anschlossen, entschlossen sich einige, stattdessen für die Konföderation zu kämpfen. Vielleicht sahen sie in der Abspaltung des Südens den gleichen Kampf um Unabhängigkeit wie den Irlands gegen England.;;¿Temblaron esos cobardes partidarios de Lincoln al encontrarse con la Brigada Irlandesa?\n\nAunque la mayoría de los inmigrantes irlandeses en los Estados Unidos de América lucharon para la Unión en la Guerra Civil, algunos decidieron combatir en el bando confederado al ver, quizás, en la Secesión, un paralelismo con las propias luchas de Irlanda para obtener la independencia de Gran Bretaña.;;;;;;;;;
EVTNAME17530;Bloody Strike!;Grève sanglante !;Blutiger Streit;;¡Maldita huelga!;;;;;;;;;
EVTDESC17530;\n\nA_strike_today_in_one_of_our_states,_initiated_by_communist_troublemakers_and_revolutionaries,_was_swiftly_put_down_by_local_police._The_event_has_caused_a_massive_backlash_against_the_socialist_movement_in_the_state,_as_local_farmers_&_peasants_perceive_the_red_ideology_as_being_vehemently_opposed_to_the_traditions_and_histories_of_civilization_in_general,_and_,_$COUNTRY$,_more_importantly.;Aujourd'hui,_une_grève_a_éclaté_dans_l'un_de_nos_États_à_l'initiative_de_fauteurs_de_trouble_et_de_révolutionnaires_communistes,_avant_d'être_rapidement_contenue_par_la_police_locale._Cette_grève_a_suscité_une_réaction_massive_contre_le_mouvement_socialiste_de_l'État,_les_fermiers_locaux_jugeant_l'idéologie_communiste_comme_contraire_aux_traditions_et_à_l'histoire_de_la_civilisation,_en_général,_et_plus_important_encore_à_$COUNTRY$.;Heute_hat_es_in_einem_unserer_Staaten_einen_von_kommunistischen_Störenfrieden_und_Revolutionäre_angezettelten_Streik_gegeben,_der_aber_von_der_lokalen_Polizei_im_Keim_erstickt_wurde._Dieses_Ereignis_hat_der_sozialistischen_Bewegung_in_dem_Staat_einen_schweren_Schlag_versetzt,_da_die_lokalen_Bauern_die_rote_Ideologie_nun_als_krassen_Kontrast_zu_den_Traditionen_und_der_Geschichte_der_Gesellschaft_im_Allgemeinen_..._und_am_Wichtigsten,_zu_$COUNTRY$_erkennen.;;Hoy,_en_uno_de_nuestros_estados,_una_huelga_causada_por_agitadores_comunistas_y_revolucionarios_ha_sido_disuelta_con_rapidez_por_la_policía._El_evento_ha_causado_una_reacción_masiva_contra_el_movimiento_socialista_en_el_estado,_ya_que_los_granjeros_y_campesinos_locales_perciben_la_ideología_roja_como_algo_totalmente_opuesto_a_las_tradiciones_e_historias_de_la_civilización_en_general_y_de_$COUNTRY$,_en_particular.;;;;;;;;;
EVTOPTA17530;Let us hope that this will be the end of this revolutionary prattle;Espérons que cela mettra un terme à cette absurdité révolutionnaire.;Hoffentlich ist dies das Ende dieses revolutionären Geschwätzes.;;Esperemos que sea el final de este cotorreo revolucionario.;;;;;;;;;
EVTOPTB17530;But.. the plight of the workers? Exploitation by the ruling classes?;Mais... la condition des ouvriers ? l'exploitation par les classes dirigeantes ?;Aber ... was ist mit der Notlage der Bauern? Der Ausbeutung durch die herrschenden Klassen?;;Pero... ¿Y la situación de los trabajadores? ¿Explotación por parte de las clases dirigentes?;;;;;;;;;
EVTNAME17540;Sympathy Strike!;Grève solidaire !;Solidaritätsstreik!;;¡Huelga en solidaridad!;;;;;;;;;
EVTDESC17540;\n\nWorkers_in_a_machine_shop_in_one_of_our_states_have_gone_out_in_strike,_protesting_all_manner_of_ills,_real_or_perceived,_in_society_as_a_whole_and_in_the_workplace._What_is_infinitely_worse_than_a_few_redbeards_taking_a_few_days_off,_however,_is_that_many_other_workers_from_all_across_the_state_have_joined_them_in_a_state-wide_sympathy_strike,_causing_the_productive_engine_of_the_state_to_grind_to_a_more_or_less_immediate_halt._Harsh_methods_might_have_to_be_employed_to_resolve_this_little_situation.;Les_ouvriers_d'un_atelier_d'usinage_d'un_de_nos_États_se_sont_mis_en_grève_pour_dénoncer_les_maux,_réels_ou_perçus,_de_la_société,_dans_son_ensemble,_et_sur_leur_lieu_de_travail._Mais_le_pire,_c'est_que_de_nombreux_ouvriers,_des_quatre_coins_de_l'État,_ont_emboîté_le_pas_à_ces_quelques_contestataires_et_entamé_une_grève_solidaire_qui_a_stoppé,_plus_ou_moins_immédiatement,_l'appareil_productif._Des_méthodes_dures_sont_préconisées_pour_remédier_à_une_telle_situation.;Arbeiter_einer_Werkstatt_in_einem_unserer_Staaten_streiken_und_protestieren_dabei_gegen_allerlei_Ungerechtigkeiten_in_der_Gesellschaft_und_am_Arbeitsplatz,_egal_ob_diese_real_sind_oder_nur_empfunden_werden._Unendlich_schlimmer_als_ein_paar_Rotbärte,_die_sich_einige_Tage_freinehmen,_sind_aber_die_staatsweiten_Sympathiestreiks,_denen_sich_viele_andere_Arbeiter_angeschlossen_haben._Dies_hat_dazu_geführt,_dass_die_Produktionsmaschinerie_des_Staats_mehr_oder_weniger_abrupt_gestoppt_hat._Zur_Auflösung_dieser_kleinen_Unpässlichkeit_müssen_eventuell_drastische_Maßnahmen_ergriffen_werden.;;Los_trabajadores_de_un_taller_de_uno_de_nuestros_estados_se_han_declarado_en_huelga,_protestando_por_todo_tipo_de_problemas,_reales_o_percibidos,_en_la_sociedad_en_conjunto_y_en_el_lugar_de_trabajo._Sin_embargo,_lo_que_es_infinitamente_peor_que_unos_cuantos_desgraciados_de_barba_roja_tomándose_unos_días_libres_es_que_muchos_otros_trabajadores_de_todo_el_estado_se_hayan_unido_a_ellos_en_una_huelga_en_solidaridad,_provocando_el_detenimiento_inmediato_del_motor_productivo_del_estado._Se_podrían_haber_empleado_métodos_severos_para_resolver_esta_pequeña_situación.;;;;;;;;;
EVTOPTA17540;Time is on our side. Let us wait them out with vague promises, but little or no action.;Le temps joue en notre faveur. Faisons-les attendre avec de vagues promesses.;Die Zeit ist auf unserer Seite. Lasst sie uns mit wagen Versprechen hinhalten, aber nur wenig oder gar nicht unternehmen.;;El tiempo está de nuestro lado. Dejémoslos esperando con promesas vagas?;;;;;;;;;
EVTOPTB17540;Curtail local press distribution for any papers suspected of collaboration;S'attaquer aux journaux soupçonnés de collaboration;Schränkt die Auflagen lokaler Zeitungen ein, die wir der Kollaboration verdächtigen.;;Restringid la distribución local de cualquier periódico sospechoso de colaboración.;;;;;;;;;
EVTNAME17550;The $COUNTRY_ADJ$ Red Star;L'Étoile Rouge $COUNTRY_ADJ$;Der $COUNTRY_ADJ$ Rote Stern;;La Estrella Roja $COUNTRY_ADJ$;;;;;;;;;
EVTDESC17550;\n\nA_new_daily_with_no_shame_about_its_political_leanings_has_been_incorporated_in_$CAPITAL$,_The_$COUNTRY_ADJ$_Red_Star,_official_party_organ_for_the_$COUNTRY_ADJ$_socialist_party._The_Red_Star_publishes_deeply_moving_social_commentary,_seldom_without_picturesque_little_reports_on_the_conditions_of_working_men_and_women_across_the_world._The_Red_Star_stands,_or_so_it_claims,_for_international_solidarity,_worker's_rights,_unionism_and_class_struggle_on_a_broad,_democratic_and_socialist_basis.;Un_nouveau_quotidien_qui_n'a_pas_honte_de_ses_tendances_politiques_est_diffusé_à_$CAPITAL$,_l'Étoile_Rouge_$COUNTRY_ADJ$,_l'organe_officiel_du_parti_socialiste_$COUNTRY_ADJ$._L'Étoile_Rouge_publie_des_témoignages_particulièrement_poignants_et_éloquents_sur_les_conditions_de_travail_des_hommes_et_femmes_du_monde_entier._Comme_il_le_revendique,_l'Étoile_Rouge_soutient_la_solidarité_internationale,_les_droits_des_ouvriers,_l'unionisme_et_la_lutte_des_classes_sur_une_base_démocratique_et_socialiste_élargie.;In_$CAPITAL$_wurde_eine_neue_Tageszeitung_gegründet,_die_aus_ihrer_politischen_Gesinnung_keinen_Hehl_macht:_Der_$COUNTRY_ADJ$_Rote_Stern,_offizielles_Parteiorgan_der_$COUNTRY_ADJ$_sozialistischen_Partei._Der_Rote_Stern_veröffentlicht_tief_bewegende_Sozialkommentare,_selten_ohne_anschauliche_Kurzberichte_über_die_Lebensbedingungen_der_arbeitenden_Bevölkerung_auf_der_ganzen_Welt._Der_Rote_Stern_steht_eigenen_Aussagen_zufolge_für_internationale_Solidarität,_Arbeiterrechte,_Unionismus_und_Klassenkampf_auf_einer_breiten_demokratischen_und_sozialistischen_Basis.;;Un_nuevo_diario_sin_miedo_a_sus_inclinaciones_políticas_ha_aparecido_en_$CAPITAL$,_La_Estrella_Roja_$COUNTRY_ADJ$,_el_órgano_oficial_del_partido_socialista_de_$COUNTRY$._La_Estrella_Roja_publica_comentarios_sociales_muy_conmovedores,_acompañados_de_pequeños_reportajes_sobre_las_condiciones_de_los_trabajadores_y_trabajadoras_de_todo_el_mundo._El_Estrella_Roja_representa,_o_así_lo_afirma,_la_solidaridad_internacional,_los_derechos_del_trabajador,_el_sindicalismo_y_la_lucha_de_clases_sobre_una_amplia_base_socialista_y_democrática.;;;;;;;;;
EVTOPTA17550;I shall suggest down at the club that they start a subscription. Gin, anyone?;Je vais suggérer au club de prendre un abonnement. Quelqu'un veut du gin ?;Ich werde mal beim Klub vorschlagen, dass sie das Blatt abonnieren. Will jemand Gin?;;Sugeriré en el club que se suscriban. ¿Alguien quiere ginebra?;;;;;;;;;
EVTOPTB17550;What is this... horrid piece of paper... a Fish & Chips wrapping?;Qu'est-ce que c'est que ce torchon ?;Was ist dieses ... furchtbare Käseblättchen ... ne Fish & Chips-Verpackung?;;¿Qué es este... horrible trozo de papel? ¿Un envoltorio para el pescado y las patatas?;;;;;;;;;
EVTNAME17560;May Day Parade;Défilé du 1er mai;Parade zum Tag der Arbeit;;Manifestación del Día del Trabajo;;;;;;;;;
EVTDESC17560;\n\nThe_red_banners_flutter_before_the_winds,_and_people_of_all_ages_come_out_to_watch,_as_socialists,_communists,_union_members_and_workers_of_all_ages_come_together_in_a_protest_march,_all_across_country,_commemorating_the_deaths_of_several_demonstrators_at_the_Chicago_Haymarket_Massacre_in_1886._While_an_annually_returning_celebration_in_almost_every_city_in_$COUNTRY$,_this_year's_incarnation_has_been_particularly_successful_in_one_of_our_states,_where_an_upsurge_in_socialist_militancy_and_consciousness_can_be_expected.;Les_drapeaux_rouges_flottent_au_vent_et_des_personnes_de_tout_âge_sont_venues_voir_les_syndicalistes_et_ouvriers,_socialistes_et_communistes,_de_tout_âge_eux_aussi,_défiler_dans_tout_le_pays_pour_commémorer_la_mort_de_plusieurs_manifestants_lors_du_massacre_du_Chicago_Haymarket_de_1886._Avec_une_commémoration_annuelle_organisée_dans_chaque_ville_de_$COUNTRY$,_le_défilé_a,_cette_année,_remporté_un_succès_particulièrement_vif_dans_l'un_de_nos_États_où_l'on_peut_s'attendre_à_un_regain_de_militantisme_socialiste.;Die_roten_Banner_flattern_im_Wind_und_Leute_allen_Alters_schauen_zu,_als_sich_im_ganzen_Land_Sozialisten,_Kommunisten,_Gewerkschaftler_und_Arbeiter_aller_Altersgruppen_sich_zu_einem_Protestmarsch_zusammenfinden,_um_dem_Tod_mehrerer_Demonstranten_beim_Chicago_Haymarket_Massacre_von_1886_zu_gedenken._Obwohl_dies_jährlich_in_allen_Städten_in_$COUNTRY$_wiederholt_wird,_waren_die_diesjährigen_Feierlichkeiten_in_einem_unserer_Staaten_ein_besonders_großer_Erfolg:_Dort_kann_nun_ein_abrupter_Anstieg_sozialistisch_motivierter_Militanz_und_sozialistischen_Bewusstseins_gerechnet_werden.;;Las_banderas_rojas_ondean_al_viento_y_gente_de_todas_las_edades_llega_para_observar_cómo_los_socialistas,_los_comunistas,_los_miembros_de_los_sindicatos_y_trabajadores_de_todas_las_edades_hacen_una_marcha_de_protesta_en_todo_el_país,_conmemorando_las_muertes_de_varios_manifestantes_en_la_Masacre_de_Haymarket_de_Chicago_en_1886._Aunque_se_trata_de_una_celebración_anual_que_se_lleva_a_cabo_en_casi_cada_ciudad_de_$COUNTRY$,_la_de_este_año_ha_tenido_mucho_éxito_en_uno_de_nuestros_estados,_en_el_que_cabe_esperar_un_recrudecimiento_de_la_militancia_socialista_y_la_concienciación._;;;;;;;;;
EVTOPTA17560;Commemorating bomb-throwers and murderers, in one of *my* states?;On commémore des poseurs de bombes et des meurtriers dans l'un de MES États ?;Gedenkfeiern für Bombenwerfer und Mörder in einem *meiner* Staaten?;;¿Conmemorando a lanzadores de bombas y asesinos en uno de 'mis' estados?;;;;;;;;;
EVTOPTB17560;Naturally we support this fine display of international solidarity between workers;Naturellement, nous soutenons cette belle démonstration de solidarité internationale.;Diese großartige internationale Arbeitersolidarität werden wir natürlich unterstützen.;;Naturalmente, apoyamos esta muestra de solidaridad internacional entre trabajadores.;;;;;;;;;
EVTNAME17580;Union Busting;Répression antisyndicale;Streikbrecher;;Antisindicales;;;;;;;;;
EVTDESC17580;\n\nThere's_foxes_in_the_hen_house,'\ncows_out_in_the_corn.\nThe_unions_have_been_busted,\ntheir_proud_red_banners_torn'\n-_Steve_Earle\n\nCapitalists_in_one_of_our_states_have_begun_employing_union_busting_tactics_to_end_what_they_describe_as_'the_scourge_of_organized_labor'._By_employing_professional_infiltrators_to_get_under_the_skin_of_the_state's_labor_movement,_the_capitalists_hope_to_be_able_to_sow_discontent_among_the_union_rank_and_file.;There's_foxes_in_the_hen_house,\ncows_out_in_the_corn.\nThe_unions_have_been_busted,\ntheir_proud_red_banners_torn.\n_--_Paroles_de_Steve_Earle_--\n\nLes_capitalistes_de_l'un_de_nos_États_ont_commencé_à_recourir_à_des_méthodes_musclées_pour_mettre_fin_à_ce_qu'ils_qualifient_de_"fléau_syndicaliste"._En_faisant_appel_à_des_professionnels_pour_infiltrer_le_mouvement_syndical_de_l'État,_les_capitalistes_espèrent_pouvoir_semer_la_discorde_dans_les_rangs_des_syndicalistes.;There's_foxes_in_the_hen_house,'\ncows_out_in_the_corn.\nThe_unions_have_been_busted,\ntheir_proud_red_banners_torn'\n-_Steve_Earle\n\nKapitalisten_haben_in_einem_unserer_Staaten_begonnen,_mit_Streikbrechertaktiken_gegen_die_nach_ihren_Worten_'Landplage_der_organisierten_Arbeiterschaft'_vorzugehen._Durch_den_Einsatz_professioneller_Spione_zur_Unterwanderung_der_Arbeiterbewegung_im_Staat_hoffen_die_Kapitalisten,_an_der_Basis_der_Gewerkschaft_Zwietracht_zu_sähen.;;Hay_zorros_en_el_gallinero,\nvacas_en_los_maizales.\nLos_sindicatos_se_han_desmontado,\ny_sus_orgullosas_banderas_rojas_se_han_desgarrado.\n-_Steve_Earle\n\nLos_capitalistas_de_uno_de_nuestros_estados_han_empezado_a_emplear_tácticas_de_desmontaje_para_acabar_con_lo_que_ellos_denominan_'el_azote_del_trabajo_organizado'._Mediante_el_empleo_de_infiltradores_profesionales_que_entran_a_formar_parte_del_movimiento_laborista_del_estado,_los_capitalistas_esperan_poder_sembrar_el_descontento_entre_el_personal_de_la_unión.;;;;;;;;;
EVTOPTA17580;An excellent initiative that can only be applauded!;Voilà une initiative qui mérite d'être applaudie !;So einer hervorragenden Initiative kann man nur Beifall klatschen!;;¡Una iniciativa excelente que solo puede ser aplaudida!;;;;;;;;;
EVTOPTB17580;They must stop infringing on organizational freedoms;Il faut qu'ils arrêtent de violer les libertés syndicales.;Sie müssen aufhören, die organisatorischen Freiheiten zu überziehen.;;Deben cesar de vulnerar las libertades organizativas.;;;;;;;;;
EVTNAME17590;Lockout!;Grève patronale !;Aussperrung!;;¡Cierre patronal!;;;;;;;;;
EVTDESC17590;\n\nCapitalists_in_one_of_our_states_have_called_a_lockout_following_a_period_of_intensifying_labor_conflicts_in_the_area._Workers_have_been_informed_by_management_that_no_one_is_welcome_back_to_work_while_union_sympathies_still_run_high_among_the_employed._Local_police_have_expressed_support_for_the_move,_citing_a_long_series_of_disturbances_at_the_factory,_some_even_bordering_on_sabotage.;Les_capitalistes_de_l'un_de_nos_États_ont_appelé_à_une_grève_patronale_après_une_période_d'intenses_conflits_syndicaux._La_direction_a_informé_les_ouvriers_qu'ils_n'étaient_plus_les_bienvenus_tant_que_la_solidarité_syndicale_durerait_dans_ses_proportions_actuelles._La_police_locale_a_exprimé_son_soutien_au_mouvement,_citant_différents_désagréments_survenus_à_l'usine,_certains_étant_même_à_la_limite_des_actes_de_sabotage.;Nach_längeren_Arbeitskämpfen_haben_Kapitalisten_in_einem_unserer_Staaten_ihre_Angestellten_ausgesperrt._Das_Management_hat_ihnen_mitgeteilt,_dass_sie_so_lange_nicht_mehr_willkommen_sind,_wie_die_hohe_Sympathie_für_die_Gewerkschaft_anhält._Die_lokale_Polizei_hat_ihr_Verständnis_für_diesen_Schritt_kund_getan_und_sich_auf_eine_lange_Reihe_von_Störfällen_in_der_Fabrik_berufen,_einige_davon_am_Rand_von_Sabotage.;;Los_capitalistas_de_uno_de_nuestros_estados_han_llamado_a_un_cierre_patronal_tras_un_período_de_intensos_conflictos_laborales_en_la_zona._Los_trabajadores_han_sido_informados_por_la_gerencia_que_ninguno_es_bienvenido_en_el_trabajo,_mientras_que_las_simpatías_hacia_los_sindicatos_siguen_siendo_altas_entre_los_empleados._La_policía_local_ha_expresado_su_apoyo_a_este_movimiento,_citando_una_larga_serie_de_disturbios_en_la_fábrica,_alguno_de_ellos_incluso_rayando_en_el_sabotaje.;;;;;;;;;
EVTOPTA17590;Yes? We have trade, wars, production, and you tell me about organized labor?;Ah bon ? vous me parlez de mouvement syndical ?;Ja? Handel, Kriege, Produktion - und ihr erzählt mir von organisierten Arbeitern?;;¿Sí? ¿Tenemos comercio, guerras, producción y vienes a hablarme de obreros sindicados?;;;;;;;;;
EVTOPTB17590;Hey! That's unconstitutional!;Hein ! C'est anticonstitutionnel !;Hey! Das ist aber nicht verfassungskonform!;;¡Eh! ¡Eso es inconstitucional!;;;;;;;;;
EVTNAME17600;Black Flags;Drapeaux noirs;Schwarze Flaggen;;Banderas negras;;;;;;;;;
EVTDESC17600;\n\nThe_socialist_party_in_one_of_our_states_has_recently_begun_undergoing_a_distinct_metamorphosis,_under_the_influence_of_its_young,_charismatic_leader._While_the_party_still_maintains_several_core_tenants_of_socialism,_such_as_the_emphasis_on_the_state's_important_societal_role,_it_has_also_begun_embracing_an_aggressive_and_bombastic_form_of_radical_nationalism._Black_flags_have_begun_waving_from_the_socialist_party_headquarters_in_one_of_our_states,_and_while_still_prefixed_with_'proto-',_it_is_clear_that_what_we_are_seeing_is_the_formation_of_a_radical_new_front_in_the_state's_politics:_Fascism.;Le_parti_socialiste_de_l'un_de_nos_États_a_récemment_commencé_à_se_métamorphoser_sous_l'influence_de_son_jeune_et_charismatique_dirigeant._Tout_en_conservant_les_principes_clés_du_socialisme,_comme_l'importance_du_rôle_de_l'État_dans_la_société,_il_a_adopté_une_forme_plus_agressive_et_plus_ampoulée_du_nationalisme_radical._Des_drapeaux_noirs_ont_commencé_à_flotter_au-dessus_du_siège_du_parti_socialiste_de_l'un_de_nos_États_et,_malgré_la_persistance_du_préfixe_"proto",_il_apparaît_clair_que_nous_assistons_là_à_la_formation_d'un_nouveau_front_radical_au_sein_du_parti_:_le_fascisme.;Die_sozialistische_Partei_in_einem_unserer_Staaten_hat_kürzlich_begonnen,_sich_unter_dem_Einfluss_ihres_jungen,_charismatischen_Anführers_deutlich_zu_wandeln._Während_die_Partei_weiterhin_einige_Hauptaspekte_des_Sozialismus_beibehält,_zum_Beispiel_die_Betonung_der_gesellschaftlichen_Rolle_des_Staats,_beginnt_sie_nun_auch,_eine_aggressive_und_bombastische_Form_des_radikalen_Nationalismus_zu_befürworten._Aus_dem_Hauptquartier_der_sozialistischen_Partei_in_einem_unserer_Staaten_wehen_schwarze_Fahnen,_und_obwohl_die_Vorsilbe_'Proto-'_immer_noch_Bestand_hat,_ist_es_klar,_dass_wir_es_hier_mit_der_Bildung_einer_neuen_radikalen_Front_zu_tun_haben:_Dem_Faschismus.;;El_partido_socialista_de_uno_de_nuestros_estados_ha_iniciado_recientemente_una_especie_de_metamorfosis,_bajo_la_influencia_de_su_joven_y_carismático_líder._Aunque_el_partido_aún_mantiene_varios_dogmas_básicos_del_socialismo,_como_el_énfasis_sobre_el_papel_social_tan_importante_del_estado,_también_han_iniciado_una_forma_de_nacionalismo_radical_rimbombante_y_agresivo._Banderas_negras_han_empezado_a_ondear_en_el_cuartel_del_partido_socialista_en_uno_de_nuestros_estados,_y_aunque_aún_se_les_puede_aplicar_el_prefijo_'proto',_está_claro_que_lo_que_estamos_viendo_es_la_formación_de_un_nuevo_frente_radical_en_la_política_de_estado:_el_fascismo.;;;;;;;;;
EVTOPTA17600;An interesting development that we will make sure to keep an eye on.;Voilà un développement intéressant sur lequel il va nous falloir garder l'?il.;Das ist eine interessante Entwicklung, die wir im Auge behalten müssen.;;Un desarrollo interesante que nos aseguraremos de seguir.;;;;;;;;;
EVTOPTB17600;Let us see if we cannot defuse some of this enthusiasm into more palatable forms;Voyons voir s'il ne nous est pas possible de rendre un tel enthousiasme plus acceptable.;Mal sehen, ob wir diesen Enthusiasmus nicht in etwas angenehmere Bahnen lenken können.;;Podemos calmar un poco su entusiasmo para canalizarlo en formas más aceptables.;;;;;;;;;
EVTNAME17610;Blackshirts;Les Chemises noires;Schwarzhemden;;Camisas Negras;;;;;;;;;
EVTDESC17610;\n\nThe_emerging_fascist_party_in_one_of_our_states_has_formed_a_paramilitary_corps,_organized_with_a_military_command_chain,_ideologically_coherent_and_ready_to_do_the_bidding_of_the_fascist_party_leaders._The_group_is_colloquially_referred_to_as_the_'Blackshirts'_from_the_iconic_militaresque_shirts_that_they_have_taken_to_wearing._This_trend_is_new_to_$COUNTRY_ADJ$_politics,_and_some_fear_that_it_might_lead_to_a_chain-reaction,_with_other_parties_forming_military_organizations_of_their_own.;Le_nouveau_parti_fasciste_présent_dans_l'un_de_nos_États_s'est_doté_d'un_corps_paramilitaire,_organisé_selon_une_chaîne_de_commandement_militaire,_cohérent,_en_termes_idéologiques,_et_prêt_à_répondre_aux_ordres_des_chefs_du_parti_fasciste._Ce_corps_se_fait_communément_appeler_les_"chemises_noires"_en_raison_des_chemises_distinctives_que_ses_membres_arborent._Il_s'agit_là_d'une_nouvelle_tendance_dans_le_paysage_politique_$COUNTRY_ADJ$_et_certains_craignent_qu'elle_ne_déclenche_une_réaction_en_chaîne_et_que_d'autres_partis_ne_créent,_eux_aussi,_leurs_propres_corps_militaires.;Die_neu_entstandene_faschistische_Partei_in_einem_unserer_Staaten_hat_ein_paramilitärisches_Korps_mit_militärischer_Kommandostruktur_aufgestellt._Es_ist_ideologisch_gefestigt_und_bereit,_die_Befehle_der_faschistischen_Parteiführer_ausführen._Die_Gruppe_wird_aufgrund_ihrer_martialischen_Hemden_im_Volksmund_'Schwarzhemden'_genannt._Dieser_Trend_ist_neu_in_der_$COUNTRY_ADJ$_Politik,_und_manche_fürchten,_dass_er_eine_Kettenreaktion_auslösen_könnte,_die_zur_Aufstellung_militärischer_Organisationen_durch_die_anderen_Parteien_führt.;;El_partido_fascista_emergente_en_uno_de_nuestros_estados_ha_formado_un_cuerpo_paramilitar_organizado,_con_una_cadena_de_mando_militar,_ideológicamente_coherente_y_dispuesto_a_cumplir_la_voluntad_de_los_líderes_del_partido_fascista._Este_grupo,_se_denomina_popularmente_los_'Camisas_Negras'_por_las_camisas_icónicas_de_corte_militar_que_llevan_puestas._Esta_tendencia_es_nueva_para_los_políticos_de_$COUNTRY$,_y_algunos_temen_que_pudiera_causar_una_reacción_en_cadena,_con_otros_partidos_formando_sus_propias_organizaciones_militares.;;;;;;;;;
EVTOPTA17610;Clamp down on the organization and attempt to shut it down;Neutraliser ce corps et tenter de le démanteler;Geht gegen die Organisation vor und versucht, sie aufzulösen.;;Tomad medidas drásticas en la organización e intentad cerrarla.;;;;;;;;;
EVTOPTB17610;Leave them be, and hope that they don't gain too much ground;Le laisser faire et espérer qu'il ne gagne pas trop de terrain;Wir lassen sie in Ruhe und hoffen, dass sie nicht zu viel Einfluss erlangen.;;Dejadla estar y esperemos que no ganen mucho terreno.;;;;;;;;;
EVTNAME17620;Fascist Soup kitchens;Soupes populaires fascistes;Faschistische Suppenküchen;;Comedores populares fascistas;;;;;;;;;
EVTDESC17620;\n\nThe_fascist_party_has_begun_organizing_soup_kitchens_for_the_unemployed_in_one_of_our_states,_citing_the_need_to_'Protect_and_preserve_the_pureborn_$COUNTRY_ADJ$_industrial_workers_from_the_ravages_of_international_capitalism'._Several_other_parties,_along_with_leading_liberal_and_conservative_dailies,_have_expressed_sharp_criticism_of_the_party's_work,_claiming_that_it,_in_the_end,_amounts_to_little_less_than_bribery_and_the_buying_of_voter_support._The_fascists_themselves_do_not_seem_overly_concerned_about_these_accusations.;Le_parti_fasciste_a_commencé_à_organiser_des_soupes_populaires_pour_les_chômeurs_dans_l'un_de_nos_États,_se_référant_à_la_nécessité_de_"protéger_et_de_préserver_les_ouvriers_de_pure_souche_$COUNTRY_ADJ$_des_effets_dévastateurs_du_capitalisme_international"._Plusieurs_autres_partis,_ainsi_que_de_grands_quotidiens_libéraux_et_conservateurs,_ont_émis_de_vives_critiques_à_l'égard_de_tels_agissements,_estimant_qu'il_s'agissait_là_d'une_façon_plus_ou_moins_détournée_d'acheter_le_soutien_des_électeurs._Les_fascistes,_eux,_ne_semblent_pas_inquiets_de_telles_accusations.;Die_faschistische_Partei_hat_in_einem_unserer_Staaten_damit_begonnen,_Suppenküchen_für_die_Arbeitslosen_einzurichten._Sie_sagen,_sie_müssten_die_'reinrassigen_$COUNTRY_ADJ$_Industriearbeiter_von_den_Verheerungen_des_internationalen_Kapitalismus_schützen'._Mehrere_andere_Parteien_sowie_führende_liberale_und_konservative_Tageszeitungen_haben_die_Arbeit_der_Partei_scharf_kritisiert,_und_behauptet,_dass_sie_letztendlich_kaum_mehr_als_Bestechung_und_Stimmenkauf_sei._Die_Faschisten_selbst_scheinen_über_diese_Anschuldigungen_nicht_sonderlich_bestürzt_zu_sein.;;El_partido_fascista_ha_iniciado_la_organización_de_comedores_populares_para_los_desempleados_en_uno_de_nuestros_estados,_argumentando_la_necesidad_de_'Proteger_y_preservar_a_los_trabajadores_industriales_originarios_de_$COUNTRY$_de_los_estragos_del_capitalismo_internacional'._Varios_partidos,_junto_a_diarios_liberales_y_conservadores,_han_expresado_su_crítica_más_acerada_del_trabajo_del_partido,_aduciendo_que,_al_final,_se_convertirá_en_poco_menos_que_un_soborno_para_la_compra_del_apoyo_del_votante._Los_fascistas_no_parecen_demasiado_preocupados_por_estas_acusaciones.;;;;;;;;;
EVTOPTA17620;The party's work is not illegal, and is therefore not a government concern;Les agissements du parti ne sont pas contraires à la loi.;Die Arbeit der Partei ist nicht illegal und geht die Regierung deshalb nichts an.;;El trabajo del partido no es ilegal y, por tanto, el gobierno no está preocupado.;;;;;;;;;
EVTOPTB17620;This is just a ruse to build support for the party, end this nonsense!;Il s'agit là d'une ruse visant à rallier du soutien. Mettons fin à cette absurdité !;Das ist nur ein Trick, um Unterstützer für die Partei zu gewinnen. Beendet diesen Unsinn!;;Se trata de una estratagema para comprar apoyos para el partido. ¡Poned fin a esto!;;;;;;;;;
EVTNAME17630;The March on $CAPITAL$;La marche sur $CAPITAL$;Der Marsch auf $CAPITAL$;;La marcha sobre $CAPITAL$;;;;;;;;;
EVTDESC17630;\n\nReports_have_reached_$CAPITAL$_that_the_Blackshirts,_the_paramilitary_wing_of_the_fascist_party,_have_begun_marching_down_the_country,_toward_$CAPITAL$,_intent_on_seizing_power_in_$COUNTRY$._The_military_has_thus_far_not_attempted_to_intervene,_and_we_suspect_that_this_might_be_due_to_the_fact_that_several_leading_members_of_our_armed_forces_have_fascist_sympathies_themselves._This_is_definitely_a_crisis_for_the_young_$COUNTRY_ADJ$_democracy.;À_$CAPITAL$,_des_rapports_indique_que_les_Chemises_noires,_le_corps_paramilitaire_du_parti_fasciste,_marchent_dans_tout_le_pays_en_direction_de_$CAPITAL$,_avec_l'intention_de_prendre_le_contrôle_de_$COUNTRY$._Pour_le_moment,_les_militaires_n'ont_pas_tenté_d'intervenir_et_nous_pensons_que_cela_est_dû_au_fait_que_plusieurs_membres_dirigeants_de_nos_forces_armées_sont,_eux-mêmes,_des_sympathisants_des_fascistes._Il_s'agit_bien_là_d'une_crise_pour_la_jeune_démocratie_$COUNTRY_ADJ$.;$CAPITAL$_haben_Berichte_erreicht,_dass_die_Schwarzhemden,_der_paramilitärische_Flügel_der_faschistischen_Partei,_auf_$CAPITAL$_zu_marschieren_und_die_Macht_in_$COUNTRY$_an_sich_reißen_wollen._Unser_Militär_hat_bislang_noch_nicht_eingegriffen,_aber_wir_vermuten,_dies_könnte_daran_liegen,_dass_mehrere_führende_Mitglieder_unserer_Streitkräfte_mit_den_Faschisten_sympathisieren._Dies_ist_definitiv_eine_Krise_für_die_junge_$COUNTRY_ADJ$_Demokratie.;;Han_llegado_informes_a_$CAPITAL$_de_que_los_Camisas_Negras,_el_ala_paramilitar_del_partido_fascista,_ha_empezado_una_marcha_por_todo_el_país_hacia_$CAPITAL$,_en_un_intento_de_hacerse_con_el_poder_en_$COUNTRY$._El_ejército_aún_no_ha_intentado_intervenir_y_sospechamos_que_podría_deberse_a_que_varias_de_las_personalidades_que_lideran_nuestras_fuerzas_armadas_tienen_simpatías_hacia_los_fascistas._Definitivamente,_se_trata_de_una_crisis_para_la_joven_democracia_$COUNTRY_ADJ$.;;;;;;;;;
EVTOPTA17630;Send out the military to restore order;Envoyer l'armée pour rétablir l'ordre;Das Militär soll die Ordnung wiederherstellen.;;Enviad al ejército para restaurar el orden.;;;;;;;;;
EVTOPTB17630;Neat black flags they have! I have a white one!;Ils ont de bien jolis drapeaux noirs ! Le mien, quant à lui, est blanc !;Die haben aber hübsche schwarze Fahnen! Ich habe eine weiße!;;¡Bonitas banderas negras! ¡Yo tengo una blanca!;;;;;;;;;
EVTNAME17640;$COUNTRY_ADJ$ Free Corps;Corps francs $COUNTRY_ADJ$;$COUNTRY_ADJ$ Freikorps!;;Cuerpos Libres de $COUNTRY$;;;;;;;;;
EVTDESC17640;\n\nWar_veterans,_disgruntled_with_what_they_see_as_the_failures_of_capitalism_and_liberal_democracy,_have_formed_a_Free_Corps_--_an_ideological_an_paramilitary_organization_ostensibly_existing_to_protect_the_state_and_homeland,_while_de_facto_promoting_a_fascist_political_agenda_--_in_one_of_our_states._The_corps_has_already_begun_flexing_its_muscles_in_local_politics,_threatening_several_liberal_politicians_and_maintaining_a_fairly_intimidating_uniformed_presence_in_the_state.;Les_vétérans_de_guerre,_contrariés_par_ce_qu'ils_qualifient_d'échec_du_capitalisme_et_de_la_démocratie_libérale,_se_sont_constitués_en_Corps_francs,_une_organisation_idéologique_et_paramilitaire_avec_pour_vocation_de_protéger_l'État_et_la_patrie,_tout_en_faisant_la_promotion_d'un_program_fasciste_de_facto,_dans_l'un_de_nos_États._Ces_corps_ont_déjà_commencé_à_s'attaquer_à_la_politique_locale,_menaçant_plusieurs_politiciens_libéraux_et_maintenant_une_présence_plutôt_intimidante_dans_l'État.;Mit_Kapitalismus_und_liberaler_Demokratie_unzufriedene_Kriegsveteranen_haben_in_einem_unserer_Staaten_ein_Freikorps_gegründet,_eine_paramilitärische_Organisation,_die_angeblich_Staat_und_Heimatland_schützen_soll,_während_sie_in_Wirklichkeit_eine_faschistische_Agenda_verfolgt._In_der_lokalen_Politik_hat_das_Korps_bereits_seine_Muskeln_spielen_lassen_und_dabei_mehrere_liberale_Politiker_bedroht._Es_hat_in_dem_Staat_eine_recht_einschüchternde,_uniformierte_Präsenz.;;Algunos_veteranos_de_guerra,_decepcionados_por_lo_que_consideran_el_fracaso_del_capitalismo_y_la_democracia_liberal_han_formado_los_Cuerpos_Libres,_una_organización_ideológica_paramilitar_cuya_existencia_responde_a_la_protección_del_estado_y_el_territorio_nacional_que_promueve_una_agenda_política_fascista_en_uno_de_nuestros_estados._Los_Cuerpos_ya_han_empezado_a_actuar_en_la_política_local,_amenazando_a_varios_políticos_liberales_y_manteniendo_una_presencia_uniformada_en_el_estado_que_intimida_bastante.;;;;;;;;;
EVTOPTA17640;Let them prance about if they absolutely must;Les laisser se pavaner, si nécessaire;Lasst sie herumhüpfen, wenn es denn unbedingt sein muss.;;Si no hay más remedio, dejadles que se paseen.;;;;;;;;;
EVTOPTB17640;Prevent the organization from recruiting on barracks grounds;Empêcher l'organisation de recruter dans les casernes;Verhindert, dass das Freikorps in den Kasernen Mitglieder rekrutiert.;;Evitad que la organización reclute en los cuarteles.;;;;;;;;;
EVTNAME17650;Fascist Newspaper;Journal fasciste;Faschistische Zeitung;;Periódico fascista;;;;;;;;;
EVTDESC17650;\n\nA_fascist_newspaper_has_begun_circulating_in_one_of_our_states._The_paper,_'$COUNTRY_ADJ$_Dawn',_carries_fiery_denunciations_of_everything_between_heaven_and_earth,_including,_but_certainly_not_limited_to,_communists,_socialists,_liberals,_conservatives,_foreigners,_minorities,_women,_homosexuals,_capitalists,_deviants_and_criminals._While_the_paper_carries_a_fair_amount_of_vitriol,_it_does_still_manage_to_capitalize_fairly_well_on_several_of_the_attitudes_that_are_prevalent_among_fairly_broad_strata_of_our_society,_whatever_that_says_about_$COUNTRY_ADJ$_society.;Un_nouveau_journal_fasciste_a_commencé_à_circuler_dans_l'un_de_nos_États._Ce_journal,_"L'Aube_$COUNTRY_ADJ$",_publie_de_graves_dénonciations_portant_sur_tout_un_chacun_:_les_communistes,_les_socialistes,_les_libéraux,_les_conservateurs,_les_étrangers,_les_minorités,_les_femmes,_les_homosexuels,_les_capitalistes,_les_déviants_et_les_criminels._Malgré_ses_propos_au_vitriol,_le_journal_réussit_à_exploiter_différentes_attitudes_prédominantes_au_sein_des_classes_élargies_de_notre_société,_de_ce_qui_touche_à_la_société_$COUNTRY_ADJ$.;In_einem_unserer_Staaten_wird_seit_kurzem_eine_faschistische_Zeitung_verkauft._Das_Blatt,_genannt_'$COUNTRY_ADJ$_Dämmerung'_trieft_nur_so_vor_wilden_Verunglimpfungen_von_allem_zwischen_Himmel_und_Erde,_einschließlich,_aber_sicherlich_nicht_limitiert_auf_Kommunisten,_Sozialisten,_Liberale,_Konservative,_Ausländer,_Minderheiten,_Frauen,_Homosexuelle,_Kapitalisten,_Perverslinge_und_Kriminelle._Während_die_Zeitung_ziemlich_viel_Gift_verspritzt,_schafft_sie_es_doch_ziemlich_gut,_sich_mehrere_Ansichten_weiter_Teile_unserer_Gesellschaft_zunutze_zu_machen,_was_auch_immer_das_über_die_$COUNTRY_ADJ$_Gesellschaft_aussagen_mag.;;Un_periódico_fascista_ha_empezado_a_circular_en_uno_de_nuestros_estados._El_periódico,_'El_Amanecer_de_$COUNTRY$',_denuncia_con_ferocidad_todo_lo_que_existe_entre_el_cielo_y_la_tierra,_entre_ello_a_los_comunistas,_los_socialistas,_los_liberales,_los_conservadores,_los_extranjeros,_los_grupos_minoritarios,_las_mujeres,_los_homosexuales,_los_capitalistas,_los_asociales_y_los_criminales._A_pesar_de_que_el_periódico_destila_vitriolo,_consigue_resumir_con_bastante_acierto_diversas_actitudes_que_son_predominantes_entre_un_estrato_de_nuestra_sociedad_bastante_amplio,_lo_cuál_no_dice_mucho_de_la_sociedad_$COUNTRY_ADJ$.;;;;;;;;;
EVTOPTA17650;I believe we will see it primarily read by the lower class;J'imagine qu'il sera principalement lu par les classes défavorisées.;Ich glaube, dieses Blatt wird hauptsächlich von der Unterschicht gelesen werden.;;Creo que lo leerán principalmente las clases bajas.;;;;;;;;;
EVTOPTB17650;I believe we will see it primarily read by the middle class;J'imagine qu'il sera principalement lu par les classes moyennes.;Ich glaube, dieses Blatt wird hauptsächlich von der Mittelschicht gelesen werden.;;Creo que lo leerá principalmente la clase media.;;;;;;;;;
EVTNAME17660;Dogma of Violence;Dogme de la violence;Dogma der Gewalt;;Dogma de violencia;;;;;;;;;
EVTDESC17660;\n\nPolitical_violence_has_claimed_several_lives_in_one_of_our_states,_as_fascist_paramilitaries_stormed_the_headquarters_of_the_local_liberal_party_yesterday,_killing_three_and_wounding_several_more._The_action_has_been_met_with_reaction_during_the_night,_as_fascists,_socialists_and_citizen_guards_engage_in_street-fighting_throughout._The_situation_has_exploded_out_of_a_relative_calm,_and_many_of_the_citizens_in_the_state_are_angry,_afraid_and_concerned_about_where_the_country_is_heading,_with_several_suggesting_increased_police_budgets_as_a_means_to_ensure_state_control.;La_violence_politique_est_à_l'origine_de_plusieurs_morts_dans_l'un_de_nos_États,_alors_que_les_paramilitaires_fascistes_ont_déferlé,_hier,_sur_le_siège_du_parti_libéral_local,_tuant_trois_personnes_et_en_blessant_plusieurs_autres._De_tels_agissements_ont_suscité_des_réactions_en_soirée_et_des_combats_de_rue_ont_éclaté_entre_fascistes,_socialistes_et_membres_de_la_garde_citoyenne._La_situation_a_explosé_malgré_un_calme_relatif_et_bon_nombre_de_citoyens_de_l'État_sont_en_colère,_apeurés_et_inquiets_par_l'orientation_prise_par_le_pays._Plusieurs_voix_s'élèvent_pour_demander_l'augmentation_du_budget_de_la_police_pour_assurer_le_contrôle_de_l'État.;In_einem_unserer_Staaten_sind_gestern_mehrere_Menschen_politischer_Gewalt_zum_Opfer_gefallen,_als_faschistische_Paramilitärs_die_Zentrale_der_lokalen_liberalen_Partei_gestürmt_haben._Es_gabt_drei_Tote_und_mehrere_Verletzte._Die_Aktion_blieb_nicht_unbeantwortet:_Die_ganze_Nacht_über_lieferten_sich_die_Faschisten_mit_sozialistischen_Trupps_und_Bürgerwehren_Straßenkämpfe._Die_Situation_hat_den_Staat_völlig_unvorbereitet_getroffen_und_viele_Bürger_sind_verärgert._Sie_machen_sich_Sorgen,_welche_Richtung_ihr_Land_einschlägt,_und_viele_schlagen_zur_Gewährleistung_der_staatlichen_Kontrolle_eine_Erhöhung_der_Ausgaben_für_die_Polizei_vor.;;La_violencia_política_ya_se_ha_cobrado_varias_vidas_en_uno_de_nuestros_estados_al_irrumpir_ayer_los_paramilitares_fascistas_en_el_cuartel_general_del_partido_liberal_local,_matando_a_tres_e_hiriendo_a_varios_más._La_acción_ha_tenido_respuestas_a_lo_largo_de_la_noche,_cuando_los_fascistas,_los_socialistas_y_los_guardias_ciudadanos_se_han_visto_involucrados_en_combates_callejeros._La_situación_ha_explotado_en_medio_de_una_relativa_calma_y_muchos_de_los_ciudadanos_del_estado_están_enfadados_y_preocupados_por_la_dirección_en_la_que_se_encamina_el_país._Varios_han_sugerido_que_se_aumente_el_presupuesto_de_la_policía_como_medida_para_garantizar_el_control_estatal.;;;;;;;;;
EVTOPTA17660;Declare Martial law and send in troops;Déclarer la loi martiale et envoyer des troupes;Ausnahmezustand erklären und Truppen entsenden.;;Declarad la ley marcial y enviad a las tropas.;;;;;;;;;
EVTOPTB17660;Issue a national apology to the liberal party for the state's failure in protecting them;Faire des excuses nationales au parti libéral pour l'échec de l'État à assurer sa protection;Veröffentlicht eine nationale Entschuldigung an die liberale Partei für das Scheitern des Staats, sie zu beschützen.;;Disculpa formal al partido liberal por el fracaso del estado a la hora de protegerlo.;;;;;;;;;
EVTNAME17670;Anti-Minority Agitation;Agitation antiminorités;Unruhen gegen Minderheiten;;Disturbios anti minorías;;;;;;;;;
EVTDESC17670;\n\nThe_$COUNTRY_ADJ$_Fascist_party_has_embarked_on_a_political_propaganda_campaign,_denouncing_everything_that_they_consider_to_be_foreign_influences_on_$COUNTRY$,_particularly_targeting_minorities_and_immigrants._The_party_campaign_appeals_to_$COUNTRY_ADJ$_xenophobia,_and_agitates,_sotto_voce,_for_the_expulsion_of_those_immigrants_from_the_$COUNTRY_ADJ$_state._Several_leading_intellectuals_have_denounced_the_campaign_as_inflammatory,_and_have_expressed_support_for_our_national_minorities.;Le_parti_fasciste_$COUNTRY_ADJ$_a_lancé_une_campagne_de_propagande_pour_dénoncer_tout_ce_qu'il_qualifie_d'influences_étrangères_contre_$COUNTRY$,_s'en_prenant_notamment_aux_minorités_et_immigrés._Cette_campagne_attise_la_xénophobie_$COUNTRY_ADJ$_et_fomente,_à_voix_basse,_l'expulsion_de_ces_immigrés_de_l'État_$COUNTRY_ADJ$._Plusieurs_grands_intellectuels_ont_dénoncé_une_campagne_provocatrice_et_exprimé_leur_soutien_aux_minorités_du_pays.;Die_$COUNTRY_ADJ$_faschistische_Partei_hat_mit_einer_politischen_Propagandakampagne_begonnen,_und_denunziert_dabei_alles,_was_sie_als_ausländische_Einflüsse_auf_$COUNTRY$_ausgemacht_haben._Dabei_nehmen_sie_besonders_Minderheiten_und_Einwanderer_aufs_Korn._Die_Kampagne_spielt_der_$COUNTRY_ADJ$_Ausländerfeindlichkeit_in_die_Karten_und_fordert_mit_gedämpftem_Ton_die_Ausweisung_dieser_Einwanderer_aus_dem_$COUNTRY_ADJ$_Staat._Mehrere_führende_Intellektuelle_haben_die_faschistischen_Aktionen_als_Hetzkampagne_denunziert_und_unseren_nationalen_Minderheiten_ihre_Unterstützen_ausgesprochen.;;El_partido_fascista_de_$COUNTRY$_se_ha_embarcado_en_una_campaña_de_propaganda_política_para_denunciar_todo_lo_que_considera_influencias_extranjeras_en_$COUNTRY$,_con_las_minorías_y_los_inmigrantes_como_objetivo_concreto._Su_campaña_apela_a_la_xenofobia_$COUNTRY_ADJ$_y_agita_a_la_población_de_forma_abierta_para_lograr_la_expulsión_de_estos_inmigrantes_del_estado_de_$COUNTRY$._Varios_intelectuales_de_renombre_han_denunciado_esta_campaña_como_inflamatoria_y_han_expresado_su_apoyo_a_nuestras_minorías_nacionales.;;;;;;;;;
EVTOPTA17670;Denounce the campaign;Dénoncer la campagne;Denunziert die Kampagne;;Denunciad la campaña.;;;;;;;;;
EVTOPTB17670;Express tacit support for the campaign;Exprimer un soutien tacite à la campagne;Stille Unterstützung für die Kampagne zeigen;;Expresad nuestro apoyo tácito a la campaña.;;;;;;;;;
EVTNAME17680;Fascist March;Défilé fasciste;Faschistischer Marsch;;Marcha fascista;;;;;;;;;
EVTDESC17680;\n\nFascists_have_taken_to_the_streets_of_one_of_our_states_in_a_show_of_force_for_the_party_and_its_various_sub-organizations._Clad_in_their_black_and_brown_shirts,_marching_in_military_order_through_the_streets,_drums_beating,_the_fascists_are_an_intimidating_sight_to_behold._Several_members_of_our_cabinet_are_suggesting_that_the_presence_of,_what_effectively_amounts_to,_military_units_not_under_state_control_is_becoming_more_and_more_of_an_issue,_and_are_suggesting_we_outlaw_paramilitary_organizations.;Les_fascistes_sont_descendus_dans_les_rues_de_l'un_de_nos_États_au_cours_d'une_démonstration_de_force_en_faveur_du_parti_et_de_ses_diverses_sous-organisations._Vêtus_de_leurs_chemises_noires_et_marrons,_défilant_en_ordre_militaire_dans_les_rues_au_son_des_tambours,_les_fascistes_font_peur_à_voir._Plusieurs_membres_de_notre_cabinet_soulignent_que_la_présence_de_ces_unités_militaires,_puisque_c'est_bien_de_cela_dont_il_s'agit,_hors_du_contrôle_de_l'État_constituent_une_menace_croissante_et_suggèrent_d'interdire_de_telles_organisations.;Faschisten_zeigen_auf_den_Straßen_eines_unserer_Staaten_massive_Präsenz_für_ihre_Partei_und_ihre_verschiedenen_Suborganisationen._In_ihren_schwarzen_und_braunen_Hemden_marschieren_sie_in_militärischen_Formationen_trommelnd_durch_die_Straßen._Die_Faschisten_sind_ein_wahrlich_einschüchternder_Anblick._Mehrere_unserer_Kabinettsmitglieder_sind_der_Meinung,_dass_die_Präsenz_von_quasi_militärischen_Einheiten,_die_nicht_unter_staatlicher_Kontrolle_stehen_zunehmend_zu_einem_Problem_wird._Sie_schlagen_vor,_dass_wir_paramilitärische_Organisationen_ächten_sollten.;;Los_fascistas_han_tomado_las_calles_de_uno_de_nuestros_estados_para_el_partido_y_sus_diversas_suborganizaciones_en_una_demostración_de_fuerza._Embutidos_en_sus_camisas_negras_y_pardas,_desfilando_en_formación_militar_por_las_calles_y_haciendo_redoblar_los_tambores,_los_fascistas_son_una_visión_intimidatoria._Varios_miembros_de_nuestro_gabinete_sugieren_que_la_presencia_de,_lo_que_realmente_son_unidades_militares_que_no_están_bajo_control_estatal,_se_está_convirtiendo_cada_vez_más_en_un_problema._Se_ha_sugerido_que_ilegalicemos_las_organizaciones_paramilitares.;;;;;;;;;
EVTOPTA17680;Allow them to prance about if they absolutely have to;Les laisser se pavaner, si nécessaire;Lasst sie herumhüpfen, wenn es denn unbedingt sein muss.;;Si no hay más remedio, dejadles que se paseen.;;;;;;;;;
EVTOPTB17680;Outlaw paramilitary organizations;Interdire les organisations paramilitaires;Paramilitärische Organisationen ächten;;Ilegalizad las organizaciones paramilitares;;;;;;;;;
EVTNAME17690;Beer Hall Putsch;Le putsch de la Brasserie;Bierkellerputsch;;Putsch de la cervecería;;;;;;;;;
EVTDESC17690;\n\nThe_fascist_party_in_one_of_our_states_is_in_the_process_of_rising_up_in_open_revolution,_as_news_reach_us_today_that_they_have_set_up_headquarters_in_a_local_beer_hall,_and_have_read,_from_its_stairs,_a_declaration_of_a_takeover_of_state_and_government_functions_in_the_state._Our_cabinet_is_divided_on_how_to_handle_the_situation,_but_there_seems_to_be_some_consensus_that_the_local_police_should_be_quite_capable_of_handling_the_situation_once_they_mobilize._Others_argue_that_the_revolt_must_be_put_down_with_every_available_means._Doing_the_latter_risks_building_support_for_the_fascist_cause_among_those_already_disgruntled_with_our_rule.;Le_parti_fasciste_d'un_de_nos_États,_fomente_une_révolution_et_nous_avons_appris,_ce_jour,_qu'il_a_établi_son_siège_dans_une_brasserie_locale_avant,_du_haut_de_l'escalier,_de_lire_une_déclaration_de_putsch_contre_l'État._Notre_cabinet_est_divisé_sur_la_manière_de_gérer_la_situation,_mais_il_semble_y_avoir_un_consensus_sur_la_capacité_de_la_police_à_juguler_la_situation._D'autres_soulignent_la_nécessité_de_mâter_la_révolte_coûte_que_coûte._Mais_une_telle_entreprise_risquerait_de_permettre_aux_fascistes_de_rallier_des_mécontents_à_leur_cause.;Die_faschistische_Partei_in_einem_unserer_Staaten_schickt_sich_zur_offenen_Revolution_an:_Heute_haben_uns_Nachrichten_erreicht,_dass_sie_in_einem_lokalen_Bierkeller_ihr_Hauptquartier_aufgeschlagen_und_von_seiner_Treppe_aus_eine_Erklärung_zur_Übernahme_der_staatlichen_Kontrolle_verlesen_haben._Unser_Kabinett_ist_sich_bezüglich_des_weiteren_Vorgehens_uneins,_aber_man_scheint_sich_sicher_zu_sein,_dass_die_lokale_Polizei_sehr_wohl_in_der_Lage_sein_dürfte,_die_Situation_in_den_Griff_zu_bekommen,_sobald_sie_zum_Einsatz_gebracht_wird._Andere_fordern,_dass_die_Revolution_mit_allen_verfügbaren_Kräften_niedergeschlagen_werden_muss._Mit_Letzterem_würden_wir_riskieren,_jene,_die_mit_unserer_Herrschaft_unzufrieden_sind,_den_Faschisten_in_die_Arme_zu_treiben.;;El_partido_fascista_de_uno_de_nuestros_estados_está_en_el_proceso_de_iniciar_una_revolución_abierta,_ya_que_nos_llegan_noticias_de_que_han_organizado_un_cuartel_general_en_una_cervecería_local_y_han_leído,_desde_sus_escaleras,_una_declaración_de_toma_del_poder_del_estado_y_de_las_funciones_de_gobierno_en_el_mismo._Nuestro_gabinete_se_divide_en_la_forma_de_abordar_la_situación,_pero_parece_haber_consenso_en_que_la_policía_local_debería_se_capaz_de_manejar_la_situación_en_cuanto_se_movilice._Otros_argumentan_que_la_revuelta_ha_de_ser_sometida_con_cualquier_medio_a_nuestro_alcance._Al_hacer_esto,_nos_arriesgamos_a_que_crezca_el_apoyo_a_la_causa_fascista_entre_aquellos_que_ya_están_descontentos_con_nuestro_gobierno.;;;;;;;;;
EVTOPTA17690;Clowns in costumes are a local police matter;Ces clowns en uniformes sont l'affaire de la police locale;Clowns in Kostümen sind eine Angelegenheit der lokalen Polizei.;;Los payasos con disfraces son cosa de la policía local.;;;;;;;;;
EVTOPTB17690;Send in military troops to squash the rebellion;Envoyer des troupes militaires pour mâter la rébellion;Das Militär soll die Rebellion niederschlagen.;;Enviad tropas para aplastar la rebelión.;;;;;;;;;
EVTNAME17700;Fascist Trade Unions;Syndicats fascistes;Faschistische Gewerkschaften;;Sindicatos fascistas;;;;;;;;;
EVTDESC17700;\n\nThe_fascists_in_one_of_our_states_have_organized_an_anti-socialist_trade_union,_dedicated_to_promoting_what_it_calls_'the_organic_relationship_between_labor_and_capital',_under_a_more_general_corporativist_umbrella._The_union_is_directly_subordinate_to_the_fascist_party,_and_has_reportedly_already_been_able_to_scrounge_up_quite_an_impressive_membership_list._We_can_attempt_to_suppress_this_organization,_but_that_risks_driving_workers_to_the_socialist_trade_unions_instead.;Les_fascistes_de_l'un_de_nos_États_ont_créé_un_syndicat_antisocialiste_avec_pour_vocation_de_promouvoir_ce_qu'ils_appellent_"les_relations_organiques_entre_travail_et_capital",_sous_couvert_d'une_organisation_corporatiste_plus_générale._Ce_syndicat,_qui_est_à_la_solde_du_parti_fasciste,_a_déjà_réussi_à_enrôler_un_nombre_impressionnant_de_membres._Nous_pouvons_tenter_de_le_neutraliser,_mais_ce_faisant,_les_ouvriers_risquent_de_se_tourner_vers_les_syndicats_socialistes.;Die_Faschisten_in_einem_unserer_Staaten_haben_eine_antisozialistische_Gewerkschaft_organisiert,_die_sich_der_Förderung_der_'organischen_Beziehungen_zwischen_Arbeitern_und_Kapital'_in_einem_allgemeineren_korporativistischen_Rahmen_verschrieben_hat._Die_Gewerkschaft_ist_eine_direkte_Suborganisation_der_faschistischen_Partei_und_hat_Berichten_bereits_eine_ziemliche_beeindruckende_Mitgliederliste._Wir_können_die_Unterdrückung_dieser_Organisation_versuchen,_aber_das_würde_das_Risiko_tragen,_dass_sich_die_Arbeiter_stattdessen_den_sozialistischen_Gewerkschaften_zuwenden.;;Los_fascistas_de_uno_de_nuestros_estados_han_organizado_un_sindicato_antisocialista,_dedicado_a_promover_lo_que_denominan_la_relación_orgánica_entre_el_trabajo_y_el_capital,_bajo_el_amparo_de_un_paraguas_corporativista_más_general._El_sindicato_está_directamente_a_las_órdenes_del_partido_fascista_y_ya_ha_logrado_redactar_una_lista_de_miembros_bastante_impresionante._Podemos_intentar_suprimir_esta_organización,_pero_nos_arriesgamos_a_que_los_trabajadores_se_dirijan_a_los_sindicatos_socialistas_en_su_lugar.;;;;;;;;;
EVTOPTA17700;Declare the union illegal;Interdire ce syndicat;Erklärt die Gewerkschaft als illegal.;;Declarad ilegal el sindicato.;;;;;;;;;
EVTOPTB17700;Leave them be;Ne pas intervenir;Lasst sie in Frieden.;;Dejadles estar;;;;;;;;;
carlist_rebels_title;Carlists;Carlistes;Karlisten;;Carlistas;;;;;;;;;
carlist_rebels_name;Carlist Rebels;Rebelles carlistes;Karlistische Rebellen;;Rebeldes Carlistas;;;;;;;;;
carlist_rebels_desc;The Carlists are a traditionalist and legitimist movement in Spain. Feeling threatened both politically and economically by the ideology and tenants of liberalism, and feeling special hatred for the anti-clerical progresistas, who are clearly masonic puppets, with their hatred of church and tradition. They feel that true security can only come about through strong rule by the true heir of Infante Don Carlos.;Les carlistes forment un mouvement traditionaliste et légitimiste en Espagne. Ils se sentent menacés, politiquement et économiquement, par l'idéologie libéraliste et éprouvent une grande haine à l'égard des progressistes anticléricaux qui sont clairement pour eux, des marionnettes maçonniques qui haïssent l'Église et la tradition. Ils estiment que seul le véritable héritier de l'infant Don Carlos peut assurer la sécurité du pays.;Die Karlisten sind eine traditionalistische und monarchistische Bewegung. Sie fühlen sich politisch wie wirtschaftlich von der liberalen Ideologie bedroht und empfinden besonderen Hass für die anti-klerikalen Progresistas, eindeutige Marionetten der Freimaurer, und deren Verachtung von Kirche und Traditionen. Sie sind überzeugt, dass wahrhafte Sicherheit nur durch eine strenge Herrschaft durch den wahren Erben von Infante Don Carlos erlangt werden kann.;;Los Carlistas son un movimiento tradicional y legitimista de España. Se sienten amenazados tanto a nivel político como económico por la ideología y seguidores del liberalismo y profesan un odio especial por los progresistas anticlericales, a los que consideran marionetas de la masonería, con su odio a la iglesia y las tradiciones. Opinan que la auténtica seguridad solo puede provenir de un fuerte gobierno, a través del legítimo heredero del Infante Don Carlos.;;;;;;;;;
carlist_rebels_army;Carlist Requetés;Requetés carlistes;Karlistische Requetés;;Requetés Carlistas;;;;;;;;;
PRODUCTIONVIEW_FACTORY;§YFactory§W;§YUsine§W;§YFabrik§W;;§YFábrica§W;;;;;;;;;
PRODUCTIONVIEW_RGO;§YRGO§W;§YEAM§W;§YRGO§W;;§YRGO§W;;;;;;;;;
PRODUCTIONVIEW_ARTISAN;§YArtisan§W;§YArtisan§W;§YHandwerker§W;;§YArtesano§W;;;;;;;;;
PROVINCE_NEXT_LEVEL;§YNext level:§W;§YNiveau suivant :§W;§YNächste Stufe:§W;;§YSiguiente nivel:§W;;;;;;;;;
AVG_STATE_BONUS2;Average infrastructure in state;Infrastructure moyenne de l'État;Durchschnittliche Infrastruktur im Staat;;Infraestructura media del estado;;;;;;;;;
infrastructure;Infrastructure;Infrastructure;Infrastruktur;;Infraestructura;;;;;;;;;
AVG_STATE_BONUS_NOTHING;No infrastructure built;Aucune infrastructure construite;Keine Infrastruktur gebaut;;No hay infraestructuras construidas;;;;;;;;;
BUDGET_OVERSEAS_PROVINCES;Number of overseas provinces: §Y$VALUE$§W;Nombre de provinces d'outre-mer : §Y$VALUE$§W;Anzahl von Überseeregimentern: §Y$VALUE$§W;;Número de provincias extranjeras: §Y$VALUE$§W;;;;;;;;;
BUDGET_AVG_TAX_EFFICIENCY;Average State Administrative Efficiency: §Y$VALUE$%§W;Efficacité administrative moyenne de l'État : §Y$VALUE$%§W;Durchschnittliche staatliche Verwaltungseffizienz: §Y$VALUE$%§W;;Eficacia administrativa media del estado: §Y$VALUE$%§W;;;;;;;;;
BUDGET_AVG_TAX_EFFECT;Average effective tax: §Y$VALUE$%§W;Efficacité fiscale moyenne : §Y$VALUE$%§W;Durchschn. effektiver Steuersatz: §Y$VALUE$%§W;;Eficacia tributaria media: §Y$VALUE$%§W;;;;;;;;;
BUDGET_ADMIN_EFFICIENCY2;Country administrative efficiency: §Y$PERC$%§W;Efficacité administrative du pays : §Y$PERC$%§W;Landes-Verwaltungseffizienz: §Y$PERC$%§W;;Eficacia administrativa media del país: §Y$PERC$%§W;;;;;;;;;
PV_STATE_ADM_EFF;Our §YState administrative efficiency§W determines how effective we are at collecting taxes and the ability to fight organized crime in this state;L'§YSefficacité administrative de notre État§W détermine notre efficacité à percevoir des impôts et notre capacité à lutter contre le crime organisé dans cet État.;Unsere §YStaats-Verwaltungseffizienz§W legt fest, wie effizient wir Steuern eintreiben und wie gut wir das organisierte Verbrechen in diesem Staat bekämpfen können.;;La §Yeficacia administrativa de un estado§W determina lo eficaces que somos al recaudar los impuestos y la capacidad para combatir al crimen organizado en este estado.;;;;;;;;;
PV_STATE_ADM_EFF_CURRENT;§Y$STRATA$§W Effective tax: §Y$PERC2$%§W (Current tax setting: §Y$PERC$%§W);Taxe effective §Y$STRATA$§W : §Y$PERC2$%§W (Paramètre d'imposition actuel : §Y$PERC$%§W);§Y$STRATA$§W Effektiver Steuersatz: §Y$PERC2$%§W (Aktuelle Steuereinstellung: §Y$PERC$%§W);;Impuesto efectivo sobre §Y$STRATA$§W: §Y$PERC2$%§W (Ajusto de impuestos actual: §Y$PERC$%§W);;;;;;;;;
BUDGET_TARIFFS_MODIFIED;Effective tariffs: §Y$PERC$%§W;Droits de douane effectifs : §Y$PERC$%§W;Effektive Zölle: §Y$PERC$%§W;;Impuestos efectivos: §Y$PERC$%§W;;;;;;;;;
PV_CRIMEFIGHT_MAX;(Max: §Y$PERC$%§W); (max. : §Y$PERC$%§W);(Max: §Y$PERC$%§W);;(Máx: §Y$PERC$%§W);;;;;;;;;
EVTNAME2500;Border Incident;Incident frontalier;Grenzzwischenfall;;Incidente fronterizo;;;;;;;;;
EVTDESC2500;One_of_our_citizens_was_arrested_today_by_police_from_a_neighboring_country,_charged_with_spying_on_their_defensive_installations_along_our_mutual_border._The_only_problem_with_the_arrest_is_that_the_citizen_in_question_was_arrested,_contrary_to_claims_made_by_our_neighbor,_on_our_side_of_the_border._The_local_Chief_of_Police_has_demanded_from_his_colleague_on_the_other_side_of_the_border_that_the_$COUNTRY_ADJ$_national_be_immediately_released,_and_that_$COUNTRY$_be_issued_an_official_apology.;L'un_de_nos_citoyens_a_été_arrêté_par_la_police_d'un_pays_voisin_et_accusé_d'espionner_ses_installations_défensives_le_long_de_notre_frontière_commune._Le_problème_de_cette_arrestation_réside_dans_le_fait_que_le_citoyen_en_question,_contrairement_aux_dires_de_notre_voisin,_a_été_arrêté_de_notre_côté_de_la_frontière._Le_chef_local_de_la_police_a_demandé_à_son_collègue_de_l'autre_côté_de_la_frontière_que_le_citoyen_$COUNTRY_ADJ$_soit_immédiatement_libéré,_et_que_$COUNTRY$_se_voit_délivrer_des_excuses_officielles.;Heute_wurde_einer_unserer_Bürger_in_einem_benachbarten_Land_von_der_Polizei_verhaftet_und_der_Ausspionierung_ihrer_Verteidigungsstellungen_entlang_unserer_gemeinsamen_Grenze_angeklagt._Das_einzige_Problem_an_der_Verhaftung_ist,_dass_der_fragliche_Bürger_entgegen_der_Behauptungen_unseres_Nachbarlandes_auf_unserer_Seite_der_Grenz_verhaftet_wurde._Der_lokale_Polizeichef_hat_von_seinem_Kollegen_auf_der_anderen_Seite_der_Grenze_die_umgehende_Freilassung_des_$COUNTRY_ADJ$_Staatsangehörigen_und_eine_offizielle_Entschuldigung_von_$COUNTRY$_verlangt.;;Hoy,_uno_de_nuestros_ciudadanos_ha_sido_arrestado_por_la_policía_de_un_país_vecino,_acusado_de_espionaje_en_las_instalaciones_defensivas_que_están_situadas_a_lo_largo_de_nuestra_frontera._El_único_problema_con_la_detención_es_que_ésta_se_produjo,_contrariamente_a_lo_que_afirma_nuestro_vecino,_en_nuestro_lado_de_la_frontera._El_jefe_de_la_policía_local_ha_solicitado_la_liberación_inmediata_a_su_homónimo_del_otro_lado_de_la_frontera_del_ciudadano_de_$COUNTRY$_y_que_$COUNTRY$_recibirá_una_disculpa_formal.;;;;;;;;;
EVTOPTA2500;Regardless of their actions, this can be used as a justification for war;Quels que soient leurs agissements, cela peut justifier une guerre.;Ungeachtet ihrer Aktionen könnte dies einen Krieg rechtfertigen.;;Independientemente, esto se puede utilizar como justificación para la guerra.;;;;;;;;;
EVTNAME2510;SS $CAPITAL$ Explodes!;Explosion du navire SS $CAPITAL$ !;SS $CAPITAL$ explodiert!;;¡El SS $CAPITAL$ explota!;;;;;;;;;
EVTDESC2510;\n\nThe_SS_$CAPITAL$,_a_small_military_steamer,_mysteriously_sank_yesterday_while_on_port_call_in_a_foreign_harbor,_following_a_massive_explosion_on_the_starboard_midship._Military_Intelligence_suggests_that_the_explosion_may_have_been_caused_by_an_overheated_boiler,_but_the_widely_circulated_scandal_press,_taking_its_usual_liberties_with_truth_in_favor_of_expediency,_has_already_seized_the_opportunity_and_are_calling_the_explosion_an_act_of_sabotage_and_aggression_by_a_foreign_power._Our_citizens_are_in_ire_over_the_affair,_and_calls_for_foreign_blood_to_be_spilled_can_be_heard_echoing_on_the_streets_of_$CAPITAL$,_the_ships'_namesake.;Alors_qu'il_faisait_escale_dans_un_port_étranger,_le_navire_SS_$CAPITAL$,_un_petit_bateau_à_vapeur_militaire,_a_mystérieusement_coulé_hier_à_la_suite_d'une_énorme_explosion_sur_tribord._Les_renseignements_indiquent_que_l'explosion_peut_avoir_été_provoquée_par_la_surchauffe_d'une_chaudière,_mais_la_presse_à_scandale,_et_les_libertés_très_controversées_dont_elle_s'affuble,_a_profité_de_l'occasion_et_mis_en_avant_la_thèse_du_sabotage_et_de_l'agression_par_une_puissance_étrangère._Cette_affaire_suscite_la_plus_vive_colère_de_nos_concitoyens_et_des_appels_aux_représailles_résonnent_dans_les_rues_de_$CAPITAL$,_qui_a_donné_son_nom_au_navire.;Die_SS_$CAPITAL$,_ein_kleiner_Militärdampfer,_ist_gestern_in_einem_ausländischen_Hafen_unter_mysteriösen_Umständen_nach_einer_Explosion_gesunken._Die_Militäraufklärung_vermutet_hinter_der_Explosion_einen_überhitzten_Heizkessel,_aber_die_Skandalpresse_nimmt_sich_ihre_üblichen_Freiheiten_und_hat_die_Explosion_bereits_als_Sabotageakt_und_Aggression_einer_ausländischen_Macht_bezeichnet._Unsere_Bürger_sind_wegen_der_Angelegenheit_verärgert,_und_auf_den_Straßen_von_$CAPITAL$,_Namensgeber_des_Schiffes,_wird_das_Vergießen_ausländischen_Blutes_gefordert.;;El_SS_$CAPITAL$,_un_pequeño_vapor_militar,_se_hundió_ayer_de_forma_misteriosa_tras_una_gran_explosión_en_la_zona_media_de_estribor_mientras_hacía_escala_en_un_puerto_extranjero,_La_inteligencia_militar_sugiere_que_la_explosión_se_pudo_deber_a_una_caldera_sobrecalentada,_pero_la_prensa_amarilla_de_amplia_difusión,_que_se_ha_tomado_las_libertades_que_ha_estimado_oportunas_con_la_verdad,_en_favor_de_la_conveniencia,_ya_ha_sacado_partido_y_ha_catalogado_la_explosión_de_sabotaje_y_agresión_por_parte_de_una_potencia_extranjera._Nuestros_ciudadanos_no_dejan_de_hablar_del_asunto_y_se_oye_el_eco_de_los_gritos_que_piden_sangre_extranjera_en_las_calles_de_$CAPITAL$,_que_era_precisamente_el_nombre_que_tenía_el_barco.;;;;;;;;;
EVTOPTA2510;We cannot allow this treacherous act of barbarism to go unpunished!;Il nous faut punir un acte aussi lâche que barbare !;Dieser verräterische Akt der Barbarei darf nicht ungestraft bleiben!;;¡No podemos tolerar que este traicionero acto de barbarie quede impune!;;;;;;;;;
EVTOPTB2510;The explosion was an accident, and we cannot allow the mob to dictate foreign policy;Cette explosion était un accident et nous ne pouvons pas laisser la foule dicter la politique étrangère.;Die Explosion war ein Unfall und wir können uns unsere Außenpolitik nicht vom Pöbel bestimmen lassen.;;La explosión fue un accidente.;;;;;;;;;
EVTNAME2520;Ambassador Insulted;Ambassadeur insulté;Botschafter beleidigt;;El embajador ha sido insultado;;;;;;;;;
EVTDESC2520;\n\nOur_ambassador_to_one_of_the_other_great_powers_has_telegraphed_home_expressing_his_frustration_with_the_response,_or_rather,_lack_of_it,_that_he_has_received_while_trying_to_settle_a_bilateral_extradition_treaty_with_the_country_in_question._Apparently_our_ambassador_has_been_snubbed_repeatedly_by_this_foreign_administration,_and_has_been_delegated_to_speaking_to_civil_servants_instead_of_being_allowed_direct_access_to_the_country's_decision_makers._This_diplomatic_back-and-forth_has_been_going_on_for_two_months.;Notre_ambassadeur,_en_poste_dans_l'une_des_autres_Grandes_Puissances,_nous_a_adressé_un_message_pour_exprimer_la_frustration_suscitée_par_la_réponse,_ou_plus_exactement_l'absence_de_réponse,_qu'il_a_reçue_alors_qu'il_tentait_de_conclure_un_traité_d'extradition_bilatérale_avec_le_pays_en_question._Apparemment,_notre_ambassadeur_a_été_plusieurs_fois_remis_à_sa_place_par_cette_administration_étrangère_et_s'est_vu_reléguer_au_rang_d'interlocuteur_des_fonctionnaires,_avec_impossibilité_de_s'adresser_directement_aux_décideurs_du_pays._Ce_va-et-vient_diplomatique_dure_depuis_deux_mois.;Unser_Botschafter_in_einer_der_anderen_Großmächte_hat_uns_ein_Telegramm_geschickt,_in_dem_er_seine_Frustration_bezüglich_der_ausbleibenden_Antwort_auf_seine_Bemühungen_nach_einem_bilateralen_Auslieferungsvertrag_mit_dem_fraglichen_Land_zum_Ausdruck_gebracht_hat._Anscheinend_ist_unser_Botschafter_vom_Außenministerium_dieses_Landes_mehrfach_brüskiert_worden_und_musste_mit_Beamten_sprechen_anstatt_Zugang_zu_den_Entscheidungsträgern_zu_bekommen._Dieses_diplomatische_Hin_und_Her_zieht_sich_bereits_seit_zwei_Monaten_hin.;;Nuestro_embajador_en_una_de_las_otras_grandes_potencias_ha_mandado_un_telegrama_a_casa_en_el_que_expresa_su_frustración_por_la_respuesta_o,_más_bien,_por_la_ausencia_de_respuesta_que_ha_recibido_cuando_trataba_de_solucionar_un_tratado_de_extradición_bilateral_con_ese_país_en_cuestión._Por_lo_visto,_nuestro_embajador_ha_sido_desairado_de_forma_repetida_por_esta_administración_extranjera_y_se_ha_visto_relegado_a_hablar_con_sirvientes_civiles_en_lugar_de_tener_acceso_a_quienes_toman_las_decisiones_en_ese_país._Hace_dos_meses_que_comenzó_este_tira_y_afloja_diplomático.;;;;;;;;;
EVTOPTA2520;Inform them of the potential consequences of continued non-cooperation;Les informer des conséquences potentielles de leur non-coopération persistante;Informiert sie über die politischen Konsequenzen dieser fortwährenden Kooperationsverweigerung.;;Informadles de las consecuencias potenciales de una falta de cooperación continuada.;;;;;;;;;
EVTOPTB2520;Send an official letter thanking them for their time, and end the negotiations;Adresser une lettre officielle pour les remercier et mettre fin aux négociations;Wir werden uns in einem offiziellen Brief für ihre Zeit bedanken und die Verhandlungen abbrechen.;;Enviad una carta oficial para agradecerles las molestias y finalizad las negociaciones.;;;;;;;;;
EVTNAME2530;Colonial Incident;Incident colonial;Kolonialzwischenfall;;Incidente colonial;;;;;;;;;
EVTDESC2530;\n\nA_colonial_regiment_in_one_of_our_colonies_has_had_an_encounter_with_a_regiment_from_another_colonial_power,_which_had,_according_to_a_military_report,_crossed_into_our_colonial_claim_on_an_obscure_waterway_a_fair_distance_into_the_colony's_hinterland._The_report_further_goes_on_to_state_that_this_foreign_regiment_was,_when_encountered_by_our_patrol,_in_the_process_of_conducting_a_geological_survey_of_the_area,_the_object_of_which_is_as_of_yet_unknown_to_us._Hawkish_members_of_our_war_cabinet_see_this_as_a_direct_assault_on_$COUNTRY$'s_territorial_integrity,_and_call_for_the_execution_of_a_plan_they_have_termed,_quite_simply,_'Operation_$COUNTRY_ADJ$_Fury'.;Un_régiment_colonial_de_l'une_de_nos_colonies_s'est_heurté_à_un_régiment_d'une_autre_puissance_coloniale_qui_avait,_selon_un_rapport_militaire,_accédé_à_notre_territoire_par_un_obscur_cours_d'eau_avant_de_gagner_l'arrière-pays_de_la_colonie._Ce_rapport_indique,_en_outre,_qu'au_moment_de_son_interception,_ce_régiment_effectuait_un_relèvement_géologique_de_la_région_dont_nous_ignorons_les_réelles_motivations._Des_membres_bellicistes_de_notre_cabinet_de_guerre_y_voient_là_une_attaque_directe_contre_l'intégrité_territoriale_de_$COUNTRY$_et_en_appelle_à_l'exécution_d'un_plan_qu'ils_ont_tout_simplement_appelé_"Opération_fureur_$COUNTRY_ADJ$".;In_einer_unserer_Kolonien_ist_eines_unserer_Kolonialregimenter_auf_ein_Regiment_einer_anderen_Kolonialmacht_getroffen,_das_unseren_Anspruch_auf_eine_unbekannte_Wasserstraße_weit_im_Hinterland_der_Kolonie_bestreitet._Der_Bericht_sagt_weiter_aus,_dass_dieses_ausländische_Regiment_wohl_geologische_Untersuchungen_im_Gebiet_unternahm,_als_es_von_unserer_Patrouille_gestellt_wurde._Was_es_untersucht_hat,_ist_noch_unbekannt._Militaristische_Mitglieder_unseres_Kabinetts_sehen_dies_als_direkten_Angriff_auf_die_territoriale_Integrität_von_$COUNTRY$,_und_fordern_die_Ausführung_eines_Plans,_den_sie_offensichtlich_schon_seit_einiger_Zeit_in_der_Schublade_haben:_'Operation_$COUNTRY_ADJ$_Wut'.;;Un_regimiento_de_nuestras_tropas_coloniales_ha_encontrado_a_un_regimiento_de_otra_potencia_colonial_en_nuestros_dominios._Según_un_informe_militar,_se_han_aventurado_en_las_tierras_que_reclamamos_como_nuestras_por_un_oscuro_cauce_fluvial_a_bastante_distancia_tierra_adentro_en_la_colonia._El_informe_añade_que_este_regimiento_extranjero_fue_descubierto_por_nuestra_patrulla_mientras_llevaban_a_cabo_un_reconocimiento_geológico_de_la_zona_cuyo_objetivo_aún_es_desconocido_para_nosotros._Los_miembros_más_audaces_de_nuestro_gabinete_de_guerra_consideran_esto_como_un_asalto_directo_contra_la_integridad_territorial_de_$COUNTRY$_y_solicitan_la_ejecución_de_un_plan_que_han_bautizado_simplemente_como,_'Operación_Furia_$COUNTRY_ADJ$'.;;;;;;;;;
EVTOPTA2530;An invasion through there, and then deploy the troops so and so... interesting;Une invasion par-ci, un déploiement de troupes par-là, etc., etc. Intéressant !;Aha, eine Invasion hier, dann Truppeneinsatz da und dort ... interessant.;;Invadimos por aquí, desplegamos las tropas así y así... Interesante.;;;;;;;;;
EVTOPTB2530;I do not believe that this is really worth going to war over, truth to be told;Je ne pense pas qu'une guerre soit nécessaire lorsque la vérité est dite.;Um ehrlich zu sein: Ich glaube nicht, dass dies es wirklich wert wäre, deswegen in den Krieg zu ziehen.;;La verdad sea dicha, no me parece que valga la pena ir a la guerra por algo así.;;;;;;;;;
EVTNAME2540;Merchants Harassed;Marchands harcelés;Händler schikaniert;;Comerciantes acosados;;;;;;;;;
EVTDESC2540;\n\nOn_this_subject_I_would_like_to_bring_up_the_issue_of_a_merchant,_operating_out_of_one_of_my_constituencies,_who_wrote_to_me_last_month_with_a_most_distressing_story_of_how_trade_goods_of_his_had_been_seized_by_customs_officials_in_a_foreign_port._Again,_I_can_only_reiterate_that_further_tolerance_of_these_abridgments_of_the_unrestricted_freedom_of_international_trade_will_only_serve_to_compound_the_problem_further_with_every_year_that_passes.'\n\nAn_MP_known_for_his_ardent_support_of_free_trade_has_held_a_speech_in_parliament_today,_detailing_grievances_against_a_foreign_power.;Sur_ce_sujet,_j'aimerais_attirer_votre_attention_sur_le_fait_qu'un_marchand,_opérant_hors_d'une_de_mes_circonscriptions,_m'a_adressé_un_courrier_le_mois_dernier,_courrier_dans_lequel_il_m'expliquait_comment_ses_marchandises_avaient_été_saisies_par_les_fonctionnaires_des_douanes_d'un_port_étranger._Là_encore,_je_ne_peux_que_répéter_qu'une_tolérance_accrue_face_à_de_tels_agissements_contraires_au_libre_échange_international_ne_ferait_qu'accentuer,_au_fil_des_années,_le_problème.\nUn_membre_du_parlement,_fervent_défenseur_du_libre_échange,_a_tenu_un_discours,_aujourd'hui,_pour_dresser_la_liste_des_griefs_à_l'encontre_d'une_puissance_étrangère.;Bezüglich_dieses_Themas_würde_ich_gerne_von_einem_Händler_berichten,_der_sein_Geschäft_aus_einem_meiner_Wahlkreise_betreibt:_Letzten_Monat_schrieb_er_mir,_dass_seine_Güter_von_den_Zollbehörden_in_einem_ausländischen_Hafen_konfisziert_worden_waren._Das_ist_höchst_beunruhigend._Deshalb_kann_ich_nur_wiederholen,_dass_die_weitere_Toleranz_dieser_Verletzungen_der_internationalen_Handelsfreiheit_das_Problem_mit_jedem_Jahr,_das_vergeht,_nur_noch_vergrößern.'\n\nEin_Parlamentsmitglied,_das_für_seine_Brandreden_berüchtigt_ist,_hat_heute_vor_dem_Parlament_gesprochen_und_seinen_Groll_gegen_eine_ausländische_Macht_genau_beschrieben_.;;En_este_asunto,_me_gustaría_sacar_a_colación_el_caso_de_un_comerciante,_que_operando_desde_una_de_mis_circunscripciones,_me_escribió_el_mes_pasado_con_una_historia_de_lo_más_inquietante_acerca_de_bienes_comerciales_que_son_incautados_por_agentes_de_aduanas_en_un_puerto_extranjero._De_nuevo,_solo_puedo_reiterar_la_importancia_de_que,_si_seguimos_tolerando_más_violaciones_de_estos_acuerdos_de_la_libertad_internacional_de_comercio,_solo_lograremos_agravar_el_problema_con_el_paso_de_cada_año.\n\nUn_miembro_del_parlamento,_conocido_por_su_apoyo_al_libre_comercio,_ha_dado_hoy_un_discurso_en_el_que_enumera_una_serie_de_agravios_recibidos_de_cierta_potencia_extranjera.;;;;;;;;;
EVTOPTA2540;Intolerable! Forceful action must certainly be considered;Intolérable ! Une mesure de force doit être envisagée.;Eine Unverschämtheit! Gewaltsames Eingreifen stellt definitiv eine Option dar.;;¡Intolerable! Desde luego, hay que considerar la posibilidad de tomar medidas de fuerza.;;;;;;;;;
EVTNAME2550;Drums of War;Tambours de guerre;Kriegstrommeln;;Tambores de guerra;;;;;;;;;
EVTDESC2550;\n\nMany_moons_have_passed_since_the_foreigners_arrived_on_our_shores,_but_many_more_shall_not_pass_until_they_are_forced_again_to_leave,_or_so_say_the_leaders_of_our_religious_and_military_castes._There_has_been_talk_in_the_high_councils_for_some_time_now_of_showing_the_Europeans_that_they_cannot_unopposed_continue_this_ravaging_exploitation_of_our_native_homeland.;De_nombreuses_lunes_se_sont_écoulées_depuis_que_les_étrangers_sont_arrivés_sur_nos_rivages,_mais_il_s'en_écoulera_bien_moins_d'ici_qu'ils_soient_contraints_de_partir,_d'après_ce_que_disent_les_chefs_de_nos_castes_religieuses_et_militaires._Depuis_quelques_temps_déjà,_les_discussions_vont_bon_train_dans_les_hauts_conseils_pour_montrer_aux_Européens_qu'ils_ne_pourront_plus_continuer_à_exploiter_notre_terre_natale_sans_résistance.;Viele_Monde_sind_vergangen,_seit_die_Ausländer_an_unseren_Küsten_ankamen,_aber_bis_wir_sie_verjagt_haben,_werden_nicht_mehr_viele_Monde_vergehen._So_sprachen_jedenfalls_die_Führer_unserer_religiösen_und_militärischen_Kasten._In_den_Stammesräten_wird_schon_seit_einiger_Zeit_darüber_diskutiert,_dass_jetzt_die_Zeit_gekommen_ist,_den_Europäern_zu_zeigen,_dass_sie_diese_verwüstende_Ausbeutung_unseres_Heimatlandes_nicht_fortsetzen_können.;;Ya_han_pasado_muchas_lunas_desde_que_los_forasteros_llegaron_a_nuestras_costas,_pero_no_pasarán_muchas_más_antes_de_que_se_vean_forzados_a_marcharse_de_nuevo._Al_menos,_eso_dicen_los_líderes_de_nuestras_castas_religiosas_y_militares._En_los_altos_concilios_se_ha_hablado_desde_hace_tiempo_de_enseñarles_a_los_europeos_que_no_pueden_continuar_saqueando_nuestra_tierra_natal_sin_oposición.;;;;;;;;;
EVTOPTA2550;This must be given serious consideration;Cette question mérite une grande réflexion.;Das müssen wir eng in Betracht ziehen.;;Esto hay que pensarlo seriamente.;;;;;;;;;
EVTOPTA2560;Long live $COUNTRY$!;Gloire à $COUNTRY$ !;Lang lebe $COUNTRYNAME$!;;¡Larga vida a $COUNTRY$!;;;;;;;;;
EVTOPTA2570;Yes! §RGain 2 infamy§W;Oui ?;Ja!;;¡Sí!;;;;;;;;;
academic_confusion;Academic Confusion;Confusion académique;Akademisches Durcheinander;;Confusión académica;;;;;;;;;
academic_confusion_desc;Our academia is in a state of disarray, following a paradigm shift within our academic establishment. Our prestige and research will be hampered while the effect lasts.;Notre académie est en proie à la panique à la suite d'un changement paradigmatique au sein de notre effectif. Tant que cela durera, notre prestige et notre recherche en pâtiront.;Nach einem Paradigmenwechsel in unserem Bildungsministerium ist unsere akademische Welt in einem Zustand totalen Durcheinanders. Solange dieser Effekt anhält, leiden unser Prestige und unsere Forschung darunter.;;Nuestra academia está sumida en el desorden tras un cambio paradigmático en nuestro establecimiento académico. Nuestro prestigio e investigación se verán afectados mientras duran sus efectos.;;;;;;;;;
switch_to_army_tech_title;Military-Industrial Complex;Complexe militaro-industriel;Militärisch-industrieller Komplex;;Complejo industrial militar;;;;;;;;;
switch_to_army_tech_desc;Cooperation between private industrialists and the military, on the issues of national defense and war policy, have led to the development of a particularly important web of connections, personal ties and acquaintances, with just an ever so slight hint of corruption, that can best be described as a Military-Industrial Complex. By furthering the goals and ambitions of these informal networks within our academia, we can boost industrial and military research, at the expense of navy and culture.;La coopération des industriels privés et des militaires, en termes de défense nationale et de politique belliciste, a conduit à la mise en place de réseaux relationnels particulièrement importants, sur fond de légère corruption, qu'il convient mieux de qualifier de complexe militaro-industriel. En repoussant les limites des objectifs et ambitions de ces réseaux informels au sein de notre académie, nous pourrons améliorer la recherche militaro-industrielle, au détriment du commerce et de la culture.;Die Kooperation zwischen Industrialisten und dem Militär bezüglich Fragen der nationalen Verteidigung und Kriegspolitik haben zu einem völlig korruptionsfreien, besonderen Netz von Beziehungen, persönlichen Verbindungen und Bekanntschaften geführt, das am treffendsten als militärisch-industrieller Komplex bezeichnet werden kann. Durch die Ausweitung der Ziele und Ambitionen dieser informellen Netzwerke in unserer akademischen Welt können wir die industrielle und militärische Forschung voranbringen, allerdings auf Kosten von Handel und Kultur.;;La cooperación entre industrias privadas y los militares, en asuntos de defensa nacional y política bélica, han conducido a un importante entramado de conexiones, lazos personales y relaciones con un toque tan ligero de corrupción que la mejor manera de describirlo es la de complejo industrial militar. Al perseguir los objetivos y ambiciones de esas redes informales en nuestra academia, podemos expandir la investigación industrial y militar a expensas de la cultura y el comercio.;;;;;;;;;
switch_to_navy_tech_desc;It has been said that the best way to get ahead in our country is to go via the naval schools. Much of our country's military and political elites have been educated navy men, or have served in the merchant marine. The navy's importance for a seafaring country like our own cannot be underestimated, and by promoting these groups and backgrounds politically, we can ensure that our naval technology will develop at an increased rate, at the expense, however, of other fields of research.;On a souvent dit que le meilleur moyen de progresser dans notre pays consiste à fréquenter les écoles navales. Bon nombre d'élites militaires et politiques de notre pays y ont suivi des études ou ont servi dans la marine marchande. L'importance de la marine pour un pays marin comme le nôtre ne peut être sous-estimée et en assurant la promotion de ces groupes au niveau politique, nous veillerons à ce que notre technologie navale se développe rapidement, au détriment, cependant, d'autres domaines de recherche.;Man sagt sich, dass der beste Weg, es in unserem Land zu etwas zu bringen, eine Ausbildung an den Marineschulen ist. Viele Angehörige der militärischen und politischen Eliten unseres Landes sind gut ausgebildete Marinesoldaten oder haben zumindest in der Handelsmarine gedient. Die Wichtigkeit der Marine für eine Seefahrernation wie der unseren kann gar nicht übertrieben werden, und durch die politische Förderung dieser Gruppen und Hintergründe können wir sicherstellen, dass unsere Marinetechnologie mit größerer Geschwindigkeit erforscht wird, allerdings zu Lasten anderer Forschungsgebiete.;;Se dice que la mejor manera de labrarse un porvenir en nuestro país es a través de las escuelas navales. Una buena parte de las élites políticas y militares de nuestro país han sido educadas en la tradición naval y han servido en la marina mercante. La importancia de lo naval para un país marinero como el nuestros no se puede infravalorar y, si promovemos políticamente esos grupos y entornos, nos aseguramos de que nuestra tecnología naval se desarrolle a un ritmo aumentado. Sin embargo, esto ocurrirá a expensas de otros campos de investigación.;;;;;;;;;
switch_to_culture_tech_title;Avantgarde Intelligentsia;Intelligentsia d'avant-garde;Avantgardistische Intelligentsia;;Intelectualidad de vanguardia;;;;;;;;;
switch_to_culture_tech_desc;A cultural and ideological avantgarde within our country has, during the past years, been undertaking a long march through our academic institutions. By steadily working their way up the rungs of the academic ladder, these radical new ideologues are now in a position to completely subvert our academic institutions to better suit their ideological agenda. By supporting their cause, we can increase the speed of our cultural research, to the detriment, however, of other spheres of intellectual progress.;Au sein de notre pays, une avant-garde culturelle et idéologique, au cours des années passées, a entrepris une longue marche dans nos institutions académiques. Après s'être hissé dans les plus hauts rangs, ces nouveaux idéologues radicaux sont désormais en mesure de renverser nos institutions académiques pour mieux asseoir leur program idéologique. En soutenant leur cause, nous pourrons accélérer notre recherche culturelle, au détriment, cependant, d'autres sphères de progrès intellectuels.;Während der letzten Jahre hat eine kulturelle und ideologische Avantgarde in unserem Land einen langen Marsch durch unsere akademischen Institutionen unternommen. Indem sie sich kontinuierlich die akademische Leiter hochgearbeitet haben, sind diese radikalen neuen Ideologien nun in einer Position, unsere akademischen Institutionen komplett zu unterwandern, um sie empfänglicher für ihre ideologische Agenda zu machen. Durch die Unterstützung ihrer Sache können wir die Geschwindigkeit unserer kulturellen Forschung erhöhen, was allerdings auf Kosten anderer Sphären ideologischen Fortschritts ginge.;;Durante los últimos años, una corriente ideológica de vanguardia se ha ido abriendo paso a través de nuestras instituciones académicas. Después de ir avanzando de forma incansable para introducirse en nuestros círculos académicos, estas nuevas ideologías radicales están ahora en posición de subvertir de forma completa las instituciones del saber para que se acomoden mejor a sus objetivos ideológicos. Al apoyar su causa, podemos aumentar la velocidad de nuestra investigación cultural. Esto, sin embargo, irá en detrimento de otras esferas del progreso intelectual.;;;;;;;;;
switch_to_trade_tech_title;Tycoon Capitalism & Business Schools;Capitalisme poussé et écoles commerciales;Magnats-Kapitalismus & Kaufmannsschulen;;Escuelas de negocios y magnates del Capitalismo;;;;;;;;;
switch_to_trade_tech_desc;Our country has under the past years come increasingly under the sway of select cliques of people who have all been educated at the same, or similar, elite business schools and companies. By supporting these groups, we can ensure that our academia's focus lies where it matters: in the fields of commerce and industry. This change will, however, come at the expense of other fields of research.;Depuis quelques années, notre pays est en proie à des groupes de personnes, notre pays qui ont toutes suivi le même enseignement au sein d'écoles commerciales et d'entreprises similaires. En soutenant ces groupes, nous pourrons veiller à ce que notre académie se concentre sur ce qui importe : les domaines du commerce et de l'industrie. Cependant, un tel changement s'opérera au détriment d'autres domaines de recherche.;Unser Land ist während der letzten Jahre zunehmend unter den Einfluss bestimmter Cliquen gekommen, die alle an denselben oder vergleichbaren Elite-Kaufmannsschulen und Firmen ausgebildet wurden. Durch die Unterstützung dieser Gruppen können wir dafür sorgen, dass unser akademischer Fokus da liegt, wo es wichtig ist: Auf Handel und Industrie. Dieser Wechsel wird aber auf die Kosten anderer Forschungsbereiche gehen.;;A lo largo de los años pasados, nuestro país ha ido a parar de forma paulatina bajo el control de gente que se ha educado en escuelas de negocio y compañías similares. Al apoyar a estos grupos, podemos asegurarnos de que nuestra academia se centra en lo que importa: los campos del comercio e industria. Sin embargo, este cambio ocurrirá a expensas de otros campos de investigación.;;;;;;;;;
switch_to_industry_tech_title;Corporative Industrialism;Industrialisme corporatif;Kooperativer Industrialismus;;Industrialismo corporativo;;;;;;;;;
declare_republic_of_neuchatel_title;The Republic of Neuchâtel;La République de Neuchâtel;Die Republik Neuchâtel;;La república de Neuchâtel;;;;;;;;;
declare_republic_of_neuchatel_desc;In 1707 Neuchâtel became a possession of Frederick the Great of Prussia by virtue of his maternal ties to the House of Orange-Nassau, and the principality thus effectively entered a personal union with the Kingdom of Prussia and the Hohenzollern family. During the Napoleonic wars, Prussia ceded Neuchâtel after the country's defeat at the hands of Napoleon. After the Napoleonic wars, Neuchâtel was joined with Switzerland as the 21st canton thereof, at the suggestion of Frederick William III of Prussia, while at the same time also remaining a Prussian principality pro forma. In 1848, the province shook off its monarchical past, and was declared a republic within the Swiss Confederation. The Prussian claims were equitably relinquished in 1857.;En 1707, Neuchâtel tomba dans l'escarcelle de Frédéric le Grand de Prusse en vertu de ses liens maternels avec la Maison d'Orange-Nassau et la principauté forma une alliance personnelle avec le Royaume de Prusse et la famille Hohenzollern. Au cours des guerres napoléoniennes, la Prusse renonça à Neuchâtel après la défaite du pays contre Napoléon. Une fois ces guerres terminées, Neuchâtel rejoignit la Suisse en tant que 21e canton, sur proposition de Frédéric-Guillaume III de Prusse, tout en restant également une principauté prusse pro forma. En 1848, la province se débarrassa de son héritage monarchique et devint une république de la Confédération suisse. Les revendications prusses cessèrent en 1857.;Im Jahr 1707 ging Neuchâtel durch Beziehungen mütterlicherseits zum Haus Oranien-Nassau in den Besitz von Friedrich dem Großen von Preußen über. Das Fürsten ging also effektiv eine Personalunion mit dem Königreich Preußen und den Hohenzollern ein. Während der napoleonischen Kriege trat Preußen nach einer Niederlage gegen Napoleon ab. Nach den napoleonischen Kriegen wurde Neuchâtel auf Anregung von Friedrich Wilhelm III. von Preußen der Schweiz als 21. Kanton angeschlossen, obwohl es gleichzeitig auf dem Papier ein preußisches Fürstentum blieb. Im Jahr 1848 entledigte sich die Provinz ihrer monarchischen Vergangenheit und erklärte sich innerhalb der schweizerischen Konföderation zur Republik. Preußen verzichtete im Jahr 1857 auf seine Ansprüche.;;En 1707, Neuchâtel se convirtió en posesión de Federico el grande de Prusia en virtud de sus vínculos maternos con la casa de Orange-Nassau. El principado se unió de forma efectiva con el Reino de Prusia y la dinastía Hohenzollern. Durante las Guerras Napoleónicas, Prusia cedió Neuchâtel tras su derrota a manos de Napoleón. Al finalizar el conflicto, Neuchâtel se unió a Suiza como su cantón vigésimo primero por sugerencia de Federico Guillermo III de Prusia, aunque de manera formal seguía siendo un principado prusiano. En 1848, la provincia se deshizo de su pasado monárquico y se declaró una provincia perteneciente a la Confederación Suiza. Las reclamaciones prusianas finalizaron en 1857.;;;;;;;;;
switch_to_industry_tech_desc;Capital and government in our country have, for some time, been doing their utmost to weave between them an intricate web of personal relations, that has increasingly come to assume the forms of a symbiotic relationship of mutual dependence. By further promoting these connections between the public and private spheres of our society, we can vastly increase our technological progress in the fields of industry, at the expense, however of research in other fields.;Depuis quelques temps, notre gouvernement s'est efforcé de tisser autour de lui un vaste réseau de relations qui ont, de plus en plus, pris la forme de relations symboliques de dépendance mutuelles. En poursuivant la promotion de ces relations entre les sphères publiques et privées de notre société, nous pourrons considérablement renforcer notre progression technologie dans les domaines de l'industrie, au détriment d'autres domaines de recherche.;Das Kapital und die Regierung unseres Landes haben schon seit einiger Zeit ihr Bestes gegeben, zwischen sich ein komplexes Netz persönlicher Beziehungen zu spinnen. Dieses nimmt nun mehr und mehr die Formen einer symbiotischen Beziehung gegenseitiger Abhängigkeit an. Durch die fortwährende Förderung dieser Verbindungen zwischen den öffentlichen und privaten Sphären unsere Gesellschaft können wir unsere technischen Fortschritte auf industriellem Gebiet stark beschleunigen, allerdings zu Lasten anderer Forschungsgebiete.;;El capital y el gobierno de nuestro país han hecho lo posible a lo largo de los años para desarrollar una intrincada red de relaciones personales que ha ido asumiendo paulatinamente la forma de una relación simbiótica de dependencia mutua. Si promocionamos aún más estas conexiones entre las esferas pública y privada de nuestra sociedad, podemos ampliar enormemente nuestro avance tecnológico en los campos de la industria. Sin embargo, esto ocurrirá a expensas de otros campos de investigación.;;;;;;;;;
TECH_MONTHLY_RESEARCHPOINTS_TOOLTIP;$LITERACY$ literate §Y$POPTYPE$§W gives us §Y$VALUE$ research points§W;L'alphabétisation $LITERACY$ de §Y$POPTYPE$§W nous confère §Y$VALUE$ points de recherche§W;$LITERACY$ gebildete §Y$POPTYPE$§W geben uns §Y$VALUE$ Forschungspunkte§W;;Nuestro $LITERACY$ de §Y$POPTYPE$§W alfabetizados nos proporciona §Y$VALUE$ puntos de investigación§W;;;;;;;;;
TECH_MONTHLY_RESEARCHPOINTS_BASE_TOOLTIP;Monthly base research points: §Y$VALUE$§W;§YPoints de recherche§W de base mensuels : §Y$VALUE$§W;§Yresearch points§W auf Monatsbasis: §Y$VALUE$§W;;Puntos de investigación básicos mensuales: §Y$VALUE$§W;;;;;;;;;
TECH_MONTHLY_RESEARCHPOINTS_TOTAL_TOOLTIP;Monthly research points: §G+$VALUE$§W;§YPoints de recherche§W mensuels : §Y$VALUE$§W;Monatliche §YForschungspunkte§W: §Y$VALUE$§W;;Puntos de investigación mensuales: §G+$VALUE$§W;;;;;;;;;
TECH_MONTHLY_RESEARCHPOINTS_UNCIVILIZED;Non-western: ;Non civilisé : ;Unzivilisiert:;;Sin civilizar: ;;;;;;;;;
BASE_TARIFF_EFFICIENCY;Base efficiency: §Y$PERC$%§W;Efficacité de base : §Y$PERC$%§W;Basiseffizienz: §Y$PERC$%§W;;Eficacia básica: §Y$PERC$%§W;;;;;;;;;
PRODUCTION_OPEN_FACTORY_TOOLTIP;§YOpen factory§W;§YOuvrir une usine§W;§YFabrik öffnen§W;;§YAbrir fábrica§W;;;;;;;;;
PRODUCTION_CLOSE_FACTORY_TOOLTIP;§YShutdown factory§W;§YFermer une usine§W;§YFabrik schließen§W;;§YCerrar fábrica§W;;;;;;;;;
PRODUCTION_EXPAND_FACTORY_TOOLTIP;§YExpand factory§W;§YAgrandir une usine§W;§YFabrik erweitern§W;;§YAmpliar fábrica§W;;;;;;;;;
PRODUCTION_BUILDING_FACTORY_TOOLTIP;Building §Y$TYPE$§W;Construction de §Y$TYPE$§W;Bau von §Y$TYPE$§W;;Construyendo §Y$TYPE$§W;;;;;;;;;
PRODUCTION_EXPANDING_FACTORY_TOOLTIP;Expanding §Y$TYPE$§W;Agrandissement de §Y$TYPE$§W;Ausbau von §Y$TYPE$§W;;Ampliando §Y$TYPE$§W;;;;;;;;;
PRODUCTION_BUILDING_FACTORY_PROGRESS_TOOLTIP;§G$PERC$%§W done, §Y$DAYS$§W days left;§G$PERC$%§W terminé, §Y$DAYS$§W jours restants.;§G$PERC$%§W fertig, §Y$DAYS$§W Tage übrig;;§G$PERC$%§W terminado, §Y$DAYS$§W días restantes;;;;;;;;;
PRODUCTION_OPEN_FACTORY_BECAUSE_TOOLTIP;We are allowed to open this factory because:\n;Nous sommes autorisés à ouvrir cette usine car :\n;Wir können diese Fabrik aus folgenden Gründen öffnen:\n;;Podemos abrir esta fábrica porque:\n;;;;;;;;;
PRODUCTION_CLOSE_FACTORY_BECAUSE_TOOLTIP;We are allowed to close this factory because:\n;Nous sommes autorisés à fermer cette usine car :\n;Wir können diese Fabrik aus folgenden Gründen schließen:\n;;Podemos cerrar esta fábrica porque:\n;;;;;;;;;
PRODUCTION_EXPAND_FACTORY_BECAUSE_TOOLTIP;We are allowed to expand this factory because:\n;Nous sommes autorisés à agrandir cette usine car :\n;Wir können diese Fabrik aus folgenden Gründen ausbauen:\n;;Podemos ampliar esta fábrica porque:\n;;;;;;;;;
PRODUCTION_NOT_OPEN_FACTORY_BECAUSE_TOOLTIP;We are §RNOT§W allowed to open this factory because:\n;Nous ne sommes §RPAS§W autorisés à ouvrir cette usine car :\n;Wir können diese Fabrik aus folgenden Gründen §RNOT§W öffnen:\n;;§RNO§W podemos abrir esta fábrica porque:\n;;;;;;;;;
PRODUCTION_NOT_CLOSE_FACTORY_BECAUSE_TOOLTIP;We are §RNOT§W allowed to close this factory because:\n;Nous ne sommes §RPAS§W autorisés à fermer cette usine car :\n;Wir können diese Fabrik aus folgenden Gründen §RNOT§W schließen:\n;;§RNO§W podemos cerrar esta fábrica porque:\n;;;;;;;;;
PRODUCTION_NOT_EXPAND_FACTORY_BECAUSE_TOOLTIP;We are §RNOT§W allowed to expand this factory because:\n;Nous ne sommes §RPAS§W autorisés à agrandir cette usine car :\n;Wir können diese Fabrik aus folgenden Gründen §RNOT§W ausbauen:\n;;§RNO§W podemos ampliar esta fábrica porque:\n;;;;;;;;;
PRODUCTION_CURRENT_PRIORITY_TOOLTIP;Current priority: §Y$VALUE$§W;Priorité actuelle : §Y$VALUE$§W;Aktuelle Priorität: §Y$VALUE$§W;;Prioridad actual: §Y$VALUE$§W;;;;;;;;;
PRODUCTION_CANCEL_SUBSIDIES;Cancel subsidies;Annuler les subventions;Zuschüsse einstellen;;Cancelar subsidios;;;;;;;;;
PRODUCTION_SUBSIDIES_DESC;By subsidizing a factory, we will pay for input costs and/or minimum wages of workers if the factory is not earning enough money;En subventionnant une usine, nous pourrons nous acquitter des coûts des matières premières et/ou des salaires minimum des ouvriers si l'usine ne rapporte pas assez d'argent.;Durch die Bezuschussung einer Fabrik zahlen wir für ihre Input-Kosten und/oder die Mindestgehälter der Fabrikarbeiter, wenn die Fabrik nicht genügend Geld verdient.;;Si damos un subsidio a una fábrica, pagaremos los costes de entrada y los salarios mínimos de los trabajadores en el caso de que la fábrica no gane suficiente dinero.;;;;;;;;;
PRODUCTION_MONEY_NEEDED;Money needed: $VALUE$;Argent nécessaire : $VALUE$;Benötigter Geldbetrag: $VALUE$;;Dinero necesario: $VALUE$;;;;;;;;;
PRODUCTION_TAB_FACTORIES;Shows overview of all factories in our country;Affiche un aperçu de toutes les usines de notre pays.;Zeigt einen Überblick über alle Fabriken in Ihrem Land an.;;Muestra un resumen de todas las fábricas de nuestro país.;;;;;;;;;
PRODUCTION_TAB_PRODUCTION;Shows production overview of our country. Also shows the production output of each of our producers;Affiche un aperçu de la production de notre pays. Affiche également la production de chacun de nos producteurs.;Zeigt einen Produktionsüberblick für Ihr Land an. Zeigt auch die Produktionsleistung jeder Ihrer Produzenten an.;;Muestra un resumen de la producción de nuestro país. También muestra los resultados de producción de todos nuestros productores.;;;;;;;;;
PRODUCTION_TAB_PROJECTS;Shows what our §Y$POPTYPE$§W are planning to build;Affiche ce que nos §Y$POPTYPE$§W envisagent de construire.;Zeigt die geplanten Bauprojekte Ihrer §Y$POPTYPE$§W an.;;Muestra qué planea construir nuestro(s) §Y$POPTYPE$§W;;;;;;;;;
PRODUCTION_NOTHING_PRODUCED;We are not producing any §Y$GOOD$§W in our country;Nous ne produisons pas de §Y$GOOD$§W dans notre pays.;Wir produzieren in unserem Land kein §Y$GOOD$§W.;;No producimos §Y$GOOD$§W en nuestro país.;;;;;;;;;
PRODUCTION_OPEN_FACTORY_DESC_TOOLTIP;If we open the factory, it will start to hire people and produce goods again;Si nous ouvrons l'usine, elle engagera de la main-d'?uvre et recommencera à produire des biens.;Wenn wir die Fabrik öffnen, wird sie Arbeiter anwerben und wieder Güter produzieren.;;Si abrimos la fábrica, empezará a contratar a gente y volverá a fabricar bienes.;;;;;;;;;
PRODUCTION_CLOSE_FACTORY_DESC_TOOLTIP;If we shut down the factory, it will cease production and make its entire workforce unemployed;Si nous fermons l'usine, elle cessera de produire et toute la main-d'?uvre sera au chômage.;Wenn wir die Fabrik schließen, wird sie die Produktion einstellen und alle Arbeiter werden arbeitslos.;;Si cerramos la fábrica, la producción cesará y su plantilla quedará desempleada.;;;;;;;;;
PRODUCTION_EXPAND_FACTORY_DESC_TOOLTIP;If we expand this factory, we will increase the number of workers it can hire;Si nous agrandissons l'usine, elle pourra engager plus d'ouvrier.;Wenn wir diese Fabrik ausbauen, erhöhen wir die Anzahl der Arbeiter, die sie beschäftigen kann.;;Si ampliamos la fábrica, aumentaremos el número de trabajadores que puede contratar.;;;;;;;;;
PRODUCTION_PRIO_FACTORY_DESC_TOOLTIP;Factories with higher priority will be able to hire workers and buy goods before factories with lower priority(within the same state);Les usines de plus haute priorité pourront engager des ouvriers et acheter des biens avant les usines de moindre priorité (dans le même État);Fabriken mit höherer Priorität können Arbeiter anwerben und Güter kaufen, bevor dies Fabriken (im gleichen Staat) mit geringer Priorität möglich ist.;;Las fábricas con mayor prioridad podrán contratar trabajadores y comprar bienes antes que las demás (en el mismo estado).;;;;;;;;;
PRODUCTION_INPUT_REQUIRED;Our artisans and/or factories need §Y$GOOD$§W to produce output;Nos artisans et/ou usines ont besoin de §Y$GOOD$§W pour produire.;Unsere Handwerker und/oder Fabriken benötigen zur Produktion §Y$GOOD$§W.;;Nuestros artesanos o fábricas necesitan §Y$GOOD$§W para tener producción;;;;;;;;;
PRODUCTION_PRODUCING_EACH_DAY;Our §Y$TYPE$§W are producing §Y$VALUE$ $GOOD$§W each day;Nos §Y$TYPE$§W produisent §Y$VALUE$ de $GOOD$§W par jour.;Unsere §Y$TYPE$§W produzieren täglich §Y$VALUE$ $GOOD$§W.;;Nuestros §Y$TYPE$§W producen §Y$VALUE$ de $GOOD$§W cada día.;;;;;;;;;
PRODUCTION_WANTS_EACH_DAY;Our §Y$TYPE$§W needs §Y$VALUE$ $GOOD$§W each day;Nos §Y$TYPE$§W requièrent §Y$VALUE$ $GOOD$§W chaque jour.;Unser §Y$TYPE$§W benötigt täglich §Y$VALUE$ $GOOD$§W.;;Nuestros §Y$TYPE$§W necesitan §Y$VALUE$ de $GOOD$§W cada día.;;;;;;;;;
WARSUBSIDIES_THEY_ACCEPT_SETUP;When we start giving war subsidies to a nation;Si nous commençons à verser des indemnités de guerre à une nation;Wenn wir damit beginnen, einer Nation Kriegssubventionen zu zahlen.;;Cuando empezamos a dar subsidios de guerra a una nación;;;;;;;;;
WARSUBSIDIES_WE_ACCEPT_SETUP;When a nation start giving us war subsidies;Si une nation commence à nous verser des indemnités de guerre;Wenn eine Nation beginnt, uns Kriegssubventionen zu zahlen.;;Cuando una nación empieza a darnos subsidios de guerra;;;;;;;;;
WARSUBSIDIES_OTHER_ACCEPT_SETUP;When a nation start giving war subsidies to another nation;Si une nation commence à verser des indemnités de guerre à une autre;Wenn eine Nation beginnt, einer anderen Nation Kriegssubventionen zu zahlen.;;Cuando una nación empieza a dar subsidios de guerra a otra nación;;;;;;;;;
CANCEL_WARSUBSIDIES_THEY_ACCEPT_SETUP;When we cancel our war subsidies to a nation;Si nous annulons les indemnités de guerre versées à une nation;Wenn wir unsere Kriegssubventionen an eine Nation einstellen.;;Cuando cancelamos los subsidios de guerra a una nación;;;;;;;;;
CANCEL_WARSUBSIDIES_WE_ACCEPT_SETUP;When a nation cancels their war subsidies to us;Si une nation annule les indemnités de guerre qu'elle nous versait;Wenn eine Nation ihre Kriegssubventionen an uns einstellt.;;Cuando una nación cancela los subsidios de guerra que nos da;;;;;;;;;
CANCEL_WARSUBSIDIES_OTHER_ACCEPT_SETUP;When a nation cancels their war subsidies to another nation;Si une nation annule les indemnités de guerre qu'elle versait à une autre;Wenn eine Nation ihre Kriegssubventionen an eine andere Nation einstellt.;;Cuando una nación cancela sus subsidios de guerra a otra nación;;;;;;;;;
ASKMILITARYACCESS_THEY_ACCEPT_SETUP;When a nation accept our military access request;Si une nation accepte notre demande d'accès militaire;Wenn eine Nation unserer Bitte um Militärzugang stattgibt.;;Cuando una nación acepta nuestra solicitud de acceso militar;;;;;;;;;
ASKMILITARYACCESS_WE_ACCEPT_SETUP;When we accept a nation's military access request;Si nous acceptons la demande d'accès militaire d'une nation;Wenn wir der Bitte um Militärzugang einer Nation stattgeben.;;Cuando aceptamos la solicitud de acceso militar de una nación;;;;;;;;;
ASKMILITARYACCESS_OTHER_ACCEPT_SETUP;When a nation accepts another nation's military access request;Si une nation accepte la demande d'accès militaire d'une autre;Wenn eine Nation der Bitte einer anderen Nation um Militärzugang stattgibt.;;Cuando una nación acepta la solicitud de acceso militar de otra nación;;;;;;;;;
ASKMILITARYACCESS_THEY_DECLINE_SETUP;When a nation declines our military access request;Si une nation refuse notre demande d'accès militaire;Wenn eine Nation unsere Bitte um Militärzugang ablehnt.;;Cuando una nación rechaza nuestra solicitud de acceso militar;;;;;;;;;
ASKMILITARYACCESS_WE_DECLINE_SETUP;When we decline a nation's military access request;Si nous refusons la demande d'accès militaire d'une nation;Wenn wir die Bitte um Militärzugang einer Nation ablehnen.;;Cuando rechazamos la solicitud de acceso militar de una nación;;;;;;;;;
ASKMILITARYACCESS_OTHER_DECLINE_SETUP;When a nation declines another nation's military access request;Si une nation refuse la demande d'accès militaire d'une autre;Wenn eine Nation die Bitte einer anderen Nation um Militärzugang ablehnt.;;Cuando una nación rechaza la solicitud de acceso militar de otra nación;;;;;;;;;
CANCELASKMILITARYACCESS_THEY_ACCEPT_SETUP;When we cancel military access rights to another country;Si nous annulons les droits d'accès militaire à un autre pays;Wenn wir die Militärzugangsrechte eines anderen Landes widerrufen.;;Cuando cancelamos los derechos de acceso militar a otro país;;;;;;;;;
CANCELASKMILITARYACCESS_WE_ACCEPT_SETUP;When a nation cancels their military access rights to our country;Si une nation annule ses droits d'accès militaire à notre pays;Wenn eine Nation ihre Militärzugangsrechte für unser Land annulliert.;;Cuando una nación cancela los derechos de acceso militar a nuestro país;;;;;;;;;
CANCELASKMILITARYACCESS_OTHER_ACCEPT_SETUP;When a nation cancels their military access rights to another nation;Si une nation annule ses droits d'accès militaire à une autre;Wenn eine Nation ihre Militärzugangsrechte für eine andere Nation annulliert.;;Cuando una nación cancela sus derechos de acceso militar a otra nación;;;;;;;;;
GIVEMILITARYACCESS_THEY_ACCEPT_SETUP;When we grant another nation military access rights to our country;Si nous accordons à une autre nation des droits d'accès militaire à notre pays;Wenn wir einer anderen Nation Militärzugang für unser Land gewähren.;;Cuando concedemos a una nación derechos de acceso militar a nuestro país;;;;;;;;;
GIVEMILITARYACCESS_WE_ACCEPT_SETUP;When a nation grants us military access rights to their country;Si une nation nous accorde des droits d'accès militaire à leur pays;Wenn uns eine Nation Militärzugang für ihr Land gewährt.;;Cuando una nación nos concede derechos de acceso militar a su país;;;;;;;;;
GIVEMILITARYACCESS_OTHER_ACCEPT_SETUP;When a nation grants another nation military access rights to their country;Si une nation accorde à une autre nation des droits d'accès militaire à leur pays;Wenn eine Nation einer anderen Nation Militärzugang für ihr Land gewährt.;;Cuando una nación concede a otra nación derechos de acceso militar a su país;;;;;;;;;
GIVEMILITARYACCESS_THEY_DECLINE_SETUP;When our military access offer is rejected;Si notre offre d'accès militaire est refusée;Wenn unser Militärzugangsangebot abgelehnt wird.;;Cuando nuestra oferta de acceso militar es rechazada;;;;;;;;;
GIVEMILITARYACCESS_WE_DECLINE_SETUP;When we reject a military access offer from another nation;Si nous refusons l'offre d'accès militaire d'une autre nation;Wenn wir das Militärzugangsangebot einer anderen Nation ablehnen.;;Cuando rechazamos la oferta de acceso militar de otra nación;;;;;;;;;
GIVEMILITARYACCESS_OTHER_DECLINE_SETUP;When a nation rejects a military access offer from another nation;Si une nation refuse l'offre d'accès militaire d'une autre;Wenn eine Nation ein Militärzugangsangebot einer anderen Nation ablehnt.;;Cuando una nación rechaza la oferta de acceso militar de otra nación;;;;;;;;;
CANCELGIVEMILITARYACCESS_THEY_ACCEPT_SETUP;When we cancel military access rights to our country;Si nous annulons les droits d'accès militaire à notre pays;Wenn wir die Militärzugangsrechte für unser Land widerrufen.;;Cuando cancelamos los derechos de acceso militar a nuestro país;;;;;;;;;
CANCELGIVEMILITARYACCESS_WE_ACCEPT_SETUP;When a nation cancels our military access rights to their country;Si une nation annule nos droits d'accès militaire à leur pays;Wenn eine andere Nation unsere Militärzugangsrechte für ihr Land widerruft.;;Cuando una nación cancela nuestros derechos de acceso militar a su país;;;;;;;;;
CANCELGIVEMILITARYACCESS_OTHER_ACCEPT_SETUP;When a nation cancels another nation's military access rights to their country;Si une nation annule les droits d'accès militaire d'une autre à leur pays;Wenn eine Nation die Militärzugangsrechte einer anderen Nation für ihr Land widerruft.;;Cuando una nación cancela los derechos de acceso militar a su país a otra nación;;;;;;;;;
ALLIANCE_THEY_ACCEPT_SETUP;When a nation accepts our alliance offer;Si une nation accepte notre offre d'alliance;Wenn eine Nation unser Bündnisangebot akzeptiert.;;Cuando una nación acepta nuestra oferta de alianza;;;;;;;;;
ALLIANCE_WE_ACCEPT_SETUP;When we accept another nation's alliance offer;Si nous acceptons l'offre d'alliance d'une autre nation;Wenn wir das Bündnisangebot einer anderen Nation annehmen.;;Cuando aceptamos la oferta de alianza de otra nación;;;;;;;;;
ALLIANCE_OTHER_ACCEPT_SETUP;When a nation accepts another nation's alliance offer;Si une nation accepte l'offre d'alliance d'une autre;Wenn eine Nation das Bündnisangebot einer anderen Nation akzeptiert.;;Cuando una nación acepta la oferta de alianza de otra nación;;;;;;;;;
ALLIANCE_THEY_DECLINE_SETUP;When a nation declines our alliance offer;Si une nation refuse notre offre d'alliance;Wenn eine Nation unser Bündnisangebot ablehnt.;;Cuando una nación rechaza nuestra oferta de alianza;;;;;;;;;
ALLIANCE_WE_DECLINE_SETUP;When we decline another nation's alliance offer;Si nous refusons l'offre d'alliance d'une autre nation;Wenn wir das Bündnisangebot einer anderen Nation ablehnen.;;Cuando rechazamos la oferta de alianza de otra nación;;;;;;;;;
ALLIANCE_OTHER_DECLINE_SETUP;When a nation declines another nation's alliance offer;Si une nation refuse l'offre d'alliance d'une autre;Wenn eine Nation das Bündnisangebot einer anderen Nation ablehnt.;;Cuando una nación rechaza la oferta de alianza de otra nación;;;;;;;;;
CANCELALLIANCE_THEY_ACCEPT_SETUP;When we cancel an alliance with another nation;Si nous annulons une alliance avec une autre nation.;Wenn wir ein Bündnis mit einer anderen Nation annullieren.;;Cuando cancelamos una alianza con otra nación;;;;;;;;;
CANCELALLIANCE_WE_ACCEPT_SETUP;When a nation cancels their alliance with us;Si une nation annule son alliance avec nous;Wenn eine Nation ihr Bündnis mit uns annulliert.;;Cuando una nación cancela su alianza con nosotros;;;;;;;;;
CANCELALLIANCE_OTHER_ACCEPT_SETUP;When a nation cancels their alliance with another nation;Si une nation annule son alliance avec une autre;Wenn eine Nation ihr Bündnis mit einer anderen Nation annulliert.;;Cuando una nación cancela su alianza con otra nación;;;;;;;;;
CALLALLY_THEY_ACCEPT_SETUP;When a nation accepts our call to arms;Si une nation accepte notre appel aux armes;Wenn eine Nation unseren Ruf zu den Waffen akzeptiert.;;Cuando una nación acepta nuestra llamada a las armas;;;;;;;;;
CALLALLY_WE_ACCEPT_SETUP;When we accept a nation's call to arms;Si nous acceptons l'appel aux armes d'une nation;Wenn wir den Ruf zu den Waffen einer Nation akzeptieren.;;Cuando aceptamos la llamada a las armas de una nación;;;;;;;;;
CALLALLY_OTHER_ACCEPT_SETUP;When a nation accepts another nation's call to arms;Si une nation accepte l'appel aux armes d'une autre;Wenn eine Nation den Ruf zu den Waffen einer anderen Nation akzeptiert.;;Cuando una nación acepta la llamada a las armas de otra nación;;;;;;;;;
CALLALLY_THEY_DECLINE_SETUP;When a nation declines our call to arms;Si une nation refuse notre appel aux armes;Wenn eine Nation unseren Ruf zu den Waffen ablehnt.;;Cuando una nación rechaza nuestra llamada a las armas;;;;;;;;;
CALLALLY_WE_DECLINE_SETUP;When we decline a nation's call to arms;Si nous refusons l'appel aux armes d'une nation;Wenn wir den Ruf zu den Waffen einer Nation ablehnen.;;Cuando rechazamos la llamada a las armas de una nación;;;;;;;;;
CALLALLY_OTHER_DECLINE_SETUP;When a nation declines another nation's call to arms;Si une nation décline l'appel aux armes d'une autre;Wenn eine Nation den Ruf zu den Waffen einer anderen Nation ablehnt.;;Cuando una nación rechaza la llamada a las armas de otra nación;;;;;;;;;
DISCREDIT_THEY_ACCEPT_SETUP;When we discredit a nation;Si nous discréditons une nation;Wenn wir eine Nation in Verruf bringen.;;Cuando desacreditamos a una nación;;;;;;;;;
DISCREDIT_WE_ACCEPT_SETUP;When a nation discredits another nation in our country;Si une nation en discrédite une autre de notre pays;Wenn eine Nation eine andere Nation in unserem Land in Verruf bringt.;;Cuando una nación desacredita a otra nación en nuestro país;;;;;;;;;
DISCREDIT_OTHER_ACCEPT_SETUP;When a nation discredits another nation;Si une nation en discrédite une autre;Wenn eine Nation eine andere Nation in Verruf bringt.;;Cuando una nación desacredita a otra nación;;;;;;;;;
EXPELADVISORS_THEY_ACCEPT_SETUP;When we expel the advisers of a nation;Si nous expulsons les conseillers d'une nation;Wenn wir die Berater einer Nation ausweisen.;;Cuando expulsamos a los consejeros de una nación;;;;;;;;;
EXPELADVISORS_WE_ACCEPT_SETUP;When a nation expels the advisers of another nation in our country;Si une nation expulse les conseillers d'une autre dans notre pays;Wenn eine Nation die Berater einer anderen Nation in unser Land ausweist.;;Cuando una nación expulsa a los consejeros de otra nación en nuestro país;;;;;;;;;
EXPELADVISORS_OTHER_ACCEPT_SETUP;When a nation expels the advisers of another nation;Si une nation expulse les conseillers d'une autre;Wenn eine Nation die Berater einer anderen Nation ausweist.;;Cuando una nación expulsa a los consejeros de otra nación;;;;;;;;;
BANEMBASSY_THEY_ACCEPT_SETUP;When we ban the embassy of a nation;Si nous interdisons l'ambassade d'une nation;Wenn wir die Botschaft einer Nation verbannen.;;Cuando cerramos la embajada de otra nación;;;;;;;;;
BANEMBASSY_WE_ACCEPT_SETUP;When a nation bans the embassy of another nation in our country;Si une nation interdit l'ambassade d'une autre dans notre pays;Wenn eine Nation die Botschaft einer anderen Nation in unser Land verbannt.;;Cuando una nación cierra la embajada de otra nación en nuestro país;;;;;;;;;
BANEMBASSY_OTHER_ACCEPT_SETUP;When a nation bans the embassy of another nation;Si une nation interdit l'ambassade d'une autre;Wenn eine Nation die Botschaft einer anderen Nation verbannt.;;Cuando una nación cierra la embajada de otra nación;;;;;;;;;
INCREASEOPINION_THEY_ACCEPT_SETUP;When we increase the opinion of us in a nation;Si nous améliorons l'opinion d'une nation à notre égard;Wenn wir die Meinung über uns in einer Nation verbessern.;;Cuando mejoramos la opinión hacia nosotros en una nación;;;;;;;;;
INCREASEOPINION_WE_ACCEPT_SETUP;When a nation increases the opinion of themselves in our country;Si une nation améliore l'opinion de notre pays à son égard;Wenn eine Nation die Meinung über sich in unserem Land verbessert.;;Cuando una nación mejora la opinión hacia ella en nuestro país;;;;;;;;;
INCREASEOPINION_OTHER_ACCEPT_SETUP;When a nation increases the opinion of themselves in another nation;Si une nation améliore l'opinion d'une autre nation à son égard;Wenn eine Nation die Meinung über sich in einer anderen Nation verbessert.;;Cuando una nación mejora la opinión hacia ella en otra nación;;;;;;;;;
DECREASEOPINION_THEY_ACCEPT_SETUP;When we decrease the opinion of another nation;Si nous diminuons l'opinion d'une autre nation;Wenn wir die Meinung über eine andere Nation verschlechtern.;;Cuando empeoramos la opinión hacia otra nación;;;;;;;;;
DECREASEOPINION_WE_ACCEPT_SETUP;When a nation decreases the opinion of another nation in our country;Si une nation diminue l'opinion d'une autre dans notre pays;Wenn eine Nation die Meinung über eine andere Nation in unserem Land verschlechtert.;;Cuando una nación empeora la opinión hacia otra nación en nuestro país;;;;;;;;;
DECREASEOPINION_OTHER_ACCEPT_SETUP;When a nation decreases the opinion of another nation;Si une nation diminue l'opinion d'une autre;Wenn eine Nation die Meinung über eine andere Nation verschlechtert.;;Cuando una nación empeora la opinión hacia otra nación;;;;;;;;;
ADDTOSPHERE_THEY_ACCEPT_SETUP;When we add a nation to our Sphere of Influence;Si nous ajoutons une nation à notre sphère d'influence;Wenn wir eine Nation unserer Einflusssphäre hinzufügen.;;Cuando añadimos una nación a nuestra Esfera de influencia;;;;;;;;;
ADDTOSPHERE_WE_ACCEPT_SETUP;When we are added to a nation's Sphere of Influence;Si nous sommes ajoutés à la sphère d'influence d'une nation;Wenn wir zur Einflusssphäre einer Nation hinzugefügt werden.;;Cuando somos añadidos a la Esfera de influencia de una nación;;;;;;;;;
ADDTOSPHERE_OTHER_ACCEPT_SETUP;When a nation is added to another nation's Sphere of Influence;Si une nation est ajoutée à la sphère d'influence d'une autre;Wenn eine Nation zur Einflusssphäre einer anderen Nation hinzugefügt wird.;;Cuando una nación es añadida a la Esfera de influencia de otra nación;;;;;;;;;
REMOVEFROMSPHERE_THEY_ACCEPT_SETUP;When we remove a nation from another nation's Sphere of Influence;Si nous supprimons une nation de la sphère d'influence d'une autre nation;Wenn wir eine Nation aus der Einflusssphäre einer anderen Nation entfernen.;;Cuando una nación es eliminada de la Esfera de influencia de otra nación;;;;;;;;;
REMOVEFROMSPHERE_WE_ACCEPT_SETUP;When we are removed from another nation's Sphere of Influence;Si nous sommes supprimés de la sphère d'influence d'une autre nation;Wenn wir aus der Einflusssphäre einer anderen Nation entfernt werden.;;Cuando somos eliminados de la Esfera de influencia de otra nación;;;;;;;;;
REMOVEFROMSPHERE_OTHER_ACCEPT_SETUP;When a nation is removed from another nation's Sphere of Influence;Si une nation est supprimée de la sphère d'influence d'une autre;Wenn eine Nation aus der Einflusssphäre einer anderen Nation entfernt wird.;;Cuando una nación es eliminada de la Esfera de influencia de otra nación;;;;;;;;;
INCREASERELATION_THEY_ACCEPT_SETUP;When we increase our relations with a nation;Si nous améliorons nos relations avec une nation;Wenn wir unsere Beziehungen zu einer Nation verbessern.;;Cuando aumentamos nuestra relación con una nación;;;;;;;;;
INCREASERELATION_WE_ACCEPT_SETUP;When a nation increases their relations with us;Si une nation améliore ses relations avec nous;Wenn eine Nation ihre Beziehungen zu uns verbessert.;;Cuando una nación aumenta su relación con nosotros;;;;;;;;;
INCREASERELATION_OTHER_ACCEPT_SETUP;When a nation increases their relations with another nation;Si une nation améliore ses relations avec une autre;Wenn eine Nation ihre Beziehungen zu einer anderen Nation verbessert.;;Cuando una nación aumenta su relación con otra nación;;;;;;;;;
DECREASERELATION_THEY_ACCEPT_SETUP;When we decrease our relations with a nation;Si nous diminuons nos relations avec une nation;Wenn wir unsere Beziehungen zu einer Nation verschlechtern.;;Cuando reducimos nuestra relación con una nación;;;;;;;;;
DECREASERELATION_WE_ACCEPT_SETUP;When a nation decreases their relations with us;Si une nation diminue ses relations avec nous;Wenn eine Nation ihre Beziehungen zu uns verschlechtert.;;Cuando una nación reduce su relación con nosotros;;;;;;;;;
DECREASERELATION_OTHER_ACCEPT_SETUP;When a nation decreases their relations with another nation;Si une nation diminue ses relations avec une autre;Wenn eine Nation ihre Beziehungen zu einer anderen Nation verschlechtert.;;Cuando una nación reduce su relación con otra nación;;;;;;;;;
WETARGET_DISCREDIT_SETUP;When we have been discredited by another nation;Si nous avons été discrédités par une autre nation;Wenn wir von einer anderen Nation in Verruf gebracht wurden.;;Cuando una nación nos ha desacreditado;;;;;;;;;
WETARGET_EXPELADVISORS_SETUP;When our advisers have been expelled by another nation;Si nos conseillers ont été expulsés par une autre nation;Wenn unsere Berater von einer anderen Nation ausgewiesen wurden.;;Cuando nuestros consejeros han sido expulsados de otra nación;;;;;;;;;
WETARGET_BANEMBASSY_SETUP;When our embassy has been banned by another nation;Si notre ambassade est interdite par une autre nation;Wenn unsere Botschaft von einer anderen Nation verbannt wurde.;;Cuando nuestra embajada ha sido cerrada por otra nación;;;;;;;;;
WETARGET_DECREASEOPINION_SETUP;When a nation lowers the opinion of us in another nation;Si une nation diminue l'opinion à notre égard dans une autre;Wenn eine Nation die Meinung über uns in einer anderen Nation verringert.;;Cuando una nación empeora la opinión hacia nosotros en otra nación;;;;;;;;;
WETARGET_REMOVEFROMSPHERE_SETUP;When a nation removes another nation from our Sphere of Influence;Si une nation en supprime une autre de notre sphère d'influence;Wenn eine Nation eine andere Nation aus unserer Einflusssphäre entfernt.;;Cuando una nación elimina de nuestra Esfera de influencia a otra nación;;;;;;;;;
WAR_WE_ACCEPT_SETUP;When a nation declares war on us;Si une nation nous déclare la guerre;Wenn uns eine Nation den Krieg erklärt.;;Cuando una nación nos declara la guerra;;;;;;;;;
PEACE_WE_ACCEPT_SETUP;When we accept a peace offer;Si nous acceptons une offre de paix;Wenn wir ein Friedensangebot annehmen.;;Cuando aceptamos una oferta de paz;;;;;;;;;
PEACE_THEY_ACCEPT_SETUP;When a nation accepts our peace offer;Si une nation accepte notre offre de paix;Wenn eine Nation unser Friedensangebot akzeptiert.;;Cuando una nación acepta nuestra oferta de paz;;;;;;;;;
PEACE_OTHER_ACCEPT_SETUP;When a nation accepts another nation's peace offer;Si une nation accepte l'offre de paix d'une autre;Wenn eine Nation das Friedensangebot einer anderen Nation akzeptiert.;;Cuando una nación acepta la oferta de paz de otra nación;;;;;;;;;
PEACE_WE_DECLINE_SETUP;When we decline a peace offer;Si nous refusons une offre de paix;Wenn wir ein Friedensangebot ablehnen.;;Cuando rechazamos una oferta de paz;;;;;;;;;
PEACE_THEY_DECLINE_SETUP;When a nation declines our peace offer;Si une nation refuse notre offre de paix;Wenn eine Nation unser Friedensangebot ablehnt.;;Cuando una nación rechaza nuestra oferta de paz;;;;;;;;;
PEACE_OTHER_DECLINE_SETUP;When a nation declines another nation's peace offer;Si une nation refuse l'offre de paix d'une autre;Wenn eine Nation das Friedensangebot einer anderen Nation ablehnt.;;Cuando una nación rechaza la oferta de paz de otra nación;;;;;;;;;
INTERVENTION_OUR_SIDE_SETUP;When a nation intervenes in a war and join our side;Si une nation prend parti dans une guerre et rejoint notre camp;Wenn eine Nation auf unserer Seite in einen Krieg eintritt.;;Cuando una nación interviene en una guerra y se une a nuestro bando;;;;;;;;;
INTERVENTION_THEIR_SIDE_SETUP;When a nation intervenes in a war and join our enemies' side;Si une nation prend parti dans une guerre et rejoint le camp ennemi;Wenn eine Nation auf der Seite unserer Feinde in einen Krieg eintritt.;;Cuando una nación interviene en una guerra y se une al bando de nuestros enemigos;;;;;;;;;
INTERVENTION_OTHER_SIDE_SETUP;When a nation intervenes in a war;Si une nation prend parti dans une guerre;Wenn eine Nation in einen Krieg eintritt.;;Cuando una nación interviene en una guerra;;;;;;;;;
WE_INTERVENED_SETUP;When we intervene in a war;Si nous prenons parti dans une guerre;Wenn wir in einen Krieg eintreten.;;Cuando intervenimos en una guerra;;;;;;;;;
GUNBOAT_WE_ACCEPT_SETUP;When we are the target of gunboat diplomacy;Si nous sommes la cible d'une diplomatie de la canonnière;Wenn wir das Ziel von Kanonenbootdiplomatie sind.;;Cuando están utilizando contra nosotros la 'diplomacia de los cañones';;;;;;;;;
GUNBOAT_THEY_ACCEPT_SETUP;When we are using gunboat diplomacy against a nation;Si nous utilisons la diplomatie de la canonnière contre une nation;Wenn wir Kanonenbootdiplomatie gegen eine Nation einsetzen.;;Cuando estamos utilizando contra otra nación la 'diplomacia de los cañones';;;;;;;;;
GUNBOAT_OTHER_ACCEPT_SETUP;When a nation is using gunboat diplomacy against another nation;Si une nation utilise la diplomatie de la canonnière contre une;Wenn eine Nation Kanonenbootdiplomatie gegen eine andere Nation einsetzt.;;Cuando una nación usa la 'diplomacia de los cañones' contra otra nación;;;;;;;;;
EVTDESC16010;\n\nJohn_Brown's_body_lies_a-mouldering_in_the_grave,_but_his_soul_is_marching_on.'--John_Brown's_Body,_Union_Marching_song\n\nThe_famed_hero_of_the_abolitionist_movement,_the_late_John_Brown,_was_hanged_in_Charles_Town,_Virginia,_today_after_a_failed_raid_on_a_military_armory._Supposedly,_Brown_had_planned_to_use_the_arsenal's_weapons_to_arm_slaves_and_incite_an_open_slave_rebellion_across_the_entire_south._The_raid,_and_John_Brown's_death,_have_furthered_escalated_southern_tension_over_the_slavery_issue,_and_in_some_slave-states_there_is_now_even_talk_of_secession_from_the_Union.;John_Brown's_body_lies_a-mouldering_in_the_grave,_but_his_soul_is_marching_on._(Le_corps_de_John_Brown_gît_dans_la_tombe._Son_âme,_elle,_marche_parmi_nous)._--_John_Brown's_Body,_hymne_de_la_cause_abolitionniste\n\nLe_héros_du_mouvement_abolitionniste,_feu_John_Brown,_a_aujourd'hui_été_pendu_à_Charles_Town,_en_Virginie,_après_l'échec_de_son_raid_contre_une_armurerie_militaire._On_dit_que_Brown_prévoyait_d'utiliser_les_armes_de_l'arsenal_pour_armer_les_esclaves_et_instiguer_une_rébellion_de_ceux-ci_dans_tout_le_sud._Le_raid_et_la_mort_de_John_Brown_ont_aggravé_les_tensions_sur_la_question_de_l'esclavage,_et_certains_États_sudistes_envisagent_même_de_faire_sécession.;John_Brown's_body_lies_a-mouldering_in_the_grave,_but_his_soul_is_marching_on.'--John_Brown's_Body,_Marschlied_der_Union\n\nDer_Held_der_Abolitionismus-Bewegung,_John_Brown,_wurde_heute_in_Charles_Town,_Virginia,_nach_einem_fehlgeschlagenen_Überfall_auf_ein_Waffenlager_der_Armee_gehängt._Angeblich_hatte_Brown_geplant_mit_den_Waffen_aus_dem_Waffenlager_Sklaven_zu_bewaffnen_und_den_gesamten_Süden_mit_einem_Sklavenaufstand_zu_überziehen._Der_Überfall_und_Browns_Tod_haben_die_Spannungen_im_Süden_hinsichtlich_der_Sklavenfrage_weiter_eskaliert,_und_in_manchen_Sklavenstaaten_wird_nun_offen_über_die_Abspaltung_von_der_Union_diskutiert.;;El_cuerpo_de_John_Brown_yace_en_la_tumba,_pero_su_alma_está_marchando._El_cuerpo_de_John_Brown,_canción_de_marcha_de_la_Unión\n\nEl_héroe_famoso_del_movimiento_abolicionista,_el_difunto_John_Brown,_fue_colgado_hoy_en_Charles_Town,_Virginia,_después_de_un_asalto_fallido_a_una_armería_militar._Supuestamente,_Brown_había_planeado_usar_el_arsenal_de_armas_para_equipar_a_los_esclavos_e_incitarlos_a_una_rebelión_abierta_por_todo_el_sur._El_asalto_y_la_muerte_de_John_Brown,_han_hecho_que_la_tensión_sobre_la_esclavitud_aumente_en_el_sur_y,_en_algunos_estados_esclavistas,_ahora_incluso_se_habla_de_la_secesión_de_la_Unión.;;;;;;;;;
USA_220;District of Columbia;District de Columbia;District of Columbia;;Distrito de Columbia;;;;;;;;;
USA_218;West Virginia;Virginie occidentale;West Virginia;;Virginia Occidental;;;;;;;;;
USA_219;Maryland;Maryland;Maryland;;Maryland;;;;;;;;;
EVTDESC16000;\n\nIt_is_over._All_attempts_at_compromise,_the_efforts_of_decades_of_public_discourse_on_the_issue_of_slavery,_have_failed._This_morning_the_congressmen_from_the_Southern_states_resigned_their_offices,_and_the_slave_states_declared_secession_from_the_perpetual_Union._The_states_of_Missouri_and_Maryland,_along_with_the_Western_Part_of_Virginia,_have_declared_themselves_for_the_Union,_and_Washington_D.C._is_under_the_control_of_Union_troops._\n\nThe_Confederacy_has_set_up_its_capital_in_Richmond,_selecting_Jefferson_Davis_of_Mississippi_for_president_and_Alexander_H._Stephens_of_Georgia_for_vice_president._The_latter_has,_in_a_grand_speech,_declared_that_the_cornerstone_of_Confederate_ideology_"lies_upon_the_great_truth_that_the_negro_is_not_equal_to_the_white_man:_that_slavery,_subordination_to_the_superior_race,_is_his_natural_and_normal_condition."_A_southern_wind_blows_hard_on_our_house_divided.;Une_maison_divisée_contre_elle-même_ne_peut_pas_rester_debout._Je_crois_que_ce_gouvernement_ne_peut_pas_durer,_étant_à_moitié_esclave_et_à_moitié_libre._Je_n'attends_pas_que_l'Union_puisse_être_dissoute_-_je_n'attends_pas_que_la_maison_croule_-_mais_j?attends_qu'elle_cesse_d'être_divisée._Elle_deviendra_ou_toute_d'une_chose_ou_toute_de_l'autre._--_Abraham_Lincoln\n\nC'est_fini._Après_des_décennies_de_débats_publics_sur_la_question_de_l'esclavage,_toutes_les_tentatives_de_compromis_ont_échoué._Ce_matin,_les_membres_du_Congrès_des_États_sudistes_ont_démissionné_de_leur_poste_et_les_États_esclavagistes_ont_fait_sécession._Les_États_du_Missouri_et_du_Maryland,_ainsi_que_la_partie_occidentale_de_la_Virginie,_se_sont_déclarés_en_faveur_de_l'Union_et_Washington_est_sous_le_contrôle_des_troupes_unionistes._Un_fort_vent_sudiste_souffle_sur_notre_maison_divisée.;Ein_gespaltenes_Haus_ist_nicht_überlebensfähig._Ich_glaube,_dass_diese_Regierung,_eine_Hälfte_Freiheitsliebende,_eine_Hälfte_Sklavenhalter,_nicht_auf_Dauer_Bestand_haben_kann._Ich_erwarte_nicht_die_Auflösung_der_Union_?_und_ich_erwarte_nicht_den_Untergang_des_Hauses_?_aber_ich_erwarte,_dass_es_sich_nicht_mehr_uneins_sein_wird._Entweder_wird_Letzteres_passieren_oder_all_das_Vorhergesagte.'_--_Abraham_Lincoln\n\nEs_ist_vorbei._Alle_Kompromissversuche,_alle_öffentlichen_Diskussionen_bezüglich_der_Sklaverei_sind_endgültig_gescheitert._An_diesem_Morgen_sind_die_Kongressabgeordneten_der_Südstaaten_geschlossen_von_ihren_Ämtern_zurückgetreten,_und_die_Sklavenstaaten_haben_ihre_Abspaltung_von_der_Union_erklärt._Die_Staaten_Missouri_und_Maryland_haben_sich_zusammen_mit_dem_westlichen_Teil_Virginias_der_Union_und_Washington_D.C._angeschlossen._steht_unter_der_Kontrolle_von_Unionstruppen._Der_Wind_des_Südens_bläst_stark_gegen_unser_gespaltenes_Haus.;;Una_casa_dividida_contra_sí_misma_no_puede_resistir._Creo_que_este_gobierno_no_puede_aguantar_permanentemente,_que_la_mitad_sean_esclavos_y_la_otra_mitad_hombres_libres._No_espero_que_la_Unión_se_disuelva._No_espero_que_la_casa_se_derrumbe,_pero_espero_que_deje_de_estar_dividida._'Sucederá_una_cosa_o_la_otra'._Abraham_Lincoln\n\nSe_ha_acabado._Todos_los_intentos_de_compromiso,_los_esfuerzos_durante_décadas_de_discurso_público_sobre_el_tema_de_la_esclavitud_han_fallado._Esta_mañana,_los_congresistas_de_los_estados_del_sur,_dimitieron_de_sus_puestos,_y_los_estados_esclavistas_declararon_la_secesión_de_la_Unión_perpetua._Los_estados_de_Missouri_y_Maryland,_junto_a_la_parte_occidental_de_Virginia,_se_han_declarado_independientes_de_la_Unión_y_Washington_D.C._está_bajo_el_control_el_control_de_las_tropas_de_la_Unión._Un_viento_del_sur_sopla_fuerte_sobre_nuestra_casa_dividida.;;;;;;;;;
EVTDESC15999;\n\n'A_house_divided_against_itself_cannot_stand._I_believe_this_government_cannot_endure,_permanently,_half_slave_and_half_free._I_do_not_expect_the_Union_to_be_dissolved_?_I_do_not_expect_the_house_to_fall_?_but_I_do_expect_it_will_cease_to_be_divided._It_will_become_all_one_thing_or_all_the_other.'_\n\nAbraham_Lincoln,_an_up-and-coming_Illionois_Republican_politician,_has_been_nominated_to_run_for_the_state's_senatorial_election,_facing_off_against_Democratic_nominee_Stephen_A._Douglas._Upon_receiving_the_nomination,_Lincoln_gave_an_electrifying_speech,_invoking_Matthew_12:25_?_"A_house_divided_against_itself_cannot_stand."_?_to_describe_the_division_America_faces_over_the_issue_of_slavery.;;;;;;;;;;;;;
emancipation_proclamation_title;Emancipation Proclamation;Proclamation d'émancipation;Emanzipationserklärung;;Proclamación de Emancipación;;;;;;;;;
emancipation_proclamation_desc;The Emancipation Proclamation is the collective name for two executive presidential orders issued by President Abraham Lincoln during the Civil War, declaring the emancipation of all slaves in the Southern United States. By issuing the Emancipation Proclamation, we will let the world know that the stakes in the present war is nothing save the freedom of all black men in the Union.;La Proclamation d'émancipation désigne deux décrets du président des États-Unis Abraham Lincoln pendant la guerre de Sécession déclarant libre tout esclave résidant sur le territoire de la Confédération. Avec la Proclamation d'émancipation, nous ferons savoir au monde entier que les enjeux de la guerre actuelle ont pour unique objectif d'affranchir tous les hommes noirs de l'Union.;Die Emanzipationserklärung ist die Kollektivbezeichnung für zwei präsidiale Anweisungen von Präsident Abraham Lincoln während des Bürgerkriegs, die alle Sklaven in den Südstaaten der USA zu freien Menschen erklärten. Durch die Veröffentlichung der Emanzipationserklärung werden wir die Welt wissen lassen, dass es im derzeitigen Krieg um nichts Wenigeres geht als die Freiheit aller dunkelhäutigen Menschen geht, die in den Unionsstaaten leben.;;La Proclamación de Emancipación es el nombre colectivo para dos órdenes presidenciales ejecutivas, dadas por el Presidente Abraham Lincoln durante la Guerra Civil, declarando la emancipación de todos los esclavos de los Estados Unidos del Sur. Mediante la Proclamación de Emancipación, hacemos saber al mundo que los intereses de la presente guerra no son nada menos que la libertad de todos los hombres de raza negra de la Unión.;;;;;;;;;
GC_DESC;The ideals of the French Revolution were believed to have met their final demise at the hands of the Ancien Régimes of Europe. The flames of revolution may have been put out for now, but the ideas of nationalism and liberalism can never die. This new era of unprecedented technological progress, doubts will be cast on certainties that have stood since time immemorial. Far away, across the briny foam, the riches of Asia and Africa beckon. Maestro, choose your instrument, and let the music play.;Le calme est revenu à Waterloo où les idéaux de la Révolution française semblaient avoir pris fin aux mains des anciens régimes d'Europe. Après les tribulations des guerres napoléoniennes, le consensus établi au Congrès de Vienne permit de rétablir un calme relatif sur un continent en proie aux troubles. Bien que les flammes de la révolution aient été, pour un temps, étouffées, les idéaux de liberté, de nationalisme et de libéralisme ne tardèrent pas à se révéler plus vivants que jamais. En Amérique, ces mêmes idéaux menacent de plonger la jeune république dans les tumultes d'une guerre civile. La princesse Victoria a 16 ans et va bientôt accéder au trône britannique, le plus grand empire industriel que le monde ait jamais connu. Cette accession, pour un règne aussi long que prospère, marque le début d'une ère qui va durer jusqu'à la Première Guerre mondiale. Au cours de cette nouvelle ère de progrès technologiques sans précédent, les certitudes de temps immémoriaux laisseront places à des doutes.;Der Staub über den Feldern von Waterloo, wo die Ideale der französischen Revolution vermeintlich durch die Hände der alten europäischen Regimes fielen, hat sich gelegt. Nach den Sorgen der napoleonischen Kriege hat der auf dem Wiener Kongress erreichte Konsens einem aufgewühlten Kontinent vorübergehend Ruhe verschafft. Obwohl die Flammen der Revolution nun vorerst erloschen sind, werden die Ideen menschliche Freiheit, Nationalismus und Liberalismus sich schon bald lebendiger als je zuvor zeigen. In den Amerikas drohen dieselben Ideen, eine junge Republik in die Verheerungen eines Bürgerkriegs zu stürzen. Prinzessin Victoria ist 16 Jahre alt und wird schon bald den Thron Großbritanniens besteigen, der größten Industriemacht, die es jemals gegeben hat. Ihre Thronbesteigung, Auftakt einer langen und erfolgreichen Regentschaft, markiert den Beginn eines Zeitalters, das sich bis zum ersten Weltkrieg erstreckt. In dieser Ära unübertroffener technologischer Fortschritte werden vielen althergebrachte Bestimmtheiten angezweifelt werden und neue Dogmen ihre Plätze einnehmen. Weit entfernt warten die Reichtümer Asiens und Afrikas und das Herz der Finsternis darauf, endlich auch im Konzert Europas besungen zu werden. Maestro, wählen Sie Ihr Instrument, und lassen Sie die Musik spielen.;;Parecía que los ideales de la Revolución Francesa habían encontrado su fin a manos de los estados del Antiguo Régimen de Europa. Las llamas de la revolución pueden haberse apagado por ahora, pero las ideas del nacionalismo y el liberalismo no morirán nunca. En esta nueva era de progreso tecnológico sin precedentes, se plantearán dudas sobre certezas que han permanecido inalterables desde tiempos inmemoriales. Muy lejos, más allá del mar, se hallan las riquezas de Asia y África. Maestro, elija su instrumento y que empiece la música.;;;;;;;;;
BLOCKADE_PENALTY_MORE_THAN;The percentage of blockaded ports is greater than: ;Le pourcentage de ports sous blocus est supérieur à : ;Der Prozentsatz blockierter Häfen ist größer als:;;El porcentaje de puertos bloqueados es mayor de: ;;;;;;;;;
BLOCKADE_PENALTY_LESS_THAN;The percentage of blockaded ports is less than: ;Le pourcentage de ports sous blocus est inférieur à : ;Der Prozentsatz blockierter Häfen ist geringer als:;;El porcentaje de puertos bloqueados es minor de: ;;;;;;;;;
PEACE_WHITEPEACE;White peace;Paix blanche ;Weißer Frieden;;Cese de hostilidades;;;;;;;;;
PEACE_WE_DECLINE_6;$TERMS$;$TERMS$;$TERMS$;;$TERMS$;;;;;;;;;
PEACE_THEY_DECLINE_5;Terms: $TERMS$;Conditions : $TERMS$;Bedingungen: $TERMS$;;Condiciones: $TERMS$;;;;;;;;;
PEACE_OTHER_DECLINE_6;Terms: $TERMS$;Conditions : $TERMS$;Bedingungen: $TERMS$;;Condiciones: $TERMS$;;;;;;;;;
INCREASERELATION_WE_ACCEPT_LOG;$ACTOR$ has increased their relations with us.;$ACTOR$ a amélioré ses relations avec nous.;$ACTOR$ hat die Beziehungen zu uns verbessert.;;$ACTOR$ ha aumentado sus relaciones con nosotros.;;;;;;;;;
DECREASERELATION_WE_ACCEPT_LOG;$ACTOR$ has decreased their relations with us.;$ACTOR$ a détérioré ses relations avec nous.;$ACTOR$ hat die Beziehungen zu uns verschlechtert.;;$ACTOR$ ha disminuido sus relaciones con nosotros.;;;;;;;;;
EVTOPTA13015;Our options are limited, and force of arms must be considered;Les options sont limitées et le recours aux armes doit être pris en compte.;Unsere Möglichkeiten sind eingeschränkt. Wir müssen gewaltsames Eingreifen in Betracht ziehen.;;Nuestras opciones están limitadas, y debemos considerar la fuerza de las armas.;;;;;;;;;
EVTOPTB13015;We must respect and tolerate the differences between our respective cultures;Nous devons respecter et tolérer les différences entre nos cultures respectives.;Wir müssen die Unterschiede zwischen unseren Kulturen respektieren und tolerieren.;;Debemos respetar y tolerar las diferencias entre nuestras culturas respectivas.;;;;;;;;;
EVTDESC13100;\n\nThe_foreigners_have_gone_too_far!_Their_missionaries_spread_false_teachings,_subverting_our_people_and_our_national_unity,_they_break_our_customs,_and_their_opium_clouds_our_minds._At_least_that_is_the_message_you_will_get_if_you_ask_the_people_in_$PROVINCENAME$_where_anti-foreign_sentiments_have_been_running_high_for_the_past_months.;Les_étrangers_ont_dépassé_les_bornes_!_Leurs_missionnaires_enseignent_des_contrevérités,_subvertissent_notre_population_et_notre_unité_nationale_;Die_Ausländer_sind_zu_weit_gegangen!_Ihre_Missionare_verbreiten_falsche_Lehren,_unterwandern_unsere_Bevölkerung_und_nationale_Einheit,_sie_brechen_unsere_Gebräuche_und_ihre_Opiumschwaden_vernebeln_unseren_Verstand._So_lautet_jedenfalls_die_allgemeine_Meinung,_wenn_man_die_Menschen_in_$PROVINCENAME$_fragt,_wo_die_Stimmung_gegen_Ausländer_in_den_letzten_Monaten_sehr_hoch_ist.;;¡Los_extranjeros_han_ido_demasiado_lejos!_Sus_misioneros_han_extendido_falsas_enseñanzas,_subvirtiendo_a_nuestra_gente_y_nuestra_unidad_nacional,_destruyen_nuestras_costumbres,_y_su_opio_nubla_nuestras_mentes._Al_menos,_ese_es_el_mensaje_que_recibirás_si_preguntas_a_la_gente_en_$PROVINCENAME$,_donde_los_sentimientos_antiextranjeros_han_sido_muy_fuertes_los_últimos_meses.;;;;;;;;;
EVTNAME13350;An Elephant for America?;Un éléphant pour l'Amérique ?;Ein Elefant für Amerika?;;¿Un elefante para América?;;;;;;;;;
EVTDESC13350;On_this_account_we_desire_to_procure_and_send_elephants_to_be_let_loose_in_[and]_increase_and_multiply_in_the_continent_of_America'\n\nIn_1861_King_Rama_IV,_also_known_as_King_Mongkut,_the_fourth_Siamese_monarch_of_the_house_of_Chakri,_expressed_in_a_letter_to_president_James_Buchanan_of_the_United_States,_upon_having_heard_from_an_American_captain_visiting_Siam_that_there_were_no_elephants_in_America,_his_desire_to_gift_one_to_the_United_States._The_letter_did_not_arrive_in_America_until_the_Buchanan_administration_had_left_office,_and_was_instead_received_by_president_Abraham_Lincoln_who,_as_the_story_goes,_politely_declined_the_offer,_pointing_out_that_the_elephants_might_not_take_to_well_to_the_American_climate.;Ainsi,_nous_souhaitons_envoyer_des_éléphants_qui_seront_libérés_et_se_multiplieront_sur_le_continent_américain.\n\nEn_1861,_le_roi_Rama_IV,_également_connu_sous_le_titre_de_roi_Mongkut,_quatrième_monarque_de_la_maison_de_Chakri,_exprima_en_ces_termes_dans_une_lettre_adressée_au_président_des_États-Unis_James_Buchanan,_après_avoir_appris_de_la_bouche_d'un_capitaine_américain_en_visite_au_Royaume_du_Siam_qu'il_n'y_avait_pas_d'éléphants_en_Amérique,_son_désir_d'en_offrir_un_aux_États-Unis._Cette_lettre_n'arriva_en_Amérique_qu'au_terme_de_l'administration_de_Buchanan_et_fut_remise_au_président_Abraham_Lincoln_qui_déclina_poliment_l'offre_arguant_du_fait_que_les_éléphants_auraient_bien_du_mal_à_s'habituer_au_climat_américain.;Aus_diesem_Grund_wünschen_wir,_dass_Elefanten_auf_den_amerikanischen_Kontinent_geschickt_und_dort_freigelassen_werden,_auf_dass_sie_ihre_Anzahl_vermehren_sollen'.\n\nIm_Jahr_1861_schrieb_der_vierte_siamesische_König_des_Hauses_Chakri,_König_Rama_IV.,_auch_als_König_Mongkut_bekannt,_einen_Brief_an_den_damaligen_Präsidenten_der_Vereinigten_Staaten,_James_Buchanan,_nachdem_er_von_einem_amerikanischen_Kapitän_zu_Besuch_in_Siam_erfahren_hatte,_dass_es_in_Amerika_keine_Elefanten_gäbe,_und_drückte_seinen_Wunsch_aus,_den_Vereinigten_Staaten_welche_zu_schenken._Der_Brief_kam_nicht_vor_dem_Ende_der_Amtszeit_der_Buchanan-Administration_an_und_wurde_stattdessen_von_Abraham_Lincoln_empfangen,_der_der_Überlieferung_zufolge_das_Angebot_höflich_ablehnte_und_dies_damit_begründete,_Elefanten_seien_für_das_amerikanische_Klima_nicht_besonders_gut_geeignet.;;Es_por_ello_que_queremos_procurar_y_enviar_elefantes_para_que_sean_soltados_en_[y]_se_reproduzcan_y_multipliquen_en_el_continente_de_América'\n\nEn_1861,_el_Rey_Rama_IV,_también_conocido_como_el_Rey_Mongkut,_el_cuarto_monarca_siamés_de_la_casa_de_Chakri,_expresó_en_una_carta_al_presidente_de_los_Estados_Unidos,_James_Buchanan,_después_de_que_un_capitán_americano_de_visita_en_Siam_le_informase_de_que_no_había_elefantes_en_América,_su_deseo_de_regalarle_uno_a_los_Estados_Unidos._La_carta_no_llegó_a_América_hasta_que_la_administración_Buchanan_había_abandonado_la_dirección,_y_en_su_lugar_la_recibió_el_presidente_Abraham_Lincoln_quien,_según_la_historia,_declinó_la_oferta_cortésmente,_aduciendo_que_los_elefantes_no_se_aclimatarían_bien_al_clima_americano.;;;;;;;;;
EVTOPTA13350;But it was very kind of him to offer!;Mais c'était une très gentille offre !;Aber sein Angebot war äußerst liebenswürdig!;;¡Pero ofrecerlo fue muy amable por su parte!;;;;;;;;;
an_elephant_for_america_title;An Elephant For America?;Un éléphant pour l'Amérique ?;Ein Elefant für Amerika?;;¿Un elefante para América?;;;;;;;;;
an_elephant_for_america_desc;In 1861 King Rama IV, also known as King Mongkut, the fourth Siamese monarch of the house of Chakri, expressed in a letter to president James Buchanan of the United States, upon having heard from an American captain visiting Siam that there were no elephants in America, his desire to gift one to the United States. By offering to send an Elephant to the Americans, our relations will surely improve!;En 1861, le roi Rama IV, également connu sous le titre de roi Mongkut, quatrième monarque de la maison de Chakri, exprima en ces termes dans une lettre adressée au président des États-Unis James Buchanan, après avoir appris de la bouche d'un capitaine américain en visite au Royaume du Siam qu'il n'y avait pas d'éléphants en Amérique, son désir d'en offrir un aux États-Unis. En proposant d'offrir un éléphant aux Américains, nos relations ne pourront que s'améliorer !;Im Jahr 1861 schrieb der vierte siamesische König des Hauses Chakri, König Rama IV., auch als König Mongkut bekannt, einen Brief an den damaligen Präsidenten der Vereinigten Staaten, James Buchanan, nachdem er von einem amerikanischen Kapitän zu Besuch in Siam erfahren hatte, dass es in Amerika keine Elefanten gäbe, und drückte seinen Wunsch aus, den Vereinigten Staaten welche zu schenken. Unser Angebot, den Amerikanern einen Elefanten zu schenken, wird unsere Beziehungen sicherlich verbessern!;;En 1861, el Rey Rama IV, también conocido como el Rey Mongkut, el cuarto monarca siamés de la casa de Chakri, expresó en una carta al presidente de los Estados Unidos, James Buchanan, después de que un capitán americano de visita en Siam le informase de que no había elefantes en América, su deseo de regalarle uno a los Estados Unidos. ¡Seguro que nuestras relaciones mejoran si envío un elefante a los americanos!;;;;;;;;;
torching_of_the_summer_palace_title;Burn The Summer Palace!;Brûlez le Palais d'été !;Brennt den Sommerpalast nieder!;;¡Incendio en el Palacio de verano!;;;;;;;;;
torching_of_the_summer_palace_desc;§RGain 3 infamy§! The Old Summer Palace, known in Chinese as the Gardens of Perfect Brightness, was a complex of gardens northwest of the Imperial City in Beijing, China. The gardens were built in the 18th and early 19th centuries, and functioned as a place of residence for the Qing Emperors. The Old Summer Palace was burnt to the ground by Anglo-French forces during their occupation of Beijing during the Second Opium War. While the torching was a major blow to Chinese morale, it was also decried by many European intellectuals, Victor Hugo among others, as a criminal act of brutality directed against the Chinese. By burning this exquisite piece of Chinese cultural history, we can inflict a massive blow on Chinese morale.;L'ancien Palais d'été, connu en chinois sous le nom des Jardin de l'intelligence parfaite, abritait un vaste parc situé au nord-est de la Cité impériale de Pékin, en Chine. Ce parc fut créé entre le XVIIIe et le début du XIXe siècle et son palais servait de résidence aux empereurs Qing. L'ancien Palais d'été a été brûlé par des troupes anglo-françaises lors de l'occupation de Pékin de la seconde guerre de l'opium. Bien qu'un tel agissement porta un coup sérieux au moral des Chinois, il fut décrié par bon nombre d'intellectuels européens, tels que Victor Hugo, comme un acte criminel dirigé contre les Chinois. En brûlant ce chef-d'?uvre de l'histoire culturelle chinoise, nous porterons un coup sérieux au moral des Chinois.;Der alte Sommerpalast, auf Chinesisch als Garten der Vollkommenheit und des Lichts bekannt, war ein Gartenkomplex nordwestlich der Kaiserstadt in Beijing, China. Die Gärten wurden im achtzehnten und frühen neunzehnten Jahrhundert angelegt und waren Wohnsitz der Qing-Kaiser. Der alte Sommerpalast wurde bei der Besetzung Beijings während des zweiten Opiumkriegs durch anglo-französische Truppen abgebrannt. Während dies ein starker Schlag für die Moral der Chinesen war, wurde die Brandstiftung auch von vielen europäischen Intellektuellen, unter ihnen Victor Hugo, als krimineller Akt der Brutalität gegen das chinesische Volk verurteilt. Durch das Abbrennen dieses exquisiten Orts chinesischer Kulturgeschichte können wir der Moral der Chinesen einen schweren Schlag versetzen.;;El Antiguo Palacio de Verano, conocido por los chinos como los Jardines del Perfecto Brillo, era un complejo de jardines al noroeste de la ciudad imperial de Beijing, en China. Los jardines fueron construidos entre los siglos XVIII y XIX, y sirvieron como lugar de residencia de los Emperadores Qing. El Antiguo Palacio de Verano fue reducido a cenizas por fuerzas anglofrancesas durante la ocupación de Beijing durante la Segunda Guerra del Opio. Aunque la quema del palacio fue un golpe muy duro para la moral china, también fue desprestigiado por muchos intelectuales europeos, como Victor Hugo entre otros, que lo tildaron de un acto de brutalidad criminal dirigido contra los chinos. Quemando esta pieza exquisita de historia cultural china, podemos infligir un golpe demoledor a su moral.;;;;;;;;;
EVTNAME13355;Torching of The Summer Palace;Brûlez le Palais d'été !;Abfackeln des Sommerpalates;;Quemando el Palacio de Verano;;;;;;;;;
EVTDESC13355;\n\nThe_Old_Summer_Palace,_known_in_Chinese_as_the_Gardens_of_Perfect_Brightness,_is_a_complex_of_gardens_northwest_of_the_Imperial_City_in_Beijing,_China._This_massive_garden_and_palace_complex_was_built_during_the_18th_and_early_19th_centuries,_and_have_for_a_long_time_functioned_as_a_place_of_residence_and_office_for_the_Qing_Emperors._Known_for_its_splendor,_this_palace_stands_as_a_tribute_to_the_achievements_of_the_Chinese_culture._Today,_we_received_news_that_$FROMCOUNTRY_ADJ$_soldiers_occupying_Beijing_have_burnt_the_palace_to_the_ground._A_whole_nation_mourns_as_news_of_this_barbarous_act_of_culturcide_spread_throughout_China,_and_the_world.;L'ancien_Palais_d'été,_connu_en_chinois_sous_le_nom_des_Jardin_de_l'intelligence_parfaite,_abrite_un_vaste_parc_situé_au_nord-est_de_la_Cité_impériale_de_Pékin,_en_Chine._Ce_parc_gigantesque_fut_créé_entre_le_XVIIIe_et_le_début_du_XIXe_siècle_et_son_palais_sert_depuis_très_longtemps_de_résidence_et_de_bureau_aux_empereurs_Qing._Réputé_pour_sa_splendeur,_ce_palais_témoigne_de_la_richesse_de_la_culture_chinoise._Aujourd'hui,_nous_avons_été_informés_que_des_soldats_$FROMCOUNTRY_ADJ$_qui_occupaient_Pékin_avaient_brûlé_le_palais._Depuis_qu'ils_ont_appris_cette_nouvelle,_la_nation_et_le_monde_dénoncent_un_acte_culturicide_barbare.;Der_alte_Sommerpalast,_auf_Chinesisch_als_Garten_der_Vollkommenheit_und_des_Lichts_bekannt,_ist_ein_Gartenkomplex_nordwestlich_der_Kaiserstadt_in_Beijing,_China._Diese_massiven_Gärten_wurden_im_achtzehnten_und_frühen_neunzehnten_Jahrhundert_angelegt_und_waren_lange_Amts-_und_Wohnsitz_der_Qing-Kaiser._Dieser_für_seine_Schönheit_bekannte_Palast_ist_ein_Tribut_an_die_Errungenschaften_der_chinesischen_Kultur._Heute_hat_uns_die_Nachricht_erreicht,_dass_$FROMCOUNTRY_ADJ$_Soldaten_bei_der_Besetzung_Beijings_den_Palast_bis_auf_die_Grundmauern_niedergebrannt_haben._Ganz_China_und_der_Rest_der_Welt_beweint_diese_Nachricht_als_barbarischen_Kulturmord_gigantischen_Ausmaßes.;;El_Antiguo_Palacio_de_Verano,_conocido_por_los_chinos_como_los_Jardines_del_Perfecto_Brillo,_era_un_complejo_de_jardines_al_noroeste_de_la_ciudad_imperial_de_Beijing,_en_China._Este_complejo_que_incluía_un_jardín_enorme_y_un_palacio_fue_construido_entre_los_siglos_XVIII_y_XIX,_y_durante_mucho_tiempo_ha_servido_de_lugar_de_residencia_de_los_Emperadores_Qing._Conocido_por_su_esplendor,_este_palacio_se_erige_como_un_tributo_a_los_logros_de_la_cultura_china._Hoy_hemos_recibido_la_noticia_de_que_soldados_de_$FROMCOUNTRY$_han_ocupado_Beijing_y_han_quemado_el_palacio._Toda_una_nación_y_el_mundo,_han_llorado_esta_pérdida_al_conocer_la_noticia_de_este_acto_de_barbarie.;;;;;;;;;
EVTOPTA13355;We weep for our loss;Nous pleurons cette perte.;Wir weinen um unseren Verlust;;Lloramos nuestra pérdida;;;;;;;;;
clear_out_the_manchu_elite_title;End The Manchu Dominance;Fin de la domination mandchoue;Ende der Mandschu-Dominanz;;Fin de la dominación Manchú;;;;;;;;;
clear_out_the_manchu_elite_desc;Since the beginning of the Qing dynasty, the Chinese Imperial administration and bureaucracy had been dominated by a powerful Manchu elite, and the Qing emperors had traditionally discriminated heavily against ethnic Han. In the 1860s, Empress Dowager Cixi effectively ended this practice, when she entrusted the country's most powerful military unit to a man of Han background, Zeng Guofan, during the suppression of the Taiping rebellion. By getting rid of the Manchu elite, we can take an important step toward modernization.;Depuis le début de la dynastie Qing, l'administration et la bureaucratie de l'Empire chinois sont dominées par une puissante élite mandchoue et les empereurs Qing se sont attachés à discriminer l'ethnie Han. Dans les années 1860, l'impératrice Dowager Cixi mit fin à cette pratique et confia le commandement de la plus puissante unité militaire du pays à un homme d'origine Han, Zeng Guofan, au cours de la suppression de la rébellion Taiping. En nous débarrassant de l'élite mandchoue, nous pourrons faire un important pas en avant vers la modernisation.;Seit dem Beginn der Qing-Dynastie wurde die kaiserliche chinesische Verwaltung von einer mächtigen Mandschu-Elite dominiert, die die Han-Chinesen stets schwer diskriminierten. Dies wurde in den 1860er von der Kaiserinwitwe Cixi beendet, die während der Taiping-Rebellion den Oberbefehl über die mächtigste Militäreinheit des Landes einem Mann mit Han-chinesischem Hintergrund übertrug: Zeng Guofan. Wenn wir uns der Mandschu-Elite entledigen, können wir einen großen Schritt in Richtung Modernisierung gehen.;;Desde el comienzo de la dinastía Qing, la administración imperial y la burocracia china eran dominadas por una poderosa élite Manchú, y los emperadores Qing habían discriminado tradicionalmente a la etnia Han. En 1860, la Emperatriz Dowager Cixi acabó con esta práctica, ya que confió la unidad militar más poderosa del país a un hombre de origen Han, Zeng Guofan, durante la supresión de la rebelión de Taiping. Al deshacerse de la élite Manchú, podemos dar un paso importante hacia la modernización.;;;;;;;;;
WAR_DESC;Declaring war will allow our troops to attack theirs and allow us to enter their country. War will continue until either party surrenders.;Une déclaration de guerre permettra à nos troupes d'attaquer les leurs et nous pourrons entrer dans leur pays. La guerre se poursuivra jusqu'à ce que l'un des camps se rende.;Wenn wir ihnen den Krieg erklären, können unsere Truppen ihre Streitkräfte angreifen und uns den Zugang auf ihr Land freikämpfen. Der Kriegt wird so lange dauern, bis einer der beiden Seiten aufgibt.;;Declarar la guerra permitirá que nuestras tropas ataquen las suyas y podremos invadir su país. La guerra continuará hasta que uno de los bandos se rinda.;;;;;;;;;
POLITICS_SHOW_VASSALS;Show Release Nations;Afficher les nations libérées;Entlassene Nationen anzeigen;;Mostrar Liberar naciones;;;;;;;;;
POLITICS_SHOW_REFORMS;Show Reforms;Afficher les réformes;Reformen anzeigen;;Mostrar Reformas;;;;;;;;;
POLITICS_RELEASE_VASSAL;Release Nation;Libérer une nation;Nation entlassen;;Liberar Nación;;;;;;;;;
POLITICS_RELEASE_VASSAL_DESC;§Y$TAG$§b will receive the following §Y$NUM$§b province(s): §Y$PROVINCES$§b;§Y$TAG$§b recevra §Y$NUM$§b province(s) : §Y$PROVINCES$§b;§Y$TAG$§b erhält die folgende(n) §Y$NUM$§b Provinz(en): §Y$PROVINCES$§b;;§Y$TAG$§b recibirá las siguientes §Y$NUM$§b provincias: §Y$PROVINCES$§b;;;;;;;;;
POLITICS_RELEASE_VASSAL_DESC_LIMIT;§b and others.;§b ainsi que d'autres.;§b und andere.;;§b y otros.;;;;;;;;;
POLITICS_SATELLITE;Satellite;Satellite;Satellitenstaat;;Satélite;;;;;;;;;
POLITICS_DOMINION;Dominion;Dominion;Dominion;;Protectorado;;;;;;;;;
POLITICS_RELEASE_VASSAL_TOOLTIP;Release §Y$TAG$§W as a §Y$TYPE$§W. §Y$TAG$§W will receive the following §Y$NUM$§W province(s): §Y$PROVINCES$§W;Libérer §Y$TAG$§W en tant que §Y$TYPE$§W.\n§Y$TAG$§W recevra §Y$NUM$§W province(s) : §Y$PROVINCES$§W;§Y$TAG$§W als §Y$TYPE$§W entlassen. §Y$TAG$§W erhält die folgende §Y$NUM$§W Provinz: §Y$PROVINCES$§W;;Liberar §Y$TAG$§W como §Y$TYPE$§W. §Y$TAG$§W recibirá las siguientes §Y$NUM$§W provincias: §Y$PROVINCES$§W;;;;;;;;;
enact_radical_reconstruction_title;Radical Reconstruction;Reconstruction radicale;Radikaler Wiederaufbau;;Reconstrucción radical;;;;;;;;;
enact_radical_reconstruction_desc;Reconstruction is the collective term used to described the policies, laws, decrees, constitutional amendments and presidential orders enacted, after the American Civil War, with the goal of reintegrating the former Confederate states back into the Union. The policies centered chiefly around issues like the ending of 'Slave Power', the suppression of Southern nationalism and revanchism, and the recognition of the 13th amendment by the Southern states. Reconstruction ended with the compromise of 1877, when federal troops were finally withdrawn from the South. The Confederate banners lie trampled in the ashes of Savannah and Richmond, and it's time to start the reconstruction.;La reconstruction est le terme collectif utilisé pour décrire les politiques, lois, décrets, amendements constitutionnels et décisions présidentielles adoptés après la guerre de Sécession afin de réintégrer les États confédérés dans l'Union. Ces politiques portaient principalement sur des questions comme la fin du pouvoir esclavagiste, la suppression du nationalisme et du revanchisme du Sud et la reconnaissance du 13e amendement par les États sudistes. La reconstruction prit fin avec le compromis de 1877 qui marqua le retrait des troupes fédérales du Sud. Les drapeaux des Confédérés ont été piétinés dans les cendres de Savannah et de Richmond et l'heure de la reconstruction a sonné.;Wiederaufbau ist der kollektive Ausdruck zur Beschreibung der Politik, Gesetze, Erlässe, Verfassungsänderungen und präsidialen Verfügungen nach dem amerikanischen Bürgerkrieg, deren Ziel die Reintegration der ehemaligen konföderierten Staaten in die Union war. Dabei drehte sich alles hauptsächlich um Probleme wie die Beendigung der Sklaverei, der Unterdrückung des Nationalismus und Revanchismus des Südens und die Anerkennung des 13. Zusatzartikels zur Verfassung durch die Südstaaten. Der Wiederaufbau endete im Jahr 1877 mit einem Kompromiss, als sich Föderationstruppen endlich aus dem Süden zurückzogen. Die Fahnen der Konföderation liegen in der Asche von Savannah und Richmond, und es ist an der Zeit für einen Neuanfang.;;La Reconstrucción es el término colectivo utilizado para describir las políticas, leyes, decretos, enmiendas constitucionales y órdenes presidenciales aprobadas, tras la Guerra Civil americana, con el objetivo de reintegrar los antiguos estados confederados en la Unión. La política se centró en asuntos como el fin del 'poder esclavo', la supresión del nacionalismo y revanchismo del sur y el reconocimiento de la enmienda decimotercera por los estados del sur. La Reconstrucción acabó con el compromiso de 1877, por el que las tropas federales se retiraron finalmente del sur. Las banderas confederadas yacen pisoteadas bajo las cenizas de Savannah y Richmond y ha llegado el momento de empezar la reconstrucción.;;;;;;;;;
EVTNAME16415;Rise of The KKK;Montée du KKK;Aufstieg des KKK;;La aparición del KKK;;;;;;;;;
EVTDESC16415;\n\nThe_Ku_Klux_Klan,_abbreviated_'The_KKK',_was_a_decentralized_organization_primarily_composed_of_white_southerners,_formed_in_1865_by_Confederate_war_veterans_from_Tennessee._A_secret_vigilante_group,_known_for_its_iconic_symbolism_of_burning_crosses_and_white_hoods_and_robes,_the_KKK_was_formed_in_opposition_to_the_tenets_of_Republican_Reconstruction,_dedicated_to_preserving_white_supremacy_in_the_former_Confederate_states._The_Klan_shunned_few_means_in_accomplishing_its_goal,_and_violence_directed_at_southern_republicans_and_blacks_was_rule_rather_than_exception._The_Klan_was_suppressed_by_the_Federal_Government_by_the_passing_of_the_Force_Acts_of_1871,_during_the_first_term_of_Ulyssess_S._Grant._Today_we_received_news_that_burning_crosses_have_been_seen,_blazing_against_the_warm,_dark_night_skies_of_the_South.;Le_Ku_Klux_Klan,_abrégé_sous_la_forme_KKK,_était_une_organisation_décentralisée_principalement_composée_de_sudistes_blancs_et_formée_en_1865_par_les_vétérans_de_guerre_des_Confédérés_du_Tennessee._Milice_secrète,_dont_les_membres_étaient_connus_pour_symboliquement_brûler_des_croix_vêtus_de_leurs_toges_et_cagoules_blanches,_le_KKK_fut_créé_pour_s'opposer_à_la_Reconstruction_républicaine_dans_le_but_de_préserver_la_suprématie_blanche_dans_les_anciens_États_confédérés._Pour_parvenir_à_ses_fins,_le_KKK_avait_recours_à_la_violence,_une_violence_principalement_dirigée_contre_les_républicains_du_Sud_et_les_noirs._Le_KKK_fut_démantelé_par_le_gouvernement_fédéral_lors_de_la_promulgation_des_"Force_Acts"_de_1871,_lors_du_premier_mandant_d'Ulyssess_S._Grant._Aujourd'hui,_nous_avons_appris_que_des_croix_en_feu_avaient_été_vues_en_pleine_nuit_dans_le_Sud.;Der_Ku_Klux_Klan,_abgekürzt_mit_'The_KKK',_war_im_Jahr_1865_von_konföderierten_Kriegsveteranen_in_Tennessee_gegründete,_dezentrale_Organisation,_die_sich_hauptsächlich_aus_weißen_Südstaatlern_zusammensetzte._Diese_geheime_Bürgerwehr,_die_für_ihren_ikonischen_Symbolismus_mit_brennenden_Kreuzen_und_ihre_weißen_Kapuzen_und_Roben_bekannt_war,_formierte_sich_als_Opposition_der_Grundsätze_des_republikanischen_Wiederaufbau_und_war_der_Wahrung_der_weißen_Vorherrschaft_in_den_Staaten_der_ehemaligen_Konföderation_verschrieben._Dem_Klan_waren_zur_Erreichung_seines_Ziels_jede_Mittel_recht,_und_gegen_Republikaner_und_Schwarze_gerichtete_Gewalt_war_eher_die_Regel_als_eine_Ausnahme._Der_Klan_wurde_während_der_ersten_Amtszeit_von_Präsident_Ulyssess_S._Grant_von_der_Föderationsregierung_durch_die_Verabschiedung_des_Force_Acts_von_1871_unterdrückt._Heute_haben_wir_die_Nachricht_erhalten,_dass_man_im_Süden_Kreuze_gesehen_hat,_die_unter_dem_warmem_Nachthimmel_loderten.;;El_Ku_Klux_Klan,_abreviado_'El_KKK',_fue_una_organización_descentralizada_compuesta_principalmente_de_hombres_de_raza_blanca_sureños,_formada_en_1865_por_veteranos_del_ejército_confederado_de_Tennessee._Se_trataba_de_un_grupo_de_vigilancia_secreto,_conocido_por_su_símbolo_icónico_de_la_cruz_en_llamas_y_por_ir_ataviados_con_túnicas_y_capuchas_blancas._El_KKK_se_formó_en_oposición_a_los_principios_de_la_Reconstrucción_republicana._El_grupo_se_dedicaba_a_preservar_la_supremacía_de_la_raza_blanca_en_los_antiguos_estados_confederados._El_Klan_utilizaba_todos_los_métodos_a_su_alcance_para_cumplir_su_objetivo,_por_lo_que_eran_habituales_sus_actos_de_violencia_dirigidos_hacia_los_republicanos_del_sur_y_los_hombres_de_raza_negra._El_Klan_fue_disuelto_por_el_Gobierno_Federal_a_través_del_Acta_de_Derechos_Civiles_de_1871,_durante_el_primer_mandato_de_gobierno_de_Ulyssess_S._Grant._Hoy_hemos_recibido_la_noticia_de_que_se_han_visto_cruces_ardiendo_en_los_oscuros_cielos_de_las_cálidas_noches_sureñas.;;;;;;;;;
EVTOPTA16415;They took my baby away!;Ils ont enlevé mon bébé !;Sie haben mein Baby gestohlen!;;¡Se llevaron a mi bebé!;;;;;;;;;
abolish_serfdom_title;The Peasant Reform;La Réforme paysanne;Die Bauernreform;;La reforma de los campesinos;;;;;;;;;
abolish_serfdom_desc;The institution of serfdom -- unfree farm labor tied to the land of a local noble, effectively a form of feudal slavery -- had existed in various forms in Russia since the Kievan Rus of the 11th century. Throughout the ages the institution had undergone several reforms and changes, but the first steps toward a complete abolition were taken only in the 1810s, when the institution was abolished in the Russian domains of Kurland, Estonia and Livonia. The institution was only abolished in all of Russia with the agrarian reform of 1861, during the reign of Tsar Alexander II, who at the time feared that the Russian peasantry might otherwise seek their liberation through outright revolution.;Le système de servage, une main-d'œuvre privée de liberté rattachée aux terres d'un noble local, une forme d'esclavage féodal, a existé en Russie depuis la Rus' de Kiev du XIe siècle. Au fil du temps, ce système a fait l'objet de plusieurs réformes et évolutions, mais les premières mesures d'abolition ne furent prises que dans les années 1810, époque à laquelle il fut aboli dans les domaines russes du Kurland, d'Estonie et de Livonie. Il fallut attendre la réforme agraire de 1861 pour voir l'abolition totale de ce système, sous le règne du tsar Alexandre II qui craignait, à l'époque, un soulèvement de la paysannerie russe.;Die Einführung der Leibeigenschaft -- unfreie Landarbeit auf den Ländereien eines lokalen Adligen, also eine Art feudaler Sklaverei -- hatte in Russland seit der Kiewer Rus im elften Jahrhundert in verschiedenen Formen existiert. Im Laufe der wurde die Leibeigenschaft mehreren Reformen und Veränderungen unterworfen, aber erste Schritte in Richtung einer vollständigen Abschaffungen wurden erst in den 1810er Jahren unternommen, als die Leibeigenschaft in den russischen Domänen Kurland, Estland und Livland abgeschafft wurde. Im restlichen Russland wurde sie erst während der Herrschaft von Zar Alexander II. im Zuge der Agrarreform von 1861 abgeschafft. Der Zar befürchtete damals, dass sich die russischen Bauern ansonsten ihre Freiheit durch eine offene Revolution holen würden.;;La institución de la servidumbre, que consiste en el trabajo en granjas vinculado a la tierra de un noble local, en la práctica una forma de esclavitud feudal, había existido bajo diversas fórmulas en Rusia desde la época de los rus de Kiev, en el siglo XI. A lo largo de las eras, la institución había experimentado varios cambios y reformas, pero los primeros pasos hacia su abolición real no se dieron hasta la década de 1810, cuando la institución fue eliminada en los dominios rusos de Curlandia, Estonia y Livonia. El fin de la institución no llegó hasta la reforma agraria de 1861, durante el reinado del zar Alejandro II, que en ese momento temía que si no ocurría así, el campesinado ruso buscaría su liberación a través de la revolución abierta.;;;;;;;;;
tanzimat_reforms_title;The 'Tanzimat' Reforms;Les réformes de "Tanzimat";Die 'Tanzimat'-Reformen;;Las reformas 'Tanzimat';;;;;;;;;
tanzimat_reforms_desc;Tanzimat' Turkish for 'reorganization' was a series of reforms enacted by the Ottoman state during the latter half of the 19th century, designed to counteract the rising tides of nationalism among the Empire's vast and varied ethnic minorities. The reforms aimed at integrating the various populations under the common banner of 'Ottomanism', by promoting the Ottoman state as an alternative to the ethnicity based nation states that many of the radicalized minorities within the state were, at the time, seeking to establish, and by granting increased representation and autonomy within the state. While the Tanzimat was ultimately unsuccessful in preventing the decline of the Ottoman state, it can nevertheless be argued that the reforms at least postponed it. §RThis will cause revolts if enacted before 1850!§W;Les réformes de "Tanzimat", le mot turc qui signifie "réorganisation", furent adoptées par l'État ottoman, au cours de la seconde moitié du XIXe siècle, en réaction contre la montée du nationalisme au sein des diverses minorités ethniques de l'empire. Ces réformes visaient à intégrer la population sous la bannière commune d'Ottomanisme en promouvant l'État ottoman comme alternative à l'ethnicité basée sur les États de la nation que bon nombre de minorités radicales, au sein même de l'empire, cherchaient à établir, et en y accordant une représentation et une autonomie plus large. Alors que les réformes de "Tanzimat" ne parvinrent pas à prévenir le déclin de l'État ottoman, force est de constater qu'elles le retardèrent.;Tanzimat' ist Türkisch für 'Neuorganisation'. So wurde eine Reihe von Reformen bezeichnet, die der osmanische Staat während des zweiten Hälfte des neunzehnten Jahrhunderts auf den Weg brachte, um den steigenden Nationalismusgefühlen der zahlreichen und unterschiedlichen ethnischen Minderheiten des Reichs entgegen zu wirken. Die Reformen zielten auf die Integration der verschiedenen Bevölkerungen unter dem gemeinsamen Banner des 'Osmanismus' ab, indem der osmanische Staat als Alternative für die auf Volkszugehörigkeit basierenden Nationalstaaten präsentiert wurde, die viele der radikalisierten Minderheiten damals bilden wollten. Die Hauptargumente waren dabei eine stärkere Repräsentation und Autonomie innerhalb des osmanischen Staats. Während die Tanzimat den Niedergang des osmanischen Reichs nicht verhindern konnte, so zögerten ihn die Reformen zumindest etwas hinaus.;;En turco, 'Tanzimat' significa 'reorganización'. Se trató de una serie de reformas llevadas a cabo por el estado otomano durante la última mitad del siglo XIX, que estaban diseñadas para contrarrestar las crecientes oleadas de nacionalismo entre las muchas y variadas minorías étnicas del Imperio. El objetivo era agrupar a las diferentes poblaciones bajo la bandera del 'Otomanismo', promoviendo el estado otomano como una alternativa a los estados nacionales basados en la etnia que habían formado por entonces muchas de las minorías radicalizadas, a través de una autonomía y representación a nivel estatal cada vez mayores. Aunque en última instancia, la 'Tanzimat' no logró evitar el declive del Imperio Otomano, es evidente que, al menos, ayudó a posponerlo.;;;;;;;;;
establish_la_guardia_civil_title;La Guardia Civil;La Guardia Civil;La Guardia Civil;;La Guardia Civil;;;;;;;;;
establish_la_guardia_civil_desc;La Guardia Civil', Spanish for 'The Civil Guard', is the Spanish gendarmerie corps, established during the reign of Queen Isabella II to suppress lingering Carlist sentiments in the countryside after the Liberal victory in the Carlist wars. The corps is a blend between a police and a military force, operating on a federal level, and has remained in existence through to modern time.;La Guardia Civil, ou la garde civile espagnole, est un corps de gendarmerie formé sous le règne de la reine Isabelle II pour étouffer les sentiments carlistes apparus dans le pays après que les libéraux remportèrent les guerres carlistes. Ce corps combinant forces policières et militaires opérant au niveau fédéral a perduré jusqu'à nos jours.;La Guardia Civil', Spanisch für 'Die Bürgerwehr', ist das spanische Gendarmenkorps, das während der Regentschaft von Königin Isabelle II. zur Unterdrückung des nach dem Sieg der Liberalen in den Karlistenkriegen auf dem Land anhalten Sympathie mit dem Karlismus aufgestellt wurde. Das Korps ist eine Mischung aus Polizei- und Militärtruppe und operiert auf Bundesebene. Es existiert heute noch.;;La 'Guardia Civil' es un cuerpo de gendarmería español que fue fundado por la reina Isabel II para suprimir los persistentes sentimientos afines a los Carlistas en el campo tras la victoria liberal en las Guerras Carlistas. El cuerpo es una mezcla de fuerza policial y militar que opera a nivel federal. Su existencia se mantiene hasta el día de hoy.;;;;;;;;;
la_guardia_civil;La Guardia Civil;La Guardia Civil;La Guardia Civil;;La Guardia Civil;;;;;;;;;
la_guardia_civil_desc;The gendarmerie is the pride of our nation.;La gendarmerie est la fierté de notre nation.;Die Gendarmerie ist der Stolz unserer Nation.;;La gendarmería es el orgullo de nuestra nación.;;;;;;;;;
support_french_foreign_legion_title;La Légion étrangère;La Légion étrangère;Die Fremdenlegion;;La Legión Extranjera;;;;;;;;;
the_french_foreign_legion_desc;Our army is known worldwide, due in no small part to the enduring legacy of our Foreign Legion.;Notre armée est réputée dans le monde entier et cela, en grande partie grâce à l'héritage de notre Légion étrangère.;Unsere Armee ist weltbekannt, was zu einem nicht unerheblichen Teil am Ruf unserer Fremdenlegion liegt.;;Nuestro ejército es mundialmente conocido. Esto se debe en buena medida al perdurable legado de nuestra Legión Extranjera.;;;;;;;;;
establish_the_dar_al_funun_title;Establish The Dar al-Funun;Établissement du Dar al-Funun;Gründet die Dar al-Funun;;Establecer la Dar al-Funun;;;;;;;;;
establish_the_dar_al_funun_desc;The Dar al-Funun was the first modern university type institution established in Persia. It was founded in 1851 by Amir Kabir, then vizier to Naser ed-Din Shah of the Qajar dynasty, and was a modern polytechnic dedicated to educating Persia's upper class youth in the arts of medicine, natural science and military technology. Let us give our youth a taste of the modern world by establishing this fine institution!;Le Dar al-Funun fut la première institution universitaire moderne établie en Perse. Il fut fondé, en 1851, par Amir Kabir, ensuite vizir de Nasreddin Shah de la dynastie Qajar, et était une école polytechnique moderne destinée à accueillir les jeunes des classes supérieures perses dans les domaines de la médecine, des sciences naturelles et de la technologie militaire. Offrons à nos jeunes un goût du monde moderne en établissant cette remarquable institution !;Die Dar al-Funun war die erste moderne Hochschule Persiens. Sie wurde im Jahr 1851 von Amir Kabir gegründet, dem damaligen Wesir des Kadscharen-Königs Naser ad-Din Schah, und war ein modernes Polytechnikum zur Ausbildung der Jugend der persischen Oberklasse in Medizin, Naturwissenschaften und Militärtechnologie. Lasst uns der Jugend durch die Gründung dieser großartigen Einrichtung eine Vorstellung von der modernen Welt geben!;;La Dar al-Funun fue la primera institución de enseñanza universitaria que se creó en Persia. Fue fundada en 1851 por Amir Kabir, el entonces visir del shah Nasreddin de la dinastía Qajar, como un instituto politécnico moderno dedicado a educar a la juventud de clase alta de Persia en las artes de la medicina, las ciencias naturales y la tecnología militar. ¡Enseñemos a nuestra juventud las maravillas del mundo moderno a través de la fundación de esta esplendida institución!;;;;;;;;;
fatherland_volunteers_title;Fatherland Volunteers;Les volontaires de la patrie;Vaterländische Freiwillige;;Voluntarios por la patria;;;;;;;;;
fatherland_volunteers_desc;During The War of The Triple Alliance, when Paraguayan troops invaded the Brazilian province of Mato Grosso, Pedro II, the Brazilian Emperor, angered by what he saw as incompetence on part of the Brazilian military, demanded that he himself be allowed to go in person to the front. When both the Cabinet and the National Assembly refused his wish, Pedro threatened to abdicate the imperial throne and join the army as a volunteer, reportedly saying that 'If they can prevent me from going as an Emperor, they cannot prevent me from abdicating and going as a Fatherland Volunteer'. Naturally, the Cabinet was left without much choice. Brazilians who later volunteered during the war were called 'Fatherland Volunteers', in memory of Pedro's quote. Say it like Pedro did, and the nation will follow wherever you lead.;Lors de la guerre de la Triple alliance, lorsque les troupes paraguayennes envahirent la province brésilienne de Mato Grosso, Pierre II, l'empereur du Brésil, se mit en colère contre ce qu'il qualifiait d'incompétence de la part de l'armée brésilienne et demanda l'autorisation de rejoindre personnellement le front. Face au refus du cabinet et de l'assemblée nationale d'accéder à sa demande, Pierre II menaça d'abdiquer pour rejoindre l'armée en tant que volontaire et il tint les propos suivants : "S'ils peuvent m'empêcher d'être empereur, ils ne peuvent m'empêcher d'abdiquer et de rejoindre les volontaires de la patrie". Naturellement, le cabinet n'eut guère le choix. Les Brésiliens qui lui emboîtèrent le pas étaient appelés "volontaires de la patrie" en mémoire de ses propos. Reprenez les propos de Pierre II et la nation sera derrière vous.;Während des Tripel-Allianz-Kriegs, als paraguanische Truppen in die brasilianische Provinz Mato Grosso, ärgerte sich Peter II., der brasilianische Kaiser, um die vermeintliche Inkompetenz des brasilianischen Militärs, und verlangte, selbst an die Front gehen zu dürfen. Also sowohl das Kabinett als auch die Nationalversammlung seinen Wunsch ablehnte, drohte Peter II. damit, abzudanken und als Freiwilliger in die Armee einzutreten. Er soll gesagt haben: 'Wenn sie mich daran hindern können, als Kaiser zu gehen, dann können sie mich nicht daran hindern, abzudanken und als vaterländischer Freiwilliger zu gehen'. Das Kabinett hatte nun natürlich kaum noch eine Wahl. Brasilianische Freiwillige wurden später in Erinnerung an Peters Zitat 'vaterländische Freiwillige' genannt. Sagen Sie es wie Peter II., und die Nation wird Ihnen bedingungslos folgen.;;Durante la Guerra de la Triple Alianza, cuando las tropas paraguayas invadieron la provincia brasileña del Mato Grosso, Pedro II, el emperador de Brasil, enfurecido por lo que consideró una muestra de incompetencia por parte de las fuerzas armadas de su país, solicitó permiso para acudir en persona al frente. Cuando el Gabinete y la Asamblea Nacional rechazaron su solicitud, Pedro amenazó con abdicar del trono imperial y alistarse en el ejército como voluntario, alegando que 'Aunque pueden evitar que vaya como Emperador, no puede evitar que abdique y marche como voluntario por la patria.' Naturalmente, al Gabinete no le quedaron muchas opciones. Los brasileños que se alistaron posteriormente recibieron el nombre de 'voluntarios por la patria' en memoria de la cita del Emperador. Dilo, como lo dijo Pedro, y la nación te seguirá a donde quiera que la guíes.;;;;;;;;;
ATWAR;The country is at war;Le pays est en guerre;Das Land ist im Krieg.;;El país está en guerra;;;;;;;;;
law_1420_of_general_common_education_title;Law 1420;Loi 1420;Gesetz 1420;;Ley 1420;;;;;;;;;
law_1420_of_general_common_education_desc;Law 1420 of General Common Education would establish $COUNTRY$'s first free, mandatory, national and secular system of education. While the secular slant of the law would cause some friction between the Catholic church and the Argentine government, the law can nevertheless be regarded a landmark in the history of $COUNTRY_ADJ$ education.;La loi 1420 d'enseignement public fut passée en Argentine en 1884, sous la présidence de Julio Argentino Roca, pour mettre en place le premier système éducatif gratuit, obligatoire et séculaire du pays. Bien que la tendance séculaire de la loi suscita quelques tensions entre l'Église catholique et le gouvernement argentin, cette loi marqua néanmoins un tournant important dans l'histoire de l'Argentine.;Das Gesetz 1420 für die Allgemeinbildung war ein im Jahr 1884 während der Amtszeit von Julio Argentino Roca verabschiedetes argentinisches Gesetz, dass das erste freie, verpflichtende, nationale und säkulare Bildungssystem des Landes aufstellte. Obwohl der säkulare Charakter des Gesetzes für Spannungen zwischen der katholischen Kirche und der argentinischen Regierung sorgte, kann das Gesetz trotzdem als Meilenstein in der argentinischen Bildungsgeschichte gesehen werden.;;La ley 1420 de educación general común fue una ley argentina promulgada en 1884, durante el mandato del presidente Julio Argentino Roca, que estableció el primer sistema educativo secular, obligatorio y gratuito de la nación. Aunque el aspecto secular de la ley causó fricciones entre la iglesia Católica y el gobierno de Argentina, se puede considerar como un hito en la historia de la educación en Argentina.;;;;;;;;;
danmarks_riges_grundlov_title;Danmarks Riges Grundlov;Danmarks Riges Grundlov;Grundgesetz Dänemarks;;Danmarks Riges Grundlov;;;;;;;;;
danmarks_riges_grundlov_desc;Denmark had been an absolute monarchy since 1660 when, on June fifth 1849, King Frederick VII signed the document known as 'Danmarks Riges Grundlov', The Danish Constitution, into law. The signing of a constitution delimiting the monarch's power, a development which Fredericks predecessors had fought hard to avoid, came about during a period of Danish national unity, following the First Schleswig War. The constitution marks Denmark's transition away from absolutism, and to a constitutional monarchy. Let us give our people a constitution!;Le Danemark était dirigé par une monarchie absolue depuis 1660 lorsque, le 5 juin 1849, le roi Frederick VII signa un document connu sous le nom de "Danmarks Riges Grundlov" et correspondant à la constitution danoise. La signature d'une constitution encadrant le pouvoir monarchique, un point sur lequel les prédécesseurs de Frederick s'étaient battus, intervint au cours de la période d'unité nationale qui suivit la première guerre du Slesvig. Cette constitution marque la transition du Danemark d'une monarchie absolue vers une monarchie constitutionnelle. Offrons à notre peuple une constitution !;Dänemark war seit 1660 eine absolute Monarchie gewesen, als König Frederik VII. am fünften Juni 1849 die dänische Verfassung, 'Danmarks Riges Grundlov' unterschrieb. Diese Unterschrift einer Verfassung, die die Machtbefugnisse des Königshauses einschränkte, einer Entwicklung, gegen die Fredericks Vorgänger entschieden gekämpft hatten, erfolgte während einer Phase nationaler Einheit Dänemarks nach dem ersten Schleswig-Holsteinischen Krieg. Die Verfassung markiert Dänemarks Abkehr vom Absolutismus zu einer konstitutionellen Monarchie. Lasst uns unserem Volk eine Verfassung geben!;;Dinamarca había sido una monarquía absoluta desde 1660 hasta que, el 5 de junio de 1849, el rey Federico VII ratificó el documento conocido como 'Danmarks Riges Grundlov', la constitución danesa. La firma de una constitución que pusiese límites al poder del monarca, un evento contra el que los predecesores de Federico habían luchado firmemente, sucedió durante un período de unidad nacional danesa que siguió a la Primera Guerra de Schleswig. La constitución marcó la transición de Dinamarca del absolutismo a la monarquía constitucional. ¡Démosle a nuestra gente una constitución!;;;;;;;;;
ADD_WARGOAL_DESC;Require $COST$ war score to demand;Requiert un score de guerre de $COST$ pour demander;Benötigt zum Einfordern $COST$ Kriegspunkte.;;Hace falta una puntuación de guerra de $COST$ para solicitarlo;;;;;;;;;
ADD_WARGOAL_PEACE_COST;Costs $COST$ war score to demand in a peace deal;Coûtera un score de guerre de $COST$ pour faire une proposition de paix.;Kostet zum Einfordern bei einer Friedensverhandlung $COST$ Kriegspunkte.;;Requiere una puntuación de guerra de $COST$ para solicitarlo en un acuerdo de paz;;;;;;;;;
ADD_WARGOAL_INFAMY;If we add this war goal to our war, we will gain $COST$ §Yinfamy§W;Si nous ajoutons cet objectif à notre guerre, nous gagnerons $COST$ en §Yinfamie§W;Wenn wir unserem Krieg dieses Kriegsziel hinzufügen, bekommen wir $COST$ §YInfamie§W dazu.;;Si añadimos este objetivo bélico a nuestra guerra ganaremos $COST$ de §Yinfamia§W;;;;;;;;;
ADD_WARGOAL_WARGOAL;War goal: §Y$GOAL$§W;Objectif de guerre : §Y$GOAL$§W;Kriegsziel: §Y$GOAL$§W;;Objetivo bélico: §Y$GOAL$§W;;;;;;;;;
adopt_die_stem_title;Adopt 'Die Stem';Adoption de "Die Stem";Die Stem' übernehmen;;Adoptar 'Die Stem';;;;;;;;;
adopt_die_stem_desc;Ons sal lewe, ons sal sterwe,\nOns vir jou, Suid-Afrika.'\n\n'Die Stem van Suid-Afrika', or 'The Call of South-Africa' in English, although it gained official status as South Africa's national anthem only in 1957 had, for a long time prior, been unofficially used in that capacity. Originally written as a poem by C.J. Langehoven in 1918, the piece had music composed for it in 1921 by Marthinus Lourens de Villiers. 'Die Stem' saw frequent use in the broadcasts of the African Broadcasting Company, which played it at the end of daily broadcasts, along with God Save the King. Adopt 'Die Stem', and let us give our young country a proper anthem!;Ons sal lewe, ons sal sterwe,\nOns vir jou, Suid-Afrika.\n\n"Die Stem van Suid-Afrika" ou "L'Appel de l'Afrique du Sud", en français, même s'il est devenu officiellement l'hymne national de l'Afrique du Sud en 1957, était utilisée à cette fin de manière non officielle bien avant cette date. Initialement rédigé sous forme de poème par C.J. Langehoven, en 1918, Marthinus Lourens de Villiers en composa la musique en 1921. "Die Stem" fut repris par l'African Broadcasting Company qui le diffusait à la fin de ses émissions quotidiennes avec "God Save the King". Adoptons "Die Stem" et offrons à notre jeune nation un hymne qui lui soit propre !;Ons sal lewe, ons sal sterwe,\nOns vir jou, Suid-Afrika.'\n\n'Die Stem van Suid-Afrika' bzw. 'Die Stimme Südafrikas', erlangte zwar erst im Jahr 1957 den Status der südafrikanischen Nationalhymne, war aber schon lange Zeit zuvor in diesem Sinne benutzt worden. Ursprünglich war sie im Jahr 1918 von C.J. Langehoven als Gedicht geschrieben worden. 1921 komponierte Marthinus Lourens de Villiers dann die Musik dafür. 'Die Stem' wurde von South African Broadcasting Corporation (SABC) zum Ende jedes Tagesprogramms gespielt, zusammen mit God Save the King. Übernehmt 'Die Stem', damit unser junges Land endlich eine angemessene Nationalhymne hat!;;Ons sal lewe, ons sal sterwe,\nOns vir jou, Suid-Afrika.\n\n'Die Stem van Suid-Afrika' o, 'La Llamada de Sudáfrica', aunque no obtuvo el reconocimiento como himno oficial de Sudáfrica hasta 1957, sirvió de para ese propósito de forma no oficial desde mucho antes. Originalmente escrita como poema por C.J. Langehoven en 1918, Marthinus Lourens de Villiers compuso música para la pieza en 1921. 'Die Stem' solía retransmitirse con frecuencia en la 'African broadcasting Company', que la emitía al final de las emisiones diarias, junto a 'God Save the King'. Adopta 'Die Stem'. ¡Qué nuestra joven nación tenga un himno adecuado!;;;;;;;;;
found_the_bbc_title;Found The BBC;Fondation de la BBC;BBC gründen;;Fundar la BBC;;;;;;;;;
found_the_bbc_desc;The British Broadcasting Corporation, Britain's public service radio and, eventually, television network, was founded on 18 October 1922 as the 'British Broadcasting Company Ltd'. The company was originally founded by a group of six telecommunications companies, and the first transmission was sent from 2LO station, London, on November 14 1922. Form the BBC, and let "Nation Speak Peace Unto Nation".;La British Broadcasting Corporation, la radio publique britannique, puis ensuite le réseau de télévision, fut fondée le 18 octobre 1922 sous le nom de "British Broadcasting Company Ltd". À l'origine, cette compagnie regroupait six sociétés de télécommunication et la première transmission fut lancée depuis la station 2LO de Londres le 14 novembre 1922. Fondez la BBC et puisse la nation dire la paix à la nation.;Die British Broadcasting Corporation, Englands öffentlich-rechtlicher Hörfundsender und schließlich auch TV-Anstalt, wurde am 18. Oktober 1922 als 'British Broadcasting Company Ltd.' gegründet. Die Firma wurde ursprünglich von sechs Telekommunikationsfirmen gegründet, und die erste Übertragung wurde am 14. November 1922 von der 2LO Station in London übertragen. Gründet die BBC, ganz nach dem Motto: Nation Speak Peace Unto Nation".;;La 'British Broadcasting Corporation', el servicio de radio pública británica y, posteriormente, de televisión, se fundó el 18 de octubre de 1922 como la 'British Broadcasting Company Ltd'. La compañía fue originalmente fundada por un grupo de seis compañías de telecomunicaciones. Su primera transmisión se realizó desde la estación 2LO, en Londres, el 14 de noviembre de 1922. Crea la BBC y deja que 'la nación le hable de paz a la nación'.;;;;;;;;;
establish_the_sovnarkom_title;Establish The SOVNARKOM;Établissement du SOVNARKOM;Richtet die SOVNARKOM ein;;Fundar la SOVNARKOM;;;;;;;;;
establish_the_sovnarkom_desc;Soviet Narodnykh Kommissarov', transliterated Russian for 'Council of People's Commissars', was the highest government authority in Soviet Russia, per functions delineated in the 1918 Constitution of the RSFSR. The Sovnarkom was (formally) responsible to the Congress of The Soviets and had, when said Congress was out of session, the power to issue decrees carrying the full force of law.;Le "Soviet Narodnykh Kommissarov" qui signifie littéralement le "Conseil des commissaires du peuple" fut la plus haute autorité gouvernementale de la Russie soviétique dont les fonctions furent définies dans la constitution de 1918 de la République socialiste fédérative soviétique de Russie (RSFSR). Le Sovnarkom était officiellement responsable devant le Congrès des Soviets de l'administration générale des affaires de l'État.;Soviet Narodnykh Kommissarov', Russisch für 'Rat der Volkskommissare', war die höchste Regierungsbehörde der Sowjetunion und wurde in der Verfassung der RSFSR von 1918 verankert. Die Sovnarkom war (formell) für den sowjetischen Volkskongress verantwortlich und hatte, wenn besagter Kongress nicht tagte, die Macht zur Erlassung von Dekreten mit voller gesetzlicher Macht.;;El 'Soviet Narodnykh Kommissarov', que en ruso significa 'Consejo de Comisarios del Pueblo' era la mayor autoridad de gobierno de la Rusia Soviética, cuyas funciones se delineaban en la constitución de 1918 de la RSFS. El Sovnarkom era responsable (de manera formal) del Congreso de los Diputados del Pueblo y tenía, cuando dicho congreso no estaba en sesión, capacidad para emitir decretos con plena validez legal.;;;;;;;;;
EVTNAME2000;Ethnic Flavor;Parfum ethnique;Multikulti;;Sabor étnico;;;;;;;;;
EVTDESC2000;Foreign_immigrants_arriving_in_new_countries_often_find_themselves_living_together_concentrated_in_relatively_small_areas,_living_in_close_proximity_to,_and_seeking_mutual_support_from,_their_national_brethren,_often_forming_little_'ethnic_enclaves',_such_as_New_York's_'Little_Italy'._$PROVINCENAME$_is_no_exception,_as_the_immigrant_community_there_has_formed_a_just_such_a_thing,_complete_with_all_the_cultural,_linguistic_and_culinary_flavors_of_the_immigrants'_homeland;Les_immigrants_étrangers_en_provenance_de_nouveaux_pays_avaient_tendance_à_se_concentrer_dans_des_quartiers_relativement_restreints_et_à_vivre_à_proximité_les_uns_des_autres_pour_se_soutenir,_créant_ainsi_de_petites_"enclaves_ethniques"_comme_"Little_Italy"_à_New_York._$PROVINCENAME$_n'y_fait_pas_exception_et_cette_communauté_d'immigrants_y_a_réinstauré_les_notes_culturelles,_linguistiques_et_culinaire_de_sa_terre_natale.;Ausländische_Einwanderer_finden_sich_in_ihren_neuen_Ländern_häufig_stark_konzentriert_in_relativ_kleinen_Gebieten_wieder,_wo_sie_in_enger_Nachbarschaft_zu_ihren_Landsleuten_leben_und_sich_mit_diesen_gegenseitige_Unterstützung_bieten._Oftmals_bilden_sie_'ethnische_Enklaven',_wie_beispielsweise_New_Yorks_'Little_Italy'._$PROVINCENAME$_ist_da_keine_Ausnahme,_da_die_Einwanderergemeinde_dort_gerade_solch_eine_Enklave_mit_allen_kulturellen,_linguistischen_und_kulinarischen_Aspekten_ihres_Heimatlandes_gebildet_hat.;;Los_inmigrantes_extranjeros_que_llegan_a_nuevos_países_suelen_encontrarse_viviendo_en_zonas_concentradas_de_una_extensión_relativamente_pequeña._Allí,_viven_en_vecindad_con_sus_paisanos_para_darse_apoyo_mutuo,_formando_'enclaves_étnicos',_como_la_'Pequeña_Italia',_en_Nueva_York._$PROVINCENAME$_no_es_una_excepción,_ya_que_la_comunidad_de_inmigrantes_ha_organizado_algo_similar,_completada_con_todos_los_rasgos_culturales,_lingüísticos_y_culinarios_de_su_tierra_natal.;;;;;;;;;
EVTOPTA2000;A victory for our tolerant society!;Une victoire pour notre société tolérante !;Ein Sieg für unsere tolerante Gesellschaft!;;¡Una victoria para nuestra tolerante sociedad!;;;;;;;;;
EVTOPTB2000;An excellent opportunity to promote local harmony!;Une belle occasion de promouvoir la cohabitation locale !;Eine hervorragende Gelegenheit zur Förderung der lokalen Harmonie!;;¡Promover la armonía local!;;;;;;;;;
EVTNAME2020;Intermarriage;Mariage mixte;Mischehen;;Matrimonio interracial;;;;;;;;;
EVTDESC2020;Romance_is_in_the_air_in_$PROVINCENAME$,_where_a_marriage_between_one_of_the_province's_immigrant_sons,_and_a_young_local_girl,_is_being_celebrated_by_friends_and_family._Some_decry_the_development_as_the_end_of_$COUNTRY_ADJ$_civilization,_but_the_young_couple_sure_do_look_happy._Immigration_is_changing_$PROVINCENAME$_in_ways_both_big_and_small.;Il_flotte_un_parfum_de_romantisme_en_$PROVINCENAME$_où,_amis_et_familles_célèbrent_le_mariage_d'un_fils_d'immigrant_avec_une_jeune_fille_du_coin._Certains_dénoncent_ce_mariage_comme_la_fin_de_la_civilisation_$COUNTRY_ADJ$,_mais_le_jeune_couple_semble_aux_anges._L'immigration_modifie_indéniablement_le_visage_de_$PROVINCENAME$.;In_$PROVINCENAME$_liegt_Romantik_in_der_Luft:_Freunde_und_Familie_feiern_die_Hochzeit_zwischen_einem_Einwanderersohn_und_einem_jungen_lokalen_Mädchen._Manche_verunglimpfen_diese_Entwicklung_als_das_Ende_der_$COUNTRY_ADJ$_Zivilisation,_aber_das_junge_Paar_sind_auf_jeden_Fall_sehr_glücklich_aus._Die_Immigration_verändert_$PROVINCENAME$_im_Großen_wie_im_Kleinen.;;En_$PROVINCENAME$,_el_romance_está_en_el_aire._El_matrimonio_entre_el_hijo_de_uno_de_los_inmigrantes_locales_y_una_joven_de_la_zona_es_motivo_de_celebración_para_la_familia_y_sus_amigos._Algunos_califican_el_suceso_como_el_fin_de_la_civilización_$COUNTRY_ADJ$,_pero_la_joven_pareja_parece_feliz._La_inmigración_está_cambiando_$PROVINCENAME$_en_todos_los_aspectos.;;;;;;;;;
EVTOPTA2020;We wish them all the best;Tous nos v?ux de bonheur !;Wir wünschen ihnen alles nur das Beste.;;Les deseamos lo mejor.;;;;;;;;;
EVTOPTB2020;A clear sign that immigration must be curtailed;Un signe clair qu'il faut endiguer l'immigration !;Ein klares Zeichen, dass wir den Einwanderungsstrom reduzieren müssen.;;Una clara señal de que la inmigración debe ser atajada.;;;;;;;;;
EVTNAME2050;Citizenship Demonstration;Manifestation citoyenne;Demonstration für Bürgerrechte;;Demostración ciudadana;;;;;;;;;
EVTDESC2050;The_immigrants_in_$PROVINCENAME$_have_gone_out_in_a_demonstration,_protesting_the_lack_of_equal_citizenship,_and_demanding_equal_recognition_under_the_law_for_all_$COUNTRY_ADJ$_citizens.;Les_immigrants_de_$PROVINCENAME$_ont_manifesté_pour_protester_contre_un_traitement_qu'ils_jugent_inégal_et_exiger_la_reconnaissance_légale_de_tous_les_citoyens_$COUNTRY_ADJ$.;Die_Immigranten_in_$PROVINCENAME$_haben_sich_zu_einer_Demonstration_zusammengefunden_und_protestieren_gegen_ihre_eingeschränkten_Bürgerrechte._Sie_fordern_die_rechtliche_Gleichberechtigung_aller_$COUNTRY_ADJ$_Bürger.;;Los_inmigrantes_de_$PROVINCENAME$_han_marchado_en_una_manifestación_para_protestar_por_la_desigualdad_en_la_ciudadanía_y_para_solicitar_el_reconocimiento_de_igualdad_bajo_la_ley_para_todos_los_habitantes_de_$COUNTRY$.;;;;;;;;;
EVTOPTA2050;Interesting, let us listen to them...;Intéressant, écoutons-les...;Interessant. Lasst uns hören, was sie zu sagen haben ...;;Es interesante. Escuchémosles...;;;;;;;;;
EVTOPTB2050;Bloody nonsense this!;Quelle absurdité !;So ein hanebüchener Unsinn!;;¡Es una completa tontería!;;;;;;;;;
EVTNAME2060;Immigrant Riots;Émeutes des immigrants;Einwandereraufstände;;Disturbios de inmigrantes;;;;;;;;;
EVTDESC2060;Riots_have_broken_out_in_$PROVINCENAME$'s_immigrant_communities._While_formally_citizens,_many_immigrants_feel_that_the_state_does_not_accord_them_proper_recognition,_and_that_they_do_not_have_the_same_opportunities_as_proper_nationals.;Des_émeutes_ont_éclaté_dans_les_communautés_d'immigrants_en_$PROVINCENAME$._Officiellement_naturalisés,_bon_nombre_d'immigrants_estiment_que_l'État_ne_leur_accorde_pas_suffisamment_de_reconnaissance_et_qu'ils_ne_bénéficient_pas_des_mêmes_faveurs_que_les_nationaux.;In_den_Einwanderergemeinden_von_$PROVINCENAME$_sind_Aufstände_ausgebrochen._Obwohl_sie_formell_Bürger_sind,_haben_viele_Einwanderer_das_Gefühl,_dass_der_Staat_ihnen_die_volle_Anerkennung_verweigert,_und_dass_sie_nicht_dieselben_Möglichkeiten_wie_vollwertige_Bürger_haben.;;Han_estallado_disturbios_en_las_comunidades_de_inmigrantes_de_$PROVINCENAME$'s._Aunque_formalmente_son_ciudadanos,_muchos_inmigrantes_sienten_que_el_estado_no_reconoce_su_condición_de_forma_adecuada_y_que_no_tienen_las_mismas_oportunidades_que_los_que_han_nacido_en_el_país.;;;;;;;;;
EVTOPTA2060;A police matter at worst;Une affaire pour la police;Im schlimmsten Fall eine Polizeiangelegenheit.;;En el peor de los casos es un asunto policial.;;;;;;;;;
EVTOPTB2060;Let us listen to their grievances;Écoutons leurs griefs;Wir sollten uns ihre Sorgen anhören.;;Escuchemos sus quejas.;;;;;;;;;
EVTNAME2070;I Pledge Allegiance;Serment d'allégeance;Treueschwur;;Juro lealtad;;;;;;;;;
EVTDESC2070;I_pledge_allegiance,_to_the_flag_of_$COUNTRY$,_and_to_the_government_for_which_it_stands'\n\nNot_one_eye_dry_in_the_audience_in_$PROVINCENAME$_today,_as_some_of_our_immigrants_today_took_the_pledge_of_allegiance,_and_confirmed_their_loyalty_to_the_$COUNTRY_ADJ$_state.;Je_prête_allégeance_au_drapeau_de_$COUNTRY$_et_au_gouvernement_qui_le_dirige.\n\nBeaucoup_d'émotion_aujourd'hui_en_$PROVINCENAME$,_alors_que_nos_immigrants_ont_prêté_allégeance_et_confirmé_leur_loyauté_envers_l'État_$COUNTRY_ADJ$.;Ich_schwöre_der_Flagge_und_Regierung_von_$COUNTRY$_die_Treue'.\n\nHeute_blieb_beim_Publikum_in_$PROVINCENAME$_kein_Auge_trocken,_als_einige_unserer_Immigranten_einen_Treueschwur_ablegten_und_ihre_Loyalität_für_den_$COUNTRY_ADJ$_Staat_bekräftigten.;;Juro_lealtad_a_la_bandera_de_$COUNTRY$_y_al_gobierno_al_que_representa\n\nHoy,_nadie_pudo_contener_las_lagrimas_en_$PROVINCENAME$_mientras_algunos_de_nuestros_inmigrantes_prestaban_su_juramento_de_lealtad_y_confirmaban_su_fidelidad_al_estado_de_$COUNTRY$.;;;;;;;;;
EVTOPTA2070;Welcome home, countrymen.;Soyez les bienvenus !;Willkommen zu Hause, Landsleute.;;Bienvenido a casa, paisano.;;;;;;;;;
EVTNAME2080;Ghetto;Ghetto;Ghetto;;Gueto;;;;;;;;;
EVTDESC2080;Immigrants_arriving_in_$COUNTRY$_often_have_small_means_both_in_terms_of_money_and_in_terms_of_opportunity._Many_of_them_have_wound_up_in_$PROVINCENAME$'s_poor_quarters,_and_those_quarters_are_increasingly_taking_on_the_characteristics_of_a_ghetto._It_could_be_a_good_idea_to_do_something_about_these_squalid_living_conditions,_lest_they_worsen.;Les_immigrants_qui_arrivent_en_$COUNTRY$_sont_souvent_démunis._Bon_nombre_d'entre_eux_se_sont_installés_dans_les_quartiers_pauvres_de_$PROVINCENAME$_et_ceux-ci_ressemblent_de_plus_en_plus_à_des_ghettos._Il_serait_bon_d'agir_pour_améliorer_ces_conditions_de_vie_déplorable_avant_que_la_situation_ne_s'aggrave.;Neuankömmlingen_in_$COUNTRY$_fehlt_es_oft_an_Geld_und_Gelegenheiten._Viele_von_ihnen_sind_in_den_Armenvierteln_von_$PROVINCENAME$_gelandet,_die_zunehmend_die_Eigenschaften_von_Ghettos_annehmen._Es_wäre_vielleicht_eine_gute_Idee,_etwas_gegen_diese_verwahrlosten_Lebensbedingungen_zu_unternehmen,_sonst_könnten_sie_schlechter_werden.;;Los_inmigrantes_que_llegan_a_$COUNTRY$_suelen_tener_pocas_posibilidades,_tanto_en_lo_referente_a_lo_monetario,_como_en_igualdad_de_oportunidades._Muchos_se_han_agrupado_en_los_barrios_pobres_de_$PROVINCENAME$,_que_se_están_convirtiendo_poco_a_poco_en_un_gueto._Sería_buena_idea_hacer_algo_para_aliviar_esas_míseras_condiciones_de_vida_antes_de_que_la_situación_empeore.;;;;;;;;;
EVTOPTA2080;I'm not sure we can be bothered;Je suis certain qu'on peut le faire.;Ich bin mir nicht sicher, ob uns das interessiert.;;No estoy seguro de que debamos molestarnos.;;;;;;;;;
EVTOPTB2080;We shall certainly investigate the situation;Nous devrions certainement approfondir la question.;Wir sollten die Situation auf jeden Fall untersuchen.;;Desde luego, hay que investigar la situación.;;;;;;;;;
sign_treaty_of_london_title;The Treaty of London;Le Traité de Londres;Das Londoner Protokoll;;El Tratado de Londres;;;;;;;;;
sign_treaty_of_london_desc;While Belgium's de facto independence from The Netherlands had been established by force of arms during the Belgian revolution of 1831, it had not been confirmed de jure by The Netherlands until the signing of the Treaty of London. In 1839 The Netherlands, along with all the Great Powers of Europe, signed the treaty, which formally established Belgium's independence and neutrality. By signing the treaty we will lose our claim to Belgium, but our standing in the eyes of the world will improve.;Alors que la Belgique s'était de facto libérée par la force du joug néerlandais lors de la révolution belge de 1831, son indépendance ne fut confirmée et officialisée par les Pays-Bas qu'à la signature du Traité de Londres. En 1839, les Pays-Bas, ainsi que toutes les Grandes Puissances européennes, signèrent ce traité qui reconnaissait officiellement l'indépendance et la neutralité de la Belgique. En signant ce traité, nous perdrons toute revendication sur la Belgique, mais gagnerons en prestige aux yeux du monde.;Obwohl die de facto Unabhängigkeit Belgiens von den Niederlanden mit Waffengewalt durch die belgische Revolution von 1831 erzwungen worden war, wurde sie erst durch die Unterschrift des Londoner Protokolls rechtmäßig. Im Jahr 1839 unterzeichneten die Niederlande und alle Großmächte Europas den Vertrag und bestätigten damit die Unabhängigkeit und Neutralität Belgien formell. Durch die Unterschrift des Vertrags verlieren wir unsere Ansprüche auf Belgien, aber unser Ansehen in den Augen der Welt wird steigen.;;Aunque la independencia de hecho de Bélgica de Holanda se había establecido por medio de las armas durante la Revolución Belga de 1831, no se confirmó legalmente por Holanda hasta la firma del Tratado de Londres. En 1839, Holanda, junto a las demás potencias de Europa, firmó el tratado que formalmente establecía la independencia y neutralidad de Bélgica. Al firmar el tratado, perderemos nuestra posibilidad de reclamar Bélgica, pero nuestra posición a ojos del mundo mejorará.;;;;;;;;;
EVTNAME2090;Segregation;Ségrégation;Segregation;;Segregación;;;;;;;;;
EVTDESC2090;Newly_arrived_immigrants_in_$PROVINCENAME$_are_finding_it_hard_to_assimilate_into_the_broader_$COUNTRY_ADJ$_populace,_and_many_among_the_local_population_have_come_to_view_them_as_an_alien_presence._Immigrants_live_in_separate_areas_of_the_city,_go_to_separate_schools_and_shops,_and_generally_have_very_little_contact_with_the_extended_community.;Les_immigrants_nouvellement_arrivés_en_$PROVINCENAME$_ont_bien_du_mal_à_s'intégrer_à_la_population_$COUNTRY_ADJ$,_au_sein_de_laquelle_nombreux_sont_ceux_à_les_considérer_comme_des_étrangers._Les_immigrants_vivent_dans_les_quartiers_bien_distincts_de_la_ville,_fréquentent_des_écoles_et_des_magasins_différents_et_ont,_de_manière_générale,_que_très_peu_de_contact_avec_la_communauté_au_sens_large.;Kürzlich_eingetroffene_Immigranten_in_$PROVINCENAME$_finden_es_schwierig,_sich_der_breiteren_$COUNTRY_ADJ$_Bevölkerung_anzupassen,_und_viele_Mitglieder_der_lokalen_Bevölkerung_nehmen_sie_mittlerweile_aus_ausländische_Präsenz_wahr._Einwanderer_leben_in_gesonderten_Stadtteilen,_gehen_auf_andere_Schulen_und_kaufen_in_anderen_Geschäften_ein._Generell_haben_sie_kaum_Kontakt_zur_allgemeinen_Bevölkerung.;;Los_inmigrantes_recién_llegados_a_$PROVINCENAME$_encuentran_difícil_integrarse_en_la_población_$COUNTRY_ADJ$,_y_muchos_miembros_de_la_población_local_han_empezado_a_considerarlos_intrusos._Los_inmigrantes_viven_en_zonas_separadas_de_la_ciudad,_van_a_escuelas_y_comercios_separados_y,_en_general,_tienen_escaso_contacto_con_la_comunidad_mayoritaria.;;;;;;;;;
EVTOPTA2090;They must be integrated, by force if necessary;Ils doivent être intégrés, par la force, si nécessaire.;Heute werden keine BEVs degradiert.;;Deben integrarse, si es necesario, por la fuerza.;;;;;;;;;
EVTOPTB2090;Seems that the locals have the right ideas there!;La population locale semble avoir raison sur ce point !;Anscheinend hat die lokale Bevölkerung hier die richtigen Ideen!;;¡Parece que la población local tiene las ideas claras!;;;;;;;;;
EVTNAME2100;Anti-Immigrant Riots;Manifestation xénophobe;Aufstände gegen Einwanderer;;Disturbios anti inmigrantes;;;;;;;;;
EVTDESC2100;Following_an_extended_period_of_civil_unrest_in_$PROVINCENAME$,_local_anti-immigrant_sentiments_have_exploded_into_a_full_scale_riot._Shop_windows_have_been_smashed,_and_several_of_the_recently_arrived_have_been_murdered,_as_immigrants_are_blamed_for_all_manner_of_social_ills,_real_or_perceived;Suite_à_l'agitation_civile_dont_a_été_victime_$PROVINCENAME$,_des_sentiments_xénophobes_se_sont_manifestés_au_cours_d'une_manifestation_d'envergure._Des_portes_de_magasins_ont_été_défoncées_et_plusieurs_immigrants_ont_été_assassinés,_ceux-ci_étant_jugés_comme_responsables_de_tous_les_maux_sociaux,_réels_ou_non.;Nach_längeren_zivilen_Unruhen_in_$PROVINCENAME$_ist_die_lokale_Stimmung_gegen_Einwanderer_nun_in_einem_heftigen_Aufstand_explodiert._Da_man_die_Immigranten_für_alle_tatsächlichen_und_vermeintlichen_sozialen_Missstände_verantwortlich_macht,_wurden_mehrere_der_Neuankömmlinge_ermordet._Außerdem_wurden_Schaufenster_eingeworfen.;;Tras_un_período_de_malestar_civil_en_$PROVINCENAME$,_los_sentimientos_locales_contra_los_inmigrantes_han_estallado_en_una_revuelta_a_gran_escala._Se_han_roto_cristales_de_comercios_y_han_asesinado_a_varios_de_los_recién_llegados,_ya_que_a_los_inmigrantes_se_les_culpa_de_todo_tipo_de_problemas_sociales,_reales_o_imaginarios.;;;;;;;;;
EVTOPTA2100;Dire news!;Terrible nouvelle !;Schlimme Nachrichten!;;¡Noticias desesperadas!;;;;;;;;;
EVTNAME2110;Cultural Enrichment;Enrichissement culturel;Kulturelle Bereicherung;;Enriquecimiento cultural;;;;;;;;;
EVTDESC2110;The_newly_arrived_immigrants_in_$PROVINCENAME$_have_brought_with_them_the_collected_experiences_of_their_home_country,_and_their_songs_now_blend_with_ours_in_the_ever-changing_symphony_that_is_$COUNTRY$._Their_customs_have_enriched_our_own,_and_created_interesting_new_blends_of_cultural_expression_in_the_fields_of_art,_science_and_architecture.;Les_immigrés_qui_viennent_de_s'installer_en_$PROVINCENAME$_sont_imprégnés_de_la_culture_de_leur_pays_natal._Leurs_chants_se_mêlent_désormais_aux_nôtres_pour_former_une_symphonie_en_constante_évolution,_la_symphonie_de_$COUNTRY$._Leurs_coutumes_ont_enrichi_les_nôtres_et_ce_mélange_culturel_a_engendré_de_nouvelles_formes_d'expression_dans_les_domaines_des_arts,_des_sciences_et_de_l'architecture.;Die_neu_in_$PROVINCENAME$_eingetroffenen_Immigranten_haben_die_kollektiven_Erfahrungen_ihres_Heimatlandes_mitgebracht._Ihre_Lieder_fließen_nun_in_die_in_stetem_Wandel_befindliche_Symphonie_ein,_die_$COUNTRY$_darstellt._Ihre_Gebräuche_haben_unsere_eigenen_bereichert_und_in_den_Bereichen_Kunst,_Wissenschaft_und_Architektur_zu_interessanten_neuen_kulturellen_Ausdrucksformen_geführt.;;Los_inmigrantes_recientemente_llegados_a_$PROVINCENAME$_han_traído_con_ellos_las_experiencias_de_su_país_de_origen_y_sus_canciones_se_mezclan_ahora_con_las_nuestras_en_la_siempre_cambiante_sinfonía_que_es_$COUNTRY$._Sus_costumbres_han_enriquecido_las_nuestras_y_han_creado_nuevas_mezclas_interesantes_de_expresión_cultural_en_las_artes,_la_ciencia_y_la_arquitectura.;;;;;;;;;
EVTOPTA2110;Bragging rights +1!;Droits à la fierté +1 !;Prahlerei +1!;;¡Un tanto del que alardear!;;;;;;;;;
EVTOPTB2110;... why do people tell me these things?!;... Pourquoi me dit-on cela ?!;... warum wird mir sowas überhaupt berichtet?!;;¡¿Por qué me contáis estas cosas?!;;;;;;;;;
EVTNAME2120;Immigrant Deported;Immigré expulsé;Immigrant deportiert;;Deportación de inmigrantes;;;;;;;;;
EVTDESC2120;A_recent_immigrant_to_$PROVINCENAME$_was_put_on_the_returning_ship_back_home_again,_when_local_police_caught_him_stealing_from_a_local_street_vendor._The_case_has_caused_much_alarm_among_the_local_immigrant_community,_many_of_whom_are_unfamiliar_with_our_justice_system,_who_now_fear_that_more_deportations_will_follow.;Un_immigré_récemment_installé_en_$PROVINCENAME$_a_été_expulsé_vers_son_pays_d'origine_après_avoir_été_arrêté_pour_vol_à_la_tire._L'affaire_a_fait_grand_bruit_dans_la_communauté_immigrée_locale,_beaucoup_redoutant_de_nouvelles_expulsions_par_méconnaissance_de_notre_système_judiciaire.;Ein_kürzlich_in_$PROVINCENAME$_eingetroffener_Immigrant_wurde_mit_einem_Schiff_zurück_in_seine_Heimat_geschickt,_nachdem_ihn_die_Polizei_beim_Bestehlen_eines_lokalen_Straßenverkäufers_ertappt_hat._Dieser_Fall_hat_die_lokale_Immigrantengemeinde,_deren_Angehörige_sich_meist_mit_unserem_Rechtssystem_nicht_auskennen,_stark_alarmiert._Sie_fürchten_nun,_weitere_Deportationen_könnten_folgen.;;Un_inmigrante_recién_llegado_a_$PROVINCENAME$_fue_enviado_en_un_barco_de_vuelta_a_casa_cuando_la_policía_local_lo_sorprendió_robando_a_un_comerciante_ambulante._El_caso_ha_despertado_una_gran_alarma_entre_la_comunidad_de_inmigrantes_locales,_muchos_de_ellos_desconocedores_de_nuestro_sistema_de_justicia,_que_ahora_temen_que_se_produzcan_más_deportaciones.;;;;;;;;;
EVTOPTA2120;Try to assure them that all is well;Il faut tenter de les rassurer.;Versucht ihnen zu vermitteln, dass alles in Ordnung ist.;;Intentad asegurarles que todo está bien.;;;;;;;;;
EVTOPTB2120;Which is precisely what will happen!;C'est exactement ce qui va se passer !;Und genau das wird auch passieren!;;¡Y eso es precisamente lo que sucederá!;;;;;;;;;
EVTNAME2130;Foreign Cuisine;Cuisine étrangère;Ausländische Küche;;Cocina extranjera;;;;;;;;;
EVTDESC2130;The_immigrants_to_$PROVINCENAME$_have_opened_several_new_shops_where_specialties_from_their_old_homelands_can_be_bought_and_savored,_and_this_has_meant_that_the_local_population_can,_for_the_first_time,_experience_tastes_from_parts_of_the_world_hereto_unknown_to_them._People_who,_a_mere_few_years_ago,_ate_the_same_food_as_their_ancestors_had_for_centuries,_can_now_open_their_eyes_and_pallets_to_the_culinary_delights_of_a_whole_world.;Les_immigrés_de_$PROVINCENAME$_ont_ouvert_des_boutiques_proposant_des_spécialités_de_leur_pays_natal._Pour_la_première_fois,_la_population_locale_découvre_des_saveurs_jusque-là_inconnues._Les_gens_qui,_il_y_a_quelques_années_à_peine,_mangeaient_les_mêmes_plats_que_leurs_lointains_ancêtres,_peuvent_désormais_s'ouvrir_aux_délices_culinaires_du_monde_entier.;Die_Einwanderer_in_$PROVINCENAME$_haben_mehrere_neue_Geschäfte_eröffnet,_in_denen_man_Spezialitäten_ihrer_Heimatländer_kaufen_und_essen_kann._Dies_bedeutet,_dass_die_lokale_Bevölkerung_zum_ersten_Mal_mit_Geschmäckern_aus_anderen_Teilen_der_Welt_in_Berührung_kommen._Menschen,_die_noch_bis_vor_wenigen_Jahren_dasselbe_gegessen_haben_wie_ihre_Vorfahren_für_Jahrhunderte,_können_nun_ihren_Horizont_erweitern_und_kulinarische_Höhepunkt_aus_aller_Welt_genießen.;;Los_inmigrantes_de_$PROVINCENAME$_han_abierto_varias_tiendas_donde_se_pueden_comprar_y_probar_especialidades_de_sus_países_de_origen._Esto_supone_que_la_población_local_puede_experimentar_por_primera_vez_los_sabores_de_lugares_del_mundo_desconocidos_para_ellos._La_gente_que,_hace_solo_unos_años,_comía_la_misma_comida_que_habían_comido_sus_ancestros_durante_siglos,_ahora_puede_abrir_sus_ojos_y_el_paladar_a_las_delicias_culinarias_de_todo_el_mundo.;;;;;;;;;
EVTOPTA2130;Pasta!;Pasta !;Pasta!;;¡Pasta!;;;;;;;;;
EVTOPTB2130;Pizza!;Pizza !;Pizza!;;¡Pizza!;;;;;;;;;
form_north_german_confederation_desc;While Germany was not united until the proclamation of the German Empire following the Franco-Prussian war, rising nationalism in the 19th century had meant that unification had been on the cards long before that, with the Frankfurt assembly of 1848 being an important forerunner. By achieving a dominant position among the North German states, we can form the North German Confederation.;Il fallut attendre la proclamation de l'Empire allemand qui suivit la guerre franco-allemande pour assister à l'unification de l'Allemagne. Pourtant, avec la montée du nationalisme au XIXe siècle, l'unification aurait été possible bien avant cela, comme en témoigne l'assemblée de Francfort de 1848. Dans les années 1860, la Prusse et l'Autriche, qui se disputaient la position dominante au sein d'une grande Allemagne, formèrent chacune leur propre confédération d'États allemands : les États du sud de l'Allemagne et la Confédération de l'Allemagne du nord. En nous imposant dans les États du nord, nous formerons la Confédération de l'Allemagne du nord.;Obwohl Deutschland bis zur Proklamation des Deutschen Kaiserreichs nach dem deutsch-französischen Krieg nicht geeint war, bedeutete der steigende Nationalismus des neunzehnten Jahrhunderts, dass eine Vereinigung schon seit langer Zeit geplant war. Ein wichtiges vorbereitendes Ereignis war die Frankfurter Nationalversammlung von 1848. Während der 1860er Jahre wetteiferten Preußen und Österreich, die beiden größten deutschsprachigen Mächte, hauptsächlich um die Vormachtstellung im Großdeutschen Reich. Jedes der beiden Länder gründete seine eigene Konföderation deutscher Staaten: Den Süddeutschen bzw. Norddeutschen Bund. Wenn wir uns eine dominierende Position unter den norddeutschen Staaten erarbeiten, können wir den Norddeutschen Bund gründen.;;Aunque Alemania no estuvo unida hasta la proclamación del Imperio Alemán tras la Guerra Franco-Prusiana, el creciente nacionalismo del siglo XIX supuso la unificación que se había estado barajando desde hacía largo tiempo, siendo el Parlamento de Fráncfort de 1848 un importante precursor. Al lograr una posición dominante en los estados del norte de Alemania, podemos formar la Confederación de Alemania del Norte.;;;;;;;;;
form_south_german_confederation_desc;While Germany was not united until the proclamation of the German Empire, following the Franco-Prussian war, rising nationalism in the 19th century had meant that unification had been on the cards long before that, with the Frankfurt assembly of 1848 being an important forerunner. By achieving a dominant position among the South German states, we can form the South German Confederation.;Il fallut attendre la proclamation de l'Empire allemand qui suivit la guerre franco-allemande pour assister à l'unification de l'Allemagne. Pourtant, avec la montée du nationalisme au XIXe siècle, l'unification aurait été possible bien avant cela, comme en témoigne l'assemblée de Francfort de 1848. Dans les années 1860, la Prusse et l'Autriche, qui se disputaient la position dominante au sein d'une grande Allemagne, formèrent chacune leur propre confédération d'États allemands : les États du sud de l'Allemagne et la Confédération de l'Allemagne du nord. En nous imposant dans les États du sud, nous formerons les États du sud de l'Allemagne.;Obwohl Deutschland bis zur Proklamation des Deutschen Kaiserreichs nach dem deutsch-französischen Krieg nicht geeint war, bedeutete der steigende Nationalismus des neunzehnten Jahrhunderts, dass eine Vereinigung schon seit langer Zeit geplant war. Ein wichtiges vorbereitendes Ereignis war die Frankfurter Nationalversammlung von 1848. Während der 1860er Jahre wetteiferten Preußen und Österreich, die beiden größten deutschsprachigen Mächte, hauptsächlich um die Vormachtstellung im Großdeutschen Reich. Jedes der beiden Länder gründete seine eigene Konföderation deutscher Staaten: Den Süddeutschen bzw. Norddeutschen Bund. Wenn wir uns eine dominierende Position unter den norddeutschen Staaten erarbeiten, können wir den Süddeutschen Bund gründen.;;Aunque Alemania no estuvo unida hasta la proclamación del Imperio Alemán tras la Guerra Franco-Prusiana, el creciente nacionalismo del siglo XIX supuso la unificación que se había estado barajando desde hacía largo tiempo, siendo el Parlamento de Fráncfort de 1848 un importante precursor. Al lograr una posición dominante en los estados del sur de Alemania, podemos formar la Confederación de Alemania del Sur.;;;;;;;;;
REMOVE_NO_DEMOTION;No Pops will be demoted today.;Aucun POP ne sera rétrogradé aujourd'hui.;Heute werden keine BEVs degradiert.;;Hoy ninguna población tendrá menos categoría.;;;;;;;;;
PROVINCEVIEW_FROM_LOCAL_TAX;From State administrative efficiency: §Y+;Efficacité administrative de l'État : §Y+;Von §YState administrative efficiency§W: §Y+;;De la eficacia administrativa del estado: §Y+;;;;;;;;;
INCREASERELATIONTITLE;Increase Relations;Améliorer les relations;Beziehungen verbessern;;Aumentar relaciones;;;;;;;;;
POLITICS_PEOPLE_IDEOLOGIES;Peoples' Ideologies;Idéol. de la population;Volksideologien;;Ideologías populares;;;;;;;;;
POLITICS_VOTERS_IDEOLOGIES;Voters' Ideologies;Idéologies des électeurs;Wählerideologien;;Ideologías de los votantes;;;;;;;;;
COLONIZE_NOT_GP_OR_SECONDARY;Only §YGreat Powers§W or §YSecondary Powers§W can colonize;Seules les §YGrandes Puissances§W ou les §YPuissances secondaires§W peuvent coloniser d'autres pays.;Nur §YGreat Powers§W oder §YSecondary Powers§W können kolonisieren.;;Solo las §Ygrandes potencias§W o las §Ypotencias secundarias§W pueden colonizar;;;;;;;;;
THIS_IS_SPARTA;This province is part of our glorious nation;Cette province fait partie de notre glorieuse nation.;Diese Provinz gehört zu unserer glorreichen Nation;;Esta provincia forma ahora parte de nuestra gloriosa nación;;;;;;;;;
DIPLO_WE_DOMINION;We are a dominion of theirs;Nous sommes un territoire de leur nation.;Wir sind eines ihrer Dominions.;;Somos un dominio suyo;;;;;;;;;
DIPLO_WE_SATELLITE;We are a satellite of theirs;Nous sommes un satellite de leur nation.;Wir sind einer ihrer Satellitenstaaten.;;Somos un satélite suyo;;;;;;;;;
DIPLO_THEY_DOMINION;They are a dominion of our nation;Ils constituent un territoire de notre nation.;Sie sind ein Dominion unserer Nation.;;Son un dominio de nuestra nación;;;;;;;;;
DIPLO_THEY_SATELLITE;They are a satellite of our nation;Ils constituent un satellite de notre nation.;Sie sind ein Satellitenstaat unserer Nation.;;Son un satélite de nuestra nación;;;;;;;;;
EVTNAME16250;Secessionist Sentiments;Sentiments sécessionnistes !;Sezessionistische Gefühle!;;¡Sentimientos secesionistas!;;;;;;;;;
EVTDESC16250;\n\nTalk_of_secession_from_the_Union_can_be_heard_on_the_streets_of_the_South._In_fact,_all_over_the_slave_states_there_is_talk_of_secession,_as_fewer_and_fewer_feel_that_a_meaningful_compromise,_protecting_that_'peculiar_institution'_--_i.e._Slavery_--_of_the_South,_can_be_reached_in_a_climate_where_Congress_moves_increasingly_toward_a_position_of_favoring_political_reform.;Dans_les_rues_de_$PROVINCENAME$,_on_entend_les_gens_parler_d'une_éventuelle_sécession_vis-à-vis_de_l'Union._Comme_dans_tout_$STATENAME$_d'ailleurs._En_fait,_rares_sont_ceux_qui_croient_encore_que_l'on_peut_parvenir_à_un_véritable_compromis_(en_protégeant_l'esclavage_dans_le_Sud)_alors_que_le_Congrès_commence_doucement_mais_sûrement_à_envisager_une_réforme_politique.;Auf_den_Straßen_von_$PROVINCENAME$_kann_man_Gespräche_über_die_Abspaltung_von_der_Union_hören._Eigentlich_wird_überall_in_$STATENAME$_über_Sezession_gesprochen,_da_immer_weniger_Menschen_der_Ansicht_sind,_dass_ein_sinnvoller_Kompromiss_zum_Schutz_dieser_'befremdlichen_Institution'_des_Südens,_also_der_Sklaverei,_erreicht_werden_kann,_da_das_politische_Klima_im_Kongress_immer_mehr_in_Richtung_der_Befürwortung_einer_politischen_Reform_geht.;;En_las_calles_de_$PROVINCENAME$_se_pueden_oír_rumores_de_secesión_de_la_Unión._De_hecho,_se_habla_de_secesión_por_todo_$STATENAME$,_a_medida_que_cada_vez_menos_piensan_que_sea_posible_alcanzar_un_compromiso_significativo_que_proteja_a_esa_'institución_peculiar'_que_es_la_esclavitud_en_los_estados_del_Sur,_en_un_clima_en_el_que_los_movimientos_del_Congreso_se_dirigen_cada_vez_más_hacia_una_reforma_política.;;;;;;;;;
EVTOPTA16250;Rebel scum!;Vermine rebelle !;Rebellenpack!;;¡Escoria rebelde!;;;;;;;;;
EVTNAME16001;The Slavery Debate;Le débat sur l'esclavage;Die Sklaverei-Debatte;;El debate de la esclavitud;;;;;;;;;
EVTDESC16001;\n\nThe_one_issue_that_the_Founding_Fathers_of_these_great_United_States_were_never_able_to_answer_conclusively,_was_the_question_concerning_the_status_of_slavery_within_the_union._This_inflamed_debate_has_only_gained_traction_in_the_years_since_the_revolution,_and_it_is_presently_the_singular_most_important_issue_on_America's_political_agenda._Some_radical_southerners_feel_that_there_is_no_possible_compromise_to_be_found_on_the_issue,_and_that_secession_is_the_only_alternative_to_being_dominated_into_emancipation_by_the_central_power_in_Washington._Should_our_Senate_ever_be_in_a_position_to_force_political_reform_on_the_South,_a_40_percent_Liberal_Upper_House,_we_can_be_certain_that_it_will_not_happen_without_opposition.;La_seule_question_à_laquelle_les_Pères_fondateurs_de_notre_grande_nation_n'ont_jamais_réussi_à_répondre_clairement_est_celle_du_statut_de_l'esclavage_au_sein_de_l'Union._Ce_débat_enflammé,_entamé_après_la_révolution,_est_actuellement_au_center_de_la_scène_politique_de_notre_pays._Les_sudistes_les_plus_radicaux_estiment_qu'il_n'y_a_pas_de_compromis_possible_et_que_la_sécession_est_le_seul_moyen_de_s'émanciper_du_pouvoir_central_de_Washington._Si_notre_Sénat_était_un_jour_en_position_de_faire_passer_une_réforme_politique_sur_le_Sud,_avec_une_représentation_de_30_%_à_la_Chambre_haute,_cela_ne_se_ferait_pas_sans_heurts.;Das_einzige_Problem,_das_unserer_Gründungsväter_niemals_vollständig_lösen_konnten,_war_die_Statusfrage_der_Sklaverei_innerhalb_der_Union._Diese_hitzige_Debatte_hat_sich_seit_der_Revolution_noch_intensiviert,_und_momentan_stellt_sie_das_größte_Problem_auf_unseren_politischen_Agenda_dar._Einige_radikale_Südstaatler_sind_der_Meinung,_dass_kein_Kompromiss_gefunden_werden_kann,_und_dass_die_Sezession_Alternative_zur_Bevormundung_durch_die_Zentralregierung_in_Washington_ist._Sollte_unser_Senat_jemals_in_die_Lage_kommen,_eine_politische_Reform_des_Südens_zu_erzwingen,_können_wir_sicher_sein,_dass_dies_nicht_ohne_Opposition_erfolgen_wird.;;La_cuestión_que_los_Padres_fundadores_de_nuestra_gran_nación_nunca_lograron_responder_de_forma_concluyente_fue_aquella_de_la_situación_de_la_esclavitud_en_el_seno_de_la_Unión._Este_debate_incendiario_solo_ha_ganado_impulso_en_los_años_posteriores_a_la_revolución_y,_en_el_presente,_es_el_tema_más_importante_de_la_agenda_política_de_nuestro_país._Algunos_radicales_sureños_opinan_que_no_hay_compromiso_posible_para_este_asunto_y_que_la_secesión_es_la_única_solución_alternativa_para_evitar_que_el_poder_central_de_Washington_les_fuerce_hacia_la_emancipación_de_los_esclavos._En_el_caso_de_que_nuestro_senado_esté_alguna_vez_en_posición_de_forzar_una_reforma_política_en_el_Sur,_con_un_30_por_ciento_de_liberales_en_la_cámara_alta,_podemos_estar_seguros_de_que_eso_no_sucederá_sin_oposición.;;;;;;;;;
EVTOPTA16001;We can expect this issue to linger for some time;Le problème ne sera probablement pas réglé de si tôt.;Mit diesem Problem werden wir es noch einige Zeit lang zu tun haben.;;Podemos dejar correr este asunto durante un tiempo.;;;;;;;;;
the_slavery_debate;The Slavery Debate;Le débat sur l'esclavage;Die Sklaverei-Debatte;;El debate de la esclavitud;;;;;;;;;
desc_the_slavery_debate;The debate over slavery is alive in The United States, and popular consciousness over the issue is rising every day. If the Upper House ever has 30 percent or more Liberal representation, the South might very well decide to secede.;Le débat sur l'esclavage est très animé aux États-Unis où l'on assiste à un éveil progressif de la conscience populaire. Si la Chambre haute obtient un jour une représentation libérale d'au moins 30 %, le Sud risque de faire sécession.;Die Sklaverei wird in den Vereinigten Staaten heftig debattiert und das Volksbewusstsein über die Angelegenheit steigt täglich. Wenn die Liberalen im Oberhaus mindestens 30 Prozent der Stimmen haben, könnte sich der Süden sehr wohl zur Sezession entscheiden.;;El asunto de la esclavitud está candente en los Estados Unidos y la concienciación popular sobre el tema crece cada día. Si la cámara alta obtiene alguna vez un 30 por ciento o más de representación liberal, es posible que el Sur decida secesionarse.;;;;;;;;;
CANCELGIVEMILITARYACCESS_THEY_ACCEPT_HEADER;The Foreign Minister reports;Le ministre des Affaires étrangères indique :;Der Außenminister berichtet:;;El ministro de Asuntos Exteriores informa;;;;;;;;;
CANCELGIVEMILITARYACCESS_THEY_ACCEPT_1;§Y$ACTOR$§W;§Y$ACTOR$§W,;§Y$ACTOR$§W;§Y$ACTOR$§W;§Y$ACTOR$§W;§Y$ACTOR$§W;§Y$ACTOR$§W;§Y$ACTOR$§W;;;;;;
CANCELGIVEMILITARYACCESS_THEY_ACCEPT_2;$MONARCHTITLE$, we have grown tired of the foul presence of the troops of ;$MONARCHTITLE$, nous sommes las de la présence des troupes de ;$MONARCHTITLE$, wir sind es leid, die widerlichen Truppen von;Mamy do?æ obecno?ci wojsk nale¿¹cych do kraju;$MONARCHTITLE$, nos hemos cansado de la presencia de las tropas de ;$MONARCHTITLE$, ci siamo stancati delle insopportabili truppe di: ;Belefáradtunk a következõ nemzet csapatainak bolondozásába: ;$MONARCHTITLE$, u? na svém území nemù?eme dále sná?et pøítomnost vojákù z;;;;;;
CANCELGIVEMILITARYACCESS_THEY_ACCEPT_3;§Y$RECIPIENT$§W;§Y$RECIPIENT$§W ;§Y$RECIPIENT$§W;§Y$RECIPIENT$§W;§Y$RECIPIENT$§W;§Y$RECIPIENT$§W;§Y$RECIPIENT$§W;§Y$RECIPIENT$§W;;;;;;
CANCELGIVEMILITARYACCESS_THEY_ACCEPT_4;on our soil so we have canceled the Military Access they were so generously given;sur notre territoire. C'est pourquoi nous avons annulé l'accès militaire qui leur avait été si généreusement octroyé.;auf unserem Gebiet zu haben, daher haben wir die ihnen großzügig gewährte Durchmarscherlaubnis aufgekündigt;;en nuestra tierra y hemos cancelado los derechos de tránsito que tan generosamente concedimos;;;;;;;;;
CANCELGIVEMILITARYACCESS_THEY_ACCEPT_5;*;*;*;*;*;*;*;;;;;;;
CANCELGIVEMILITARYACCESS_THEY_ACCEPT_6;The people of §Y$ACTOR$§W rejoice at the news.;Le peuple de §Y$ACTOR$§W se réjouit de la nouvelle.;Das Volk von §Y$ACTOR$§W bejubelt die Neuigkeiten.;Ludno?æ w §Y$ACTOR$§W cieszy siê, s³ysz¹c te wie?ci.;El pueblo de §Y$ACTOR$§W celebra la noticia.;Il popolo di: §Y$ACTOR$§W è felice di saperlo.;§Y$ACTOR$§W népe örül ezen hír bejelentésének.;Lid §Y$ACTOR$§W se raduje z nových zpráv.;;;;;;
CANCELGIVEMILITARYACCESS_THEY_ACCEPT_BTN1;OK;D'accord;OK;OK;OK;Aceptar;OK;Rendben;OK;;;;;
CANCELGIVEMILITARYACCESS_THEY_ACCEPT_BTN2;OK;D'accord;OK;OK;OK;Aceptar;OK;Rendben;OK;;;;;
CANCELGIVEMILITARYACCESS_THEY_ACCEPT_BTN3;Go to;Voir;Gehe zu;Id? do;Ir allí;Andare;Ugrás;Pøejít na;;;;;;
CANCELGIVEMILITARYACCESS_WE_ACCEPT_HEADER;The Foreign Minister reports;Le ministre des Affaires étrangères indique :;Der Außenminister berichtet:;;El ministro de Asuntos Exteriores informa;;;;;;;;;
CANCELGIVEMILITARYACCESS_WE_ACCEPT_1;§Y$ACTOR$§W;§Y$ACTOR$§W,;§Y$ACTOR$§W;§Y$ACTOR$§W;§Y$ACTOR$§W;§Y$ACTOR$§W;§Y$ACTOR$§W;§Y$ACTOR$§W;;;;;;
CANCELGIVEMILITARYACCESS_WE_ACCEPT_2;$MONARCHTITLE$ we are outraged to discover that ;$MONARCHTITLE$, nous sommes outrés de découvrir que ;$MONARCHTITLE$, wir sind außer uns, weil;Jeste?my oburzeni faktem, ¿e ;$MONARCHTITLE$ estamos indignados al descubrir que ;$MONARCHTITLE$, siamo molto offesi per avere scoperto che ;Felháborodottan tudatjuk, hogy;$MONARCHTITLE$, s hnìvem jsme zjistili, ?e;;;;;;
CANCELGIVEMILITARYACCESS_WE_ACCEPT_3;§Y$ACTOR$§W;§Y$ACTOR$§W;§Y$ACTOR$§W;§Y$ACTOR$§W;§Y$ACTOR$§W;§Y$ACTOR$§W;§Y$ACTOR$§W;§Y$ACTOR$§W;;;;;;
CANCELGIVEMILITARYACCESS_WE_ACCEPT_4;has canceled the Military Access they have generously been given by us.;a annulé l'accès militaire qui nous avait été généreusement octroyé.;die von uns großmütig gewährte Durchmarscherlaubnis aufgekündigt hat.;;ha cancelado los derechos de tránsito que generosamente les habíamos dado.;;;;;;;;;
CANCELGIVEMILITARYACCESS_WE_ACCEPT_5;*;*;*;*;*;*;*;;;;;;;
CANCELGIVEMILITARYACCESS_WE_ACCEPT_6;Although we should really have beaten them to it.;Nous aurions dû les battre à ce petit jeu-là.;Meiner Meinung nach hätten wir sie dafür züchtigen sollen.;Chocia¿ uwa¿amy, ¿e powinni?my byli temu jako? przeciwdzia³aæ.;Aunque deberíamos haberles derrotado.;Tuttavia, personalmente riteniamo che avremmo dovuto prevenirli.;Noha személyesen nekünk kellene levernünk õket.;I kdy? bychom jim to nejspí? nemìli nechat projít jen tak.;;;;;;
CANCELGIVEMILITARYACCESS_WE_ACCEPT_BTN1;OK;D'accord;OK;OK;OK;Aceptar;OK;Rendben;OK;;;;;
CANCELGIVEMILITARYACCESS_WE_ACCEPT_BTN2;OK;D'accord;OK;OK;OK;Aceptar;OK;Rendben;OK;;;;;
CANCELGIVEMILITARYACCESS_WE_ACCEPT_BTN3;Go to;Voir;Gehe zu;Id? do;Ir allí;Andare;Ugrás;Pøejít na;;;;;;
CANCELGIVEMILITARYACCESS_OTHER_ACCEPT_HEADER;The Foreign Minister reports;Le ministre des Affaires étrangères indique :;Der Außenminister berichtet:;;El ministro de Asuntos Exteriores informa;;;;;;;;;
CANCELGIVEMILITARYACCESS_OTHER_ACCEPT_1;§Y$ACTOR$§W;§Y$ACTOR$§W,;§Y$ACTOR$§W;§Y$ACTOR$§W;§Y$ACTOR$§W;§Y$ACTOR$§W;§Y$ACTOR$§W;§Y$ACTOR$§W;;;;;;
CANCELGIVEMILITARYACCESS_OTHER_ACCEPT_2;$MONARCHTITLE$;$MONARCHTITLE$;$MONARCHTITLE$;*;$MONARCHTITLE$,;$MONARCHTITLE$;Vezérem,;$MONARCHTITLE$;;;;;;
CANCELGIVEMILITARYACCESS_OTHER_ACCEPT_3;§Y$ACTOR$§W;§Y$ACTOR$§W;§Y$ACTOR$§W;§Y$ACTOR$§W;§Y$ACTOR$§W;§Y$ACTOR$§W;§Y$ACTOR$§W;§Y$ACTOR$§W;;;;;;
CANCELGIVEMILITARYACCESS_OTHER_ACCEPT_4;has canceled the Military Access they have been given by;a annulé l'accès militaire qui lui avait été octroyé par;hat die Durchmarscherlaubnis widerrufen, die;;ha cancelado los derechos de tránsito que le había dado;;;;;;;;;
CANCELGIVEMILITARYACCESS_OTHER_ACCEPT_5;§Y$RECIPIENT$§W;§Y$RECIPIENT$§W.;§Y$RECIPIENT$§W ihnen gewährt hatte.;§Y$RECIPIENT$§W.;§Y$RECIPIENT$§W;§Y$RECIPIENT$§W;§Y$RECIPIENT$§W;§Y$RECIPIENT$§W;;;;;;
CANCELGIVEMILITARYACCESS_OTHER_ACCEPT_6;Looks like trouble is brewing. We could profit from this.;La situation se dégrade. Nous pourrions en tirer avantage.;Es sieht so aus, als ob sich etwas zusammenbrauen würde. Wir könnten davon profitieren.;Wygl¹da na to, ¿e zanosi siê na k³opoty. Mo¿emy sporo na tym zyskaæ.;Parece que se avecinan problemas. Podríamos aprovecharnos de ello.;A quanto pare ci sono guai in vista: potremmo approfittarne.;úgy tûnik, hogy bajba került, de mi talán profitálhatunk belõle.;vypadá to, ?e budou trable, mo?ná bychom z toho mohli profitovat.;;;;;;
CANCELGIVEMILITARYACCESS_OTHER_ACCEPT_BTN1;OK;D'accord;OK;OK;OK;Aceptar;OK;Rendben;OK;;;;;
CANCELGIVEMILITARYACCESS_OTHER_ACCEPT_BTN2;OK;D'accord;OK;OK;OK;Aceptar;OK;Rendben;OK;;;;;
CANCELGIVEMILITARYACCESS_OTHER_ACCEPT_BTN3;Go to;Voir;Gehe zu;Id? do;Ir allí;Andare;Ugrás;Pøejít na;;;;;;
DECREASERELATIONTITLE;Decrease Relations;Détériorer les relations;Beziehungen verschlechtern;;Reducir relaciones;;;;;;;;;
WARGOALTITLE;Add War Goal;Ajouter un objectif de guerre;Kriegsziel hinzufügen;;Añadir objetivo de guerra;;;;;;;;;
WARSUBSIDIESTITLE;Offer War Subsidies;Offrir des indemnités de guerre;Kriegssubventionen anbieten;;Ofrecer subsidios de guerra;;;;;;;;;
CANCEL_WARSUBSIDIESTITLE;Cancel War Subsidies;Annuler les indemnités de guerre;Kriegssubventionen einstellen;;Cancelar subsidios de guerra;;;;;;;;;
ASKMILITARYACCESSTITLE;Request Military Access;Demande d'accès militaire;Militärzugang fordern;;Solicitar acceso militar;;;;;;;;;
CANCELASKMILITARYACCESSTITLE;Cancel Military Access;Annuler l'accès militaire;Militärzugang annullieren;;Cancelar acceso militar;;;;;;;;;
GIVEMILITARYACCESSTITLE;Offer Military Access;Offrir un accès militaire;Militärzugang anbieten;;Ofrecer acceso militar;;;;;;;;;
CANCELGIVEMILITARYACCESSTITLE;Cancel granted Military Access;Annuler l'accès militaire accordé;Gewährten Militärzugang annullieren;;Cancelar acceso militar concedido;;;;;;;;;
CANCELALLIANCETITLE;Cancel Alliance;Annuler l'alliance;Bündnis annullieren;;Cancelar alianza;;;;;;;;;
CALLALLYTITLE;Call ally to War;Demander à un allié d'entrer en guerre;Bündnispartner zu den Waffen rufen;;Llamar a la guerra a un aliado;;;;;;;;;
DISCREDITTITLE;Discredit Great Power;Discréditer une Grande Puissance;Großmacht in Verruf bringen;;Desacreditar a una gran potencia;;;;;;;;;
EXPELADVISORSTITLE;Expel Great Power's advisers;Expulser les conseillers d'une GP;Großmacht-Berater ausweisen;;Expulsar a los consejeros;;;;;;;;;
BANEMBASSYTITLE;Ban Great Power's embassy;Fermer l'ambassade d'une GP;Großmacht-Botschaft verbannen;;Cerrar la embajada ;;;;;;;;;
INCREASEOPINIONTITLE;Increase Opinion;Améliorer l'opinion;Meinung erhöhen;;Mejorar opinión;;;;;;;;;
DECREASEOPINIONTITLE;Decrease Opinion of Great Power;Baisser l'opinion à l'égard d'une GP;Meinung über Großmacht verringern;;Empeorar opinión ;;;;;;;;;
ADDTOSPHERETITLE;Add to Sphere of Influence;Ajouter à la sphère d'influence;Zu Einflusssphäre hinzufügen;;Añadir a esfera de influencia;;;;;;;;;
REMOVEFROMSPHERETITLE;Remove from Sphere of Influence;Retirer de la sphère d'influence;Aus Einflusssphäre entfernen;;Eliminar de esfera de influencia;;;;;;;;;
INCREASERELATION_BUTTON;Increase Relations;Améliorer les relations;Beziehungen verbessern;;Aumentar relaciones;;;;;;;;;
DECREASERELATION_BUTTON;Decrease Relations;Détériorer les relations;Beziehungen verschlechtern;;Reducir relaciones;;;;;;;;;
CALLALLY_OFFER;The nation of $ACTOR$, your faithful ally, is requesting that you come to their aid in the $LIST$.;La nation de $ACTOR$, votre fidèle allié, demande à ce que vous lui veniez en aide dans le conflit $LIST$.;Die Nation von $ACTOR$, Ihrem treuen Verbündeten, fordert Sie auf, ihnen im $LIST$ zu Hilfe zu kommen.;;La nación de $ACTOR$, vuestro fiel aliado, solicita que acudáis en su ayuda en $LIST$.;;;;;;;;;
CALLALLY_THEY_ACCEPT_HEADER;The Foreign Minister reports;Le ministre des Affaires étrangères indique :;Der Außenminister berichtet:;;El ministro de Asuntos Exteriores informa;;;;;;;;;
CALLALLY_THEY_ACCEPT_1;§Y$RECIPIENT$§W;§Y$RECIPIENT$§W ;§Y$RECIPIENT$§W;;§Y$RECIPIENT$§W;;;;;;;;;
CALLALLY_THEY_ACCEPT_2;$MONARCHTITLE$, we are not surprised to learn that;$MONARCHTITLE$, nous ne sommes pas surpris d'apprendre que;$MONARCHTITLE$, es überrascht uns nicht, dass;;$MONARCHTITLE$, no nos sorprende saber que;;;;;;;;;
CALLALLY_THEY_ACCEPT_3;§Y$RECIPIENT$§W;§Y$RECIPIENT$§W ;§Y$RECIPIENT$§W;;§Y$RECIPIENT$§W;;;;;;;;;
CALLALLY_THEY_ACCEPT_4;has honored our Military Alliance and joined our invincible armies in the;a honoré notre alliance militaire et rejoint nos invincibles armées lors de;unser Militärbündnis geehrt hat. Sie verstärkten unsere unverwundbaren Armeen im;;ha hecho honor a nuestra alianza militar y se ha unido a nuestros invencibles ejércitos en la;;;;;;;;;
CALLALLY_THEY_ACCEPT_5;$VERSUS$;$VERSUS$;$VERSUS$;;$VERSUS$;;;;;;;;;
CALLALLY_THEY_ACCEPT_6;*;*;*;;*;;;;;;;;;
CALLALLY_THEY_ACCEPT_BTN1;Great!;Formidable !;Großartig!;;¡Magnífico!;;;;;;;;;
CALLALLY_THEY_ACCEPT_BTN2;Great!;Formidable !;Großartig!;;¡Magnífico!;;;;;;;;;
CALLALLY_THEY_ACCEPT_BTN3;Go to;Voir;Gehe zu;;Ir a;;;;;;;;;
CALLALLY_WE_ACCEPT_HEADER;The Foreign Minister reports;Le ministre des Affaires étrangères indique :;Der Außenminister berichtet:;;El Ministro de Asuntos Exteriores informa;;;;;;;;;
CALLALLY_WE_ACCEPT_1;Military Alliance Honored;Alliance militaire honorée;Militärbündnis geehrt;;Alianza militar honrada;;;;;;;;;
CALLALLY_WE_ACCEPT_2;$MONARCHTITLE$, we have decided that;$MONARCHTITLE$, nous avons décidé que;$MONARCHTITLE$, unserer Entscheidung nach ist;;$MONARCHTITLE$, hemos decidido que;;;;;;;;;
CALLALLY_WE_ACCEPT_3;§Y$ACTOR$§W;§Y$ACTOR$§W;§Y$ACTOR$§W;;§Y$ACTOR$§W;;;;;;;;;
CALLALLY_WE_ACCEPT_4;is only just worthy of our support in the;était digne de notre soutien dans le conflit;unser Unterstützung gerade noch würdig. Wir helfen ihnen im;;merece nuestro apoyo en la;;;;;;;;;
CALLALLY_WE_ACCEPT_5;$VERSUS$;$VERSUS$;$VERSUS$;;$VERSUS$;;;;;;;;;
CALLALLY_WE_ACCEPT_6;*;*;*;;*;;;;;;;;;
CALLALLY_WE_ACCEPT_BTN1;OK;D'accord;OK;OK;;OK;;;;;;;;
CALLALLY_WE_ACCEPT_BTN2;OK;D'accord;OK;OK;;OK;;;;;;;;
CALLALLY_WE_ACCEPT_BTN3;Go to;Voir;Gehe zu;;Ir a;;;;;;;;;
CALLALLY_OTHER_ACCEPT_HEADER;The Foreign Minister reports;Le ministre des Affaires étrangères indique :;Der Außenminister berichtet:;;El Ministro de Asuntos Exteriores informa;;;;;;;;;
CALLALLY_OTHER_ACCEPT_1;§Y$RECIPIENT$§W;§Y$RECIPIENT$§W ;§Y$RECIPIENT$§W;;§Y$RECIPIENT$§W;;;;;;;;;
CALLALLY_OTHER_ACCEPT_2;$MONARCHTITLE$, §Y$RECIPIENT$§W have honored their;$MONARCHTITLE$, §Y$RECIPIENT$§W a honoré son;$MONARCHTITLE$, §Y$RECIPIENT$§W haben ihr;;$MONARCHTITLE$, §Y$RECIPIENT$§W ha honrado su;;;;;;;;;
CALLALLY_OTHER_ACCEPT_3;Military Alliance with;alliance militaire avec;Militärbündnis mit;;alianza militar con;;;;;;;;;
CALLALLY_OTHER_ACCEPT_4;§Y$ACTOR$§W;§Y$ACTOR$§W.;§Y$ACTOR$§W geehrt.;;§Y$ACTOR$§W;;;;;;;;;
CALLALLY_OTHER_ACCEPT_5;They are now part of the;Ils participent désormais au conflit;Sie kämpfen nun im;;Ahora forma parte de la;;;;;;;;;
CALLALLY_OTHER_ACCEPT_6;$VERSUS$;$VERSUS$;$VERSUS$;;$VERSUS$;;;;;;;;;
CALLALLY_OTHER_ACCEPT_BTN1;OK;D'accord;OK;OK;;OK;;;;;;;;
CALLALLY_OTHER_ACCEPT_BTN2;OK;D'accord;OK;OK;;OK;;;;;;;;
CALLALLY_OTHER_ACCEPT_BTN3;Go to;Voir;Gehe zu;;Ir a;;;;;;;;;
BUILD_CIVILIZED;Westernized;Civilisé;Zivilisiert;;Civilizado;;;;;;;;;
DIPLOMACY_CANNOT_JOIN_WAR_INVALID_ALLY;Already at war with §Y$COUNTRY$§W, we cannot join their side in this war.;Déjà en guerre contre §Y$COUNTRY$§W, nous ne pouvons pas nous allier à ce pays.;Wir sind bereits im Krieg mit §Y$COUNTRY$§W und können in diesem Krieg nicht auf ihrer Seite intervenieren.;;Ya está en guerra con §Y$COUNTRY$§W, no podemos unirnos a su bando en esta guerra.;;;;;;;;;
DIPLOMACY_CANNOT_JOIN_WAR_INVALID_ENEMY;Already at war with §Y$COUNTRY$§W, we cannot start another war against them.;Déjà en guerre contre §Y$COUNTRY$§W, nous ne pouvons pas engager une nouvelle guerre contre ce pays.;Wir sind bereits im Krieg mit §Y$COUNTRY$§W, wir können keinen anderen Krieg gegen sie starten.;;Ya está en guerra con §Y$COUNTRY$§W, no podemos iniciar otra guerra contra ellos.;;;;;;;;;
DIPLOMACY_CANNOT_JOIN_WAR_ALLIED_ENEMY;Allied with §Y$COUNTRY$§W in another war, we cannot start another war against them.;Alliés avec §Y$COUNTRY$§W dans une autre guerre, nous ne pouvons pas engager une autre guerre contre eux.;Wir sind bereits in einem anderen Krieg mit §Y$COUNTRY$§W verbündet, wir können keinen Krieg gegen sie starten.;;Tiene una alianza con §Y$COUNTRY$§W en otra guerra, no podemos iniciar otra guerra contra ellos.;;;;;;;;;
DIPLOMACY_ALREADY_IN_WAR;Already involved in this war.;Déjà impliqué dans cette guerre.;Wir sind bereits in diesen Krieg verwickelt.;;Ya está involucrado en esta guerra.;;;;;;;;;
CALLALLY_DESC;Call on our partner to aid us in our conflicts.\n$VERSUS$;Faisons appel à notre allié pour qu'il nous aide dans nos conflits.\n$VERSUS$;Ruft unseren Bündnispartner zur Hilfe in unseren Konflikten.\n$VERSUS$;;Avisa a nuestro socio para que nos ayude en nuestros conflictos.\n$VERSUS$;;;;;;;;;
DECISIONOTHER_1;$ACTOR$;$ACTOR$;$ACTOR$;;$ACTOR$;;;;;;;;;
EVTNAME11101;$FROMCOUNTRY_ADJ$ Winds;Vent $FROMCOUNTRY_ADJ$;$FROMCOUNTRY_ADJ$ Vorstoß;;Vientos desde $FROMCOUNTRY$;;;;;;;;;
EVTDESC11101;\n\n$MONARCHTITLE$,_the_$FROMCOUNTRY_ADJ$_ambassador_has_presented_us_with_news_from_the_$UNION_ADJ$_Congress._$FROMCOUNTRY$_has_accepted_the_$UNION_ADJ$_crown,_and_proclaimed_themselves_the_one_true_$UNION_ADJ$_nation._These_winds_of_change_will_be_hard_to_resist.;$MONARCHTITLE$,_l'ambassadeur_$FROMCOUNTRY_ADJ$_nous_a_donné_des_nouvelles_du_congrès_$UNION_ADJ$._$FROMCOUNTRY$_a_accepté_la_couronne_$UNION_ADJ$_et_s'est_proclamé_comme_l'unique_véritable_nation_$UNION_ADJ$._Il_est_difficile_de_résister_à_ce_vent_de_changement.;$MONARCHTITLE$,_der_$FROMCOUNTRY_ADJ$_Botschafter_hat_uns_Nachrichten_vom_$CULTUREGROUP$-Kongress_präsentiert._$FROMCOUNTRY$_hat_die_$CULTUREGROUP$-Krone_akzeptiert_und_sich_selbst_als_die_einzig_wahre_$CULTUREGROUP$-Nation_proklamiert._Diesen_Veränderungen_wird_man_sich_nur_schwer_widersetzen_können.;;$MONARCHTITLE$,_la_embajada_$FROMCOUNTRY_ADJ$_nos_trae_noticias_de_la_asamblea_$UNION_ADJ$._$FROMCOUNTRY$_ha_aceptado_la_corona_$UNION_ADJ$_y_se_ha_proclamado_como_la_auténtica_nación_$UNION_ADJ$._Estos_vientos_de_cambio_serán_difíciles_de_resistir.;;;;;;;;;
EVTOPTA11101;Long live the $UNION_ADJ$ people!;Longue vie au peuple $UNION_ADJ$ !;Lang lebe das $CULTUREGROUP$-Volk!;;¡Larga vida al pueblo de $UNION$!;;;;;;;;;
EVTOPTB11101;We will not have our ancestral rights infringed!;Ne laissons pas nos droits ancestraux se faire ainsi bafouer !;Wir werden nicht zulassen, dass jemand unser Erbrecht verletzt!;;¡No permitiremos que infrinjan nuestros derechos ancestrales!;;;;;;;;;
die_wacht_am_rhein_title;Die Wacht am Rhein;Die Wacht am Rhein;Die Wacht am Rhein;;Die Wacht am Rhein;;;;;;;;;
french_military_mission_to_japan_title;Chanoine's Expedition;L'expédition de Chanoine;Chanoines Expedition;;La expedición de Chanoine;;;;;;;;;
french_military_mission_to_japan_desc;In 1867, at the behest of the Japanese Shogunate at Edo, France sent a military mission to Japan to help train Shogunate troops in the arts of western warfare. The mission was led by, then Captain, Charles Chanoine, who would later go on to become France's Minister of War during the Brisson government of 1898. Send a military mission to Japan, and our relations with them are sure to improve.;En 1867, sur l'ordre du shogun japonais d'Edo, la France envoya une mission militaire au Japon pour former les troupes du shogun aux arts de la guerre occidentale. La mission était commandée par Charles Chanoine, alors capitaine, qui deviendrait plus tard ministre de la Guerre du cabinet Brisson de 1898. Dépêchez une mission militaire au Japon et nos relations avec ce pays s'amélioreront.;Im Jahr 1867 entsandte Frankreich auf Anweisung des japanischen Shogunats in Edo eine Militärmission nach Japan, um die Truppen des Shogunats in westlicher Kriegsführung zu unterweisen. Die Mission stand unter dem Kommando des damaligen Hauptmanns Charles Chanoine, der später im Jahr 1898 während der Amtszeit Henri Brissons bis zum Kriegsminister Frankreichs aufstieg. Wenn wir eine Militärmission nach Japan entsenden, werden sich unsere Beziehungen zu ihnen mit Sicherheit verbessern.;;En 1867, a petición del shogunato japonés de Edo, Francia envió una misión militar a Japón para ayudar a entrenar a sus tropas en las artes de la guerra occidental. La misión fue dirigida por el entonces capitán Charles Chanoine, que luego sería el ministro de guerra francés durante el gobierno de Brisson en 1898. Enviemos una misión militar a Japón y nuestras relaciones con ellos seguro que mejorarán.;;;;;;;;;
schwabing_circles_title;The Schwabing Circles;Les cercles de Schwabing;Die Schwabinger Bohème;;Los círculos de Schwabing;;;;;;;;;
schwabing_circles_desc;During the reign of Prince Regent Luitpold, the Schwabing area of Munich became known, probably due in large part to the large university and student presence, as a bohemian hub of intellectual activity, drawing to it many modernist artists and authors, from the brothers Mann to Henrik Ibsen to Wassily Kandinsky. Support the Schwabing circles, and watch our prestige rise.;Sous le règne du prince régent Luitpold, le quartier Schwabing de Munich devint, probablement grâce à sa grande université et à la présence des étudiants, un center bohème de l'activité intellectuelle, attirant de nombreux peintres et écrivains modernistes, des frères Mann à Henrik Ibsen et Wassily Kandinsky. Soutenez les cercles de Schwabing et notre prestige augmentera.;Während der Regenschaft von Prinzregent Luitpold wurde der Münchner Stadtteil Schwabing wahrscheinlich vor allem wegen seiner Nähe zu der großen Universität und ihrer Studentenpräsenz als Dreh- und Angelpunkt intellektueller Aktivitäten bekannt. Dies zog viele Künstler und Autoren der Moderne an, zum Beispiel die Brüder Mann, Henrik Ibsen und Wassily Kandinsky. Wenn wir die Schwabinger Bohème unterstützen, wird unser Prestige steigen.;;Durante el reinado del príncipe regente Leopoldo, la zona de Schwabing, en Munich se hizo muy popular, debido en parte a una gran presencia universitaria y estudiantil, como núcleo de actividad bohemia, atrayendo a numerosos artistas y autores modernistas como los hermanos Mann, Henrik Ibsen o Wassily Kandinsky. Apoya los círculos de Schwabing y contempla como crece nuestro prestigio.;;;;;;;;;
the_grunderzeit_title;Gründerzeit' Architecture;L'architecture du Gründerzeit;Gründerzeit-Architektur;;Arquitectura 'Gründerzeit';;;;;;;;;
the_grunderzeit_desc;The 'Gründerzeit', 'The Founding Era', refers to a period, stretching roughly from 1840 to the mid 1870s, of rapid economic modernization and industrialization of Germany and eastern Europe in general, and Vienna in particular. The era became know among other things for a its particular style of architecture, inspired by neo-gothic themes and imagery and the new building styles that industrialization had made possible, as well as for the rising tide of political liberalism that came with it. Vienna would, during the era, support these new trends, and watch Vienna blossom.;Le "Gründerzeit" (époque des fondateurs) désigne une période comprise entre 1840 et le milieu des années 1870 qui se caractérise par la modernisation économique et l'industrialisation rapides de l'Allemagne et l'Europe de l'est en général, et de Vienne en particulier. Cette période est notamment connue pour son style architectural (inspiré par les thèmes et l'imagerie néogothiques ainsi que par les nouveaux styles de bâtiments que l'industrialisation avait rendu possibles) et pour la vague montante de libéralisme politique qui l'accompagna. Soutenez ces nouvelles tendances et assistez à la floraison de Vienne.;Der Ausdruck 'Gründerzeit' bezieht sich auf eine Periode, die sich grob von 1840 bis Mitte der 1870er Jahre erstreckte. In dieser Phase war Deutschland und Osteuropa, besonders Wien, Schauplatz rascher wirtschaftlicher Modernisierung und Industrialisierung. Die Ära wurde unter anderem für ihren besonderen architektonischen Stil berühmt, der von neugotischen Themen und von der Industrialisierung ermöglichten Baustilen sowie dem damit einhergehenden Aufstieg des politischen Liberalismus inspiriert wurde. Dies war besonders in Wien der Fall. Wenn wir diese neuen Trends unterstützen, wird Wien aufblühen.;;La 'Gründerzeit' o 'era de los fundadores' hace referencia a un período que va más o menos de la década de 1840 a mediados de la década de 1870 que se caracterizó por una rápida modernización económica de Alemania y Europa Oriental en general, especialmente de Viena. Esta era fue conocida entre otras cosas por su particular estilo de arquitectura inspirado por temas e imaginería neogótica y por los nuevos estilos de construcción que la industrialización había hecho posible. También fue conocida por la oleada de liberalismo político que al acompañó. Viena, en esta era, apoyaría esas nuevas tendencias y experimentaría un gran florecimiento.;;;;;;;;;
DIPLOMACY_AGAINST;against;contre;gegen;;contra;;;;;;;;;
NO_CB_EFFECT;§RWe lack proper justification for this and will incur an infamy penalty§W;§RRien ne justifie cela et nous allons écoper d'une pénalité en infamie pour le déshonneur causé.§W;§RHierfür fehlt uns die notwendige Rechtfertigung und wir würden eine Infamiestrafe erhalten§W;;§RCarecemos de justificación para esto y sufriremos una penalización de infamia§W;;;;;;;;;
M_GOTO_BUTTON;Find Country or Province;Trouver un pays ou une province;Land oder Provinz finden;;Buscar país o provincia;;;;;;;;;
HAVE_DIPLOMATIC_INFLUENCE;has more diplomatic influence than;a plus d'influence diplomatique que;hat mehr diplomatischen Einfluss als;;tiene más influencia diplomática que;;;;;;;;;
HAVE_LESS_DIPLOMATIC_INFLUENCE;has lower diplomatic influence than;a moins d'influence diplomatique que;hat weniger diplomatischen Einfluss als;;tiene menos influencia diplomática que;;;;;;;;;
EVTNAME13356;Boxer Atrocities!;Les atrocités des Boxeurs;Boxer-Gräueltaten!;;¡Las atrocidades de los bóxer!;;;;;;;;;
EVTDESC13356;\n\nThe_Righteous_Society_of_Harmonious_fists,_known_colloquially_as_'Boxers'_--_a_Chinese_movement_dedicated_to_restoring_what_they_perceive_to_be_a_loss_of_Chinese_independence_in_face_of_European_expansion_in_Asia_--_have_carried_out_massacres_on_European_missionaries_and_traders_in_China._Along_with_Europeans_unfortunate_enough_to_come_in_their_path,_several_Chinese_Christian_converts_have_also_been_brutally_slaughtered._The_Chinese_government_appears_unconcerned_with_these_atrocities,_and_some_rumors_claim_that_the_Imperial_Qing_government_is_even_lending_its_tacit_support_to_the_movement.;Les_Poings_de_la_justice_et_de_la_concorde_(ou_Boxeurs),_mouvement_chinois_luttant_pour_regagner_l'indépendance_perdue_par_la_Chine_face_à_l'expansion_européenne_en_Asie,_a_perpétré_des_massacres_de_missionnaires_et_de_marchands_européens._Outre_les_Européens_qui_ont_eu_la_malchance_de_croiser_leur_route,_ils_ont_également_assassiné_des_Chinois_convertis_au_christianisme._Le_gouvernement_chinois_semble_indifférent_à_ces_atrocités,_et_des_rumeurs_circulent_sur_un_soutien_tacite_du_mouvement_par_le_gouvernement_impérial_Qing.;Die_'In_Rechtschaffenheit_vereinigten_Faustkämpfer',_im_Volksmund_als_'Boxer'_bezeichnet,_eine_chinesische_Bewegung,_die_sich_für_die_Restaurierung_der_ihrer_Meinung_nach_aufgrund_der_europäischen_Expansion_nach_Asien_eingebüßten_chinesischen_Unabhängigkeit_einsetzt,_hat_in_China_ein_Massaker_unter_europäischen_Missionaren_und_Kaufleuten_angerichtet._Zusammen_mit_den_Europäern,_die_ihnen_in_die_Hände_fielen,_wurden_auch_mehrere_christliche_chinesische_Konvertiten_brutal_abgeschlachtet._Die_chinesische_Regierung_scheint_sich_über_diese_Gräueltaten_keine_Sorgen_zu_machen,_und_Gerüchten_zufolge_soll_die_kaiserliche_Qing-Regierung_der_Bewegung_stillschweigend_Unterstützung_gewähren.;;La_'Sociedad_de_los_puños_honrados_y_armoniosos',_conocida_coloquialmente_como_los_'bóxers',_un_movimiento_chino_dedicado_a_restaurar_lo_que_ellos_perciben_como_una_pérdida_de_independencia_china_frente_a_la_expansión_europea_en_Asia,_han_perpetrado_masacres_sobre_misioneros_y_comerciantes_europeos_en_China._Junto_a_aquellos_desafortunados_europeos_que_se_han_cruzado_en_su_camino,_también_han_sido_brutalmente_asesinados_varios_conversos_chinos_al_Cristianismo._El_gobierno_chino_no_parece_preocupado_por_estas_atrocidades_y_se_rumorea_que_el_gobierno_imperial_Qing_da_incluso_su_apoyo_tácito_al_movimiento.;;;;;;;;;
EVTOPTA13356;This is an outrage!;C'est un scandale !;Das ist ein Skandal!;;¡Esto es un escándalo!;;;;;;;;;
boxer_rebels_title;Boxers;Boxeurs;Boxer;;Bóxers;;;;;;;;;
boxer_rebels_name;Boxer Rebels;Rebelles Boxeurs;Boxer-Rebellen;;Rebeldes bóxer;;;;;;;;;
boxer_rebels_desc;The Righteous Society of Harmonious Fists, known among westerners as 'Boxers', is a Chinese movement dedicated to the restoration of Chinese independence from the, real or perceived, incursions foreign imperialism. Shunning no means in accomplishing their goal of a 'purer' China, this traditionalist movement will -- under the slogan 'Support the Qing, destroy the foreign' -- massacre Europeans and Chinese Christian converts at any chance they get.;Les Poings de la justice et de la concorde (ou Boxeurs) est un mouvement chinois luttant pour permettre à la Chine de regagner l'indépendance perdue face aux incursions de l'impérialisme étranger. Ne reculant devant rien pour "purifier" la Chine, ce mouvement traditionnaliste saisira la moindre occasion pour massacrer des Européens et des Chinois convertis au christianisme (en appelant à détruire les étrangers pour soutenir les Qing).;Die 'In Rechtschaffenheit vereinigten Faustkämpfer', unter Westlern als 'Boxer' bekannt, sind eine chinesische Bewegung, die sich für die Restaurierung der chinesischen Unabhängigkeit angesichts der vermeintlichen Übergriffe des ausländischen Imperialismus einsetzt. Diese traditionelle Bewegung wird unter dem Slogan 'Unterstützt die Qing, vernichtet die Ausländer' vor keinem Mittel zurückschrecken und Europäer wie chinesische Christen bei jeder sich bietenden Gelegenheit massakrieren.;;La 'Sociedad de los puños honrados y armoniosos', conocida para los occidentales como los 'Bóxers', es un movimiento chino dedicado a la restauración de la independencia de China del imperialismo extranjero real o imaginario. Sin escatimar en medios para lograr una China 'más pura', este movimiento tradicionalista masacrará siempre que tenga la oportunidad a los europeos y los chinos cristianos bajo el lema 'Apoyad a los Qing, destruid a los extranjeros'.;;;;;;;;;
boxer_rebels_army;Boxer Rebels;Rebelles Boxeurs;Boxer-Rebellen;;Rebeldes bóxer;;;;;;;;;
support_boxers_title;Support Boxers!;Vive les Boxeurs !;Unterstützt die Boxer!;;¡Apoyo para los Bóxers!;;;;;;;;;
support_boxers_desc;The Righteous Society of Harmonious fists has established a presence in a few of the provinces where the Foreigners have made incursions on our great nation. Support the movement, and let us hope that they can end the European influence on China.;Les Poings de la justice et de la concorde se sont implantés dans quelques provinces de notre grande nation où les étrangers ont effectué des incursions. Soutenons le mouvement en espérant qu'il parviendra à mettre fin à l'influence européenne en Chine.;Die in Rechtschaffenheit vereinigten Faustkämpfer haben sich in einigen Provinzen etabliert, in denen Ausländer in unserer großen Nation ihr Unwesen treiben. Unterstützt die Bewegung und hofft, dass sie uns vom europäischen Einfluss in China befreit.;;La 'Sociedad de los puños honrados y armoniosos' se ha asentado en algunas de las provincias de nuestra gran nación en las que los extranjeros habían realizado incursiones. Apoya el movimiento, danos la esperanza de acabar con la influencia europea en China.;;;;;;;;;
support_schaumburgs_title;Support The Schaumburg-Lippes;Soutien des Schaumbourg-Lippe;Unterstützt die Schaumburg-Lippes;;Apoyar la Schaumburg-Lippes;;;;;;;;;
support_schaumburgs_desc;The childless death of Woldemar, prince of Lippe-Detmold, in 1895, marked the beginning of a two decade long dispute between two branches of the house of Lippe, the Schaumburgs and the Biesterfelds. By willing the principality to either side, we can prevent the issue from ever arising.;La mort sans enfant de Woldemar, prince de Lippe-Detmold, en 1895, marqua le début d'un conflit long de deux décennies entre deux branches de la Maison de Lippe, les Schaumbourg et les Biesterfeld. En léguant la principauté à l'un des deux camps, nous éviterons une escalade du problème.;Nachdem der Prinz von Lippe-Detmold im Jahr 1895 kinderlos gestorben war, begann ein zwei Jahrzehnte dauernder Disput zwischen den beiden Zweigen des Hauses Lippe, den Schaumburgs und den Biesterfelds. Wenn wir einer der beiden Seiten das Fürstentum gewähren, können wir verhindern, dass dieses Problem jemals aufkommt.;;La muerte sin descendencia en 1895 de Woldemar, príncipe de Lippe-Detmold, marcó el inicio de una disputa que duraría dos décadas entre las dos ramas de la casa de Lippe, los Schaumburg y los Biesterfeld. Si apoyamos a alguna facción del principado podemos evitar que el problema llegue a producirse.;;;;;;;;;
support_biesterfelds_title;Support The Lippe-Biesterfelds;Soutien des Lippe-Biesterfeld;Unterstützt die Lippe-Biesterfelds;;Apoyo a los Lippe-Biesterfeld;;;;;;;;;
support_biesterfelds_desc;§GLose 1 infamy§! The childless death of Woldemar, prince of Lippe-Detmold, in 1895, marked the beginning of a two decade long dispute between two branches of the house of Lippe, the Schaumburgs and the Biesterfelds. By willing the principality to either side, we can prevent the issue from ever arising.;La mort sans enfant de Woldemar, prince de Lippe-Detmold, en 1895, marqua le début d'un conflit long de deux décennies entre deux branches de la Maison de Lippe, les Schaumbourg et les Biesterfeld. En léguant la principauté à l'un des deux camps, nous éviterons une escalade du problème.;Nachdem der Prinz von Lippe-Detmold im Jahr 1895 kinderlos gestorben war, begann ein zwei Jahrzehnte dauernden Disput zwischen den beiden Zweigen des Hauses Lippe, den Schaumburgs und den Biesterfelds. Wenn wir einer der beiden Seiten das Fürstentum gewähren, können wir verhindern, dass dieses Problem jemals aufkommt.;;La muerte sin descendencia en 1895 de Woldemar, príncipe de Lippe-Detmold, marcó el inicio de una disputa que duraría dos décadas entre las dos ramas de la casa de Lippe, los Schaumburg y los Biesterfeld. Si apoyamos a alguna facción del principado podemos evitar que el problema llegue a producirse.;;;;;;;;;
award_order_of_st_francis_title;The Royal Order of Francis I;L'Ordre royal de François Ier;Der Königsorden von Franz I.;;La Real Orden de Francisco I;;;;;;;;;
award_order_of_st_francis_desc;Founded on the 28th of September 1829, the Royal Order of Francis I was an order of merit in The Kingdom of the Two Sicilies, awarded for civil as well as military merit. By awarding the order to a well deserving dignitary, we will be perceived as the righteous and benevolent monarchy that we, naturally, are.;L'Ordre royal de François Ier fut établi le 28 septembre 1829 par le roi des Deux-Siciles pour récompenser le mérite civil ou militaire. En décernant cet ordre à un dignitaire méritant, nous donnerons l'image d'une monarchie droite et bienveillante, ce que nous sommes naturellement.;Der am 28. September 1829 geschaffene Königsorden von Franz I. (Sizilien) war ein Verdienstorden des Königreichs beider Sizilien, der für zivile und militärische Verdienste verliehen wurde. Durch die Verleihung des Ordens an einen verdienstvollen Würdenträger würden wir als die gerechte und wohltätige Monarchie angesehen werden, die wir natürlich auch sind.;;Fundada el 28 de septiembre de 1829, la Real Orden de Francisco I era una orden al mérito del Reino de las Dos Sicilias, que se otorgaba tanto a civiles como a militares. Al conceder la orden a un dignatario merecedor de ella, nos considerarán como la monarquía justa y benevolente que, naturalmente, somos.;;;;;;;;;
RECENT_IMIGRATION_DAYS_LATER_THAN;No immigration for §Y$DAYS$§W days.\n;Pas d'immigration pendant §Y$DAYS$§W jours.\n;Keine Immigration für §Y$DAYS$§W Tage.\n;;No ha habido inmigración en §Y$DAYS$§W días.\n;;;;;;;;;
RECENT_IMIGRATION_DAYS;Immigration in the last §Y$DAYS$§W days.\n;Immigration au cours des §Y$DAYS$§W derniers jours.\n;Immigration während der letzten §Y$DAYS$§W Tage.\n;;Inmigración en los últimos §Y$DAYS$§W días.\n;;;;;;;;;
HAS_COLONIES;is a colonial nation.\n;est une nation coloniale.\n;ist eine Kolonialnation.\n;;es una nación colonial.\n;;;;;;;;;
HAS_NO_COLONIES;is not a colonial nation.\n;n'est pas une nation coloniale.\n;ist keine Kolonialnation.\n;;no es una nación colonial.\n;;;;;;;;;
IS_NOT_GREAT_NATION;is not a Great Power.\n;n'est pas une Grande Puissance.\n;ist keine Großmacht.\n;;no es una gran potencia.\n;;;;;;;;;
das_zivilgesetzbuch_title;The 'Zivilgesetzbuch';Le "Zivilgesetzbuch";Das 'Zivilgesetzbuch';;El 'Zivilgesetzbuch';;;;;;;;;
das_zivilgesetzbuch_desc;The tenth Landtag (parliament) of the Grand Duchy of Hesse, in session between 1844-47, spent a fair amount of its time trying to amalgamate the Napoleonic Civil Code used in the province of Reinhessen, including Mainz, with the traditional German law applied throughout the rest of the Duchy. The result of these efforts was the publication of the 'Zivilgesetzbuch', The Book of Civil Law, in 1847, which effectively united all territories of the Duchy under one common source of law.;Le dixième Landtag (parlement) du grand-duché de Hesse, en séance entre 1844 et 1847, passa le plus clair de son temps à tenter de fusionner le Code civil napoléonien utilisé dans la province de Hesse rhénane (qui incluait la ville de Mayence) et le droit allemand traditionnel appliqué dans le reste du duché. Ces tentatives aboutirent à la publication en 1847 du "Zivilgesetzbuch" (code civil) qui rendait effective l'unification de tous les territoires du duché sous un seul et même code.;Der zehnte Landtag des Großherzogtums Hessen und bei Rhein, der zwischen 1844 und 1847 tagte, verbrachte einen Großteil seiner Zeit mit dem Versuch, das napoleonische Zivilgesetz, das in der Provinz Rheinhessen einschließlich Mainz galt, mit dem traditionellen deutschen Gesetz zu verschmelzen, das im Rest des Großherzogtums gültig war. Das Ergebnis dieser Bemühungen war die Veröffentlichung des Zivilgesetzbuchs im Jahr 1847, das alle Territorien des Großherzogtums unter einem allgemeingültigen Gesetz vereinigte.;;El décimo Landtag (parlamento) del Gran Ducado de Hesse, en ejercicio entre 1844 y 1847, empleó una gran cantidad de tiempo tratando de aglutinar el Código Civil Napoleónico que se utilizaba en la provincia de Reinhessen, incluyendo a Mainz, con las leyes alemanas tradicionales que se aplicaban en el resto del ducado. El resultado de esos esfuerzos fue la publicación del 'Zivilgesetzbuch', el Código de Derecho Civil, en 1847, que unió de forma efectiva a todos los territorios del ducado bajo una ley común.;;;;;;;;;
PROD_NO_CURRENT_PROJECTS;Our §Y$POPTYPE$§W have no projects currently;Notre POP §Y$POPTYPE$§W n'a actuellement aucun projet.;§Y$POPTYPE$§W haben derzeit keine Projekte.;;Nuestros §Y$POPTYPE$§W no tienen proyectos en este momento;;;;;;;;;
niederwald_denkmal_title;The Niederwalddenkmal;Le Niederwalddenkmal;Das Niederwalddenkmal;;El Niederwalddenkmal;;;;;;;;;
niederwald_denkmal_desc;§GLose 3 infamy§! The Niederwalddenkmal is a monument in the Niederwald park, Hesse, Germany. The monument's central figure is a ten meter high statue of Germania, the personification of the German nation, holding aloft the recovered Imperial crown of Germany, flanked by two statues representing War and Peace respectively. Built between 1871 and 1883, the monument was commissioned after the Franco-Prussian war, to commemorate the founding of the German Empire. Let us all rejoice in the glory of our nation united by erecting a monument to stand the tests of time!;Le Niederwalddenkmal est un monument du parc Niederwald d'Hesse, en Allemagne. Au sommet de celui-ci se dresse une statue Germania de 10 mètres de haut, allégorie de la nation allemande. Elle tient dans une main la couronne de l'empereur et dans l'autre l'épée impériale. Sur les côtés du monument, deux petites statues représentent respectivement la Guerre et la Paix. Construit entre 1871 et 1883, le Niederwalddenkmal fut commandé après la guerre franco-allemande pour célébrer la fondation du nouvel Empire allemand. Célébrons l'unification de notre nation en érigeant un monument qui résistera à l'épreuve du temps !;Das Niederwalddenkmal ist ein Monument im Landschaftspark Niederwald in Hessen, Deutschland. Die Zentralfigur des Monuments ist eine zehn Meter hohe Germania, die Personifizierung der deutschen Nation, die mit der rechten Hand die deutsche Kaiserkrone empor hält. Flankiert wird sie von zwei Statuen, die Krieg und Frieden repräsentieren. Das Monument wurde zwischen 1871 und 1883 gebaut. Es war nach dem deutsch-französischen Krieg in Auftrag gegeben worden, um an die Gründung des deutschen Kaiserreichs zu erinnern. Lasst uns alle die Glorie unserer Nation feiern, die vereinigt durch die Errichtung eines großartigen Monuments die Zeiten überdauern wird!;;El Niederwalddenkmal es un monumento situado en el parque Niederwald, en Hesse, Alemania. La estatua central del monumento es una figura de Germania de diez metros de altura, que personifica la nación alemana, que levanta en alto la corona imperial de Alemania, flanqueada por dos estatuas que representan respectivamente a la Guerra y a la Paz. Construido entre 1871 y 1883, el monumento fue encargado tras la Guerra Franco-Prusiana para conmemorar la fundación del Imperio Alemán. ¡Regocijémonos todos en la gloria de nuestra nación unida por la erección de un monumento que desafiará el paso del tiempo!;;;;;;;;;
build_vittoriano_title;Altare della Patria;Altare della Patria;Altare della Patria;;Altare della Patria;;;;;;;;;
build_vittoriano_desc;The Altare della Patria, or 'Vittoriano', is a monument in Rome, Italy, inagurated in 1911, dedicated to Victor Emmanuel II and built to commemorate the founding of the Italian nation. Let other nations bask in the glory of Rome reborn, by constructing a monument worthy of our young nation.;L'Autel de La Patrie (Altare della Patria), également connu sous le nom de "Vittoriano", est un monument de Rome, en Italie, inauguré en 1911 en l'honneur de Victor-Emmanuel II afin de célébrer la fondation de la nation italienne. Permettons aux autres nations d'admirer la gloire de la nouvelle Rome en bâtissant un monument digne de notre jeune nation.;Das Altare della Patria oder 'Vittoriano' ist ein im Jahr 1911 eingeweihtes Monument in Rom, Italien. Es ist Vittorio Emanuele II. gewidmet und soll an die Gründung der italienischen Nation erinnern. Wenn wir ein Monument errichten, das unserer jungen Nation würdig ist, werden sich andere Nation im Glanze Roms sonnen.;;El Altare della Patria, o 'Vittoriano', es un monumento situado en Roma, Italia, que se inauguró en 1911 como dedicatoria a Victor Manuel II y conmemoración de la fundación de la nación italiana. Que las demás naciones se recreen en la gloria de una Roma renacida mediante la construcción de un monumento digno de nuestra joven nación.;;;;;;;;;
BUDGET_BANK_BIGGEST_INVESTORS;Biggest investors:\n;Les plus importants investisseurs :\n;Größte Investoren:\n;;Mayores inversores:\n;;;;;;;;;
POLITICS_ALREADY_RULING_PARTY;$PARTY$ is already the ruling party.;$PARTY$ est déjà le parti dirigeant.;$PARTY$ ist bereits Regierungspartei.;;El gobierno ya está ocupado por el $PARTY$.;;;;;;;;;
POLITICS_CANNOT_SET_RULING_PARTY_RULE;Our government form does not allow us to appoint ruling parties;Notre régime politique ne nous permet pas de désigner les partis dirigeants.;Unsere Regierungsform verbietet uns die Ernennung von Regierungsparteien.;;Nuestra forma de gobierno no nos permite elegir al partido del gobierno.;;;;;;;;;
BANK_OF;Bank of $COUNTRY$;Banque de $COUNTRY$;Bank von $COUNTRY$;;Banco de $COUNTRY$;;;;;;;;;
TRADE_STOCKPILE_BUY;We spent §Y$MONEY$§W¤ yesterday to buy §Y$UNITS$§W units;Nous avons dépensé §Y$MONEY$§W¤hier pour acheter §Y$UNITS$§W unités.;Wir gaben gestern §Y$MONEY$§W¤ zum Kauf von §Y$UNITS$§W aus.;;Ayer gastamos §Y$MONEY$§W¤ para comprar §Y$UNITS$§W unidades;;;;;;;;;
TRADE_STOCKPILE_SOLD;We gained §Y$MONEY$§W¤ yesterday by selling §Y$UNITS$§W units;Nous avons gagné §Y$MONEY$§W¤hier en vendant §Y$UNITS$§W unités.;Wir verdienten gestern §Y$MONEY$§W¤ durch den Verkauf von §Y$UNITS$§W.;;Ayer ganamos §Y$MONEY$§W¤ por vender §Y$UNITS$§W unidades;;;;;;;;;
annals_of_the_fulani_jihad_title;Annals of The Fulani Jihad;Annales du djihad Peul;Die Annalen des Dschihads der Fulbe;;Anales de la Yihad Fulani;;;;;;;;;
annals_of_the_fulani_jihad_desc;Abdullahi dan Fodio (1766-1828), the emir of Gwandu, wrote, while he was still alive, a book on the Fulani Jihad, the baptism of fire by which Sokoto was formed. By spreading word of this magnificent work of history, we can bring glory and renown to our nation.;Le regretté Abdullahi dan Fodio (1766-1828), émir de Gwandou, a écrit un livre sur le djihad Peul, le baptême de feu par lequel Sokoto fut formé. En vantant partout ce magnifique ouvrage d'histoire, nous pourrons apporter gloire et renommée à notre nation.;Abdullahi dan Fodio (1766-1828), der Emir von Gwandu, schrieb zu Lebzeiten ein Buch über den Dschihad der Fulbe, die Feuertaufe, die zur Gründung von Sokoto führte. Indem wir dieses hervorragende Geschichtswerk bekannt machen, können wir unserer Nation Ruhm und Renommee einbringen.;;Abdullahi dan Fodio (1766-1828), el emir de Gwandu escribió antes de morir un libro sobre la Yihad Fulani, el bautismo de fuego en el que formó Sokoto. Si difundimos este magnífico trabajo de historia, podemos obtener gloria y renombre para nuestra nación.;;;;;;;;;
hellenic_parliament_title;Voule ton Ellinon;Voulí ton Ellínon;Voule ton Ellinon;;Voule ton Ellinon;;;;;;;;;
hellenic_parliament_desc;The first national parliament of the modern Greek state was instituted only in 1843, and only after the September 3rd Revolution of that same year had effectively forced then King Otto to grant the country a constitution. The inauguration of the first 'Voule ton Ellinon', the Hellenic parliament, marks not only Greece's transition to a constitutional monarchy, but also the first taste of democracy in Hellas since the ancients.;Le premier parlement national de la Grèce moderne ne fut créé qu'en 1843 suite au coup d'État du 3 septembre qui contraignit le roi Othon Ier à accorder une constitution au pays. L'inauguration du premier "Voulí ton Ellínon", le Parlement hellénique, marque non seulement la transition de la Grèce vers une monarchie constitutionnelle, mais aussi ses premiers pas dans la démocratie d'Hellás depuis l'antiquité.;Das erste Nationalparlament des modernen griechischen Staats wurde erst im Jahr 1843 aufgestellt, und König Otto gewährte dem Land erst nach der Revolution des dritten Septembers eine Verfassung. Die Einführung der ersten 'Voule ton Ellinon', dem hellenischen Parlament, stand nicht nur für den Übergang Griechenlands zu einer konstitutionellen Monarchie, sondern brachte den Griechen erstmals seit der Antike wieder einen Hauch von Demokratie.;;El primer parlamento nacional del estado griego moderno no fue instituido hasta1843, solo después de que la revolución del 3 de septiembre del mismo año hubiese obligado al rey Otto a conceder una constitución al país. La inauguración del primer 'Voule ton Ellinon', el parlamento helénico, no solo marca la transición de Grecia a una monarquía constitucional, sino que aporta a la Hélade su primera democracia desde la Antigüedad.;;;;;;;;;
palais_garnier_title;Build the Palais Garnier;Construction du Palais Garnier;Baut den Palais Garnier;;Construcción del Palais Garnier;;;;;;;;;
palais_garnier_desc;The Palais Garnier was, from its inauguration in 1875 to 1989, the chief home of the Paris Opera. Designed by Charles Garnier in the Neo-Baroque style, the Opera House was widely regarded in its day as a masterpiece of modern architecture, and was widely imitated all over the western world. The Palais also served as the inspiration for Gaston Leroux' classic novel 'The Phantom of the Opera'.;Le Palais Garnier a accueilli l'Opéra de Paris entre 1875 (date de son inauguration) et 1989. Conçu par Charles Garnier dans le style néobaroque, l'Opéra fut considéré en son temps comme un chef-d'?uvre d'architecture moderne, ce qui lui valut d'être largement imité dans tout l'Occident. Le Palais Garnier a également inspiré Gaston Leroux pour son célèbre roman "Le Fantôme de l'Opéra".;Der Palais Garnier war nach seiner Einweihung im Jahr 1875 bis 1989 der Hauptsitz der Pariser Oper. Das Opernhaus war von Charles Garnier im neobarocken Stil entworfen worden und galt damals als architektonisches Meisterwerk, das in vielen westlichen Ländern imitiert wurde. Der Palais war auch die Inspiration für Gaston Leroux' Klassiker 'Das Phantom der Oper'.;;El Palais Garnier fue, desde su inauguración en 1875 hasta 1989 el hogar principal de la Ópera de París. Diseñada por Charles Garnier en estilo neobarroco, este teatro de la ópera fue considerado en su día como la obra maestra de la arquitectura moderna se imito ampliamente por todo el mundo occidental. También sirvió como inspiración para el clásico de Gaston Leroux 'El Fantasma de la Ópera'.;;;;;;;;;
COUNTRYALERT_IsBuildingFactories;We are building/expanding factories in the following states:;Nous construisons/agrandissons des usines dans les États suivants :;Wir bauen/erweitern Fabriken in den folgenden Staaten:;;Estamos construyendo o ampliando fábricas en los siguientes estados:;;;;;;;;;
REMOVE_COUNTRYALERT_HasClosedFactories;There are closed factories in the following states:;Il y a des usines fermées dans les États suivants :;In folgenden Staaten gibt es geschlossene Fabriken:;;Hay fábricas cerradas en los siguientes estados:;;;;;;;;;
REMOVE_COUNTRYALERT_HasUnemployedWorkers;The following states have unemployed workers:;Les États suivants ont des chômeurs :;In den folgenden Staaten gibt es arbeitslose Arbeiter:;;Hay trabajadores desempleados en los siguientes estados:;;;;;;;;;
COUNTRYALERT_CanDoReforms;We can enact the following reforms:;Nous pouvons entreprendre les réformes suivantes :;Wir können die folgenden Reformen verabschieden:;;Podemos promulgar las siguientes reformas:;;;;;;;;;
COUNTRYALERT_CanDoDecisions;We can enact the following decisions:;Nous pouvons prendre les décisions suivantes :;Wir können die folgenden Entscheidungen verfügen:;;Podemos promulgar las siguientes decisiones:;;;;;;;;;
COUNTRYALERT_IsInElection;There's currently an election being held in our nation. By §Y$DATE$§W, a new ruling party will be elected.;Des élections se préparent actuellement dans notre nation. Le §Y$DATE$§W, un nouveau parti sera élu.;In unserer Nation wird gerade eine Wahl abgehalten. Am §Y$DATE$§W wird eine neue Regierungspartei gewählt.;;En este momento se están celebrando elecciones en nuestra nación. Para el §Y$DATE$§W, se habrá elegido un nuevo partido gobernante.;;;;;;;;;
COUNTRYALERT_HaveRebels;There are rebels rising in our nation!;Les rebelles sont de plus en plus influents dans notre pays !;In unserer Nation erheben sich Rebellen!;;¡Los rebeldes se alzan en nuestra nación!;;;;;;;;;
REMOVE_COUNTRYALERT_CanIncreaseOpinion;We can increase the opinion of our nation in the following nation(s):;Nous pouvons améliorer l'opinion de la (des) nation(s) suivante(s) à notre égard :;Wir können die Meinung über unsere Nation in der/den folgenden Nation/en steigern:;;Podemos mejorar la opinión de nuestra nación en las siguientes naciones:;;;;;;;;;
COUNTRYALERT_LoosingGPStatus;We are losing §YGreat Power§W status! If we don't regain by §Y$DAYS$§W, the world will no longer view us as a §YGreat Power§W!;Nous courons le risque de perdre notre statut ! Si nous ne le récupérons pas avant le §Y$DAYS$§W, le monde ne nous considérera plus comme une §YGrande Puissance§W !;Wir verlieren unseren §YGroßmacht§W-Status! Wenn wir dies nicht bis zum §Y$DAYS$§W ändern können, wird uns die Welt nicht mehr als §YGroßmacht§W betrachten!;;¡Perdemos la consideración de §Ygran potencia§W! Si no la hemos recuperado para §Y$DAYS$§W, ¡el mundo ya no nos considerará una §Ygran potencia§W!;;;;;;;;;
COUNTRYALERT_NO_IsBuildingFactories;We are currently not building/expanding any factories;Nous ne construisons/agrandissons aucune usine actuellement.;Wir bauen/erweitern derzeit keine Fabriken.;;En este momento, no estamos construyendo ni ampliando ninguna fábrica.;;;;;;;;;
REMOVE_COUNTRYALERT_NO_HasClosedFactories;There are no closed factories in our nation;Aucune usine n'est fermée dans notre nation.;In unserer Nation gibt es keine geschlossene Fabriken.;;No hay fábricas cerradas en nuestra nación.;;;;;;;;;
COUNTRYALERT_NO_HasUnemployedWorkers;There are no unemployed workers in our nation;Il n'y a pas de chômeurs dans notre nation.;In unserer Nation gibt es keine arbeitslosen Arbeiter.;;No hay trabajadores desempleados en nuestra nación.;;;;;;;;;
COUNTRYALERT_NO_CanDoReforms;We cannot enact any reforms;Nous ne pouvons entreprendre aucune réforme.;Wir können keine Reformen verabschieden.;;No podemos promulgar ninguna reforma.;;;;;;;;;
REMOVE_COUNTRYALERT_NO_CanDoDecisions;We cannot enact any decisions;Nous ne pouvons prendre aucune décision :;Wir können keine Entscheidungen verfügen.;;No podemos promulgar ninguna decisión.;;;;;;;;;
COUNTRYALERT_NO_IsInElection;There's currently no election taking place in our nation;Aucune élection n'est en cours dans notre nation.;In unserer Nation wird gerade keine Wahl abgehalten.;;En este momento no se están celebrando elecciones en nuestra nación.;;;;;;;;;
COUNTRYALERT_NO_HaveRebels;We have no rebels in our nation;Nous n'avons pas de rebelles dans notre nation.;In unserer Nation gibt es keine Rebellen.;;No hay rebeldes en nuestra nación.;;;;;;;;;
REMOVE_COUNTRYALERT_NO_CanIncreaseOpinion;We cannot increase the opinion of our nation in any other nations;Nous ne pouvons pas améliorer l'opinion des autres nations à notre égard.;Wir können die Meinung über unsere Nation in keinen anderen Nationen steigern.;;No podemos mejorar la opinión de nuestra nación en ninguna otra nación.;;;;;;;;;
COUNTRYALERT_NO_LoosingGPStatus;We are not losing §YGreat Power§W status;Nous ne perdons pas le statut de §YGrande Puissance§W.;Wir verlieren unseren §YGroßmacht§W-Status nicht!;;No estamos perdiendo la consideración de §Ygran potencia§W.;;;;;;;;;
COUNTRYALERT_NO_GPStatus;We are not a §YGreat Power§W;Nous ne sommes pas une §YGrande Puissance§W.;Wir sind keine §YGroßmacht§W!;;No somos una §Ygran potencia§W;;;;;;;;;
PEACE_DESC;Negotiate for peace;Négocier pour la paix;Friedensverhandlungen einleiten;;Negociación de paz;;;;;;;;;
TOPBAR_TOP5_GOODS;Our top 5 domestic produced goods are:;Nos cinq premiers produits nationaux sont :;Unsere fünf am häufigsten produzierten Güter sind:;;Nuestros 5 principales bienes de producción son:;;;;;;;;;
TOPBAR_HISTORICAL_INCOME;The last §Y$DAYS$§W days, our highest income was $MAX$¤ and our lowest was $MIN$¤.;Ces §Y$DAYS$§W derniers jours, notre revenu maximum fut de $MAX$ ¤ et le minimum de $MIN$ ¤.;Während der letzten §Y$DAYS$§W Tage war unser höchstes Einkommen $MAX$¤ und unser geringstes Einkommen $MIN$¤.;;Durante los últimos §Y$DAYS$§W días, nuestro ingreso máximo fue $MAX$¤ y el mínimo $MIN$¤.;;;;;;;;;
TOPBAR_FUNDS;Yesterday we earned $YESTERDAY$¤. Our current cash reserve is §Y$CASH$§W¤.;Hier, nous avons gagné $YESTERDAY$¤\nNotre réserve de liquidité actuelle est de §Y$CASH$§W¤;Gestern verdienten wir $YESTERDAY$¤. Unsere Geldreserven betragen derzeit §Y$CASH$§W¤.;;Ayer ganamos $YESTERDAY$¤. Nuestra reserva monetaria actual es de §Y$CASH$§W¤.;;;;;;;;;
TOPBAR_AVG_LITERACY;The average §Yliteracy§W of our population is §Y$AVG$§W%;Le §Ytaux d'alphabétisation§W de notre population est de §Y$AVG$%§W.;Die durchschnittliche §YAlphabetisierung§W unserer Bevölkerung beträgt §Y$AVG$§W%.;;La §Yalfabetización§W media de nuestra población es de §Y$AVG$§W%.;;;;;;;;;
TOPBAR_AVG_MIL;The average §Ymilitancy§W of our population is §Y$AVG$§W;Le §Ymilitantisme§W moyen de notre population est de §Y$AVG$§W.;Die durchschnittliche §YMilitanz§W unserer Bevölkerung beträgt §Y$AVG$§W%.;;La §Ymilitancia§W media de nuestra población es de §Y$AVG$§W.;;;;;;;;;
TOPBAR_AVG_CON;The average §Yconsciousness§W of our population is §Y$AVG$§W;La §Yconscience nationale§W de notre population est de §Y$AVG$§W.;Das durchschnittliche §Yconsciousness§W unserer Bevölkerung beträgt §Y$AVG$§W%.;;La §Yconsciencia§W media de nuestra población es de §Y$AVG$§W.;;;;;;;;;
TOPBAR_TOP_IMPORTS;Our top §Y$N$§W imported good(s) are:;Nos §Y$N$§W premières importations de produits sont :;Unsere §Y$N$§W am häufigsten importierte Güter sind:;;Nuestros §Y$N$§W principales bienes importados son:;;;;;;;;;
TOPBAR_TOP_EXPORTS;Our top §Y$N$§W exported good(s) are:;Nos §Y$N$§W premières exportations de produits sont :;Unsere §Y$N$§W am häufigsten exportierte Güter sind:;;Nuestros §Y$N$§W principales bienes exportados son:;;;;;;;;;
TOPBAR_ARMY_TOOLTIP;We have fielded §Y$CURR$§W out of §Y$MAX$§W possible brigades that our §YSoldiers§W can support;Nous avons déployé §Y$CURR$§W des §Y$MAX$§W régiments que nos §Ysoldats§W peuvent soutenir.;Wir haben §Y$CURR$§W von §Y$MAX$§W möglichen Regimentern zum Einsatz gebracht, die unsere §YSoldaten§W unterstützen können.;;Hemos desplegado §Y$CURR$§W de las §Y$MAX$§W brigadas que pueden sustentar como máximo nuestros §Ysoldados§W.;;;;;;;;;
TOPBAR_SHIP_TOOLTIP;Our navy has a total of §Y$CURR$§W ships.;Notre marine totalise §Y$CURR$§W navires.;Unsere Marine verfügt insgesamt über §Y$CURR$§W Schiffe.;;Nuestra flota tiene un total de §Y$CURR$§W barcos.;;;;;;;;;
TOPBAR_MOBILIZE_TOOLTIP;We can currently field §Y$CURR$§W brigades if we mobilize our §YPoor§W citizens;Nous pouvons actuellement déployer §Y$CURR$§W régiments si nous mobilisons nos citoyens des §Yclasses défavorisées§W.;Wir können derzeit §Y$CURR$§W Regimenter zum Einsatz bringen, wenn wir die Bürger unserer §YArmenschicht§W mobilisieren.;;En este momento podemos desplegar §Y$CURR$§W brigadas si movilizamos a nuestros ciudadanos §Ypobres§W.;;;;;;;;;
TOPBAR_LEADERSHIP_TOOLTIP;We have a total of §Y$CURR$ leadership points§W;Nous totalisons §Y$CURR$ points de commandement§W.;Wir haben insgesamt §Y$CURR$§W Anführerpunkte.;;Tenemos un total de §Y$CURR$ puntos de liderazgo§W.;;;;;;;;;
TOPBAR_MOBILIZED;We have mobilized all our available troops!;Nous avons mobilisé toutes nos troupes disponibles !;Wir haben alle verfügbaren Truppen mobilisiert!;;¡Hemos movilizado a todas nuestras tropas disponibles!;;;;;;;;;
TOPBAR_DIPLOPOINTS;We have a total of §Y$CURR$§W diplomatic points;Nous totalisons §Y$CURR$ points de diplomatie§W.;Wir haben insgesamt §Y$CURR$§W Diplomatiepunkte.;;Tenemos un total de §Y$CURR$ puntos diplomáticos.;;;;;;;;;
TOPBAR_GOVERNMENT;Our current government is §Y$CURR$§W;Notre gouvernement actuel est §Y$CURR$§W.;Unsere aktuelle Regierung ist §Y$CURR$§W.;;Nuestro gobierno actual es: §Y$CURR$§W¤.;;;;;;;;;
TOPBAR_RULING_PARTY;Our current ruling party is §Y$CURR$§W;Notre parti dirigeant actuel est §Y$CURR$§W.;Unsere aktuelle Regierungspartei ist §Y$CURR$§W.;;Nuestro partido gobernante actual es §Y$CURR$§W¤.;;;;;;;;;
TOPBAR_UNEMPLOYED;§Y$NUM$§W unemployed §Y$TYPE$§W in $STATE$ ($PERC$§W% of total);§Y$NUM$§W §Y$TYPE$§W chômeurs en $STATE$ ($PERC$ %§W du total);§Y$NUM$§W arbeitlose §Y$TYPE$§W in $STATE$ ($PERC$§W% des Gesamtwerts);;§Y$NUM$§W §Y$TYPE$§W desempleados en $STATE$ ($PERC$§W% del total);;;;;;;;;
TOPBAR_XINY;§Y$X$§W in $Y$;§Y$X$§W en $Y$;§Y$X$§W in $Y$;;§Y$X$§W en $Y$;;;;;;;;;
TOPBAR_AT_PEACE;At peace;En paix;Im Frieden;;En paz;;;;;;;;;
TOPBAR_FACTION;§Y$NAME$§W, total §Y$STRENGTH$§W rebels, average organization: §Y$ORG$§W%;§Y$NAME$§W, rebelles §Y$STRENGTH$§W au total, organisation moyenne : §Y$ORG$%§W;§Y$NAME$§W, insgesamt §Y$STRENGTH$§W Rebellen, durchschn. Organisation: §Y$ORG$§W%;;§Y$NAME$§W, §Y$STRENGTH$§W rebeldes en total, organización media: §Y$ORG$§W%;;;;;;;;;
TOPBAR_PROJECTED_INCOME;Projected daily income: $VAL$¤;Projection du revenu quotidien : $VAL$¤;Voraussichtliches Tageseinkommen: $VAL$¤;;Ingresos diarios previstos: $VAL$¤;;;;;;;;;
SIDEMENU_menubar_msg_combat;Left-click to show all §YCombat§W messages. Right-click to dismiss all.;Faites un clic gauche pour afficher tous les messages de §Ycombat§W. Faites un clic droit pour tout écarter.;Zum Anzeigen aller §YGefechts§W-Nachrichten linksklicken. Zum Ausblenden aller Nachrichten rechtsklicken.;;Haz clic izquierdo para mostrar todos los mensajes de §Ycombate§W. Haz clic derecho para cancelar.;;;;;;;;;
SIDEMENU_menubar_msg_diplo;Left-click to show all §YDiplomatic§W messages. Right-click to dismiss all.;Faites un clic gauche pour afficher tous les messages §Ydiplomatiques§W. Faites un clic droit pour tout écarter.;Zum Anzeigen aller §YDiplomatie§W-Nachrichten linksklicken. Zum Ausblenden aller Nachrichten rechtsklicken.;;Haz clic izquierdo para mostrar todos los mensajes §Ydiplomáticos§W. Haz clic derecho para cancelar.;;;;;;;;;
SIDEMENU_menubar_msg_unit;Left-click to show all §YUnit§W messages. Right-click to dismiss all.;Faites un clic gauche pour afficher tous les messages relatifs aux §Yunités§W. Faites un clic droit pour tout écarter.;Zum Anzeigen aller §YEinheiten§W-Nachrichten linksklicken. Zum Ausblenden aller Nachrichten rechtsklicken.;;Haz clic izquierdo para mostrar todos los mensajes de §Yunidades§W. Haz clic derecho para cancelar.;;;;;;;;;
SIDEMENU_menubar_msg_province;Left-click to show all §YProvince§W messages. Right-click to dismiss all.;Faites un clic gauche pour afficher tous les messages relatifs à la §Yprovince§W. Faites un clic droit pour tout écarter.;Zum Anzeigen aller §YProvinz§W-Nachrichten linksklicken. Zum Ausblenden aller Nachrichten rechtsklicken.;;Haz clic izquierdo para mostrar todos los mensajes de §Yprovincias§W. Haz clic derecho para cancelar.;;;;;;;;;
SIDEMENU_menubar_msg_other;Left-click to show all §YOther§W messages. Right-click to dismiss all.;Faites un clic gauche pour afficher tous les §Yautres§W messages. Faites un clic droit pour tout écarter.;Zum Anzeigen aller §Yanderen§W Nachrichten linksklicken. Zum Ausblenden aller Nachrichten rechtsklicken.;;Haz clic izquierdo para mostrar los §Yotros§W mensajes. Haz clic derecho para cancelar.;;;;;;;;;
SIDEMENU_menubar_msg_event;Left-click to show all §YEvent§W messages. Right-click to dismiss all.;Faites un clic gauche pour afficher tous les messages relatifs aux §Yévénements§W. Faites un clic droit pour tout écarter.;Zum Anzeigen aller §YEreignis§W-Nachrichten linksklicken. Zum Ausblenden aller Nachrichten rechtsklicken.;;Haz clic izquierdo para mostrar todos los mensajes de §Yeventos§W. Haz clic derecho para cancelar.;;;;;;;;;
the_scotland_yard_title;Scotland Yard;Scotland Yard;Das Scotland Yard;;Scotland Yard;;;;;;;;;
the_scotland_yard_desc;The Metropolitan Police, incorporated by the Metropolitan Police Act of 1829, became known informally during the Victorian era as 'The Scotland Yard' after its headquarters at 4 Whitehall Palace, the site of an earlier road called 'The Great Scotland Yard'. One of the most iconic police services of the era, mentioned in works by, among others, Jules Verne and Arthur Conan Doyle, the Yard could certainly help us solve a crime or two.;Sous l'ère victorienne, la police métropolitaine, incorporée par le Metropolitan Police Act de 1829, fut surnommée "Scotland Yard" suite à l'installation de ses bureaux au 4 Whitehall Palace à l'emplacement d'une ancienne route appelée "The Great Scotland Yard". Cité dans des ?uvres de Jules Verne et d'Arthur Conan Doyle, entre autres, Scotland Yard fut l'un des services de police les plus légendaires de son époque. Il pourrait certainement nous aider à élucider un ou deux crimes.;Die Metropolitan Police, gegründet im Metropolitan Police Act von 1829, wurde während des Viktorianischen Zeitalters üblicherweise als 'The Scotland Yard' bezeichnet, da ihr Hauptquartier, 4 Whitehall Palace, am Ende der Straße Whitehall lag, genannt Great Scotland Yard. Diese Polizeitruppe war eine der ikonischsten ihrer Ära und wurde unter anderem in Werken von Jules Verne and Arthur Conan Doyle erwähnt, und könnte für uns sicher das ein oder andere Verbrechen aufklären.;;La Policía Metropolitana, incorporada por el Acta de la Policía Metropolitana de 1829, fue conocida de forma informal durante la era victoriana como 'Scotland Yard', en honor a su cuartel general, situado en el número 4 de Whitehall Palace, por donde pasaba una calle anterior llamada 'The Great Scotland Yard'. Uno de los servicios de policía más icónicos del período, mencionado en las obras de autores como Julio Verne o Arthur Conan Doyle, podría ayudarnos a resolver más de un crimen.;;;;;;;;;
the_yard;The Scotland Yard;Scotland Yard;Das Scotland Yard;;Scotland Yard;;;;;;;;;
the_yard_desc;The Metropolitan Police, Scotland Yard, is hard at work playing the second fiddle to Sherlock Holmes.;La police métropolitaine, Scotland Yard, joue les seconds rôles auprès de Sherlock Holmes.;Die Metropolitan Police, Scotland Yard, ist fleißig dabei, im Schatten von Sherlock Holmes zu stehen.;;Scotland Yard, la Policía Metropolitana está muy ocupada dando la réplica a Sherlock Holmes.;;;;;;;;;
call_geneva_convention_title;The Geneva Convention;La convention de Genève;Die Genfer Konvention;;La Convención de Ginebra;;;;;;;;;
call_geneva_convention_desc;Having seen the brutality and horror of the aftermath of the battle of Solferino, Jean Henri Dunant, in 1862, published a witness account of the battle called 'Un Souvenir de Solferino' (A Memory of Solferino), printed at his own expense. Drawing on his experiences, Dunant began formulating ideas about setting up an international organization dedicated to the treating of war wounded, and also toured Switzerland extensively to lecture. Against the backdrop of such ideas, the Swiss parliament, in 1864, called an international convention at Geneva to establish international laws for the conduct of war.;Révolté par les dégâts humains de la bataille de Solférino, Jean Henri Dunant, écrit en 1862 un livre intitulé "Un souvenir de Solférino" qu'il publie à ses propres frais. Fort de son expérience, Dunant émet l'idée d'une organisation internationale destinée à soigner les blessés de guerre et donne de nombreuses conférences dans toute la Suisse. S'appuyant sur cette idée, le parlement suisse organise en 1864 à Genève une convention internationale pour établir des règles internationales de protection des personnes lors des conflits armés.;Nachdem er die Brutalität und die Schrecken nach der Schlacht von Solferino gesehen hatte, veröffentlichte Jean Henri Dunant im Jahr 1862 auf eigene Kosten einen Augenzeugenbericht über die Schlacht, 'Un Souvenir de Solferino' (Eine Erinnerung an Solferino). Aufbauend auf seine eigenen Erfahrungen begann Dunant, Ideen zur Einrichtung eines internationalen Komitees der Hilfsgesellschaften für die Verwundetenpflege zu formulieren und unternahm in der Schweiz extensive Vortragsreisen. Vor dem Hintergrund dieser Ideen berief das schweizer Parlament 1864 in Genf eine internationale Konvention ein, um international gültige Gesetze für die Kriegsführung aufzustellen.;;Tras presenciar el horror y la brutalidad de la batalla de Solferino, Jean Henri Dunant publicó en 1862 una crónica de la batalla llamada 'Un Souvenir de Solferino', que había mandado imprimir de su bolsillo. Partiendo de sus experiencias, Dunant comenzó a formular ideas sobre el establecimiento de una organización internacional que se dedicase a tratar a los heridos de guerra, además de viajar por toda Suiza dando conferencias. En lugar de abandonar tales ideas, en 1864, el Parlamento Suizo solicitó una convención internacional en Ginebra para establecer unas leyes internacionales para la realización de la guerra.;;;;;;;;;
EVTNAME31311;The Geneva Convention;La convention de Genève;Die Genfer Konvention;;La Convención de Ginebra;;;;;;;;;
EVTDESC31311;Article_1._Ambulances_and_military_hospitals_shall_be_recognized_as_neutral,_and_as_such,_protected_and_respected_by_the_belligerents_as_long_as_they_accommodate_wounded_and_sick.'\n\nSwitzerland_has_called_an_international_convention_at_Geneva_to_discuss,_formalize_and_agree_upon_a_set_of_international_rules_and_guidelines_for_the_conduct_of_war._All_the_western_nations_of_the_world_have_been_invited_to_sign_what_will_become_known_as_'The_Geneva_Convention';Article_1._"Les_ambulances_et_les_hôpitaux_militaires_seront_reconnus_neutres,_et,_comme_tels,_protégés_et_respectés_par_les_belligérants."\n\nLa_Suisse_a_organisé_à_Genève_une_convention_internationale_pour_définir_des_règles_internationales_de_protection_des_personnes_lors_des_conflits_armés._Toutes_les_nations_civilisées_du_monde_ont_été_invitées_à_signer_ce_que_l'on_connaîtra_plus_tard_sous_le_nom_de_"Convention_de_Genève".;1._Paragraph:_Sanitätsfahrzeuge_und_Feldlazarette_sollen_als_neutral_behandelt_werden_und_als_solche_von_den_kriegsführenden_Parteien_geschützt_und_respektiert_werden,_so_lange_sie_Verwundete_und_Kranke_beherbergen.'\n\nDie_Schweiz_hat_in_Genf_eine_internationale_Konvention_einberufen,_um_international_gültige_Gesetze_und_Richtlinien_für_die_Kriegsführung_zu_diskutieren,_zu_Papier_zu_bringen_und_zu_verabschieden._Alle_zivilisierten_Nationen_wurden_eingeladen,_die_sogenannte_'Genfer_Konvention'_zu_unterschreiben.;;Artículo_1._'Las_ambulancias_y_los_hospitales_militares_deben_ser_considerados_neutrales_y,_como_tales,_protegidos_y_respetados_por_los_beligerantes_mientras_que_den_cobijo_a_heridos_y_enfermos.'\n\nSuiza_ha_solicitado_una_convención_internacional_en_Ginebra_para_discutir,_formalizar_y_llegar_a_un_acuerdo_acerca_de_una_serie_de_reglas_y_normas_internacionales_para_tiempos_de_guerra._Todas_las_naciones_civilizadas_del_mundo_han_sido_invitadas_a_firmar_lo_que_se_conocerá_como_la_'Convención_de_Ginebra'.;;;;;;;;;
EVTOPTA31311;Naturally we shall sign this humanitarian document of progress;Naturellement, nous allons signer ce document humanitaire de progrès.;So ein humanitäres und fortschrittliches Dokument werden wir selbstverständlich unterschreiben.;;Naturalmente, firmaremos este humanitario documento progresista.;;;;;;;;;
EVTOPTB31311;We do not, at this time, feel inclined to sign this document;Nous ne sommes pas disposés à signer ce document pour le moment.;Derzeit sind wir nicht gewillt, dieses Dokument zu unterschreiben.;;En este momento, no nos sentimos inclinados a firmar este documento.;;;;;;;;;
signed_the_geneva_convention;The Geneva Convention;La convention de Genève;Die Genfer Konvention;;La Convención de Ginebra;;;;;;;;;
signed_the_geneva_convention_desc;Our country is a signatory of the Geneva Convention;Nous faisons partie des pays signataires de la convention de Genève.;Unser Land gehört zu den Unterzeichnern der Genfer Konvention.;;Nuestro gobierno ha firmado la Convención de Ginebra.;;;;;;;;;
PRODUCTION_SORT_BY_INFRA;Infrastructure;Infrastructures;Infrastruktur;;Infraestructura;;;;;;;;;
BUILD_ESTIMATED_COST;Estimated cost of goods not in stockpile: §R$COST$§W¤;Coût estimé des marchandises qui ne sont pas en réserve : §R$COST$§W¤;Geschätzte Kosten für Güter, die nicht im Nationalvorrat sind: §R$COST$§W¤;;Coste estimado de bienes que no están en la reserva: §R$COST$§W¤;;;;;;;;;
PRODUCTION_NEED_TECH;We must discover §Y$TECH$§W in order to produce §Y$GOOD$§W;Nous devons découvrir §Y$TECH$§W pour produire §Y$GOOD$§W;Zur Produktion von §Y$GOOD$§W müssen wir §Y$TECH$§W erforschen.;;Hemos de descubrir §Y$TECH$§W para poder producir §Y$GOOD$§W;;;;;;;;;
PRODUCTION_NEED_FACTORY;To produce §Y$GOOD$§W, we can build a §Y$FACTORY$§W;Nous pouvons construire un(e) §Y$FACTORY$§W pour produire §Y$GOOD$§W;Zur Produktion von §Y$GOOD$§W können wir bauen: §Y$FACTORY$§W.;;Para producir §Y$GOOD$§W, podemos construir una §Y$FACTORY$§W;;;;;;;;;
PRODUCTION_NEED_RGO;To produce §Y$GOOD$§W, we need to own a province producing it;Pour produire §Y$GOOD$§W, nous devons posséder une province qui en produise.;Zur Produktion von §Y$GOOD$§W müssen wir eine Provinz besitzen, die dieses Gut produziert.;;Para producir §Y$GOOD$§W, necesitamos poseer una provincia que lo produzca.;;;;;;;;;
pass_folkskolereformen_title;Folkskolereformen;La Folkskolereformen;Folkskolereformen;;Folkskolereformen;;;;;;;;;
pass_folkskolereformen_desc;Folkskolereformen', The 'People School' Reform, was a law passed in Sweden in 1842 that introduced compulsory schooling for all Swedish children in a number of basic subjects, provided for by the state. 'Folkskolan' would remain the basis of Sweden's educational system up until the early 1970's, when it was sadly phased out in favor of ignorance and poor grammar.;La "Folkskolereformen" (la réforme de l'école du peuple) est une loi suédoise de 1842 qui rendit obligatoire pour tous les enfants du pays un certain nombre d'enseignements de base désignés par l'État. La "Folkskolan" restera la base du système éducatif suédois jusqu'au début des années 1970, époque à laquelle elle fut malheureusement abandonnée.;Folkskolereformen', die 'Volksschulreform', war ein 1842 in Schweden verabschiedetes Gesetz, das die verpflichtende Unterrichtung aller schwedischen Kinder in einigen grundlegenden Fächern vorschrieb. Für die Kosten kam der Staat auf. 'Folkskolan' war bis in die frühen 1970er Jahre die Grundlage für das schwedische Bildungssystem, als sie leider zugunsten von Ignoranz und schlechter Grammatik abgeschafft wurde.;;La 'Folkskolereformen' o la reforma de la 'Escuela popular', fue una ley promulgada en Suecia en 1842 que introducía la escolarización obligatoria proporcionada por el estado para todos los niños suecos en una serie de materias básicas. La 'Folkskolan' seguiría siendo la base del sistema educativo sueco hasta principios de 1970, cuando fue tristemente derogada en favor de la ignorancia y la gramática barata.;;;;;;;;;
folkis_educates;Folkskolan;La Folkskolan;Folkskolan;;Folkskolan;;;;;;;;;
folkis_educates_desc;An efficient and modern compulsory school system is educating our youth in several basic subjects.;Un système scolaire efficace et moderne consiste à dispenser à nos jeunes différents enseignements de base.;Ein effizientes und verpflichtendes modernes Schulsystem, das unsere Jugend in einigen Fächern unterrichtet.;;Un moderno y eficaz sistema escolar está educando a nuestros jóvenes en diversas materias básicas.;;;;;;;;;
THE_CASE_OF_EDGARDO_MORTARA_TITLE;Edgardo Mortara;Edgardo Mortara;Edgardo Mortara;;Edgardo Mortara;;;;;;;;;
THE_CASE_OF_EDGARDO_MORTARA_DESC;\n\nEdgardo Mortara was born to Jewish parents in Bologna in 1851. During a period of illness in 1857, a Catholic servant girl of the Mortara family baptized Edgardo, for fear that he might otherwise, as a non-Christian, go to Hell if he died. On the basis of this baptism, the Papal States' police took Edgardo away from his family, and had him raised as a Roman Catholic, as non-Christians were, according to Papal States' law, forbidden to raise Christian children, even their own. The case, or kidnapping, caused an international uproar, and was protested by, among others, Napoleon III, Emperor Franz Joseph and The London Times. Mortara himself would go on to become a Catholic priest, and resumed contact with his siblings and mother in his later life.;Edgardo Mortara est né de parents juifs à Bologne en 1851. En 1857, alors qu'il était malade, une servante catholique de la famille Mortara fit baptiser Edgardo de peur qu'il meure et aille en enfer parce qu'il n'était pas chrétien. Sous prétexte qu'il était baptisé, la police pontificale enleva Edgardo à sa famille et le fit élever comme un catholique, car l'Église interdisait aux non chrétiens d'élever des enfants chrétiens, même les leurs. L'affaire, ou l'enlèvement, devint un scandale international et fit l'objet de protestations de Napoléon III, de l'empereur François-Joseph et du London Times. Mortara fut plus tard ordonné prêtre catholique et ne reprit contact avec ses frères et s?urs qu'à la fin de sa vie.;Edgardo Mortara wurde als Sohn jüdischer Eltern 1851 in Bologna geboren. Als er 1857 erkrankte, wurde er von einem katholischen Dienstmädchen der Mortata-Familie auf den Namen Edgardo getauft, da er als Nichtchrist fürchtete, im Falle seines Todes in die Hölle zu müssen. Aufgrund dieser Taufe wurde Edgardo von der Polizei des Kirchenstaats aus seiner Familie entfernt. Daraufhin wurde er römisch-katholisch erzogen, da es Nichtchristen gemäß den Gesetzen des Kirchenstaats verboten war, eigene Kinder aufzuziehen. Dieser Fall bzw. die Entführung führte zu internationalen Protesten, unter anderem von Napoleon III., Kaiser Franz Josef und der London Times. Mortara selbst wurde katholischer Priester und nahm später in seinem Leben wieder Kontakt mit seinen Geschwistern und seiner Mutter auf.;;Edgardo Mortara nació en Bolonia en 1851, hijo de padres judíos. Durante un período de enfermedad en 1857, una sirviente católica de la familia Mortara bautizó a Edgardo, por miedo de que, al no ser cristiano, fuese al Infierno si moría. En base a este bautismo, los Estados Papales apartaron a Edgardo de su familia y lo criaron como católico romano ya que, los no cristianos, según la ley de los Estados Papales, tenían prohibido criar a niños cristianos por su cuenta. Aunque fuesen los suyos. Este caso de secuestro, causó un revuelo internacional y fue motivo de protestas de figuras como Napoleón III, el emperador Francisco José y el Times de Londres, entre otros. Mortara acabó convirtiéndose en sacerdote católico y retomo el contacto con su madre y hermanos más adelante.;;;;;;;;;
the_first_vatican_council_title;The Vatican Council;Le concile du Vatican;Das Vaticanum;;El Concilio Vaticano;;;;;;;;;
the_first_vatican_council_desc;§RGain 1 infamy§! In 1868, Pope Piux IX convened the 20th ecumenical council of the Roman Catholic Church. The council was convened to address the perceived problems of the modern ideologies of liberalism, rationalism and materialism, as well as to further define Catholic dogma. While the council was cut short by the capture of Rome by the newly formed Kingdom of Italy, it still left a lasting impression on Catholic theology in the form of the formalized Dogma of Papal Infallibility.;En 1868, le pape Pie IX convoqua le premier concile ?cuménique du Vatican afin de réfléchir aux problèmes posés par les idéologies modernes que sont le libéralisme, le rationalisme et le matérialisme, ainsi que pour redéfinir le dogme catholique. Interrompu par la prise de Rome par le nouveau royaume d'Italie, ce concile marqua néanmoins durablement la théologie catholique avec le dogme de l'infaillibilité pontificale.;Im Jahr 1868 berief Papst Piux IX. das 20. ökumenische Konzil der römisch-katholischen Kirche ein. Das Konzil wurde einberufen, um über die Probleme der modernen Ideologien Liberalismus, Rationalismus und Materialismus zu diskutieren, und um das katholische Dogma tiefergehend zu definieren. Obwohl das Konzil durch die Eroberung Roms durch das neu gegründete Königreich Italien abrupt endete, hatte es durch das formalisierte Dogma der päpstlichen Unfehlbarkeit dennoch bleibende Auswirkungen auf die katholische Ideologie.;;En 1868, el papa Pío IX convocó el vigésimo concilio de la Iglesia Católica Romana. El concilio fue convocado para atender los problemas detectados de las ideologías modernas del liberalismo, el racionalismo y el materialismo, además de definir más específicamente el dogma católico. Aunque el concilio se vio interrumpido por la captura de Roma por el Reino de Italia, dejó una huella perdurable en la teología católica a través del dogma formalizado de la infalibilidad papal.;;;;;;;;;
manifesto_on_unshakable_autocracy_title;Manifesto on Unshakable Autocracy;Le Manifeste du 29 avril 1881;Manifest über unerschütterliche Autokratie;;Manifiesto de Autocracia Inamovible;;;;;;;;;
manifesto_on_unshakable_autocracy_desc;§RGain 2 infamy§! The Manifesto on Unshakable Autocracy' was published by Tsar Alexander III on the 29 of April 1881 (Julian Calendar), approximately two months after his father, Alexander II, was assassinated by Nikolai Rysakov of the Narodnaya Volya terrorist organization. The manifesto strongly rejected any ideas of liberal reform, many of them his father's own, instead arguing in favor of the traditional, unshakable, autocracy of Russia.;Le Manifeste du 29 avril 1881 (11 mai 1881 dans le calendrier grégorien), dit aussi le Manifeste d'Alexandre, fut publié par le tsar Alexandre III environ deux mois après l'assassinat de son père, Alexandre II, par Nikolai Rysakov de l'organisation terroriste Narodnaya Volya. Le manifeste rejetait vivement toutes les idées de réforme libérale, idées pour la plupart partagées par son père, préférant plaider en faveur de la traditionnelle et inébranlable autocratie de Russie.;Das 'Manifest über unerschütterliche Autokratie' wurde am 29. April 1881 (nach dem julianischen Kalender) von Zar Alexander III. etwa zwei Monate nach der Ermordung seines Vaters, Alexander II., veröffentlicht. Letzterer wurde von Nikolai Rysakow ermordet, einem Angehörigen der konspirativen Vereinigung Narodnaja Wolja. Das Manifest war stark gegen jegliche liberale Reformen gerichtet, die teilweise aus der Feder seines Vaters stammten und argumentierte stattdessen zugunsten der traditionellen und unerschütterlichen russischen Autokratie.;;El 'Manifiesto de Autocracia Inamovible' fue publicado por el zar Alejandro III el 29 de abril de 1881 (del calendario juliano), unos dos meses después de la muerte de su padre, Alejandro II, asesinado por Nikolai Rysakov, de la organización terrorista Narodnaya Volya. El manifiesto rechaza firmemente las ideas de reforma liberal, muchas de ellas de su padre y, en su lugar, aboga por una vuelta a la autocracia tradicional e inamovible de Rusia.;;;;;;;;;
promulgate_the_ems_ukaz_title;The Ems Ukaz;L'ukaz d'Ems;Die Ems Ukaz;;El Ucase de Ems;;;;;;;;;
promulgate_the_ems_ukaz_desc;The Ems Ukaz was a decree published by Tsar Alexander II in 1876, banning the use of the Ukrainian language, disparagingly referred to as 'the Little Russian dialect', in any and all printed material, with exception only made for the reprinting of old documents. The ukaz was named after Bad Ems, Germany, a German spa resort where the Tsar was, at the time of the ukaz' promulgation, staying.;L'ukaz d'Ems est un décret publié par le tsar Alexandre II en 1876 et interdisant l'emploi de la langue ukrainienne (qualifiée avec mépris de "petit dialecte russe") dans tous les documents imprimés, sauf en cas de réédition de documents anciens. L'ukaz porte le nom de Bad Ems, station thermale allemande où le tsar résidait lorsqu'il fut promulgué.;Die Ems Ukaz war ein von Zar Alexander II. im Jahr 1876 veröffentlichtes Dekret, das in jeglichen Druckerzeugnissen außer in Neudrucken alter Dokumente die Benutzung der ukrainischen Sprache verbot, die man abfällig als 'den kleinen russischen Dialekt' nannte. Die Ukaz war nach Bad Ems in Deutschland benannt, einem deutschen Kurort, in dem sich der Zar bei der Verkündigung der Ukaz aufhielt.;;El Ucase de Ems fue un decreto publicado por el zar Alejandro II en 1876, en el que se prohibía el uso de la lengua ucraniana, al a que se refería despectivamente como 'el pequeño dialecto del ruso', en cualquier tipo de material impreso con la única excepción de la reimpresión de antiguos documentos. El ucase recibió su nombre de Bad Ems, Alemania, un balneario alemán en el que se encontraba el zar en el momento de su promulgación.;;;;;;;;;
DOMINION_OF;§YDominion§W of;§YTerritoire§W de;§YDominion§W von;;§YDominio§W de;;;;;;;;;
SATELLITE_OF;§YSatellite§W of;§YSatellite§W de;§YSatellitenstaat§W von;;§YSatélite§W de;;;;;;;;;
SORT_BY_INFRA;Sort by average state infrastructure;Classer par infrastructure d'État moyenne;Nach durchschnittlicher staatlicher Infrastruktur sortieren;;Ordenar por infraestructura estatal media;;;;;;;;;
tut_menu_0;Introduction;Introduction;Einführung;;Introducción;;;;;;;;;
tut_menu_0_description;This tutorial will introduce you to the most basic parts of what Victoria 2 is and how you play it.;Ce didacticiel présente les bases de Victoria 2 et de son utilisation.;Dieses Tutorial wird Ihnen die grundlegendsten Teile von Victoria 2 vorstellen und wie das Spiel gespielt wird.;;Este tutorial te introducirá en los aspectos más básicos de lo que es Victoria 2 y cómo jugar.;;;;;;;;;
tut_menu_1;Armies and Navies;Armées et flottes;Armeen und Flotten;;Ejércitos y flotas;;;;;;;;;
tut_menu_1_description;Learn about managing your armies and navies;Apprenez à gérer vos armées et flottes.;Erlernen Sie die Verwaltung Ihrer Armeen und Flotten.;;Aprende a dirigir tus ejércitos y flotas;;;;;;;;;
tut_menu_2;Production;Production;Produktion;;Producción;;;;;;;;;
tut_menu_2_description;Learn about the production of goods.;Apprenez à produire des biens.;Lernen Sie über die Produktion von Gütern.;;Aprende sobre la producción de bienes.;;;;;;;;;
tut_menu_3;Budget;Budget;Haushalt;;Presupuesto;;;;;;;;;
tut_menu_3_description;Learn about managing the budget. This includes taxes and public spending.;Apprenez à gérer votre budget (impôts et dépenses publiques compris).;Erlernen Sie die Verwaltung Ihres Haushalts. Dies beinhaltet Steuern und Staatsausgaben.;;Aprende a gestionar el presupuesto. Esto incluye los impuestos y el gasto público.;;;;;;;;;
tut_menu_4;Technology;Technologie;Technologie;;Tecnología;;;;;;;;;
tut_menu_4_description;Learn about technology and research.;Apprenez-en plus sur la technologie et la recherche.;Lernen Sie über Technologie und Forschung.;;Aprende sobre la tecnología y la investigación.;;;;;;;;;
tut_menu_5;Politics;Politique;Politik;;Política;;;;;;;;;
tut_menu_5_description;Learn about the art of politics, parties and reforms.;Apprenez l'art de la politique, des partis et des réformes.;Lernen Sie über Politik, Parteien und Reformen.;;Aprende sobre el arte de la política, los partidos y las reformas.;;;;;;;;;
tut_menu_6;Population;Population;Bevölkerung;;Población;;;;;;;;;
tut_menu_6_description;Learn about your population, who are they? who are their friends, to which social class do they belong?;Apprenez-en plus sur votre population. Qui est-elle ? Qui sont ses amis ? À quelle classe sociale appartiennent les habitants ?;Erfahren Sie mehr über Ihre Bevölkerung - wer sind sie? Wer sind ihre Freunde und zu welchen sozialen Schichten gehören sie?;;Aprende sobre tu población, ¿quiénes la forman? ¿Quiénes son sus amigos? ¿A qué clase social pertenecen?;;;;;;;;;
tut_menu_7;Trade;Commerce;Handel;;Comercio;;;;;;;;;
tut_menu_7_description;Learn about trade. How and why does governments buy and sell.;Apprenez-en plus sur le commerce. Comment et pourquoi les gouvernements achètent et vendent-ils ?;Lernen Sie über den Handel. Wie und was die Regierungen kaufen und verkaufen.;;Aprende sobre el comercio. Cómo y por qué los gobiernos compran y venden.;;;;;;;;;
tut_menu_8;Diplomacy;Diplomatie;Diplomatie;;Diplomacia;;;;;;;;;
tut_menu_8_description;Learn about the art of diplomacy. How to make wars and alliances.;Apprenez l'art de la diplomatie. Comment faire la guerre et former des alliances ?;Erfahren Sie mehr über die Geschicke der Diplomatie;;Aprende sobre el arte de la diplomacia. Cómo hacer guerras y alianzas.;;;;;;;;;
##### military;;;;;;;;;;;;;;
tut_1a_1;The Military;L'armée;Das Militär;;El ejército;;;;;;;;;
tut_1a_2;Welcome to the tutorial covering the military aspect of Victoria 2.\nYou are in command of Belgium, a small nation with great potential. There is a problem however, your Dutch neighbors have just declared war.;Bienvenue dans le didacticiel consacré à l'aspect militaire de Victoria 2.\nVous êtes aux commandes de la Belgique, une petite nation au grand potentiel. Mais vous avez un problème : vos voisins hollandais viennent de vous déclarer la guerre.;Willkommen zum Militär-Tutorial von Victoria 2.\nSie haben das Kommando über Belgien, einer kleinen Nation mit großem Potential. Es gibt aber ein Problem, denn Ihre holländischen Nachbarn haben Ihnen gerade den Krieg erklärt.;;Bienvenido al tutorial que cubre el aspecto militar de Victoria 2.\nEstás al mando de Bélgica, una nación pequeña con un gran potencial. Sin embargo, hay un problema, tus vecinos holandeses acaban de declararte la guerra.;;;;;;;;;
tut_1a_3;Selecting a Unit;Sélection d'une unité;Auswählen einer Einheit;;Selecciona una unidad;;;;;;;;;
REMOVE_tut_1a_4;The Dutch are massing on our borders, we must repel them. The first thing we need to do is select an army to do it. \n To select and army, click the army in Brussels, circled on the map.;Les Hollandais se rassemblent à vos frontières, vous devez les repousser. Mais avant cela, une armée doit être sélectionnée. \nPour ce faire, cliquez sur l'armée de Bruxelles encerclée sur la carte.;Die Holländer versammeln sich an unseren Grenzen, wir müssen sie zurückschlagen. Dazu müssen wir zuerst eine Armee auswählen. \n Klicken Sie zur Auswahl einer Armee auf die Armee in Brüssel, die auf der Karte mit einem Kreis versehen ist.;;Los holandeses se agrupan en nuestra frontera. Debemos repelerlos. Lo primero que tenemos que hacer es seleccionar un ejército para que lo haga. \n Para seleccionar un ejército, haz clic en el ejército de Bruselas, marcado en el mapa.;;;;;;;;;
tut_1a_5;The Unit View;La vue Unité;Die Einheitenansicht;;Vista de unidad;;;;;;;;;
tut_1a_6;The army you just selected, the 1e Infanterie Divisie, consists of 12000 men in 4 brigades. You can see the individual brigades and number of men in the unit view.\n In the unit view you can also find the following values:;L'armée que vous venez de sélectionner, la 1e Infanterie Divisie, comprend 12 000 hommes répartis en 4 régiments. Les régiments individuels et le nombre d'hommes apparaissent dans la vue Unité.\nCette vue vous fournit aussi les informations suivantes :;Die Armee, die Sie gerade ausgewählt haben, die 1e Infanterie Divisie, besteht aus 12000 Soldaten in vier Regimentern. In der Einheitenansicht können Sie die einzelnen Regimenter und die Soldatenanzahl sehen.\n In der Einheitenansicht finden Sie außerdem die folgenden Werte:;;El ejército que acabas de seleccionar es la 1ª División de Infantería, consistente en 4 brigadas de 12000 hombres. Puedes ver las brigadas individualmente y el número de hombres que componen la unidad en vista de unidad. También encontrarás los valores siguientes:;;;;;;;;;
tut_1a_7;The number of men and brigades. If you go into combat the number of men will decrease, if you have unemployed soldiers in your country however it will automatically recover.;Le nombre d'hommes et de régiments. Si vous partez au combat, le nombre d'hommes diminue, mais si votre pays possède des soldats non employés, il remonte automatiquement.;Die Anzahl der Soldaten und Regimenter. Wenn Sie ins Gefecht gehen, wird sich die Anzahl Ihrer Soldaten verringern. Wenn es gerade arbeitslose Soldaten in Ihrem Land gibt, werden die Verluste aber automatisch ausgeglichen.;;El número de hombres y brigadas. Si entras en combate, el número de hombres se reducirá, pero si tienes soldados desempleados en tu país, se recuperará automáticamente.;;;;;;;;;
tut_1a_8;The leader of your army, whose personality will affect the army performance.;Le nom du commandant de votre armée, dont la personnalité détermine les performances de celle-ci.;Der Anführer Ihrer Armee, dessen Persönlichkeit die Kampfleistung der Armee beeinflusst.;;El líder de tu ejército, cuya personalidad afectará a la actuación del ejército.;;;;;;;;;
tut_1a_9;Strength and organization. The green (left) bar is organization, this represents the combat readiness of your units. The higher the value the more effective your unit will fight. Organization is lost in combat but will be regained automatically. The red (right) bar represents strength. When the bar is full your unit has its maximum strength, if not it has taken losses that have not yet been replaced.;La force et l'organisation. La barre verte représente l'organisation, c'est-à-dire la capacité à combattre de vos unités. Plus la valeur est élevée, plus votre unité est efficace au combat. L'organisation diminue en combattant, mais remonte automatiquement. La barre rouge représente la force. Lorsqu'elle est pleine, votre unité est à sa force maximale. Sinon, c'est qu'elle a subi des pertes qui n'ont pas encore été compensées.;Stärke und Organisation. Die grüne Leiste ist die Organisation - dies repräsentiert die Kampfbereitschaft Ihrer Einheiten. Je höher der Wert ist, desto effizienter kämpft Ihre Einheit. Die Organization wird im Kampf weniger, erholt sich aber automatisch wieder. Die rote Leiste repräsentiert die Stärke. Wenn die Leiste voll ist, ist Ihre Einheit auf maximaler Stärke, sofern sie keine Verluste erlitten hat, die noch nicht ersetzt wurden.;;Fuerza y organización. La barra verde es la organización, que indica la disponibilidad para el combate de tus unidades. Cuanto más alto, más efectiva será tu unidad en combate. La organización se pierde en combate, pero se recupera automáticamente. La barra roja representa la fuerza. Cuando la barra esté llena, tu unidad está al máximo de su fuerza, si no, habrá sufrido pérdidas que aún no se han reemplazado.;;;;;;;;;
tut_1a_10;The supply status of your army. Each army needs certain items to function properly, these items will be automatically collected form your stockpile.\nIf you fail to provide these items this will negatively influence reinforcement rate and the rate at which organization is regained.;Le statut de ravitaillement de votre armée. Chaque armée a besoin de certaines ressources pour être opérationnelle, à défaut de quoi l'envoi de renforts et la réorganisation sont plus lents. \nCes ressources sont automatiquement fournies par vos réserves.;Der Versorgungsstatus Ihrer Armee. Jede Armee benötigt bestimmte Güter zur Beibehaltung ihrer Einsatzbereitschaft. Diese Güter werden automatisch aus Ihrem Nationalvorrat abgezogen.\nWenn Sie diese Güter nicht bereitstellen können, verlangsamen sich Ihre Verstärkungen und die Organisation erholt sich weniger schnell.;;El estado de suministros de tu ejército. Cada ejército necesita ciertos materiales para funcionar correctamente. Estos materiales se recogen automáticamente y componen tu reserva.\nSi no consigues estas reservas, esto influirá negativamente en el ritmo de los refuerzos y en el ritmo en que recuperas la organización.;;;;;;;;;
tut_1a_11;Take a moment and hover your mouse over the icons in the unit view to gain more information.;Pour afficher plus d'informations, passez votre souris sur les icônes de la vue Unité.;Nehmen Sie sich einen Moment Zeit und bewegen Sie Ihren Mauszeiger zur Anzeige zusätzlicher Informationen auf die Symbole in der Einheitenansicht.;;Tómate un momento y pasa tu ratón por encima de los iconos en vista de unidad para obtener más información.;;;;;;;;;
tut_1a_12;Splitting;Division;Aufteilung;;División;;;;;;;;;
tut_1a_13;To keep the Dutch occupied we should send some units to the border. We shouldn't leave the capital undefended however so we should split our army.;Pour occuper les Hollandais, vous devez envoyer quelques unités à la frontière. Mais si vous ne voulez pas laisser votre capitale sans défenses, il convient de diviser votre armée.;Zur Beschäftigung der Holländer sollten wir einige Einheiten zur Grenze schicken. Da wir die Hauptstadt aber nicht unverteidigt lassen sollten, müssen wir unsere Armee aufteilen.;;Para mantener a los holandeses ocupados, deberíamos enviar algunas unidades a la frontera. No deberíamos dejar a la capital sin defensas, aunque para ello tendríamos que dividir nuestro ejército.;;;;;;;;;
tut_1a_14;Splitting;Division;Aufteilung;;División;;;;;;;;;
tut_1a_15;A new army has now been created and you can see the reorganization interface. To fill the army with units, move the subunits you want by clicking the marked buttons. Try moving one unit over to the new Army.;Une nouvelle armée a été créée et l'interface de réorganisation est affichée. Vous devez maintenant ajouter des unités à l'armée. Déplacez les sous-unités de votre choix en cliquant sur les boutons correspondants. Déplacez une unité vers la nouvelle armée.;Eine neue Armee wurde erstellt, die Sie sich im Reorganisations-Interface ansehen können. Nun müssen wir die Armee mit Einheiten füllen. Verschieben Sie die gewünschten Untereinheiten durch Anklicken der markierten Schaltflächen. Versuchen Sie, eine Einheit in die neue Armee zu verschieben.;;Has creado un nuevo ejército y puedes ver la interfaz de reorganización. Para llenar el ejército de unidades, mueve las subunidades que quieras haciendo clic en los botones marcados. Prueba a mover una unidad sobre el nuevo ejército.;;;;;;;;;
tut_1a_15a;Please click the split army icon.;Cliquez sur l'icône de division de l'armée.;Klicken Sie nun auf das Armee aufteilen-Symbol.;;Haz clic en el icono de dividir ejército.;;;;;;;;;
tut_1a_16;Merging;Fusion;Zusammenfügen;;Combinar;;;;;;;;;
tut_1a_17;Well done, Brussels should now have 2 armies. You can also notice the small flag next to the waving Belgian flag next to your armies. This indicates that there is more than one army here.;Bravo, Bruxelles possède maintenant deux armées. Outre le drapeau belge, un petit drapeau accompagne désormais vos armées. Celui-ci indique l'existence de plusieurs armées.;Gut gemacht, in Brüssel sollte es nun zwei Armeen geben. Dies können Sie auch daran sehen, dass sich neben der im Wind flatternden belgischen Flagge eine weitere, kleinere Flagge befindet. Die zweite Flagge zeigt an, dass sich hier mehr als eine Armee befindet.;;Bien hecho, Bruselas ahora debería tener dos ejércitos. Fíjate que ahora hay una pequeña bandera junto a la bandera belga, próxima a tus ejércitos. Esto indica que aquí hay más de un ejército.;;;;;;;;;
tut_1a_17a;However, the Dutch are probably going to run over this army, we should rejoin it. First select both units in the province by dragging a box around them. If you select any units outside the province of Brussels, just press Escape on your keyboard and try again.;Mais il est temps de rejoindre cette armée avant qu'elle ne se fasse écraser par les Hollandais. Sélectionnez les deux unités de la province en faisant glisser un cadre autour d'elles. Si vous sélectionnez accidentellement une unité située en dehors de la province de Bruxelles, appuyez sur la touche Échap de votre clavier et recommencez.;Weil die Holländer diese Armee aber vermutlich überrennen werden, sollten wir sie wieder zusammenfügen. Wählen Sie zuerst beide Einheiten in der Provinz aus, indem Sie ein Kästchen um sie ziehen. Sollten Sie dabei Einheiten außerhalb der Provinz Brüssel auswählen, drücken Sie einfach die Taste Esc auf Ihrer Tastatur und versuchen es erneut.;;Sin embargo, es probable que los holandeses ganen a este ejército, así que vamos a reincorpóralo. Primero selecciona ambas unidades en la provincia arrastrando un recuadro a su alrededor. Si seleccionas unidades fuera de la provincia de Bruselas, pulsa la tecla Esc en tu teclado y vuelve a intentarlo.;;;;;;;;;
tut_1a_18;After selecting the units, press the Merge button.;Après avoir sélectionné les unités, cliquez sur le bouton Fusionner.;Klicken Sie nach der Auswahl der Einheiten auf die Schaltfläche Zusammenfügen.;;Después de seleccionar las unidades, haz clic en el botón Combinar.;;;;;;;;;
tut_1a_20;Moving a unit;Déplacement d'une unité;Bewegen einer Einheit;;Mover una unidad;;;;;;;;;
tut_1a_21;Now we need to march against the vile Dutch. We want to move our army in Brussels to take on the Dutch army in Maastricht. Select the army in Brussels and then right click Maastricht to move your army there.;Vous devez maintenant vous mettre en marche pour aller combattre les Hollandais. Vous allez déplacer votre armée de Bruxelles pour attaquer les Hollandais à Maastricht. Sélectionnez l'armée de Bruxelles et faites un clic droit sur Maastricht pour y envoyer votre armée.;Nun müssen wir gegen die bösen Holländer marschieren. Wir wollen, dass unsere Armee in Brüssel die holländische Armee in Maastricht angreift. Wählen Sie dazu die Armee in Brüssel aus und setzen Sie Ihre Armee dann per Rechtsklick auf Maastricht dorthin in Bewegung.;;Ahora tenemos que marchar para enfrentarnos a esos viles holandeses. Queremos mover nuestro ejército de Bruselas a Maastricht para que allí se enfrente con el ejército holandés. Selecciona el ejército en Bruselas y después, haz clic en Maastricht para mover tu ejército hasta allí.;;;;;;;;;
tut_1a_22;Moving a unit;Déplacement d'une unité;Bewegen einer Einheit;;Mover una unidad;;;;;;;;;
tut_1a_23;Notice the arrow that starts at your unit and points to Maastricht. As your unit progress this arrow will start to fill indicating how far your army has marched.\nUnpause the game by pressing space on your keyboard.;Une flèche part de votre armée pour pointer dans la direction de Maastricht. Au fil de la progression de votre unité, cette flèche se remplira pour indiquer le chemin parcouru par votre armée.\nPour quitter le mode Pause et reprendre le jeu, appuyez sur la barre espace de votre clavier.;Beachten Sie den Pfeil, der bei Ihrer Einheit beginnt und nach Maastricht zeigt. Dies Pfeil füllt sich mehr und mehr, was anzeigt, wie weit Ihre Einheit schon marschiert ist.\nSetzen Sie das Spiel über die Leertaste Ihrer Tastatur fort.;;Fíjate en la flecha que empieza en tu unidad y apunta a Maastricht. Cuando tu ejército progresa, esta flecha empezará a llenarse para indicar cuánto camino ha marchado.\nReanuda el juego pulsando en la barra espaciadora de tu teclado.;;;;;;;;;
tut_1a_22b;Moving a unit;Déplacement d'une unité;Bewegen einer Einheit;;Mover una unidad;;;;;;;;;
tut_1a_22c;Your unit is now on the move, notice how the arrow is filling up.;Votre unité est maintenant en route. Notez que la flèche se remplit.;Ihre Einheit ist unterwegs. Beobachten Sie, wie sich der Pfeil auffüllt.;;Ahora, tu unidad se mueve. Fíjate en cómo se llena la flecha.;;;;;;;;;
tut_1a_24;The battle;La bataille;Das Gefecht;;La batalla;;;;;;;;;
tut_1a_25;Your units are now in action against the Dutch. Notice the progress bar that appeared under your unit, this indicates who are winning. More red indicates that the nation flag to the left is winning, more green indicates that the nation to the right is winning.\nClick the progress bar to get more details on the battle.;Vos unités sont désormais en action contre les Hollandais. Une barre de progression est apparue sous votre unité pour indiquer qui domine les combats. Une barre majoritairement rouge ou verte indique respectivement que la nation de gauche ou de droite domine.\nCliquez sur la barre de progression pour afficher plus de détails sur la bataille.;Ihre Einheiten befinden sich nun im Gefecht mit den Holländern. Beachten Sie die Fortschrittsleiste, die unter Ihrer Einheit erschienen ist. Sie zeigt an, wer im Gefecht die Nase vorn hat. Ist sie mehr rot als grün, sieht es für die Nation, deren Flagge Sie links sehen, besser aus. Wenn die Fortschrittsleiste eher grün ist, führt die andere Nation.\nKlicken Sie für weitere Details über das Gefecht auf die Fortschrittsleiste.;;Tus unidades están ahora en acción contra los holandeses. Fíjate en la barra de progreso que ha aparecido bajo tu unidad. Indica quién está ganando. Si tiene más color rojo, indica que la bandera de la nación a la izquierda está ganando y si tiene más color verde, indica que gana la nación de la derecha.\nHaz clic en la barra de progreso para obtener más detalles de la batalla.;;;;;;;;;
tut_1a_26;The battle;La bataille;Das Gefecht;;La batalla;;;;;;;;;
tut_1a_27;The combat view should now have appeared, here you can get more detailed information on what happens in the battle.\nAgain, press space to unpause the game. We should win this battle in a short while.;La vue du combat est affichée. Cette vue vous fournit des informations détaillées sur le déroulement de la bataille.\nIci encore, appuyez sur la barre espace pour quitter le mode Pause et reprendre le jeu. Vous ne devriez pas tarder à remporter cette bataille.;Nun sollten Sie die Gefechtsansicht sehen. Hier erhalten Sie genauere Informationen darüber, wie das Gefecht läuft.\nSetzen Sie das Spiel wiederum über die Leertaste fort. Wir sollten dieses Gefecht nach kurzer Zeit gewinnen.;;Ahora debería aparecer la vista de combate. Aquí puedes obtener más información detallada de lo que ocurre en la batalla. \nDe nuevo, pulsa la barra espaciadora para reanudar la partida. Deberíamos ganar esta batalla en breve.;;;;;;;;;
tut_1a_28;The battle;La bataille;Das Gefecht;;La batalla;;;;;;;;;
tut_1a_29;The battle is over, your army should have won. In the combat result screen you can see the results of the action. Click next to continue.;Votre armée a remporté la bataille. L'écran des résultats du combat est affiché. Cliquez sur Suivant pour continuer.;Das Gefecht ist vorbei und Ihre Armee sollte gewonnen haben. Auf dem Gefechtsergebnisbildschirm können Sie sich die Resultate des Gefechts ansehen. Klicken Sie zum Fortfahren auf Weiter.;;La batalla ha acabado y tu ejército debería haber ganado. En la pantalla de resultado del combate, puedes ver los resultados de la acción. Haz clic en Siguiente para continuar.;;;;;;;;;
tut_1a_30;The Outliner;L'Aperçu;Der Outliner;;El Outliner;;;;;;;;;
tut_1a_31;Clicking the map is not the only way to select a unit. Victoria 2 has a feature called the outliner. Click the little plus sign to the right to open the outliner.;Pour sélectionner une unité, vous pouvez cliquer sur la carte ou utiliser la fonction Aperçu de Victoria 2. Cliquez sur le petit signe plus pour ouvrir l'Aperçu.;Einheiten können Sie nicht nur durch Anklicken der Karte auswählen. Victoria 2 verfügt über eine Funktion, die der Outliner genannt wird. Rufen Sie den Outliner durch Anklicken des kleinen Pluszeichens auf.;;Hacer clic en el mapa no es el único modo de seleccionar una unidad. Victoria 2 tiene una característica llamada Outliner. Haz clic en el pequeño símbolo de '+' a la derecha para abrir el Outliner.;;;;;;;;;
tut_1a_32;The Outliner;L'Aperçu;Der Outliner;;El Outliner;;;;;;;;;
tut_1a_33;The outliner is a shortcut to various useful things in your country such as armies, battles and ongoing constructions. You can configure the outline by selecting and unselecting the small icons at the top of it.;L'Aperçu est un raccourci vers différents éléments utiles de votre pays comme les armées, les batailles et les constructions en cours. Vous pouvez configurer l'Aperçu en sélectionnant et désélectionnant les petites icônes qui le surmontent.;Der Outliner ist eine Abkürzung zu vielen nützlichen Spielelementen Ihres Landes wie z.B. Armeen, Gefechte und laufende Bauprojekte. Sie können den Outliner konfigurieren, indem Sie die kleinen Symbole entlang seiner Oberseite wählen und entwählen.;;El Outliner es un atajo a varios elementos útiles de tu país, como los ejércitos, batallas y construcciones en marcha. Puedes configurar el Outliner seleccionando y deseleccionando los iconos pequeños que aparecen en la parte superior del mismo.;;;;;;;;;
tut_1a_33a;Right now we want the 3eme Division, click this unit in the outliner.;Pour le moment, vous allez sélectionner la 3ème Division. Cliquez sur cette unité dans l'Aperçu.;Wir wollen uns jetzt die 3eme Division sehen. Klicken Sie also im Outliner auf diese Einheit.;;Ahora, queremos a la 3ª división. Haz clic en esta unidad en el Outliner.;;;;;;;;;
tut_1a_34;Transporting units by sea;Transport maritime d'unités;Truppentransport auf See;;Transporte de unidades por mar;;;;;;;;;
tut_1a_35;To surprise the Dutch we are going land troops behind their line. Make sure you have the army in Bruges selected. Notice that you have a fleet in the Bruges port (there is a ship next to the dock).;Pour surprendre les Hollandais, vous allez faire débarquer des troupes derrière leurs lignes. Vérifiez que l'armée de Bruges est sélectionnée. Notez que vous disposez d'une flotte dans le port de Bruges (un navire se trouve près du quai).;Wir werden die Holländer überraschen und Bodentruppen hinter ihren Linien anlanden. Prüfen Sie, ob Sie die Armee in Brüssel ausgewählt haben. Beachten Sie, dass im Hafen von Brüssel eine Flotte vor Anker liegt (neben dem Dock befindet sich ein Schiff).;;Para sorprender a los holandeses, vamos a desembarcar tropas tras sus líneas. Asegúrate de que has seleccionado el ejército en Brujas. Fíjate que tienes una flota en el puerto de Brujas (hay un barco cerca del muelle).;;;;;;;;;
tut_1a_35a;By clicking the Load button in the interface, load your units onto the ships.;Cliquez sur le bouton Embarquer de l'interface pour faire monter vos unités à bord des navires.;Wenn Sie im Interface auf die Verladeschaltfläche klicken, werden Ihre Einheiten auf die Schiffe verladen.;;Si haces clic en el botón de Cargar de la interfaz, cargarás tus unidades en los barcos.;;;;;;;;;
tut_1a_36;Transporting units by sea;Transport maritime d'unités;Truppentransport auf See;;Transporte de unidades por mar;;;;;;;;;
tut_1a_37;Now we must move our fleet to the sea province 'Dogger Bank'. Do this by clicking the port in Bruges and, after the fleet is selected, right clicking on the coast of Holland. After your movement arrow has appeared, unpause the game.;Vous devez maintenant déplacer votre flotte vers la province maritime du "Banc de Dogger". Pour ce faire, cliquez sur le port de Bruges et, une fois la flotte sélectionnée, faites un clic droit sur la côte hollandaise. Après l'apparition de la flèche de déplacement, quittez le mode Pause pour reprendre le jeu.;Nun müssen wir Ihre Flotte in die Seeprovinz 'Dogger Bank' bewegen. Dies führen Sie aus, indem Sie auf den Hafen von Brüssel klicken. Wenn die Flotte ausgewählt ist, rechtsklicken Sie auf die holländische Küste. Setzen Sie das Spiel fort, nachdem Ihr Bewegungspfeil angezeigt wird.;;Ahora debemos mover a nuestra flota a la provincia marítima del 'Banco Dogger'. Para ello, haz clic en el puerto de Brujas y, después de haber seleccionado la flota, haz clic derecho en el 'Banco Dogger'. Después de que haya aparecido tu flecha de movimiento, quita la pausa del juego.;;;;;;;;;
tut_1a_38;Transporting units by sea;Transport maritime d'unités;Truppentransport auf See;;Transporte de unidades por mar;;;;;;;;;
tut_1a_39;Now we must land. Ensure that you still have your navy selected. Notice the button in the lower right corner of the unit view, clicking this will select your army. Click this and move your unit into Middelburg by right clicking the province.;Vous devez maintenant débarquer vos unités. Vérifiez que votre flotte est toujours sélectionnée. Notez la présence d'un bouton en bas à droite de la vue Unité ;Nun müssen wir die Truppen anlanden. Prüfen Sie, ob Ihre Flotte immer noch ausgewählt ist. Beachten Sie die Schaltfläche unten rechts im Einheiten-Interface. Klicken Sie hierauf, wird Ihre Armee ausgewählt. Klicken Sie nun auf die Schaltfläche und landen Sie Ihre Einheit per Rechtsklick auf die Provinz in Middelburg.;;Ahora debemos desembarcar. Asegúrate de que todavía tienes seleccionada a tu marina. Fíjate en el botón de la esquina inferior derecha de la vista de unidad, haz clic en él y seleccionarás tu ejército. Haz clic y mueve tu unidad hasta Middleburg haciendo clic derecho en la provincia.;;;;;;;;;
##### Industry;;;;;;;;;;;;;;
tut_2a_1;Industry;Industrie;Industrie;;Industria;;;;;;;;;
tut_2a_2;Welcome to the tutorial covering the industrial aspect of Victoria 2. Here we will learn about the most basic component in building your country in Victoria 2, the Economy.;Bienvenue dans le didacticiel consacré à l'aspect industriel de Victoria 2. Nous allons ici étudier l'économie, pilier du processus de construction d'un pays dans Victoria 2.;Willkommen zum Tutorial über den industriellen Aspekt von Victoria 2. Hier werden Sie Wissenswertes über die wichtigste Komponente zum Aufbau Ihres Landes in Victoria 2 erfahren, die Wirtschaft.;;Bienvenido al tutorial que cubre el aspecto industrial de Victoria 2. Aquí aprenderás acerca del componente más básico para construir tu país en Victoria 2, la economía.;;;;;;;;;
tut_2a_2a;The economy is built around money and trade goods. Trade goods are produced and consumed by people and armies while money is used to fuel the transfer of goods from the producers to the consumers.;L'économie repose sur l'argent et les marchandises. Les marchandises sont produites et consommées par la population et les armées tandis que l'argent alimente le transfert des biens entre les producteurs et les consommateurs.;Die Wirtschaft dreht sich um Geld und Handelsgüter. Handelsgüter werden von Menschen produziert und von Menschen und Armeen konsumiert, während Geld zur Bezahlung des Gütertransfers von den Produzenten zu den Konsumenten benutzt wird.;;La economía se basa en el dinero y en los bienes comerciales. Los bienes comerciales los producen y consumen la gente y los ejércitos, mientras que el dinero se usa para impulsar la transferencia de mercancías de los productores a los consumidores.;;;;;;;;;
tut_2a_2b;To get an overview of the goods produced in your country, press the production tab in the top bar.;Pour afficher l'ensemble des marchandises produites dans votre pays, cliquez sur l'onglet Production de la barre supérieure.;Klicken Sie für einen Überblick über die in Ihrem Land produzierten Güter in der Kopfleiste auf den Produktionsreiter.;;Para tener un resumen de los bienes producidos en tu país, haz clic en la pestaña de producción en la barra superior.;;;;;;;;;
tut_2a_2c;Production;Production;Produktion;;Producción;;;;;;;;;
tut_2a_2d;One of the fundamental driving factors in Victoria 2 is the movement of Goods, goods being everything from Lumber to Small Arms. Goods are produced by producers and bought by consumers. The consumers are either people needing something to eat or producers needing raw materials.;Une des principales caractéristiques de Victoria 2 est la circulation des marchandises, du bois aux armes légères. Les marchandises sont fabriquées par les producteurs et achetées par les consommateurs. Les consommateurs se décomposent en deux catégories : les individus qui ont besoin de se nourrir et les producteurs qui ont besoin de matières premières.;Einer der wichtigsten Spielaspekte von Victoria 2 ist die Bewegung von Gütern, von Schnittholz bis zu Handfeuerwaffen. Güter werden von Produzenten hergestellt und von Konsumenten gekauft. Die Konsumenten sind entweder Menschen, die etwas zu essen brauchen, oder Produzenten, die Rohmaterialien benötigen.;;Uno de los factores impulsores fundamentales en Victoria 2 es el movimiento de bienes comerciales, ya que lo incluyen todo, desde la madera a las armas ligeras. Los bienes los producen los productores y los compran los consumidores. Los consumidores son, o bien gente que necesita algo que comer, o productores que necesitan materias primas.;;;;;;;;;
tut_2a_2e;Most of this transfer of goods will take place without you, you interaction with this process is building factories, taxing the income of trade and buying the goods you need to fund your armies.;La majeure partie de ce transfert de marchandises s'effectue sans vous. Vous intervenez pour construire des usines, taxer les revenus du commerce et acheter les ressources nécessaires à vos armées.;Die meisten Gütertransfers laufen ohne Ihr Zutun ab. Ihre Interaktion mit diesen Vorgängen beschränkt sich auf den Bau von Fabriken, die Besteuerung von Handelseinnahmen und den Kauf von Gütern für Ihre Armeen.;;La mayoría de este traspaso de mercancías se hace sin ti, ya que solo interaccionas con este proceso construyendo fábricas, recaudando los ingresos por comercio y adquiriendo las mercancías que necesitas para crear tus ejércitos.;;;;;;;;;
tut_2a_2f;Click next to Continue.;Cliquez sur Suivant pour continuer.;Klicken Sie zum Fortfahren auf Weiter.;;Haz clic en Siguiente para continuar.;;;;;;;;;
tut_2a_3;Production;Production;Produktion;;Producción;;;;;;;;;
tut_2a_4;Goods are produced from 3 sources.;Il existe trois sources de production.;Güter werden von drei verschiedenen Produzenten hergestellt:;;Las mercancías se producen a través de tres fuentes.;;;;;;;;;
tut_2a_4b;RGOs - These are farms and mines where farmers and laborers harvest the bounties of nature.;Les EAM (exploitations agricoles et minières). Il s'agit des fermes et des mines où les fermiers et autres mineurs exploitent la nature.;RGOs - Dies sind Farmen und Minen, wo Bauern und Arbeiter die Gaben der Natur ernten bzw. abbauen.;;TOR. Se trata de fábricas y minas en las que los granjeros y trabajadores cosechan los frutos de la naturaleza.;;;;;;;;;
tut_2a_4c;Artisans - The the blacksmiths and weavers. They buy goods off the market and manufacture refined goods.;Les artisans. Ceux-ci regroupent les forgerons et les tisserands qui achètent des marchandises sur le marché pour les transformer en biens plus élaborés.;Handwerker - Schmiede und Weber. Sie kaufen Güter auf dem Markt und stellten damit veredelte Güter her.;;Artesanos. Los herreros y tejedores. Adquieren mercancías en el mercado y manufacturan bienes refinados.;;;;;;;;;
tut_2a_4d;Factories - Factories also produce refined goods, these however are the way of the future. They are buildings built by the players or by capitalists, depending on political system, and employs craftsmen and clerks to do it.;Les usines. Celles-ci produisent elles aussi des biens élaborés qui représentent l'avenir. Elles sont construites par les joueurs ou par des capitalistes, selon le système politique. Des ouvriers et employés de bureau y sont salariés.;Fabriken - Fabriken stellen ebenfalls veredelte Güter her, denen aber die Zukunft gehört. Fabriken sind Gebäude, die vom Spieler oder, abhängend vom politischen System, von Kapitalisten gebaut werden, in denen Facharbeiter und Angestellte arbeiten.;;Fábricas. Las fábricas también producen bienes refinados y son la tendencia del futuro. Son edificios construidos por los jugadores o por capitalistas, dependiendo del sistema político y emplean a obreros y oficinistas para producir.;;;;;;;;;
tut_2a_5;Production Screen;Écran Production;Produktionsbildschirm;;Pantalla de producción;;;;;;;;;
tut_2a_6;In this screen you can see all the goods produced by your nation, they are grouped by category.\nEach output goods has an icon next to it representing which production type of producers produce it:;Cet écran affiche les biens produits par votre nation. Ceux-ci sont classés par catégories.\nChaque produit est accompagné d'une icône qui représente le type de producteur correspondant :;Auf diesem Bildschirm sehen Sie, gruppiert in Kategorien, sämtliche von Ihrer Nation produzierten Güter.\nNeben jedem produzierten Gut befindet sich ein Symbol, das anzeigt, von welchem Herstellertyp es produziert wird:;;En esta pantalla puedes ver todos los bienes producidos por tu nación, agrupados por categorías.\nCada producción de bienes tiene un icono que representa el tipo de producción y los productores que la producen:;;;;;;;;;
tut_2a_6a;Farmers/Laborers for RGOs.;Fermiers/Mineurs des EAM.;Bauern/Arbeiter für RGOs.;;Campesinos/Peones para TOR.;;;;;;;;;
tut_2a_6b;Craftsmen for factories.;Ouvriers des usines.;Facharbeiter für Fabriken.;;Obreros para fábricas.;;;;;;;;;
tut_2a_6c;Artisans for their part of the production.;Artisans pour leur part de la production.;Handwerker für ihre eigenen Geschäfte.;;Artesanos para su parte de la producción.;;;;;;;;;
tut_2a_6d;In this screen you can hover your mouse over various icons to get a better idea about the production going on in your nation to help you make your decisions.;Passez la souris sur les différentes icônes de cet écran pour en savoir plus sur la production en cours dans votre nation et prendre vos décisions en toute connaissance de cause.;Wenn Sie auf diesem Bildschirm Ihren Mauszeiger auf die verschiedenen Symbole bewegen, erfahren Sie mehr über die in Ihrer Nation laufende Produktion, was Ihnen bei der Entscheidungsfindung hilft.;;En esta pantalla, puedes pasar tu ratón sobre varios iconos para hacerte una mejor idea de la producción de tu nación para ayudarte a tomar tus decisiones.;;;;;;;;;
##### Budget;;;;;;;;;;;;;;
tut_3a_1;Budget;Budget;Haushalt;;Presupuesto;;;;;;;;;
tut_3a_2;Your nation, in this case the nation of Belgium, must manage its state budget to get ahead in the world, taxes must be balanced against expenses and money saved for investing into things like troops. To manage our budget we must open the budget screen, click the budget button in the top bar.;Votre nation, dans ce cas la Belgique, doit gérer son budget national pour s'imposer sur la scène internationale. Les impôts doivent compenser les dépenses, et des économies doivent être réalisées pour investir dans des troupes, par exemple. Pour gérer votre budget, vous devez accéder à l'écran Budget. Pour ce faire, cliquez sur le bouton Budget de la barre supérieure.;Ihr Nation, in diesem Fall Belgien, muss ihren Staatshaushalt verwalten, um in der Welt voranzukommen. Steuern müssen Ausgaben angepasst und gespartes Geld in Truppen o.ä. investiert werden. Zur Verwaltung unseres Haushalts müssen wir den Budgetbildschirm aufrufen - klicken Sie dazu in der Kopfleiste auf den Haushaltsreiter.;;Tu nación, en este caso la nación de Bélgica, debe administrar el presupuesto de su estado para labrarse un porvenir en el mundo, los impuestos deben estar equilibrados frente a los gastos y el dinero ahorrado para invertir en recursos como las tropas. Para administrar nuestro presupuesto, debes abrir la pantalla de presupuesto. Para ello haz clic en el botón de Presupuesto en la barra superior.;;;;;;;;;
tut_3a_3;Budget screen;Écran Budget;Haushaltsbildschirm;;Pantalla de presupuesto;;;;;;;;;
tut_3a_4;This is the budget screen. Here you can manage the expenses and income of your government as well as take loans to quickly raise cash. Let's start with taxation, click next to continue.;Voici l'écran Budget. Celui-ci vous permet de gérer les recettes et dépenses de votre gouvernement et de souscrire des emprunts pour lever de l'argent frais. Commençons par les impôts. Cliquez sur Suivant pour continuer.;Dies ist der Haushaltsbildschirm. Hier können Sie die Ausgaben und Einnahmen Ihrer Regierung verwalten oder sich über Darlehen schnell Geld verschaffen. Wir werden mit den Steuern beginnen. Klicken Sie zum Fortfahren auf Weiter.;;Esta es la pantalla de presupuesto. Aquí puedes administrar los gastos e ingresos de tu gobierno así como aceptar préstamos para elevar la liquidez rápidamente. Empecemos por la recaudación, haz clic en Siguiente para continuar.;;;;;;;;;
tut_3a_5;Taxes;Impôts;Steuern;;Impuestos;;;;;;;;;
tut_3a_6;Your most important means of getting revenue is through taxation. Taxes can be set differently for different strata of society.;Les impôts constituent votre principale source de revenus. Ils peuvent varier selon les classes sociales.;Steuern sind Ihre wichtigste Einnahmequelle. Sie können für verschiedene Gesellschaftsschichten unterschiedlich eingestellt werden.;;Tu método más importante de conseguir ingresos es mediante los impuestos. Los impuestos pueden fijarse de manera diferente para cada estrato de la sociedad.;;;;;;;;;
tut_3a_6a;There are 3 different strata:;La société se décompose en trois catégories :;Es gibt drei verschiedene Gesellschaftsschichten:;;Existen 3 estratos diferentes:;;;;;;;;;
tut_3a_6b;Poor.;Les classes défavorisées.;Armenschicht.;;Pobres.;;;;;;;;;
tut_3a_6c;Middle.;Les classes moyennes.;Mittelschicht.;;Clase media.;;;;;;;;;
tut_3a_6d;Rich.;Les classes supérieures.;Oberschicht.;;Ricos.;;;;;;;;;
tut_3a_6e;Different professions belong to different strata, you can see which through the icons next to each tax slider.;La classe sociale dépend de la profession, comme l'indiquent les icônes situées près de chaque curseur.;Verschiedene Berufe gehören zu unterschiedlichen Gesellschaftsschichten. Zu welchen, sehen Sie durch die Symbole neben dem betreffenden Steuer-Schieberegler.;;Profesiones diferentes pertenecen a estratos distintos. Puedes ver cuáles son en los iconos que hay junto a cada control de impuesto.;;;;;;;;;
tut_3a_6f;Taxes are set by pulling the slider that correspond to each strata. Taxes are however not without consequences, the more you tax the less money you leave your population with. Next to the tax slider you see a pie chart showing how well the needs of this strata are fulfilled.\nTry to set your tax as low as possible while maintaining a positive balance. Then click next to continue.;Pour définir le montant des impôts, déplacez le curseur correspondant à chaque classe sociale. Mais les impôts ne sont pas sans conséquences. Plus ils sont élevés, moins la population a d'argent. Près du curseur, un graphique indique dans quelle mesure les besoins des différentes classes sociales sont satisfaits.\nTâchez de fixer des impôts aussi bas que possible pour maintenir un bilan positif. Cliquez sur Suivant pour continuer.;Steuern werden eingestellt, indem Sie den Schieberegler für die betreffende Gesellschaftsschicht ziehen. Steuern sind jedoch nicht ohne Konsequenzen: Je mehr Steuern Sie erheben, desto weniger Geld hat Ihre Bevölkerung zur Verfügung. Neben dem Steuer-Schieberegler sehen Sie ein Kuchendiagramm darüber, wie gut die Bedürfnisse der betreffenden Gesellschaftsschicht gedeckt sind.\nVersuchen Sie, Ihre Steuern so niedrig wie möglich zu halten, ohne dass Ihre Bilanz ins Negative rutscht. Klicken Sie nun zum Fortfahren auf Weiter.;;Los impuestos se establecen moviendo el control deslizante correspondiente a cada estrato. Sin embargo, los impuestos tienen consecuencias, ya que cuánto más altos los impuestos, menor es el dinero que dejas a tu población. Junto al control de impuestos, verás un diagrama de sectores que te muestran el nivel al que están las necesidades de este sector.\nIntenta establecer tus impuestos lo más bajo posible manteniendo, al mismo tiempo, un balance positivo. A continuación, haz clic en Siguiente para continuar.;;;;;;;;;
tut_3a_7;Expenses;Dépenses;Ausgaben;;Gastos;;;;;;;;;
tut_3a_8;So what do we do with our taxes? First of all we use it to pay for running our government. There are several types of expenditure such as the military budget and education budget as well as the costs for supplying your armies and colonies.;Alors, que faire de vos impôts ? Tout d'abord, ils servent à payer les frais de fonctionnement de votre gouvernement. Il existe différents types de dépenses comme le budget militaire, le budget de l'éducation et les frais de ravitaillement de vos armées et colonies.;Was sollen wir eigentlich mit unseren Steuern anstellen? Zuallererst bezahlen wir damit die Arbeit unserer Regierung. Es gibt mehrere Ausgabetypen wie den Wehretat und den Bildungshaushalt sowie die Versorgungskosten für Ihre Armeen und Kolonien.;;¿Qué hacemos con los impuestos? Podemos usarlos para pagar el funcionamiento del gobierno. Hay varios tipos de gastos, como el presupuesto militar y el de educación así como los costes por los suministros de tus ejércitos y colonias.;;;;;;;;;
tut_3a_9;There are two kinds of expenses. The first one is fixed expenses depending on goods you buy such as military maintenance, these kind of expenses change based on action you do in other parts of the game such as disbanding an army.;Les dépenses se divisent en deux catégories. La première correspond aux dépenses fixes associées aux marchandises que vous achetez, pour l'entretien des armées par exemple. Ce type de dépenses change en fonction des actions effectuées dans les autres aspects du jeu, comme la dispersion d'une armée.;Es gibt zwei verschiedene Arten von Ausgaben> Der erste Ausgabentyp dreht sich um Fixkosten für Güter, die Sie z.B. für die Militär-Instandhaltung einsetzen. Diese ändern sich in Bezug auf Ihre Handlungen in anderen Spielelementen, also wenn sie beispielsweise eine Armee auflösen.;;Hay dos tipos de gastos. Los primeros son los gastos fijos, que dependen de los bienes que vendes como el mantenimiento militar. Este tipo de gastos cambia dependiendo de la acción que realices en otras partes del juego como, por ejemplo, cuando disuelves un ejército.;;;;;;;;;
tut_3a_10;Secondly there are expenses that can be affected from the budget via sliders, the further right you pull the sliders the more it will cost you.;La deuxième catégorie correspond aux dépenses qui peuvent être affectées à partir du budget via des curseurs. Plus vous déplacez les curseurs vers la droite, plus vous dépensez.;Der zweite Ausgabentyp sind die Ausgaben, die Sie über Schieberegler steuern können. Je weiter Sie die Schieberegler nach rechts ziehen, desto höher sind Ihre Kosten.;;Los segundos son gastos que pueden afectar al presupuesto a través de los controles. Cuanto más a la derecha arrastres los controles deslizantes, más te costarán.;;;;;;;;;
tut_3a_11;Most of the time you will have to prioritize. Do you need more troops? Increase the military budget. Do you need to expand the bureaucracy? Pull the Administration slider.\nTry pulling the sliders and see the numbers change, notice however that all changes are gradual, if you increase the administrative sliders more people will want to become bureaucrats over time.\nWhen you are done, click Next.;L'important est de vous fixer des priorités. Vous avez besoin de davantage de troupes ? Augmentez le budget militaire. Vous voulez étoffer votre bureaucratie ? Déplacez le curseur d'administration.\nLorsque vous déplacez les curseurs, les chiffres changent, mais les changements sont progressifs. Si vous augmentez les dépenses administratives, avec le temps, vous aurez davantage de bureaucrates.\nCliquez sur Suivant lorsque vous avez terminé.;Die meiste Zeit über müssen Sie Prioritäten setzen. Brauchen Sie mehr Truppen? Erhöhen Sie den Wehretat. Müssen Sie Ihre Bürokratie erweitern, dann ziehen Sie den Verwaltungs-Schieberegler nach rechts.\nProbieren Sie die Schieberegler aus: Wenn Sie sie ziehen, verändern sich die Werte. Beachten Sie aber, dass alle Änderungen schrittweise verlaufen: Wenn Sie den Verwaltungs-Schieberegler nach rechts ziehen, möchten im Laufe der Zeit mehr Menschen Bürokraten werden.\nWenn Sie fertig sind, klicken Sie auf Weiter.;;La mayor parte de las veces tendrás que priorizar. ¿Necesitas más tropas? Aumenta el presupuesto militar. ¿Necesitas expandir la burocracia? Mueve el control deslizante de Administración.\nPrueba a arrastrar los controles deslizantes y comprueba el cambio de la cifra. Fíjate que todos los cambios son graduales y, si subes los controles deslizantes administrativos, más gente querrá convertirse en burócratas.\nCuando lo hayas hecho, haz clic en Siguiente.;;;;;;;;;
tut_3a_18;Balance your budget;Équilibre du budget;Gleichen Sie Ihren Haushalt aus;;Equilibra tu presupuesto;;;;;;;;;
tut_3a_19;Belgium needs a balanced budget. You achieve this by matching expenses and income. For every slider you pull there is a trade off however, higher taxes will cost your people, lower expenses will hurt your governments finances.;La Belgique a besoin d'un budget équilibré. Pour ce faire, vos dépenses ne doivent pas dépasser vos recettes. Toutefois, chaque curseur déplacé entraîne un compromis : des impôts trop élevés coûteront cher à votre population et des dépenses trop faibles se répercuteront sur les finances de votre gouvernement.;Belgien benötigt einen ausgeglichenen Haushalt. Dies erreichen Sie durch Angleichung von Ausgaben und Einnahmen. Das Ziehen jedes Schiebereglers ist für Sie aber mit Konsequenzen verbunden: Höhere Steuern greifen Ihrer Bevölkerung in die Taschen, niedrigere Ausgaben schaden Ihrer Staatskasse.;;Bélgica necesita un presupuesto equilibrado. Para conseguirlo, tienes que equilibrar los gastos y los ingresos. En cada control deslizante hay un comercio, pero los impuestos más altos serán más costosos para tu gente y unos gastos muy bajos, dañarán las finanzas de tus gobiernos.;;;;;;;;;
tut_3a_19a;If your budget is not balanced and our available money runs out, we will automatically take a loan. For now let's try to balance your budget. When you feel happy with it, click next.;Si votre budget n'est pas équilibré et que vous êtes à court d'argent, un emprunt est automatiquement souscrit pour vous. Pour le moment, essayez d'équilibrer votre budget, puis cliquez sur Suivant.;Wenn unser Haushalt nicht ausgeglichen ist und uns das Geld ausgeht, nehmen wir automatisch ein Darlehen auf. Fürs erste konzentrieren wir uns nun aber auf das Ausgleichen Ihres Haushalts. Wenn Sie zufrieden sind, klicken Sie auf Weiter.;;Si tu presupuesto no está equilibrado y se te acaba el efectivo, automáticamente te haremos un préstamo. Por ahora, intenta equilibrar tu presupuesto. Cuando estés satisfecho del resultado, haz clic en Siguiente.;;;;;;;;;
tut_3a_20;Loans;Emprunts;Darlehen;;Préstamos;;;;;;;;;
tut_3a_21;When your economy needs a short term boost you can always borrow money. These money comes from pops that have a surplus and store these money in the national bank.;Si votre économie a besoin d'un coup de pouce temporaire, vous pouvez emprunter de l'argent. Cet argent est prêté par les POP qui ont placé leurs économies à la banque nationale.;Wenn Ihre Wirtschaft eine schnelle Geldspritze benötigt, können Sie stets ein Darlehen aufnehmen. Dieses Geld kommt von den Bevs, die etwas Geld übrig haben und dieses in Ihrer Nationalbank sparen.;;Cuando tu economía necesita un pequeño impulso, siempre puedes pedir prestado dinero. Este dinero procede de poblaciones que tienen un excedente y guardan este efectivo en el banco nacional.;;;;;;;;;
tut_3a_21a;When you take a loan the money will first come from your own pops and then from pops in other nations.;Lorsque vous souscrivez un emprunt, l'argent est d'abord fourni par vos POP, puis par d'autres nations.;Wenn Sie ein Darlehen aufnehmen, kommt das Geld zuerst von Ihren eigenen Bevs, danach von den Bevs anderer Nationen.;;Cuando pides un préstamo, el dinero primero lo recibirás de tus propias poblaciones, y después, de poblaciones de otras naciones.;;;;;;;;;
REMOVE_tut_3a_21b;Try to take a loan by pressing the take loan button, pulling the slider till you have an amount you like and press Next.;Pour souscrire un emprunt, cliquez sur le bouton Emprunter, déplacez le curseur jusqu'au montant de votre choix, puis cliquez sur Suivant.;Versuchen Sie nun, über die Schaltfläche Darlehen aufnehmen ein Darlehen aufzunehmen. Ziehen Sie den Schieberegler, bis Sie den gewünschten Betrag sehen und klicken Sie dann auf Weiter.;;Intenta pedir un préstamo haciendo clic en el botón de préstamo, arrastrando el control deslizante hasta que tengas la cantidad que quieres y, a continuación, haz clic en Siguiente.;;;;;;;;;
tut_3a_22;Loans;Emprunts;Darlehen;;Préstamos;;;;;;;;;
tut_3a_23;You have now taken a loan. You can see the your total debt has increased by the amount you borrowed. Also note the interest value, this will be your daily interest payment on your loan.\nInterest is expensive however, so we should now pay back our loans. Press the Repay loan button and then pull the slider all the way to the right before you press OK;Vous venez de souscrire un emprunt. Notez que votre dette totale a augmenté à hauteur du montant que vous avez emprunté. Notez également la valeur Intérêts : il s'agit du montant des intérêts quotidiens associés à votre emprunt.\nLes intérêts étant élevés, mieux vaut rembourser votre emprunt tout de suite. Cliquez sur le bouton Rembourser, déplacez le curseur tout à droite et cliquez sur OK.;Wir haben jetzt ein Darlehen aufgenommen. Sie können sehen, dass sich Ihre Gesamtschulden gerade um den Betrag des aufgenommenen Darlehens erhöht haben. Beachten Sie auch den Zinswert. Dies sind Ihre täglichen Zinszahlungen für Ihr Darlehen.\nDa Zinsen teuer sind, sollten wir unsere Darlehen zügig zurückzahlen. Klicken Sie die Schaltfläche Darlehen tilgen und ziehen Sie den Schieberegler dann ganz nach rechts. Klicken Sie dann auf OK.;;Ya has recibido el préstamo. Ahora puedes ver que tu deuda total ha aumentado en la cantidad que has pedido prestada. Fíjate en el valor del interés, ya que marcará los intereses diarios sobre tu préstamo.\nSin embargo, los intereses son caros, así que debemos intentar devolver todos nuestros préstamos. Haz clic en el botón Devolver préstamo y, a continuación, arrastra el control deslizante hacia la derecha antes de hacer clic en Aceptar.;;;;;;;;;
##### Technology;;;;;;;;;;;;;;
tut_4a_1;Technology;Technologie;Technologie;;Tecnología;;;;;;;;;
tut_4a_2;To move forward in the world you need technology. Technology improves everything from your army to your industry. To manage technology, open the technology screen.;Pour vous imposer sur la scène internationale, vous avez besoin de technologie. La technologie améliore tout, de votre armée à votre industrie. Pour gérer la technologie, ouvrez l'écran Technologie.;Um es in der Welt zu etwas bringen, benötigen Sie Technologie. Technologie verbessert alles, von Ihrer Armee bis zu Ihrer Industrie. Zur Verwaltung Ihrer Technologien rufen Sie nun den Technologiebildschirm auf.;;Necesitas la tecnología para prosperar en el mundo. La tecnología sirve para mejorarlo todo, desde tu ejército a la industria. Para gestionar la tecnología, abre la pantalla de tecnología.;;;;;;;;;
tut_4a_3;The Technology Screen;L'écran Technologie;Der Technologiebildschirm;;Pantalla de tecnología;;;;;;;;;
tut_4a_4;This is the technology screen, from here you can start the research of your technology. Technology is divided into 5 types, these are Army, Navy, Commerce, Culture and Industry. Belgium is a budding industrial power, let's click industry.;L'écran Technologie vous permet d'entamer des travaux de recherche. La technologie se divise en cinq catégories : Armée, Marine, Commerce, Culture et Industrie. La Belgique étant une puissance industrielle naissante, cliquez sur Industrie.;Dies ist der Technologiebildschirm. Hier können Sie die Erforschung von Technologien einleiten. Die Technologie ist in fünf Typen unterteilt: Armee, Marine, Handel, Kultur und Industrie. Belgien ist eine aufstrebende Industriemacht. Klicken Sie also auf Industrie.;;Esta es la pantalla de tecnología. Desde aquí, puedes empezar a investigar esta faceta de tu país. La tecnología se divide en 5 ramas, que son: Ejército, Armada, Comercio, Cultura e Industria. Bélgica es una potencia industrial en ciernes, hagamos clic en Industria.;;;;;;;;;
tut_4a_7;Selecting Research;Sélection du domaine de recherche;Forschungsauswahl;;Seleccionar investigación;;;;;;;;;
tut_4a_8;You are now presented with all industrial technologies. The green ones are ones you already have, the yellow ones are those you can research and the grey ones are not available yet.;Toutes les technologies industrielles vous sont présentées. Les vertes sont celles que vous maîtrisez déjà, les jaunes celles sur lesquelles vous pouvez effectuer des travaux de recherche et les grises celles qui ne sont pas encore disponibles.;Nun sehen Sie sämtliche Industrietechnologien vor sich. Die grünen haben Sie bereits erforscht, die gelben können Sie erforschen und die grauen stehen Ihnen noch nicht zur Erforschung zur Verfügung.;;Ahora tienes delante todas las tecnologías industriales. Las que aparecen en verde son aquellas que ya tienes, las amarillas son las que puedes investigar y las grises son las que aún no están disponibles.;;;;;;;;;
tut_4a_8a;In our quest to become an industrial powerhouse, we should try improving our Infrastructure. Click Experimental Railroad.;Puisque vous voulez devenir une puissance industrielle, essayez d'améliorer la mécanisation. Cliquez sur Chemin de fer expérimental.;Da wir danach streben, ein industrielles Machtzentrum zu werden, sollten wir versuchen, die Mechanisierung zu verbessern. Klicken Sie auf Experimentaleisenbahn.;;En nuestra misión de convertirnos en un poder industrial, vamos a intentar mejorar nuestra Infraestructura. Haz clic en Ferrocarril experimental.;;;;;;;;;
tut_4a_9;Starting Research;Lancement des travaux de recherche;Forschungsbeginn;;Iniciar una investigación;;;;;;;;;
tut_4a_10;Notice that the square in the lower right hand corner changed. In this square you can see the effects your technology will have when completed as well as inventions that can spawn. Start your project by clicking Start Research.;Notez que le cadre situé en bas à droite de l'écran présente désormais les effets qu'aura votre technologie une fois mise au point ainsi que les inventions qui peuvent en découler. Pour lancer votre projet, cliquez sur Commencer la recherche.;Beachten Sie, dass sich das quadratische Feld in der unteren rechten Bildschirmecke verändert hat. In diesem Feld sehen Sie die Effekte, die Ihre Technologie nach ihrer Erforschung haben wird und welche Erfindungen sie freischalten kann. Starten Sie Ihr Projekt, indem Sie auf Forschung beginnen klicken.;;Fíjate en que el cuadro de la esquina inferior derecha ha cambiado. En este cuadro puedes observar los efectos que tendrá la tecnología cuando se complete su investigación, además de los inventos que hará que estén disponibles. Inicia tu proyecto haciendo clic en Iniciar investigación.;;;;;;;;;
tut_4a_11;Starting Research;Lancement des travaux de recherche;Forschungsbeginn;;Iniciar una investigación;;;;;;;;;
tut_4a_12;Now the selected tech should have turned blue, this means that the project is ongoing. You can always change the project you are researching by starting another.;La technologie sélectionnée apparaît désormais en bleu pour indiquer que le projet est en cours. Si vous souhaitez changer de projet de recherche, il vous suffit d'en lancer un autre.;Die nun ausgewählte Technologie sollte sich blau gefärbt haben. Dies bedeutet, dass das Forschungsprojekt im Gange ist. Sie können Ihr aktuelles Projekt jederzeit durch den Start eines anderen beenden.;;Ahora, la tecnología seleccionada debería aparecer en azul. Eso significa que el proyecto está en marcha. Siempre puedes cambiar el proyecto que estás investigando e iniciar otro.;;;;;;;;;
##### Politics;;;;;;;;;;;;;;
tut_5a_1;Politics;Politique;Politik;;Política;;;;;;;;;
tut_5a_2;This tutorial will cover the political aspects of Victoria 2. Politics is one of the more important features in Victoria 2. As the game progresses and society changes, new political ideas will take root in your population and your people will start to demand reforms.;Ce didacticiel est consacré aux aspects politiques de Victoria 2. La politique est l'une des caractéristiques les plus importantes de Victoria 2. À mesure que le jeu progresse et que la société évolue, de nouvelles idées politiques émergent et votre population commence à réclamer des réformes.;Dieses Tutorial behandelt die politischen Aspekte von Victoria 2. Die Politik ist eines der wichtigsten Spielelemente von Victoria 2. Im Spielverlauf verändert sich die Gesellschaft und neue politische Ideen verankern sich in Ihrer Bevölkerung, die auch beginnen wird, Reformen zu fordern.;;Este tutorial cubrirá los aspectos políticos de Victoria 2. La política es una de las características más importantes del juego. A medida que progresa el juego y cambia la sociedad, nuevas ideas políticas sembrarán su semilla en tu población y esta empezará a pedir reformas.;;;;;;;;;
tut_5a_2a;Political parties and reforms have a major impact on how you can control your country, and it's up to you how you want to manage the demands of your people.\nTo find out more about politics, click the Politics button in the top bar.;Les partis et réformes politiques ont un impact déterminant sur la façon dont vous contrôlez votre pays. Et c'est à vous de gérer les revendications de votre population.\nPour de plus amples informations sur la politique, cliquez sur le bouton Politique de la barre supérieure.;Politische Parteien und Reformen haben großen Einfluss darauf, wie Sie Ihr Land kontrollieren können, und es liegt an Ihnen, wie Sie mit den Forderungen Ihrer Bevölkerung umgehen möchten.\nKlicken Sie in der Kopfleiste auf den Politikreiter, wenn Sie mehr über Politik erfahren möchten.;;Los partidos políticos y las reformas tienen un impacto importante en cómo controlas tu país. De ti depende la manera en la que gestionas las peticiones de tu pueblo.\nPara saber más sobre política, haz clic en el botón Política de la barra superior.;;;;;;;;;
tut_5a_3;The Political Screen;L'écran politique;Der Politikbildschirm;;Pantalla de política;;;;;;;;;
tut_5a_4;In this screen you can see the current ruling party of your nation, the political leanings of your people and voters, and their issues. You can also change the ruling party if your government type allows, or start an election if you are democratically inclined. Press next to continue.;Cet écran indique quel parti dirige actuellement votre pays. Il présente aussi la composition politique de votre population et de vos électeurs ainsi que leurs problèmes. En outre, vous pouvez changer de parti dirigeant si votre régime le permet, ou organiser des élections si vous avez la fibre démocratique. Cliquez sur Suivant pour continuer.;In diesem Bildschirm sehen Sie die Regierungspartei Ihres Landes, die politische Zusammensetzung Ihrer Bevölkerung und Wähler sowie deren Probleme. Wenn es Ihr Regierungstyp gestattet, können Sie auch die Regierungspartei wechseln, eine Wahl abhalten, wenn Sie demokratisch geneigt sind, oder die Problemausrichtung ändern. Klicken Sie zum Fortfahren auf Weiter.;;En esta pantalla puedes ver qué partido está actualmente en el gobierno de la nación, las inclinaciones políticas de tu pueblo y tus votantes y sus problemas. También puedes cambiar al partido gobernante si tu tipo de gobierno lo permite o iniciar unas elecciones si tu país es de tendencias democráticas. Haz clic en Siguiente para continuar.;;;;;;;;;
tut_5a_5;The Government;Le gouvernement;Die Regierung;;El gobierno;;;;;;;;;
tut_5a_6;Here you can see the ruling party of your country. A ruling party has an ideology and a number of policies. These policies impose rules for how your country behaves, such as if the state can build factories or if only the capitalists do, and they also put limitations on the sliders in the budget screen.;Il s'agit du parti qui dirige votre pays. Un parti dirigeant possède une idéologie et met en avant un certain nombre de politiques. Ces politiques s'accompagnent de règles (ex : construction des usines par le joueur ou par les capitalistes) et de limites (définies via les curseurs de l'écran Budget notamment).;Hier können Sie die Regierungspartei Ihres Landes sehen. Eine Regierungspartei hat eine Ideologie und eine Anzahl politischer Strategien. Diese politischen Strategien sind mit Regeln verbunden, wie sich Ihr Land verhält, also beispielsweise, ob Sie selbst Fabriken bauen können oder ob dies von Kapitalisten getan wird. Dies beeinflusst auch die Schieberegler im Haushaltsbildschirm und andere Spielelemente.;;Aquí puedes ver al partido gobernante de tu país. Un partido gobernante tiene una ideología y una serie de políticas. Estas políticas imponen reglas para el comportamiento de tu país como, por ejemplo, si el estado puede construir fábricas o solo los capitalistas. Además, también establecen limitaciones en los controles deslizantes de la pantalla de presupuestos.;;;;;;;;;
tut_5a_6a;Belgium is ruled by the Katholieke Partij, you can find out more about their issues by hovering your mouse over each one. As the game progresses your needs will change, as will your people's ideologies, and the issues they support. You will have to balance the type of government you want with the one your population wants. Press next when you are ready to continue.;La Belgique est gouvernée par le Katholieke Partij. Pour en savoir plus sur les positions politiques de ce parti, passez la souris sur celles-ci. À mesure que le jeu progresse, vos besoins évoluent, à l'instar des idéologies et positions politiques de votre population. Vous devez équilibrer le type de gouvernement que vous souhaitez avec celui que réclame votre population. Cliquez sur Suivant lorsque vous êtes prêt à continuer.;Belgien wird von der Katholieke Partij regiert. Sie können mehr über die einzelnen Probleme der Partei erfahren, indem Sie Ihren Mauszeiger auf sie bewegen. Im weiteren Spielverlauf werden sich Ihre Bedürfnisse ändern, aber auch die Ideologien und die Probleme, mit denen sich Ihre Bevölkerung beschäftigt. Sie müssen die Auswahl Ihres Regierungstyps auch daran abwägen, was Ihre Bevölkerung will. Klicken Sie zum Fortfahren auf Weiter, wenn Sie bereit sind.;;En Bélgica gobierna el Katholieke Partij. Puedes saber más sobre sus características si pasas el ratón por encima de cada uno. A medida que avanza el juego, tus necesidades cambiarán, igual que la ideología de tu gente y los asuntos que apoyan. Tendrás que equilibrar el tipo de gobierno que quieres con el tipo de gobierno que desea la población. Haz clic en Siguiente cuando estés listo para continuar.;;;;;;;;;
tut_5a_7;Reforms;Réformes;Reformen;;Reformas;;;;;;;;;
tut_5a_8;To influence how your country works you can institute a number of political and social reforms.;Pour peser sur le fonctionnement de votre pays, vous pouvez instaurer un certain nombre de réformes politiques et sociales.;Zur Beeinflussung der politischen Geschicke Ihres Landes können Sie eine Reihe politischer und sozialer Reformen verabschieden.;;Para influir en el funcionamiento de tu país, puedes instituir una serie de reformas políticas y sociales.;;;;;;;;;
tut_5a_9;Political reforms are things that affect the political system in your country while social reforms will divert government money to help various groups in the population.;Les réformes politiques déterminent le système politique de votre pays tandis que les réformes sociales utilisent le budget national pour aider différentes catégories de la population.;Politische Reformen beeinflussen das politische System in Ihrem Land, während sich soziale Reformen auf die Verteilung staatlicher Gelder an verschiedene Bevölkerungsgruppen beziehen.;;Las reformas políticas son elementos que afectan al sistema político del país, mientras que las reformas sociales invertirán el dinero gubernamental en la ayuda de diversos grupos de la población.;;;;;;;;;
tut_5a_10;You should consider instituting reforms that your population wants but you must take care so that you can afford them. There is also the Upper House to consider, which might take issue with new reforms being enacted.\nBelow are a couple of examples of reforms Belgium currently has:;Tachez d'instaurer des réformes souhaitées par votre population, à condition d'en avoir les moyens. Vous devez également tenir compte de la Chambre haute.\nVoici quelques exemples de réformes actuellement en cours en Belgique :;Sie sollten in Betracht ziehen, von Ihrer Bevölkerung gewünschte Reformen zu verfügen, aber Sie müssen auch darauf achten, ob Sie sie sich überhaupt leisten können. Bei Reformen müssen Sie auch die Aktionen Ihres Oberhauses in Betracht ziehen, das bei der Verabschiedung neuer Reformen ein Wörtchen mitreden kann.\nIm Folgenden finden Sie einige Beispiele für Reformen, die in Belgien derzeit in Kraft sind:;;Debes considerar qué reformas quiere tu gente y, al mismo tiempo, asegurarte de que puedes permitírtelas. También hay que tener en cuenta a la cámara alta, que puede emprender acciones frente a determinadas nuevas reformas.\nMás abajo hay ejemplos de reformas que Bélgica ya tiene:;;;;;;;;;
tut_5a_11;Voting System - Belgium has wealth voting. This means that only the rich and the middle strata are allowed to vote, if you would for example change to weighted wealth the same strata would be allowed to vote but with rich pops counted twice.;Mode de scrutin : en Belgique, le droit de vote est basé sur la fortune. Cela signifie que seules les classes supérieures et moyennes sont autorisées à voter. Avec le mode Richesse pondérée, par exemple, les mêmes classes sociales pourraient voter, mais les voix des riches compteraient deux fois.;Wahlsystem - Belgien hat Vermögenswahl. Dies bedeutet, dass nur die Ober- und Mittelschicht wählen darf. Wenn Sie dies beispielsweise auf Vermögensgewichtung einstellen würden, könnten dieselben Leute wählen, aber die Stimmen von Angehörigen der Oberschicht würden doppelt gewertet.;;Sistema de voto. Bélgica cuenta con un sistema de votos según ingresos. Esto supone que solo los ricos y la clase media tienen derecho a votar. Si cambias el sistema a uno de riqueza ponderada, seguirán votando los mismos estratos sociales, pero el voto de la población rica contará el doble.;;;;;;;;;
tut_5a_11a;Health Care - Belgium has 'Trinket Health Care'. This means that, at a cost, our population growth will increase by an extra 2.5%, but only if we fully fund the social reforms in the budget screen.;Santé : la Belgique possède un système de santé dérisoire. Ainsi, moyennant finance, votre croissance démographique augmentera de 25% maximum, à condition que vous financiez entièrement les réformes sociales via l'écran Budget.;Gesundheitsfürsorge - Belgien hat Sach-Gesundheitsfürsorge. Dies bedeutet, dass unser Bevölkerungswachstum in Reaktion auf unsere Ausgaben um maximal 25 Prozent ansteigen kann. Natürlich nur, wenn Sie die Sozialreformen im Haushaltsbildschirm auch voll finanzieren.;;Sanidad pública. Bélgica tiene el sistema 'Sanidad de baratija'. Esto supone que, por un cierto coste, nuestra población crecerá un 2,5% adicional, pero solo si financiamos las reformas sociales del presupuesto.;;;;;;;;;
tut_5a_12;Issues and Voters;Positions politiques et électeurs;Probleme und Wähler;;Temas y votantes;;;;;;;;;
tut_5a_13;Here you can see how your people feel about things in your country. Notice the two pie charts, Voter Ideologies and People Ideologies. The difference between these is due to our voting system which is a political reform.;Vous pouvez ici voir ce que votre population pense de différents sujets relatifs à votre pays. Notez les deux graphiques : Idéologies des électeurs et Idéologies de la population. La différence entre ces deux catégories s'explique de par votre mode de scrutin qui fait l'objet d'une réforme politique.;Hier können Sie sehen, welche Meinung Ihre Bevölkerung über bestimmte Probleme in Ihrem Land hat. Beachten Sie die beiden Kuchendiagramme Wählerideologien und Bevölkerungsideologien. Der Unterschied zwischen beiden liegt an unserem Wahlsystem, das eine politische Reform darstellt.;;Aquí puedes ver lo que la gente opina sobre los asuntos del país. Observa que hay dos gráficos circulares, Ideologías de los votantes e Ideologías del pueblo. La diferencia entre ellos se debe a tu sistema electoral, que es una reforma política.;;;;;;;;;
tut_5a_13a;An effect of this difference can be that while a party may win an election a majority of our people can get upset about this.;Cette différence peut, par exemple, susciter le mécontentement d'une majorité de votre population en cas de victoire électorale d'un parti qu'elle ne soutient pas.;Ein Effekt dieses Unterschieds ist, dass eine Partei zwar eine Wahl gewinnen kann, sich darüber aber möglicherweise die Mehrheit unserer Bevölkerung ärgert.;;Un efecto de esa diferencia puede ser que, aunque un partido gane unas elecciones, la mayoría del pueblo esté en desacuerdo.;;;;;;;;;
tut_5a_13b;Below you see the issues most important to your people and your voters, this can be an important factor to consider when implementing reforms.;En dessous se trouvent les thèmes politiques les plus importants pour votre population et vos électeurs. Ce facteur peut être important lors de la mise en ?uvre de réformes.;Darunter sehen Sie die Probleme, die Ihrer Bevölkerung am meisten am Herzen liegen. Diese Informationen können für zukünftige Reformen sehr wichtig sein.;;Debajo puedes ver los asuntos más importantes para tu pueblo y tus votantes. Estos pueden ser un factor a tener en cuenta a la hora de iniciar reformas.;;;;;;;;;
##### People;;;;;;;;;;;;;;
tut_6a_1;People;Population;Die Bevölkerung;;Pueblo;;;;;;;;;
tut_6a_2;Your people are your most important resources, and are basically the driving engine of Victoria 2. Your people will build goods, buy goods, pay taxes, vote, or even revolt if they are unhappy.;Votre population constitue la ressource la plus importante de Victoria 2. C'est elle qui produit et achète les marchandises, paie les impôts, vote et se révolte si elle est mécontente.;Ihre Bevölkerung ist Ihre wichtigste Ressource und der grundlegende Faktor von Victoria 2. Ihre Untertanen produzieren Güter, manche kaufen sie, sie zahlen Steuern, wählen und wenn sie unzufrieden sind, revoltieren sie.;;Tu pueblo es tu recurso más importante y, básicamente, el motor que mueve Victoria 2. Tu pueblo creará y comprará bienes, pagará impuestos, votará e incluso se rebelará si no es feliz.;;;;;;;;;
tut_6a_2a;Your main source of information about your people comes from the pop view. But first, let's say something about where your people live, the provinces and the states.;Votre principale source d'informations sur celle-ci est la vue Population. Mais commençons par une présentation des lieux de vie de la population : les provinces et les États.;Ihre Hauptinformationen über Ihre Bevölkerung finden Sie im Bevölkerungsbildschirm. Zuerst wollen wir uns aber ansehen, wo Ihre Bevölkerung lebt: die Provinzen und Staaten.;;Tu principal fuente de información acerca del pueblo viene de la vista de población. Pero antes, hablemos del lugar donde vive tu pueblo, las provincias y los estados.;;;;;;;;;
tut_6a_2b;Go ahead and click the province of Brussels on your map in the center of the screen.;Cliquez sur la province de Bruxelles sur la carte du center de l'écran.;Klicken Sie auf der Karte in der Bildschirmmitte auf die Provinz Brüssel.;;Haz clic en la provincia de Bruselas en el mapa, en el centro de la pantalla.;;;;;;;;;
tut_6a_3;The Province and the State;La province et l'État;Provinzen und Staaten;;La Provincia y el Estado;;;;;;;;;
tut_6a_4;The map is divided into provinces, the province is the smallest geographical unit in the game. It is here that your pops live and work.\nThe provinces in turn are divided into states. A state can be anything from one to four or more provinces.;La carte est divisée en provinces. La province est la plus petite unité géographique du jeu. C'est là que vivent et travaillent vos POP.\nLes provinces sont regroupées en États. Un État peut comprendre une à quatre provinces (voir plus).;Die Karte ist in Provinzen unterteilt, die kleinste geographische Einheit des Spiels. Hier leben und arbeiten Ihre Bevs.\nStaaten wiederum sind in Provinzen unterteilt. Ein Staat kann aus einer oder mehreren Provinzen bestehen.;;El mapa se halla dividido en provincias. La provincia es la unidad geográfica más pequeña del juego. Aquí es donde vive y trabaja tu población. A su vez, las provincias se organizan en estados. Un estado puede contar con una o más provincias.;;;;;;;;;
tut_6a_4a;The state has a certain number of things it shares with all its provinces such as factories that build goods, bureaucrats that collect taxes and capitalists and aristocrats that exploit the workers.;L'État partage un certain nombre de choses avec toutes ses provinces, comme les usines qui produisent les marchandises, les bureaucrates qui collectent les impôts, et les capitalistes et aristocrates qui exploitent les travailleurs.;Der Staat teilt eine große Anzahl von Einrichtungen mit all seinen Provinzen, zum Beispiel Güter produzierende Fabriken, Steuer eintreibende Bürokraten sowie Arbeiter ausbeutende Kapitalisten und Aristokraten.;;El estado tiene un cierto número de cosas en común con todas sus provincias, como fábricas que crean bienes, burócratas que recaudan impuestos o capitalistas y aristócratas que explotan a los trabajadores.;;;;;;;;;
tut_6a_4b;At the top of the province view that was opened when you selected the province, you see the name the state ('Vlaandern') and below it the name of the province.\nIn Victoria 2 most things that happen to your people are indirect effects of actions you take, there is however one thing you can do to more directly influence what goes on in a province, National Focus.;En haut de la vue Province qui s'affiche lorsque vous sélectionnez une province, vous voyez le nom de l'État ("Flandre") et, en dessous, le nom de la province.\nDans Victoria 2, le sort de votre population ne dépend qu'indirectement de vos actions. Cela dit, il existe un facteur permettant d'influencer directement ce qui se passe dans une province : la cause nationale.;Oben im Provinzbildschirm, der bei Ihrer Auswahl der Provinz aufgerufen wurde, sehen Sie den Namen des Staats ('Vlaandern') und darunter den Namen der Provinz.\nIn Victoria 2 ist das Meiste, das Ihrer Bevölkerung widerfährt, eine indirekte Konsequenz Ihrer Aktionen. Es gibt aber eine Möglichkeit zur direkten Beeinflussung der Geschehnisse in einer Provinz: den nationalen Fokus.;;En la parte superior de la vista de provincia que se abrió al seleccionar esta última, verás el nombre del estado ('Vlaanderen') y debajo el nombre de la provincia.\nEn Victoria 2 la mayoría de las cosas que le ocurren a tu pueblo son efectos indirectos de acciones elegidas por ti. Sin embargo, hay algo que puedes hacer para influir en los sucesos de una provincia de forma más directa, la Atención nacional.;;;;;;;;;
tut_6a_5;To access National Focus, press the national focus icon in the province view.;Pour accéder à la cause nationale, cliquez sur l'icône correspondante dans la vue Province.;Zum Zugriff auf den nationalen Fokus klicken Sie im Provinzbildschirm auf die Schaltfläche Nationaler Fokus.;;Para acceder a la atención nacional, haz clic en el icono de atención de la vista de provincia.;;;;;;;;;
tut_6a_6;National Focus;Cause nationale;Nationaler Fokus;;Atención nacional;;;;;;;;;
tut_6a_7;National Focus is one of your most potent ways of influencing your population through a number of indirect effects on a state wide level.;La cause nationale est l'un des moyens les plus efficaces d'influer sur la population de votre État via un certain nombre d'effets indirects.;Der nationale Fokus ist eine Ihrer mächtigsten Möglichkeiten, Ihre Bevölkerung über eine Reihe indirekter Effekte auf staatsweiter Ebene zu beeinflussen.;;La Atención es una de las formas más poderosas que tienes de influir en tu población a través de un número de efectos indirectos a nivel estatal.;;;;;;;;;
tut_6a_8;Rail roads - Encourage your capitalists to build rail roads;Chemins de fer : encouragez vos capitalistes à construire des chemins de fer.;Eisenbahnen - Ermutigen Sie Ihre Kapitalisten zum Bau von Eisenbahnen.;;Ferrocarriles. Anima a tus capitalistas a construir ferrocarriles.;;;;;;;;;
tut_6a_9;Immigration - Encourage your people to move to this province.;Immigration : encouragez votre population à emménager dans cette province.;Immigration - Ermutigen Sie Ihre Bevölkerung, in diese Provinz zu ziehen.;;Inmigración. Anima a tu pueblo a trasladarse a esta provincia.;;;;;;;;;
tut_6a_10;Colonization - Construct a colony in this state. This is the only focus relevant in an empty state.;Colonisation : bâtissez une colonie dans cet État. Il s'agit de la seule cause pertinente dans un État vide.;Kolonisierung - Gründen Sie in diesem Staat eine Kolonie. Dies ist der für leere Staaten einzig relevante Fokus.;;Colonización. Construye una colonia en este estado. Esta es la única atención relevante en un estado vacío.;;;;;;;;;
tut_6a_11;Promotion - Encourage your people to promote to a certain profession.;Promotion : encouragez votre population à changer de profession.;Beförderung - Ermutigen Sie Ihre Bevölkerung, in bestimmte Berufszweige zu wechseln.;;Promoción. Anima a tu pueblo a perseguir una cierta profesión.;;;;;;;;;
tut_6a_12;Production - Encourage capitalists and artisans to build a certain kind of goods.;Production : encouragez les capitalistes et les artisans à produire un certain type de biens.;Produktion - Ermutigen Sie Kapitalisten und Handwerker, bestimmte Güter herzustellen.;;Producción. Anima a los capitalistas y artesanos a construir cierto tipo de bienes.;;;;;;;;;
REMOVE_tut_6a_13;To improve Belgium's industrial production we need more industrial workers, click the laborer icon to set this focus.;Pour améliorer la production industrielle de la Belgique, il vous faut davantage d'ouvriers industriels. Cliquez sur l'icône des mineurs pour définir cette cause.;Zu Verbesserung von Belgiens Industrieproduktion benötigen wir mehr Industriearbeiter. Klicken Sie auf das Arbeitersymbol, um einen Fokus darauf zu legen.;;Para mejorar la producción industrial belga, necesitamos más obreros industriales. Haz clic en el icono del obrero para establecer esta atención.;;;;;;;;;
tut_6a_14;The People;La population;Die Bevölkerung;;El pueblo;;;;;;;;;
tut_6a_15;In the province view you can also see statistics about your population. In the 3 pie charts you can see, from left to right, what they work with, what their ideology is and which culture they belong to.;La vue Province présente également des statistiques sur votre population. Les trois graphiques illustrent, de gauche à droite, avec quoi travaille la population, quelle est son idéologie et à quelle culture elle appartient.;Im Provinzbildschirm finden sich auch statistische Informationen über Ihre Bevölkerung: In den drei Kuchendiagrammen können Sie, von links nach rechts, sehen, woran Ihre Bevs arbeiten, was ihre Ideologie ist und welcher Kultur sie angehören.;;En la vista de la provincia también puedes ver estadísticas sobre tu población. En los tres gráficos circulares que puedes ver se indica, de izquierda a derecha, aquello en lo que están trabajando, qué ideología tienen y a qué cultura pertenecen.;;;;;;;;;
tut_6a_15a;This is not so much information however, if you click the View Pop statistics button next to the pie chart you can get more information about your people. Do this now.;Et pour plus d'informations, cliquez sur le bouton Afficher les statistiques démographiques situé près du graphique. Allez-y.;Diese Informationen sind nicht besonders detailliert. Wenn Sie aber neben dem betreffenden Kuchendiagramm auf die Schaltfläche Bev-Statistiken anzeigen klicken, erhalten Sie genauere Informationen über Ihre Bevölkerung. Machen Sie das jetzt.;;No es mucha información pero, si haces clic en el botón Ver estadísticas de la población, junto al gráfico circular, puedes conocer más cosas sobre tu pueblo. Hazlo ahora.;;;;;;;;;
tut_6a_16;The Pop View;La vue Population;Der Bev-Bildschirm;;Vista de población;;;;;;;;;
tut_6a_17;This is the Population View. Here you can have all information about the people of Belgium. You can see that by entering via the province of Brussels this province has been preselected. First let us take a closer look at the composition of Brussels. By selecting another province, state or your entire nation you can get information about a different segment of your people.;Cette vue contient toutes les informations relatives à la population de la Belgique. Pour y accéder, entrez par la province de Bruxelles. Cette province a été présélectionnée. Penchons-nous d'abord sur la composition de Bruxelles. En sélectionnant une autre province, un autre État ou l'ensemble de votre nation, vous pouvez obtenir des informations sur un segment distinct de votre population.;Dies ist der Bev-Bildschirm. Hier finden Sie alle Informationen über die Bevölkerung Belgiens. Sie sehen, dass die Provinz Brüssel bereits ausgewählt wurde. Lassen Sie uns nun einen genaueren Blick auf die Zusammensetzung Brüssels werfen. Durch die Auswahl einer anderen Provinz, eines anderen Staats oder Ihrer ganzen Nation können Sie Informationen über verschiedene Segmente Ihrer Bevölkerung erlangen.;;Bienvenido a la Vista de población. Aquí podrás obtener toda la información sobre los ciudadanos de Bélgica. Como ves, si accedes aquí desde la provincia de Bruselas, esta aparece preseleccionada. En primer lugar, echemos un vistazo más detallado a la composición de Bruselas. Al seleccionar otra provincia, estado o toda la nación, puedes obtener información sobre un segmento diferente de tu pueblo.;;;;;;;;;
tut_6a_18;In the top of the screen you have a number of filter buttons that let you filter out people of certain professions.;En haut de l'écran, vous disposez de boutons vous permettant de filtrer la population par professions.;Im oberen Bildschirmteil befinden sich einige Filterschaltflächen, mit denen Sie Ihre Bevölkerung nach Berufen sortieren können.;;En la parte superior, tienes una cantidad de botones de filtros que te permiten filtrar la población de determinadas profesiones.;;;;;;;;;
tut_6a_19;There is also a lot of statistics that about your current selection, such as what the people work with, their culture and religion.;Différentes statistiques sont aussi disponibles en fonction de votre sélection, comme ce avec quoi la population travaille, sa culture et sa religion.;Hier finden Sie auch viele Statistiken über Ihre aktuelle Auswahl, also mit was die Menschen arbeiten, was ihre Kultur und Religion ist usw..;;Además, hay un montón de estadísticas acerca de tu selección actual, como la gente con la que trabajas, su cultura y su religión.;;;;;;;;;
tut_6a_20;You also have a fairly long list of people in your province, divided into units that share profession, culture and religion, so called Pops. To find out a little more about one of our pops. Find the Flemish craftsman in the list to the left and click his icon.;Vous disposez également dans votre province d'une liste relativement longue de gens répartis en unités de même profession, culture et religion que l'on appelle des POP. Pour en savoir plus sur un de vos POP, accédez à l'ouvrier flamand dans la liste et cliquez sur son icône.;Die Liste der Menschen in Ihrer Provinz ist ziemlich lang, da sie in Gruppen unterteilt sind, die denselben Beruf, dieselbe Kultur und Religion haben. Diese Gruppen werden Bevs genannt. Nun wollen wir etwas mehr über eine Ihrer Bevs herausfinden: Finden Sie in der Liste den flämischen Handwerker und klicken Sie auf sein Symbol.;;También tienes una larga lista dividida en unidades que comparten profesión, cultura y religión, llamadas poblaciones. Vamos a descubrir algo más sobre una de nuestras poblaciones. Busca al artesano flamenco en la lista a la izquierda y haz clic en su icono.;;;;;;;;;
tut_6a_21;The Pop;Le POP;Die Bev;;La población;;;;;;;;;
tut_6a_22;The basic unit of population is the pop which are simply a collection of people with same same culture, religion and profession. In this screen you can check how your population feels about things like issues and how angry they are. It pays to come back to this screen to check up on how different groups of your population are reacting to your policies, they might try do seek new jobs, migrate to other countries or revolt.\nClick next to continue.;L'unité de base de la population est le POP qui correspond à un ensemble de gens de même culture, religion et profession. Cet écran vous permet de connaître l'opinion de votre population sur différents sujets et de mesurer son mécontentement. Consultez régulièrement cet écran pour savoir comment les différents groupes de votre population réagissent à vos politiques et éviter ainsi de les voir chercher de nouveaux emplois, émigrer vers d'autres pays ou se révolter.\nCliquez sur Suivant pour continuer.;Die grundlegende Bevölkerungseinheit ist die BEV, also einfach eine Gruppe von Menschen mit derselben Kultur, Religion und Berufszugehörigkeit. Auf diesem Bildschirm können Sie überprüfen, was Ihre Bevölkerung über bestimmte Probleme denkt und wie wütend sie ist. Es zahlt sich aus, auf diesem Bildschirm gelegentlich zu überprüfen, wie die verschiedenen Bevölkerungsgruppen auf Ihre politische Strategie reagieren, ob sie in andere Berufszweige wechseln oder in andere Länder ziehen wollen bzw. ob sie sich mit Revolutionsgedanken tragen.\nKlicken Sie zum Fortfahren auf Weiter.;;La unidad básica demográfica es la población, que simplemente es un grupo de gente con la misma cultura, religión y profesión. En esta pantalla, puedes comprobar lo que opina tu población acerca de los diversos temas y su nivel de enfado. Vale la pena volver a esta pantalla para ver cómo los diferentes grupos de tu población reaccionan ante tus políticas. Puede que intenten buscar otros trabajos, emigrar a otros países o rebelarse.\nHaz clic en Siguiente para continuar.;;;;;;;;;
##### Trade ;;;;;;;;;;;;;;
tut_7a_1;Trade;Commerce;Handel;;Comercio;;;;;;;;;
tut_7a_2;In Victoria 2 goods are produced from various sources such as RGOs, factories and artisans, these goods are then traded for money. Most of this trade happens automatically between the pops and the factories themselves. Some of it is done by the player, such as buying goods to build and supply armies, building factories and supporting overseas possessions. This is controlled via the trade screen. Go ahead and click the trade button in the top bar;Dans Victoria 2, les marchandises sont produites à partir de différentes sources (comme les EAM, les usines et les artisans) avant d'être vendues. La plupart des échanges commerciaux entre la population et les usines sont automatiques. Cela dit, une partie d'entre eux est effectuée par le joueur, comme l'achat de ressources pour créer et ravitailler les armées, construire des usines et approvisionner les possessions d'outre-mer. Pour ce faire, vous devez utiliser l'écran Commerce. Cliquez sur le bouton Commerce de la barre supérieure.;In Victoria 2 werden Güter an verschiedenen Standorten wie RGOs, Fabriken und Handwerker-Werkstätten produziert und dann für Geld verkauft. Die meisten dieser Handelsgeschäfte zwischen den Bevs und den Fabriken laufen automatisch ab. Einige Transaktionen aber werden direkt von Ihnen getätigt. Dazu gehört der Kauf von Gütern zum Aufstellen und Versorgen von Armeen, zum Bau von Fabriken und zur Unterstützung von Übersee-Besitztümern. Dies wird über den Handelsbildschirm kontrolliert. Klicken Sie nun in der Kopfleiste auf den Handelsreiter.;;En Victoria 2, los bienes se producen a través de diversas fuentes, como TOR, fábricas y artesanos. Una vez creados, estos bienes se cambian por dinero. La mayor parte de este comercio tiene lugar entre las poblaciones y las propias fábricas. Otra parte la genera el comprador, comprando bienes para construir y abastecer ejércitos, construyendo fábricas y apoyando a las posesiones en el extranjero. Esto se controla a través de la pantalla de comercio. Haz clic en el botón de Comercio en la barra superior.;;;;;;;;;
tut_7a_3;The Trade screen;L'écran Commerce;Der Handelsbildschirm;;Pantalla de comercio;;;;;;;;;
tut_7a_4;This is the trade screen, here you can find lots of information about the movement of goods on the market.\nIn the top left side of the screen you can see all the various goods available, together with their price and the latest price movement. We want some information about small arms, go ahead and click the Small Arms Icon;Cet écran consacré au commerce contient différentes informations sur la circulation des biens sur le marché.\nEn haut à droite figurent toutes les marchandises disponibles avec leur prix et la dernière évolution de celui-ci. Vous recherchez des informations sur les armes légères. Cliquez sur l'icône correspondante.;Dies ist der Handelsbildschirm, auf dem Sie viele Informationen über die Marktbewegungen von Gütern erhalten.\nOben rechts im Bildschirm sehen Sie alle verfügbaren Güter mit Preisangaben und neuesten Preisveränderungen. Wir möchten Informationen über Handfeuerwaffen haben. Klicken Sie dazu auf das Symbol für Handfeuerwaffen.;;Esta es la pantalla de comercio. Aquí podrás encontrar mucha información acerca del movimiento de los bienes en el mercado.\nEn la parte superior izquierda de la pantalla puedes ver los diversos bienes disponibles junto a su precio y el último movimiento que este ha experimentado. Queremos información sobre armas ligeras, así que haz clic en el icono de Armas ligeras.;;;;;;;;;
tut_7a_5;The Trade goods;Les marchandises;Die Handelsgüter;;Los bienes de comercio;;;;;;;;;
tut_7a_6;Notice how the square in the upper right part of the screen changed to show the details of your goods.;Notez que le cadre situé en haut à droite de l'écran affiche désormais les détails de vos marchandises.;Beachten Sie, dass sich das quadratische Feld oben rechts im Bildschirm geändert hat und nun die Details Ihrer Güter anzeigt.;;Fíjate en cómo cambia el cuadro de la parte superior derecha de la pantalla para reflejar los detalles de tus bienes.;;;;;;;;;
tut_7a_6a;At the top you see the price curve showing how the price has developed over time.;En haut, une courbe présente l'évolution des prix au fil du temps.;Ganz oben sehen Sie die Preiskurve, an der Sie ablesen können, wie sich der Preis im Laufe der Zeit entwickelt hat.;;En la parte superior puedes ver la curva de precio que muestra cómo han evolucionado a lo largo del tiempo.;;;;;;;;;
REMOVE_tut_7a_6b;Below that are two check boxes, Automate and Buy Internal.\nAutomate will automatically set your trade order to buy what your armies need.\nBuy Internal will force your trade order to only buy items produced in your own country.;En dessous se trouvent deux cases à cocher : Automatiser et Acheter en interne.\nAutomatiser définit automatiquement la commande en fonction des besoins de vos armées.\nAcheter en interne permet de n'acheter que des biens produits dans votre pays.;Darunter befinden sich zwei Kontrollkästchen: Automatisieren und Intern kaufen.\nAutomatisieren erteilt automatisch einen Kaufauftrag für Güter, die Ihre Armeen benötigen.\nIntern kaufen schränkt Ihren Güterkauf auf Produkte ein, die in Ihrem eigenen Land hergestellt werden.;;Debajo hay dos casillas de confirmación, Automatizar y Compra interna.\nAutomatizar modificará tu comercio para comprar aquello que necesiten tus ejércitos.\nCompra interna modificará tu comercio para comprar exclusivamente elementos producidos en tu país.;;;;;;;;;
tut_7a_6c;Here you can also see how much your country produces as well as the needs of your government, producers in your country and your pops.\nNow we need to buy some things. Press next to continue.;Vous pouvez aussi voir le volume produit par votre pays ainsi que les besoins de votre gouvernement, des producteurs de votre pays et de votre population.\nÀ présent, vous devez faire quelques achats. Cliquez sur Suivant pour continuer.;Hier können Sie auch die Produktionsquantitäten Ihres Landes ablesen und welche Bedürfnisse Ihre Regierung, Ihre Produzenten und Ihre Bevs haben.\nNun müssen wir einige Güter kaufen. Klicken Sie zum Fortfahren auf Weiter.;;Aquí, también puedes ver las cantidades que produce tu país y las necesidades de tu gobierno, los productores nacionales y tus poblaciones.\nAhora tenemos que comprar algunas cosas. Haz clic en Siguiente para continuar.;;;;;;;;;
tut_7a_7;Setting up Trades;Échanges commerciaux;Einrichten von Handelsgeschäften;;Establecer comercios;;;;;;;;;
tut_7a_8;The Dutch are looking menacing, we should stockpile some guns for future use, guns are needed to build and supply armies.;Les Hollandais sont menaçants. Vous devriez stocker des fusils pour une utilisation ultérieure. Les fusils sont nécessaires pour créer et ravitailler les armées.;Die Holländer wirken bedrohlich. Wir sollten daher für die Zukunft einige Handfeuerwaffen auf Vorrat legen, die wir zum Aufstellen und Versorgen von Armeen benötigen.;;Los holandeses parecen amenazantes. Deberíamos hacer acopio de armas para su futuro uso. Son necesarias para construir y abastecer a los ejércitos.;;;;;;;;;
REMOVE_tut_7a_8a;Notice the icon with the text SELL under it and the slider next to it. This mean that if you pull the slider to a certain stockpile value, the game will attempt to buy the the trade goods until you have that amount.;Notez l'icône sous laquelle apparaissent le texte ACHETER et le curseur qui l'accompagne. Le jeu achète la quantité de marchandises correspondant à la valeur désignée par le curseur.;Beachten Sie das Symbol, unter dem KAUFEN steht, und den Schieberegler daneben. Wenn Sie diesen Schieberegler auf einen bestimmten Vorratswert ziehen, versucht die KI, das betreffende Handelsgut so lange einzukaufen, bis der vorgegebene Wert erreicht ist.;;Fíjate en el icono con el texto VENDER debajo suya y el control deslizante cercano al mismo. Esto significa que, si mueves el control deslizante hasta un cierto valor de las reservas, el juego intentará comprar los bienes comerciales necesarios hasta completar esa cantidad.;;;;;;;;;
tut_7a_8b;If you on the other hand click the icon over BUY it changes to SELL and you will instead sell from your stockpile until the stockpile reaches the value you set. For now we want to buy things, make sure the BUY/SELL is set to BUY and pull the slider to around 10 units and press Confirm Trade to confirm your new buy order.;En revanche, si vous cliquez sur l'icône située au-dessus de la mention ACHETER, celle-ci est remplacée par le mot VENDRE et le jeu vend le contenu de vos réserves correspondant à la valeur que vous avez définie. Pour le moment, vous allez faire quelques achats, vérifier que l'icône ACHETER/VENDRE est définie sur ACHETER, déplacer le curseur sur 10 unités et cliquer sur Confirmer la transaction pour confirmer votre nouvel achat.;Wenn Sie aber auf das Symbol über KAUFEN klicken, ändert sich der Text zu VERKAUFEN. Nun können Sie Güter aus Ihrem Vorrat verkaufen, bis der vorgegebene Wert erreicht ist. Da wir vorerst nur Güter kaufen wollen, prüfen Sie bitte, dass KAUFEN ausgewählt ist. Ziehen Sie den Schieberegler dann auf ungefähr zehn Einheiten und bestätigen Sie Ihren neuen Kaufauftrag durch Klicken auf Handel bestätigen.;;Si, por otra parte, haces clic en el icono sobre el texto VENDER, este cambiará a COMPRAR y empezarás a comprar bienes hasta que alcance el valor que has establecido. Por ahora, queremos comprar cosas. Asegúrate de que la herramienta COMPRAR/VENDER está fijada en COMPRAR y mueve el control hasta un valor de unas diez unidades. Haz clic en Confirmar trato para confirmar tu orden de compra.;;;;;;;;;
#tut_7a_10;The Common Market;Le marché commun;Der Binnenmarkt;;El mercado común;;;;;;;;;
#tut_7a_11;Before we continue let's say a word about the markets. In Victoria 2 the world is divided into your internal Common Market and the World Market. The Common Market is everything produced in your country, and also in country's aligned into your sphere of of influence. When your government or your people buy things they will first attempt to buy things on the Common Market and the on the World Market. Anything not sold on the Common Market will be but on the World Market for all countries to buy. Check out what is produced on your Common Market in the lower right corner and then press next to continue.;Intéressons-nous un peu aux marchés. Dans Victoria 2, le monde est divisé en deux marchés : votre marché commun intérieur et le marché mondial. Le marché commun regroupe l'ensemble de la production de votre pays et des pays de votre sphère d'influence. Lorsque votre gouvernement ou votre population fait des achats, il/elle tente d'abord sa chance sur le marché commun avant de se tourner vers le marché mondial. Tout ce qui n'est pas vendu sur le marché commun rejoint le marché mondial accessible à tous les pays. Consultez la production de votre marché commun en bas à droite de l'écran et cliquez sur Suivant pour continuer.;Bevor wir fortfahren, wollen wir hier noch kurz über die Märkte sprechen. In Victoria 2 ist die Welt zwischen Ihrem Binnenmarkt und dem Weltmarkt aufgeteilt. Der Binnenmarkt enthält alle Güter, die in Ihrem Land oder in Ländern produziert wurden, die zu Ihrer Einflusssphäre gehören. Wenn Ihre Regierung oder Ihre Untertanen Güter kaufen wollen, werden sie sie zuerst auf dem Binnenmarkt suchen und dann erst auf den Weltmarkt ausweichen. Alles nicht auf Binnenmärkten Verkaufte wird allen Ländern auf dem Weltmarkt angeboten. Prüfen Sie in der unteren rechten Bildschirmecke, was auf Ihrem Binnenmarkt produziert wird und klicken Sie dann zum Fortfahren auf Weiter.;;Antes de continuar, aclaremos algo acerca de los mercados. En Victoria 2, el mundo se divide entre tu Mercado común interno y el Mercado mundial. El Mercado común se compone de aquello que se produce en tu país y en los países alineados en tu esfera de influencia. Cuando tu gobierno o tu pueblo compren cosas, primero intentarán hacerlo en el Mercado común y después en el Mercado mundial. Cualquier cosa que no se venda en el Mercado común, estará disponible para su compra en el Mercado Mundial para todos los países. Comprueba qué se produce en tu Mercado común, en la esquina inferior derecha, y haz clic en Siguiente para continuar.;;;;;;;;;
tut_7a_12;Your Stockpile;Vos réserves;Ihr Vorrat;;Tus reservas;;;;;;;;;
tut_7a_13;Now turn your eyes towards the Stockpile. Here you can see how much of each trade good your government has in store and also how this has changed in the last day. Also note this button. Checking this will allow people in your common market to buy things from your stockpile. This could be useful if you cannot buy things abroad during war but have prepared for this by stockpiling strategic goods.;Penchons-nous maintenant sur vos réserves. Pour chaque marchandise, vous pouvez voir la quantité stockée par votre gouvernement et l'évolution depuis la veille. Notez également la présence de la case Permettre les achats à partir des réserves. Si vous cochez cette case, la population de votre marché commun sera autorisée à acheter des biens dans vos réserves. Cela peut notamment être utile en période de guerre lorsque vous ne pouvez rien acheter à l'étranger, à condition de vous y être préparé en stockant des biens stratégiques.;Lassen Sie uns nun einen Blick auf Ihren Vorrat werfen. Hier können Sie sehen, welche Quantität jedes Handelsguts Ihre Regierung auf Vorrat hat und wie sich dieser Wert seit dem letzten Tag verändert hat. Beachten Sie auch die Option 'Kauf aus Vorrat gestatten'. Wenn Sie diese Option wählen, können Käufer auf Ihrem Binnenmarkt Güter aus Ihrem Staatsvorrat kaufen. Dies ist nützlich, wenn Sie beispielsweise in Kriegszeiten keine ausländischen Güter kaufen können, für diesen Fall aber strategische Vorräte angelegt haben.;;Ahora, fíjate en tus Reservas. Aquí puedes ver la cantidad de cada bien de comercio que tu gobierno tiene almacenado y cómo ha cambiado esta en el último día. Fíjate también en este botón. Si marcas esto, la gente de tu mercado común comprará cosas de tus Reservas. Puede ser útil si no puedes comprar en el exterior debido a una guerra pero te has preparado para ella haciendo reserva de bienes estratégicos.;;;;;;;;;
tut_7a_15;Now unpause the game for a few days and notice how our stockpile is filling up with Small Arms.;Quittez le mode Pause pour reprendre le jeu pendant quelques jours et vous constaterez que vos réserves se remplissent d'armes légères.;Lassen Sie das Spiel nun für einige Tage laufen und beachten Sie, wie Ihr Vorrat an Handfeuerwaffen anwächst.;;Ahora, continúa el juego durante unos días y fíjate cómo se va llenando tu Reserva de Armas ligeras.;;;;;;;;;
##### Diplomacy ;;;;;;;;;;;;;;
tut_8a_1;Diplomacy;Diplomatie;Diplomatie;;Diplomacia;;;;;;;;;
tut_8a_2;Diplomacy is your most important tool to dominate the world in Victoria 2. Here you make alliances and declare war. You pull smaller countries into your sphere of influence and monitor your place among the Great Powers.\nClick the Diplomacy button in the top bar;Dans Victoria 2, la diplomatie est l'instrument le plus important pour dominer le monde. Elle vous permet de faire des alliances et de déclarer des guerres. Vous attirez de petits pays dans votre sphère d'influence et veillez à conserver votre place parmi les Grandes Puissances.\nCliquez sur le bouton Diplomatie de la barre supérieure.;Die Diplomatie ist in Victoria 2 Ihr wichtigstes Werkzeug zur Dominierung der Welt. Hier können Sie Bündnisse schmieden und Kriege erklären. Außerdem können Sie kleinere Länder in Ihre Einflusssphäre ziehen und Ihren Rang unter den Großmächten überwachen.\nKlicken Sie in der Kopfleiste auf den Diplomatiereiter.;;La Diplomacia es la herramienta más importante que tienes para dominar el mundo en Victoria 2. Aquí puedes formar alianzas o declarar guerras. Puedes empujar a países más pequeños dentro de tu esfera de influencia y controlar tu posición entre las grandes potencias.\nHaz clic en el botón de Diplomacia de la barra superior.;;;;;;;;;
tut_8a_3;The Diplomacy View;La vue Diplomatie;Der Diplomatiebildschirm;;Vista de diplomacia;;;;;;;;;
tut_8a_3a;This is the Diplomacy View. From here you control the diplomatic decisions of your nation and also keep an eye on other nations.;Cette vue vous permet de contrôler les décisions diplomatiques de votre nation tout en gardant un ?il sur les autres pays.;Dies ist der Diplomatiebildschirm. Von hier aus können Sie die diplomatischen Entscheidungen Ihrer Nation kontrollieren und auch ein Auge auf die anderen Nationen behalten.;;Bienvenido a la Vista de diplomacia. Desde aquí puedes controlar las decisiones diplomáticas de tu nación y vigilar a los otros países.;;;;;;;;;
tut_8a_3b;The first thing we need to do is take action against our rivals in the north. The Netherlands are a bit stronger than us though, so we need allies. The British are a good candidate, try to find them in the list of countries in the lower left. To help you find it you can try to use the filter buttons over the list.;Vous devez d'abord prendre des mesures contre vos rivaux du nord. Mais comme les Pays-Bas sont un peu plus forts que vous, il vous faut un allié. Le Royaume-Uni est un bon candidat. Cherchez-le dans la liste des pays, en bas à gauche. Pour ce faire, vous pouvez filtrer la liste à l'aide des boutons prévus à cet effet.;Zuerst müssen wir nun Aktionen gegen unsere Rivalen im Norden unternehmen. Da die Holländer aber etwas stärker als wir sind, brauchen wir Verbündete. Die Briten wären ein guter Kandidat. Versuchen Sie, sie in der Länderliste unten links im Bildschirm zu finden. Dazu können Sie auch die Filterschaltflächen oberhalb der Liste einsetzen.;;Lo primero que necesitamos es tomar medidas contra nuestros rivales en el norte. Holanda es un poco más fuerte que nosotros, así que necesitaremos aliados. Los británicos son buenos candidatos. Intenta encontrarlos en la lista de países de la parte inferior izquierda. Para ayudarte a encontrarlos, usa los botones de filtros que hay sobre la lista.;;;;;;;;;
tut_8a_4a;Country Information;Informations sur le pays;Länderinformationen;;Información sobre el país;;;;;;;;;
tut_8a_4b;We have now selected the The United Kingdom. First we need to know if they even like us before we can ally with them. Check out the value to the right in the list item that you just clicked. The value is a bit low but it might do. Now let us check out if they are involved in any other conflicts currently, go ahead and click the Show Wars button in the upper part of the screen.;Vous venez de sélectionner le Royaume-Uni. Vous devez d'abord déterminer si les Britanniques vous apprécient avant de pouvoir vous allier avec eux. Consultez la valeur située à droite de l'élément sur lequel vous venez de cliquer dans la liste. Celle-ci est un peu faible, mais cela devrait suffire. Voyons maintenant si le Royaume-Uni est actuellement engagé dans d'autres conflits : cliquez sur le bouton Afficher les guerres en haut de l'écran.;Wir haben nun Großbritannien ausgewählt. Bevor wir uns mit ihnen verbünden können, müssen wir herausfinden, ob sie uns überhaupt mögen. Prüfen Sie den Wert rechts neben dem Listeneintrag, auf den Sie gerade geklickt haben. Der Wert erscheint etwas niedrig, aber er könnte ausreichen. Nun sollten wir überprüfen, ob sie sich derzeit in anderen Konflikten befinden. Klicken Sie dazu im oberen Bildschirmteil auf die Schaltfläche Kriege anzeigen.;;Ahora hemos seleccionado al Reino Unido. En primer lugar, tenemos que descubrir si sienten simpatías hacia nosotros, antes de poder aliarnos con ellos. Comprueba el valor de la derecha en la lista de elementos sobre la que acabas de hacer clic. El valor es un poco bajo, pero puede servir. Ahora, mira si están involucrados en algún otro conflicto en este momento. Haz clic en el botón Mostrar guerras en la parte superior de la pantalla.;;;;;;;;;
tut_8a_5;Country Information;Informations sur le pays;Länderinformationen;;Información sobre el país;;;;;;;;;
tut_8a_6;In this screen we should be able to see all the current wars in the upper right part. You should be able to see the Texan struggle against their former Mexican overlords. You can also check out The United Kingdom's Allies and Wars to the center right as well as some data telling us about their capability to fight a war.;Toutes les guerres en cours apparaissent en haut à droite de l'écran. En ce moment, le seul conflit en cours est la lutte texane contre les anciens suzerains mexicains. Vous pouvez aussi consulter la liste des alliés et guerres du Royaume-Uni au center-droit de l'écran en plus de données sur la combativité de ce pays.;Auf diesem Bildschirm sollten wir oben rechts alle aktuellen Kriege sehen können. Momentan sollte dort nur der Kampf der Texaner gegen ihre ehemaligen mexikanischen Herrscher angezeigt werden. Mittig rechts sehen Sie auch die Bündnisse und Kriege Großbritanniens, sowie einige Daten, die uns Informationen über ihre Kriegstauglichkeit geben.;;En esta pantalla, deberíamos poder ver todas las guerras actuales en la parte superior derecha. Debería aparecer la lucha de Texas contra sus antiguos amos mejicanos. También puedes comprobar los aliados y guerras del Reino Unido en la parte central derecha, además de algunos datos que nos informan de su capacidad para luchar en un conflicto.;;;;;;;;;
REMOVE_tut_8a_7;To try to ally with The United Kingdom we need to take a diplomatic action. Diplomatic actions can be anything from requesting an alliance to declaring war. To do a diplomatic action we need to have diplomatic points, these points are accumulated each month. Looking in the top bar under diplomacy we can see that we have 1 point, exactly what what the Form Alliance action costs. Go ahead and press the Form Alliance Action and then press the 'Accept' button to suggest an alliance with the UK.;Pour tenter de vous allier avec le Royaume-Uni, vous devez mener une action diplomatique. Les actions diplomatiques vont de la demande d'alliance à la déclaration de guerre. Pour mener une action diplomatique, il vous faut des points de diplomatie. Ces points s'accumulent tous les mois. Sur la barre supérieure, sous Diplomatie, vous pouvez constater que vous avez 1 point, ce qui correspond au coût de l'action Former une alliance. Cliquez sur l'action Former une alliance, puis sur le bouton Accepter pour proposer une alliance au Royaume-Uni.;Zur Unterbreitung eins Bündnisangebots an Großbritannien müssen wir eine diplomatische Aktion unternehmen. Diplomatische Aktionen können alles von Bündnisangeboten bis hin zu Kriegserklärungen sein. Zum Ausführen einer diplomatischen Aktion müssen wir diplomatische Punkte haben, die wir auf monatlicher Basis erlangen. Wenn Sie in der Kopfleiste unter Diplomatie nachsehen, stellen Sie fest, dass wir einen Punkt haben, und genau so viel kostet die Aktion Bündnis bilden auch. Klicken Sie nun auf die Schaltfläche für Bündnis bilden und bestätigen Sie Ihr Bündnisangebot an Großbritannien dann durch Klicken auf die Schaltfläche Akzeptieren.;;Para intentar aliarte con el Reino Unido, hemos de realizar una acción diplomática. Las acciones diplomáticas pueden ser diversas, desde solicitar una alianza a declarar una guerra. Para realizar una acción diplomática, necesitamos puntos de diplomacia, que se acumulan de manera mensual. Si miras en la barra superior, debajo de diplomacia, podemos ver que ya tenemos un punto, que es exactamente lo que cuesta la acción Formar alianza. Haz clic en la acción Formar alianza y luego en el botón Aceptar para sugerir una alianza con el Reino Unido.;;;;;;;;;
tut_8a_8;Declare War;Déclarer la guerre;Kriegserklärung;;Declarar la guerra;;;;;;;;;
tut_8a_9;Now The United Kingdom should be our ally. Usually we might need to wait a bit for the answer but this time the Foreign Office was quick. Now let's do something about the Dutch. Select the Netherlands in the list and click the Declare War button.;Le Royaume-Uni est désormais votre allié. En temps normal, il faut attendre un peu avant de recevoir une réponse, mais cette fois, le ministère des Affaires étrangères a été rapide. Agissons contre les Hollandais. Sélectionnez les Pays-Bas dans la liste et cliquez sur le bouton Déclarer la guerre.;Großbritannien sollte nun unser Bündnispartner sein. Normalerweise müssen wir etwas auf eine Antwort warten, in diesem Fall war das Außenministerium aber sehr schnell. Lassen Sie uns nun etwas gegen die Holländer unternehmen. Wählen Sie dazu in der Liste die Niederlande aus und klicken Sie auf die Schaltfläche Krieg erklären.;;Ahora, el reino Unido debería ser nuestro aliado. Normalmente necesitaríamos esperar un poco hasta recibir respuesta, pero esta vez, el Ministerio de Asuntos Exteriores ha sido rápido. Ahora, hagamos algo respecto a los holandeses. Selecciona a Holanda en la lista y haz clic en el botón Declarar la guerra.;;;;;;;;;
tut_8a_10;Declare War;Déclarer la guerre;Kriegserklärung;;Declarar la guerra;;;;;;;;;
tut_8a_11;When you declare war you must set a goal for your war. This is our stated reason for going to war and in peace negotiations we are limited to demanding the things we have stated as war goals. We can add more war goals if the war goes well for us, but if we fail to reach our goals our population will become angry with us.\nFor now we just want to humiliate the Dutch, this war goal means that if we win we can cut down their prestige a bit. Go ahead and press the humiliate button.;Lorsque vous déclarez une guerre, vous devez définir un objectif de guerre. Il s'agit du motif pour lequel vous partez en guerre. Pour faire la paix, vous ne pouvez rien exiger de plus que ce qui est défini dans vos objectifs de guerre. Vous pouvez ajouter d'autres objectifs si la guerre évolue en votre faveur, mais si vous ne les atteignez pas, votre population vous en voudra.\nPour l'instant, vous cherchez simplement à humilier les Hollandais. Cet objectif de guerre indique que si vous gagnez, vous réduirez partiellement leur prestige. Cliquez sur le bouton Humilier.;Wenn Sie einem Land den Krieg erklären, müssen Sie für Ihren Krieg ein Ziel vorgeben. Dies ist unser erklärter Grund für den Waffengang und bei der Verhandlung von Friedensverträgen sind wir auf die Inhalte unserer Kriegsziele beschränkt. Wenn der Krieg gut für uns läuft, können wir weitere Kriegsziele hinzufügen, aber wenn wir diese dann nicht erfüllen können, wird unsere Bevölkerung wütend auf uns werden.\nFürs Erste möchten wir die Holländer nur erniedrigen. Dieses Kriegsziel bedeutet, dass wir im Falle unseres Sieges ihr Prestige verringern können. Klicken Sie dazu nun auf die Schaltfläche Erniedrigen.;;Al declarar la guerra, debes establecer un objetivo para la misma. Se trata de la razón de estado detrás del conflicto. En las negociaciones de paz, estaremos limitados a exigir solo aquello que hemos establecido como objetivo de guerra. Si la guerra nos es favorable, podemos añadir más objetivos, pero si no logramos nuestro objetivo, nuestra población se enfadará.\nPor ahora, solo queremos humillar a los holandeses. Por tanto, si ganamos, podremos rebajar un poco su prestigio. Haz clic en el botón Humillar.;;;;;;;;;
tut_8a_12;Declare War;Déclarer la guerre;Kriegserklärung;;Declarar la guerra;;;;;;;;;
tut_8a_13;Declaring war has a cost, the cost is in how the rest of the world sees us. This is called infamy, incurring high infamy can create many problems such as making nations form coalitions to stop our warmongering ways.;Lorsque vous déclarez une guerre, vous vous exposez au jugement du reste du monde. C'est ce qu'on appelle l'infamie. Une importante perte d'honneur peut engendrer de nombreux problèmes, notamment la formation d'une coalition de nations pour stopper vos activités bellicistes.;Kriegserklärungen sind nicht umsonst: Die Kosten werden darin ermittelt, was der Rest der Welt wegen der Kriegserklärung von uns hält. Dies wird als Infamie bezeichnet. Kontinuierlich hohe Infamie kann zu vielerlei Problemen führen, darunter die Bildung neuer Bündnisse, um unserer Kriegstreiberei ein Ende zu bereiten.;;Declara la guerra tiene un precio, que es la visión que el resto del mundo tiene de nosotros. Esto se llama Infamia. Si se alcanza una gran Infamia pueden surgir problemas, como una coalición de naciones creada para detener nuestro comportamiento belicoso.;;;;;;;;;
tut_8a_14;Wars also have their rewards. Besides the reward for completing war goals (you can see in the screen that we will cut Dutch prestige if we win) you also get prestige. Depending on which war goal you choose you get more or less prestige.;Mais les guerres ont aussi leurs récompenses. Une fois votre objectif de guerre atteint (réduction du prestige hollandais dans ce cas), votre prestige augmente. En fonction de l'objectif de guerre que vous avez choisi de poursuivre, vous obtenez plus ou moins de prestige.;Kriege bieten aber auch Belohnungen. Neben der Belohnung zur Erfüllung Ihrer Kriegsziele (wir würden im Falle eines Sieges das holländische Prestige verringern) erhalten Sie auch Prestige. Wie viel, hängt dabei vom ausgewählten Kriegsziel ab.;;Las guerras también tienen sus recompensas. Además de la recompensa por completar los objetivos de guerra (puedes ver que reduciremos el prestigio holandés si ganamos), ganarás prestigio. Según el objetivo de guerra que hayas escogido, este prestigio será mayor o menor.;;;;;;;;;
tut_8a_15;Each war goal also has a peace cost, the higher this cost the more your need to achieve in the war to convince the enemy to agree.;Chaque objectif de guerre a également un coût en termes de paix. Plus ce coût est élevé, plus l'effort de guerre à consentir est élevé pour convaincre l'ennemi d'accepter la paix.;Jedes Kriegsziel hat auch Friedenskosten: Je höher diese Kosten sind, desto mehr müssen Sie in einem Krieg erreichen, um den Feind in den Friedensverhandlungen zum Einlenken zu bewegen.;;Cada objetivo de guerra tiene además un coste sobre la paz. Cuanto más alto sea este coste, más tendrás que conseguir en la guerra para convencer al enemigo de que lo acepte.;;;;;;;;;
tut_8a_16;Now we are ready to declare war, press OK in the Declare War dialogue;Vous êtes maintenant prêt à déclarer la guerre. Cliquez sur OK dans la fenêtre Déclarer la guerre.;Wir sind nun bereit zur Kriegserklärung. Klicken Sie im Dialogfenster Kriegserklärung auf OK.;;Ahora, ya estamos listos para declarar la guerra. Has clic en Proceder en la ventana de Declarar la guerra.;;;;;;;;;
##### General;;;;;;;;;;;;;;
tutorial_chapter_military_basic;End of Basic Military tutorial,;Fin du didacticiel de base sur l'armée;Ende des Militär-Basistutorials,;;Fin del tutorial militar básico.;;;;;;;;;
tutorial_chapter_military_victoria;End of the Intermediary Military tutorial.;Fin du didacticiel intermédiaire sur l'armée;Ende des Militär-Mitteltutorials.;;Fin del tutorial militar intermedio.;;;;;;;;;
tutorial_chapter_industry_basic;End of the Basic Production Tutorial;Fin du didacticiel de base sur l'industrie;Ende des Industrie-Basistutorials,;;Fin del tutorial de producción básico.;;;;;;;;;
tutorial_chapter_industry_victoria;End of the Intermediary Production Tutorial;Fin du didacticiel intermédiaire sur l'industrie;Ende des Industrie-Mitteltutorials.;;Fin del tutorial de producción intermedio.;;;;;;;;;
tutorial_chapter_budget_basic;End of the Basic Budget Tutorial;Fin du didacticiel de base sur l'industrie;Ende des Industrie-Basistutorials,;;Fin del tutorial de presupuesto básico.;;;;;;;;;
REMOVE_tutorial_chapter_budget_victoria;End of the Intermediary Production Tutorial;Fin du didacticiel intermédiaire sur l'industrie;Ende des Industrie-Mitteltutorials.;;Fin del tutorial de producción intermedio.;;;;;;;;;
tutorial_chapter_technology_basic;End of the Basic Technology Tutorial;Fin du didacticiel de base sur la technologie;Ende des Technologie-Basistutorials,;;Fin del tutorial de tecnología básico.;;;;;;;;;
tutorial_chapter_technology_victoria;End of the Intermediary Technology Tutorial;Fin du didacticiel intermédiaire sur la technologie;Ende des Technologie-Mitteltutorials.;;Fin del tutorial de tecnología intermedio.;;;;;;;;;
tutorial_chapter_politics_basic;End of the Basic Politics Tutorial;Fin du didacticiel de base sur la politique;Ende des Politik-Basistutorials,;;Fin del tutorial de política básico.;;;;;;;;;
tutorial_chapter_politics_victoria;End of the Intermediary Politics Tutorial;Fin du didacticiel intermédiaire sur la politique;Ende des Politik-Mitteltutorials.;;Fin del tutorial de política intermedio.;;;;;;;;;
tutorial_chapter_population_basic;End of the Basic Population Tutorial;Fin du didacticiel de base sur la population;Ende des Bevölkerungs-Basistutorials,;;Fin del tutorial de población básico.;;;;;;;;;
tutorial_chapter_population_victoria;End of the Intermediary Population Tutorial;Fin du didacticiel intermédiaire sur la population;Ende des Bevölkerungs-Mitteltutorials.;;Fin del tutorial de población intermedio.;;;;;;;;;
tutorial_chapter_trade_basic;End of the Basic Trade Tutorial;Fin du didacticiel de base sur le commerce;Ende des Handels-Basistutorials,;;Fin del tutorial de comercio básico.;;;;;;;;;
tutorial_chapter_trade_victoria;End of the Intermediary Trade Tutorial;Fin du didacticiel intermédiaire sur le commerce;Ende des Handels-Mitteltutorials.;;Fin del tutorial de comercio intermedio.;;;;;;;;;
tutorial_chapter_diplomacy_basic;End of the Basic Diplomacy Tutorial;Fin du didacticiel de base sur la diplomatie;Ende des Diplomatie-Basistutorials,;;Fin del tutorial de diplomacia básico.;;;;;;;;;
tutorial_chapter_diplomacy_victoria;End of the Intermediary Diplomacy Tutorial;Fin du didacticiel intermédiaire sur la diplomatie;Ende des Diplomatie-Mitteltutorials.;;Fin del tutorial de diplomacia intermedio.;;;;;;;;;
tutorial_chapter_end;Choose how you wish to proceed.;Choisissez la suite.;Wählen Sie, wie Sie fortfahren möchten.;;Escoge cómo quieres continuar.;;;;;;;;;
tutorial_continue_basic;Basic $TYPE$;$TYPE$ de base;Basis-$TYPE$;;$TYPE$ básico;;;;;;;;;
tutorial_continue_intermediary;Intermediary $TYPE$;$TYPE$ intermédiaire;Mittel-$TYPE$;;$TYPE$ intermedio;;;;;;;;;
tutorial_continue_advanced;Advanced $TYPE$;$TYPE$ avancé;Schluss-$TYPE$;;$TYPE$ avanzado;;;;;;;;;
tutorial_continue_end;Return to Menu;Retour au menu;Rückkehr zum Menü;;Volver al menú;;;;;;;;;
LEDGER_HEADER_RANK;Nation Ranking;Rang des nations;Nationenrang;;Clasificación nacional;;;;;;;;;
chapter_name_0;Introduction;Introduction;Einführung;;Introducción;;;;;;;;;
chapter_name_1;Armies and Navies;Armées et flottes;Armeen und Flotten;;Ejércitos y flotas;;;;;;;;;
chapter_name_2;Production;Production;Produktion;;Producción;;;;;;;;;
chapter_name_3;Budget;Budget;Haushalt;;Presupuesto;;;;;;;;;
chapter_name_4;Technology;Technologie;Technologie;;Tecnología;;;;;;;;;
chapter_name_5;Politics;Politique;Politik;;Política;;;;;;;;;
chapter_name_6;Population;Population;Bevölkerung;;Población;;;;;;;;;
chapter_name_7;Trade;Commerce;Handel;;Comercio;;;;;;;;;
chapter_name_8;Diplomacy;Diplomatie;Diplomatie;;Diplomacia;;;;;;;;;
##### Tutorial ;;;;;;;;;;;;;;
FE_BASIC;Basic;De base;Basis-;;Básico;;;;;;;;;
FE_MEDIUM;Medium;Intermédiaire;Mittel-;;Normal;;;;;;;;;
FE_ADVANCED;Advanced;Avancé;Schluss-;;Avanzado;;;;;;;;;
FE_START_ALL_CHAPTERS;Start from the beginning...;Commencer depuis le début...;Neu beginnen ...;;Comenzar desde el principio...;;;;;;;;;
TUT_NEXT;Next;Suivant;Weiter;;Siguiente;;;;;;;;;
##### Miltary Medium;;;;;;;;;;;;;;
tut_1b_1;The Military - Medium Level;L'armée - Niveau intermédiaire;Das Militär - Mittlere Stufe;;Militar. Nivel medio;;;;;;;;;
tut_1b_2;In this part we are going to walk you through some of the concepts of the Victoria 2 military system that might be familiar to the returning Victoria player but might be new to others.\nWe shall start by entering the military screen, please click Military in the Top Bar;Cette partie du didacticiel est consacrée à quelques notions militaires de Victoria 2 que connaissent peut-être déjà les utilisateurs de la version précédente du jeu.\nCommencez par accéder à l'écran militaire : cliquez sur le bouton Armée de la barre supérieure.;In diesem Tutorialteil werden wir Ihnen einige Konzepte des Victoria 2-Militärsystems vorstellen, die mit Victoria vertrauten Spielern bekannt sein könnten, aber Neuland für neue Spieler sind.\nBitte klicken Sie in der Kopfleiste zum Aufruf des Militärbildschirms auf den Militärreiter.;;En esta parte vamos a revisar algunos de los conceptos del sistema militar de Victoria 2 que pueden ser familiares a jugadores de Victoria, pero nuevos para los demás.\nEmpecemos entrando en la pantalla militar. Haz clic en Militar en la barra superior.;;;;;;;;;
tut_1b_3;The Military View;La vue Armée;Der Militärbildschirm;;Vista militar;;;;;;;;;
tut_1b_4;This is the Military View, from here you can keep an eye on your complete military forces and military leaders as well as recruit new forces and mobilize your nation for war. \nWe will start by looking at how armies are recruited in Victoria 2. Go ahead and click the Build Army button.;Cette vue vous offre une vue d'ensemble de vos forces armées et de leurs commandants tout en vous permettant de recruter de nouvelles forces et de mobiliser votre nation pour faire la guerre. \nPenchons-nous d'abord sur le recrutement des armées dans Victoria 2. Cliquez sur le bouton Créer une armée.;Dies ist der Militärbildschirm. Hier können Sie Ihre vollständigen Streitkräfte im Auge behalten, militärische Anführer bzw. neue Truppen rekrutieren und Ihre Nation für einen Krieg mobilisieren. \nZuerst schauen wir uns an, wie Armeen in Victoria 2 rekrutiert werden. Klicken Sie dazu nun auf die Schaltfläche Armee bauen.;;Esta es la Vista militar. Desde aquí puedes controlar todas tus fuerzas armadas y líderes militares, además de reclutar a nuevas fuerzas y movilizar a la nación para ir a la guerra. \nEmpezaremos aprendiendo cómo se reclutan los ejércitos en Victoria 2. Haz clic en el botón Crear ejército.;;;;;;;;;
tut_1b_5;Manpower and Population;Effectifs et population;Mannstärke und Bevölkerung;;Recursos humanos y población;;;;;;;;;
tut_1b_6;Manpower in Victoria is rather different from other Paradox titles. In Victoria, all troops are recruited from the part of your population that are employed as soldiers, the Soldier POPs.\nTo build an army you must have enough soldiers in your population to fill the ranks of the new unit. In the list you can see all the units you can currently recruit, if you need more than this you must encourage more people to become soldiers by increasing the Military Budget in the Budget Screen.\n Go ahead and click the Wallonian Infantry.;Les effectifs de Victoria diffèrent de ceux des autres titres de Paradox. Dans Victoria, toutes les troupes sont recrutées dans les POP Soldats.\nPour créer une armée, votre population doit comprendre suffisamment de soldats afin de remplir les rangs de la nouvelle unité. La liste répertorie toutes les unités actuellement enrôlées. S'il vous en faut davantage, vous devez encourager la population à s'engager dans l'armée en augmentant le budget militaire dans l'écran Budget.\nCliquez sur Infanterie wallonne. ;Die Mannstärke in Victoria 2 unterscheidet sich zu anderen Paradox-Titeln: In Victoria 2 müssen alle Truppen aus den Soldaten-BEVs Ihrer Bevölkerung rekrutiert werden.\nZum Bau einer Armee müssen Sie genügend Soldaten in Ihrer Bevölkerung haben, um die neue Einheit aufzufüllen. In der Liste sehen Sie sämtliche Einheiten, die Sie derzeit rekrutieren können. Wenn Sie mehr Einheiten brauchen, müssen Sie Ihre Untertanen ermutigen, ins Militär einzutreten. Dies realisieren Sie im Haushaltsbildschirm durch die Erhöhung des Wehretat-Schiebereglers.\nKlicken Sie nun auf die wallonische Infanterie.;;Los recursos humanos en Victoria funcionan de un modo distinto al de otros títulos de Paradox. En Victoria, todas las tropas se reclutan de la parte de tu población que están empleados como soldados.\nPara crear un ejército tienes que tener suficientes soldados en tu población como para llenar las filas de la nueva unidad. En la lista puedes ver todas las unidades que puedes reclutar en este momento. Si necesitas más, debes animar a más gente a unirse al sector militar aumentando el Presupuesto militar en la pantalla de presupuestos.\nHaz clic en la infantería valona.;;;;;;;;;
tut_1b_7;Goods Cost of Troops;Coût en marchandises des troupes;Truppen-Güterkosten;;Coste en bienes de las tropas;;;;;;;;;
tut_1b_8;The unit you just clicked is called a 'Wallonian Infantry'. This tells us that it is a regular infantry unit recruited from Wallonian soldiers. Also note that the name Brussels appears below the name of the unit, this means that the Soldiers live in Brussels province.;L'unité sur laquelle vous venez de cliquer porte le nom de "Infanterie wallonne". Cela signifie qu'il s'agit d'une unité d'infanterie classique recrutée parmi les soldats wallons. Notez également que la mention Bruxelles apparaît sous le nom de l'unité, ce qui indique que les soldats vivent dans la province de Bruxelles.;Die Einheit, auf die Sie gerade geklickt habe, ist eine 'Wallonische Infanterie'. Dies sagt uns, dass es sich dabei um eine reguläre Infanterieeinheit handelt, die aus wallonischen Soldaten rekrutiert wurde. Beachten Sie außerdem, dass unterhalb des Namens der Einheit Brüssel steht. Dies bedeutet, dass die Soldaten in Brüssel leben.;;La unidad que acabas de solicitar se llama 'Infantería valona'. Esto nos dice que es una unidad de infantería normal compuesta de soldados valones. Fíjate en que bajo el nombre de la unidad, aparece el nombre de Bruselas. Eso significa que los soldados viven en esa provincia.;;;;;;;;;
tut_1b_9;Now notice the icons and numbers left of the unit name, these are the goods needed to buy a unit. This particular unit requires 20 Small Arms and 20 Canned food. These will either be drawn from your stockpile or, if there is not enough available there, bought from the world market.;Les icônes et chiffres situés à gauche du nom correspondent aux marchandises nécessaires pour acheter une unité. Cette unité a besoin d'armes légères (20) et de conserves (20). Ces ressources seront puisées dans vos réserves. Si ces dernières ne suffisent pas, le jeu achètera automatiquement le complément sur le marché mondial.;Die Symbole und Zahlen links vom Namen der Einheit steht für die Güter, die zum Kauf einer solchen Einheit nötig sind. Diese Militäreinheit benötigt zwanzig Einheiten Handfeuerwaffen und zwanzig Einheiten Konserven. Diese Güter werden entweder von Ihrem Vorrat abgezogen. Falls dort nicht genügend Güter vorrätig sind, beginnt das Spiel automatisch, sie auf dem Weltmarkt zu kaufen.;;Ahora, fíjate en los iconos y los números a la izquierda del nombre de la unidad. Son los bienes necesarios para comprarla. Esta unida en concreto necesita 20 unidades de Armas ligeras y 20 de Conservas. Estos bienes saldrán de tu reserva o, si no tienes suficientes, se comprarán en el Mercado mundial.;;;;;;;;;
tut_1b_10;The unit we wanted to build is now in the build queue in the right side of the screen. We could click it to cancel our construction but for now we are happy with it, go ahead and click the Close button to continue.;L'unité que vous vouliez créer est désormais dans la file d'attente, à droite de l'écran. Il vous suffirait de cliquer dessus pour annuler sa création, mais pour le moment, vous allez cliquer sur le bouton Fermer pour continuer.;Die gewünschte Einheit befindet sich nun in der Baureihe auf der rechten Bildschirmseite. Wir könnten zum Baustopp darauf klicken, aber fürs Erste sind wir damit zufrieden. Klicken Sie zum Fortfahren auf die Schaltfläche Schließen.;;La unidad que queremos construir está ahora en la cola de construcción de la parte derecha de la pantalla. Podemos hacer clic en ella para cancelar nuestra construcción, pero ahora queremos que siga produciéndose. Haz clic en el botón Cerrar para continuar.;;;;;;;;;
tut_1b_11;Generals and Admirals;Généraux et amiraux;Generäle und Admiräle;;Generales y Almirantes;;;;;;;;;
tut_1b_12;To win battles your units must be properly lead. To recruit Generals (for Armies) or Admirals(for Navies) we need Leadership Points.;Pour remporter des batailles, vos unités doivent être bien commandées. Pour recruter des généraux (pour les armées) ou des amiraux (pour les flottes), il vous faut des points de commandement.;Zum Sieg in Gefechten müssen Ihre Einheiten gut kommandiert werden. Zur Rekrutierung von Generälen (für Armeen) oder Admirälen (für Flotten) benötigen wir Anführerpunkte.;;Para ganar batallas, tus unidades deben estar adecuadamente dirigidas. Para reclutar Generales (para los ejércitos) o Almirantes (para las armadas) necesitamos puntos de Liderazgo.;;;;;;;;;
tut_1b_13;Leadership Points are generated by our population's Officers, the Officer POPs. If you need more generals you must increase your military budget in the budget screen, just as when you need soldiers. The difference being that soldiers are recruited from the poor strata of your population, while officers are recruited from the rich strata.;Les points de commandement sont générés par les POP Officiers. S'il vous faut davantage de généraux, vous devez augmenter votre budget militaire dans l'écran Budget, comme pour les soldats, si ce n'est que les soldats sont recrutés dans les classes défavorisées de la population tandis que les officiers sont issus des classes supérieures.;Anführerpunkte werden von Ihren Offiziersbevölkerungen erzeugt, den Offiziers-BEVs. Wenn Sie mehr Generäle benötigen, müssen Sie wie zur Rekrutierung von Soldaten im Haushaltsbildschirm den Schieberegler Ihres Wehretats erhöhen. Der Unterschied besteht darin, dass Soldaten aus Ihrer Armenschicht rekrutiert werden, während Offiziere aus der Oberschicht rekrutiert werden.;;Los Puntos de Liderazgo los genera nuestra población de oficiales. Si necesitas más Generales, debes incrementar el presupuesto militar en la pantalla de presupuesto, justo de la misma manera que cuando necesitas soldados. La diferencia está en que los soldados se reclutan del estrato pobre de la población y los oficiales del estrato rico.;;;;;;;;;
tut_1b_14;Notice the number on the Create General button, this is the number of Generals you currently have points for. Go ahead and click this button.;Notez que le chiffre qui apparaît sur le bouton Créer un général correspond au nombre de généraux pour lesquels vous possédez des points. Cliquez sur ce bouton.;Beachten Sie die Zahl auf der Schaltfläche General erstellen. Dies ist die Anzahl von Generälen, für deren Rekrutierung Ihre Punkte derzeit ausreichen. Klicken Sie nun auf die Schaltfläche.;;Fíjate en el número que hay en el botón Crear general. Se trata del número de Generales para los que tienes puntos. Haz clic en este botón.;;;;;;;;;
tut_1b_15;The General;Le général;Der General;;El General;;;;;;;;;
tut_1b_16;We have now received our first general. As you can see he has 2 traits, these define his good and bad sides. By hovering your mouse over them you can see what they do for your armies. Regardless of bad traits, having no leader is always worse than having one.;Vous venez de recevoir votre premier général. Comme vous pouvez le constater, il possède deux caractéristiques qui définissent ses bons et mauvais côtés. Passez la souris sur ces caractéristiques pour connaître leur impact sur vos armées. Sachez qu'un chef vaut toujours mieux que pas de chef du tout, même si ses caractéristiques sont médiocres.;Wir haben nun unseren ersten General erhalten. Wie Sie sehen, hat er zwei Eigenschaften, die für seine guten und schlechten Seiten stehen. Wenn Sie Ihren Mauszeiger darauf bewegen, sehen Sie, welchen Einfluss sie auf Ihre Armeen haben. Auch Anführer mit schlechten Eigenschaften sind immer noch besser als gar kein Anführer.;;Acabamos de recibir a nuestro primer General. Como ves, tiene dos rasgos que definen su lado bueno y su lado malo. Al pasar el ratón por encima de ellos, puedes ver el efecto que tienen en tus ejércitos. Aún con sus rasgos negativos, tener un líder siempre es mejor que no tenerlo.;;;;;;;;;
tut_1b_17;You can also see which army your leader is currently commanding, our new general is of course unassigned.;Vous voyez également l'armée actuellement commandée par votre chef, sachant que votre nouveau général n'a pas encore été affecté.;Hier können Sie auch sehen, welche Armee Ihr Anführer gerade kommandiert. Unser neuer General ist natürlich noch keiner Einheit zugeteilt.;;También puedes ver qué ejército tiene a su cargo actualmente ese líder. De momento, nuestro nuevo general no tiene ninguna asignación.;;;;;;;;;
tut_1b_18;It is possible to auto-assign units and also auto-recruit leaders by leaving the appropriate check box checked..;Pour affecter ou recruter automatiquement des unités ou des chefs, cochez la case correspondante.;Durch die Auswahl des entsprechenden Kontrollkästchens können Sie sowohl Einheiten als auch Anführer automatisch zuteilen lassen.;;Es posible asignar unidades de forma automática y reclutar de forma automática a líderes si haces clic en la casilla de confirmación adecuada.;;;;;;;;;
REMOVE_tut_1b_19;For now we are manually going to assign our General, Close the military Screen and select your division in Spa.;Pour le moment, vous allez affecter votre général manuellement. Fermez l'écran Armée et sélectionnez la division présente à Spa.;Für Erste werden wir unseren General aber manuell zuteilen. Schließen Sie dazu den Militärbildschirm und wählen Sie Ihre Division in Spa aus.;;De momento, vamos a asignar a nuestro general de forma automática. Cierra la pantalla militar y selecciona tu división de Spa.;;;;;;;;;
tut_1b_20;Assigning your leader;Affectation de votre chef;Zuteilung Ihres Anführers;;Asignar a tu líder;;;;;;;;;
tut_1b_21;To assign your leader click the text in the unit view labeled (no leader), then select your general in the list that appears.;Pour affecter votre chef, cliquez sur le texte "(pas de chef)" de la vue Unité, puis sélectionnez votre général dans la liste.;Zur Zuteilung Ihres Anführers klicken Sie im Einheitenbildschirm auf den Text (kein Anführer). Wählen Sie in der daraufhin erscheinenden Liste Ihren General aus.;;Para asignar a tu líder, haz clic en el texto de la vista de la unidad con la etiqueta Sin líder. Después, selecciona a tu general en la lista que aparecerá.;;;;;;;;;
##### Production Medium;;;;;;;;;;;;;;
tut_2b_1;Production - Medium Level;L'industrie - Niveau intermédiaire;Industrie - Mittlere Stufe;;Producción. Nivel medio;;;;;;;;;
tut_2b_2;In this part of the tutorial we will cover the basic concepts of production in Victoria 2. These concepts should be familiar to the returning Victoria player.\n We are going to start by talking about the most basic resource producer, the RGO. Go ahead and click the province of Brussels to open the Province View.;Cette partie du didacticiel est consacrée aux notions de base de la production dans Victoria 2. Les utilisateurs de la précédente version de Victoria connaissent déjà ces notions.\nIntéressons-nous d'abord à la source de production la plus élémentaire, l'exploitation agricole ou minière (ou EAM). Cliquez sur la province de Bruxelles pour ouvrir la vue correspondante.;In diesem Teil des Tutorials behandeln wir die grundlegenden Produktionskonzepte in Victoria 2. Diese Konzepte sollten Victoria-Veteranen bereits vertraut sein.\nWir werden zunächst über den grundlegendsten Ressourcenproduzenten sprechen, den Ressourcenbeschaffungsbetrieb (RGO). Klicken Sie zum Aufruf des Provinzbildschirm nun auf die Provinz Brüssel.;;En esta parte del tutorial cubriremos los conceptos básicos de producción en Victoria 2. Estos conceptos deberían resultarles familiares al jugador de Victoria.\nVamos a empezar comentando el productor de recursos más básico, el TOR. Adelante y haz clic en la provincia de Bruselas para abrir la vista de provincia.;;;;;;;;;
tut_2b_3;The RGO;L'exploitation agricole ou minière (EAM);RGOs;;El TOR;;;;;;;;;
tut_2b_4;Certain Trade goods are produced by Resource Gathering Operations - RGOs. These are basically farms and mines. In the center of the the Province View you can see the data of the RGO of Brussels, a sulfur mine.;Certaines marchandises sont produites par des EAM. Au center de la vue Province figurent les données de l'EAM de Bruxelles, une mine de soufre.;Bestimmte Handelsgüter werden von Ressourcenbeschaffungsbetrieben produziert - RGOs. Dabei handelt es sich im Wesentlichen um Farmen und Minen. Im Mittelpunkt des Provinzbildschirms sehen Sie die Daten des RGOs von Brüssel, einer Schwefelmine.;;Ciertos bienes de comercio son producidos mediante trabajos de obtención de recursos o TOR. Básicamente se trata de granjas y minas. En el centro de la vista de la provincia, puedes ver los datos del TOR de Bruselas, una mina de sulfuro.;;;;;;;;;
tut_2b_5;The Output - The icons shows us that this RGO produced sulphur, the number next to it is how many units are produced. By hovering over the output you can see which factors influence this.;La production : les icônes indiquent que cette mine produit du soufre. Le nombre d'unités produites est également précisé. Passez la souris sur la Production pour connaître les facteurs qui l'influencent.;Die Leistung - Die Symbole zeigen uns, dass der RGO Schwefel produziert;;La producción. Los iconos indican que este TOR produce sulfuro, el número junto a ella indica cuántas unidades produce. Al pasar el ratón sobre el resultado, puedes ver los factores que influyen en ello.;;;;;;;;;
tut_2b_6;Income - All that is produced by an RGO is put on the market. If the goods gets sold the RGO generates income. This income is used to pay the workers as well as the aristocrats that owns the RGO.;Revenus : toute la production de l'EAM est mise sur le marché. Si elle est vendue, l'EAM génère des revenus. Ces revenus permettent de payer les travailleurs ainsi que les aristocrates à qui l'EAM appartient.;Einnahmen - Alle Produkte eines RGOs werden auf den Markt gebracht. Werden diese Produkte verkauft, erzielt der RGO Einnahmen. Von diesem Einkommen werden die Arbeiter bezahlt und die Aristokraten entschädigt, denen der RGO gehört.;;Ingresos. Todo lo que produce un TOR se envía al mercado. Si las mercancías se venden, el TOR genera ingresos. Estos ingresos se utilizan para pagar a los trabajadores así como a los aristócratas dueños del TOR.;;;;;;;;;
tut_2b_7;Employees - An RGO employs workers to produce its output, farmers work farms and laborers work mines. The more workers you have the more you produce, however the amount of workers that can be employed are capped.;Employés : une EAM emploie des travailleurs pour assurer la production (fermiers ou mineurs). Plus vous avez d'employés, plus vous produisez, mais leur nombre est limité.;Angestellte - Ein RGO beschäftigt Arbeiter: Auf Farmen arbeiten Bauern, in Minen Arbeiter. Je mehr Arbeiter Sie haben, desto mehr produzieren Sie. Die Anzahl der beschäftigten Arbeiter ist jedoch limitiert.;;Empleados. Un TOR da trabajo a empleados para conseguir su producción. Los granjeros trabajan en las granjas y los peones en las minas. Cuantos más trabajadores tienes, más produces, aunque el número de trabajadores que pueden emplearse tiene un tope.;;;;;;;;;
tut_2b_8;You cannot directly influence how much your RGOs produce. You can however invent new technology that makes them more efficient, build railways or use taxation and reforms to make the job of farming or mining more or less attractive.\nYou can hover your mouse over the icons to get more data, when you are done click the Production button in the top bar.;Vous n'avez aucun moyen d'influencer directement le volume produit par vos exploitations. Cela dit, vous pouvez mettre au point de nouvelles technologies qui les rendront plus efficaces, construire des chemins de fer ou avoir recours à la taxation et aux réformes pour rendre les emplois agricoles et miniers plus ou moins attrayants.\nPassez la souris sur les icônes pour afficher d'autres données. Lorsque vous avez terminé, cliquez sur le bouton Production de la barre supérieure.;Sie können nicht direkt beeinflussen, wie viel Ihre RGOs produzieren. Sie können aber zu ihrer Effizienzsteigerung neue Technologien erforschen und Eisenbahnen bauen oder den Beruf des Bauern oder Bergmanns über Steuern und Reformen attraktiver oder unattraktiver machen.\nBewegen Sie Ihren Mauszeiger für zusätzliche Informationen auf die Symbole. Wenn Sie fertig sind, klicken Sie in der Kopfleiste auf den Produktionsreiter.;;No puedes influir directamente en lo que tu TOR produce. Sin embargo, puedes inventar nueva tecnología que lo haga más eficiente, construir ferrocarriles o usar la recaudación de impuestos y las reformas para conseguir que el trabajo de la granja o de la mina sea más o menos atractivo.\nPuedes pasar tu ratón sobre los iconos para obtener más datos y, cuando lo hayas hecho, haz clic en botón de producción en la barra superior.;;;;;;;;;
tut_2b_9;Factories;Usines;Fabriken;;Fábricas;;;;;;;;;
tut_2b_10;Factories are buildings built in states. In this view you can see the factories currently operating in your country.;Les usines sont des bâtiments construits dans les États. Cette vue présente les usines actuellement opérationnelles dans votre pays.;Fabriken werden in Staaten gebaut. Auf diesem Bildschirm sehen Sie die Fabriken, die derzeit in Ihrem Land betrieben werden.;;Las fábricas son edificios construidos en los estados. En esta vista, puedes observar las fábricas que funcionan actualmente en tu país.;;;;;;;;;
tut_2b_11;Inputs - Factories require inputs to produce their outputs. These inputs are bought off the world market.;Matières premières : les usines ont besoin de matières premières pour produire des biens. Celles-ci sont achetées sur le marché mondial.;Inputs - Fabriken benötigen für Ihre Leistungen Inputs. Diese Inputs werden auf dem Weltmarkt eingekauft.;;Materias primas. Las fábricas requieren material para tener una producción. Estas materias primas se adquieren en el mercado mundial.;;;;;;;;;
tut_2b_12;Maintenance - In addition to their regular inputs factories also need cement to maintain their production. If a factory cant get all the cement it needs, its production will be reduced.;Maintenance : outre les matières premières, les usines ont besoin de ciment pour assurer leur production. Si les usines ne parviennent pas à obtenir tout le ciment dont elles ont besoin, leur production baisse.;Instandhaltung - Zusätzlich zu ihren regulären Inputs benötigen Fabriken auch Beton zur Beibehaltung ihrer Produktionskapazitäten. Wenn die Fabriken nicht genügend Beton bekommen, wird ihre Produktion zurückgefahren.;;Mantenimiento. Además de sus inversiones regulares, las fábricas también necesitan cemento para mantener su producción. Si una fábrica no puede conseguir todo el cemento que necesita, su producción se verá reducida.;;;;;;;;;
tut_2b_13;If your factories are competing for the same resources you can choose to prioritize one factory. It seems that iron is required by several of our factories, go ahead an increase the priority of the steel factory to make sure they have priority.;Si vos usines sont en concurrence pour les mêmes ressources, vous pouvez choisir de donner la priorité à une d'entre elles. Apparemment, plusieurs de vos usines ont besoin de fer. Donnez la priorité à l'aciérie.;Wenn Ihre Fabriken um dieselben Ressourcen konkurrieren, können Sie einer Fabrik Priorität geben. Es scheint, dass mehrere unserer Fabriken Eisen benötigen. Erhöhen Sie nun die Priorität der Stahlfabrik, damit sie das benötigte Eisen erhält.;;Si tus fábricas compiten por los mismos recursos, puedes dar prioridad a una de ellas. Parece que varias de nuestras fábricas requieren hierro, así que aumenta la prioridad de la fábrica de hierro para asegurarte de que tengan prioridad.;;;;;;;;;
tut_2b_14;Factory Construction;Construction d'usines;Fabrikbau;;Construcción de fábrica;;;;;;;;;
tut_2b_16;Factory Construction;Construction d'usines;Fabrikbau;;Construcción de fábrica;;;;;;;;;
tut_2b_17;In this screen you can see all the factories that can be built.;Cet écran affiche la liste de toutes les usines qui peuvent être construites.;Auf diesem Bildschirm sehen Sie alle Fabriken, die Sie bauen können.;;En esta pantalla puedes ver todas las fábricas que pueden construirse.;;;;;;;;;
tut_2b_18;If you click the regular clothes factory in the menu you can see which kind of inputs are produced. Since we already have a fabric factory in our country, building a factory that takes fabric as an input could improve our local economy.;Si vous cliquez sur l'usine d'habillement dans le menu, le type de ressources produites s'affiche. Comme votre pays possède déjà une usine de tissus, la construction d'une usine utilisant du tissu comme matière première peut renforcer votre économie locale.;Wenn Sie im Menü die Kleiderfabrik anklicken, sehen Sie, welche Inputs von dieser Fabrik benötigt werden. Da wir in unserem Land bereits eine Stofffabrik haben, wäre der Bau einer Fabrik, die Stoffe als Input benötigt, eine gute Idee zur Verbesserung unserer lokalen Wirtschaft.;;Si haces clic en la fábrica de ropa normal en el menú, puedes observar el tipo de materias primas requeridas. Como ya tienes una fábrica de tela en tu país, construir una fábrica que aproveche la tela como materia prima podría mejorar tu economía local.;;;;;;;;;
tut_2b_19;Below you can see what the factory will cost to produce. To build a factory you need to provide input goods, if you don't have these when you click build they will automatically be bought off the world market. There is also an input cost, this is the cost of the input goods the factory needs for its first few days of production.;En dessous figure le coût de construction de l'usine. Pour construire une usine, il vous faut des matières premières. Si vous ne les avez pas lorsque vous cliquez pour lancer la construction, elles sont automatiquement achetées sur le marché mondial. Le coût des matières premières correspond au coût des ressources dont l'usine a besoin pour ses premiers jours de production.;Darunter sehen Sie die Baukosten der Fabrik. Zum Bau einer Fabrik müssen Sie Input-Güter zur Verfügung stellen. Wenn Sie diese nicht haben, werden sie automatisch auf dem Weltmarkt eingekauft. Darüber hinaus gibt es noch die Input-Kosten, also wie viel die Input-Güter kosten, die die Fabrik für ihre ersten Produktionstage benötigt.;;Debajo puedes ver lo que te costará producir la fábrica. Para construir una fábrica, necesitas materias primas. Si no las tienes, cuando hagas clic en construir, automáticamente las adquirirás del mercado mundial. También hay un coste de materias primas, que es el coste de la entrada de bienes que la fábrica necesita para sus primeros días de producción.;;;;;;;;;
tut_2b_20;In this screen you can also see how many unemployed workers are available, if there aren't any you can still build the factory. Other types of workers will start becoming factory workers.;Cet écran présente également le nombre de chômeurs disponibles. En l'absence de chômeurs, vous pouvez malgré tout construire l'usine. D'autres types de travailleurs deviendront ouvriers.;Auf diesem Bildschirm sehen Sie auch, wie viele arbeitslose Arbeiter zur Verfügung stehen. Gibt es keine, können Sie die Fabrik aber trotzdem bauen. Andere Arbeitertypen beginnen nun, sich zu Fabrikarbeitern zu wandeln.;;En esta pantalla, también puedes ver cuántos trabajadores desempleados están disponibles. Si no dispones de ninguno, aun puedes construir la fábrica. Otros tipos de trabajadores se convertirán en trabajadores de la fábrica.;;;;;;;;;
tut_2b_21;Good indicators on which factory to build are the supply and demand of a goods and especially if there is a local supply of inputs and demand for the outputs.\n For now, let's build a Regular Clothes Factory, click Build to start construction.;Pour savoir quel type d'usine construire, il existe de bons indicateurs, comme l'offre et la demande de certaines marchandises ainsi que l'existence ou non d'une offre pour une matière première donnée et d'une demande locale pour certains biens produits.\nPour le moment, construisez une usine d'habillement. Cliquez sur Construire pour démarrer la construction.;Gute Entscheidungshilfen für den Bau einer Fabrik sind Angebot und Nachfrage für ein bestimmtes Gut, und zwar besonders dann, wenn vor Ort dasselbe Input-Gut produziert und nachgefragt wird.\nLassen Sie uns nun fürs Erste eine Kleiderfabrik bauen. Klicken Sie zum Baubeginn auf Bauen.;;Unos buenos indicadores para saber qué fábrica construir son el suministro y la demanda de algún bien, especialmente si existe un suministro local de materias primas y de demanda por la producción.\nPor ahora, vamos a construir una fábrica de ropa normal haciendo clic en el botón Construir.;;;;;;;;;
tut_2b_22;Factory Upgrading;Extension des usines;Fabrikerweiterung;;Modernización de fábrica;;;;;;;;;
tut_2b_23;You don't have to build new factories to increase your production, you can also upgrade your factories. Expanding a factory can also be done by either the capitalist or the player depending on political system. The cost of upgrading a factory is similar to building one and can be seen when hovering over the upgrade factory button.;Inutile de construire de nouvelles usines pour améliorer votre production, vous pouvez aussi procéder à leur extension. En fonction du système politique, l'extension d'une usine peut ici encore être effectuée par les capitalistes ou par le joueur. Le coût d'une extension d'usine, qui équivaut au coût de construction, apparaît en passant la souris sur le bouton Extension d'usine.;Zur Steigerung Ihrer Produktion müssen Sie keine neuen Fabriken bauen - Sie können auch Ihre bestehenden Fabriken erweitern. Der Ausbau einer Fabrik kann abhängend vom politischen System entweder von Kapitalisten oder Ihnen selbst durchgeführt werden. Die Kosten für Fabrikerweiterungen sind identisch mit denen für Neubauten. Wenn Sie Ihren Mauszeiger auf eine Fabrikerweiterungschaltfläche bewegen, werden die exakten Kosten angezeigt.;;No tienes que construir nuevas fábricas para aumentar tu producción, también puedes modernizar tus fábricas. Dependiendo del sistema político, esta acción la puede hacer tanto el capitalista como el jugador. El coste de modernizar una fábrica es similar al de construirla y puede verse cuando pasas el ratón sobre el botón de Modernizar fábrica.;;;;;;;;;
tut_2b_24;Let's upgrade our Steel Factory, press the upgrade button for the steel factory.;Pour procéder à l'extension de votre aciérie, cliquez sur le bouton Extension de l'aciérie.;Lassen Sie uns nun unsere Stahlfabrik erweitern. Klicken Sie dazu auf die Erweiterungsschaltfläche der Stahlfabrik.;;Para modernizar nuestra fábrica de acero, pulsa el botón de Modernizar sobre la fábrica de acero.;;;;;;;;;
tut_2b_25;Factory Profit;Bénéfices des usines;Fabrikprofite;;Beneficios de la fábrica;;;;;;;;;
tut_2b_26;Everything a factory produce is put up on the world market. The factory then gets paid depending on the current price and what gets sold. The factory then store the amount needed to buy input goods for the next day, the difference is profit. The profit is then used to pay the workers (craftsmen and clerks) and owners(capitalists). The player do not receive money directly from the factories profits but rather through taxing the population and putting tariffs on goods.\nMake sure you keep an eye on the profitability of your factories, unprofitable factories will fire workers and create unemployment.\nClick next to continue.;Toute la production d'une usine est mise sur le marché mondial. L'usine est payée en fonction du cours du marché et de la quantité vendue. Elle met alors de côté la somme équivalant au coût des matières premières nécessaires pour le lendemain, la différence correspondant à ses bénéfices. Puis les bénéfices sont utilisés pour payer les travailleurs (ouvriers et employés) et les propriétaires (capitalistes). L'argent perçu par le joueur ne provient pas directement des bénéfices des usines, mais de la taxation de la population et des droits de douane sur les marchandises.\nSurveillez la rentabilité de vos usines, car un manque de rentabilité entraînera des licenciements et du chômage.\nCliquez sur Suivant pour continuer.;Sämtliche Produkte einer Fabrik werden auf dem Weltmarkt verkauft. Die Fabrik wird für diese Güter dann dem erzielten Preis pro verkaufter Gütereinheit entsprechend bezahlt. Danach legt die Fabrik den erwirtschafteten Betrag zur Seite, der für den Kauf der Input-Güter des nächsten Tags benötigt wird. Der Profit ist der Differenzbetrag und wird dann zur Bezahlung der Arbeiter (Facharbeiter und Angestellte) und Fabrikbesitzer (Kapitalisten) benutzt. Sie erhalten die von Fabriken erzielten Profite nicht direkt, sondern über die Besteuerung Ihrer Bevölkerung und die erhobenen Güterzölle.\nBehalten Sie die Rentabilität Ihrer Fabriken im Auge, da unrentable Fabriken ihre Belegschaft reduzieren und so die Arbeitslosigkeit erhöhen.\nKlicken Sie zum Fortfahren auf Weiter.;;Todo lo que produce una fábrica se pone a la venta en el mercado mundial. Entonces, la fábrica recibe su pago dependiendo del precio actual y de lo que se vende. La fábrica almacena la cantidad necesaria para comprar las materias primas del día siguiente y la diferencia es el beneficio. Los beneficios se usan para pagar a los trabajadores (obreros y oficinistas) y a los propietarios (capitalistas). El jugador no recibe dinero directamente de los beneficios de las fábricas, sino de los impuestos que cobra a la población y de la subida de las tarifas de los bienes.\nAsegúrate de que tus fábricas sean rentables, ya que las fábricas que no lo son, despiden a sus trabajadores y crean desempleo.\nHaz clic en Siguiente para continuar.;;;;;;;;;
##### Budget Intermediary;;;;;;;;;;;;;;
tut_3b_1;Budget - Medium Level;Le budget - Niveau intermédiaire;Haushalt - Mittlere Stufe;;Presupuesto. Nivel medio;;;;;;;;;
tut_3b_2;In this part we will go through some of the budget concepts of the Victoria 2 Game that sets the game apart from other Paradox games. First we need to open the budget screen, do this.;Cette partie du didacticiel est consacrée aux notions budgétaires qui distinguent Victoria des autres jeux Paradox. Commencez par ouvrir l'écran Budget.;In diesem Teil des Tutorials besprechen wir einige Haushaltskonzepte von Victoria 2, die das Spiel von anderen Paradox-Spielen unterscheidet. Dazu müssen wir zuerst den Haushaltsbildschirm aufrufen.;;En esta parte, trataremos algunos de los conceptos de los presupuestos del juego Victoria 2 que diferencia a éste de otros juegos de Paradox. Para ello, primero tenemos que abrir la pantalla de presupuesto.;;;;;;;;;
tut_3b_3;Population Taxes;Impôts sur les revenus de la population;Steuern;;Impuestos a la población;;;;;;;;;
tut_3b_4;Taxes in Victoria 2 are collected based on the population's income. Each time your people receive an income you get a share. Your population is divided into strata, these are:;Les impôts de Victoria 2 sont prélevés sur les revenus de la population. Vous touchez une part de tous les revenus perçus par votre population. Votre population se décompose en trois catégories :;Die Steuern werden in Victoria 2 auf das Einkommen der Bevölkerung erhoben: Jedes Mal, wenn Ihre Untertanen ihr Gehalt bekommen, erhalten Sie einen Teil davon. Ihre Bevölkerung ist in verschiedene Schichten unterteilt:;;En Victoria 2, los impuestos se reúnen en función de los ingresos de la población. Cada vez que tu gente recibe un ingreso, obtienes una parte. Tu población está dividida en estratos, que son:;;;;;;;;;
tut_3b_5;Poor Strata - The workers and peasants.;Les classes défavorisées (ouvriers et paysans);Armenschicht - Die Arbeiter und Bauern.;;Estrato pobre. Los trabajadores y campesinos.;;;;;;;;;
tut_3b_7;Rich Strata - The upper classes, Aristocrats and Capitalists;Les classes supérieures (aristocrates et capitalistes);Oberschicht - Die Oberklasse, also Aristokraten und Kapitalisten.;;Estrato rico. Las clases altas, aristócratas y capitalistas.;;;;;;;;;
tut_3b_8;The pie charts next to each strata shows how the population of this strata are doing, are they getting their everyday needs? If you see a lot of red you can try to help the situation by lowering taxes. You can also hover your mouse over specific population icons to see how that particular group is doing. Click next to continue.;Les graphiques accompagnant les différentes classes sociales illustrent leur situation. Leurs besoins quotidiens sont-ils satisfaits ? Une dominante de rouge indique que vous pouvez intervenir en baissant les impôts. Vous pouvez aussi passer la souris sur les icônes de population pour connaître la situation du groupe correspondant. Cliquez sur Suivant pour continuer.;Die Kuchendiagramme neben jeder Gesellschaftsschicht zeigen, wie es der Bevölkerung der betreffenden Gesellschaftsschicht geht und ob ihre Bedürfnisse gedeckt werden. Wenn Sie hier viel rot sehen, können Sie die Situation durch Steuersenkungen zu entspannen versuchen. Wenn Sie Ihren Mauszeiger auf die verschiedenen Bevölkerungssymbole bewegen, erhalten Sie genauere Informationen, wie es der betreffenden Gruppe geht. Klicken Sie zum Fortfahren auf Weiter.;;Los diagramas de sectores que hay junto a cada estrato muestran cómo le va a la población de este estrato, y si están cubiertas sus necesidades diarias. Si ves que tiene mucho rojo, intenta mejorar la situación reduciendo los impuestos. También puedes pasar el ratón sobre los iconos de población para ver cómo lo está haciendo ese grupo en particular. Haz clic en Siguiente para continuar.;;;;;;;;;
tut_3b_9;Tariffs;Droits de douane;Zölle;;Aranceles;;;;;;;;;
tut_3b_10;Tariffs are a special tax or subsidy on international trade. If you draw the tariff slider to the right of center you will increase the cost of goods your population and factories buy outside your internal market. If you draw it left of center you will instead subsidize the same kind of trades.;Les droits de douane sont des taxes ou subventions spéciales qui s'appliquent au commerce international. Si vous déplacez le curseur des droits de douane du center vers la droite, vous augmentez le coût des marchandises achetées sur le marché mondial par votre population et par vos usines. Si vous le déplacez vers la gauche, vous subventionnerez au contraire les mêmes marchandises.;Zölle sind eine besondere Steuer auf internationale Handelsgeschäfte. Wenn Sie den Zoll-Schieberegler vom Mittelpunkt nach rechts ziehen, erhöhen Sie die Weltmarkt-Anschaffungskosten von Gütern für Ihre Bevölkerungen und Fabriken. Wenn Sie den Schieberegler vom Mittelpunkt nach links ziehen, bezuschussen Sie dieselben Transaktionen.;;Los aranceles son unos impuestos especiales o subsidios sobre el comercio internacional. Si mueves el control deslizante de los aranceles hacia la derecha de la zona central, aumentarás el coste de las mercancías de tu población y las fábricas adquirirán fuera de tu mercado interno. Si lo mueves hacia la izquierda, subvencionarás el mismo tipo de comercios.;;;;;;;;;
tut_3b_11;Tariffs have the dual functionality of providing income as well as favoring domestic producers over foreign.;Les droits de douane présentent le double avantage d'engranger des revenus et de favoriser les producteurs locaux par rapport aux producteurs étrangers.;Zölle haben die Doppelfunktion, Einnahmen zu erzeugen und gleichzeitig inländische Produzenten ausländischen vorzuziehen.;;\nLos aranceles tienen la funcionalidad dual de proporcionar ingresos así como favorecer a los productores nacionales frente a los extranjeros.;;;;;;;;;
tut_3b_12;Click next to continue.;Cliquez sur Suivant pour continuer.;Klicken Sie zum Fortfahren auf Weiter.;;Haz clic en Siguiente para continuar.;;;;;;;;;
tut_3b_13;Basic Expense types;Types de dépenses de base;Grundlegende Ausgabetypen;;Tipos de gastos básicos;;;;;;;;;
tut_3b_14;Now let's take a look at the basic expense types are and what they do:;Penchons-nous maintenant sur les différents types de dépenses de base et leurs effets :;Jetzt wollen wir uns die grundlegenden Ausgabetypen und ihre Funktionen anschauen:;;Ahora, pasemos a los tipos de gastos básicos y lo que hacen:;;;;;;;;;
tut_3b_15;Industrial subsidies - This is an expenditure that funds factories that do not show a profit. This is activated from the production screen.;Subventions industrielles : ces subventions permettent de financer les usines qui ne dégagent aucun bénéfice. Elles sont activées depuis l'écran Production.;Industriezuschüsse - Dies Ausgabe subventioniert defizitäre Fabriken und wird über den Produktionsbildschirm aktiviert.;;Subsidios industriales. Se trata de un gasto que financia a las fábricas que no tienen beneficios. Se activa en la pantalla de producción.;;;;;;;;;
tut_3b_16;National Stockpile - This is the daily cost for trades set in the trade screen. Just below you see 2 numbers, this is the value of goods used to maintain you military and your overseas possession. These values only indirectly affect the National Stockpile expense since you need to buy the goods used up. These can either be set manually or are automatic when you have for example built a factory or have an army that needs supplies.;Réserves nationales : il s'agit du coût quotidien des échanges effectués dans l'écran Commerce. Les deux chiffres du dessous représentent les valeurs des ressources utilisées pour entretenir votre armée et vos possessions d'outre-mer. Ces valeurs n'ont qu'une répercussion indirecte sur les dépenses des réserves nationales puisque vous devez acheter les ressources consommées. Elles peuvent être fixées manuellement ou automatiquement, par exemple lorsque vous avez construit une usine ou possédez une armée qui a besoin de ravitaillements.;Nationaler Vorrat - Ihre täglichen Kosten für im Handelsbildschirm getätigte Geschäfte. Direkt darunter sehen Sie zwei Zahlen - die Werte der Güter, die Sie zur Instandhaltung Ihres Militärs und Ihrer Übersee-Besitztümer benötigen. Diese Werte beeinflussen die Ausgabe Nationaler Vorrat nur indirekt, da Sie die verbrauchten Güter ankaufen müssen. Dies kann entweder manuell oder automatisch erfolgen, wenn Sie beispielsweise eine Fabrik oder eine Armee haben, die mit Gütern versorgt werden muss.;;Reserva nacional. Se trata del coste diario para los comercios fijados en la pantalla de comercio. Justo debajo, verás dos números, que corresponden al valor de los bienes usados para mantener tu ejército y posesiones en el exterior. Solo afectan indirectamente a los gastos de reserva nacional ya que necesitas adquirir las mercancías que utilizas. Estos pueden establecerse cuando, por ejemplo, tengas que construir una fábrica o uno de tus ejércitos necesite suministros.;;;;;;;;;
tut_3b_17;Education - This money goes to paying your clergy, which educates your people, and also lowers the consciousness of your population. The higher the slider is set, the more attractive becoming a clergyman becomes.;Éducation : ces dépenses servent à payer votre clergé. Le clergé éduque votre population et réduit légèrement sa conscience nationale. Plus le curseur est haut, plus le clergé est attrayant.;Bildung - Diese Gelder gehen an Ihren Klerus, dessen Angehörige Ihre Bevölkerung unterrichten und auch das Bewusstsein Ihrer Bevs zu einem gewissen Grad reduzieren. Je höher der Schieberegler eingestellt ist, desto attraktiver wird es, ein Geistlicher zu sein.;;Educación. Este dinero sirve para pagar a tu clero, que es el que educa a la gente, y también baja la conciencia de tu población. Cuanto más alto se sitúa el control deslizante, más atractivo resulta convertirse en un clérigo.;;;;;;;;;
tut_3b_18;Administration - This money goes to pay your bureaucrats. The bureaucrats run your social reforms and collect your taxes. The more bureaucrats you have in a state, the more efficient your tax collection becomes. You can see you average administrative efficiency above the slider.;Administration : ces dépenses servent à payer vos bureaucrates. Ceux-ci s'occupent de vos réformes sociales et collectent vos impôts. Plus vous avez de bureaucrates dans un État, plus la collecte des impôts est efficace. L'efficacité moyenne de votre administration apparaît au-dessus du curseur.;Verwaltung - Mit diesen Geldern werden Ihre Bürokraten bezahlt. Die Bürokraten führen Ihre Sozialreformen aus und treiben Ihre Steuern ein. Je mehr Bürokraten Sie in einem Staat haben, desto effizienter werden Ihre Steuern eingetrieben. Oberhalb des Schiebereglers sehen Sie Ihre durchschnittliche Verwaltungseffizienz.;;Administración. Este dinero se destina a pagar a los burócratas. Los burócratas llevan a cabo tus reformas sociales y recaudan tus impuestos. Cuanto más alto sea el número de burócratas de tu estado, más eficaz será tu recaudación de impuestos. Comprueba tu eficacia administrativa sobre el control deslizante.;;;;;;;;;
tut_3b_19;Social Spending - This goes to financing social reforms like Unemployment Subsidies and Pensions.;Dépenses sociales : ces dépenses servent à financer les réformes sociales, les allocations chômage et les pensions.;Sozialausgaben - Diese Gelder fließen in die Finanzierung von Sozialreformen, Arbeitslosenunterstützung und Renten.;;Gasto social. Se destina a financiar las reformas sociales como los subsidios de desempleo y las pensiones.;;;;;;;;;
tut_3b_20;Military Spending - This goes to the salary of your soldiers and officers.;Dépenses militaires : ces dépenses servent à payer les soldes de vos soldats et officiers.;Wehretat - Diese Gelder werden zur Bezahlung Ihrer Soldaten und Offiziere aufgewendet.;;Gasto militar. Se trata del salario de tus soldados y oficiales.;;;;;;;;;
tut_3b_21;All these expenses go directly to different kinds of citizens. If you pay too little, people might start looking for new jobs, and if you pay more you will get other people promoting to the strata, thus increasing the costs. It will be up to you how to balance your spending to get the optimal number of employees in each sector.\nClick next to continue.;Toutes ces dépenses sont directement versées à différents types de citoyens. Si vous ne les payez pas suffisamment, ils risquent de se mettre à la recherche d'un nouvel emploi, et si vous les payer trop bien, d'autres personnes vous rejoindront (entraînant alors une hausse des coûts). À vous de trouver le bon équilibre pour avoir un nombre optimal d'employés dans chaque secteur.\nCliquez sur Suivant pour continuer.;Alle diese Ausgaben sind Zahlungen, die direkt an die verschiedenen Bürger gehen. Wenn Sie ihnen zu wenig zahlen, werden sie sich nach neuen Berufen umsehen, wenn Sie ihnen zu viel zahlen, werden sie andere dazu ermutigen, ihren Beruf zu ergreifen (was Ihre Kosten erhöht). Es liegt an Ihnen, wie Sie Ausgaben dazu einsetzen, in jedem Wirtschaftsbereich die optimale Angestelltenzahl zu haben.\nKlicken Sie zum Fortfahren auf Weiter.;;Todos los gastos repercuten directamente en los diferentes tipos de ciudadanos. Si pagas muy poco, la gente podría empezar a buscar nuevos trabajos, y si pagas demasiado, tendrás más gente que sube de estrato, además de incrementar los costes. Depende de tu habilidad para equilibrar tus gastos el conseguir el número óptimo de empleados en cada sector.\nHaz clic en Siguiente para continuar.;;;;;;;;;
tut_3b_22;Diplomatic Balance;Équilibre diplomatique;Diplomatische Ausgewogenheit;;Balance diplomático;;;;;;;;;
tut_3b_23;Money can also enter and leave your government budget through international relations. These can include War Subsidies that we either pay to or receive from our friends, or they can be war repatriations.\nClick next to Continue.;L'argent peut aussi entrer et sortir du budget de votre gouvernement via les relations internationales. Il peut s'agir d'indemnités de guerre que vous versez ou recevez de vos alliés, ou encore de réparations de guerre.\nCliquez sur Suivant pour continuer.;Gelder können auch über internationale Beziehungen in Ihre Staatskasse fließen bzw. daraus abgezogen werden. Dabei kann es sich um Kriegssubventionen handeln, die wir entweder zahlen bzw. erhalten, oder aber um Kriegsreparationen.\nKlicken Sie zum Fortfahren auf Weiter.;;El dinero también puede entrar y salir del presupuesto del gobierno mediante las relaciones internacionales. Puede incluir los subsidios de guerra que pagamos o recibimos de nuestros amigos, o pueden ser reparaciones de guerra.\nHaz clic en siguiente para continuar.;;;;;;;;;
##### Technology Intermediary;;;;;;;;;;;;;;
tut_4b_1;Technology - Medium Level;La technologie - Niveau intermédiaire;Technologie - Mittlere Stufe;;Tecnología. Nivel medio;;;;;;;;;
tut_4b_2;In this part we will explain some the concepts concerning how research is done and how it affects your nations.\nLet's start by again entering the Technology Screen by clicking the Technology Button in the top bar.;Cette partie du didacticiel est consacrée à la recherche et à l'impact de celle-ci sur vos nations.\nPour commencer, cliquez sur le bouton Technologie de la barre supérieure pour accéder à l'écran Technologie.;In diesem Teil des Tutorials erklären wir einige Konzepte der Forschung - wie sie abläuft und wie Sie Ihre Nation beeinflusst.\nZunächst schauen wir uns dazu den Technologiebildschirm an, indem wir in der Kopfleiste auf den Technologiereiter klicken.;;En esta parte explicaremos algunos de los conceptos relativos a cómo se realiza la investigación y cómo afecta a las naciones.\nEmpecemos entrando en la pantalla de tecnología haciendo clic en el botón de Tecnología de la barra superior.;;;;;;;;;
tut_4b_3;Research Point Generation;Génération de points de recherche;Generierung von Forschungspunkten;;Generación de puntos de investigación;;;;;;;;;
tut_4b_4;Each technology you research has a research point cost. This is the amount of research points you must generate before a technology is finished. If you click any technology you can see this cost in the top part of the information window.\nClick next to continue.;Chaque technologie faisant l'objet de travaux de recherche possède un coût en points de recherche. Il s'agit du nombre de points de recherche à générer pour mettre la technologie au point. Lorsque vous cliquez sur une technologie, son coût apparaît en haut de la fenêtre d'informations.\nCliquez sur Suivant pour continuer.;Jede Technologie, die Sie erforschen, kostet Sie Forschungspunkte. Dies ist die Anzahl von Forschungspunkten, über die Sie vor dem Abschluss der Erforschung einer Technologie verfügen müssen. Wenn Sie auf eine beliebige Technologie klicken, sehen Sie oben im Informationsfenster die Forschungskosten.\nKlicken Sie zum Fortfahren auf Weiter.;;Cada tecnología que investigas tiene un coste de puntos de investigación. Esta es la cantidad de puntos de investigación que debes generar para dar por acabada una tecnología. Si haces clic en una tecnología, puedes ver el coste indicado en la parte superior de la ventana de información.\nHaz clic en Siguiente para continuar.;;;;;;;;;
tut_4b_5;Research Point Generation;Génération de points de recherche;Generierung von Forschungspunkten;;Generación de puntos de investigación;;;;;;;;;
tut_4b_6;Research points are generated by your population, specifically by your clergymen and clerks. How many research points they generate is affected by how literate they are. In addition research points are affected by the plurality of your country as well as technological progress. Take a moment and hover your mouse over the technology button in the top bar and find out how many research points Belgium generates. Next up we shall talk about the effects of technology, click the Strategic Mobility Tech under the Army Tab.;Les points de recherche sont générés par votre population, et plus particulièrement par vos membres du clergé et vos employés. Le nombre de points de recherche générés dépend de leur niveau d'érudition. En outre, les points de recherche dépendent de la pluralité et des progrès technologiques de votre pays. Passez la souris sur le bouton Technologie de la barre supérieure pour afficher le nombre de points de recherche générés par la Belgique. Nous allons maintenant nous pencher sur les effets de la technologie. Cliquez sur la technologie Mobilité stratégique sous l'onglet Armée.;Forschungspunkte werden von Ihrer Bevölkerung generiert, besonders von Ihren Geistlichen und Angestellten. Wie viele Forschungspunkte sie generieren, hängt dabei von ihrem Bildungsstand ab. Zusätzlich dazu werden Forschungspunkte von der Pluralität Ihres Landes und seinem technologischen Fortschritt beeinflusst. Nehmen Sie sich einen Moment lang Zeit und bewegen Sie Ihren Mauszeiger in der Kopfleiste auf den Technologiereiter. So können Sie herausfinden, wie viele Forschungspunkte Belgien generiert. Als nächstes besprechen wir die technologischen Effekte. Klicken Sie dazu im Armeereiter auf die Technologie Strategische Mobilität.;;Los puntos de investigación se generan a través de tu población, más específicamente, de tus clérigos y oficiales. El número de puntos de investigación que generan se ve afectado por lo preparados que están. Además, los puntos de investigación se ven afectados por la pluralidad de tu país, así como por el progreso tecnológico. Tómate un momento y pasa tu ratón sobre el botón de tecnología en la barra superior y descubre cuántos puntos de investigación genera Bélgica. A continuación, comentaremos los efectos de la tecnología. Haz clic en la tecnología de Movilidad estratégica bajo la pestaña de Ejército.;;;;;;;;;
tut_4b_7;Technology Effects and Inventions;Effets technologiques et inventions;Technologie-Effekte und Erfindungen;;Efectos de la tecnología y los inventos;;;;;;;;;
tut_4b_8;Inventing a technology has two kinds of effects, the immediate effect and inventions. If you take a look at the information screen you can see that Strategic Mobility affects Fort Level, Army Reconnaissance and Army Supply Consumption, these effects will be immediate when the technology is researched.;La mise au point d'une technologie a deux types d'effets : l'effet immédiat et les inventions. L'écran d'informations indique que la mobilité stratégique détermine le niveau de fortifications, la reconnaissance militaire et la consommation de ressources militaires. Ces effets sont immédiats lorsque la technologie est au point.;Die Erforschung einer Technologie hat zweierlei Auswirkungen: den sofortigen Effekt und Erfindungen. Wenn Sie sich den Informationsbildschirm genau ansehen, wird Ihnen auffallen, dass die Strategische Mobilität die Fort-Stufe, die Armeeaufklärung und den Armee-Nachschubverbrauch beeinflusst. Diese Effekte treten nach Erforschung der Technologie sofort in Kraft.;;Inventar una tecnología produce dos tipos de efectos: el efecto inmediato y los inventos. Si consultas la pantalla de información, verás que la Movilidad estratégica afecta al Nivel de fortificación, al Reconocimiento del ejército y al Consumo de suministros del ejército. Estos efectos serán inmediatos cuando la tecnología se haya investigado.;;;;;;;;;
tut_4b_9;Inventions - Notice the light bulbs next to the technology, these represents invention. If you hover your mouse over them you can see their effects. The effects of inventions are not immediate, rather there is a chance that they might trigger randomly after you have researched their technology. The color of the light bulb tells you if a technology is triggered yet, grey means that it cant trigger, yellow that it may trigger and green that it has already happened.;Inventions : les ampoules situées près de la technologie représentent l'invention. Passez la souris sur celles-ci pour afficher leurs effets. Les effets des inventions ne sont pas immédiats. Cela dit, elles peuvent se déclencher de manière aléatoire une fois la technologie correspondante mise au point. La couleur de l'ampoule indique si la technologie a été déclenchée ou non. Le gris indique qu'elle ne peut pas se déclencher, le jaune qu'elle le peut et le vert qu'elle est au point.;Erfindungen - Beachten Sie die Glühbirnen neben der Technologie - sie repräsentieren Erfindungen. Wenn Sie Ihren Mauszeiger auf die Glühbirnen bewegen, werden Ihnen ihre Effekte angezeigt. Die Effekte von Erfindungen wirken sich nicht sofort aus. Es gibt vielmehr die Chance, dass sie zufällig freigeschaltet bzw. ausgelöst werden, nachdem Sie die betreffende Technologie erforscht haben. Die Farbe einer Glühbirne verrät Ihnen, ob die betreffende Technologie schon ausgelöst wurde. Grau bedeutet, dass dies nicht möglich ist, gelb zeigt an, dass es passieren könnte und grün steht dafür, dass sie bereits ausgelöst wurde.;;Inventos. Fíjate en las bombillas que hay junto a la tecnología, ya que son las que representan a los inventos. Si pasas el ratón sobre ellas, comprobarás sus efectos. Los efectos de los inventos no son inmediatos, más bien existe una probabilidad de que pudieran aparecer al azar después de que hayas investigado su tecnología. El color de la bombilla sirve para indicar si esa tecnología se ha provocado, gris indica que no puede provocarse, amarillo que sí puede provocarse, y verde que ya se ha provocado.;;;;;;;;;
tut_4b_10;Take a moment to check out which inventions different technologies have, then click Next.;Prenez le temps de consulter les inventions associées aux différentes technologies, puis cliquez sur Suivant.;Nehmen Sie sich einen Moment Zeit und schauen Sie sich an, welche Erfindungen mit verschiedenen Technologien verbunden sind. Klicken Sie dann auf Weiter.;;Tómate un momento para comprobar qué invenciones tienen las diversas tecnologías y después haz clic en Siguiente.;;;;;;;;;
##### Politics - Medium;;;;;;;;;;;;;;
tut_5b_1;Politics;Politique;Politik;;Política. Nivel medio;;;;;;;;;
tut_5b_2;This chapter will explain how some of the basic concepts of the Victoria political system. Start by clicking the Politics button in the top bar.;Cette section est consacrée aux notions de base du système politique de Victoria. Pour commencer, cliquez sur le bouton Politique de la barre supérieure.;Dieses Kapitel erklärt Ihnen einige grundlegende Konzepte des politischen Systems von Victoria 2. Klicken Sie zunächst in der Kopfleiste auf den Politikreiter.;;Este capítulo explicará algunos de los conceptos básicos del sistema político de Victoria 2. Para empezar, haz clic en el botón de Política, en la barra superior.;;;;;;;;;
tut_5b_3;The Ruling Party;Le parti dirigeant;Die Regierungspartei;;El partido gobernante;;;;;;;;;
tut_5b_4;Here you can see which party rules Belgium, it is currently the Katholieke Partij. The policies they support have a major impact on how your country behaves and which policies you can enact. Beneath the name of the party you can see the current policies, for example the Nationalists practices State capitalism, one of the effects of this is that you can build factories manually while under other systems only capitalists can build factories. Another important effect of policies is that they put limits on the budget slider, a State Capitalist party will for example not accept taxes under a certain level. To learn more about governments, click next.;La Belgique est actuellement dirigée par le Nationalist Partij. Les politiques défendues par le parti dirigeant ont un impact déterminant sur le comportement de votre pays et les politiques applicables. Sous le nom du parti se trouvent les politiques actuelles. Par exemple, les nationalistes pratiquent un capitalisme d'État qui vous permet notamment de construire des usines manuellement, contrairement à d'autres systèmes sous lesquels les capitalistes sont les seuls à pouvoir s'en charger. Autre effet important des politiques : elles imposent des limites sur le curseur du budget. Par exemple, un parti favorable au capitalisme d'État ne tolérera pas que les impôts soient inférieurs à un certain niveau. Pour en savoir plus sur les régimes politiques, cliquez sur Suivant.;Hier sehen Sie, welche Partei Belgien regiert: derzeit ist es die Nationalist Partij. Die politischen Strategien, die sie verfolgt, haben großen Einfluss darauf, wie sich Ihr Land verhält und welche politischen Entscheidungen Sie verfügen können. Unter dem Namen der Partei sehen Sie deren aktuelle politische Strategien. Die Nationalisten praktizieren beispielsweise Staatskapitalismus, und einer der Effekte davon ist, dass Sie selbst Fabriken bauen können, während dies unter anderen politischen Systemen nur Kapitalisten möglich ist. Ein weiterer wichtiger Effekt politischer Strategien ist, dass sie den Haushalts-Schieberegler einschränken. Eine Staatskapitalismus-Partei akzeptiert beispielsweise keine Steuern unter einem bestimmten Niveau. Klicken Sie auf Weiter, um mehr über Regierungen zu erfahren.;;Aquí puedes ver qué partido gobierna Bélgica, que actualmente es el Katholieke Partij. Las políticas que apoyan producen un impacto mayor en el comportamiento de tu país y en las políticas que puedes promulgar. Bajo el nombre del partido puedes ver la política actual. Por ejemplo, los nacionalistas practican el Capitalismo de estado. Uno de los efectos que produce es que puedes construir fábricas manualmente mientras que bajo otros sistemas, solo los capitalistas pueden construir fábricas. Otro efecto importante de la política es que pone límites en el control del presupuesto. Por ejemplo, un partido capitalista de estado no acepta impuestos por debajo de un cierto nivel. Para aprender más sobre los gobiernos, haz clic en Siguiente.;;;;;;;;;
tut_5b_5;Government Form;Régimes politiques;Regierungsform;;Forma de gobierno;;;;;;;;;
tut_5b_6;If you don't like the current ruling party, the current government form has a major impact on your ability to do anything about this. The government also impacts which kind of ideologies are permitted to hold power. Belgium's current government form, for example, is HM's Government. Under this system there are elections, but the the player may choose to overrule the results of these in favor pf another party, at the cost of an increase in militancy among the party's supporters.\nGovernment form is a function of political reforms enacted, and the player can never change government form directly. For example no democratic form of government can persist if the voting rights have been abolished. Click next to move on.;Si le gouvernement en place ne vous convient pas, le régime politique détermine votre capacité à y remédier. De même, le type d'idéologies autorisées dépend du régime. Par exemple, la Belgique est actuellement une monarchie constitutionnelle. Ce régime permet d'organiser des élections, mais le joueur peut ignorer les votes et choisir un autre parti, au prix d'un renforcement du militantisme des partisans du parti élu.\nLe joueur ne peut pas directement changer de régime, mais ce dernier peut changer si les réformes entreprises par le joueur ne sont plus adaptées. Par exemple, aucun régime démocratique ne peut faire l'économie d'élections. Cliquez sur Suivant pour continuer.;Die aktuelle Regierungsform hat großen Einfluss auf Ihre politischen Entscheidungen und die gestatteten Ideologien. Sie bestimmt auch über Ihre Fähigkeit, die aktuelle Regierungsform zu ändern, wenn Sie ihr nicht mehr zustimmen. Belgiens aktuelle Regierung ist zum Beispiel eine Ihrer Majestät Regierung. Unter diesem System gibt es Wahlen, die Sie aber zugunsten einer anderen Partei kippen können, allerdings auf Kosten erhöhter Militanz unter den Unterstützern der geschassten Partei.\nSie können die Regierungsform nicht direkt ändern, aber dies ist möglich, wenn die Reformen, die Sie verfügen, nicht mehr zur Regierungsform passen. Eine demokratische Regierungsform kann beispielsweise nicht ohne Wahlen existieren. Klicken Sie zum Fortfahren auf Weiter.;;Si no te gusta el partido gobernante actual, la forma de gobierno actual produce un impacto importante en tu capacidad para hacer algo al respecto. El gobierno también incide en el tipo de ideologías permitidas para mantener el poder. La actual forma es el Gobierno de Su Majestad. Bajo este sistema hay elecciones, pero el jugador puede rechazar los resultados de estas en favor de otro partido, por el coste de un aumento en la militancia entre los seguidores del partido.\nLa forma de gobierno es una función de las reformas políticas aprobadas, y el jugador nunca puede cambiar de forma de gobierno directamente. Por ejemplo, ninguna forma de gobierno democrático puede continuar si se ha abolido el derecho al voto. Haz clic en Siguiente para continuar.;;;;;;;;;
tut_5b_7;Elections;Élections;Wahlen;;Elecciones;;;;;;;;;
tut_5b_8;Under certain government forms the ruling party is chosen through elections, for example under an HM's Government or under a Democracy. Under democratic governments elections must be held at certain intervals, but it is however possible to start them early by clicking the 'Hold Election' button.\nOnce the election has started an an election campaign will kick off, during which events (such as scandals and rousing speeches) may alter its outcome. At the end of the campaign the voters decide which party should rule based on what issues they consider important. Note that the voters are not necessarily the people as a whole in Belgium for example only the wealthy have the vote. Click next to continue.;Sous certains régimes, comme la monarchie constitutionnelle ou la démocratie, le parti dirigeant est désigné par des élections. Sous les régimes démocratiques, des élections doivent être organisées à certains intervalles, mais il est aussi possible d'en convoquer prématurément en cliquant sur le bouton Élections.\nUne fois les élections décidées, une campagne électorale est lancée pendant laquelle des événements peuvent influencer l'issue des votes (scandales, discours enflammés, etc.). À la fin de la campagne, les électeurs désignent le parti qui gouvernera. Notez que les électeurs ne sont pas toujours représentatifs de la population dans son ensemble. En Belgique, par exemple, seuls les riches ont le droit de voter. Cliquez sur Suivant pour continuer.;Unter bestimmten Regierungsformen wird die Regierungspartei durch Wahlen ermittelt, beispielsweise unter einer Ihrer Majestät Regierung oder in einer Demokratie. Demokratische Regierungen müssen Wahlen in bestimmten Intervallen abhalten, aber über die entsprechende Wahlschaltfläche können Sie Wahlen auch vorziehen.\nNach der Ausrufung einer Wahl beginnt ein Wahlkampf, während dem Ereignisse wie Skandale und mitreißende Reden das spätere Ergebnis verändern können. Am Ende des Wahlkampfes entscheiden die Wähler, welche Partei an die Macht kommen soll. Beachten Sie, dass es sich bei den Wählern nicht zwangsläufig um das ganze Volk handeln muss - in Belgien zum Beispiel dürfen nur Angehörige der Oberschicht wählen. Klicken Sie zum Fortfahren auf Weiter.;;Bajo ciertas formas de gobierno, el partido gobernante se elige mediante unas elecciones, por ejemplo, bajo el gobierno de Su Majestad o bajo una democracia. Las elecciones celebradas bajo gobiernos democráticos deben celebrarse a ciertos intervalos, aunque es posible iniciarlas pronto haciendo clic en el botón 'Celebrar elecciones'.\nCuando las elecciones hayan iniciado, dará comienzo la campaña de elecciones y los eventos que se produzcan en su transcurso (como escándalos y discursos enardecedores), pueden cambiar su resultado. Al término de la campaña, los votantes deciden qué partido debería gobernar. Fíjate en que los votantes no son necesariamente la totalidad de los habitantes. En Bélgica, por ejemplo, solo los ricos tienen derecho a votar. Haz clic en Siguiente para continuar.;;;;;;;;;
tut_5b_9;Political Reforms;Réformes politiques;Politische Reformen;;Reformas políticas;;;;;;;;;
tut_5b_10;Political reforms affect how your country's political system works, and how your people behave politically. The vote franchise and the voting system for example affect who gets to vote and how the votes are counted while press rights affect how your literate populations politics change. The reason to enact political reforms are usually that your people demands it but is can also be because you want greater freedom in deciding the course of your country. Now let's move on to Social Reforms, click next to continue.;Les réformes politiques ont des répercussions sur le fonctionnement du système politique de votre pays et sur le comportement politique de la population. Le droit de vote et le mode de scrutin, par exemple, déterminent qui a le droit de voter et comment les voix sont comptabilisées tandis que les droits de la presse déterminent l'évolution des opinions politiques des populations instruites. Les réformes politiques découlent généralement de revendications de la population, mais elles peuvent aussi être entreprises parce que vous souhaitez bénéficier d'une plus grande liberté pour décider de l'avenir de votre pays. Passons maintenant aux réformes sociales. Cliquez sur Suivant pour continuer.;Politische Reformen beeinflussen die Arbeit des politischen Systems Ihres Landes und wie sich Ihre Bevölkerung politisch gesehen verhält. Das Wahlrecht und das Wahlsystem beispielsweise beeinflussen, wer an die Wahlurnen darf und wie die Stimmen gewertet werden, während die Pressefreiheit Einfluss darauf hat, wie sich die politische Meinung ihrer gebildeten Bevölkerung ändert. Der Grund für die Verabschiedung politischer Reformen ist meistens deren Forderung durch Ihre Bevölkerung. Sie sind aber auch ein guter Weg, um sich mehr Entscheidungsfreiheit in Ihrem Land zu verschaffen. Klicken Sie zum Fortfahren mit den Sozialreformen auf Weiter.;;Las reformas políticas afectan al funcionamiento del sistema político de tu país, y al comportamiento de tu pueblo a nivel político. El derecho al voto y el sistema de voto, por ejemplo, afectan a quién consigue el voto y a cómo se recuentan los mismos. Los derechos de la prensa afectan a la manera en que cambian las políticas de tu población instruida. El motivo para promulgar reformas políticas suele ser que la población las solicita, pero también puede deberse a que quieres una mayor libertad a la hora de decidir el rumbo de tu país. Vamos a revisar las Reformas sociales. Haz clic en Siguiente para continuar.;;;;;;;;;
tut_5b_11;Social Reforms;Réformes sociales;Sozialreformen;;Reformas sociales;;;;;;;;;
tut_5b_12;Social reforms affect the well being of your population. Some social reforms affect the productivity of industry, like Max. Work-hours, while others channel money from the state to certain segments of the population. Some social reforms can be very beneficial, just beware that managing your reforms will increase the cost of your bureaucracy.;Les réformes sociales déterminent le bien-être de votre population. Certaines influent sur la productivité des industries, comme le nombre maximum d'heures travaillées, alors que d'autres puisent dans les caisses de l'État pour aider certaines catégories de la population. Certaines réformes sociales peuvent être très bénéfiques, mais attention à ce que leur gestion n'entraîne pas une hausse des dépenses bureaucratiques.;Sozialreformen beeinflussen das Wohlbefinden Ihrer Bevölkerung. Einige Sozialreformen wie Max. Arbeitszeit beeinflussen die Produktivität der Industrie, während andere den Geldfluss aus der Staatskasse an bestimmte Bevölkerungsgruppen kanalisieren. Manche Sozialreformen können sehr wohltätig sein, aber beachten Sie, dass Reformen die Kosten Ihrer Bürokratie in die Höhe treiben.;;Las reformas sociales afectan al bienestar de tu población. Algunas reformas sociales afectan a la productividad de la industria, como el Número máximo de horas de trabajo. Otras canalizan el dinero del estado hacia ciertos sectores de la población. Algunas reformas sociales pueden ser muy beneficiosas. Solo tienes que tener en cuenta que la gestión de tus reformas incrementará el coste de tu burocracia.;;;;;;;;;
tut_5b_13;Decisions;Décisions;Entscheidungen;;Decisiones;;;;;;;;;
tut_5b_14;In the lower right corner of the politics screen you will find your political decisions. These are important choices you can make for your country such as changing the academic establishment, building the Panama Canal or unifying Germany under your rule. If you hover your mouse over the question mark you can see which the prerequisites exists for taking the decisions and if you hover it over the tick you can see the effects it has. If the tick is greyed out you cannot take the decision because you don't fulfill the prerequisites. Click next to continue.;Les décisions se trouvent en bas à droite de l'écran Politique. Il s'agit de choix importants pour votre pays : changement de système scolaire, construction du canal de Panama, unification de l'Allemagne, etc. Passez la souris sur le point d'interrogation pour afficher les conditions préalables aux différentes décisions et sur la coche pour en voir les effets. Une coche grisée indique que vous n'avez pas accès à la décision en question parce que vous ne remplissez pas les conditions préalables. Cliquez sur Suivant pour continuer.;In der unteren rechten Ecke des Politikbildschirms finden Sie die Entscheidungen. Dies sind wichtige Entscheidungen, die Sie für Ihr Land treffen können. Sie können zum Beispiel die akademische Ausrichtung verändern, den Panamakanal bauen oder Deutschland unter Ihrer Herrschaft vereinen. Wenn Sie Ihren Mauszeiger auf eines der Fragezeichen bewegen, sehen Sie, welche Voraussetzungen die betreffende Entscheidung hat. Wenn Sie ihn auf ein Häkchen bewegen, sehen Sie die Effekte der betreffenden Entscheidung. Wenn das Häkchen ausgegraut ist, steht Ihnen die Entscheidung noch nicht zur Verfügung, weil sie noch nicht alle Voraussetzungen erfüllen. Klicken Sie zum Fortfahren auf Weiter.;;En la esquina inferior derecha de la pantalla de política podrás ver tus decisiones políticas. Se trata de importantes decisiones que puedes tomar de cara a tu país, como cambiar el estamento académico, construir el Canal de Panamá o unificar Alemania bajo tu gobierno. Si pasas el ratón por encima del símbolo de interrogación, podrás ver que requisitos previos existen ya para la toma de ciertas decisiones y, si pasa el ratón por encima de la casilla, podrás ver sus efectos. Si la casilla aparece en gris, no podrás tomar la decisión, ya que no cumples con los requisitos previos. Haz clic en Siguiente para continuar.;;;;;;;;;
tut_5b_15;Rebel Factions;Factions rebelles;Rebellenfraktionen;;Facciones rebeldes;;;;;;;;;
tut_5b_16;Finally there is the ultimate consequence of ignoring the plight of your people, the rebel factions. As militancy rises in your population, your people will consider joining a rebel faction, if they do this will be displayed in this screen. A rebel faction has dissatisfied people with a similar cause as their members. As we can see Belgium houses a reactionary faction. To the right of its name you can see three values. These are:;Si vous ignorez les problèmes de votre population, des factions rebelles peuvent se former. À mesure que le militantisme augmente au sein de votre population, celle-ci peut envisager de rejoindre une faction rebelle. Dans ce cas, cet écran vous en informe. Une faction rebelle regroupe des individus mécontents poursuivant une même cause. Comme vous pouvez le constater, la Belgique abrite une faction réactionnaire. À droite de son nom se trouvent les trois valeurs suivantes :;Die Rebellenfraktionen stellen die ultimative Konsequenz dafür dar, die Notlage Ihrer Bevölkerung zu ignorieren. Wenn die Militanz in Ihrer Bevölkerung steigt, werden Ihre Untertanen mit dem Beitritt einer Rebellenfraktion liebäugeln. Geschieht dies, wird es auf diesem Bildschirm angezeigt. Die Mitglieder einer Rebellenfraktion sind unzufriedene Leute mit identischen Zielen. Wie wir sehen können, gibt es in Belgien eine reaktionäre Fraktion. Rechts neben ihrem Namen sehen Sie drei Werte. Diese sind wie folgt:;;Por último, tenemos a las facciones rebeldes, que son la consecuencia extrema de ignorar las demandas de tu pueblo. A medida que aumenta la militancia en tu población, tu gente considerará la posibilidad de unirse a una facción rebelde. Una facción rebelde cuenta con gente insatisfecha que apoya una causa similar. Bélgica cuenta con una facción reaccionaria. A la derecha de su nombre, puedes ver tres valores. Estos son:;;;;;;;;;
tut_5b_17;Membership count - Number of people who supports the faction.;Nombre d'adhérents : nombre de personnes qui soutiennent la faction.;Mitgliedschaft - Wie viele Menschen die Fraktion unterstützen.;;Recuento de miembros. Número de gente que apoya la facción.;;;;;;;;;
tut_5b_18;Organization - A percentage that represents the internal strength of the faction. This is increased if the dissatisfied people make a lot of money.;Organisation : pourcentage représentant le pouvoir intérieur de la faction. Celui-ci est accentué si les insatisfaits sont des gens qui gagnent beaucoup d'argent.;Organisation - Ein Prozentwert, der für die interne Stärke der Fraktion steht. Dieser Wert ist geringer, wenn die unzufriedenen Menschen viel Geld verdienen.;;Organización. Un porcentaje que representa la fuerza interna de la facción. Este porcentaje aumenta si la gente insatisfecha gana mucho dinero.;;;;;;;;;
tut_5b_19;Revolt - This is the risk of a general uprising of this faction.;Révolte : correspond au risque de voir cette faction appeler à un soulèvement général.;Revoltenrisiko - Dies ist das Risiko eines allgemeinen Aufstands dieser Fraktion.;;Revuelta. El riesgo de que se produzca una revuelta general de esta facción.;;;;;;;;;
tut_5b_20;Should a faction rise in revolt a number of rebel armies will spawn, the strength of these will be decided based on the membership count and organization. Just beware, if a single pop's militancy gets too high it will rise with or without the support of its faction and this might in turn increase the risk of a general rising. To get rid of a faction you must either defeat it in battle or address the concerns of your militant pops. To learn more about what different pops want you must check the Population screen, for now just click next.;Si la faction lève un certains nombre de rebelles, des armées se forment. La force de celles-ci dépend du nombre d'adhérents et de l'organisation. Attention : lorsque le militantisme d'un seul POP atteint un niveau trop élevé, il grimpe avec ou sans le soutien de sa faction, ce qui peut augmenter le risque de soulèvement général. Pour vous débarrasser d'une faction, vous devez la vaincre au combat ou répondre aux inquiétudes des POP militants. Pour en savoir plus sur ce que souhaitent les différents POP, consultez l'écran Population. Pour le moment, cliquez sur Suivant.;Wenn sich eine Fraktion zum Aufstand erhebt, entstehen einige Rebellenarmeen, deren Stärke von der Mitgliedschaft und der Organisation bestimmt werden. Passen Sie auf, wenn die Militanz einer Bev zu groß wird, denn sie könnte sich mit oder ohne Unterstützung ihrer Fraktion erheben, was wiederum den Ausbruch eines allgemeinen Aufstands begünstigen würde. Solchen Fraktionen können Sie sich entledigen, indem Sie sich im Gefecht schlagen oder indem Sie sich um die Bedürfnisse Ihrer militanten Bevs kümmern. Mehr Informationen über die Bedürfnisse verschiedener Bevs erhalten Sie im Informationsbildschirm. Klicken Sie zunächst aber auf Weiter.;;Si una facción se rebela, aparecerán una serie de ejércitos rebeldes, cuya fuerza se determinará en función del Recuento de miembros y la Organización. Ten cuidado. Si la militancia de una sola población se vuelve demasiado alta, se rebelará tenga o no el apoyo de su facción. Esto puede llegar a aumentar el riesgo de un levantamiento general. Para deshacerte de una facción, tendrás que derrotarlos en combate o resolver los problemas de las poblaciones militantes. Para saber más sobre lo que quieren las diferentes poblaciones, comprueba la pantalla de población. Por ahora, haz clic en Siguiente.;;;;;;;;;
##### People - Medium;;;;;;;;;;;;;;
tut_6b_1;People;Population;Die Bevölkerung;;Pueblo. Nivel medio;;;;;;;;;
tut_6b_2;In this part we will talk a little more about what a POP is and what makes them tick. Go ahead and click the Population button in the top bar.;Cette partie est consacrée aux POP. Cliquez sur le bouton Population de la barre supérieure.;In diesem Tutorialteil werden wir BEVs und ihre Haupteigenschaften behandeln. Klicken Sie nun in der Kopfleiste auf den Bevölkerungsreiter.;;En esta sección revisaremos un poco más a fondo lo que es una población y lo que la hace reaccionar. Haz clic en el botón de Población en la barra superior.;;;;;;;;;
tut_6b_3;The POP;Le POP;Die BEV;;La población;;;;;;;;;
tut_6b_4;The most basic unit of population in Victoria 2 is the POP. A pop is a number of people in the same province that share occupation, culture and religion. Each pop has a number of attributes, which we shall now take a look at. Click the pop-icon for any of your pops to continue.;L'unité de base de la population de Victoria 2 est le POP. Un POP englobe des individus vivant dans la même province et partageant le même métier, la même culture et la même religion. Chaque POP possède des attributs sur lesquels nous allons maintenant nous pencher. Cliquez sur l'icône d'un de vos POP pour continuer.;Die grundlegende Bevölkerungseinheit in Victoria 2 ist die BEV. Eine POP steht für eine Gruppe Menschen in derselben Provinz, die demselben Beruf nachgehen und dieselbe Kultur und Religion haben. Jede POP hat eine Reihe von Eigenschaften, die wir uns nun ansehen werden. Klicken Sie zum Fortfahren auf ein beliebiges BEV-Symbol.;;La población es la unidad demográfica más básica de Victoria 2. Una población se compone de cierto número de personas en una misma provincia que comparten la misma ocupación, cultura y religión. Cada población tiene un número de atributos, que revisaremos a continuación. Haz clic en el icono de cualquiera de tus poblaciones para continuar.;;;;;;;;;
tut_6b_5;The POP;Le POP;Die BEV;;La población;;;;;;;;;
tut_6b_6;Here you get more details about these representatives of the people. Let's go over some of the basic attributes:;Vous allez ici découvrir des détails sur cette unité représentative d'une partie de la population. Principaux attributs :;Hier erhalten Sie detailliertere Informationen über diese repräsentativen Bevölkerungseinheiten. Lassen Sie uns nun einige grundlegende Eigenschaften behandeln:;;Aquí puedes obtener más detalles acerca de esos representantes populares. Revisemos algunos de los atributos básicos:;;;;;;;;;
tut_6b_7;Nationality - represents the pops language and culture. Some nations do not tolerate minorities which can lead to friction.;Nationalité : langue et culture du POP. Certaines nations ne tolèrent pas les minorités, ce qui peut provoquer des heurts.;Nationalität - repräsentiert die Sprache und Kultur der Bev. Einige Nationen tolerieren keine Minderheiten, da diese zu Spannungen führen können.;;Nacionalidad. Representa su idioma y cultura. Algunas naciones no toleran a las minorías que pueden causar fricciones.;;;;;;;;;
tut_6b_8;Militancy - How angry the pop is.;Militantisme : degré de mécontentement du POP.;Militanz - Wie wütend die Bev ist.;;Militancia. Lo enfadada que está la población.;;;;;;;;;
tut_6b_9;Consciousness - How aware the pop is of the world around it and its best interests.;Conscience nationale : degré de conscience du POP par rapport au monde qui l'entoure et à ses intérêts.;Bewusstsein - Wie bewusst sich die Bev ihrer Welt ist und darüber, was am besten für sie ist.;;Conciencia. Lo consciente que es la población del mundo que la rodea y de sus intereses.;;;;;;;;;
tut_6b_10;Literacy - How literate the pop is. This affects among other things how many research points are generated, how effective an artisan the pop is and how it behaves politically.;Alphabétisation : niveau d'alphabétisation du POP. Ce niveau détermine notamment le nombre de points de recherche générés, l'efficacité du POP et son comportement sur le plan politique.;Alphabetisierung - Wie gebildet die Bev ist. Dies beeinflusst unter anderem, wie viele Forschungspunkte generiert werden, wie effizient die Bev als Handwerker ist und wie sie sich politisch verhält.;;Alfabetización. Lo instruida que está la población. Afecta a la cantidad de puntos de investigación que se generan, la efectividad artesanal y su comportamiento político.;;;;;;;;;
tut_6b_11;Religion - Which religion a pop has. May cause friction if the country have a different religion.;Religion : croyance du POP. Celle-ci peut provoquer des heurts s'il ne s'agit pas de la religion dominante du pays.;Religion - Welche Religion die Bev hat. Wenn dies eine andere Religion als die Staatsreligion ist, kann es zu Konflikten kommen.;;Religión. La religión que profesa la población. Si el país tiene otra religión, se pueden producir fricciones.;;;;;;;;;
tut_6b_12;Unemployed - Tells us how large a part of the pop is unemployed.;Chômeurs : indique la proportion de chômeurs dans le POP.;Arbeitlos - Dies zeigt, wie groß der Arbeitslosenteil der Bev ist.;;Desempleo. Este dato nos informa del porcentaje de desempleados de la población.;;;;;;;;;
tut_6b_13;Needs fulfillment - How much of the pops needs for goods are fulfilled. Not being able to fulfill certain categories have different effect, no luxury needs and the pop could be happier, no life needs means starvation.;Besoins satisfaits : niveau de satisfaction des besoins du POP. L'incapacité à satisfaire certaines catégories a différents effets. Aucun besoin de luxe indique que le POP pourrait être plus heureux et Aucun besoin vital équivaut à une famine.;Bedürfniserfüllung - Wie sehr die Güterbedürfnisse der Bev gedeckt sind. Die ausbleibende Deckung verschiedener Bedürfniskategorien hat unterschiedliche Auswirkungen. Werden die Luxusbedürfnisse nicht gedeckt, ist die Bev nicht so glücklich, aber wenn ihre Lebensbedürfnisse nicht gedeckt werden, verhungert sie allmählich.;;Necesidades cubiertas. Las necesidades que están cubiertas. No ser capaz de cubrir algunas puede generar diversos efectos. Si no se cubre los lujos, la población podría ser más feliz. Si no se curen las vitales, podría producirse una hambruna.;;;;;;;;;
REMOVE_tut_6b_14;Now close this pop-up to continue.;Fermez cette fenêtre pour continuer.;Schließen Sie zum Fortfahren dieses Popup-Fenster.;;Ahora, cierra esta ventana para continuar.;;;;;;;;;
tut_6b_15;Militancy and Consciousness;Militantisme et conscience nationale;Militanz und Bewusstsein;;La militancia y la conciencia;;;;;;;;;
tut_6b_16;Let's say a few words about the most important attributes, militancy and consciousness;Abordons maintenant les attributs les plus importants : le militantisme et la conscience nationale.;Nun wollen wir ein paar Worte über die wichtigsten Eigenschaften sagen, die Militanz und das Bewusstsein.;;Vamos a revisar algunos aspectos de los atributos más importantes, la militancia y la conciencia.;;;;;;;;;
tut_6b_17;Consciousness - The primary game play effect of Consciousness, or CON, is to drive reform. As the game and the nations develop CON will increase and with it POPs will start to demand reform. If POPs get their desired reforms, CON will conversely decrease somewhat. Another important effect of increased CON is that POPs start to demand bigger needs, this has the effect that a rich dictatorship can avoid reforms by making their people richer.;Conscience nationale : son principal effet sur le jeu est qu'elle conduit à la réforme. À mesure que le jeu évolue et que les nations se développent, la conscience nationale se renforce et les POP réclament des réformes. S'ils les obtiennent, leur conscience baisse un peu. Autre effet important d'une conscience accrue : les besoins des POP augmentent. Ainsi, une dictature riche peut éviter les réformes en enrichissant encore sa population.;Bewusstsein - Der primäre Gameplay-Effekt, kurz BEW, ist der treibende Faktor hinter den Reformen. Im Spielverlauf steigt das Bewusstsein in den Nationen und Bevs beginnen, Reformen zu fordern. Wenn diese Forderungen erfüllt werden, sinkt ihr BEW wieder etwas. Ein wichtiger Effekt erhöhter BEW ist, dass die Bevs größere Bedürfnisse haben. Reiche Diktaturen können also Reformen vermeiden, indem sie ihre Bevölkerung reicher machen.;;Conciencia. El principal efecto de la Conciencia o CON es el de motivar las reformas. A medida que el juego y las naciones se desarrollen, aumentará la conciencia y con ella, las poblaciones empezarán a solicitar reformas. Si las poblaciones obtienen las reformas deseadas, la Conciencia irá disminuyendo en cierta medida. Otro efecto importante de su incremento es que las poblaciones empezarán a tener mayores necesidades. Por ejemplo, un dictador rico puede evitar las reformas si hace que su gente sea más rica.;;;;;;;;;
tut_6b_18;Militancy - Various things can make a pop angry, but chief among them is the pop not getting its life needs fulfilled. The angrier the pop gets, the higher the risk of revolt. Once the pop gets angry enough it will join a rebel faction and start using its resources to overthrow the state and eventually rise up and spawn a rebel army.;Militantisme : si les besoins d'un POP ne sont pas satisfaits, celui-ci est mécontent. Plus il est en colère, plus le risque de révolte augmente. Lorsque sa colère atteint un certain seuil, il rejoint une faction rebelle et utilise ses ressources pour tenter de renverser le régime en place et lever une armée de rebelles.;Militanz - Wenn die Bedürfnisse einer Bev nicht gedeckt werden, wird sie wütend. Je wütender sie wird, desto größer wird das Revoltenrisiko. Wenn die Bev wütend genug ist, tritt sie einer Rebellenfraktion bei und beginnt, ihre Ressourcen zum Sturz der Regierung einzusetzen. Letztendliche erhebt sie sich und stellt eine Rebellenarmee auf.;;Militancia. Hay varias cosas que pueden hacer enfadar a una población. La más importante es que no tenga sus necesidades cubiertas. Cuanto más enfadada esté la población, más alto será el riesgo de revuelta. Cuando la población se enfade lo suficiente, se unirá a una facción rebelde y empezará a utilizar sus recursos para derrocar al estado mediante la creación de un ejército rebelde.;;;;;;;;;
tut_6b_19;Click next to continue.;Cliquez sur Suivant pour continuer.;Klicken Sie zum Fortfahren auf Weiter.;;Haz clic en Siguiente para continuar.;;;;;;;;;
tut_6b_20;Cash;Argent;Geld:;;Liquidez;;;;;;;;;
tut_6b_21;Finally you will notice that a pop has cash. The pop will receive cash from whatever it does for a living, be it farming or working in a factory. These money will then be used to buy needs. If money is left over the pop may invest this in the national bank which then is available for lending to countries.;Enfin, vous constaterez qu'un POP a de l'argent. Il gagne de l'argent en travaillant (dans une exploitation agricole ou une usine), puis le dépense pour acheter les ressources dont il a besoin. S'il lui reste de l'argent, le POP peut le placer à la banque nationale, puis en prêter à d'autres pays.;Hier sehen Sie außerdem, dass eine Bevölkerung Geld hat. Dieses erhält sie entweder durch ihren Beruf, also zum Beispiel die Arbeit auf einer Farm oder in einer Fabrik. Mit diesem Geld kauft sie Güter zur Deckung der eigenen Bedürfnisse. Wenn dann noch Geld übrig bleibt, kann die Bev es in die Nationalbank investieren, wo es dann in Form von Darlehen an andere Länder vergeben werden kann.;;Por último, verás que las poblaciones tienen liquidez. La población recibirá dinero derivado de su ocupación, ya sea el trabajo en las granjas o en fábricas. Este dinero se utilizará para cubrir sus necesidades. Si les sobra dinero, puede que la población lo invierta en el banco nacional que, en ese momento, podrá realizar préstamos a otros países.;;;;;;;;;
##### Trade - Medium;;;;;;;;;;;;;;
tut_7b_1;Trade;Commerce;Handel;;Comercio. Nivel medio;;;;;;;;;
tut_7b_2;In this section we will talk about some of the underlying concepts of trade in Victoria 2. Open the trade screen by clicking Trade in the top bar;Cette section est consacrée aux notions relatives au commerce dans Victoria 2. Ouvrez l'écran Commerce en cliquant sur le bouton Commerce de la barre supérieure.;In diesem Abschnitt behandeln wird die grundlegenden Handelskonzepte von Victoria 2. Rufen Sie nun durch Anklicken des Handelsreiters in der Kopfleiste den Handelsbildschirm auf.;;En esta sección hablaremos de algunos de los conceptos subyacentes en el comercio de Victoria 2. Abre la pantalla de comercio haciendo clic en Comercio en la barra superior.;;;;;;;;;
tut_7b_3;The World Market;Le marché mondial;Der Weltmarkt;;El mercado mundial;;;;;;;;;
tut_7b_4;In Victoria 2 everything that is produced is put up on the world market. Each day all pops, factories and governments try to buy the things they need for their survival or their businesses, and those who want those goods must first buy them off the market. Click next to continue.;Dans Victoria 2, tout ce qui est produit rejoint le marché mondial. Chaque jour, la population, les usines et les gouvernements tentent d'acheter ce dont ils ont besoin pour assurer leur survie ou pour mener leurs affaires. Et pour obtenir ces marchandises, il faut être les premiers à les acheter. Cliquez sur Suivant pour continuer.;In Victoria 2 werden alle produzierten Produkte auf dem Weltmarkt angeboten. Jeden Tag versuchen alle Bevs, Fabriken und Regierungen, benötigte Güter auf dem Binnen- oder Weltmarkt zu kaufen. Klicken Sie zum Fortfahren auf Weiter.;;En Victoria 2, todo lo que se produce se pone a la venta en el mercado mundial. Cada día, las poblaciones, fábricas y gobiernos intentan comprar aquellas cosas que necesitan para sobrevivir o para sus negocios. Aquellos que quieren bienes, deben comprarlos en el mercado. Haz clic en Siguiente para continuar.;;;;;;;;;
tut_7b_5;Prices;Prix;Preise;;Precios;;;;;;;;;
REMOVE_tut_7b_6;The prices are set globally each day on the world market as a function of supply and demand. The current supply and demand will set a target price which the actual price will gradually close in on, you should keep an eye on the development of prices on goods that are important to you. If Small Arms are going up, perhaps its time to build a new factory. Click next to continue;Tous les jours sur le marché mondial, les prix sont fixés de manière globale selon la loi de l'offre et de la demande. L'offre et la demande actuelles permettent de fixer un prix cible duquel le prix réel se rapprochera progressivement. Vous devez surveiller l'évolution des prix des marchandises que vous souhaitez acquérir. Le prix des armes légères grimpe ? Alors, il est peut-être temps de construire une nouvelle usine. Cliquez sur Suivant pour continuer.;Die Weltmarktpreise werden täglich basierend auf Angebot und Nachfrage ermittelt. Die aktuelle Angebot und Nachfrage-Situation stellt einen Zielpreis ein, dem sich der tatsächliche Preis allmählich annähert. Aus diesem Grund sollten Sie die Preisentwicklung von Gütern im Auge behalten, die für Sie wichtig sind. Ziehen die Preise für Handfeuerwaffen an? Ist es vielleicht an der Zeit, eine neue Fabrik zu bauen? Klicken Sie zum Fortfahren auf Weiter.;;Los precios se establecen cada día de forma global en el mercado mundial mediante una función de oferta y demanda. El suministro actual y la demanda fijarán un precio objetivo al que el precio real se irá acercando de forma gradual. Tienes que mantener controlado el desarrollo de los precios en los bienes que son importantes para ti. Si suben las Armas ligeras, puede que sea el momento de construir una nueva fábrica. Haz clic en Siguiente para continuar.;;;;;;;;;
tut_7b_7;Government buying and selling;Achats et ventes du gouvernement;Käufe und Verkäufe der Regierung;;Compraventa gubernamental;;;;;;;;;
tut_7b_9;Government buying - Automatic Trades;Achats du gouvernement - Transactions automatiques;Regierungskäufe - Automatischer Handel;;Compra gubernamental. Tratos automáticos;;;;;;;;;
tut_7b_10;Some trades can be managed automatically these trades includes goods needed to maintain your navies, armies and overseas possessions as well as to build buildings. Notice that the automate check box it checked, this means that this trade is automated. Let's try to do it manually, go ahead and uncheck it.;Certaines transactions peuvent être gérées automatiquement. Celles-ci englobent les marchandises nécessaires à l'entretien de vos flottes, armées et possessions d'outre-mer ainsi qu'à la construction de bâtiments. Notez que la case Automatiser est cochée, ce qui indique que cette transaction est automatisée. Essayez maintenant de le faire manuellement : décochez la case.;Einige Handelsgeschäfte können automatisiert werden, zum Beispiel für Güter, die von Ihren Flotten, Armeen und Übersee-Besitztümern oder für den Bau von Gebäuden benötigt werden. Wenn das Kontrollkästchen angewählt ist, bedeutet dies, dass das Handelsgeschäft automatisch abläuft. Versuchen wir es einmal manuell - entwählen Sie das Kontrollkästchen.;;Algunos tratos se pueden gestionar de forma automática si incluyen bienes que son necesarios para mantener tus armadas, ejércitos o posesiones extranjeras o para construir edificios. Fíjate que la casilla de confirmación automática está confirmada. Esto significa que este trato es automático. Vamos a intentar hacerlo de manera manual. Desmarca la casilla.;;;;;;;;;
tut_7b_11;Government Buying and Selling - Manual Trades;Achats et ventes du gouvernement - Transactions manuelles;Käufe und Verkäufe der Regierung - Manueller Handel;;Compraventa gubernamental. Tratos manuales;;;;;;;;;
tut_7b_12;Manual trades can be useful if you want to build stockpiles or manage the rate at which goods are bought. To manually set a trade order pull the slider to the desired value. This means that if you have more goods than you set the slider at, you will sell it. Click Confirm Trade to confirm your trade.;Les transactions manuelles peuvent être utiles si vous voulez créer des réserves ou gérer la vitesse à laquelle les marchandises sont achetées. Pour passer manuellement un ordre de vente et non d'achat, cliquez que la case Acheter pour qu'elle se transforme en case Vendre, puis déplacez le curseur sur la valeur de votre choix. Ainsi, toutes les marchandises dépassant la valeur sur laquelle vous avez placé le curseur seront vendues. Cliquez sur Confirmer la transaction.;Manuelle Handelsgeschäfte können nützlich sein, wenn Sie Vorräte aufbauen möchten oder die Geschwindigkeit kontrollieren wollen, mit der Güter gekauft werden. Zur manuellen Einstellung eines Handelsauftrags klicken Sie auf die Schaltfläche Kaufen, so dass sie sich auf Verkaufen ändert. Ziehen Sie den Schieberegler dann auf dem gewünschten Wert. Dies bedeutet, dass die Güter verkauft werden, die den Wert des Schiebereglers übersteigen. Bestätigen Sie Ihr Handelsgeschäft durch Anklicken von Handel bestätigen.;;Los tratos manuales pueden ser de utilidad si quieres crear reservas o gestionar el ritmo al que se compran determinados bienes. Para establecer un trato de forma manual, mueve el control deslizante hasta el valor deseado. Esto supone que si tienes más bienes que el valor que has fijado con el control deslizante, los venderás. Haz clic en el botón 'Confirmar trato'.;;;;;;;;;
tut_7b_13;Imports and Exports;Importations et exportations;Importe und Exporte;;Importación y exportación;;;;;;;;;
tut_7b_14;The market has two parts, the Domestic Market and the World Market. The common market is everything that is produced in your country as well as the countries in your sphere of influence. The world market is everything not sold on the common market. When a buyer wants to buy something he first tries to buy from the common market and if his needs cannot be fulfilled this way he imports from the world market. This way you can build your local economy by making sure that everything needed in your country is also produced by your country. Go ahead and click next to continue.;Le marché est divisé en deux : le marché intérieur et le marché mondial. Le marché intérieur englobe tout ce qui est produit dans votre pays ainsi que dans les pays de votre sphère d'influence. Le marché mondial correspond à tout ce qui n'est pas vendu sur le marché intérieur. Lorsqu'un joueur veut acheter quelque chose, il tente d'abord de l'acheter sur le marché intérieur et, si ses besoins ne sont pas satisfaits, il se tourne vers le marché mondial. Vous pouvez ainsi bâtir votre économie locale en étant certain que tous les besoins de votre pays y sont également produits. Cliquez sur Suivant pour continuer.;Der Markt hat zwei Teile: den Binnenmarkt und den Weltmarkt. Der Binnenmarkt steht für alles, das in Ihrem Land und in den Ländern Ihrer Einflusssphäre produziert wird. Der Weltmarkt steht für alles, das nicht auf dem Binnenmarkt verkauft wird. Wenn ein Käufer ein Produkt kaufen möchte, sucht er erst auf dem Binnenmarkt danach, und wenn er es dort nicht findet, importiert er es vom Weltmarkt. Sie können Ihre lokale Wirtschaft aufbauen, indem Sie alles, was in Ihrem Land benötigt wird, lokal produzieren. Klicken Sie nun zum Fortfahren auf Weiter.;;El mercado tiene dos componentes, el Mercado común y el Mercado mundial. El Mercado común se compone de todo aquello que se produce en tu país y en los países alineados en tu esfera de influencia. El Mercado mundial se compone de todo aquello que no se ha vendido en el Mercado común. Cuando un comprador quiere comprar algo, primero intenta hacerlo en el mercado común. Si sus necesidades no se pueden cubrir de esta manera, lo importará del mercado mundial. De este modo, tu economía local puede crecer al asegurarte de que tu país produce todo lo que necesita. Haz clic en Siguiente para continuar.;;;;;;;;;
##### Diplomacy - Medium;;;;;;;;;;;;;;
tut_8b_1;Diplomacy;Diplomatie;Diplomatie;;Diplomacia. Nivel medio;;;;;;;;;
tut_8b_2;In this section we will talk a little about ranking and the diplomatic interface. Go ahead and click the Diplomacy button in the top bar;Cette section est consacrée au rang et à l'interface diplomatique. Cliquez sur le bouton Diplomatie de la barre supérieure.;In diesem Abschnitt beschäftigen wir uns mit den Rängen und dem diplomatischen Interface. Klicken Sie nun in der Kopfleiste auf den Diplomatiereiter.;;En esta sección hablaremos de la clasificación y la interfaz diplomática. Haz clic en el botón de Diplomacia en la barra superior.;;;;;;;;;
tut_8b_3;Ranking;Rang;Ränge;;Clasificación;;;;;;;;;
tut_8b_4;In Victoria 2 ranking is very important. Climbing in rank can give you advantages and respect in the world. There are three types of ranks that are weighted together:;Dans Victoria 2, le rang est très important. Un bon rang peut vous octroyer des avantages et vous attirer le respect du monde entier. Votre rang dépend des trois valeurs suivantes :;Die Ränge in Victoria 2 sind äußerst wichtig. Wenn Sie im Rang aufsteigen, gewinnen Sie Vorteile und Respekt in der Welt. Es gibt drei verschiedene Ränge:;;En Victoria 2, la clasificación es muy importante. Subir en ella proporciona a tu país respeto internacional y una serie de ventajas. Hay tres tipos de clasificaciones que se toman en cuenta juntas:;;;;;;;;;
tut_8b_5;Prestige - Prestige is gained though improving your country's status. Win wars, build colonies or develop your culture. Prestige is extremely important as it decides the order among countries when they buy on the world market, so if you have the highest prestige your population gets to buy before everyone else.;Prestige : le prestige s'obtient en améliorant le statut de votre pays. Gagnez des guerres, fondez des colonies ou développez votre culture. Le prestige est extrêmement important, car il détermine l'ordre dans lequel les pays peuvent effectuer leurs achats sur le marché. Si votre prestige est le plus élevé, votre population peut faire ses achats avant tout le monde.;Prestige - Prestige wird durch die Verbesserung des Status Ihres Landes erlangt. Gewinnen Sie Kriege, gründen Sie Kolonien oder entwickeln Sie Ihre Kultur. Das Prestige ist äußerst wichtig, da es die Rangfolge der Länder für Käufe auf dem Weltmarkt festlegt. Wenn Sie das höchste Prestige haben, darf Ihre Bevölkerung zuerst kaufen.;;Prestigio. Se obtiene mejorando la situación de tu país. Gana guerras, construye colonias o desarrolla tu cultura. El prestigio es extremadamente importante, ya que decide la prioridad de los países al comprar en el mercado mundial. Si tienes el prestigio más alto, tu población podrá comprar antes que nadie.;;;;;;;;;
tut_8b_6;Industrial Score - This is gained by improving your industry. Build factories and railway.;Score industriel : s'obtient en améliorant votre industrie. Construisez des usines et des lignes de chemin de fer.;Industrielle Punktzahl - Wird von Ihrer Industrie erwirtschaftet. Bauen Sie Fabriken und Eisenbahnen.;;Puntuación industrial. Esto se obtiene mejorando tu industria. Construye fábricas y ferrocarriles.;;;;;;;;;
tut_8b_7;Military - Based on the size of your military. Large warships give you the highest score, just be aware that once a new ship type enters the scene your old ones will be close to worthless.;Score militaire : dépend de la taille de votre armée. Le meilleur score s'obtient grâce aux grands navires de guerre. Mais attention : une fois les nouveaux types de navires en scène, les anciens sont quasiment sans valeur.;Militärische Punktzahl - Basiert auf der Größe Ihres Militärs. Große Kriegsschiffe geben Ihnen die meisten Punkte. Beachten Sie aber, dass das Erscheinen eines neuen Schiffstyps Ihre bestehenden Schiffstypen annähernd wertlos macht.;;Puntuación militar. Se basa en el tamaño de tus fuerzas armadas. Los grandes buques de guerra te dan la mayor puntuación, pero ten en cuenta que, en el momento en que entra en escena un nuevo tipo de barco, los antiguos valdrán poco más que nada.;;;;;;;;;
tut_8b_8;All these values are then weighted together to decide your place in the sun. Let's see where we stand, sort the country list by rank by clicking the # about the country list.;Ces trois valeurs sont ensuite pondérées ensemble pour déterminer votre rang. Voyons votre position. Classez la liste des pays dans l'ordre en cliquant sur le signe #.;All diese Werte werden dann zusammengeworfen und ermitteln so Ihren Platz an der Sonne. Lassen Sie uns mal sehen, wo wir stehen: Sortieren Sie die Länderliste nach Ring, indem Sie oberhalb der Länderliste auf # klicken.;;Todos estos valores se sopesan a la vez para decidir cuál es tu posición en el mundo. Veamos cuál es tu posición. Filtra la lista de países por posiciones haciendo clic en '#'.;;;;;;;;;
tut_8b_9;The Country List;La liste des pays;Die Länderliste;;Lista de países;;;;;;;;;
tut_8b_10;As you can see the most important country in the world is the United Kingdom. Try to find our native Belgium. As you can see we are not that high up in the list.;Comme vous pouvez le constater, le pays le plus important du monde est le Royaume-Uni. Essayez de trouver la Belgique. Vous n'êtes pas très bien placé dans la liste.;Wie Sie sehen, ist Großbritannien das wichtigste Land der Welt. Versuchen Sie, unser Heimatland Belgien zu finden. Wie Sie sehen können, ist unser Rang in dieser Liste noch nicht besonders hoch.;;Como puedes ver, el país más importante del mundo es el Reino Unido. Intenta encontrar a Bélgica, nuestro país. Como puedes ver, no estamos tan arriba en la lista.;;;;;;;;;
tut_8b_11;Country Name and Flag - the name of the country and its flag.;Nom et drapeau du pays : nom du pays et son drapeau.;Ländername und Flagge - Der Name eines Landes und seine Flagge.;;Nombre y bandera del país. El nombre y la bandera del país.;;;;;;;;;
tut_8b_12;Prio - Here you can set the priority which you assign to get these countries under your influence. Only Great powers can do this against non-great powers. Sadly our score is not high enough yet.;Prio : vous permet de définir la priorité à fixer pour placer ces pays sous votre influence. Seules les grandes puissances peuvent placer d'autres pays sous leur influence. Hélas, votre score n'est pas encore assez élevé.;Priorität - Hier können Sie die Priorität einstellen, mit der Sie versuchen, diese Länder unter Ihren Einfluss zu bringen. Dies können nur Großmächte gegen nicht-Großmächte unternehmen. Leider ist unser Punktestand dafür aber noch nicht hoch genug.;;Prioridad. Aquí, puedes asignar la prioridad de tener a cada uno de esos países bajo tu influencia. Solo las grandes potencias pueden hacer eso hacia países que no sean grandes potencias. Por desgracia, nuestra puntuación aún no es tan alta.;;;;;;;;;
tut_8b_13;Influence by the great powers - Here you can see how much influence each of the eight great powers have in the other countries.;Influence des Grandes Puissances : vous permet de voir l'influence de chacune des huit Grandes Puissances sur les autres pays.;Einfluss der Großmächte - Hier sehen Sie, wie viel Einfluss jede der acht Großmächte in anderen Ländern hat.;;Influencia de las grandes potencias. Aquí puedes ver qué influencia tiene cada una de las ocho grandes potencias en el resto de los países.;;;;;;;;;
tut_8b_14;Sphere of influence - Here we can see if a country is in a sphere of influence of another country.;Sphère d'influence : vous permet de voir si un pays se trouve dans la sphère d'influence d'un autre.;Einflusssphäre - Hier sehen Sie, ob sich ein Land in der Einflusssphäre eines anderes Landes befindet.;;Esfera de influencia. Aquí puedes ver si un país está en la esfera de influencia de otro.;;;;;;;;;
tut_8b_15;Scoring - In order, the prestige rank, industrial rank, military rank and total rank of the country.;Score : dans l'ordre, prestige, score industriel, score militaire et rang global du pays.;Punkte - In Reihenfolge: Der Prestigerang, der Industrierang, der Militärrang und der Gesamtrang des Landes.;;Clasificación. En orden, la clasificación de prestigio, industrial y militar más el total del país.;;;;;;;;;
tut_8b_16;The current opinion they hold of you - All non Great Powers have a current opinion about great powers. This opinion ranges from Hostile to 'In Sphere' and decides how receptive the country is to the great power. If the country is friendly and the Great Power has enough influence there it can choose to put the minor country into its sphere of influence.;Leur opinion de vous : tous les pays autres que les Grandes Puissances ont une opinion sur les Grandes Puissances. Cette opinion va de l'hostilité à la bonne entente et détermine le degré de réceptivité du pays vis-à-vis de la Grande Puissance. Si le pays a une bonne opinion de la Grande Puissance et que cette dernière y a suffisamment d'influence, elle peut le placer dans sa sphère d'influence.;Ihre aktuelle Meinung von Ihnen - Alle nicht-Großmächte haben eine aktuelle Meinung über die Großmächte. Diese Meinung kann von Feindlich bis Freundlich gehen und bestimmt, wie sich das Land der betreffenden Großmacht gegenüber verhält. Wenn das Land freundlich gesinnt ist und die betreffende Großmacht dort genügend Einfluss hat, kann sie das kleinere Land ihrer Einflusssphäre hinzufügen.;;La opinión actual que tiene de ti. Todos los países que no son grandes potencias tienen una opinión hacia las grandes potencias. Esta opinión varía desde la 'Hostilidad' a 'En su esfera', y decide lo receptivo que es ese país a esa gran potencia. Si el país es amistoso y la gran potencia tiene suficiente influencia, puede decidir colocar al país más débil bajo su esfera de influencia.;;;;;;;;;
tut_8b_17;Relation - Your current relationship with this country. You can increase this value to make them like you more, however the value will always go towards zero in the long run.;Relations : état de vos relations avec ce pays. Vous pouvez augmenter cette valeur pour que le pays vous apprécie davantage, mais à long-terme, elle retombera toujours à zéro.;Beziehung - Wie gut Ihre aktuellen Beziehungen zum betreffenden Land sind. Sie können diesen Wert erhöhen, damit Sie das andere Land mehr mag, langfristig gesehen tendiert er aber immer gegen Null.;;Relación. Tu relación actual con este país. Puedes incrementar este valor para hacer que te aprecien más. Sin embargo, a la larga, este valor siempre tenderá a cero.;;;;;;;;;
tut_8b_18;Go ahead and click the the nation of Luxembourg, who are part of the Dutch sphere, in the list.;Dans la liste, cliquez sur la nation du Luxembourg qui fait partie de la sphère d'influence des Pays-Bas.;Klicken Sie nun in der Liste auf die Nation Luxemburg, die Teil der holländischen Einflusssphäre ist.;;En la lista, haz clic en la nación de Luxemburgo, que es parte de la esfera de Holanda.;;;;;;;;;
tut_8b_19;Country Information - Non Great Power;Informations sur le pays - N'est pas une Grande Puissance;Länderinformationen - Kleineres Land;;Información del país: no una gran potencia.;;;;;;;;;
tut_8b_20;Here you can see the country information about Luxembourg.;Vous avez ici accès à des informations sur le Luxembourg.;Hier sehen Sie die Länderinformationen über Luxemburg.;;Aquí puedes consultar la información acerca de Luxemburgo.;;;;;;;;;
tut_8b_21;At the top you can see that they are a westernized nation and an absolute monarchy and that they are ruled by the Konservative Fraction.;En haut, vous voyez qu'il s'agit d'une nation civilisée, d'une monarchie absolue gouvernée par la Konservative Fraction.;Oben im Bildschirm sehen Sie, dass sie eine zivilisierte Nation und eine absolute Monarchie sind, die von der konservativen Fraktion regiert wird.;;En la parte superior podrás ver que se trata de una nación civilizada y una monarquía absoluta gobernada por la facción conservadora.;;;;;;;;;
tut_8b_22;Here you find their Rank and Scoring.;Vous avez là le rang et le score.;Hier finden Sie ihren Rang und Punktestand.;;Aquí encontrarás su clasificación y puntuación.;;;;;;;;;
tut_8b_23;Then the information about their population and their accepted culture.;Puis des informations sur la population du pays et sa culture.;Darunter sehen Sie Informationen über ihre Bevölkerung und ihre akzeptierte Kultur.;;Luego la información acerca de su población y cultura imperante.;;;;;;;;;
tut_8b_24;Here you can see how much influence each great power has in Luxembourg, this is very important once you yourself become a Great Power.;Ici, vous voyez l'influence de chaque Grande Puissance sur le Luxembourg, informations qui se révéleront très importantes lorsque vous deviendrez vous-même une Grande Puissance.;Hier sehen Sie auch, wie viel Einfluss jedes Land in Luxemburg hat. Dies ist sehr wichtig, wenn Sie selbst zur Großmacht aufsteigen wollen.;;Aquí puedes ver cuánta influencia tiene cada una de las grandes potencias en Luxemburgo. Esto será muy importante en el momento en que tú llegues a convertirte en una de ellas.;;;;;;;;;
tut_8b_25;Now find the United Kingdom in the list and click them.;Dans la liste, cliquez sur le Royaume-Uni.;Finden Sie nun Großbritannien in der Liste und klicken Sie darauf.;;Ahora, busca al Reino Unido en la lista y haz clic en él.;;;;;;;;;
tut_8b_26;Country Information - Great Power;Informations sur le pays - Grande puissance.;Länderinformationen - Großmacht;;Información del país: gran potencia.;;;;;;;;;
tut_8b_27;As you can see the United Kingdom is a Great Power (the greatest, in fact). Their information is mostly similar, except that instead of influence from other countries you can see which nations are in their sphere or close to it. When you are a great power it is good to check who your competitor is trying to control.\nClick next to continue.;Comme vous pouvez le constater, le Royaume-Uni est une Grande Puissance (la plus grande). Les informations disponibles sont quasiment identiques, sauf en termes d'influence. Vous disposez ici de la liste des nations qui se trouvent dans la sphère de la Grande Puissance (ou tout près). Lorsque vous aurez atteint le statut de Grande Puissance, vous devrez vérifier qui vos concurrents s'efforcent de contrôler.\nCliquez sur Suivant pour continuer.;Wie Sie sehen können, ist Großbritannien eine Großmacht, und zwar die stärkste. Die Informationen hier sind fast identisch, außer dass hier anstatt Einfluss nehmenden Ländern die Nationen angezeigt werden, die zur Einflusssphäre Großbritanniens gehören. Wenn Sie eine Großmacht sind, sollten Sie überprüfen, welche Länder Ihre Konkurrenten zu kontrollieren versuchen.\nKlicken Sie zum Fortfahren auf Weiter.;;Como puedes ver, el reino Unido es una gran potencia (de hecho, la mayor). Su información es muy similar pero, en lugar de las influencias que tienen allí los otros países, puedes ver qué naciones están en su esfera de influencia o cerca de ella. Cuando seas una gran potencia, no estará de más que controles sobre qué países están intentando influir tus competidores.\nHaz clic en Siguiente para continuar.;;;;;;;;;
##### military - advanced;;;;;;;;;;;;;;
tut_1c_1;Military - Advanced;L'armée - Niveau avancé;Militär - Schlusstutorial;;Militar. Nivel avanzado;;;;;;;;;
tut_1c_2;In this section we will cover some of the more advanced concepts in Victoria 2, concepts that should be new to even old Victoria 1 players. Start by selecting one of your Belgian armies.;Cette section est consacrée aux notions les plus complexes de Victoria 2, des notions nouvelles pour tous les joueurs (y compris ceux de la version précédente). Commencez par sélectionner une de vos armés belges.;In diesem Abschnitt behandeln wir einige weiterführende Konzepte von Victoria 2, die selbst Victoria 1-Veteranen neu sein dürften. Beginnen Sie durch die Auswahl einer Ihrer belgischen Armeen.;;En esta sección revisaremos algunos de los conceptos más avanzados de Victoria 2. Estos conceptos son nuevos incluso para los jugadores del anterior título de Victoria. Empecemos seleccionando uno de tus ejércitos belgas.;;;;;;;;;
tut_1c_3;The Army to Population Link;Le lien entre armée et population;Die Verbindung zwischen Armee und Bevölkerung;;El vínculo del ejército con la población;;;;;;;;;
tut_1c_4;In Victoria 2 each army you build requires a POP (grouping of part of your population) to recruit it from. Notice that all the brigades in your army have an icon representing a soldier next to them. This represents that this unit is connected to a particular soldier POP. Most of your units are connected to soldiers, the exception being if you mobilize your nation for total war.;Dans Victoria 2, chaque armée que vous créez doit recruter ses troupes au sein d'un POP. Notez que tous les régiments de votre armée possèdent une icône accompagnée d'un soldat qui indique que l'unité en question est liée à un POP particulier de soldats. La plupart de vos unités sont associées à des soldats, sauf si vous mobilisez votre nation pour une guerre totale.;In Victoria 2 wird zur Aufstellung jeder Armee eine BEV (eine Bevölkerungsgruppierung) benötigt. Beachten Sie, dass alle Regimenter in Ihrer Armee neben sich ein Soldatensymbol haben. Die zeigt an, dass die betreffende Einheit mit einer speziellen Soldaten-BEV verbunden ist. Die meisten Ihrer Einheiten sind mit Soldaten-BEVs verbunden, es sei denn, Sie mobilisieren Ihre Nation für den totalen Krieg.;;En Victoria 2, cada ejército que crees necesita una población (un grupo de ciudadanos de tu país) donde reclutar. Fíjate en que todas las brigadas de tu ejército tienen un icono que representa a un soldado cerca de ellas. Esto representa que esta unidad está vinculada a la población concreta de este soldado. La mayor parte de tus unidades están conectadas a soldados, a excepción de que movilices a toda la población para una guerra total.;;;;;;;;;
tut_1c_5;In Victoria 2 this connection is very real. As the army takes losses these losses will spread to the pop its connected to, if the pop revolt so will its attached units. You should keep this in mind especially if you mobilize a large part of your nation and then send them to die in the trenches. Click next to continue.;Dans Victoria 2, ce lien est tout à fait réel. À mesure que l'armée subit des pertes, celles-ci se répercutent sur le POP correspondant. Si le POP se révolte, les unités associées se révoltent également. Gardez bien cette notion en tête, notamment si vous mobilisez une grande partie de votre population pour l'envoyer mourir dans les tranchées. Cliquez sur Suivant pour continuer.;In Victoria 2 ist diese Verbindung äußerst real. Wenn eine Armee Verluste erleidet, erreichen diese Verluste auch ihre BEV, und wenn die BEV revoltiert, gilt dies auch für die mit ihr verbundenen Einheiten. Dies sollten Sie im Hinterkopf behalten, und zwar vor allem, wenn Sie einen großen Teil Ihrer Nation mobilisieren und sie dann zum Sterben in die Schützengräben schicken. Klicken Sie zum Fortfahren auf Weiter.;;En victoria 2 esta conexión es muy importante. A medida que el ejército sufre bajas, estas se propagarán por la población a la que está conectado. Si la población se revela, también lo harán las unidades conectadas a ella. Esto es algo que tendrás que tener muy en cuenta si movilizas a una gran parte de tu población y la envías a morir a las trincheras Haz clic en Siguiente para continuar.;;;;;;;;;
tut_1c_6;Supplies;Ravitaillements;Nachschub;;Suministros;;;;;;;;;
tut_1c_7;Your units also require supplies to fight, things like Small Arms and Canned Food for armies, and Clipper Convoys for fleets. These must be bought off the market by your government, this can be be automatically done (default) or manually from the trade screen. Hover your mouse over the supply bar to find out what this army needs and if it is getting it.\nClick next to continue.;Vos unités ont également besoin d'être ravitaillées pour combattre, notamment en armes légères et en conserves pour les armées ou en convois de voiliers marchands pour les flottes. Ces ressources doivent être achetées sur le marché par votre gouvernement, automatiquement (par défaut) ou manuellement à partir de l'écran Commerce. Passez la souris sur la barre de ravitaillement pour identifier les besoins de cette armée et déterminer s'ils sont satisfaits.\nCliquez sur Suivant pour continuer.;Zur Beibehaltung ihrer Kampfbereitschaft müssen Ihre Einheiten mit Gütern wie Handfeuerwaffen und Konserven versorgt werden. Flotten benötigen Klipper-Konvois. Diese Güter muss Ihre Regierung auf dem Markt kaufen, was automatisch (Voreinstellung) oder manuell (über den Handelsbildschirm) ablaufen kann. Wenn Sie Ihren Mauszeiger auf die Nachschubleiste bewegen, sehen Sie, was diese Armee benötigt, und ob sie es auch bekommt.\nKlicken Sie zum Fortfahren auf Weiter.;;Además, tus unidades necesitan suministros para luchar. Bienes como las Armas ligeras y Conservas para los ejércitos o Convoy de clíperes para las armadas. Tu gobierno tiene que comprar estas cosas en el mercado. Esto se puede hacer de forma automática (por defecto) o de forma manual desde la pantalla de comercio. Pasa tu ratón por encima de la barra de suministros para descubrir qué necesita este ejército y si lo está obteniendo.\nHaz clic en Siguiente para continuar.;;;;;;;;;
tut_1c_8;Revolts;Révoltes;Revolten;;Revueltas;;;;;;;;;
REMOVE_tut_1c_9;As we said before, should a pop with soldiers attached to it rebel the regiments will rebel with it. As you can see one of our regiments have a rebel faction icon, this means that its POP is a member of a faction. This is very dangerous. One way to check the status of this pop and what its issues are is to click the pop icon in the unit view to open the Population view. Click next to continue.;Comme mentionné précédemment, si un POP auquel sont liés des soldats se rebelle, les régiments se rebelleront également. Un de vos régiments possède une icône de faction rebelle, ce qui indique que son POP est membre d'une faction. C'est très dangereux. Pour consulter le statut de ce POP et connaître ses revendications, cliquez sur l'icône du groupe dans la vue Unité afin d'ouvrir la vue Population. Cliquez sur Suivant pour continuer.;Wie bereits gesagt: Sollte eine mit Soldaten verbundene BEV rebellieren, so gilt dies auch für die mit ihr verbundenen Regimenter. Wie Sie sehen können, trägt eines unserer Regimenter ein Rebellenfraktionssymbol. Das heißt, dass ihre BEV zu einer Rebellenfraktion gehört, und das ist eine sehr gefährliche Angelegenheit. Den Status dieser BEV und ihre Probleme können Sie durch Anklicken des BEV-Symbols im Einheitenbildschirm überprüfen, worauf der Bevölkerungsbildschirm aufgerufen wird. Klicken Sie zum Fortfahren auf Weiter.;;Como dijimos antes, si una población con soldados vinculados a ella se rebela, los regimientos también se rebelarán con ella. Como puedes ver, uno de nuestros regimientos tiene un icono de facción rebelde. Esto significa que su población es un miembro de la facción. Esto es muy peligroso. Una manera de comprobar el estado de esta población y cuáles son sus preocupaciones consiste en hacer clic en el icono de la población en la vista de la unidad para abrir la vista de población. Haz clic en Siguiente para continuar.;;;;;;;;;
##### Production - Advanced;;;;;;;;;;;;;;
tut_2c_1;Production - Advanced;L'industrie - Niveau avancé;Industrie - Schlusstutorial;;Producción. Nivel avanzado;;;;;;;;;
tut_2c_2;Now we shall now go into some of the more advanced concepts dealing with how goods are produced and how the profits are shared. Let's first click the Production button in the top bar;Nous allons maintenant aborder quelques notions complexes sur la production des marchandises et le partage des bénéfices. Commencez par cliquer sur le bouton Production de la barre supérieure.;Nun werden wir Ihnen einige weiterführende Konzepte vorstellen, wie Güter produziert und Profite verteilt werden. Klicken Sie zuerst in der Kopfleiste auf den Produktionsreiter.;;Ahora contemplaremos algunos de los conceptos más avanzados sobre la producción de bienes y el reparto de los beneficios. Haz clic en el botón de Producción en la barra superior.;;;;;;;;;
tut_2c_3;The Artisan;L'artisan;Handwerker;;El Artesano;;;;;;;;;
tut_2c_4;Factories are not the only way we can produce goods in Victoria 2. In this tab, the Production Tab, you can see all goods types that are produced. Notice that some of them have a small artisan icon next to them, this means that the goods is produced by an artisan.;Les usines ne sont pas les seules à produire des biens dans Victoria 2. Cet onglet, Production, présente tous les types de biens produits. Notez que certains biens sont accompagnés d'une petite icône représentant un artisan pour indiquer qu'ils sont produits par un artisan.;Fabriken sind in Victoria 2 nicht der einzige Weg zur Güterproduktion. Im Produktionsreiter sehen Sie alle Gütertypen, die produziert werden. Beachten Sie, dass sich neben einigen ein kleines Handwerkersymbol befindet. Dies bedeutet, dass diese Güter von einem Handwerker produziert werden.;;Las fábricas no son el único medio por el que podemos producir bienes en Victoria 2. Aquí, en la pestaña de Producción, puedes ver todos los tipos de bienes que se están produciendo. Observa que algunos de ellos tienen cerca un pequeño icono de artesano. Esto significa que ese bien lo produce un artesano.;;;;;;;;;
tut_2c_5;Artisans don't work in a factory or RGO, instead they buy the goods they need on the market and turn them into other goods which they then sell, the proceeds then goes towards buying new inputs and providing the artisan with his daily needs.\nThe artisans are the main producers of secondary goods at the start of the game but as the game progress they will be squeezed out by factories that benefit from new technology.\nLet's move onto profit sharing, press next.;Les artisans ne travaillent pas dans les usines ou EAM. Ils achètent les matières premières dont ils ont besoin sur le marché et les transforment en autres marchandises pour les vendre. Les bénéfices dégagés leur permettent d'acheter de nouvelles matières premières et de satisfaire leurs besoins quotidiens.\nAu début du jeu, les artisans sont les principaux producteurs de marchandises transformées, mais au fil du jeu, ils sont devancés par les usines qui bénéficient des nouvelles technologies.\nCliquez sur Suivant pour passer au partage des bénéfices.;Handwerker arbeiten nicht in Fabriken oder RGOs. Stattdessen kaufen sie sich die benötigten Güter auf dem Markt und fertigen aus ihnen andere Güter, die sie dann verkaufen. Den Erlös verwenden sie zum Kauf neuer Inputs und zur Deckung ihrer täglichen Bedürfnisse.\nBei Spielbeginn sind die Handwerker die Hauptproduzenten sekundärer Güter, aber im weiteren Spielverlauf werden sie von den Fabriken verdrängt, die von neuen Technologien profitieren.\nKlicken Sie zum Fortfahren mit der Gewinnbeteiligung auf Weiter.;;Los artesanos no trabajan en ninguna fábrica o TOR. En lugar de eso, compran los bienes que necesitan en el mercado y los convierten en otros bienes que venden posteriormente. Lo que hay que hacer es comprar nuevas materias primas para cubrir las necesidades diarias de los artesanos.\nEste sector se encarga de la producción principal de bienes secundarios al principio del juego pero, más tarde, serán presionados por las fábricas que se benefician de nuevas tecnologías.\nPasemos al reparto de beneficios. Haz clic en Siguiente.;;;;;;;;;
tut_2c_8;Income and Profit Sharing;Partage des revenus et des bénéfices;Einnahme und Gewinnbeteiligung;;Ingresos y reparto de beneficios.;;;;;;;;;
tut_2c_9;Much like the artisans, the factories and RGOs are dependent on selling their goods on the market to keep them running. The difference between how much money they earn and how much money they pay for inputs (none for RGOs) is profit, this profit is then shared among these groups:;Comme les artisans, les usines et les EAM doivent vendre leur production sur le marché pour poursuivre leur activité. La différence entre ce qu'elles gagnent et ce qu'elles dépensent dans l'achat de matières premières (aucune pour les EAM) s'appelle les bénéfices. Ces bénéfices sont ensuite partagés entre les groupes suivants :;Wie die Handwerker hängen Fabriken und RGOs vom Verkauf ihrer Güter auf den Märkten ab. Der Differenzbetrag zwischen ihren Einnahmen und dem Geld, das sie (außer RGOs) für ihre Inputs zahlen, ist der Gewinn, der dann unter den folgenden Gruppen aufgeteilt wird:;;De forma parecida a la de los artesanos, las fábricas y TOR dependen de vender sus bienes en el mercado para seguir funcionando. La diferencia entre lo que ganan y lo que gastan en materias primas (en el caso de los TOR, nada) es el beneficio. Este beneficio se comparte entre:;;;;;;;;;
tut_2c_10;The Owners - Aristocrats are the owners of RGOs, capitalists are the owners of factories. These give a small bonus to output and in return take a proportionally large chunk of the income. This chunk is then distributed equally among the owners in the state.;Les propriétaires : les EAM sont détenues par les aristocrates et les usines par les capitalistes. Ceux-ci améliorent la productivité et, en échange, s'octroient une part des revenus. Cette part est ensuite distribuée de manière équitable entre les différents propriétaires de l'État.;Die Besitzer - Aristokraten sind die Besitzer von RGOs, Kapitalisten sind die Besitzer von Fabriken. Diese geben einen geringen Bonus auf die Leistung und sichern sich dafür ein großen Teil der Einnahmen. Dieser Betrag wird dann gleichmäßig unter den Besitzern im Staat verteilt.;;Los propietarios. Los aristócratas son los dueños de los TOR y los capitalistas son los dueños de las fábricas. Estos dan una pequeña bonificación a la producción y, a cambio, se llevan una gran porción de los ingresos. Esta porción se distribuye de manera equitativa entre los propietarios del estado.;;;;;;;;;
tut_2c_11;The Workers - Farmers or laborers for RGOs and craftsmen and clerks for factories. The workers of the particular factory or RGO share what remains of the profit (minimum wage reform would influence this) among themselves and use this to buy their needs.;Les travailleurs : il s'agit des fermiers et des mineurs des EAM ainsi que des ouvriers et employés de bureau des usines. Les travailleurs d'une usine ou d'une EAM donnée se partagent ce qu'il reste des bénéfices (part pouvant évoluer grâce à une réforme du salaire minimum) et dépensent cet argent pour satisfaire leurs besoins.;Die Arbeiter - Bauern oder Arbeiter für RGOs und Facharbeiter und Angestellte für Fabriken. Die Arbeiter von Fabriken oder RGOs teilen sich den Rest des Profits (dies würde von der Reform Mindestlohn reduziert werden) und decken mit ihren Gehältern ihre Bedürfnisse.;;Los trabajadores. Los granjeros o jornaleros en los TOR y los obreros y oficinistas en las fábricas. Los trabajadores de esa fábrica o TOR en particular comparten lo que queda del beneficio (la reforma del salario mínimo puede influir en ello) y lo usan para comprar lo que necesitan.;;;;;;;;;
tut_2c_12;Sometimes a factory needs a little help from the player, click next to find out about this.;Parfois, une usine a besoin de l'aide du joueur. Cliquez sur Suivant pour en savoir plus.;Manchmal benötigt eine Fabrik etwas Hilfe von Ihnen. Klicken Sie auf Weiter, um mehr darüber herauszufinden.;;A veces, una fábrica necesita una pequeña ayuda por parte del jugador. Haz clic en Siguiente para saber acerca de esto.;;;;;;;;;
tut_2c_13;Factory Subsidies;Subventions aux usines;Fabriksubventionen;;Subsidios a fábricas;;;;;;;;;
tut_2c_14;A factory might be showing a loss but you may still want to keep it open. You can do this either to keep up production of important strategic materials or just as a way keep the workers happy. The money needed to keep the factory from making a loss is deducted from your treasury. Start subsidizing your cloth factory by checking its subsidies check box;Vous pouvez souhaiter qu'une usine qui travaille à perte reste malgré tout opérationnelle afin de poursuivre la production de matières premières stratégiques ou simplement pour contenter les travailleurs. Les fonds nécessaires au renflouement de l'usine sont déduits de votre trésor. Commencez à subventionner votre usine de tissus en cochant la case correspondante.;Auch wenn eine Fabrik defizitär arbeitet, ist es für Sie eventuell trotzdem interessant, ihren Betrieb zu sichern. Sie können einschreiten, um die Produktion wichtiger strategischer Materialien zu sichern oder um die Arbeiter glücklich zu halten. Das Geld, das Sie dafür aufwenden, die Fabrik vor Verlusten zu schützen, wird aus Ihrer Staatskasse abgezogen. Starten Sie die Subventionierung Ihrer Stofffabrik, indem Sie ihr Fabriksubventions-Kontrollkästchen anwählen.;;Una fábrica puede sufrir pérdidas y, aún así, te interesa que permanezca abierta. Puedes hacer esto, o bien para mantener la producción de materiales estratégicos, o bien para mantener contentos a los trabajadores. El dinero necesario para evitar que la fábrica tenga pérdidas se deduce de tu tesorería. Comienza a dar un subsidio a tu empresa textil marcando su casilla de subsidio de fábrica.;;;;;;;;;
##### Budget Advanced;;;;;;;;;;;;;;
tut_3c_1;Budget - Advanced Level;Le budget - Niveau avancé;Haushalt - Schlusstutorial;;Presupuesto. Nivel avanzado;;;;;;;;;
tut_3c_2;In this section we will go through some of the more advanced concepts in the budget such as gold and government employees. Let's open the Budget View.;Cette section est consacrée aux notions avancées relatives au budget, comme l'or et les fonctionnaires. Ouvrez la vue Budget.;In diesem Abschnitt behandeln wir einige weiterführende Haushaltskonzepte wie Gold und Regierungsangestellte. Rufen wir nun den Haushaltsbildschirm auf.;;En esta sección revisaremos algunos de los conceptos más avanzados de los presupuestos, como el oro y los empleados gubernamentales. Abre la vista de Presupuesto.;;;;;;;;;
tut_3c_3;Government Expenses - livelihood of the bureaucracy.;Dépenses du gouvernement : salaires des bureaucrates.;Regierungsausgaben - Unterhalt der Bürokratie.;;Gastos del gobierno. Costes de la burocracia.;;;;;;;;;
tut_3c_4;Most of the expense sliders are used to pay various employees of your state, all the money paid into these expenses is shared equally amongst the POPs of this type. The pops will do their job just as well no matter how much you pay them, however if you don't pay them enough they will start to leave for other jobs or even rebel. If you on the other hand pay them well, more people will seek employment among their ranks. This means that if you want more, say, soldiers, or bureaucrats, you increase the funding for that category, but you must watch yourself so that it doesn't become too bloated. Let's go through your government employees, click next to continue.;La plupart des curseurs de dépenses servent à payer les différents employés de votre État. Toutes ces dépenses sont équitablement partagées entre les POP de ce type. Quel que soit leur salaire, les POP feront leur travail, mais si vous ne les payez pas suffisamment, ils quitteront leur emploi pour un autre ou deviendront rebelles. En revanche, si vous les payez bien, d'autres tenteront de rejoindre leurs rangs. Ainsi, s'il vous faut davantage de soldats ou de bureaucrates, vous devez augmenter les financements de cette catégorie tout en veillant à garder des effectifs raisonnables. Passons aux fonctionnaires. Cliquez sur Suivant pour continuer.;Mit den meisten Haushalts-Schiebereglern werden die verschiedenen Angestellten Ihres Staats bezahlt. Das Geld, das in diese Ausgaben gesteckt wird, teilen sich alle BEVs dieses Typs zu gleichen Teilen. Die Bevs erledigen ihre Aufgaben unabhängig davon, wie viel Sie ihnen zahlen, aber wenn Sie ihnen nicht genug zahlen, suchen sie sich besser bezahlte Berufe oder rebellieren gar. Wenn Sie sie dagegen gut bezahlen, werden sich mehr Menschen bemühen, dieselben Berufe zu ergreifen. Wenn Sie also mehr Soldaten oder Bürokraten benötigen, können Sie die Finanzierung für diese Kategorie erhöhen. Passen Sie aber auf, dass Sie sich bei Ihren Ausgaben nicht übernehmen. Nun wollen wir uns einmal Ihre Regierungsangestellten anschauen. Klicken Sie zum Fortfahren auf Weiter.;;La mayor parte de los controles deslizantes de gasto se utilizan para pagar a diversos empleados de tu estado. Todo el dinero que se emplea en estos gastos se comparte a partes iguales entre las poblaciones de este tipo. Las poblaciones harán su trabajo igual de bien independientemente de cuánto les pagues. Sin embargo, si no les pagas suficiente, empezarán a marcharse a otros trabajos o incluso podrían rebelarse. Por otro lado, si les pagas bien, cada vez habrá más gente que buscará empleo entre sus filas. Esto significa que si quieres más soldados o burócratas, por ejemplo, debes aumentar los fondos para esa categoría, pero debes tener cuidado de que no se expandan demasiado. Vamos a revisar tus empleados gubernamentales. Haz clic en Siguiente para continuar.;;;;;;;;;
tut_3c_5;Education;Éducation;Bildung;;Educación;;;;;;;;;
tut_3c_6;Our education budget pays the Clergy representing the educators. They both teach your population to read as well as teach them the way of politics.;Le budget de l'éducation permet de payer le clergé qui comprend les enseignants. Ceux-ci apprennent à lire à votre population et lui transmettent les rudiments de la politique.;Aus unserem Bildungshaushalt werden die Geistlichen bezahlt, die Ihre Bevölkerung unterrichten. Sie bringen Ihrer Bevölkerung Lesen und Schreiben bei und unterrichten sie über Politik.;;Nuestro presupuesto de educación paga al clero para que eduque a la población. Ellos enseñan a la población a leer y el funcionamiento de la política.;;;;;;;;;
tut_3c_7;Reducing Consciousness - Having clergy present in a province will cause the local POPs to have a reduced consciousness gain. This effect is higher on poor strata pops.;Réduction de la conscience nationale : en présence du clergé dans une province, le gain de conscience nationale des POP locaux est réduit. Cet effet est plus marqué sur les classes sociales défavorisées.;Reduziertes Bewusstsein - Wenn es in einer Provinz Geistliche gibt, steigt das Bewusstsein der lokalen BEVs langsamer an. Dieser Effekt ist bei BEVs aus der Armenschicht stärker.;;Reducir conciencia. Tener clero presente en una provincia hará que las poblaciones locales vuelvan a tener un valor de conciencia reducida. Este efecto es mayor en las poblaciones de estratos pobres.;;;;;;;;;
tut_3c_8;Increasing literacy - Having clergy present in a province will cause literacy to increase in a province. When the clergy reaches 4% of the population more clergy will not make any difference.;Augmentation du taux d'alphabétisation : la présence du clergé entraîne une hausse du taux d'alphabétisation dans la province. Lorsque le clergé atteint 4% de la population, une augmentation supplémentaire de ses membres ne fait aucune différence.;Steigende Alphabetisierung - Wenn es in einer Provinz Geistliche gibt, steigt die lokale Alphabetisierung. Wenn die Geistlichen 4% der Bevölkerung ausmachen, haben zusätzliche Geistliche keinen Effekt mehr.;;Aumentar alfabetización. Tener clero presente en una provincia hará que aumente la alfabetización en una provincia. Cuando este alcance el 6% de la población, si añades aún más ya no supondrá ninguna diferencia.;;;;;;;;;
tut_3c_9;Click next to move on to the Administration;Cliquez sur Suivant pour passer à l'administration.;Klicken Sie zum Fortfahren mit der Verwaltung auf Weiter.;;Haz clic en Siguiente para revisar la Administración.;;;;;;;;;
tut_3c_10;Administration;Administration;Verwaltung;;Administración;;;;;;;;;
tut_3c_11;Our administrative budget pays our bureaucrats, those who make a modern state function. These have a number of effects:;Votre budget administratif vous permet de payer les bureaucrates indispensables au bon fonctionnement d'un État moderne. Ceux-ci ont différents effets :;Aus unserem Verwaltungshaushalt werden unsere Bürokraten bezahlt, ohne die ein moderner Staat nicht funktionieren kann. Bürokraten haben eine Reihe von Effekten:;;Nuestro presupuesto administrativo paga a nuestros burócratas, que hacen que funcione un estado moderno. Estos tienen una serie de efectos:;;;;;;;;;
tut_3c_12;Administrative Efficiency - Your national administrative efficiency affects how effective your tariffs are and how effective your social reforms are. What decides this efficiency is your technology and the percentage of your population that are bureaucrats. The number of bureaucrats you need for maximum efficiency is increased for each social reform you pass, the more social reforms there are to administer, the more bureaucrats you need. To check out how many bureaucrats you need, hover your mouse over the bureaucrat percentage.;Efficacité administrative : votre efficacité administrative nationale détermine l'efficacité de vos droits de douane et de vos réformes sociales. Cette efficacité dépend de votre technologie et du pourcentage de bureaucrates de votre population. Le nombre de bureaucrates nécessaire pour bénéficier d'une efficacité maximum augmente à chaque nouvelle réforme sociale. Plus les réformes sociales sont nombreuses à gérer, plus vous avez besoin de bureaucrates. Pour savoir combien de bureaucrates vous sont nécessaires, passez la souris sur l'icône qui les représente.;Verwaltungseffizienz - Ihre nationale Verwaltungseffizienz beeinflusst, wie effizient Ihre Zölle und Sozialreformen sind. Diese Effizienz wird von Ihrer Technologie entschieden, und vom prozentualen Anteil von Bürokraten an Ihrer Bevölkerung. Die Anzahl der Bürokraten, die Sie für maximale Effizienz benötigen, erhöht sich mit jeder Sozialreform: Je mehr davon es zu verwalten gibt, desto mehr Bürokraten benötigen Sie also. Bewegen Sie Ihren Mauszeiger auf das Bürokratensymbol, wenn Sie wissen möchten, wie viele Bürokraten Sie benötigen.;;Eficacia administrativa. Este factor afecta a lo eficaces que son tus aranceles y lo profundas que son tus reformas sociales. Lo que decide esta eficiencia es tu tecnología y el porcentaje de burócratas que tiene tu población. El número de burócratas necesario para una eficiencia máxima aumenta con cada reforma social que apruebas. Cuantas más haya que administrar, más burócratas necesitarás. Para comprobar cuántos burócratas necesitas, pasa el ratón por encima del porcentaje de burócratas.;;;;;;;;;
tut_3c_13;To best use your bureaucrats you should try to keep that at its optimal percentage. How well you manage this will depend on how you manage your administrative budget, and on how happy your population is with their other job opportunities. Let's move on, click next.;Pour une bonne utilisation de vos bureaucrates, vous devez vous efforcer de maintenir un pourcentage optimal. Cela dépendra de la façon dont vous gérez votre budget administratif et de ce que pense votre population des opportunités d'emploi disponibles. Cliquez sur Suivant pour continuer.;Versuchen Sie, den optimalen Prozentwert für Bürokraten beizubehalten. Ob Sie dies schaffen können, hängt davon ab, wie gut Sie Ihren Verwaltungshaushalt verwalten und wie glücklich Ihre Bevölkerung mit denen sich ihr bietenden Berufschancen ist. Klicken Sie zum Fortfahren auf Weiter.;;La mejor manera de usar a tus burócratas es intentar mantenerlos en un porcentaje óptimo. Lo bien que gestiones esto dependerá de como gestiones tu presupuesto administrativo y de lo feliz que esté tu población con sus otras oportunidades laborales. Haz clic en Siguiente.;;;;;;;;;
tut_3c_14;Social Spending;Dépenses sociales;Sozialausgaben;;Gasto social;;;;;;;;;
tut_3c_15;Social spending funds your reforms. This money is not paid to any state employees but rather to the beneficiaries of particular reforms. Unemployment Subsidies are paid to unemployed POPs while Pensions are shared equally among all POPs. As you can see Belgium's costs are 0 since we do not have these reforms. Let's leave expenses and move on to Gold. Click next.;Les dépenses sociales financent vos réformes. Cet argent n'est pas versé aux fonctionnaires, mais aux bénéficiaires des réformes. Les allocations chômage sont versées aux chômeurs tandis que les pensions sont partagées entre tous les POP. Comme vous pouvez le constater, en Belgique, ces dépenses sont nulles, car vous n'y avez entrepris aucune réforme. Penchons-nous maintenant sur l'or. Cliquez sur Suivant.;Sozialausgaben finanzieren Ihre Reformen. Diese Gelder gehen nicht an Staatsbedienstete, sondern an die Nutznießer bestimmter Reformen. Arbeitslosenunterstützung wird an arbeitslose BEVs gezahlt, während Renten unter allen BEVs verteilt werden. Wie Sie sehen, belaufen sich Belgiens Kosten auf 0, da wir diese Reformen nicht haben. Verlassen wir nun die Ausgaben und fahren mit dem Gold fort. Klicken Sie auf Weiter.;;El gasto social es lo que financia tus reformas. Este dinero no se paga a ningún empleado estatal, sino a los beneficiarios de determinadas reformas. Las poblaciones desempleadas reciben subsidios de desempleo y las pensiones se reparten de forma equitativa entre todas las poblaciones. Como puedes ver, los costes de Bélgica son 0, ya que no tenemos esas reformas. Dejemos estos gastos y pasemos al oro. Haz clic en Siguiente.;;;;;;;;;
tut_3c_16;Gold;Or;Gold;;Oro;;;;;;;;;
tut_3c_17;Precious metals are a special kind of trade goods in the way that they are not sold on the World Market but directly converted to money and given both to their employees and the nation that controls the mine. Note that this is the only way money will enter the Victoria 2 economy, and if global production does not increase this will have an inflationary effect.\nNow let's investigate the loan system deeper, click next to continue;Les métaux précieux sont des marchandises à part, car ils ne se vendent pas sur le marché mondial, mais sont directement convertis en monnaie versée aux employés de la mine et à l'État qui contrôle celle-ci. Notez qu'il s'agit du seul vecteur d'entrée d'argent dans l'économie de Victoria 2. Par conséquent, si la production globale n'augmente pas, il y a inflation.\nIntéressons-nous de plus près au système des emprunts. Cliquez sur Suivant pour continuer.;Edelmetall ist ein Spezialgut, weil es nicht auf dem Weltmarkt verkauft, sondern direkt in Geld umgewandelt wird. Aus diesem Betrag erhalten die Minenarbeiter ihr Gehalt, außerdem wird davon der Staat entschädigt, der die betreffende Mine kontrolliert. Beachten Sie, dass dies der einzige direkte Geldzufluss in das Wirtschaftssystem von Victoria 2 ist, und wenn die globale Produktion nicht anzieht, wird dies einen inflationären Effekt haben.\nJetzt wollen wir uns aber näher mit dem Darlehenssystem befassen. Klicken Sie zum Fortfahren auf Weiter.;;Los metales preciosos son un tipo de bienes comerciales especiales. No se venden en el mercado mundial, sino que se convierten directamente en dinero que se entrega a sus empleados y a la nación que controla la mina. Fíjate en que esta es la única forma en la que el dinero entra en la economía de Victoria 2. Si la producción global no aumenta, esto tendrá un efecto de inflación.\nAhora, investiguemos un poco más a fondo el sistema de préstamos. Haz clic en Siguiente para continuar.;;;;;;;;;
tut_3c_18;Loans;Emprunts;Darlehen;;Préstamos;;;;;;;;;
tut_3c_19;As we said previously in this tutorial, a nation can always take loans from the world bank. Since we already said that gold is the only way money can enter the economy we should say something about where the money you borrow comes from.;Comme mentionné précédemment dans ce didacticiel, une nation peut emprunter de l'argent à la banque mondiale. De plus, l'or est le seul vecteur d'entrée d'argent dans l'économie. Il est donc temps de découvrir d'où vient l'argent que vous empruntez.;Wie bereits in diesem Tutorial erwähnt, kann eine Nation stets von der Weltbank ein Darlehen aufnehmen. Da wir bereits erläutert haben, dass Gold die einzige Möglichkeit für Geld ist, in die Wirtschaft zu gelangen, sollten wir nun untersuchen, woher das Geld kommt, das Sie in Form von Darlehen aufnehmen können.;;Como ya comentamos previamente en este tutorial, una nación siempre puede recibir préstamos del banco mundial. Como ya hemos dicho que el oro es el único dinero que puede entrar en la economía, debemos decir algo acerca de la procedencia del dinero de los préstamos.;;;;;;;;;
tut_3c_20;As POPs make money they put some of this into the national bank. When a country needs to borrow money these money is taken from the different national banks, first your own and then the others in order of size. If you haven't already taken a loan, do so and press next.;À mesure qu'elle gagne de l'argent, la population en place une partie à la banque nationale. Lorsqu'un pays a besoin d'argent, il en emprunte aux différentes banques nationales, d'abord à la sienne, puis aux autres (par ordre d'importance). Si vous n'avez encore souscrit aucun emprunt, faites-le, puis cliquez sur Suivant.;Da BEVs Geld verdienen, sparen sie einen Teil davon in der Nationalbank. Wenn ein Land Geld leihen muss, kommt dies von den Nationalbanken verschiedener Länder: Zuerst von Ihrer eigenen, dann nach Landesgröße gestaffelt. Wenn Sie noch kein Darlehen aufgenommen haben, so tun Sie dies jetzt und klicken dann zum Fortfahren auf Weiter.;;A medida que las poblaciones ganan dinero, depositan parte de este en el banco nacional. Cuando un país necesita tomar dinero prestado, este dinero sale de los diversos bancos nacionales, empezando por el tuyo y continuando con los demás en función de su tamaño. Haz clic en Siguiente.;;;;;;;;;
tut_3c_21;Loans;Emprunts;Darlehen;;Préstamos;;;;;;;;;
tut_3c_22;You can see a list of countries under the 'Loans Taken' tab, these countries are the ones you have borrowed money from. As you pay interest or repay loans these money are distributed back to the POPs that lent them, in order of the fleet size of these countries.;L'onglet Emprunts dresse la liste des pays auxquels vous avez emprunté de l'argent. À mesure que vous payez les intérêts ou remboursez vos emprunts, l'argent est redistribué aux POP qui l'ont prêté, dans l'ordre d'importance de la flotte de ces pays.;Unter dem Reiter Aufgenommene Darlehen sehen Sie eine Länderliste. Von diesen Ländern haben Sie sich Geld geliehen. Durch Ihre Zinszahlungen wird dieses Geld an die BEVs zurückgezahlt, die es Ihnen geliehen haben. Die Reihenfolge wird dabei von der Flottengröße dieser Länder bestimmt.;;Bajo la pestaña 'Prestamos recibidos' hay una lista de países, que son aquellos que te han prestado dinero. A medida que pagas intereses o préstamos, ese dinero se vuelve a distribuir a las poblaciones que lo dejaron, en función del tamaño de las flotas de cada país.;;;;;;;;;
tut_3c_23;Should you not be able to pay the interest you owe, you will be considered to be in default. When this happens, the nations you owe money are able to use the power of their navy to force you to make certain economic policies enabling you to pay back. Defaulting is bad business that you should try to avoid. \nClick next to continue.;Si vous ne pouvez pas payer les intérêts de votre emprunt, vous serez considéré comme débiteur. Dans ce cas, les nations auxquelles vous devez de l'argent peuvent utiliser la puissance de leur marine pour vous obliger à adopter certaines politiques économiques afin de rembourser vos dettes. \nCliquez sur Suivant pour continuer.;Wenn Sie die geschuldeten Zinsen nicht zahlen können, geraten Sie in Zahlungsrückstand. Wenn dies geschieht, können Ihre Gläubigerländer die Macht ihrer Seestreitkräfte einsetzen, um Sie zu zwingen, bestimmte politische Entscheidungen zu treffen, die Ihre Liquidität steigern. Zahlungsrückstände sind sehr problematisch und Sie sollten daher versuchen, Sie zu vermeiden. \nKlicken Sie zum Fortfahren auf Weiter.;;Si no puedes pagar los intereses de lo que debes, se considerará que tienes deudas. Cuando esto suceda, las naciones a las que debes dinero pueden utilizar el poder de sus armadas para obligarte a implementar ciertas políticas económicas que te fuercen a pagar. Incumplir los pagos es algo muy serio que deberías intentar evitar. \nHaz clic en Siguiente para continuar.;;;;;;;;;
##### Politics - Advanced;;;;;;;;;;;;;;
tut_5c_1;Politics;Politique;Politik;;Política. Nivel avanzado;;;;;;;;;
tut_5c_2;In this section we will describe a few key concepts in the Victoria 2 politics system. Let's open the Politics Screen.;Cette section décrit quelques notions clés du système politique de Victoria 2. Ouvrez l'écran Politique.;In diesem Abschnitt beschreiben wir einige Schlüsselkonzepte des politischen Systems von Victoria 2. Rufen Sie dazu zunächst den Politikbildschirm auf.;;En esta sección describiremos algunos conceptos clave del sistema político de Victoria 2. Abre la pantalla de Política.;;;;;;;;;
tut_5c_3;Plurality;Pluralité;Pluralität;;Pluralidad;;;;;;;;;
tut_5c_4;First up is Plurality. This is a value reflecting a sort of collective want for reform in your country and the higher it gets the higher the demand for reform. There are also positive effects of having a more progressive population, such as increased research points. The plurality value will increase over time, and the rate will also increase with certain technological advances and inventions. If you hover your mouse over the plurality value you can see Belgium's current rate.\nClick next to continue.;Commençons par la pluralité. Cette valeur reflète une sorte de volonté collective de réforme dans votre pays. Plus elle est élevée, plus la demande de réforme est importante. Une population progressiste offre également des avantages, comme un nombre accru de points de recherche. La valeur de pluralité augmente au fil du temps, et plus ou moins rapidement selon les avancées technologiques et inventions. Passez la souris sur la valeur de pluralité pour connaître la situation actuelle de la Belgique.\nCliquez sur Suivant pour continuer.;Dort sehen wir zuerst die Pluralität. Dieser Wert steht für das kollektive Verlangen nach Reformen in Ihrem Land: Je höher er ist, desto höher ist der Wunsch nach Reformen. Eine progressivere Bevölkerung zu haben, hat auch positive Effekte, denn Sie erhalten zum Beispiel mehr Forschungspunkte. Der Pluralitätswert erhöht sich im Laufe der Zeit, was durch bestimmte technologische Fortschritte und Erfindungen beschleunigt werden kann. Wenn Sie Ihren Mauszeiger auf den Pluralitätswert bewegen, sehen Sie Belgiens aktuelle Erhöhungsrate.\nKlicken Sie zum Fortfahren auf Weiter.;;El primero es el de pluralidad. Se trata de un valor que refleja algo así como el deseo colectivo de reformas en tu país. Cuanto más alto sea, mayor es la demanda de reformas. Tener una población más progresista también tiene efectos positivos, como más puntos de investigación. El valor de pluralidad aumentará con el tiempo, y el ritmo al que lo hará también aumentará con ciertos avances tecnológicos e inventos. Si pasa el ratón por encima del valor de pluralidad, podrás ver el índice actual de Bélgica.\nHaz clic en Siguiente para continuar.;;;;;;;;;
tut_5c_5;Revanchism;Revanchisme;Revanchismus;;Revanchismo;;;;;;;;;
tut_5c_6;Revanchism is a value that represents anger in your population over perceived injustices at the hands of foreign nations. If you loose core territory, Revanchism will increase for example, and do so till you reconquer the land or enough time pass for your people to forget. If revanchism gets high enough this will drive your people towards Jingoism and Fascism.;La valeur de revanchisme (ou esprit de revanche) représente la colère de votre population à l'égard de ce qu'elle considère comme des injustices perpétrées par des nations étrangères. Par exemple, le revanchisme augmente si vous perdez un territoire clé, et ce, jusqu'à ce que vous le récupériez, ou que le temps passe et que votre population oublie. Si le revanchisme atteint un certain seuil, il peut mener votre population au nationalisme et au fascisme.;Revanchismus ist ein Wert, der die Verärgerung Ihrer Bevölkerung über empfundene Ungerechtigkeiten durch ausländische Nationen repräsentiert. Wenn Sie beispielsweise eine Kernprovinz verlieren, steigt der Revanchismus, bis Sie das verlorene Gebiet zurückerobert haben oder genügend Zeit vergangen ist, um den Vorfall vergessen zu können. Wenn der Revanchismus zu hoch wird, kann er Ihre Bevölkerung in Richtung Hurrapatriotismus und Faschismus treiben.;;El revanchismo es el valor que representa la indignación de tu población frente a lo que perciben como injusticias a manos de naciones extranjeras. Por ejemplo, si pierdes algún territorio núcleo, este valor aumentará hasta que reconquistes esa tierra o pase suficiente tiempo como para que tu población olvide. Si el revanchismo sube demasiado, esto hará que tu gente se acerque a movimientos como el Jingoísmo y el Fascismo.;;;;;;;;;
tut_5c_7;The Upper House;La Chambre haute;Das Oberhaus;;La cámara alta;;;;;;;;;
tut_5c_8;The limiting factor in making new reforms in Victoria 2 is the Upper House. Depending on which parties sit in the upper house you may or may not do social and/or political reforms. Different parties have different attitudes to reforms, fascist for example will not support any reforms if the ruling party is not fascist while the conservatives would only consider reform if the militancy in the country was extremely high.;Dans Victoria 2, la Chambre haute limite l'adoption de nouvelles réformes. En fonction des partis qui y siègent, vous pouvez ou non mener des réformes sociales et/ou politiques. Les partis réagissent différemment aux réformes. Les fascistes, par exemple, ne soutiennent aucune réforme si le parti dirigeant ne partage pas leur idéologie, tandis que les conservateurs n'envisagent les réformes que si le militantisme est extrêmement fort dans le pays.;Das Oberhaus in Victoria 2 ist der einschränkende Faktor für die Verabschiedung neuer Reformen. Je nachdem, welche Partei im Oberhaus sitzen, entscheidet sich, ob Sie soziale und/oder politische Reformen verabschieden können. Die Parteien haben Reformen gegenüber unterschiedliche Ansichten: Faschisten beispielsweise unterstützen keinerlei Reformen, wenn die Regierungspartei nicht faschistisch ist, und die Konservativen ziehen Reformen nur dann in Betracht, wenn die Militanz im Land gerade extrem hoch ist.;;En Victoria 2, el factor que limita la posibilidad de nuevas reformas es la cámara alta. Según qué partidos estén en la cámara alta, es posible que puedas realizar o no determinadas reformas sociales y políticas. Los diversos partidos tienen diferentes actitudes frente a las reformas. Por ejemplo, los fascistas no apoyarán ninguna reforma si el partido gobernante no es fascista, mientras que los conservadores solo contemplarán la posibilidad de reformas si la militancia en el país es extremadamente alta.;;;;;;;;;
tut_5c_9;To the left you can see how the current Upper House of Belgium feels about reform and which ideology are represented.;À gauche figurent le sentiment de l'actuelle Chambre haute de Belgique vis-à-vis des réformes ainsi que les idéologies représentées.;Links sehen Sie, was das aktuelle Oberhaus Belgiens über Reformen denkt und welche Ideologe es repräsentiert.;;A la izquierda, puedes ver la opinión actual de la cámara alta de Bélgica acerca de las reformas y a qué ideologías representan.;;;;;;;;;
tut_5c_10;The composition of the Upper House is decided based on the Upper House political reform. Hover your mouse over the different options to get an idea on how your different parties feel about changing the current rules then click Next.;La composition de la Chambre haute dépend de la réforme politique relative à celle-ci. Passez la souris sur les options pour savoir ce que vos différents partis pensent d'un changement des règles actuelles, puis cliquez sur Suivant.;Die Zusammensetzung des Oberhauses wird durch die politische Reform Oberhaus entschieden. Bewegen Sie Ihren Mauszeiger auf die verschiedenen Optionen, damit Sie ein Gefühl dafür bekommen, wie die verschiedenen Parteien eine Veränderung der aktuellen Regeln aufnehmen würden. Klicken Sie dann auf Weiter.;;La composición de la cámara alta se decide en base a la reforma política de la cámara alta. Pasa tu ratón por encima de las diferentes opciones para hacerte una idea de la opinión de tus distintos partidos acerca de cambiar las reglas existentes. Después, haz clic en Siguiente.;;;;;;;;;
tut_5c_11;Paying for Social Reforms;Coût des réformes sociales;Finanzierung sozialer Reformen;;Pago de reformas sociales;;;;;;;;;
tut_5c_12;We institute social reforms to appease our population and make their lives easier, there is however a cost. Most social reforms will increase your need for bureaucrats, with two exceptions. Unemployment Subsidies and Pensions are paid directly to POPs to cover their basic life needs. Pensions are paid to everyone, covering up to 20% of their life needs, and Unemployment Subsidies are paid to your unemployed POPs. Let's move on, click next.;Vous instaurez des réformes sociales pour apaiser votre population et lui faciliter la vie, mais cela a un coût. La plupart des réformes sociales requièrent davantage de bureaucrates, à deux exceptions près. Les allocations chômage et les pensions sont directement versées aux POP pour couvrir leurs besoins élémentaires. Les pensions sont versées à tous et couvrent jusqu'à 20% des besoins vitaux tandis que les allocations chômage sont réservées aux chômeurs. Cliquez sur Suivant pour continuer.;Wir bringen soziale Reformen auf den Weg, um unsere Bevölkerung zu besänftigen und ihr Leben zu erleichtern. Dies bleibt für uns aber nicht ohne Kosten. Mit zwei Ausnahmen erhöhen alle Sozialreformen Ihren Bürokratenbedarf. Arbeitslosenunterstützung und Renten werden zur Deckung der grundlegenden Lebensbedürfnisse direkt an die bedürftigen BEVs ausgezahlt. Renten werden an alle ausgezahlt und decken maximal 20% der Lebensbedürfnisse, arbeitslose BEVs erhalten Arbeitslosenunterstützung. Klicken Sie nun zum Fortfahren auf Weiter.;;Las reformas sociales se llevan a cabo para apaciguar a la población y hacer más llevaderas sus vidas. Sin embargo, esto tiene un coste. La mayoría de tus reformas sociales aumentarán tu necesidad de burócratas, con dos excepciones. Los subsidios de desempleo y las pensiones se pagan directamente a las poblaciones para cubrir sus necesidades básicas. Las pensiones se pagan a todo el mundo y cubren aproximadamente un 20% de sus necesidades básicas. El subsidio de desempleo se paga a las poblaciones desempleadas. Haz clic en Siguiente.;;;;;;;;;
##### People - Advanced;;;;;;;;;;;;;;
tut_6c_1;People;Population;Die Bevölkerung;;Pueblo. Nivel avanzado;;;;;;;;;
tut_6c_2;In this segment we will talk a little about population movement, ideologies and issues. Let's first open the the population view.;Cette partie est consacrée aux déplacements, idéologies et positions politiques de la population. Ouvrez la vue Population.;In diesem Abschnitt werden wir etwas über Bewegungen, Ideologien und Probleme der Bevölkerung sprechen. Rufen Sie dazu zunächst den Bevölkerungsbildschirm auf.;;En esta sección hablaremos del movimiento de la población, las ideologías y los temas. Primero, abre la vista de población.;;;;;;;;;
tut_6c_3;Ideologies and Issues;Idéologies et positions politiques;Ideologien und Probleme;;Ideologías y temas;;;;;;;;;
tut_6c_4;All your pops support various ideologies and issues, something that will change over time. We can divide the factors that drives this into two categories:;Tous vos POP soutiennent des idéologies et positions politiques différentes qui évoluent au fil du temps. Les facteurs déclencheurs se décomposent en deux catégories :;Alle Ihrer Bevs unterstützen verschiedene Ideologien und Probleme, die sich im Laufe der Zeit ändern. Die treibenden Faktoren hierfür können in zwei Kategorien unterschieden werden:;;Todas tus poblaciones ostentan diversas ideologías y temas, algo que cambiará a lo largo del tiempo. Podemos dividir los factores que generan esto en dos categorías:;;;;;;;;;
tut_6c_5;Current situation - How well is the Pop doing at the moment. Is the pop unemployed, then it will support Unemployment Subsidies and so on;La situation actuelle de la population. Si le POP est au chômage, il soutiendra les allocations chômage, etc.;Aktuelle Situation - Wie gut es der Bev momentan geht. Wenn die BEV arbeitslos ist, befürwortet sie die Arbeitslosenunterstützung usw.;;Situación actual. Lo bien o mal que le va a la población en estos momentos. Si la población está desempleada, entonces podrá recibir subsidios de desempleo y demás.;;;;;;;;;
tut_6c_6;POP type - Different kind of pops will tend towards different directions even in the same situation. Soldiers tend to be pro military, capitalists tend to be liberal and so on.;Le type de POP : les différents types de POP auront tendance à suivre des directions différentes, y compris dans la même situation. Les soldats sont généralement militaristes, les capitalistes libéraux, etc.;BEV-Typ - Verschiedene BEV-Typen tendieren bei derselben Situation in verschiedene Richtungen. Soldaten sind meistens pro-Militär, Kapitalisten liberal eingestellt usw.;;Tipo de población. Los distintos tipos reaccionarán de formas diferentes incluso en la misma situación. Por ejemplo, los soldados tenderán a ser partidarios del militarismo y los capitalistas ser liberales.;;;;;;;;;
tut_6c_7;These kind of factors will work together and over time increase or decrease the pops support for different issues and if enough pops start swinging a certain way you might have to react, either by giving them their wish, appeasing them some other way or building a loyal military. If you hover your cursor over the pie chart next to each pop you can see how and why their ideologies and issues move.;Ces facteurs se combinent, et renforcent ou réduisent progressivement les positions politiques des POP. Si un certain nombre de groupes commencent à pencher d'un certain côté, vous pouvez être amené à réagir en satisfaisant leur volonté, en trouvant un autre moyen de les apaiser ou en créant une armée loyale. Passez la souris sur le graphique situé près de chaque POP pour en savoir plus sur l'évolution de ses idéologies et positions politiques.;Diese Art von Faktoren stehen in Wechselwirkung und erhöhen bzw. verringern die Unterstützung einer BEV für verschiedene Probleme, und wenn genügend BEVs in eine bestimmte Richtung tendieren, sollten Sie wahrscheinlich reagieren, indem Sie entweder ihre Wünsche erfüllen, sie anderweitig besänftigen oder loyale Streitkräfte aufbauen. Wenn Sie Ihren Mauszeiger auf das Kuchendiagramm neben jeder Bev bewegen, sehen Sie, wie und warum sich ihre Ideologien und Probleme verändern.;;Este tipo de factores trabajarán en combinación y, con el tiempo, aumentarán o reducirán el apoyo de las poblaciones hacia diversos temas, Si un número suficiente de poblaciones empiezan a tender hacia una cierta dirección, tendrás que reaccionar, ya sea dándoles lo que quieren, apaciguándolos de alguna otra forma o creando un ejército leal. Si pasa el cursor por encima del gráfico circular que está junto a cada población podrás ver cómo y por qué evolucionan sus ideologías y temas.;;;;;;;;;
tut_6c_8;Let's say something about Demotion and Promotion, click the icon of one of your pops in the list.;Penchons-nous sur la rétrogradation et la promotion. Cliquez sur l'icône d'un de vos POP dans la liste.;Lassen Sie uns nun über Beförderungen und Degradierungen reden. Klicken Sie zum Fortfahren in der Liste auf eine Ihrer BEVs.;;Vamos a hablar de la Promoción y Degradación. Haz clic en el icono de una de tus poblaciones de la lista.;;;;;;;;;
tut_6c_9;Promotion and Demotion;Promotion et rétrogradation;Beförderungen und Degradierungen;;Promoción y Degradación;;;;;;;;;
tut_6c_10;In Victoria 2 you do not manually change the occupation of your pops, rather some of them will choose a different occupation due to their present situation.;Dans Victoria 2, vous ne pouvez pas changer manuellement le métier de vos POP, mais ces derniers peuvent eux-mêmes choisir une autre profession si leur situation ne leur convient pas.;In Victoria 2 können Sie die Berufe Ihrer BEVs nicht manuell ändern. Eher ändern einige von ihnen ihren Beruf aufgrund ihrer aktuellen Situation.;;En Victoria 2, no cambias manualmente la ocupación de tus poblaciones, sino que alguna de ellas elegirá una ocupación diferente debido a su situación actual.;;;;;;;;;
tut_6c_11;Promotion and Demotion -  This is how many people choose to become something different. If they are doing really well they will gradually try to find jobs in their own strata or higher, if they are doing poorly they will go to the same strata or lower. If you hover your mouse over these values you can see which factors influence this particular pop.;Promotion et rétrogradation : nombre de gens qui choisissent de changer de métier. S'ils se débrouillent bien, ils essaient progressivement de trouver des emplois dans leur classe sociale ou dans la classe supérieure, sinon, ils restent dans la même classe ou sont rétrogradés à celle d'en dessous. Passez la souris sur ces valeurs pour connaître les facteurs qui influencent ce POP.;Beförderungen und Degradierungen - Der Grund, warum sich viele Bevs entscheiden, etwas anderes zu werden. Wenn es ihnen wirklich gut geht, versuchen sie schließlich, einen Beruf in ihrer eigenen oder einer höheren Gesellschaftsschicht zu finden. Wenn es ihnen schlecht geht, bleiben sie in derselben Gesellschaftsschicht oder gehen in eine niedrigere. Wenn Sie Ihren Mauszeiger auf diese Werte bewegen, sehen Sie, von welchen Faktoren die betreffende BEV beeinflusst wird.;;Promoción y degradación. Esto es cuánta gente puede elegir convertirse en algo diferente. Si les va realmente bien, gradualmente tratarán de encontrar trabajos en sus propios estratos o en superiores, y si les va mal, buscarán en el mismo estrato o en uno inferior. Si pasas el ratón sobre estos valores, puedes ver qué factores influencian a esta población particular.;;;;;;;;;
tut_6c_12;The new profession - Here you can see which professions this pop is contemplating and the scoring for each. Hover your mouse over them to get the details.;La nouvelle profession : professions envisagées par ce POP et score correspondant à chacune. Pour plus de détails, passez la souris sur celles-ci.;Der neue Beruf - Hier sehen Sie, welche Berufe sich die betreffende Bev überlegt, und die Werte für jeden. Bewegen Sie für weitere Details Ihren Mauszeiger über die jeweiligen Berufe.;;La nueva profesión. Aquí puedes ver qué profesiones está considerando la población y la puntuación de cada una. Pasa tu ratón sobre ellas para ver los detalles.;;;;;;;;;
tut_6c_13;Gradually' is the motive word for how pops change. As a player, if you are looking to have more of a certain type you need to make this profession more attractive and you need people who are willing to leave their current occupation. The best way to get a hang of it is to check up on some of your pops and see which factors influence them and then try to dampen or reinforce this.;Le changement progressif est la clé. En tant que joueur, pour augmenter vos effectifs dans une profession donnée, vous devez la rendre plus attrayante et il faut que les gens aient envie de quitter leur emploi actuel. Pour ce faire, le meilleur moyen consiste à consulter certains de vos POP pour déterminer les facteurs qui les influencent, puis tenter de freiner ou de renforcer ceux-ci.;Die Veränderung Ihrer Bevs kann wohl am besten mit allmählichem Wechsel beschrieben werden. Wenn Sie mehr von einem bestimmten Bev-Typ haben möchten, müssen Sie den betreffenden Beruf attraktiver machen und Bevs haben, die bereit sind, ihren derzeitigen Beruf aufzugeben. Den besten Überblick verschaffen Sie sich, in dem Sie sich einige Ihrer Bevs ansehen. So erfahren Sie, welche Faktoren sie beeinflussen;;Gradualmente es la palabra motriz para ver cómo cambia la población. Como jugador, si buscas tener más de un cierto tipo, necesitas hacer esta profesión más atractiva y que la gente esté dispuesta a dejar su ocupación actual. El mejor modo de conseguirlo es comprobando alguna de tus poblaciones para ver qué factores le influyen y después probar a amortiguarlos o reforzarlos.;;;;;;;;;
tut_6c_14;Let's move on to migration, click next.;Passons à la migration. Cliquez sur Suivant.;Klicken Sie nun zum Fortfahren mit der Migration auf Weiter.;;Pasemos a la emigración. Haz clic en Siguiente.;;;;;;;;;
tut_6c_15;Migration;Migration;Migration;;Emigración;;;;;;;;;
tut_6c_16;Migration in Victoria 2 work in a similar fashion to promotion: Gradual change based on the current situation of the pop. There are three kinds of migration that have different driving factors:;Dans Victoria 2, la migration fonctionne comme les promotions. Il s'agit d'un changement progressif qui dépend de la situation du POP. Il existe trois types de migration aux facteurs déclencheurs différents :;Die Migration in Victoria 2 funktioniert ähnlich wie die Beförderungen, und ändert sich allmählich, basierend auf der aktuellen Situation der betreffenden BEV. Es gibt drei verschiedene Migrationsarten, die von unterschiedlichen Faktoren getrieben werden:;;La emigración en Victoria 2 funciona de un modo muy similar a la promoción: un cambio gradual basado en la situación actual de la población. Hay tres tipos de emigración que tienen factores de base diferentes:;;;;;;;;;
tut_6c_17;Internal Migration - Migration within your country, pops moving to where the jobs are.;Migration intérieure : migration au sein de votre pays, les POP se déplaçant là où ils trouvent du travail.;Interne Migration - Migration innerhalb unseres Landes;;Emigración interna. Consiste en la emigración dentro de tu país, en la que las poblaciones se mueven a donde están los puestos de trabajo.;;;;;;;;;
tut_6c_18;External Migration - Migration to other countries, pops moving to nations that for example are more tolerant of their religion.;Migration extérieure : émigration vers d'autres pays, les POP se déplaçant vers les nations plus tolérantes envers leur religion, par exemple.;Externe Migration - Migration in andere Länder;;Emigración externa. A otros países, en las que las poblaciones se dirigen a naciones que, por ejemplo, son más tolerantes con su religión.;;;;;;;;;
tut_6c_19;Colonial Migration - Migration to and from colonies. Pops seeking a new start in a new land.;Migration coloniale : migration vers et depuis les colonies. POP cherchant à prendre un nouveau départ dans un nouveau pays.;Koloniale Migration - Migration in und aus Kolonien;;Emigración colonial. La emigración que va hacia las colonias y viene desde ellas. Son poblaciones que buscan empezar una nueva vida.;;;;;;;;;
tut_6c_20;Like Promotion these are gradual changes, and to get an idea why pops are coming and going you should sample some of your pops in this screen.\nLet's move on, click next.;Comme pour les promotions, ces changements sont progressifs. Pour comprendre pourquoi les POP vont et viennent, faites quelques essais dans cet écran.\nCliquez sur Suivant pour continuer.;Wie Beförderungen sind dies allmähliche Veränderungen, und um eine Vorstellung darüber zu bekommen, warum BEVs kommen und gehen, sollten Sie sich Ihre BEVs auf diesem Bildschirm etwas näher anschauen.\nKlicken Sie zum Fortfahren auf Weiter.;;Como en la promoción, se trata de cambios graduales, y para hacerte una idea de por qué las poblaciones van y vienen, deberías usar de muestra a algunas de tus poblaciones en esta pantalla.\nHaz clic en Siguiente.;;;;;;;;;
##### Trade - Advanced;;;;;;;;;;;;;;
tut_7c_1;Trade;Commerce;Handel;;Comercio. Nivel avanzado;;;;;;;;;
tut_7c_2;We will briefly mention go through some of the concepts that should be new to old Victoria 1 players and sum up the role of the government in trading. Let's open the Trade Interface.;Les notions abordées ici sont nouvelles pour tous les joueurs, y compris pour ceux de Victoria 1. Elles résument le rôle du gouvernement dans les échanges commerciaux. Ouvrez l'interface Commerce.;Hier werden wir kurz einige der Konzepte durchgehen, die auch Victoria 1-Veteranen neu sein sollten, und die Rolle der Regierung im Handel zusammenfassen. Dazu öffnen wir zunächst den Handelsbildschirm.;;Mencionaremos brevemente algunos de los conceptos que deberían ser nuevos para los jugadores del primer título de Victoria y resumiremos el papel del gobierno en el comercio. Abre la interfaz de Comercio.;;;;;;;;;
tut_7c_3;Government and Trading;Gouvernement et commerce;Regierung und Handel;;Gobierno y comercio;;;;;;;;;
tut_7c_4;In Victoria 2 all entities such as factories and artisans trade for themselves, this limits the governments responsibility to these things:;Dans Victoria 2, toutes les entités telles que les usines et les artisans effectuent elles-mêmes des échanges commerciaux. La responsabilité des gouvernements est donc limitée à ce qui suit :;In Victoria 2 handeln alle Einheiten wie Fabriken und Handwerker auf eigene Rechnung. Dies schränkt die Verantwortung der Regierung für die folgenden Faktoren ein:;;En Victoria 2, todas las entidades como las fábricas y los artesanos comercian por sí mismos y esto limita la responsabilidad del gobierno a estos aspectos:;;;;;;;;;
tut_7c_5;Supplying overseas provinces - To effectively use overseas provinces you need to supply them with convoys. Each province that does not have a land connection to your capital will increase the needs of convoys, if you fail to fulfill these needs the production efficiency of factories and RGOs in these provinces will suffer.;Approvisionnement des provinces d'outre-mer : pour une utilisation efficace des provinces d'outre-mer, vous devez les approvisionner avec des convois. Chaque province dépourvue de liaison terrestre avec votre capitale a besoin de convois. Si vous ne répondez pas à ses besoins, l'efficacité des usines et EAM locales en pâtira.;Versorgung von Überseeprovinzen - Zum effizienten Betrieb von Überseeprovinzen müssen Sie sich mit Konvois versorgen. Jede Provinz, die keine Landverbindung zu Ihrer Hauptstadt hat, erhöht den Bedarf an Konvois. Wenn Sie diesem Bedarf nicht entsprechen, leidet die Produktionseffizienz der Fabriken und RGOs in den betreffenden Provinzen.;;Suministros a las provincias extranjeras. Para usar con eficacia a las provincias extranjeras, necesitas suministrarlas con convoyes. Cada provincia que no tenga una conexión por tierra con tu capital aumentará la necesidad de convoyes y, si no satisfaces sus necesidades, el rendimiento de la producción de las fábricas y los TOR de tu provincia se resentirán.;;;;;;;;;
tut_7c_6;Supplying your troops - Your troops need things like canned food and guns. If they do not get enough, their efficiency will suffer.;Ravitaillement de vos troupes : vos troupes ont notamment besoin de conserves et de fusils. Si elles n'en reçoivent pas assez, elles seront moins efficaces.;Versorgung Ihrer Truppen - Ihre Truppen müssen mit Gütern wie Konserven und Handfeuerwaffen versorgt werden. Wenn sie nicht genug davon bekommen, sinkt ihre Kampfeffizienz.;;Suministros a tus tropas. Tus tropas necesitan cosas como conservas y armas. Si no tienen suficiente, su eficacia se resentirá.;;;;;;;;;
tut_7c_7;Building things - Building things like armies and factories cost goods. When you build something the needs are first taken from your stockpile, if something is missing this will be added to your government needs. Capitalists building factories will buy their own goods, you only need to supply buildings built manually.;Création et construction : la création d'armées ou la construction d'usines a un coût en marchandises. Pour toute création ou construction, les ressources nécessaires sont d'abord puisées dans vos réserves. S'il manque quelque chose, cela s'ajoute aux besoins de votre gouvernement. Les capitalistes qui construisent des usines achètent eux-mêmes les ressources dont ils ont besoin. Votre rôle se cantonne à approvisionner les bâtiments construits manuellement.;Bauprojekte - Der Bau von Armeen und Fabriken kostet Güter. Wenn Sie etwas bauen, werden die dafür erforderlichen Güter zuerst aus Ihrem Vorrat abgezogen. Wenn Sie diese Voraussetzungen nicht erfüllen können, werden die fehlenden Güter dem Bedarf Ihrer Regierung hinzugefügt. Kapitalisten bauen Fabriken mit ihren eigenen Gütern. Sie müssen nur für manuell gebaute Gebäude Güter bereitstellen.;;Construcción de elementos. La construcción de elementos como ejércitos y fábricas cuesta bienes. Cuando construyes algo, las necesidades se satisfacen primero de tu reserva y, si se pierde algo, esto se añadirá a las necesidades de tu gobierno. Los capitalistas que construyen fábricas, adquirirán sus propios bienes y tú solo tienes que suministrarles edificios construidos manualmente.;;;;;;;;;
tut_7c_8;Stockpiles - Governments may stockpile goods for their population to use, the reason for doing this is to maintain supply when you are under blockade. When you check the 'Buy from stockpile' check box, your population may buy the things in your stockpile in addition to buying from the markets, thus evading the increased costs associated with blockade.;Réserves : les gouvernements peuvent stocker des marchandises pour leur population afin de ne pas interrompre l'approvisionnement en cas de blocus. Si vous cochez la case "Permettre les achats à partir des réserves", votre population peut puiser dans vos réserves en plus de ses achats sur les marchés, ce qui évite d'aggraver le coût d'un blocus.;Vorrat - Regierungen können Güter für Ihre Bevölkerungen auf Vorrat halten. Auf diese Weise kann die Versorgung der Bevölkerung bei Blockaden gewährleistet werden. Wenn Sie das Kontrollkästchen 'Aus Vorrat kaufen' anwählen, kann Ihre Bevölkerung benötigte Güter nicht nur auf den Märkten, sondern auch aus Ihrem Vorrat kaufen und dadurch die mit Blockaden verbundenen Preisanstiege umgehen.;;Reservas. Los gobiernos pueden acumular reservas para que las use su población. La razón es que así mantienen el suministro si estás sufriendo un bloqueo. Cuando compruebes la casilla de confirmación 'Comprar de reserva', tu población puede comprar las cosas de tu reserva además de en los mercados y así evitarás el incremento de los costes asociados al bloqueo.;;;;;;;;;
tut_7c_9;Let's move on, click next.;Cliquez sur Suivant pour continuer.;Klicken Sie nun zum Fortfahren auf Weiter.;;Haz clic en Siguiente.;;;;;;;;;
tut_7c_10;Government Needs and Managing Trades;Besoins du gouvernement et gestion des échanges commerciaux;Regierungsbedarf und Handelsverwaltung;;Necesidades del gobierno y gestión del comercio;;;;;;;;;
tut_7c_11;As long as your trades are automated, your government orders match your government needs exactly. When you build a new army, the trade orders will be set to cover the increased need for example. Sometimes however we might need save money, in these cases you can click any goods in the government needs column and then uncheck the automation for that goods. After doing so you are free to set whichever trade you like.;Tant que vos échanges commerciaux sont automatisés, les commandes du gouvernement correspondent exactement à ses besoins. Lorsque vous créez une nouvelle armée, par exemple, les commandes s'adaptent à la hausse des besoins. Mais parfois, vous pouvez être amené à faire des économies. Dans ce cas, cliquez sur les marchandises de votre choix dans la colonne Besoins du gouvernement, puis désactivez l'automatisation. Vous êtes alors libre d'acheter ce que vous voulez.;So lange Ihre Handelsgeschäfte automatisiert sind, wird dem Bedarf Ihrer Regierung exakt entsprochen. Wenn Sie eine neue Armee bauen, werden die Handelsaufträge zum Beispiel zur Deckung des erhöhten Bedarfs eingestellt. Manchmal aber müssen wir Geld sparen. In diesem Fall können Sie jedes Gut in der Spalte Regierungsbedarf anklicken und seine Automatisierung aufheben. Danach können Sie Ihre Handelsgeschäfte nach Wunsch einstellen.;;Mientras tus tratos estén automatizados, las órdenes de tu gobierno y las necesidades de tu gobierno serán exactamente las mismas. Por ejemplo, cuando construyes un nuevo ejército, las órdenes comerciales se fijarán para cubrir la demanda incrementada. Sin embargo, a veces podemos necesitar ahorrar el dinero. En estos casos, haz clic en los bienes en la columna de necesidades del gobierno y, a continuación, deselecciona la automatización de esos bienes. Después de hacerlo, podrás emprender cualquier trato que quieras.;;;;;;;;;
tut_7c_12;Click next to move on.;Cliquez sur Suivant pour continuer.;Klicken Sie zum Fortfahren auf Weiter.;;Haz clic en Siguiente para continuar.;;;;;;;;;
tut_7c_13;Markets;Marchés;Märkte;;Mercados;;;;;;;;;
tut_7c_14;Finally we sum up how trading and markets work. All goods that are produced in Victoria 2 are put up for sale on the market.;Étudions maintenant le fonctionnement des échanges commerciaux et des marchés. Toutes les marchandises produites dans Victoria 2 sont mises en vente sur le marché.;Zum Schluss fassen wir zusammen, wie der Handel und die Märkte funktionieren. Alle in Victoria produzierten Güter werden auf den Märkten zum Kauf angeboten.;;Para acabar, vamos a resumir cómo funciona el comercio y los mercados. Todos los bienes que se producen en Victoria 2, salen a la venta en el mercado.;;;;;;;;;
tut_7c_15;Common Market - The first round of trading that takes place does so on the common market, the market of a country and the members of the same sphere of influence. All buyers in the market first attempts to buy from here.;Marché commun : les premières transactions s'effectuent sur le marché intérieur, marché commun à un pays et aux membres de sa sphère d'influence. Tous les acheteurs du marché essaient d'abord d'y faire leurs achats.;Binnenmarkt - Die erste Handelsrunde findet auf dem Binnenmarkt statt, dem nationalen Markt eines Landes und den Mitgliedern seiner Einflusssphäre. Alle Käufer auf dem Markt versuchen zuerst, ihre Güter dort zu kaufen.;;Mercado común. La primera ronda de comercio que tiene lugar es el mercado común, el mercado de un país y los miembros de la misma esfera de influencia. Todos los compradores del mercado tratan de comprar aquí en primer lugar.;;;;;;;;;
tut_7c_16;Export to the World Market - Anything that is not sold on the common market is exported to the world market. On this market countries and their citizens buy in the order of prestige, thus if a good is rare prestige is very important. What is not sold on the world market is then lost and producers only get paid for what they sold.;Exportations sur le marché mondial : tout ce qui n'est pas vendu sur le marché commun est exporté vers le marché mondial. Sur ce marché, les pays et leurs citoyens achètent par ordre de prestige. Le prestige s'avère donc particulièrement important pour les marchandises rares. Les invendus du marché mondial sont perdus et leurs producteurs ne sont pas payés.;Exporte auf den Weltmarkt - Alle Güter, die nicht auf dem Binnenmarkt verkauft werden, sind Exportgüter für den Weltmarkt. Auf diesem Markt kaufen Länder und ihre Bürger ihrem Prestigerang entsprechend ein. Das Prestige ist also sehr wichtig, wenn ein bestimmtes Gut nur in geringer Quantität verfügbar ist. Was nicht auf dem Weltmarkt verkauft werden kann, gilt als verloren, und Produzenten werden nur für tatsächlich verkaufte Güter bezahlt.;;Exportación al mercado mundial. Todo lo que no se vende en el mercado común se exporta al mercado mundial. En este mercado, los países y sus ciudadanos compran en orden de prestigio. Por tanto, si una mercancía es rara, el prestigio es muy importante. Lo que no se vende en el mercado mundial se pierde y a los productores solo se les paga por lo que hayan vendido.;;;;;;;;;
tut_7c_17;In conclusion, two things are very important when trying to ensure a steady supply of goods to your nation and ensuring your people get paid. Have high prestige to get your people ahead of the queue and make sure your common market is well stocked with the things needed to run your economy.;Conclusion, il existe deux points déterminants pour tenter de garantir un approvisionnement constant de marchandises à votre nation et veiller à ce que votre population soit payée : bénéficier du meilleur prestige possible pour placer votre population en tête de la file d'attente et veiller à ce que votre marché commun soit approvisionné en biens nécessaires au bon fonctionnement de votre économie.;Zusammengefasst gesagt: Es ist sehr wichtig, für Ihre Nation einen steten Güterfluss zu gewährleisten, und dafür zu sorgen, dass Ihre Bürger bezahlt werden. Sorgen Sie für hohes Prestige, damit Ihre Bürger auf dem Weltmarkt früh kaufen dürfen. Außerdem sollten Sie gewährleisten, dass Ihr Binnenmarkt den Bedarf Ihrer Wirtschaft decken kann.;;En conclusión, hay dos puntos muy importantes a tener en cuenta cuando trates de asegurarte un suministro estable de mercancías de tu nación y de asegurarte que paguen a tu gente. Tener el nivel de prestigio alto, te servirá para que tu gente esté la primera en la cola y te asegurará que tu mercado común está bien abastecido con los bienes que necesitas para manejar tu economía. ;;;;;;;;;
tut_7c_18;Click next to continue;Cliquez sur Suivant pour continuer.;Klicken Sie zum Fortfahren auf Weiter.;;Haz clic en Siguiente para continuar.;;;;;;;;;
##### Diplomacy - Advanced;;;;;;;;;;;;;;
tut_8c_1;Diplomacy;Diplomatie;Diplomatie;;Diplomacia. Nivel avanzado;;;;;;;;;
tut_8c_2;In this section we will say a few things about the specifics of War and Peace and what it means to be a Great Power, for this purpose we have switched over to playing a more powerful country: Prussia. Let's move into the Diplomatic Interface.;Cette section est consacrée à la guerre, à la paix et au statut de Grande Puissance. Nous allons ici prendre comme exemple un pays un peu plus puissant, la Prusse. Ouvrez l'interface Diplomatie.;In diesem Abschnitt werden wir noch einige Worte über die Besonderheiten von Krieg und Frieden verlieren, und was es bedeutet, eine Großmacht zu sein. Aus diesem Grund haben wir nun zu einem etwas mächtigeren Land gewechselt: Preußen. Rufen Sie nun das Diplomatie-Interface auf.;;En esta sección, te comentaremos algunas cosas sobre las características de la guerra y de la paz y lo que significa ser una gran potencia. Con este propósito, ahora jugarás con un país más poderoso, Prusia. Pasemos a la interfaz diplomática.;;;;;;;;;
tut_8c_3;Great Powers;Grandes puissances;Großmächte;;Grandes potencias;;;;;;;;;
tut_8c_4;Notice the eight countries in the upper left corner, these are the Great Powers. You can see that we are one of them.;Les huit pays situés en haut à gauche de l'écran sont les Grandes Puissances. La Prusse en fait partie.;Beachten Sie die acht Länder in der oberen linken Bildschirmecke. Dies sind die Großmächte. Wie Sie sehen, gehören wir dazu.;;Fíjate en los ocho países de la esquina superior izquierda. Son las grandes potencias. Observa que somos una de ellas.;;;;;;;;;
tut_8c_5;Being a great power carries several advantages, you can make countries part of your sphere of influence, your minorities are happier and you can build colonies. Losing your status will also greatly upset your people.;Le statut de Grande Puissance présente différents avantages : vous pouvez attirer des pays dans votre sphère d'influence, vos minorités sont plus heureuses et vous pouvez fonder des colonies. En revanche, toute perte du statut de Grande Puissance sera très mal vécue par votre population. Mais comment perd-on ou obtient-on ce statut ? Appuyez sur Suivant.;Eine Großmacht zu sein hat, mehrere Vorteile: Sie können andere Länder Ihrer Einflusssphäre hinzufügen, Ihre Minderheiten sind zufriedener und Sie können Kolonien gründen. Wenn Sie Ihren Status aber verlieren, gerät Ihre Bevölkerung in Aufruhr. Wie Sie diesen Status verlieren oder wiedererlangen, erfahren Sie, wenn Sie zum Fortfahren auf Weiter klicken.;;Ser una gran potencia conlleva varias ventajas. Puedes hacer que los países formen parte de tu esfera de influencia, tus minorías están más felices y puedes construir colonias. La pérdida de tu estatus disgustará enormemente a tu gente.;;;;;;;;;
tut_8c_6;Besides Great Powers there are also other distinctions. The Second Rank Powers are able to build colonies. The non-western nations are not able to industrialize without first taking the decision to Westernize.;Outre les Grandes Puissances, il existe aussi d'autres distinctions. Les puissances secondaires peuvent fonder des colonies. Les nations non civilisées ne peuvent s'industrialiser qu'après avoir décidé de s'occidentaliser.;Neben Großmächten gibt es auch noch die Großmächte zweiten Ranges, die ebenfalls Kolonien gründen können. Die unzivilisierten Nationen können erst dann die Industrialisierung einleiten, wenn sie die Entscheidung Verwestlichung gefällt haben.;;Además existen otras distinciones. Las potencias de segunda fila pueden construir colonias. Las naciones no civilizadas no pueden industrializarse si no toman primero la decisión de occidentalizarse.;;;;;;;;;
tut_8c_7;So how do you become a Great Power? Click next to find out.;Mais comment devenir une Grande Puissance ? Cliquez sur Suivant.;Finden Sie durch Klicken auf Weiter heraus, wie Sie zur Großmacht aufsteigen können.;;¿Cómo puedes convertirte en una gran potencia? Para descubrirlo, haz clic en Siguiente.;;;;;;;;;
tut_8c_8;Great Powers - Gaining and losing;Grandes puissances - Obtention et perte de ce statut;Großmachtstatus - Erlangen und Verlieren;;Grandes potencias. Ganar y perder;;;;;;;;;
tut_8c_9;What decides if you become a Great Power is your score, the combined value of your prestige, military and industrial might. As you can see our scores put us in a good position to keep our place in the sun.;Le statut de Grande Puissance dépend de votre score (valeur combinée du prestige, du score militaire et du score industriel). Comme vous pouvez le constater, votre puissance vous place en bonne position.;Entscheidend für Ihren Großmachtstatus ist Ihre Punktzahl - ein kombinierter Wert Ihres Prestiges sowie Ihrer Militär- und Industriemacht. Wie Sie sehen, sind wir aufgrund unserer Macht in der Lage, unseren Platz an der Sonne zu verteidigen.;;Lo que decide si te conviertes en una gran potencia es tu puntuación del valor combinado de tu prestigio, tu ejército y tu poder industrial. Observa que nuestra posición nos sitúa en un buen puesto para mantenernos entre los más importantes.;;;;;;;;;
REMOVE_tut_8c_10;However, should you drop down in position it's not too late, as you will get a warning in time to try to fix the problem. One way to avert this disaster is of course War, either War to increase your prestige or lower someone else's. Let talk a bit about wars, find France and click Declare War.;Et si vous êtes sur le point de perdre cette position, vous recevrez un avertissement à temps pour tenter d'y remédier. Pour éviter la catastrophe, vous pouvez notamment faire la guerre afin d'améliorer votre prestige ou de réduire celui d'un autre pays. Parlons un peu des guerres. Recherchez la France et cliquez sur Déclarer la guerre.;Sollten Sie aber im Rang abrutschen, ist das noch nicht das Ende aller Tage: Sie werden rechtzeitig gewarnt, um etwas dagegen zu unternehmen. Eine Möglichkeit zur Vermeidung einer Katastrophe ist, Ihr Prestige durch den Gewinn eines Kriegs zu erhöhen und gleichzeitig das Prestige einer anderen Nation zu verringern. Lassen Sie uns nun etwas über den Krieg sprechen. Finden Sie Frankreich und erklären Sie ihm den Krieg.;;Sin embargo, si has bajado de posición, no es demasiado tarde ya que recibirás un aviso para que intentes arreglar el problema. Un modo de evitar este desastre es, por supuesto, la guerra, ya que esta puede ayudarte a aumentar tu prestigio o a bajar el de otro país. Hablemos un poco sobre las guerras. Busca a Francia y haz clic en Declarar la guerra.;;;;;;;;;
tut_8c_11;Wars and War goals.;Guerres et objectifs de guerre;Kriege und Kriegsziele.;;Guerras y objetivos de regla.;;;;;;;;;
REMOVE_tut_8c_12;In Victoria 2 you must set a war goal for your any war you start, you can see all the war goals you can set on the right side of the war declaration pop-up. Be aware that these war goals are the only thing you can demand in peace. Let's start the war. Click OK then switch to the show wars tab.;Dans Victoria 2, vous devez fixer un objectif pour toute guerre déclarée. Tous les objectifs de guerre disponibles se trouvent à droite de la fenêtre de déclaration de guerre. Attention, ces objectifs de guerre sont les seules choses que vous pouvez réclamer en temps de paix. Commencez la guerre. Cliquez sur OK, puis passez à l'onglet Afficher les guerres.;In Victoria 2 müssen Sie für jeden Krieg, den Sie starten, ein Kriegsziel festlegen. Im Popup-Fenster Kriegserklärungen sehen Sie alle Kriegsziele, die Sie auswählen können. Beachten Sie, dass diese Kriegsziele einschränken, was Sie bei Friedensverhandlungen fordern können. Lassen Sie uns den Krieg beginnen. Klicken Sie auf OK und wechseln Sie dann zum Reiter Kriege anzeigen.;;En Victoria 2, debes fijar un objetivo de guerra para cualquier guerra que inicies. Observa los objetivos de guerra que has fijado en la parte derecha de la declaración de guerra emergente. Has de saber que estos objetivos de guerra son la única cosa que puedes exigir en la paz. Iniciemos la guerra. Haz clic en Aceptar y pasa a la pestaña Mostrar guerras.;;;;;;;;;
tut_8c_13;Adding New War goals;Ajout de nouveaux objectifs de guerre;Hinzufügen neuer Kriegsziele;;Añadir nuevos objetivos de guerra;;;;;;;;;
tut_8c_14;You are not stuck with the war goals you set from the start, however. If your people are jingoistic and you have a high war score (i.e. the war is going well) you can add more goals on this screen. Be aware, though, that if you add war goals you cannot complete your population will be angry and your militancy will increase. Let's click back to the Show Great Powers Tab.;Vous n'êtes pas limité aux objectifs fixés au début de la guerre. Si votre population est nationaliste et que vous disposez d'un score de guerre élevé (indiquant que la guerre se déroule bien pour vous), vous pouvez ajouter de nouveaux objectifs sur cet écran. Mais sachez que si vous ne parvenez pas à atteindre les objectifs ajoutés, votre population vous en voudra et son militantisme augmentera. Cliquez sur l'onglet Afficher les Grandes Puissances.;Sie sind aber nicht auf die Kriegsziele beschränkt, die Sie vor Kriegsbeginn festgelegt haben: Wenn Ihre Bevölkerung hurrapatriotisch ist und Sie eine hohe Kriegspunktzahl haben, der Krieg also gut für Sie läuft, können Sie auf diesem Bildschirm zusätzliche Kriegsziele festlegen. Beachten Sie aber, dass Ihre Bevölkerung wütend wird und sich ihre Militanz erhöht, wenn Sie Ihre Kriegsziele nicht erfüllen können. Gehen wir nun zurück zum Reiter Großmächte anzeigen.;;No tienes que cargar con la misma serie de objetivos de guerra que hayas fijado desde el principio. Si tu población es patriotera y tienes una puntuación alta de guerra (la guerra se desarrolla bien), puedes añadir más objetivos en esta pantalla. Pero, ten cuidado, porque si añades objetivos de guerra que no puedes completar, tu población se enfurecerá y la militancia aumentará. Vuelve a hacer clic en la pestaña Mostrar grandes potencias.;;;;;;;;;
tut_8c_15;Spheres of Influence;Sphères d'influence;Einflusssphären;;Esferas de influencia;;;;;;;;;
tut_8c_16;Spheres of influence represents a country being under the influence of a greater nation. Among the practical effects of this is that they are included in your common market, making spheres of influence an effective way of ensuring your economy is well supplied. Another important effect is when trying to unify a nation, you will need to have all the core provinces of that nation in your sphere. So how do you get countries into your sphere? Click next to find out.;La sphère d'influence englobe les pays sous l'influence d'une plus grande nation. Ces pays faisant partie de votre marché commun, les sphères d'influence garantissent un bon approvisionnement de votre économie. D'autre part, lorsque vous tentez d'unifier une nation, toutes ses provinces clés doivent figurer dans votre sphère. Comment attirer des pays dans votre sphère ? Cliquez sur Suivant.;Einflusssphären repräsentieren Länder, die unter dem Einfluss einer größeren Nation stehen. Zu den praktischen Effekten davon gehört, dass die Länder in Ihrer Einflusssphäre zu Ihrem Binnenmarkt gehören. Dies macht Einflusssphären zu einer effizienten Methode, die Güterversorgung Ihrer Wirtschaft zu gewährleisten. Wenn Sie eine Nation vereinen möchten, müssen sich alle Kernprovinzen der betreffenden Nation in Ihrer Einflusssphäre befinden. Finden Sie durch Klicken auf Weiter heraus, wie Sie Länder Ihrer Einflusssphäre hinzufügen.;;Las esferas de influencia representan a un país que está bajo la influencia de una gran nación. Entre sus efectos prácticos, está el hecho de que pertenecen a tu mercado común. Crear esferas de influencia es un modo eficaz de asegurarte que tu economía dispone de suministros. Otro efecto importante es que cuando tratas de unificar una nación, necesitarás tener a todas las provincias más importantes de la misma en tu esfera. ¿Cómo conseguir que los países entren en tu esfera? Para descubrirlo, haz clic en Siguiente.;;;;;;;;;
tut_8c_17;Jousting for Position;Position;Kampf um Positionen;;Justa por la posición;;;;;;;;;
tut_8c_18;There are two important tools for gaining spheres of influence, influence and current opinion.;Les sphères d'influence dépendent de deux facteurs importants : l'influence et l'opinion.;Für den Umgang mit Einflusssphären gibt es zwei wichtige Werkzeuge: den Einfluss und die aktuelle Meinung.;;Existen dos herramientas importantes para ganar esferas de influencia, influencia y opinión actual.;;;;;;;;;
tut_8c_19;Influence is gained over time and distributed to countries you have prioritized by increasing this bar. We want to unify Germany, but Hanover is sitting on some of their cores. Find Hanover in the country list and increase the priority to max by clicking the corresponding priority button.;L'influence, qui s'acquiert au fil du temps, s'exerce sur les pays auxquels vous avez donné la priorité en augmentant cette barre. Vous voulez unifier l'Allemagne, sachant que Hanovre se trouve sur un de ses territoires clés. Recherchez Hanovre dans la liste des pays et fixez la priorité sur Max en cliquant sur le bouton correspondant.;Einfluss wird im Laufe der Zeit erlangt und Ländern zugeteilt, denen Sie durch die Erhöhung dieser Leiste Priorität gegeben haben. Wir möchten Deutschland vereinen, aber Hannover kontrolliert einige seiner Kernprovinzen. Finden Sie also Hannover und erhöhen Sie die Priorität mit Hilfe der entsprechenden Prioritätsschaltfläche auf den Maximalwert.;;La influencia se obtiene con el tiempo y se distribuye entre los países a los que has dado prioridad, subiendo esta barra. Queremos unificar Alemania, pero Hanover está situado en alguno de sus núcleos territoriales. Busca Hanover en la lista de países y aumenta la prioridad al máximo haciendo clic en el botón de prioridad correspondiente.;;;;;;;;;
tut_8c_20;Current Opinion;Opinion;Aktuelle Meinung;;Opinión actual;;;;;;;;;
tut_8c_21;As you can see the opinion Hanover has of us is 'Neutral'. We need to get this up to friendly if we are going to get them into our Sphere. You can see that there is a Diplomatic Option called Increase Opinion, if you hover your mouse above it however you can see that we lack the influence. As we set a high priority on Hanover however, all we have to do is wait.;Comme vous pouvez le constater, l'opinion de Hanovre à votre égard est neutre. Une bonne entente doit s'instaurer si vous voulez faire entrer le pays dans votre sphère. Passez la souris au-dessus de l'option diplomatique Améliorer l'opinion ;Wie Sie sehen, steht die Meinung Hannovers über uns derzeit auf Neutral. Wir müssen sie auf Freundlich erhöhen, wenn wir sie unserer Einflusssphäre hinzufügen wollen. Beachten Sie die diplomatische Option Meinung steigern. Wenn Sie Ihren Mauszeiger darauf bewegen, sehen Sie aber, dass es uns derzeit noch an Einfluss fehlt. Wir haben eine hohe Priorität auf Hannover gelegt. Jetzt können wir nur noch warten.;;Como puedes ver, la opinión que Hanover tiene de nosotros es 'neutral'. Necesitamos que la opinión cambie a amistosa si vamos a incluirlo en nuestra esfera. Observa que hay una opción diplomática llamada 'Mejorar opinión' y, si pasas el ratón por encima, comprobarás que careces de influencia para ello. Como hemos fijado una prioridad alta para Hanover, solo es cuestión de esperar.;;;;;;;;;
tut_8c_22;If other nations start trying to influence Hannover we are not powerless to stop this. You notice actions like the Expel Advisor, for example, that will let us hurt other nation's position. We cannot unlock this action however, until we manage to increase their opinion about us above neutral. No worries though, so far we are alone in this contest.;Mais si d'autres nations tentent d'influencer Hanovre, vous ne serez pas impuissant pour les en empêcher. Les actions comme Expulser les conseillers vous permettent de nuire à la position des autres nations. Cela dit, vous ne pouvez pas déverrouiller cette action tant que vous n'avez pas réussi à améliorer l'opinion de Hanovre à votre égard. Mais ne vous inquiétez pas, car jusqu'à présent, vous êtes seul en lice.;Sollten andere Nationen versuchen, auf Hannover Einfluss auszuüben, sind wir diesbezüglich auch nicht machtlos: Mit Aktionen wie beispielsweise Berater ausweisen können wir den Einflüssen anderer Nationen schaden. Diese Aktion können wir aber nicht freischalten, bevor wir ihre Meinung über uns über Neutral heben können. Aber keine Angst, bislang haben wir keine Konkurrenten um Hannover.;;Si otras naciones tratan de influenciar a Hanover, podemos emprender alguna acción para impedirlo. Fíjate que con acciones como Expulsar consejeros, por ejemplo, podemos dañar la posición de otra nación. Sin embargo, no podemos desbloquear esta acción hasta que consigamos aumentar su opinión sobre nosotros por encima de neutral. De todas formas, no te preocupes. De momento, estamos solos en esta competición.;;;;;;;;;
tut_8c_23;As the game progresses the battle over influence will intensify, and we might even have to use force to take a country outside other's sphere of influence. Let's move on, click next.;À mesure que le jeu progresse, la lutte pour l'influence se durcit. Vous devrez peut-être même avoir recours à la force pour faire sortir un pays de la sphère d'influence d'autres nations. Continuons.;Im weiteren Spielverlauf wird der Kampf um Einfluss härter - eventuell müssen wir sogar Gewalt anwenden, um ein Land aus einer anderen Einflusssphäre zu entfernen. Klicken Sie nun zum Fortfahren auf Weiter.;;A medida que el juego se desarrolla, la batalla por la influencia se intensificará y podemos incluso usar la fuerza para sacar a un país de la esfera de influencia de otro. Haz clic en Siguiente.;;;;;;;;;
##### Technology - Advanced;;;;;;;;;;;;;;
tut_4c_1;Technology;Technologie;Technologie;;Tecnología. Nivel avanzado;;;;;;;;;
tut_4c_2;In the section we will go through the tech schools and technology Categories in more detail. Let's open the technology screen.;Cette section est consacrée aux écoles technologiques et aux catégories de technologies. Ouvrez l'écran Technologie.;In diesem Abschnitt behandeln wir die Technologieschulen und die technologischen Kategorien noch detaillierter. Rufen Sie dazu zunächst den Technologiebildschirm auf.;;En esta sección, trataremos de las escuelas tecnológicas y de las categorías de tecnología con más detalle. Abre la pantalla de tecnología.;;;;;;;;;
tut_4c_3;Technology Schools;Écoles technologiques;Technologieschulen;;Escuelas tecnológicas;;;;;;;;;
tut_4c_4;In the top bar you see several technology schools, this represent the direction our technological establishment wants to take our nation in. As you can see Prussia is dominated by the Military-Industrial Complex which gives us a bonus for military tech but researching culture tech. You can change the tech school via decision, this requires you to change the direction of your nation first though. As long as military spending remains high, many of your brightest will seek a military career. Let's say a few words about Industry tech, click the Industry Tab in the technology screen.;La barre supérieure contient plusieurs écoles technologiques représentant l'orientation que votre établissement technologique veut imposer à votre nation. La Prusse est dominée par le complexe militaro-industriel, ce qui vous confère un bonus en termes de technologie militaire tandis que des travaux de recherche culturels sont en cours. Vous pouvez changer d'école technologique, mais pour cela, vous devez commencer par changer d'orientation nationale. Tant que les dépenses militaires resteront élevées, vos citoyens les plus brillants chercheront majoritairement à effectuer une carrière militaire. Penchons-nous sur la technologie industrielle. Cliquez sur l'onglet Industrie dans l'écran Technologie.;In der Kopfleiste sehen Sie mehrere Technologieschulen, die für die technologische Ausrichtung unserer Nation stehen. Wie Sie sehen können, wird Preußen vom militärisch-industriellen Komplex dominiert, was uns einen Bonus auf die Erforschung von Militärtechnologien gibt, aber die Erforschung von Kulturtechnologien verringert. Sie können die Technologieschule über Entscheidungen ändern;;En la barra superior, aparecerán varias escuelas tecnológicas. Esto representa la dirección en la que quiere encaminarse nuestro sistema tecnológico para la mejora de nuestra nación. Observa que Prusia está dominada por el complejo industrial militar que nos proporciona una bonificación por tecnología militar pero investigando tecnología cultural. Puedes cambiar la escuela tecnológica mediante una decisión, aunque esto requiere que cambies primero la dirección de tu nación. Mientras el gasto militar sea alto, muchos de tus habitantes más brillantes querrán emprender una carrera militar. Para una mejor comprensión de la tecnología industrial, haz clic en la pestaña de Industria, en la pantalla de tecnología.;;;;;;;;;
tut_4c_5;Industry Technology;Technologie industrielle;Industrietechnologie;;Tecnología industrial;;;;;;;;;
tut_4c_6;Industrial technology takes us further on the path to industrialization, things like rail roads, mines and factories. Note that many of the technologies are broad based, improving the output of all factories or decreasing the input needs of all factories. Let's move on to cultural technology, click the Culture tab.;La technologie industrielle vous permet de faire un pas de plus vers l'industrialisation (chemins de fer, mines, usines, etc.). Notez que la plupart des technologies améliorent la productivité des usines tout en réduisant leurs besoins en ressources. Passons à la technologie culturelle. Cliquez sur l'onglet Culture.;Die Industrietechnologie bringt uns auf dem Weg der Industrialisierung weiter voran. Hier geht es um Eisenbahnen, Minen und Fabriken. Beachten Sie, dass viele Technologien eine breite Basis haben und die Leistung aller Fabriken erhöhen bzw. die Input-Erfordernisse aller Fabriken verringern. Klicken Sie zum Fortfahren mit der Kulturtechnologie nun auf den Kulturreiter.;;La tecnología industrial nos lleva por el camino de la industrialización, con elementos como los ferrocarriles, las minas y las fábricas. Fíjate que muchas de las tecnologías son a gran escala, mejorando la producción de todas las fábricas o descendiendo las necesidades de producción de todas las fábricas. Para pasar a tecnología cultural, haz clic en la pestaña de Cultura.;;;;;;;;;
tut_4c_7;Cultural technology;Technologie culturelle;Kulturtechnologie;;Tecnología cultural;;;;;;;;;
tut_4c_8;Cultural technology represents the advancement of culture and philosophy in our nation. National Focus and education falls under this category. But also many things that give you prestige, both bonuses that acts as multipliers on future prestige gains and one off gains. With the cultural technologies, being ahead of one's time is especially important, as the first to discover, for example, Sociology gets a big prestige boost. Being runner up is not worthless however. For every nation that gets a certain invention of this type the shared prestige bonus decrease a little. Let's move on to Commerce.;La technologie culturelle représente les progrès de la culture et de la philosophie dans votre nation. La cause nationale et l'éducation entrent dans cette catégorie, tout comme les éléments qui vous confèrent du prestige. Mieux vaut être en avance, le premier arrivé en termes de sociologie bénéficiant d'une nette amélioration de son prestige. Mais être second n'est pas vain non plus puisque chaque nation qui met au point une invention donnée bénéficie également d'avantages. Passons au commerce.;Die Kulturtechnologie repräsentiert den Fortschritt der Kultur und Philosophie in unserer Nation. Unter diese Kategorie fallen der nationale Fokus und die Bildung, aber auch viele andere Dinge, die Ihnen Prestige geben. Boni können sich als Modifikatoren zukünftiger Prestigezugewinne auswirken bzw. Ihr Prestige direkt erhöhen. Hier zahlt es sich aus, den anderen Nationen etwas voraus zu haben, denn das erste Land, das die Soziologie erforscht, erhält einen großen Prestige-Schub. Zweiter zu sein ist aber nicht wertlos, da jede Nation für eine Erfindung dieses Typs einen Bonus erhält. Er fällt nur jeweils etwas geringer aus. Lassen Sie uns nun mit dem Handel fortfahren.;;La tecnología cultural representa el avance de la cultura y la filosofía en nuestra nación. Atención nacional y educación forman parte de esta categoría. Pero también otros elementos que te dan prestigio, son bonificaciones que actúan como multiplicadores en el prestigio futuro y ganancias excepcionales. Con las tecnologías culturales, es especialmente importante ir adelantado en el tiempo, por ejemplo, si eres el primero en descubrir algo, obtienes un gran prestigio en Sociología. Sin embargo, también merece la pena ser el segundo. Por cada nación que consigue una cierta invención de este tipo, la bonificación de prestigio compartida se reduce un poco. Pasemos al Comercio.;;;;;;;;;
tut_4c_9;Commerce Technology;Technologie commerciale;Handelstechnologie;;Tecnología comercial;;;;;;;;;
tut_4c_10;Commerce Technology is the branch of technology that covers subjects like, for example, banks, economic theory and monetary standardization. If you need to improve your taxation and administration, this is the place to look, but there are also some improvements to industry to be found here. \n Let's click the Navy Tab.;La technologie commerciale englobe les banques, les théories économiques et la standardisation. Consultez cette section pour améliorer vos impôts, votre administration et votre industrie. \nCliquez sur l'onglet Marine.;Die Handelstechnologie umfasst beispielsweise Banken, Wirtschaftstheorien und Standardisierung. Wenn Sie Ihre Steuern und Verwaltung verbessern müssen, sind Sie hier am richtigen Ort, aber es finden sich hier auch einige Verbesserungen für Ihre Industrie. \n Klicken Sie auf den Marinereiter.;;La tecnología comercial es la rama de la tecnología que cubre temas como los bancos, la teoría económica y la estandarización monetaria. Si necesitas mejorar tu recaudación de impuestos y administración, este es el lugar donde mirar, pero aquí también encontrarás algunas mejoras para la industria. \nHaz clic en la pestaña de la Armada.;;;;;;;;;
tut_4c_11;Navy Technology;Technologie navale;Marinetechnologie;;Tecnología naval;;;;;;;;;
tut_4c_12;This one is fairly straight forward. Making your ships bigger, faster and heavier hitting, but also giving your navies longer range thus helping you colonize further away.;Cette technologie est très simple. Elle confère des navires plus grands, plus rapides, plus lourds et capables d'aller plus loin, ce qui vous permet de coloniser des contrées encore plus lointaines.;Relativ einfach zu erklären: Die Marinetechnologie macht Ihre Schiffe größer, schneller und schlagkräftiger, erhöht aber auch die Reichweiten Ihrer Flotten und unterstützt so die Gründung weit entfernter Kolonien.;;Esta opción es muy sencilla. Si construyes tus barcos más grandes, más rápidos y con más potencia al ataque y les das más alcance a tus flotas, podrás colonizar en zonas más lejanas.;;;;;;;;;
tut_4c_13;Army Technology;Technologie militaire;Armeetechnologie;;Tecnología del ejército;;;;;;;;;
tut_4c_14;Most advances in the field of armies are generalized for all your troops, things like supply consumption, attack power and organization. At the bottom of the list you can find some new units as well, namely tanks and planes.\nClick next to continue.;Les technologies militaires les plus avancées s'appliquent à toutes vos troupes (consommation de ressources, puissance d'attaque, organisation, etc.). En bas de la liste figurent de nouvelles unités ainsi que des chars et des avions.\nCliquez sur Suivant pour continuer.;Die meisten Verbesserungen sind für alle Ihre Truppen generalisiert, beispielsweise Nachschubverbrauch, Angriffsstärke und Organisation. Unten in der Liste finden Sie auch einige neue Einheiten wie Panzer und Flugzeuge.\nKlicken Sie zum Fortfahren auf Weiter.;;La mayoría de avances en el campo de los ejércitos son generalizados para tus tropas, como el consumo de suministros, potencia del ataque y organización. Al final de la lista, puedes encontrar algunas unidades también, como tanques y aviones.\nHaz clic en Siguiente para continuar.;;;;;;;;;
##### Introduction ;;;;;;;;;;;;;;
tut_0a_1;Welcome to Victoria 2;Bienvenue dans Victoria 2;Willkommen zu Victoria 2;;Bienvenido a Victoria 2;;;;;;;;;
tut_0a_2;This is an introduction to Victoria 2, a Grand Strategy Game mainly set in the 19th Century. This was the era when the modern world was born, old empires died and new ones rose to power, new technologies revolutionized the way people and nations lived, new ideologies ripped nations apart or forged them stronger then ever before and all this was powered by the massive Industrial Revolution.\nSo where do you come into all this? Click next to find out.;Victoria 2 est un grand jeu de stratégie dont l'action se déroule principalement au XIXe siècle. Nous sommes au début de l'ère moderne, les empires ont cédé la place à de nouvelles puissances, de nouvelles technologies ont révolutionné la vie des gens et des nations, de nouvelles idéologies ont déchiré des nations et en ont renforcé d'autres, tout cela sous l'impulsion de la révolution industrielle.\nAlors, où intervenez-vous dans ce contexte ? Pour en savoir plus, cliquez sur Suivant.;Dies ist eine Einführung zu Victoria 2, einem Großstrategiespiel, das hauptsächlich im neunzehnten Jahrhundert spielt. In dieser Ära wurde die moderne Welt geboren, und alte Reiche gingen zugrunde während neue an die Macht kamen. Neue Technologien revolutionierten das Leben der Menschen und neue Ideologien zerrissen ganze Nation oder schweißten sie noch stärker zusammen als jemals zuvor. Die Triebkraft hinter all dem war die massive industrielle Revolution.\nWelche Rolle werden Sie spielen? Finden Sie es heraus, indem Sie auf Weiter klicken.;;Esta es una introducción a Victoria 2, un gran juego de estrategia, ambientado principalmente en el S.XIX. Esta fue la era en la que nació el mundo moderno, los viejos imperios murieron y los nuevos alcanzaron el poder, nuevas tecnologías revolucionaron el modo en el que la gente y las naciones vivían, nuevas ideologías destrozaron naciones o las fortalecieron más que nunca, y todo esto impulsado por una Revolución Industrial a gran escala.\n¿Y dónde intervienes tú en todo esto? Para descubrirlo, haz clic en Siguiente.;;;;;;;;;
tut_0a_3;Your Nation;Votre nation;Ihre Nation;;Tu nación;;;;;;;;;
tut_0a_4;In Victoria 2 you will take command of a country that you will guide through these turbulent times. In this tutorial we have chosen Belgium, a good nation to start with due to its rather limited size but significant potential, significant since it had already started industrializing when we come into the game.;Dans Victoria 2, vous prenez les rênes d'un pays pour le guider au travers de périodes tourmentées. Dans ce didacticiel, nous avons choisi la Belgique, nation idéale pour commencer compte tenu de sa taille relativement réduite et de son potentiel important puisqu'elle a déjà commencé à s'industrialiser lorsque le jeu débute.;In Victoria 2 übernehmen Sie das Kommando über ein Land, das Sie dann durch diese turbulente Zeit steuern. In diesem Tutorial haben wir Belgien ausgewählt, ein aufgrund seiner geringen Größe aber trotzdem enormen Potenzials gutes Startland. Wichtig ist vor allem, dass dort die Industrialisierung bei Spielbeginn schon begonnen hat.;;En Victoria 2, te pondrás al mando de un país al que guiarás a través de estos tiempos turbulentos. En este tutorial hemos elegido Bélgica, una buena nación para empezar debido a su tamaño bastante limitado, pero con un gran potencial, sobre todo porque ha iniciado ya su proceso de industrialización cuando empieza el juego.;;;;;;;;;
tut_0a_4b;In the upper left corner you can see the flag of the nation you have chosen as well as its ranking in the world, climbing up in this ranking is an important goal in the game...\nClick next to continue.;En haut à gauche flotte le drapeau de la nation que vous avez choisie ainsi que son rang mondial, un des objectifs du jeu étant d'améliorer ce rang.\nCliquez sur Suivant pour continuer.;In der oberen linken Bildschirmecke sehen Sie die Flagge Ihrer Nation und ihren Rang in der Welt. Der Aufstieg in dieser Rangliste ist ein wichtiges Spielziel.\nKlicken Sie zum Fortfahren auf Weiter.;;En la esquina superior izquierda, puedes ver la bandera de la nación que has elegido así como su posición en el mundo. Ascender en esta clasificación es un objetivo importante en el juego...\nHaz clic en Siguiente para continuar.;;;;;;;;;
tut_0a_5;Guiding Your Nation;Guider votre nation;Führung Ihrer Nation;;Guiar a tu nación;;;;;;;;;
tut_0a_6;In Victoria 2 you have a number of tools to influence your nation's destiny. In Victoria 2 many of these are very indirect, you change laws and taxes and over time there will be consequences to your actions. To interact with your nation you have 8 screens that are opened by clicking buttons in the Top Bar, in the Top Bar you can also gain important, at a glance information, about he state of your nation.\nThe 8 screens are:;Victoria 2 comprend différents outils qui permettent d'influencer le destin de vos nations. Cette influence est généralement indirecte ;In Victoria 2 stehen Ihnen einige Werkzeuge zur Verfügung, mit denen Sie das Schicksal Ihres Landes beeinflussen können. In Victoria 2 funktionieren viele dieser Werkzeug sehr indirekt: Sie ändern Gesetze und Steuern, und im Laufe der Zeit entwickeln sich Konsequenzen auf Ihre Aktionen. Zur Interaktion mit Ihrer Nation stehen Ihnen acht Bildschirme zu Verfügung, die Sie durch Anklicken von Schaltflächen in der Kopfleiste aufrufen können. In der Kopfleiste können Sie zudem wichtige Informationen über den Status Ihrer Nation ablesen.\nDie Bildschirme drehen sich um:;;En Victoria 2, dispones de una serie de herramientas para influir en el destino de tu nación. En Victoria 2, muchas de estas son indirectas, cambias leyes e impuestos y, con el tiempo, comprobarás que tus acciones tienen consecuencias. Para interactuar con tu nación, dispones de 8 pantallas que se abren haciendo clic en botones de la Barra Superior. En ella también tienes acceso a la información sobre el estado de tu nación.\nLas 8 pantallas son:;;;;;;;;;
tut_0a_7;Production - Here you will find things about industries and the production of goods, the engine of your industrializing economy.;Production : cet écran présente différentes informations sur les industries et la production de marchandises, moteur de votre économie en cours d'industrialisation.;Produktion - Hier finden Sie Informationen über Industrien und die Produktion von Gütern, dem Motor Ihrer Wirtschaft.;;Producción. En ella encontrarás cosas como las industrias y la producción de bienes, el motor de tu economía de industrialización.;;;;;;;;;
tut_0a_8;Budget - Money makes the world go around and so it does in Victoria 2. In the Budget Screen you control taxes and expenses.;Budget : l'argent fait tourner le monde et Victoria 2. L'écran Budget vous permet de contrôler les impôts et les dépenses.;Haushalt - Geld regiert die Welt, und das ist auch bei Victoria 2 nicht anders. Im Haushaltsbildschirm können Sie Steuern und Ausgaben kontrollieren.;;Presupuesto. El dinero hace que el mundo gire, y así ocurre en Victoria 2. Aquí controlas los impuestos y los gastos.;;;;;;;;;
tut_0a_10;Technology - Here you control research of new technologies, each technology you research will help you with some aspect of your struggle for domination.;Technologie : cet écran vous permet de contrôler la recherche de nouvelles technologies. Chaque technologie mise au point contribue par certains aspects à votre lutte pour la domination.;Technologie - Hier können Sie die Erforschung neuer Technologien steuern. Jede erforschte Technologie hilft Ihnen bei Ihrem Kampf um die Weltherrschaft.;;Tecnología. Aquí controlas la investigación de nuevas tecnologías. Cada tecnología que investigues te ayudará en algún aspecto de tu lucha por la dominación.;;;;;;;;;
tut_0a_11;Politics - One of the cornerstones of Victoria 2. Through the political system you guide your nation by setting reforms and supporting political parties. Just beware that your policies might upset various interest groups in your society.;Politique : la politique est un des fondements de Victoria 2. Le système politique vous permet de guider votre nation en engageant des réformes et en soutenant des partis politiques. Veillez à ce que vos politiques ne froissent pas certains groupes d'intérêt de votre société.;Politik - Einer der Eckpfeiler von Victoria 2. Über das politische System führen Sie Ihre Nation durch die Verfügung von Reformen und die Unterstützung politischer Parteien. Beachten Sie aber, dass Ihre politischen Strategien manche Interessengruppen Ihrer Gesellschaft verärgern können.;;Política. Una de las piedras angulares de Victoria 2. Mediante el sistema político, guías a tu nación estableciendo reformas y apoyando a partidos políticos. Pero ten cuidado porque tu política podría disgustar a varios grupos de interés de tu sociedad.;;;;;;;;;
tut_0a_12;Population - Your population, the people that live in your country, is a major concern in Victoria 2. Many of your decisions will be made with your population in mind, and most will have consequences for your population, maybe today or maybe in several years.;Population : la population de votre pays joue un rôle prépondérant dans Victoria 2. Vous prendrez généralement vos décisions en pensant à votre population, et la plupart auront des conséquences sur elle, aujourd'hui ou dans plusieurs années.;Bevölkerung - Ihre Bevölkerung, also die Menschen, die in Ihrem Land leben, sind in Victoria 2 ein wichtiger Faktor. Viele Ihrer Entscheidungen beziehen sich auf Ihre Bevölkerung und die meisten haben Konsequenzen für sie. Vielleicht heute, vielleicht erst nach mehreren Jahren.;;Población. La población es la gente que vive en tu país, es una de las preocupaciones principales en Victoria 2. Muchas de tus decisiones las tomarás con tu población en mente, y la mayoría de ellas tendrán consecuencias para tu población, puede que hoy o dentro de varios años.;;;;;;;;;
tut_0a_13;Trade - The goods that are produced by the industrial (and pre-industrial) society must be exchanged for money, this is done via the Trade Screen. Trade in Victoria 2 will go on without your interference but you need to buy goods to supply your government and also monitor the market for possible effects of your country.;Commerce : les marchandises produites par la société industrielle (et préindustrielle) doivent être échangées contre de l'argent, et ce, grâce au commerce. Dans Victoria 2, vous n'intervenez pas dans le commerce, mais vous devez acheter des marchandises pour approvisionner votre gouvernement et surveiller le marché en vue de possibles effets sur votre pays.;Handel - Die von der (Vor-) Industriegesellschaft produzierten Güter müssen gegen Geld verkauft werden. Dies wird über den Handel realisiert. Der Handel in Victoria 2 läuft ohne Ihr Zutun ab, aber Sie müssen zur Unterstützung Ihrer Regierung Güter kaufen und den Markt für mögliche Auswirkungen auf Ihr Land beobachten.;;Comercio. Los bienes que produce la sociedad industrial (y preindustrial) deben cambiarse por dinero. Esta operación se hace a través de la pantalla de comercio. El comercio en Victoria 2 seguirá sin tu interferencia, pero necesitas adquirir mercancías para suministrárselas a tu gobierno y también controlar el mercado para ver los posibles efectos que produce en tu país.;;;;;;;;;
tut_0a_14;Diplomacy - Another pillar of Victoria 2 is diplomacy. The making of alliances jousting for control over lesser nation is an essential part gaining the upper hand in the world.;Diplomatie : la diplomatie est un autre pilier de Victoria 2. L'établissement d'alliances en vue de contrôler une plus petite nation est un aspect essentiel pour se positionner parmi les pays les plus puissants du monde.;Diplomatie - Ein weiterer Eckpfeiler von Victoria 2 ist die Diplomatie. Das Schmieden von Bündnissen und der Kampf um die Kontrolle kleinerer Länder spielt bei Ihrem Streben nach der Weltherrschaft keinen unbedeutenden Teil.;;Diplomacia. Otro pilar de Victoria 2 es la diplomacia. La creación de alianzas que luchan por el control de una nación menor es una parte esencial para llevar la delantera en el mundo.;;;;;;;;;
tut_0a_15;Military - Finally, the Art of War. The world of politics and diplomacy can only take you so far before you must let the cannons speak.;Armée : passons enfin à l'art de la guerre. La politique et la diplomatie s'arrêtent là où les canons entrent en action.;Militär - die Kunst des Krieges. Die Welt der Politik und Diplomatie hat auch ihre Grenzen - irgendwann werden Sie die Kanonen sprechen lassen müssen.;;Militar. Y, por último, el arte de la guerra. El mundo de la política y la diplomacia pueden impulsarte, pero llegará el momento en el que tendrás que dejar hablar a los cañones.;;;;;;;;;
tut_0a_16;The Map;La carte;Die Karte;;El mapa;;;;;;;;;
tut_0a_17;Most of the action takes place on the World Map, here you can see countries, buildings and troops. You can a scroll the map by moving your mouse to the edge of the world, and you can zoom by using the mouse wheel. Try this for a bit then click next.;L'action se déroule principalement sur la carte du monde où sont représentés les pays, les bâtiments et les troupes. Pour faire défiler la carte, déplacez la souris vers le bord du monde et pour effectuer un zoom, utilisez la molette de la souris. Essayez, puis cliquez sur Suivant.;Die meisten Aktionen finden auf der Weltkarte statt. Hier können Sie die Länder, Gebäude und Truppen sehen. Wenn Sie Ihren Mauszeiger an den Rand der Welt bewegen, können Sie die Karte scrollen. Mit dem Mausrad können Sie sie vergrößern und verkleinern. Probieren Sie dies ein bisschen aus und klicken Sie dann auf Weiter.;;La mayor parte de la acción transcurre en el Mapa del mundo. Aquí puedes ver países, edificios y tropas. Puedes moverte por el mapa con el ratón hasta llegar al borde del mundo, y puedes ampliarlo con la rueda del ratón. Pruébalo un rato y después haz clic en Siguiente.;;;;;;;;;
tut_0a_18;The Map;La carte;Die Karte;;El mapa;;;;;;;;;
tut_0a_19;Most of the action takes place on the World Map, here you can see countries, buildings and troops. You can a scroll the map by moving your mouse to the edge of the world, and you can zoom by using the mouse wheel. Try this for a bit then click next.;L'action se déroule principalement sur la carte du monde où sont représentés les pays, les bâtiments et les troupes. Pour faire défiler la carte, déplacez la souris vers le bord du monde et pour effectuer un zoom, utilisez la molette de la souris. Essayez, puis cliquez sur Suivant.;Die meisten Aktionen finden auf der Weltkarte statt. Hier können Sie die Länder, Gebäude und Truppen sehen. Wenn Sie Ihren Mauszeiger an den Rand der Welt bewegen, können Sie die Karte scrollen. Mit dem Mausrad können Sie sie vergrößern und verkleinern. Probieren Sie dies ein bisschen aus und klicken Sie dann auf Weiter.;;La mayor parte de la acción transcurre en el Mapa del mundo. Aquí puedes ver países, edificios y tropas. Puedes moverte por el mapa con el ratón hasta llegar al borde del mundo, y puedes ampliarlo con la rueda del ratón. Pruébalo un rato y después haz clic en Siguiente.;;;;;;;;;
tut_0a_20;Lost?;Perdu ?;Verlaufen?;;¿Perdido?;;;;;;;;;
tut_0a_21;You can navigate easier in the world by using the mini-map, just click anywhere on it to jump to where you are going. There is also a Find Province or Country function available that helps you find where you want to go, use this now to get back to Belgium.;Pour naviguer plus facilement dans le monde, utilisez la minicarte. Cliquez n'importe où sur la minicarte pour accéder à l'emplacement de votre choix. Une fonction de recherche de province ou de pays est également disponible pour vous aider à vous repérer. Utilisez-la pour revenir en Belgique.;Mit Hilfe der Minikarte können Sie sich auf der Welt besser zurechtfinden. Klicken Sie dort auf einen beliebigen Ort und Sie springen sofort dorthin. Auch mit der Suchfunktion für Provinzen oder Länder können Sie Ihre Zielorte ausfindig machen. Benutzen Sie sie nun, um nach Belgien zurückzukehren.;;Puedes navegar más fácilmente por el mundo usando el minimapa. Solo tienes que hacer clic en cualquier parte del mapa para dirigirte allí. También hay una función disponible de Buscar provincia o país que te ayuda a encontrar los lugares a los que quieres ir. Úsala para volver a Bélgica.;;;;;;;;;
tut_0a_22;Map modes;Modes d'affichage de la carte;Kartenmodi;;Modos de mapa;;;;;;;;;
tut_0a_23;To help you understand the world we live in there are a number of map modes that change the appearance of the map. We are currently in the Terrain Map Mode, we can swap to Political Map Mode to better see which provinces are controlled by which nations. Do this.;Pour vous aider à comprendre le monde dans lequel vous vivez, plusieurs modes d'affichage de la carte sont disponibles. Vous êtes actuellement en mode Carte géographique, mais vous pouvez passer en mode Carte politique pour savoir quelles nations contrôlent telle ou telle province. Allez-y.;Für Ihr besseres Verständnis der Spielwelt gibt es eine Reihe von Kartenmodi, die das Erscheinungsbild der Karte verändern. Wir befinden uns derzeit im Gelände-Kartenmodus. Wechseln Sie nun zum Politik-Kartenmodus, damit wir besser sehen können, welche Provinzen von welchen Nationen kontrolliert werden. Machen Sie das jetzt.;;Para ayudarte a entender el mundo en el que vivimos, hay unos modos de mapa que cambian la apariencia del mapa. Actualmente estamos en el Modo de mapa de terreno, y podemos cambiar al Modo de mapa político para ver mejor qué naciones controlan cada provincia. Haz esto.;;;;;;;;;
tut_0a_24;The Passage of Time;L'écoulement du temps;Der Zeitablauf;;El paso del tiempo;;;;;;;;;
tut_0a_25;The game is currently paused. When the game is paused you can issue orders and interact with all aspects of the game, when you are done issuing orders you can unpause the game and things will start to happen.;Vous êtes actuellement en mode Pause, mode vous permettant de donner des ordres et d'intervenir sur tous les aspects du jeu. Lorsque vous quittez le mode Pause pour reprendre le jeu, les événements commencent à se produire.;Das Spiel ist momentan pausiert. Wenn das Spiel pausiert ist, können Sie Befehle erteilen und mit allen Spielaspekten interagieren. Wenn Sie damit fertig sind, können Sie das Spiel fortsetzen.;;La partida está actualmente detenida. Cuando la partida está detenida puedes dar órdenes e interactuar con todos los aspectos del juego.Pero cuando hayas acabado de dar órdenes, podrás reanudar la partida y empezarán a ocurrir cosas.;;;;;;;;;
tut_0a_26;You can see that the current date is January 1st, 1836. Next to the date you see a pause symbol and a plus and minus sign. By clicking the pause symbol you can start time passing and by using the + and - sign you can increase or decrease how fast time moves. Its also important to know that you can pause and unpause by clicking Space. Try unpausing the game now.;Nous sommes le 1er janvier 1836. Près de la date se trouve le symbole Pause ainsi qu'un signe plus et moins. Cliquez sur le symbole Pause pour que le temps s'écoule à nouveau et utilisez les signes + et - pour augmenter ou réduire la vitesse d'écoulement du temps. Vous pouvez également utiliser la touche espace de votre clavier pour mettre le jeu en pause et le relancer. Essayez de quitter le mode Pause pour reprendre le jeu.;Das aktuelle Datum ist der erste Januar 1836. Neben dem Datum sehen Sie das Pausensymbol und ein Plus- bzw. ein Minuszeichen. Durch Klicken auf das Pausensymbol können Sie das Spiel fortsetzen, mit + und - können Sie einstellen, wie schnell die Spielzeit abläuft. Beachten Sie, dass Sie das Spiel auch mit der Leertaste pausieren und fortsetzen können. Setzen Sie das Spiel nun fort.;;Observa que la fecha actual es 2 de enero de 1836. Junto a la fecha, puedes ver un símbolo de pausa y los símbolos de más y menos. Si haces clic en el símbolo de pausa, el tiempo se pone en marcha, y con los símbolos de más y menos, puedes aumentar o disminuir la velocidad a la que se mueve el tiempo. También es importante que sepas que puedes detener el juego y reanudarlo pulsando la barra espaciadora. Ahora trata de reanudar la partida.;;;;;;;;;
tut_0a_27;Things going on.;Des événements se produisent dans le monde entier.;Das Spiel läuft weiter.;;Empiezan a pasar cosas.;;;;;;;;;
tut_0a_28;There are going to be a lot of things going on in the world. Some things influence you and some do not. There are different ways to find out what goes on:;Parmi ces événements, certains ont une influence sur vous et d'autres pas. Il existe différents moyens de savoir ce qui se passe :;In der Welt passieren viele Dinge. Einige davon können Sie beeinflussen, manche nicht. Sie können sich vom Spiel auf verschiedene Arten benachrichtigen lassen:;;Van a ocurrir muchas cosas en el mundo, algunas te influirán y otras no. Hay diferentes modos de descubrir lo que pasa ahora mismo:;;;;;;;;;
tut_0a_29;Popups - These are large intrusive messages in the center of the screen, this should be important stuff.;Popups : il s'agit de grands messages importants qui apparaissent au center de l'écran.;Popups - Dies sind große, extrem auffällige Meldungen in der Bildschirmmitte, also wohl etwas Wichtiges.;;Ventanas emergentes. Se trata de mensajes grandes que aparecen en el centro de la pantalla. Suelen ser sucesos importantes.;;;;;;;;;
tut_0a_30;Message Icons - Here can messages be displayed that might be important to you but does not always require your immediate attention.;Icônes de message : messages potentiellement importants mais ne nécessitant pas toujours votre attention immédiate.;Nachrichtensymbole - Dies sind Nachrichten, die für Sie wichtig sein könnten, die aber nicht Ihre unmittelbare Aufmerksamkeit erfordern.;;Iconos de mensaje. Muestran los mensajes que pueden ser importantes para ti, aunque no siempre requieren tu atención inmediata.;;;;;;;;;
tut_0a_31;Message Log - Here you can read things that are less important, but still interesting.;Journal des messages : autres messages, pas aussi importants mais néanmoins intéressants.;Nachrichten-Log - Hier sollten alle anderen Nachrichten platziert sein. Nicht so wichtig, aber immer noch interessant.;;Historial de mensajes. Aquí puedes ver asuntos que son menos importantes, pero aún así son interesantes.;;;;;;;;;
tut_0a_32;Diplomatic Icons - These are important. Here are all the diplomatic suggestions you get from other nations. To find out more and take action, you left click, if you just want to dismiss them out of hand, right-click on them.;Icônes diplomatiques : il s'agit de toutes les propositions diplomatiques importantes que vous recevez des autres nations. Pour en savoir plus et intervenir, faites un clic gauche. Pour les ignorer, faites un clic droit.;Diplomatiesymbole - Sehr wichtig. Hier sind alle diplomatischen Vorschläge, die Sie von anderen Nationen erhalten. Per Linksklick erfahren Sie mehr und können aktiv werden, zur Ablage der betreffenden Nachricht rechtsklicken Sie.;;Iconos diplomáticos. Son importantes. Aquí aparecen todas las sugerencias diplomáticas que obtienes de otras naciones. Para descubrir más cosas y emprender una acción, haz clic izquierdo, y si quieres descartarlos, haz clic derecho.;;;;;;;;;
tut_0a_33;Except for the diplomatic icons, you can change how different messages behave. Maybe you think that a ruler change in another nation deserves a popup. You can do this by just rick-clicking on them or changing their behavior under the settings menu.;Hormis les icônes diplomatiques, vous pouvez modifier le type d'affichage des différents messages. Peut-être estimez-vous qu'un changement de dirigeant dans une autre nation mérite un popup. Pour ce faire, faites un clic droit ou apportez vos modifications sous le menu des paramètres.;Außer den Diplomatiesymbolen können Sie die Eigenschaften aller Nachrichtentypen verändern. Vielleicht denken Sie, dass ein bestimmter Herrscher einer anderen Nation eine Popup-Meldung wert ist ... Dies erreichen Sie durch Rechtsklick auf die betreffende Nachricht, oder indem Sie ihr Verhalten im Menü Einstellungen verändern.;;Excepto para los iconos diplomáticos, puedes cambiar cómo aparecen los diferentes mensajes. Puede que pienses que un cambio de gobernante en otra nación merezca una ventana emergente. Para ello, solo has de hacer clic derecho sobre ellos, o cambiar su funcionamiento en el menú de configuración.;;;;;;;;;
tut_0a_34;It appears the Netherlands has declared war on us, we must deal with this. Click next to continue.;Apparemment, la Belgique vous a déclaré la guerre. Vous devez réagir. Cliquez sur Suivant pour continuer.;Anscheinend haben uns die Niederlande den Krieg erklärt. Wir müssen uns darum kümmern. Klicken Sie zum Fortfahren auf Weiter.;;Parece que Holanda nos ha declarado la guerra, así que debemos ocuparnos de ello. Haz clic en Siguiente para continuar.;;;;;;;;;
TUTORIAL_EXIT;Return to tutorial menu;Revenir au menu principal;Kehren Sie zum Hauptmenü zurück.;;Volver al menú del tutorial;;;;;;;;;
TUTORIAL_NEXT_CHAPTER;Skip to next chapter: $NAME$;Passer à la section suivante : $NAME$;Springen Sie zum nächsten Kapitel: $NAME$;;Pasar al capítulo siguiente: $NAME$;;;;;;;;;
TUTORIAL_NEXT_CHAPTER_LAST;On last chapter;À la dernière section;Zum letzten Kapitel;;En el último capítulo;;;;;;;;;
TUTORIAL_NEXT_STAGE_INTERMEDIARY;Skip forward to the §Yintermediary§W part of this chapter;Passer à la partie §Yintermédiaire§W de cette section;Springen Sie zum §YMittelteil§W dieses Kapitels.;;Saltar hasta la parte §Yintermedia§W de este capítulo;;;;;;;;;
TUTORIAL_NEXT_STAGE_ADVANCED;Skip forward to the §Yadvanced§W part of this chapter;Passer à la partie §Yavancée§W de cette section;Springen Sie zum §YSchlussteil§W dieses Kapitels.;;Saltar hasta la parte §Yavanzada§W de este capítulo;;;;;;;;;
TUTORIAL_NEXT_STAGE_LAST;Already on the advanced stage of the chapter;Déjà à l'étape avancée de la section;Bereits im Schlussteil des Kapitels.;;Ya estás en la sección avanzada del capítulo;;;;;;;;;
TUTORIAL_PROGRESS;Page $CURRENT$ of $TOTAL$;Page $CURRENT$ sur $TOTAL$;Seite $CURRENT$ von $TOTAL$;;Página $CURRENT$ de $TOTAL$;;;;;;;;;