Key;English;French;German;Polish;Spanish;Italian;Swedish;Czech;Hungarian;Dutch;Portuguese;Russian;Finnish
accept_belarussians_title;Grant Equal Rights to the White Ruthenians;;;;;;;;;;;;;
accept_belarussians_desc;While far from our height many centuries ago, our recent conquest of White Ruthenia puts our nation in a peculiar position. Even if there were always Slavs in our nation after our independence, now, with the inclusion of our old territories, the White Ruthenians became a sizeable portion of our population, with our people becoming a minority in our own nation. Now, our ministers suggest that the best course of action would be to, instead of letting our peoples fight against each other within our own borders, we should integrate the people of White Ruthenia in our nation, granting them equal rights to Lithuanians and finding unity in our shared history under foreign rule.;;;;;;;;;;;;;
EVTDESC31502013;\n\nAfter_achieving_our_independence_from_the_Russians,_the_Baltic_Landtag_would_hand_over_power_to_the_military_as_a_temporary_measure_as_our_nation_started_to_function_as_a_modern,_independent_state._But_now,_as_the_anniversary_of_our_independence_comes_near,_protests_started_to_appear,_with_voices_asking_for_more_representation_and_for_the_army_to_step_down,_calling_our_government_"The_Landtag_of_Steel"._At_first,_the_unrest_was_easy_to_deal_with,_but_as_people_went_to_the_streets_again_and_again,_with_even_bigger_numbers_each_time._Our_ministers_advise_that_if_we_don't_act_now,_we_risk_losing_control_the_situation_and_risking_our_control_over_the_entire_Baltic.;;;;;;;;;;;;;
EVTDESC31502014;\n\nBeing_the_most_recent_addition_to_the_Baltic_State,_Lithuania_had_already_a_pretty_sizeable_independence_movement_mobilized._With_unrest_getting_more_and_more_out_of_control,_a_bunch_of_proeminent_Lithuanian_figures_declared_independence_from_us_and_most_of_our_lithunian_troops_already_defected_to_this_new_state._While_our_first_instinct_is_to_kill_this_new_Lithuanian_nation_right_out_of_its_craddle,_we_have_been_advised_by_some_of_our_generals_that_mobilizing_against_Lithuania_would_put_our_other_territories_open_to_further_rebellion._Thus,_it_may_be_a_good_idea_to_let_Lithuania_go_for_now,_lest_we_lose_Estonia_or_even_Latvia.;;;;;;;;;;;;;
EVTDESC31502015;\n\nAfter_a_tense_week_of_protests_in_Estonia,_we_received_news_that_Estonia_has_been_taken_by_complete_chaos,_with_local_regiments_mutinying_against_of_rule_and_joining_the_calls_for_representation_and_independence._It_seems_that_we_have_completely_lost_control_over_Estonia,_with_drafts_of_an_independence_declaration_already_being_writen_in_Reval._With_the_lost_of_most_Estonian_regiments_in_our_army,_we_are_presented_with_two_options,_to_either_cross_into_Estonia_and_try_put_down_their_dreams_of_an_independent_state_or_to_know_that,_for_now,_Estonia_and_lost_and_all_we_can_do_is_to_try_to_crush_any_dissent_in_Latvia_with_the_troops_that_haven't_deserted_us_yet.;;;;;;;;;;;;;
EVTDESC31502016;\n\nEven_after_being_able_to_hold_Latvia_for_so_long,_lost_control_over_most_of_it._The_countryside_has_long_been_prone_to_attacks_from_guerrilla,_but_now_the_Latvian_masses_have_taken_control_over_most_major_cities,_with_our_Latvian_brigades_in_open_mutiny_and_some_of_our_German_troops_finding_themselves_cut_off_from_the_government_in_our_capital._We_have_barely_managed_to_hold_Riga,_with_most_of_the_acess_to_the_city_being_closed,_with_the_city_under_martial_law._With_most_of_the_country_falling_into_enemy_hands,_we_hear_about_Latvia_declaring_formal_independence_in_Mitau._The_Landtag_was_called_to_an_emergency_session_to_decide_between_our_options,_to_fight_to_our_last_man,_to_capitulate_to_the_Latvians_or_to_bunker_up_in_Riga_and_ask_for_German_help.;;;;;;;;;;;;;
EVTDESC31502017;\n\nOur_diplomats_in_Riga_have_been_watching_over_the_situation_in_the_Baltic_State_as_the_German_government_in_ther_slowly_lost_control_over_their_territories_that_once_hailed_them_as_liberators._Talks_about_the_slow_dissolution_of_the_Baltic_State_were_a_hot_topic_over_in_our_capital,_both_between_our_politicians_and_generals._While_our_government_would_have_been_happy_to_intervene_and_save_our_baltic_brothers_at_any_moment,_the_truth_is_that_the_Baltic_State_acted_with_inaction_and_just_did_nothing_as_their_state_slowly_collapsed._Now_after_Latvia_declaring_independence,_what_is_left_of_the_Baltic_government_in_Riga_asked_for_our_protection,_offering_us_control_over_most_of_their_government.;;;;;;;;;;;;;
EVTDESC31502018;\n\nEven_if_we_were_reduced_to_Germany_puppet,_at_least_with_their_help_we_managed_to_get_our_land_back_and_be_worthy_of_being_considerd_more_than_a_city-state.;;;;;;;;;;;;;
EVTDESC31502019;\n\nAs_the_Sun_rose,_it_was_a_quiet_morning_in_the_Baltic_State._After_fighting_a_war_agianst_itself,_the_Baltic_State_finally_had_a_day_that_no_shot_was_fired_and_no_blood_was_shed._It_was_a_well_deserved_morning,_after_all_turmoil,_normalcy_has_finally_returned_to_the_Baltic,_even_if_that_is_not_to_say_that_nothing_changed._The_message_was_clear_for_everyone,_after_quelling_revolts_all_over_the_country,_dissent_would_not_be_tolerated_and_the_Germans_were_here_to_stay._That_was_clear_when_looking_at_the_Baltic_Military,_once_being_an_army_composed_from_Germans_and_Baltic_natives,_after_many_desertions_and_purges_it_became_mostly_a_German_force,_with_non-Germans_serving_as_auxiliaries._Most_foreign_observers_have_noted_that_the_Baltic_Army_became_quite_a_formidable_force,_that_will_not_hesitate_to_put_down_any_new_revolt_that_dares_to_show_its_ugly_head._In_the_end,_the_Baltic_people_that_fought_for_independence_have_traded_their_old_Russian_overlords_for_German_ones.;;;;;;;;;;;;;
all_german_military;All-German Military;;;;;;;;;;;;;
GER_sway_the_baltic_title;The Baltic Question;;;;;;;;;;;;;
GER_sway_the_baltic_desc;With our victory in the Baltic, our new allies in the East soon will have to choose how their new nation will be governed. As the guarantors of their independence, we naturally hold a great deal of influence with them, being offered to send representatives to the upcoming meeting in Riga. We should decide what will be our agenda in Riga and in which direction we will sway their decision into.;;;;;;;;;;;;;
EVTDESC31502020;\n\nAs_we_decide_how_to_influence_our_new_Baltic_allies,_some_questions_emerge_on_how_to_influence_their_future_government._Some_very_vocal_voices_tell_us_to_take_every_step_to_turn_them_into_our_puppet,_but_we_probably_should_act_with_caution,_lest_we_alienate_our_new_and_valuable_ally._One_of_the_more_reasonable_options_has_been_to_send_the_Grand_Duke_of_Mecklenburg-Schwerin,_an_ally_of_ours_that_has_been_invited_to_bid_for_the_throne_by_Baltic_Monarchists._Furthermore,_parts_of_our_delegation_recommend_instead_that_we_send_some_liberal_agitators_to_the_Baltic_to_create_a_more_liberal_German_state_to_relieve_us_from_unrest._And_last_but_not_least,_we_could_send_some_envoys_to_their_military,_suggesting_them_to_take_power,_for_a_time,_of_course...;;;;;;;;;;;;;
UBD_strike_first_title;Declare of Baltic Independence;;;;;;;;;;;;;
UBD_strike_first_desc;With the consolidation of Baltic administration and our underhand deal with Berlin struck, we are starting to take steps to make sure Russia can't curtail Baltic autonomy. Our people got in contact with Latvian and Estonian leaders, to talk about the possibility of Baltic independence, and for the nation to stay united as a state of Germans, Latvians and Estonians. Not only did we manage to strike a deal with their leadership, but they also offered to get in contact with some Latvians and Estonians in Dinaburg and Pechory to have them rise up and join the Baltic struggle for independence. Now, with everything ready, all that is left is to cast the die and depose our Russian overlords.;;;;;;;;;;;;;
UBD_claim_ingria_desc;§RGain 12.5 infamy§! When the Baltic was first conquered from Sweden, Peter the Great of Russia handed the ruling of the Baltic to his, very corrupt, right-hand man and governor of Ingria. While he fell from the position even before the governorates were properly established, with our position in the Baltic and independence from Russia secured, the ambitions of our state grew, and Ingria became subject to the interest of war hawks and jingoists alike. With our independence, the Russian government has formally declared the transfer of the Imperial Capital from Saint Petersburg to Moscow, undoing Peter the Great's work, with some arguing that now would be the perfect time to claim Ingria. If we were to seize Ingria and St. Petersburg, we would be pretty much expelling Russia from the Baltic Sea, forever tarnishing the legacy their tsars fought to build.;;;;;;;;;;;;;
UBD_claim_ingria_title;Claim Ingria;;;;;;;;;;;;;
EVTDESC31502022;\n\nThroughout_the_cities_of_Vilnius,_Riga_and_Reval,_massive_crowds_had_turned_out_in_celebration_of_the_expulsion_of_Russians_from_their_region!_After_wrestling_their_freedom_from_the_maw_of_the_Russian_Bear,_the_Baltics_are_finally_free_after_almost_two_centuries_of_Russian_dominance._Today,_the_Baltic_people_put_aside_their_differences_to_relish_in_their_newfound_freedom_and_independence_from_foreign_rule._Though_celebratory,_the_Baltic_people_remain_worried_that_Moscow_will_attempt_to_reconquer_the_region._Despite_the_future_threats_from_Moscow,_the_Baltics_have_achieved_self-determination_that_will_never_be_vanquished!;;;;;;;;;;;;;
unite_poland_galicia_title;Unite Poland with Galicia;;;;;;;;;;;;;
unite_poland_galicia_desc;§RGain 2 infamy§! Despite being once a great state in Eastern Europe, after being partitioned time and time again, the Polish people were divided between Austria, Prussia and Russia. Now, with our significant influence in Polish lands, we could not only partially right this wrong, but also strengthen our Polish allies by pushing to unite Poland with Galicia-Lodomeria, while also taking the opportunity to solve some minor claims the Polish have on us. While the Polish people sure will appreciate the unification, the other powers won't be pleased to see us redrawing Eastern Europe in such a way.;;;;;;;;;;;;;
claim_duchy_estonia_desc;§RGain 3 infamy§! While we were considered by many as a power in decline after the Napoleonic Wars and the loss of Norway, it has become clear that those years of humiliation are behind us. As our nation is once again respected on the world stage, it would only be natural that we start looking into old claims that we could use to solidify our newfound position and prestige. One of the bolder suggestions circulating within our government is that of the Estonian claim. Not only because we held it as a duchy for about a century, but also due to the importance of Estonia in regard to our history - with the legend about the origins of the Dannebog, our flag, in the Battle of Lindanise, during the Livonian Crusade.;;;;;;;;;;;;;
claim_duchy_estonia_title;Reclaim the Duchy of Estland;;;;;;;;;;;;;
subdue_baltic_desc;With our recent defeats in the Baltic, we took a significant blow to our international status. The annexation of the Baltic in the Great Northern War under Peter the Great centuries ago elevated Russia into a true European power and, while the loss of the Baltic won't undermine our position as major player in European politics, we can't deny that it left a sour taste in our mouths. To remedy that, we could reassert our position in the Baltic Sea and claim that the Baltic states do not deserve independence and are still an integral part of our territory.;;;;;;;;;;;;;
subdue_baltic_title;Oppose Baltic Liberty;;;;;;;;;;;;;
EVTDESC49511A;\n\nWith_our_increased_influence_in_Scandinavia,_the_matter_of_the_North_Atlantic_Islands_has_increasibly_come_to_the_attention_of_our_government._While_Greenland,_Iceland_and_the_Faroe_Islands_were_awarded_to_Denmark_after_the_loss_of_Norway_in_1814,_they_are_now_under_our_indirect_control._This_has_prompted_some_of_our_advisors_to_suggest_that_we_should_take_direct_control_of_them,_thus_ensuring_that_we_would_retain_absolute_control_over_the_North_Atlantic_in_the_event_of_our_Scandinavian_allies_breaking_away.;;;;;;;;;;;;;
EVTDESC49512A;\n\nOur_new_overlords_have_moved_to_seize_Greenland,_Iceland_and_the_Faroe_Islands_from_us.;;;;;;;;;;;;;
unite_greece_title;Unite Greece;;;;;;;;;;;;;
unite_greece_desc;Ever since the end of the Byzantine Empire, the Greek people have never been unified into a single nation. While Attica and Peloponnese managed to be part of the new Greek nation, Greeks in the Aegean sea and Anatolia weren't so lucky, even if some of them recently managed to free themselves from Turkish overlordship. Now, with our control over Greece, the Greek people of the Aegean and Anatolia are skeptical of joining Greece, wary of our presence in the country. But, if we managed to increase our influence in these new states we could, in theory, make so their governments agree to join our Greek vassals, letting our puppet grow in strength.;;;;;;;;;;;;;
EVTDESC84205832;\n\nWith_our_recent_victories_in_the_Caucasus_against_the_Circassians_and_Dagestanis,_our_governance_of_the_region_came_into_question._While_our_"divide_and_conquer"_strategies_have_been_quite_effective,_the_advisors_to_the_Tsar_have_long_since_talked_about_how_the_Caucasus_Namestnik_needs_some_more_oversight,_with_charges_of_corruption_and_incompetence_being_present_since_the_we_first_left_Karl_Knorring_in_charge_of_the_region._Now_the_question_stands,_should_we_further_integrate_the_Namestnik,_or_should_we_let_our_viceroys_have_autonomy_to_expand_the_Russian_hold_in_the_region?;;;;;;;;;;;;;
ITA_create_yugoslavia_title;Organize Yugoslavia;;;;;;;;;;;;;
ITA_create_yugoslavia_desc;§RGain 5 infamy§! The Balkans have always been a playground for foreign empires. As we strive to prove ourselves as a true great power in Europe, we seek a sphere of influence of our own, with the Balkans emerging as the most promising target. By expanding our influence in the region, we can strip the Austrians and Turks of territory while creating allies who will be forever indebted to us, securing our place as the Masters of the Adriatic.;;;;;;;;;;;;;
RUS_create_yugoslavia_title;Hegemony over South Slavs;;;;;;;;;;;;;
RUS_create_yugoslavia_desc;§RGain 8 infamy§! The Balkans have always been a playground for foreign empires. Populated by South Slavic peoples, the region naturally falls within our sphere of influence, with many viewing us as brothers and liberators due to our role in freeing them from the Ottoman Empire. If we were to complete the liberation of the South Slavic people from the Ottoman and Austrian Empires, we could not only create a powerful ally but also gain access to a route that bypasses the Bosphorus and Dardanelles straits, allowing us to establish a naval presence in the Mediterranean Sea.;;;;;;;;;;;;;
AUS_create_yuguslavia_title;Quelling the Powder Keg;;;;;;;;;;;;;
AUS_create_yuguslavia_desc;§RGain 5 infamy§! The Balkans have always been a playground for foreign empires, including ourselves. We have long held an interest in the region, demonstrated by our control over Croatia and our rivalry with the Ottomans. While we have previously stated that we hold no interest in further expansion, the rise of nationalism has turned the Balkans into a powder keg waiting to explode. If we were to reassert our position, we might be able to organize the region in a way that quells the nationalist fires threatening to destabilize our empire in the future - even if it means angering Russia in the process.;;;;;;;;;;;;;
EVTDESC800800;\n\nAs_our_position_in_the_Balkans_is_secured,_our_troops_move_into_the_region_and_prepare_to_enforce_the_new_borders_being_drawn_in_$CAPITAL$._Now,_all_that_remains_is_to_decide_how_we_want_the_borders_of_the_region_to_look._The_only_certainty_is_that_we_are_to_take_control_of_Dalmatia_and_Vlorë_and_that_there_is_to_be_a_South_Slavic_state._However,_the_size_of_this_nation_remains_a_matter_of_discussion,_as_we_may_wish_to_strip_it_of_some_territory_to_make_the_region_easier_to_control.;;;;;;;;;;;;;
EVTDESC800801;\n\nAs_our_position_in_the_Balkans_is_secured,_our_troops_move_into_the_region_and_prepare_to_enforce_the_new_borders_being_drawn_in_$CAPITAL$._Now,_all_that_remains_is_to_decide_how_we_want_the_borders_of_the_region_to_look._While_most_of_our_advisors_and_supporters_favor_a_strong_South_Slavic_state,_it_may_be_in_our_best_interest_to_break_it_up_into_smaller_states_so_that_they_are_easier_to_control_while_still_remaining_loyal_allies_in_the_region.;;;;;;;;;;;;;
EVTDESC800802;\n\nWith_the_separation_of_Bulgaria_from_Belgrade,_the_matter_of_Macedonia_has_come_to_our_attention._The_region_is_a_melting_pot_of_Serbian,_Bulgarian,_and_Albanian_peoples_and_is_claimed_by_both_our_new_allies_in_Belgrade_and_by_Bulgaria._Both_parties_have_requested_that_we_grant_them_definitive_control_over_the_region,_which_contains_the_port_of_Solun_—_a_vital_asset_we_plan_to_use_to_bypass_the_straits_that_confine_us_to_the_Black_Sea._While_the_region_has_traditionally_been_part_of_Bulgaria,_we_could_grant_it_to_Belgrade_as_compensation_for_the_loss_of_Bulgaria_itself_and_other_territories.;;;;;;;;;;;;;
EVTDESC800803;\n\nAs_our_position_in_the_Balkans_is_secured,_our_troops_move_into_the_region_and_prepare_to_enforce_the_new_borders_being_drawn_in_$CAPITAL$._Now,_all_that_remains_is_to_decide_how_we_want_the_borders_of_the_region_to_look._Our_plan_is_to_annex_Bosnia_and_then_create_a_nominal_South_Slavic_state_by_uniting_Serbia_and_Montenegro_under_our_supervision_-_turning_a_potential_enemy_into_a_permanent_ally._Some_of_our_advisors_have_even_suggested_annexing_Belgrade_and_Montenegro_outright,_leaving_Yugoslavia_with_only_Serbia,_with_the_possibility_of_integrating_Bulgaria_into_it_at_a_later_stage.;;;;;;;;;;;;;
french_annex_sardinia_desc;§RGain 5 infamy§! Ever since our hegemony over Italy was established, our nation has only benefited — diplomatically, by having the entire peninsula as our ally, and economically, through French investors dominating Italy’s mines and factories. One such place is Sardinia. With its profitable mines and proximity to French Corsica, our investors have taken control of most of the economy on this otherwise isolated island. As a result, there has been growing outcry in Paris over the idea of annexing the island to secure its valuable resources. However, that is not to say the proposal has gone unopposed—many advisors argue that Sardinia has long been isolated from the rest of Italy and has a strong history of resisting outside influence. Still, our far-reaching economic presence may be a promising sign.;;;;;;;;;;;;;
french_annex_sardinia_title;Take Over Sardinia;;;;;;;;;;;;;
EVTDESC800804;\n\nFollowing_the_crushing_defeat_by_the_French_and_the_Treaty_of_New_York,_as_if_the_loss_of_Louisiana_was_not_enough,_the_French_have_also_demanded_that_Texas_and_California_join_their_puppet_government_in_Mexico_City,_effectively_restoring_Mexico_to_its_pre-1836_borders_before_the_loss_of_Texas_and_the_Mexico-American_War._\n\nThe_only_positive_outcome_is_that_the_Anglo-Canadians_have_petitioned_to_join_the_Union_as_the_state_of_Ontario_-_we_will_certainly_need_their_help_in_reclaiming_our_destiny.;;;;;;;;;;;;;
form_NEE_title;Reform New England;;;;;;;;;;;;;
form_NEE_desc;Now that we united our region, the time has come to reform New England!;;;;;;;;;;;;;
EVTDESC1316087;\n\nWhile_we_were_aware_of_the_Sino-Japanese_war_happening_to_our_south,_our_advisors_believed_that_Imperial_China_would_deal_a_significant_blow_to_Japan's_territorial_ambition,_but_the_Japanese_have_shocked_the_world_by_emerging_triumphant._In_the_aftermath_of_their_victory,_Japan_has_imposed_on_China_the_Treaty_of_Shimonoseki,_which_not_only_ends_Korea's_status_as_a_Chinese_vassal,_but_also_cedes_to_Japan_the_island_of_Formosa_and—more_importantly—the_Liaodong_Peninsula,_in_Manchuria._\n\nThese_developments_pose_a_severe_threat_to_our_own_interests_in_Manchuria._To_resolve_this,_we_could_leverage_support_from_Paris_and_Berlin_to_demand_the_Japanese_withdraw_from_Liaodong,_preventing_their_further_encroachment_on_our_sphere_of_influence.;;;;;;;;;;;;;
EVTDESC1316088;\n\nWhile_our_triumph_over_China_is_indeed_an_awe-inspiring_feat,_the_resultant_rising_of_our_country_to_a_regional_powerhouse_has_not_pleased_some_of_our_neighbors—notably_the_Russians._Today,_we_received_a_message_from_Russia_demanding_our_withdrawal_from_the_Liaodong_Peninsula,_threatening_a_multi-national_coalition_if_we_do_not_comply—hinting_that_the_other_great_powers_have_pledged_military_support._While_we_were_always_wary_of_Russian_ambition_in_the_Far_East,_we_did_not_imagine_that_a_potential_war_would_with_them_would_come_so_quickly._Some_of_our_advisors_suggest_we_call_their_bluff_and_refuse_to_withdraw_from_Liaodong,_but_others_suggest_we_accept_their_demands,__which_would_in_turn_curry_favor_with_the_rest_of_the_great_powers.;;;;;;;;;;;;;
EVTDESC1316187;\n\nAs_reports_continue_to_arrive_about_the_Japanese_victory_against_China,_we_have_received_an_envoy_from_the_Russian_Tsar,_asking_for_our_support_in_their_intervention_against_Japan._Russia_argues_that_if_the_treaty_is_not_reverted_by_Japan_either_willingly_or_under_threat_of_force,_not_only_will_their_sphere_of_influence_in_the_Far_East_be_at_stake,_but_our_own_presence_in_Asia_as_well._With_the_combined_might_of_Russia,_Germany_and_France,_Japan_is_likely_to_back_down._Russia_would_then_be_happy_to_return_the_favor_by_diplomatically_supporting_our_colonial_ambitions_once_this_geopolitical_tension_ends.;;;;;;;;;;;;;
EVTDESC1316188;\n\nOur_threat_of_intervention_has_been_successful._Japan_has_agreed_to_return_Liaodong_to_China_and_withdraw_all_its_forces_from_Manchuria.;;;;;;;;;;;;;
EVTDESC1316287;\n\nJapan_has_refused_to_withdraw_from_Liaodong,_either_believing_our_threats_are_insincere_or_that_they_can_best_our_forces_in_battle._Whatever_the_reason_for_their_insolence,_we_are_prepared_for_war,_and_our_allies_are_ready_to_join_us_once_we_make_the_call_to_arms.;;;;;;;;;;;;;
EVTDESC1316088;\n\nWe_have_been_informed_that_Russia,_not_pleased_with_their_southern_island_neighbors'_encroachment_into_Manchuria,_has_forced_Japan_to_return_the_Liaodong_Peninsula_to_us,_with_the_only_condition_being_that_we_pay_Japan_an_additional_30_million_taels_in_compensation._This_is_hardly_an_expense_to_us,_considering_the_200_million_taels_we_already_owe_them_as_war_reparations.;;;;;;;;;;;;;
EVTDESC800806;\n\nAs_our_influence_in_the_Far_East_grew_and_our_need_for_expanding_into_warmer_waters_became_clear,_the_concept_of_"Yellow_Russia"_started_to_form,_first_as_to_describe_the_mix_of_Russian_and_Asian_culture_in_our_far_eastern_territories_and_then,_as_China_grew_weaker_and_weaker,_as_a_plan_to_expand_into_Chinese_territory,_especially_Manchuria._Now,_with_Inner_Manchuria_under_our_direct_control,_we_can_finally_consolidate_the_concept_of_Yellow_Russia,_with_our_advisors_discussing_if_we_should_integrate_Manchuria_directly_into_our_nation_or_let_if_be_run_by_a_viceroy_to_better_manage_this_colonial_project.;;;;;;;;;;;;;
yellow_russia_mongolia_title;Integrate Mongolia into Zheltorossiya;;;;;;;;;;;;;
yellow_russia_mongolia_desc;With our control over Mongolia, we could expand Zheltorossiya and hand these lands over to the government in Harbin, that would, without a doubt, better be able to hold the Mongolian Steppes.;;;;;;;;;;;;;
yellow_russia_xinjiang_title;Integrate Xinjiang into Zheltorossiya;;;;;;;;;;;;;
yellow_russia_xinjiang_desc;With our control over Xinjiang, we could expand Zheltorossiya and hand these lands over to the government in Harbin, that would, without a doubt, better be able to hold Dzungaria.;;;;;;;;;;;;;
yellow_russia_gansu_title;Finalize Zheltorossiya;;;;;;;;;;;;;
yellow_russia_gansu_desc;With our control over Xinjiang and Mongolia, we are almost reaching the final borders we planned for Zheltorossiya. What remains is to push through the Gansu province, so that our border follows the Yellow River. That would certainly make defense of the region easier, but contrary to the rest of Zheltorossiya, Gansu is densely populated, making it harder to control than the rest of Zheltorossiya.;;;;;;;;;;;;;
EVTDESC800805;\n\nAfter_some_initial_outcry,_it_seems_that_Poland_has_calmed_somewhat_after_the_unrest_caused_by_the_massacre_in_Warsaw._However,_it_appears_the_Poles_were_drafting_a_proposal_full_of_reforms_to_guarantee_Poland’s_security._The_reforms_are_quite_radical_—_calling_for_the_restoration_of_Congress_Poland_and_the_Constitution_of_1830,_albeit_with_significant_compromises_meant_to_appease_us_and_make_it_more_difficult_for_Poland_to_rebel._\n\nNow,_our_advisors_are_now_left_to_discuss_these_controversial_proposals._Unsurprisingly,_most_of_them_have_expressed_deep_distrust_toward_the_Poles,_but_some_have_pointed_out_that_restoring_Poland_could_serve_as_a_tool_to_undermine_German_control_over_regions_such_as_Poznan_and_Galicia._In_any_case,_this_move_by_the_Polish_reveals_a_certain_level_of_organization_—_indicating_that_there_may_be_consequences_if_we_ignore_their_their_"suggestions".;;;;;;;;;;;;;
EVTDESC800824;\n\nWith_our_hegemony_over_the_Baltic,_it_has_come_to_our_attention_that—while_we_have_the_government_in_Riga_as_a_puppet—there_is_also_Lithuania,_the_once-mighty_Grand_Duchy,_now_greatly_reduced_in_size._Now_that_we_hold_significant_influence_over_both_states,_we_have_a_decision_to_consider._\n\nThere_has_been_some_discussion_among_our_advisors_regarding_the_region._One_group_supports_recent_requests_from_the_government_in_Riga,_asking_us_to_hand_Lithuania_over_to_them._While_this_would_undoubtedly_strengthen_Riga’s_position,_it_would_also_increase_their_autonomy—even_if_they_had_to_face_some_initial_discontent_from_the_Lithuanian_population._On_the_other_hand,_a_few_advisors_have_pointed_out_that_Lithuania,_though_diminished,_could_have_its_claims_supported_by_us._This_would_allow_us_to_significantly_expand_its_territory,_turning_it_into_a_valuable_ally—one_that_remains_firmly_under_our_control.;;;;;;;;;;;;;
settlement_of_the_steppe_title;Settle the Kazakh Steppes;;;;;;;;;;;;;
settlement_of_the_steppe_desc;As our first conquest in Central Asia, the land of the Kazakhs has been administered through the Governor-Generalship of the Steppes, primarily maintained by scattered Russian forts and pockets of Russian-dominated cities across the region. With the pacification of the area now complete, our next step is to encourage Russian settlement—taking advantage of the vast expanses of fertile land in northern and eastern Kazakhstan, even at the cost of disrupting nomadic routes and driving the Kazakhs our of their traditional grazing pastures, leaving them open to be transformed into Russian farms.;;;;;;;;;;;;;
FRM_colonial_company_4;German Confederation;;;;;;;;;;;;;
FRM_colonial_company_4_ADJ;German;;;;;;;;;;;;;
WES_colonial_company_4;Hesse-Westphalia;;;;;;;;;;;;;
LUB_colonial_company_4;The Hanseatic League;;;;;;;;;;;;;
LUB_colonial_company_4_ADJ;Hanseatic;;;;;;;;;;;;;
start_german_reorg_title;Reform the German Confederation;;;;;;;;;;;;;
start_german_reorg_desc;§RGain 5 infamy§! Despite having no desire to create a unified German nation, our victory against Prussia has granted us near-total hegemony over the former German Confederation—excluding only Prussia proper. This does not mean, however, that the winds of German nationalism have subsided, on the contrary, it remains the most serious threat to our hold over the Confederation. To secure our dominance, we could assert control over the Federal Convention in Frankfurt, enabling us to shape legislation that would entrench—and even expand—our hegemony over Germany without opposition.;;;;;;;;;;;;;
ruhr_comission_title;Establish the Rhenish Industrial Commission;;;;;;;;;;;;;
ruhr_comission_desc;§RGain 5 infamy§! Now that we hold control over the Federal Convention in Frankfurt, we can begin reorganizing Germany to secure our hegemony over the German Confederation. While there are many states for us to consider, one of the most pressing ones would be the Rhineland. The lands along the Rhine have seen a significant boom in industrialization, which would greatly benefit our empire. Thus, we have put forth a proposal in the Federal Convention, to establish the Rhenish Industrial Commission which would, on paper,further boost industrialization in the Ruhr but, in reality, it would give us total control over the Rhenish affairs;;;;;;;;;;;;;
hesse_westphalia_union_title;Propose the Union of Hesse-Westphalia;;;;;;;;;;;;;
hesse_westphalia_union_desc;§RGain 5 infamy§! Now that we hold control over the Federal Convention in Frankfurt, we can begin reorganizing Germany to secure our hegemony over the German Confederation. While there are many states for us to consider, it recently came to our attention the matter of the duchy of Westphalia and the Hesse states. Westphalia has been under the control of a Habsburg noble ever since the end of the war against Prussia. But now, with our control over Frankfurt, we may change that. This time, one of our advisors has giving the idea of ordering the Duke of Westphalia to resign and partition his land between the states of Hesse, on the condition that they band together in the Union of Hesse-Westphalia and, of course, be loyal to us afterwards.;;;;;;;;;;;;;
reward_hannover_title;Reward the Kingdom of Hanover;;;;;;;;;;;;;
reward_hannover_desc;§RGain 8 infamy§! Now that we hold control over the Federal Convention in Frankfurt, we can begin reorganizing Germany to secure our hegemony over the German Confederation. While there are many states to consider, one stands out: our loyal allies in Hanover. Having only recently gained independence from London, the Kingdom of Hanover has aligned with Austria from day one and supported the German Confederation in both Schleswig Wars. Perhaps it is time to reward this noble nation by expanding its territory—on the condition, of course, that it swears fealty to us.;;;;;;;;;;;;;
create_the_hansa_title;Establish the Hanseatic League;;;;;;;;;;;;;
create_the_hansa_desc;§RGain 2.5 infamy§! Now that we hold control over the Federal Convention in Frankfurt, we can begin reorganizing Germany to secure our hegemony over the German Confederation. While there are many states to consider, it is time we turn our attention to the Free and Hanseatic Cities of Bremen, Hamburg, and Lübeck. These cities aligned themselves with Prussia, giving us more than enough justification to simply incorporate them into Hanover and Mecklenburg. However, doing so would undoubtedly alienate many of the smaller states within the Confederation—most of which also sided with Prussia. Instead, we shall reform the Hanseatic League, uniting the three cities into a single state. This new entity will receive greater autonomy within the German Confederation, while still remaining subordinate to its executive authority—our emperor.;;;;;;;;;;;;;
unite_thuringia_title;Unite Saxony with Thuringia;;;;;;;;;;;;;
unite_thuringia_desc;§RGain 5 infamy§! Now that we hold control over the Federal Convention in Frankfurt, we can begin reorganizing Germany to secure our hegemony over the German Confederation. While there are many states to consider, the matter of the Saxon states now calls for our attention. The Kingdom of Saxony has long been our ally, with the Austrian Emperor having protected it from annexation by Prussia during the Congress of Vienna. It is now time to reward Saxony and ensure it remains within our sphere of influence—by uniting Thuringia with its kingdom. In doing so, we not only reward Saxony for its loyalty but also grant it jurisdiction over the Thuringian duchies—most of which sided with Prussia during our war against them.;;;;;;;;;;;;;
unify_mecklenburg_title;Unify the Duchy Mecklenburg;;;;;;;;;;;;;
unify_mecklenburg_desc;§RGain 2.5 infamy§! Now that we hold control over the Federal Convention in Frankfurt, we can begin reorganizing Germany to secure our hegemony over the German Confederation. While there are many states to consider, it is probably for the best that we get the question of Mecklenburg out of the way. The Duchy of Mecklenburg was an ally of Prussia, but there is no need to punish them. Instead, to guarantee their loyalty, we could unite them with the smaller Duchy of Mecklenburg-Strelitz, while also getting some concessions from them that would give us control over them.;;;;;;;;;;;;;
martial_law_brandenburg_title;The Brandenburg Plot;;;;;;;;;;;;;
martial_law_brandenburg_desc;§RGain 12.5 infamy§! Now that we hold control over the Federal Convention in Frankfurt, we can begin reorganizing Germany to secure our hegemony over the German Confederation. While there are many states to consider, an urgent matter is that of Brandenburg and Pomerania. Both states have been separated from Prussia and are currently under heavy oversight by both our Empire and the German Confederation. Needless to say, our control over the region is unstable—these lands were long held by the Hohenzollerns, and resistance to our rule is to be expected. Fortunately, one of our advisors has devised a plan: to forge a conspiracy suggesting that Brandenburg intends to return to Hohenzollern rule. This would provide us with the justification to declare martial law over both Brandenburg and Pomerania, allowing us to seize permanent control of the duchies.;;;;;;;;;;;;;
EVTDESC800825;\n\nWith_our_victory_over_Prussia,_it_has_been_reduced_to_little_more_than_a_rump_state_in_the_Baltic,_a_far_cry_from_the_days_they_were_a_contender_for_the_throne_of_Germany._But,_it_seems_that_their_situation_is_about_to_get_worse._\n\nWith_unrest_brewing_in_Poland,_the_Polish_population_in_Prussia_seems_to_also_have_some_strong_desires_for_independence,_as_do_the_ones_under_Russian_rule._But,_seeing_our_treatment_of_the_Polish_people,_a_secretive_delegation_of_Polish_partisans_from_the_province_of_Poznan_has_come_to_talk_to_us,_asking_for_our_support_to_start_a_Polish_uprising_in_Greater_Poland,_promising_to_be_loyal_to_us_after_their_independence_from_Prussia,_as_long_as_they_are_granted_some_autonomy._Naturally,_we_were_a_bit_skeptical_of_their_offer,_but_they_seem_like_a_good_opportunity_to_cripple_the_Prussians_further,_even_if_it_will_take_some_time_for_their_revolt_to_actually_start.;;;;;;;;;;;;;
EVTDESC800826;\n\nAs_unrest_brews_in_Russian_Poland,_it_seems_that_we_aren't_immune_to_the_growing_Polish_agitation._Much_to_the_contrary,_it_would_seem_that,_the_Grand_Duchy_of_Poznan,_which_is_majority_Polish,_has_followed_the_winds_of_Polish_nationalism_and_declared_independence_from_us,_with_the_government_in_Vienna_being_the_first_to_declare_support_to_it._\n\nWe_cannot_overstate_how_much_this_hurts_us._The_loss_of_Poznan_would_mean_the_loss_of_a_third_of_a_remaining_territory,_but_fighting_against_the_uprising_would_mean_fighting_against_the_Austrians_again...;;;;;;;;;;;;;
EVTDESC800827;\n\nWith_the_provisional_government_in_Poznan_being_able_to_achieve_their_independence,_our_diplomats_have_already_began_talks_with_its_representatives,_the_same_which_came_to_our_capital_months_ago._Luckily,_it_seems_that_they_are_happy_to_follow_through_their_end_of_the_deal,_letting_us_help_"guide",_especially_in_foreign_affairs,_turning_them_effectively_into_our_puppet._Other_than_that,_it_is_clear_that_the_these_revolutionaries_have_been_emboldened_by_our_support,_suggesting_us_that_they_could_even_form_a_loyal_government_in_Warsaw_for_a_united_Polish_state,_if_the_situation_allows_it...;;;;;;;;;;;;;
EVTDESC800828;\n\nWith_the_release_of_non-German_lands_from_the_Austrian_Empire,_it_seems_that_there_were_left_some_loose_ends_by_the_Polish_border._On_the_border,_lies_the_city_of_Frauenstadt,_known_as_Wadowice_in_Polish._The_city,_despite_being_part_of_the_German_Confederation,_is_still_claimed_by_the_Polish,_with_a_significant_Polish_majority._Maybe_it_is_for_the_better_that_we_let_the_Polish_have_the_city,_to_preserve_relations_with_these_newly_established_states.;;;;;;;;;;;;;
EVTDESC800829;\n\nAfter_300_years_of_Habsburg_rule_over_Bohemia,_it_has_become_one_of_the_richest_regions_of_our_Empire_and_even_part_of_the_first_German_Confederation,_despite_being_a_mostly_Slavic_region._It_has_been_part_of_the_German_world_for_about_800_years,_ever_since_the_Holy_Roman_Empire,_being_one_of_its_electors,_being_influenced_by_and_even_influencing_Germany_at_some_point,_with_Bohemian_kings_being_elected_Holy_Roman_Emperor_for_a_time._But,_despite_these_800_years_of_contact_with_Germany,_the_Czechs_remain_mostly_Slavic,_with_German_being_spoken_mostly_in_Prag_and_the_borderlands._\n\n_Now,_with_the_issue_of_Bohemia_dominating_the_Federal_Convention,_it_is_time_to_decide:_do_we_put_our_efforts_into_integrating_Bohemia_and_its_people_despite_the_turmoil_it_may_cause?_Or_do_we_save_ourselves_the_hassle_and_finally_let_them_go,_granting_them_special_autonomy?;;;;;;;;;;;;;
EVTDESC800830;\n\nAfter_another_triumphal_victory_against_France,_our_troops_occupy_the_most_of_the_eastern_bank_of_the_Meuse._But,_beyond_the_river,_sits_Belgium,_a_state_meant_to_act_as_a_buffer_between_us_and_France._Now,_with_another_victory_against_the_French,_Belgium's_existence_as_a_buffer_proves_to_hardly_deter_the_conflict_between_our_nations._Perhaps_it_is_time_that_we_end_this_little_"Belgium_Experiment"_that_has_been_ongoing_to_this_day,_either_by_separating_Flanders_from_Wallonia_or_even_taking_Wallonia_for_ourselves_and_giving_Flanders_to_the_Dutch.;;;;;;;;;;;;;
EVTDESC800831;\n\nYears_after_the_Franco-Prussian_War,_we_finally_scored_a_triumphal_victory_against_Germany!_The_Germans_tried_to_take_Lorraine_from_us,_but_ended_up_paying_a_heavy_price_for_their_hubris._While_we_could_be_happy_with_just_Alsace-Loirrane,_with_such_a_victory,_we_can't_help_but_rekindle_our_old_ambitions_on_the_Rhine._Our_troops_are_already_occupying_the_west_bank_of_the_river,_with_some_of_our_advisors_saying_we_should_share_pieces_of_Germany_with_the_Benelux_countries,_to_draw_them_into_war_with_Germany_as_well,_in_case_of_a_future_war._On_the_other_hand,_we_could_just_have_the_Rhine_for_ourselves._Despite_that,_shockingly,_we_receive_a_proposal_from_the_Russian_Foreign_Relations_Minister,_suggesting_that_we_take_only_the_Palatinate,_giving_Northern_Rhineland_to_our_Belgium_allies,_significantly_strengthening_them.;;;;;;;;;;;;;
EVTDESC800855;\n\nAfter_a_long_period_of_integration,_today_we_finally_welcome_a_another_state_in_our_union!_$COUNTRY$_has_the_privilege_of_growing_while_unifying_the_opressed_peoples_of_Eastern_Europe,_with_representatives_coming_to_our_capital_to_become_part_of_our_government_and_ratify_their_last_treaty_before_they_are_properly_integrated_into_our_nation.;;;;;;;;;;;;;
EVTDESC800832;\n\nWith_our_hegemony_over_the_new_German_Confederation_and_our_oversight_over_the_Rhineland_and_Hesse,_some_of_our_advisors_are_suggesting_that_we_make_some_minor_adjustments_to_the_our_border_with_these_two_states,_guaranteeing_a_border_with_Frankfurt_itself_and_keep_control_over_the_Bavarian_Palatinate._Seeing_as_the_Rhineland's_ownership_of_the_Palatinate_was_always_meant_to_be_temporary_and_the_dukes_of_Hesse_have_properly_been_compensated_with_lands_in_Westphalia,_redrawing_the_border_would_be_met_with_little_to_no_resistance_from_them._\n\nThis_would_be_done_by_annexing_these_regions_into_the_South_German_Confederation,_which_we_hold_a_tighter_grip_on—being_ruled_directly_from_Vienna.;;;;;;;;;;;;;
EVTDESC800833;\n\nWith_the_recent_release_of_the_non-German_lands_of_the_Austrian_Empire,_we_can't_deny_that_some_matters_were_left_unresolved._Today,_it_came_to_our_attention_that,_despite_now_being_united,_Dalmatia_and_Croatia_were_never_formally_united_after_the_release_of_the_Kingdom_of_Croatia._Croatia_was_originally_under_Hungary_and_the_Crown_of_Saint_Stephen,_separated_from_Dalmatia,_with_it_being_its_own_kingdom_conquered_by_Austria_during_the_Napoleonic_Wars._\n\nNow_we_are_left_to_decided_the_status_of_Croatia._Are_we_legitimizing_the_union_with_Dalmatia?_Or_maybe_we_could_even_reunite_Croatia_with_Hungary,_now_that_the_Revolutions_of_1848_are_behind_us...;;;;;;;;;;;;;
EVTDESC800834;\n\nNow_that_the_matter_of_Croatia_is_resolved,_there_is_still_a_loose_end_that_we_need_to_deal_with,_the_fate_of_Sankt_Veit,_a_city_in_the_Adriatic_Coast_which_was_originally_part_of_Croatia,_but_that_we_retained_control,_to_guarantee_our_presence_in_the_Adriatic._But_now_that_we_consolidated_our_rule_over_Germany_we_have_to_decided_if_we_are_to_officially_annex_Sankt_Veit_into_Germany_or_if_we_will_return_it_to_the_Kingdom_of_Croatia.;;;;;;;;;;;;;
EVTDESC800835;\n\nWhen_we_were_liberated_from_the_Russians,_we_thought_that_$FROMCOUNTRY$_would_just_become_our_new_overlords._But_to_our_surprise,_$FROMCOUNTRY$_has_declared_support_our_claims_in_White_Ruthenia,_restoring_the_borders_drawn_by_Napoleon_in_1812!_\n\nWhile_obvious_that_this_is_just_$FROMCOUNTRY$_seeking_to_expand_their_influence_through_us,_it_is_still_promising_to_see_them_supporting_us_instead_of_establishing_a_Ruthenian_state_or_even_integrating_us_in_a_Baltic_union...;;;;;;;;;;;;;
EVTDESC800836;\n\nThe_$FROMCOUNTRY_ADJ$_diplomats_have_refused_our_offer,_leaving_our_issues_around_the_spheres_of_influence_in_the_East_Indies_unresolved.;;;;;;;;;;;;;
EVTDESC800837;\n\n$FROMCOUNTRY$_has_offered_us_a_deal_in_which_they_would_give_us_their_colony_in_the_Gold_Coast_and,_in_return,_we_would_recognize_their_control_over_the_island_of_Borneo,_in_the_East_Indies._While_we_know_that_their_colony_in_the_Gold_Coast_became_unprofitable,_we_have_no_doubt_that_it_would_be_different_under_our_rule,_as_it_would_be_integrated_into_our_colony_in_the_region._But,_about_Borneo,_while_we_don't_have_such_a_significant_presence_in_the_regiom_it_still_leaves_a_sourt_taste_in_our_mouths_to_hand_it_over_to_the_Dutch,_since_that_would_mean_stripping_James_Brooke,_the_White_Rajah_of_Sarawak,_of_his_rightful_lands...;;;;;;;;;;;;;
EVTDESC800838;\n\nThe_$FROMCOUNTRY_ADJ$_diplomats_have_accepted_our_offer!_Taking_the_costly_colony_in_the_Gold_Coast_from_us,_in_return_from_total_hegemony_over_the_island_of_Borneo!_We_shall_be_quick_consolidate_our_rule_over_the_island.;;;;;;;;;;;;;
EVTDESC211607;\n\nToday,_we_received_a_messa_from_$FROMCOUNTRY$_stating_that_they_are_interested_in_buying_Heligoland._The_island_fell_into_our_ownership_during_the_Napoleonic_Wars,_and_now,_many_years_after_our_initial_occupation,_the_place_has_become_little_more_than_a_vacation_spot_and_a_refuge_for_liberal_thinkers_from_the_continent,_having_little_strategic_value_to_us.;;;;;;;;;;;;;
EVTDESC211608;\n\nThe_$FROMCOUNTRY_ADJ$_have_agreed_to_sell_Heligoland_to_us!_We_already_shipped_them_their_payment_and_sent_a_small_garrison_to_guarantee_control_over_the_island._It_won't_take_long_to_fully_incorporate_the_island_into_our_nation.;;;;;;;;;;;;;
EVTDESC211609;\n\nThe_$FROMCOUNTRY_ADJ$_have_refused_to_sell_Heligoland_to_us!_It_seems_they_are_far_too_attached_to_this_glorified_rock-turned-vacation_spot.;;;;;;;;;;;;;
buy_heligoland_title;The Heligoland Purchase;;;;;;;;;;;;;
buy_heligoland_desc;The island of Heligoland is a small island off the coast of Germany, traditionally considered part of Schleswig or the Frisian Islands. With our control over the Frisian Islands, we maybe could try to buy Heligoland from the British. The island is small and over the years—instead of becoming a naval base—it evolved into a vacation spot and safe haven for German liberals, so they wouldn't mind handing them over to us—for a small price, of course.;;;;;;;;;;;;;
EVTDESC800839;\n\nAfter_a_decisive_victory_against_the_British,_the_Dutch_have_returned_to_South_Africa,_setting_up_shop_in_Cape,_as_they_did_before_the_Napoleonic_Wars._While_the_Dutch_are_technically_our_kin,_the_tyranny_of_the_VOC_caused_our_ancestors_to_be_alienated_into_fleeing_from_their_rule._But_now,_with_the_end_of_the_VOC_and_their_victory_against_the_British,_it_may_be_a_good_idea_to_reunite_with_them,_guaranteeing_our_safety_and_acess_to_their_markets.;;;;;;;;;;;;;
EVTDESC800840;\n\n$FROMCOUNTRY$_has_invited_us_to_unite_them_in_preparation_to_joining_the_Dutch_once_again._While_we_are_a_bit_held_back_by_the_proposal,_seeing_that_our_ancestors_had_to_flee_from_VOC_rule,_this_was_a_long_time_ago_and_the_VOC_is_long_dead,_so_it_may_be_worth_a_shot...;;;;;;;;;;;;;
EVTDESC800841;\n\nEver_since_our_reconquest_of_the_Cape,_our_eyes_have_turned_towards_the_Boer_states_around_the_Drakensberg_Range._The_Boer_were_once_dutchmen_employed_by_the_VOC,_but_released_of_their_contracts_to_settle_the_Cape._Along_the_years,_the_rule_of_the_VOC_proved_to_be_pretty_unpopular,_causing_them_to_leave_the_Cape_and_migrate_away_from_big_cities_in_droves._But_now,_as_we_were_deciding_what_to_do_with_the_Boer_states,_a_Voltrekeer_delegation_has_visited_our_administration_in_Kaap_and_petitioned_the_annexation_of_the_South_African_Republic_and_its_incorporation_into_our_great_nation!;;;;;;;;;;;;;
ENGFREDESC;\n\nAfter centuries being ruled from London, we are once again free from the English yoke! But now that we are finally free to pursue our own path, we can't deny that the English left a significant vacuum in the governance of our nation. \n\nThat is why, if we are to enter the world stage and become a proper nation once again, we need to answer an important question: what is the source of legitimate power in our new nation?;;;;;;;;;;;;;
EVTDESC31502001;\n\nAs_the_dust_finally_settles_and_our_new_government_gets_into_place,_there_is_one_last_question_that_we_must_tackle,_the_so_called_"German_Question"._While_we_are_greatful_for_both_external_and_internal_German_support_for_our_independence,_now_that_we_are_free,_we_can't_deny_that_the_German_minority_could_pose_a_treat_to_our_state_in_the_future._While_they_transfered_the_governance_of_the_Baltic_nation_has_passed_on_to_the_Baltic_people,_the_Baltic_Germans_still_enjoy_quite_a_lot_of_privileges_and_we_fear_that,_with_the_rise_of_nationalism_in_Europe,_they_will_strive_to_join_Germany,_which_would—with_no_doubt—undermine_the_Baltic_natives_if_they_were_to_succeed._It_may_be_prudent_to_start_to_crackdown_on_their_power_before_they_can_start_conspiring_against_out_nation.;;;;;;;;;;;;;
EVTDESC800843;\n\nOur_diplomat_in_Riga_informs_us_that,_amidst_the_current_economic_crisis_happening_in_our_Baltic_allies,_the_German_elite_in_Riga_came_to_us_with_a_offer,_to_have_us_bail_Riga_out_of_this_economic_disaster_and,_in_turn,_having_it_be_incorporated_into_our_nation._\n\nWhile_it_looks_like_a_pretty_good_deal,_it_is_obvious_that_it_would_alienate_our_Baltic_allies_beyond_repair.;;;;;;;;;;;;;
EVTDESC800844;\n\nWhile_we_still_recover_from_our_current_economic_situation,_we_are_met_with_a_small_$FROMCOUNTRY_ADJ$_fleet_trying_to_dock_into_Riga._While_we_usually_could_tolerate_an_unexpected_visit_from_the_Germans,_this_time_it_is_different,_the_Germans_have_informed_us_that_they_just_bought_Riga_after_brief_negotiations_with_the_local_German_government_and_the_city_is_now_theirs._We_can't_deny_that_such_a_betrayal_is_devastating,_especially_in_our_current_situation,_but_know_we_are_left_with_two_options:_accepting_letting_the_Germans_take_over_the_city_or_leave_it_clear_that_Riga_is_not_for_sale.;;;;;;;;;;;;;
EVTDESC800845;\n\nWhile_we_still_recover_from_our_current_economic_situation,_we_got_the_news_that_the_$FROMCOUNTRY_ADJ$_government_has_offered_to_send_us_a_considerable_ammount_of_money_to_help_us_get_back_on_our_feet._Obviously,_some_of_that_help_is_to_be_sent_directly_towards_the_Germans_living_in_our_nation,_but_the_rest_is_all_ours_to_enjoy,_to_pay_our_debts_or_to_invest_into_getting_our_economy_out_of_this_mess.;;;;;;;;;;;;;
EVTDESC800846;\n\nWith_our_fleet_trying_to_dock_into_Riga,_we_had_a_small_exchange_with_the_Baltic_government,_where_they_left_clear_that_despite_what_the_local_government_said,_Riga_is_not_for_sale._While_that_doesn't_surprise_us,_we_still_can't_deny_that_the_germans_in_Riga_desire_to_be_ruled_by_us._At_this_point,_we_could_either_cut_our_losses_or_strike_down_our_old_allies_and_not_let_them_rule_themselves_anymore.;;;;;;;;;;;;;
EVTDESC800847;\n\nWith_the_recent_economic_ruin_we_are_facing,_our_government_is_struggling_to_get_our_economy_in_order._With_our_people_suffering,_some_of_our_advisors_have_started_talks_with_our_German_allies,_and_it_seems_that_the_German_diplomats_have_thrown_around_the_idea_of_asking_our_allies_for_a_bail._While_this_could_literally_save_our_economy,_it_wouldn't_be_for_free,_the_German_diplomats_have_insinuated_that_such_a_bail_would_come_with_our_liberty_as_its_price...;;;;;;;;;;;;;
EVTDESC800848;\n\nObserving_the_current_economic_downturn_in_the_Baltic_Duchy,_our_diplomats_in_Riga_saw_an_opportunity_to_increase_our_influence_in_our_ally,_managing_to_convince_the_Baltic_government_to_offer_us_a_deal:_we_bail_them_off_of_their_current_debts_and,_in_return,_they_will_let_us_have_oversight_over_their_government—turining_them_into_our_puppets.;;;;;;;;;;;;;
EVTDESC800849;\n\nOur_allies_have_accepted_to_bail_us_out._With_our_coffers_swelling_with_the_German_relief,_we_can't_help_but_wonder_if_that_is_worth_all_of_that_was_worth_giving_our_liberty_away._We_can_just_hope_now_that_the_non-German_population_in_our_nation_doesn't_get_too_upset_about_it.;;;;;;;;;;;;;
EVTDESC800850;\n\nDespite_our_generous_offer,_the_German_government_has_refused_to_bail_us_out._Maybe_they_are_not_as_well_off_as_we_thought,_or_maybe_they_are_doing_us_a_favor_letting_us_handle_our_situation_ourselves.;;;;;;;;;;;;;
EVTDESC800851;\n\nEver_since_our_independence,_our_ties_with_Germany_have_been_strong._And,_with_the_special_place_Germans_have_in_our_nation,_it_would_seems_that_a_few_germans_began_to_immigrate_to_our_nation._While_we_certainly_could_are_glad_to_get_more_people,_we_can't_deny_that_too_much_migration_could_lead_to_some_conflict_with_with_the_local_Baltic_population_in_the_future_in_the_future.;;;;;;;;;;;;;
EVTDESC800852;\n\nWith_our_ruler_being_also_the_Duke_of_Mecklenburg-Schwerin,_our_connections_with_the_German_nobility_are_strong._Because_of_that,_recently,_some_nobles_from_our_ruler's_homeland_have_decided_to_settle_in_the_Baltic,_joining_the_rest_of_the_German_immigrants_that_are_slowly_settling_in_the_Baltic...;;;;;;;;;;;;;
EVTDESC800853;\n\nWhile_the_Hanseatic_League_is_long_dead,_we_have_a_long_history_with_it._Reval,_Pernau_and_even_our_capital,_Riga,_have_all_been_part_of_Hanseatic_League_in_the_past,_because_of_that,_we_have_been_working_on_creating_a_bond_with_Bremen,_Lubeck_and_Hamburg_in_Germany,_with_those_being_the_last_"Hanseatic"_cities_remaining._Now,_after_months_of_negotiations,_we_managed_to_strike_a_deal_with_such_cities,_sigining_a_treaty_allowing_the_free_movement_of_workers_between_these_old_Hanseatic_cities.;;;;;;;;;;;;;
welcome_the_yugoslavs_title;Welcome the South Slavs;;;;;;;;;;;;;
welcome_the_romanians_title;Welcome the Romanians;;;;;;;;;;;;;
welcome_the_polish_title;Welcome the Polish;;;;;;;;;;;;;
welcome_the_yugoslavs_desc;As we grant a special place for the slavs in our nation, we have already granted rights to the Croats, but, with our centuries-long influence over the South Slavic peoples, it is only natural that we start striving to integrate all of the South Slavs into our nation, granting them a place in our Austro-Slavic union over the Danube.;;;;;;;;;;;;;
welcome_the_romanians_desc;After a total transformation of our nation into a Danubian Federation, the Romanians already have a place in our nation, due to them being the dominant population in Transylvania. But, with Romania under our influence, we could spend some political capital to integrate it into our nation, expanding the our nation until it reachs the Black Sea.;;;;;;;;;;;;;
welcome_the_polish_desc;With our union with the Slavic people, one of the biggest slavic groups in our nation are the Polish. Naturally, ever since the partitions of Poland, we ruled over a significant Polish minority, keeping it even as Napoleon created the Duchy of Warsaw. Now, with the Polish becoming members of our Austro-Slavic nation, we have the change to protect the Polish from both Prussian and Russian threats, by integrating them into our nation once we manage to hold enough sway over them.;;;;;;;;;;;;;
EVTDESC800854;\n\nWith_the_success_of_our_revolution_against_the_$COUNTRY_ADJ$_aristocracy,_we_give_light_to_a_new_era_for_our_people._But_now,_with_the_rise_of_Socialism,_it_seems_that_a_new_wave_of_ideas_has_have_hit_our_nation._While_these_new_ideas_are_still_a_minority_in_our_government,_we_can't_deny_that_the_winds_of_change_are_upon_us_and—with_the_liberal_mindset_that_sparkled_the_Revolutions_of_1848_becoming_the_new_status_quo—we_have_no_doubt_that_the_socialists_are_here_to_stay,_as_new_faction_pushing_political_change.;;;;;;;;;;;;;
truly_baltic_title;A Truly Baltic Nation;;;;;;;;;;;;;
truly_baltic_desc;§RGain 10 infamy§! Despite enjoying German help to fight the Russians, we couldn't risk having the Germans taking the place of the Russians as our new overlords. Because of that, the revolution was born, with the Baltic people storming the Landtag and declaring the creation of $COUNTRY$. Despite that, we can't deny that Germany still holds lots of sway over our nation, bringing some question to the legitimacy of our regime. So, to quell any doubts about the sovereignty of $COUNTRY$, we shall prove ourselves to be a truly Baltic republic, by claiming Prussia, leaving it clear once and for all that we aren't mere subservient to Berlin. \n\n§RPulling yourself out of German protection is a dangerous game for the player, especially if you are a Radical Republic! Not only you will have no protector against Russia, but the European powers won't shy away from putting down a nation that openly defies the European order, no matter how puny it looks!§!;;;;;;;;;;;;;
baltic_ambition_title;Our Ambitions;;;;;;;;;;;;;
baltic_ambition_desc;Despite being a Russian governate until recently, we managed to achieve a quite privileged position among Europena powers, despite maybe still not reaching the level of prestige and power of nations such as France and Britain. That, paired with our agressive expansion, left us wanting more. Now that we are free from outside influence, our nation grew more and more ambitious and, with the conquest of Prussia, we couldn't help but feel emboldened to persue such ambitions.;;;;;;;;;;;;;
EVTDESC800856;\n\nAs_the_dust_settles_from_our_conquest_of_Prussia,_there_grows_the_speculation_about_what_is_the_next_step_for_our_great_nation._Thus,_now,_the_time_has_come_for_a_bold_step_to_be_taken:_$COUNTRY$_is_to_persue_the_leadership_of_Germany!_Inspired_by_the_Revolutions_of_1848,_we_recognize_that_the_true_revolution_shall_be_carried_by_us,_with_the_destiny_of_Germany_being_the_unification_under_$COUNTRY_ADJ$_banner!_\n\n§RDespite_giving_you_a_hand_in_your_first_steps_towards_seizing_the_leadership_of_Germany,_from_now_on,_you_are_on_your_on!_You_shall_unify_Germany_in_your_regime's_image,_or_die_trying!§!;;;;;;;;;;;;;
EVTDESC800857;\n\nAs_the_dust_settles_from_our_conquest_of_Prussia,_there_grows_the_speculation_about_what_is_the_next_step_for_our_great_nation._Thus,_now,_the_time_has_come_for_a_bold_step_to_be_taken:_$COUNTRY$_is_to_persue_the_liberation_of_the_Polish,_Lithuanians_and_Ruthenians_within_the_Russian_Empire!_Inspired_by_the_repeated_attempts_of_freedom_persued_by_the_Polish,_Lithuanian_and_Ruthenian_people,_we_can't_help_but_feel_forced_to_liberate_from_Russian_rule,_to_persue_a_multinationl_state,_able_to_resist_Russia_under_$COUNTRY_ADJ$_leadership._\n\n§RDespite_giving_you_a_hand_in_your_first_steps_towards_liberating_the_lands_of_the_old_Commonwealth,_from_now_on,_you_are_on_your_on!_You_shall_liberate_Eastern_Europe_in_your_regime's_image,_or_die_trying!§!;;;;;;;;;;;;;
EVTDESC73649209;\n\nAfter_the_last_Schleswig_War,_the_Austrian_Empire_promissed_us_that_it_would_realize_a_referendum_in_Schleswig_at_a_later_date,_to_let_the_population_decide_if_they_truly_wanted_to_become_a_part_of_Germany,_seeing_as_it_has_a_significant_Danish_population._Thus,_when_war_broke_out_between_it_and_Prussia,_we_feared_that_that_promise_may_soon_be_null_and_void,_as_Austria_would_be_unable_to_fulfill_if_it_was_defeated_but,_int_a_surprising_turn_of_events,_Austria_has_managed_to_keep_their_position_as_head_of_the_German_world_and_thus,_maybe_it_is_a_good_time_to_ask_about_that_referenfum_they_promised.;;;;;;;;;;;;;
EVTDESC73649200;\n\nAfter_the_last_Schleswig_War,_we_promissed_the_Danes_that_we_would_realize_a_referenfum_in_Schleswig_at_a_later_date,_to_let_the_population_decide_if_they_truly_wanted_to_become_a_part_of_Germany,_seeing_as_it_has_a_significant_Danish_population._Thus,_when_war_broke_out_with_Prussia,_this_promise_became_the_least_of_our_concerns._But_now,_with_our_resounding_victory_against_Prussia,_the_Danes_seem_to_think_it_is_the_best_time_for_us_to_fulfill_our_little_promise.;;;;;;;;;;;;;
EVTDESC73649201;\n\nThe_Austrians_have_accepted_to_realize_the_referendum!_We_shall_know_the_results_in_a_month_or_so...;;;;;;;;;;;;;
EVTDESC73649202;\n\nThe_Austrians_have_refused_to_realize_the_referendum!_It_would_seem_that_the_victory_against_Prussia_has_embolden_them_beyond_reason...;;;;;;;;;;;;;
EVTDESC73649203;\n\nThe_Danish_asked_for_a_referedum_in_Schleswig_and_the_Austrians_aquiested._Lets_see_how_it_goes...;;;;;;;;;;;;;
EVTDESC73649204;\n\nIt_was_a_tense_month_in_Schleswig,_with_the_Danish_and_German_populations_still_felling_a_certain_animosity_from_the_Schleswig_War._But_it_would_seem_that_the_vote_is_finally_over,_with_North_Schleswig_voting_to_join_Denmark,_while_the_South_chose_to_remain_German!;;;;;;;;;;;;;
EVTDESC73649205;\n\nIt_was_a_tense_month_in_Schleswig,_with_the_Danish_and_German_populations_still_felling_a_certain_animosity_from_the_Schleswig_War._But_it_would_seem_that_the_vote_is_finally_over,_with_Schleswig_voting_to_remain_German!;;;;;;;;;;;;;
EVTDESC73649206;\n\nIt_was_a_tense_month_in_Schleswig,_with_the_Danish_and_German_populations_still_felling_a_certain_animosity_from_the_Schleswig_War._But_it_would_seem_that_the_vote_is_finally_over,_with_Schleswig_voting_to_return_to_the_Danish!;;;;;;;;;;;;;
EVTDESC800858;\n\nWith_our_rise_in_status_to_that_of_a_Asian_power_we_found_ourselves_with_the_desire_to_build_a_proper_sphere_of_influence_in_Asia,_with_the_Chosen_Peninsula_being_one_of_our_most_strategic_targets._Korea,_being_one_of_the_first_places_to_pledge_loyalty_to_the_Manchus_was_firmly_in_the_Qing_sphere_of_influence,_with_significant_Russian_influence_on_top_of_that._But,_lately,_we_managed_to_get_a_significant_foothold_in_Korea,_leading_some_of_our_advisors_suggest_that,_if_we_want_to_remain_holding_sway_over_Korea,_that_it_is_for_the_best_that_we_help_it_modernize_itself,_making_it_more_resistant_to_Russian_and_Chinese_influence_in_the_process...;;;;;;;;;;;;;
japanese_sponsored_modernization;Japanese Government Advisors;;;;;;;;;;;;;
japanese_sponsored_modernization_desc;Officials from Japan are working with our government to oversee our own modernization. We hope to use their knowledge to pursue reforms in all aspects, from social to military.;;;;;;;;;;;;;
mantetsu_jap;South Manchuria Railway — Mantetsu;;;;;;;;;;;;;
mantetsu_jap_desc;The Mantetsu was established after the agressive takeover of most of the Russian Eastern China Railway, following the Japanese victory in the Russo-Japanese War. The company would grow rapidly, going beyond a simple railway company. Soon, the Mantetsu would expand its operations into coal mines, harbors, research centes and even hotels. Now, with our invasion of Manchuria, the Mantetsu became an essential part of our occupation of the region, not only becoming responsible for around 25% of our tax revenue, but also deeply penetrating every sphere of everyday life in Manchuria.;;;;;;;;;;;;;
mantetsu_mck;South Manchuria Railway — Mantetsu;;;;;;;;;;;;;
mantetsu_mck_desc;The Mantetsu was established after the agressive takeover of most of the Russian Eastern China Railway, following the Japanese victory in the Russo-Japanese War. The company would grow rapidly, going beyond a simple railway company. Soon, the Mantetsu would expand its operations into coal mines, harbors, research centes and even hotels. Now, with our invasion of Manchuria, the Mantetsu became an essential part of our occupation of the region, not only becoming responsible for around 25% of our tax revenue, but also deeply penetrating every sphere of everyday life in Manchuria.;;;;;;;;;;;;;
EVTDESC800859;\n\nAfter_solidifying_our_position_in_Korea,_it_was_only_natural_that_our_next_target_would_be_Manchuria._When_we_first_rose_to_great_power_status,_Manchuria_was_firmly_under_Russian_influence._However,_after_a_violent_takeover_of_the_Russian-owned_Chinese_Eastern_Railway,_we_succeeded_in_replacing_them_as_the_informal_overlord_of_the_region,_establishing_the_South_Manchuria_Railway_Company—Mantetsu._\n\nThe_company_gradually_came_to_dominate_Manchurian_affairs,_culminating_in_our_invasion_of_the_region_and,_with_Manchuria_under_our_control,_our_advisors_have_presented_a_plan_to_use_Mantetsu_to_develop_it_into_a_true_crown_jewel_of_our_empire.;;;;;;;;;;;;;
EVTDESC800860;\n\nBeing_completely_expelled_from_Manchuria,_our_investments_in_the_region_have_been_seized,_leaving_the_Mantetsu_defunct_and_making_it_cease_its_operations,_forever.;;;;;;;;;;;;;
mantetsu_farms_mines;Mantetsu Farms and Mines;;;;;;;;;;;;;
EVTDESC800861;\n\nWith_Japanese_investment_pouring_into_Manchuria_through_the_Mantetsu,_the_South_Manchuria_Railway_Company_not_only_has_been_expanding_mining_operations_throughout_Manchuria_but_its_research_wing_has_also_introduced_many_advancements_to_our_agriculture,_turning_us_into_one_of_the_biggest_exportes_of_soy,_for_example.;;;;;;;;;;;;;
EVTDESC800862;\n\nWith_our_victory_against_Russia_and_the_expulsion_of_Slavs_from_the_Far_East,_it_is_about_time_we_decide_on_how_our_gains_will_be_administered._While_most_of_the_Far_East_would_be_either_directly_ruled_as_a_colony_or_be_run_by_local_semi-independent_governments,_Outer_Manchuria_brings_us_an_interesting_question._Some_executives_in_the_Home_Islands_have_been_pushing_for_Outer_Manchuria_to_be_integrated_into_our_puppet_government_in_Manchuria,_so_the_Mantetsu_and_its_subsidiaries_are_able_to_operate_freely_on_it._\n\nWhile_we_aren't_totally_opposed_to_this_idea,_with_the_effort_we_put_into_annexing_the_territory_and_expelling_the_Russians_from_it,_we_can't_say_that_we_are_eager_to_hand_it_over_to_our_puppet.;;;;;;;;;;;;;
mantetsu_jap_improved;South Manchuria Railway — Mantetsu;;;;;;;;;;;;;
mantetsu_jap_improved_desc;The Mantetsu was established after the agressive takeover of most of the Russian Eastern China Railway, following the Japanese victory in the Russo-Japanese War. The company would grow rapidly, going beyond a simple railway company. Soon, the Mantetsu would expand its operations into coal mines, harbors, research centes and even hotels. Now, with our invasion of Manchuria, the Mantetsu became an essential part of our occupation of the region, not only becoming responsible for around 25% of our tax revenue, but also deeply penetrating every sphere of everyday life for Japanese settlers in Manchuria. \n\nNow, with the rise of Mangyo, most of Mantetsu investment has been absorved and repurposed into serving the developing Manchurian economy, Mantetsu's role has been devolved mainly into its railway lines, planning and research.;;;;;;;;;;;;;
EVTDESC800863;\n\nMantetsu_has_served_us_well_in_furthering_our_interests_in_Manchuria_and_being_a_profitable_company_in_our_nation,_one_of_our_most_profitable_enterprise_actually._But_now—with_our_Invasion_of_Manchuria—we_need_to_evolve_our_economic_policy_in_Manchuria,_such_as_to_properly_build_it_as_a_nation,_despite_still_being,_in_practice_our_colony._Thus—after_some_small_disagreements_with_the_Kwantung_Army—Yoshisuke_Aikawa,_founder_of_the_Nissan_zaibatsu,_has_established_the_Manchurian_Industrial_Development_Company,_integrating_a_great_deal_of_Mantetsu's_investments._Now,_despite_still_operating_its_railway_lines_and_its_research_wing_their_profits_have_diminished_quite_a_bit,_Luckily,_we_can_still_count_on_it_to_showcase_the_modernization_of_Manchuria_under_our_rule.;;;;;;;;;;;;;
mantetsu_research_wing;Mantetsu Research Wing;;;;;;;;;;;;;
mantetsu_research_wing_desc;The Mantetsu engaged in a country-wide development project, with not only its Research Wing being a center piece of Japan's colonial program, but also devoloping the country's heavy industry and soybean agriculture, with land cultivation increasing in 70% in 20 years, not to mention the construction of schools, libraries and hospitals promoted by the Mantetsu.;;;;;;;;;;;;;
EVTDESC800864;\n\nWith_the_formation_of_the_Mantetsu,_a_considerable_investment_has_been_put_into_Manchuria._The_railway_lines_were_the_first_to_be_developed,_together_with_hotels_and_warehouses_to_service_them._After_that,_the_Mantetsu_built_schools,_libraries_and_even_hospitals,_with_a_wave_of_development_into_mining_and_agricultre_following_suit,_headed_by_the_Mantetsu_Research_Wing.\n\nBeing_considered_the_centerpiece_of_Japan's_colonial_policy_in_Manchuria,_the_Mantetsu_Research_Wing_is_paramount_to_the_development_of_our_government._\n\nWhile_it_is_mostly_focused_on_agricultural_developments_for_now,_we_have_no_doubt_that_we_can_only_benefit_from_the_brightest_minds_in_Japan_putting_their_heads_into_developing_Manchuria.;;;;;;;;;;;;;
EVTDESC800865;\n\nThe_Chosen_Government_Railway,_also_known_as_Sentetsu,_was_established_after_our_annexation_of_Korea,_from_Korea's_old_military_railways_nationalized_at_the_orders_of_the_Japanese_Resident-General_of_Korea._\n\nAlthough_the_Sentetsu_has_grown_quite_a_bit_since_its_creation—integrating_smaller_private_railways_lines—the_Sentetsu_is_nowhere_near_the_level_of_the_Mantetsu_in_Manchuria._Thus,_we_are_giving_the_Mantetsu_jurisdiction_over_the_Sentetsu,_in_hopes_that_the_South_Manchuria_Railway_Company_can_modernize_the_Sentetsu's_locomotives_while_expanding_its_fleet._\n\nWithout_a_doubt,_the_integration_between_these_railways_lines_can_only_bring_good_to_our_nation,_especially_if_it_means_bringing_the_Sentetsu_to_Mantetsu's_standards.;;;;;;;;;;;;;
sentetsu;Mantetsu-Sentetsu Integration;;;;;;;;;;;;;
mantetsu_integration;Mantetsu Integration;;;;;;;;;;;;;
mantetsu_settling;Mantetsu Settlements;;;;;;;;;;;;;
mantetsu_mck_improved;Manchurian Industrial Development Company — Mangyo;;;;;;;;;;;;;
mantetsu_mck_improved_desc;Following the Japanese Invasion of Manchuria and the economic success of Mantetsu, the South Manchuria Railway Company helped the Kwantung Army develop a economic and industrial plan for the future of Manchuria, inviting Yoshisuke Aikawa, the founder of the Nissan zaibatsu who proposed the establishment of the Manchurian Industrial Development Company, also known as Mangyo, a joint venture owned 50% by Nissan and 50% by the Manshukoku government. \n\nDespite being rejected at first in favor of Kwantung plans, Aikawa soon would have its way, successfully pulling investment into Manchuria and integrating Mantetsu investments into the Mangyo, managing to surpass the Home Islands in certain sectors by the end of Mangyo's first five year plan.;;;;;;;;;;;;;
EVTDESC800866;\n\nThe_Asia_Express_was_a_super_express_passenger_train_operated_by_the_Mantetsu,_quickly_becoming_its_most_iconic_train_and_the_fastest_one_in_all_of_Asia_at_the_time._With_American_reporters_praising_its_speed_and_luxurious_comfort,_it_was_a_showcase_of_Japanese_technology_and_the_advancements_made_by_the_Mantetsu,_being_one_of_the_world's_first_locomotives_to_have_fully_enclosed_and_air-condioned_carriages._\n\nThe_Asia_Express_served_as_the_Mantetsu's_greatest_piece_of_propaganda,_not_only_showing_its_developments_in_Manchuria,_but_also_becoming_its_greatest_symbol,_making_so_the_company—together_with_the_Asia_Express—would_live_on_the_public_consciousness_for_years_to_come—even_well_after_Japan_is_expelled_from_Mainland_Asia.;;;;;;;;;;;;;
EVTDESC800867;\n\nWith_the_Japanese_Invasion_of_Manchuria_and_the_propping_up_of_$COUNTRY$,_the_economy_of_our_state_becomes_of_primary_importance_to_the_Japanese_government,_with_Japanese_officials_recognizing_that_a_poor_economy_would_be_a_breeding_ground_for_anti-Japanese_and_communist_elements._Thus,_the_Kwantung_Army—which_quickly_took_Mantetsu's_place_as_the_main_Japanese_authority_in_Manchuria—came_forth_with_an_economic_and_industrial_plan_for_the_future_of_Manchuria,_inviting_Yoshisuke_Aikawa,_the_founder_of_the_Nissan_zaibatsu_who_proposed_the_establishment_of_the_Manchurian_Industrial_Development_Company,_also_known_as_Mangyo,_a_joint_venture_owned_50%_by_Nissan_and_50%_by_the_Manshukoku_government.;;;;;;;;;;;;;
EVTDESC800868;\n\nThe_death_of_Emperor_Gojong_of_Korea_left_us_with_new_problems_in_our_hands._Rumors_started_circulating_that_we_had_poisoned_him_and_were_responsible_for_his_death,_culminating_in_a_massive_demonstration_on_the_day_of_his_funeral,_with_nation-wide_protests_that_we_were_forced_to_crackdown_violently,_giving_origin_go_the_March_1st_Movement._\n\nAs_if_that_wasn't_enough,_with_Korea_under_our_hands_and_our_violent_crackdown_of_these_protests,_many_Koreans_have_fled_the_Peninsula,_leaving_towards_Shanghai,_where_some_of_them_would_establish_the_Provisional_Government_of_the_Republic_of_Korea_a_month_later._This_organization,_despite_being_one_of_the_less_radical_elements_of_fighting_for_Korean_independence,_they_still_present_a_significant_thorn_in_our_side,_counting_with_the_support_from_Americas_and_some_communist_elements_at_home.;;;;;;;;;;;;;
exile_oman_title;Exile Oman;;;;;;;;;;;;;
exile_oman_desc;§RGain 5 infamy§! Oman has been a target of Persian expansion ever since the days before the Islamic invasions, with Persia having last conquered Oman during the Asharid period, under Nader Shah in 1743, a mere century ago. \n\nIn turn, after a prolonged civil war following the overthrow of Shah, Persia's most important port—Bandar Abbas—came under the control of the Imam of Muscat. A lease treaty confirming the port's status under Omani rule from 1794 has recently been revoked by our administration and—together with the invasion of Baluchistan and the western coast of Arabia—assured that our relations with Oman shifted in our favor. \n\nNow, while Oman has built quite an empire with their holdings in Africa, we hold the upper hand against them, being capable of not only seizing their Indian ports, but outright exile the Imam of Muscat to Zanzibar, giving us not only complete control over the Persian Gulf, but also seizing his lands in the Arabian Peninsula.;;;;;;;;;;;;;
secure_trucial_oman_title;Secure the Straits of Hormuz;;;;;;;;;;;;;
secure_trucial_oman_desc;§RGain 4 infamy§! Seizing control over Western Arabia has solidified our position on the Persian Gulf, but stoping now wouble be neglecting the fact that our control over it remains unstable, with its waters being easily blockaded if any naval power were to take control over either side of the Hormuz Strait. With that, after we reintegrate Bandar Abbas and the Island of Hormu back into our rule after years of Omani rule, it would be only natural that, to trully secure the Persian Gulf, we invade the many emirates across the Hormuz Strait. \n\nAnnexing both sides of the Hormuz Strait would not only guarantee our control over the Persian Gulf, but also pacify the many emirs on the Arabian side of it, making sure that their in-fighting won't let western powers encroach in our backyard.;;;;;;;;;;;;;
persian_syria_title;Beyond the Euphrates;;;;;;;;;;;;;
persian_syria_desc;§RGain 10 infamy§! While we are no strangers to Syria, the region hasn't been under our control ever since pre-Islamic Iran, with our nation not being able to rule the region ever since the days of Khosrow II of the Sassanids, shortly before the begining of the Muslim conquest of Persia. But now—with our positon as a rising power in the world stage and in the Middle East—we can westle our rivals for control over Syria and the entire Levant—going as far as claiming al-Quds—which would certainly let us be respected not only by Islamic powers, but by Christian ones as well.;;;;;;;;;;;;;
persian_holy_cities_title;Custody over the Holy Cities;;;;;;;;;;;;;
persian_holy_cities_desc;§RGain 8 infamy§! While we never ruled over Hedjaz nor does the region have much in the way of economic or strategic importance, its value to us is hard to understate. With our position as the holders of al-Quds, we earned a great deal of respect from the Christian powers and from the Muslim people—to a lesser degree. While al-Quds is also a holy city in Islam, its importance pales in comparison to the Holy Cities of Mecca and Medina—both found in Hedjaz. Thus—pairing it with our position as a great power—if we were to hold both al-Quds and the Holy Cities of Mecca and Medina we would become the uncontested leaders of the Muslim world, even if we are part of the Shiite minority.;;;;;;;;;;;;;
EVTDESC800869;\n\nThe_Prince-Governor_of_Fars,_Husayn_Khan_Ajudan_Bashi,_has_just_led_an_army_towards_Bandar_Abbas,_demanding_that_the_Imam_pays_30,000_tomans_or_give_up_the_city,_being_repulsed_shortly_after_trying_to_take_the_port._\n\nDespite_the_terms_of_the_lease_treaty_being_somewhat_contested,_it_remained_undisputed_that_such_an_arrangement_was_dependent_on_the_Imam_of_Muscat_paying_a_sum_of_4000_tomans_a_year_and,_despite_that,_Muscat_has_failed_to_pay_the_rent_on_Bandar_Abbas_time_and_time_again,_not_because_of_a_lack_of_coin,_but_because_the_Imam_knows_that_we_can_do_nothing_about_it,_considering_their_superiority_at_sea._\n\nThus,_with_Husayn_Khan's_force_being_repulsed,_we_are_can_only_assure_the_Imam_that_we_have_no_involvement_in_this,_lest_we_face_his_ire.;;;;;;;;;;;;;
EVTDESC800870;\n\nThe_Prince-Governor_of_Fars,_Husayn_Khan_Ajudan_Bashi,_has_just_led_an_army_towards_Bandar_Abbas,_demanding_that_we_pay_30,000_tomans_or_give_up_the_city,_being_repulsed_shortly_after_trying_to_take_the_port._\n\nDespite_being_under_the_obligation_of_paying_a_sum_of_4000_tomans_a_year,_we_have_been_skipping_on_the_port's_rent_for_quite_a_while,_knowing_that_the_$FROMCOUNTRY$_can't_do_anything_about_it,_lest_risk_having_their_ports_shelled_to_the_ground._\n\nBut_now,_with_Husayn_Khan's_foolish_display_of_recklessness,_we_are_forced_to_consider_if_sending_a_threatening_message_is_enough_or_if_we_should_settle_this_matter_once_and_for_all...;;;;;;;;;;;;;
EVTDESC800871;\n\nWith_our_victory_against_the_Imamate,_the_matter_of_Bandar_Abbas_is_finally_settled._Our_victory_came_with_a_high_price,_at_the_start_of_the_war,_the_Imam's_fleet_shelled_most_of_our_ports,_completely_disrupting_our_trade._Luckily,_Bandar_Abbas_remains_mostly_intact,_allowing_the_city_to_take_over_its_place_as_Persia's_main_port_while_we_rebuild_Bushehr.;;;;;;;;;;;;;
EVTDESC800872;\n\nWith_our_victory_against_the_Iranians,_the_matter_of_Bandar_Abbas_is_finally_settled._No_more_will_we_need_to_worry_about_the_lease_of_Bandar_Abbas,_as_now_the_city_is_officially_a_part_of_our_great_maritime_empire._Better_yet,_with_our_shelling_of_the_Iranian_ports,_Bandar_Abbas_remains_as_the_only_suitable_port_in_the_region,_allowing_us_to_hold_a_monopoly_over_maritime_trade_in_the_region.;;;;;;;;;;;;;
EVTDESC800873;\n\nWith_our_defeat_against_the_Imamate,_the_matter_of_Bandar_Abbas_is_finally_settled._The_Imam's_possessions_in_our_side_of_the_gulf_are_now_officialy_part_of_the_Imamate,_with_our_state_being_forced_to_give_up_our_claims_on_it._Worse_yet,_with_most_of_our_ports_destroyed,_Bandar_Abbas_remains_as_the_only_suitable_port_in_the_region,_forcing_us_to_conduct_all_of_our_maritime_trade_through_the_Imamate.;;;;;;;;;;;;;
regain_omani_coast_defeat_title;Reclaim the Strait of Hormuz;;;;;;;;;;;;;
regain_omani_coast_defeat_desc;The powerful, maritime Sultanate of Muscat-Oman under the capable rule of the BuSaidi dynasty, had managed to occupy much of the coastal lands around the Persian Gulf and the Northwest Indian Ocean, all the way to Zanzibar by the mid 1850s. These included ports, islands and coastal regions of Baluchistan, Strait of Hormuz and Laristan on the Persian side of the Gulf of Oman and the Persian Gulf. These annexations were afforded to Oman during the chaos that ruled Persia in her transitional period between the Zand and the Qajar dynasties, which was followed immediately by the continuous military campaign by Persia defending herself against the imperial Russian and British forces in the north and the east.\n\nDespite losing against the Sultanate of Muscat-Oman in 1846, now that that Muscat lost control over Bandar Abbas, we can once again integrate these ports back into our nation.;;;;;;;;;;;;;
RGSANTHEM;\n\nWhile the final version of the Rio-grandense Anthem was only settled for in 1966, the anthem itself was written first right after the capture of Porto Alegre by Rio-grandense forces by a captured military band, with the the official version being written after the end of the war. Composed Joaquim José Medanha, the first version was written by Serafim Joaquim de Alencastre, while the final version was the work of Francisco Pinto da Fontoura.;;;;;;;;;;;;;
EVTDESC800874;\n\nThe_recent_integration_of_Lithuania_into_our_nation_has_been_quite_disruptive._Not_only_did_Lithuanians_become_our_second_biggest_ethnic_group,_but_they_also_increased_the_number_of_Catholics_in_our_country,_turning_them_into_a_sizeable_minority._Naturally,_we_already_took_measures_to_accomodate_the_Lithuanians_in_our_nation,_but_today_an_interesting_proposal_came_from_the_Lithuanian_leadership._They_request_that_we_grant_them_a_position_at_the_helm_of_$COUNTRY$,_to_lead_the_nation_and_use_their_connections_in_Poland_and_Ruthenia_to_find_allies_and_help_integrate_the_Belarussian_population._Needless_to_say,_the_proposal_hasn't_been_received_very_well,_with_some_arguing_that_the_Lithuanians_want_to_hijack_$COUNTRY$._While_these_fears_are_valid,_we_don't_doubt_that_the_Lithuanians_have_the_tools_to_let_us_expand_further_in_Russia._It_also_comes_to_our_attention_that_giving_them_power_would_certainly_placate_the_Catholic_minority,_even_if_the_rest_of_the_country_won't_be_so_happy_about_it.;;;;;;;;;;;;;
EVTDESC800875;\n\nWith_the_Lithuanians_taking_over_the_leadership_of_$COUNTRY$,_we_naturally_have_been_using_Lithuanian_claims_to_expand_the_duchy,_having_recently_consolidated_our_rule_over_Belarus_and_integrated_the_slavs_into_our_nation,_but_that_is_not_enough._\n\nToday,_some_of_the_Lithuanian_leaders_have_met_in_Vilnius,_far_away_from_the_capital_in_Riga._There_were_talks_that_maybe_the_identity_of_$COUNTRY$_is_holding_the_country_back_and_that_we_should_officially_restore_Lithuania_as_a_sovereign_and_independent_nation,_moving_the_capital_to_Vilnius_to_announce_the_change_in_course._\n\nNo_consensus_was_reached_at_first,_but_we_will_have_to_decide:_do_we_keep_true_to_the_nation_that_our_brother's_have_granted_to_us,_or_do_we_seize_the_chance_to_revive_Lithuania?;;;;;;;;;;;;;
accept_ruthenians_title;Ruthenian Autonomy;;;;;;;;;;;;;
accept_ruthenians_desc;Ruthenia was always an important part of the Lithuanian state. Even with the Union of Lublin, more than half of the Grand Duchy was composed by Ruthenian voivodeships. Our expansion into Ruthenia began ever before Chirstianization, with the rich cities of Ruthenia granting the resources to fight the repeated agressions of the Teutonic and Livonian Orders. In return, Ruthenian magnates held on to their lands and kept a lot of autonomy under Lithuanian rule, with some Lithuanian nobles even converting to Orthodox Christianity and many of the Grand Duchy's official documents. \n\nOur state has already integrated the White Ruthenians into our nation, but now, with the acquisition of Kiev in the heart of the Rus, we are in a position to tackle the integration of the Ruthenians further south, granting them the same right as the Ruthenians to the north, with a bit of extra autonomy on top of that.;;;;;;;;;;;;;
restore_grand_duchy_lit_title;Restore Pre-Partition Borders;;;;;;;;;;;;;
restore_grand_duchy_lit_desc;§RGain 8 infamy§! Despite having restored the borders granted by the Napoleon to the Provisional Government Commission of the Grand Duchy of Lithuania, that was only the first step of our restoration to the status as an European power. Now that we have annexed Minsk and integrated its people, it is only natural that we push further into uniting the White Ruthenians, while also restoring our pre-partition borders in the process, delving deeper into Russia with it.;;;;;;;;;;;;;
act_of_5th_november_title;Fulfill the Act of 5th November;;;;;;;;;;;;; 
act_of_5th_november_desc;Following their occupation of Congress Poland during the Great War, the Act of 5th November was a joint declaration between emperors Wilhelm II of Germany and Franz Joseph of Austria, promising the creation of the Kingdom of Poland out of Congress Poland's territory. The document was born out of a need for Polish blood to fight in the war, with Wilhelm II's Germany even having plans to annex up to 30,000km² of land from the newly-established Kingdom of Poland. Now, with the war over, we are in the position to fulfill our promises to the Poles, letting us further negotiate with our new Polish puppets once the situation stabilizes and the political mood in Poland shifts in our favor.;;;;;;;;;;;;;
accept_lietvaks_title;Embrace the Lietvaks;;;;;;;;;;;;; 
accept_lietvaks_desc;Lithuanian Jews, nowdays known as Lietvaks, have been an important part of our nations since the days of Vytautas the Great, whom granted privileges to many Lietvaks communities all across the Grand Duchy and ensured a golden age of Judaism in Lithuania, with it leading to the co-existence of both Orthodox Jews and Karaites inside our borders. That is not to say our relation with our Jewish communities was perfect as Lietvaks suffered both from expulsions and conflicts with the nobility. \n\nDespite that, many Jewish communities prospered under our rule, with our capital, Vilnius, being often known by the moniker "Jerusalem of the North", with Lietvaks such as Vilna Gaon and Mendele Mocher Sforim being important figures in the Jewish world. It would prudent to embrace the Lietvaks, guaranteeing their rights and assuring them they are a respected part of our nation.;;;;;;;;;;;;;
united_with_belarussians;Granted Equal Rights to the White Ruthenians;;;;;;;;;;;;;
EVTDESC800878;\n\nThe_liberals—centered_mostly_around_the_urban_liberal_cantons—have_proposed_a_new_constitution_that_would_tie_the_cantons_closer_together_and_centralize_the_Confederation,_with_it_being_met_by_opposition_mainly_from_the_catholic_cantons_dominated_by_the_conservative_parties._Now,_these_cantons_have_united_to_form_the_Sonderbund_in_opposition_to_the_new_constitution_that_is_soon_to_be_enacted._\n\nDespite_lacking_the_support_from_some_of_the_Catholic_cantons_such_as_Ticino—which_is_dominated_by_a_liberal_legislature—we_fear_that_such_a_divide_will_invite_our_Catholic_neighbors_into_intervening_in_favor_of_the_Sonderbund.;;;;;;;;;;;;;
EVTDESC800877;\n\nIt_would_seem_that_some_turmoil_is_brewing_within_the_Swiss_Confederation,_with_Catholic_cantons_banding_together_in_what_they_call_"The_Sonderbund"._As_a_proeminent_Catholic_power_and_neighbor_of_Switzerland,_it_is_in_our_interest_to_protect_the_Swiss_Catholics_from_their_protestant_"opressors",_with_the_Treaty_of_Vienna_of_1815_allowing_great_powers_to_intervene_in_Switzerland_if_they_all_deemed_necessary._The_problem_is_Britain_has_vetoed_any_action_in_Switzerland,_wishing_to_see_the_new_constitution_which_the_Catholics_oppose_pass,_meaning_that,_by_intervening_in_Switzerland,_we_would_be_breaking_the_Treaty_of_Vienna.;;;;;;;;;;;;;
break_union_of_lublin_title;Denounce the Union of Lublin;;;;;;;;;;;;;
break_union_of_lublin_desc;§RGain 15 infamy (This will block us from forming the Commonwealth or unite the Baltics!)§! While the Union of Lublin wasn't the first treaty to bring Poland and Lithuania together, with the first being the Union of Krewo, which also established—for the second time—Roman Catholicism as the official religion of Lithuania. Fater the Union of Krewo, many more treaties would deepen the ties between Poland and Lithuania, until the Union of Lublin, which replaced the personal union between both states with a real union, creating the Polish-Lithuanian Commonwealth. \n\nDespite the Union being agreed on by the Lithuanian representatives, the truth is that it was more of a diktat, with Poland seizing the rich lands of Ruthenia after facing resistance from the Polish representatives, forcing them back into the negotiation table, finally accepting the Union of Lublin under the Polish terms. \n\nIf we were to denounce the Union, we would be able to claim the seized Ruthenian territories once again, at the cost of straining our relationship with the Poles.;;;;;;;;;;;;;
duchy_of_livonia_title;Restore the Duchy of Livonia;;;;;;;;;;;;;
duchy_of_livonia_desc;§RGain 4 infamy§! Despite allying with Lithuania at one point—during the period in which Mindaugas had converted to Catholicism—Livonia has long been an enemy of Lithuania. Through most of our early history, the Crusaders of Livonia had difficulted our convertion to Christianity, only so they could continue to conquest our land and seize our homes! But, after the Treaty of Vilnius and the Livonian Wars in 1561 Livonia was divided between the Duchies of Livonia and Courland, with Livonia becoming a vassal of the Grand Duke of Lithuania. \n\nNow, with the restoration of our great nation, it is only natural that we renew this old arrangement, claiming Lithuania as an integral part of our nation, together with the Duchy of Courand.;;;;;;;;;;;;;
unite_with_finland_title;Unite with Finland;;;;;;;;;;;;;
unite_with_finland_desc;Now that Finland is free, the time has come for $COUNTRY$ to join the motherland!;;;;;;;;;;;;;
quebec_act_title;Restore the Quebec Act 1774;;;;;;;;;;;;;
quebec_act_desc;§RGain 15 infamy§! Being one of the leading causes to the American Revolution, the Quebec Act 1774 was an act of the British Parliament that reformed the governance of the Province of Quebec, guaranteeing the free practive of Catholicism and—more importantly—the expansion of Quebec into parts of Upper Canada and the American states of Illinois, Indiana, Michigan, Ohio and Wisconsin. \n\nReaffirming the Quebec Act would for sure anger the Americans, but it would broaden the reach of our ambitions around the Great Lakes region.;;;;;;;;;;;;;
EVTDESC800879;\n\nWith_our_newfound_independence,_it_seems_that_one_of_the_first_issues_to_arise_was_that_of_our_flag_of_choice._With_the_upcoming_coronation_of_the_first_king_of_an_independent_Bohemia_in_centuries,_many_have_raised_the_question_of_which_flag_to_raise,_with_many_arguing_that_we_should_keep_the_red-white_bicolor_used_by_Czech_national_movement,_which_forms_much_of_the_King's_cabinet,_while_others_suggest_that_we_should_bring_to_primacy_a_modern_version_of_the_royal_banner,_a_new_flag_to_signal_a_new_age_for_Bohemia_and_its_people.;;;;;;;;;;;;;
EVTDESC800880;\n\nWhile_our_independence_has_long_been_achieved,_the_institutions_of_our_country_are_still_ran_as_if_we_were_ruled_by_a_far_away_monarch._While_modernizing_this_institutions_is_necessary,_it_brings_into_light_an_important_question:_Do_we_really_need_a_monarch?_\n\nWe_could,_in_theory,_find_someone_to_wear_the_Quebecois_Crown,_but_the_truth_is_that_we_are_hardly_pressed_to_keep_the_monarchical_government,_with_many_in_our_country_more_than_willing_to_go_along_with_transforming_Quebec_into_a_proper_republic.;;;;;;;;;;;;;
claim_new_galicia_title;Reclaim New Galicia;;;;;;;;;;;;;
claim_new_galicia_desc;§RGain 5 infamy§! The title of King of Galicia-Lodomeria has long been held by the Hungarian kings, with such a title being used by the Habsburg Monarchy to claim the region during the 1st Partition of Poland. But that wasn't the only territory Austria got out of the Partitions of Poland, with New Galicia being awarded to Austria during the 3rd Partition, with the territory being lost to the newly-formed Duchy of Warsaw after the Austrian defeat in the War of the 5th Coalition against Napoleon, with the territory ending up as part of Crogress Poland after the Congress of Vienna. By this point, the Concert of Europe is long gone, allowing us to once again claim these lands as the rightful lords of Galicia-Lodomeria.;;;;;;;;;;;;;
split_prussia_title;Prop up Polish claims to East Prussia;;;;;;;;;;;;;
split_prussia_desc;§RGain 7.5 infamy§! With the restoration of the autonomous Kingdom of Poland, we have restored the Polish claims on our neighbors as well. While pressing these claims was another question entirely, it weakened our neighbor significantly, especially the Prussians, with their eastern possessions being divided with the annexation of Gdansk by the Kingdom of Poland. Now with East Prussia cut off from the mainland, we could let Poland lay claim on East Prussia, further solidifying our position in the Baltics.;;;;;;;;;;;;;
reclaim_transcaspia_title;Reaffirm Transcaspian Claims;;;;;;;;;;;;;
reclaim_transcaspia_desc;§RGain 4-8 infamy depending on if you already claimed Greater Iran and Kurdestan§! While we have always claimed Transcaspia as our territory, it was always a hard region to hold on to. Leading us to leave the region alone as we fought to survive the XIXth century. Now—as our nation finished modernizing and taking its place on the world state—we are ready to reaffirm some of our old claims that went unpressed until now, such as the ones in Transcaspia.;;;;;;;;;;;;;
EVTDESC800885;\n\nOnce_Central_Asia_was_a_thorn_on_Russian_side,_a_land_of_raiders_determined_on_disrupting_the_$COUNTRY$_and_its_people._But_now_the_situation_couldn't_be_any_more_different._With_Kenesary's_Rebellion_backfiring_and_expanding_our_influence_in_the_region_and_raids_from_deep_into_Central_Asia_giving_us_reasons_to_further_encroach_in_the_region,_we_got_where_we_are_now,_holding_total_control_over_the_region_and_ruling_over_the_cities_that_once_sold_Russians_as_slaves,_with_the_protectorates_over_Bukhara_and_Khiva_ensuring_the_stability_of_the_region._Now_it_is_time_to_organize_the_region_to_better_fit_our_needs._\n\nObviously,_there_are_many_disagreements_about_how_to_tackle_the_region,_if_we_should_break_its_tribal_structures_for_ease_of_governance,_if_we_should_set_up_a_commission_to_study_the_region_ethnic_lines_and_help_stabilize_the_region,_or_even_if_we_should_just_let_the_Governor-General_of_the_Steppes_deal_with_the_local_tribes.;;;;;;;;;;;;;
enforce_central_asia_title;Enforce Central Asian Borders;;;;;;;;;;;;;
enforce_central_asia_desc;With our control over Central Asia established, we need to make sure the borders we drew are enforced! We can't let our control over the region go loose!;;;;;;;;;;;;;
EVTDESC800884;\n\nDespite_our_best_efforts_to_draw_fair_borders_in_Central_Asia,_it_seems_that_the_people_still_there_are_some_small_disputes_which_we,_as_the_Lords_of_Turkestan,_need_to_adress._\n\nEarlier_today,_a_delegation_of_of_Karakalpaks_and_Kazakhs_came_into_our_capital_asking_for_our_help_in_resolving_a_dispute_over_the_ownership_of_Babajan,_a_sparsely_populated_region_besides_the_Aral_Sea._Naturally,_the_Kazakh_claims_the_region_is_theirs,_while_the_Karakalpaks_claim_the_province_is_actually_theirs._\n\nNow,_what_stance_should_we_take?;;;;;;;;;;;;;
EVTDESC800886;\n\nDespite_our_best_efforts_to_draw_fair_borders_in_Central_Asia,_it_seems_that_the_people_still_there_are_some_small_disputes_which_we,_as_the_Lords_of_Turkestan,_need_to_adress._\n\nWe_are_informed_by_the_Governor-General_of_Turkestan_that_Tajik_militias_have_launched_raids_into_Uzbek_territory,_trying_to_take_over_the_province_of_Samarkand_for_themselves._\n\nThe_Governor-General_now_presses_us_to_enact_a_decree_deciding_who_is_the_legitimate_owner_of_the_province,_in_the_hopes_that_doing_so_would_guarantee_that_such_a_bold_display_of_disloyalty_doesn't_happen_again...;;;;;;;;;;;;;
EVTDESC800887;\n\nDespite_our_best_efforts_to_draw_fair_borders_in_Central_Asia,_it_seems_that_the_people_still_there_are_some_small_disputes_which_we,_as_the_Lords_of_Turkestan,_need_to_adress._\n\nIt_seems_that_the_province_of_Tashkent_has_been_thrown_into_chaos,_with_violence_erupting_after_a_Kazakh_village_refused_to_pay_taxes_to_the_Uzbek_government._With_the_situation_slowly_evolving_into_utter_anarchy,_the_Governor-General_of_the_Steppes_has_marched_troops_into_the_province_to_"protect_the_Kazakh_population",_leading_to_a_tense_standoff_with_the_Uzbek_garrison._Now_it_is_our_job_to_decide_whose_troops_need_to_leave_the_province_for_good.;;;;;;;;;;;;;
integrate_panjdeh_central_asia_title;Integrate Herat into Central Asia;;;;;;;;;;;;;
integrate_panjdeh_central_asia_desc;With our victory against Afghanistan, we  managed to push the borders of Central Asia further south, seizing the important city of Herat as a result. The region we got from  the Panjdeh Treaty rremains under direct military occupation for now, but preparations are already being made to transfer our gains to our governors in Central Asia, integrating the region into our holdings there. All that is left now is the Tsar's approval for Central Asian troops to move into Northern Afghanistan.;;;;;;;;;;;;;
perp_truce_done;Established the Trucial States;;;;;;;;;;;;;
created_aden_protectorate;Created the Aden Protectorate;;;;;;;;;;;;;
organize_arabia_ENG_title;Control the Arabian Peninsula;;;;;;;;;;;;;
organize_arabia_ENG_desc;§RGain 5 infamy§! Recently, with our recent overtures to Southern Arabia, through Aden and the Trucial States, the region became of great interest to us. While at first the region provided useful coaling stations to our vessels, with the opening of the construction of the Suez Canal, the Arabian Peninsula suddenly became neighbor to one of the most important waterways in the world, not to mention that, on top the newfound importance of the Red Sea to global trade, the Persian Sea and the Indian Ocean were already home to important trade routes which we already greatly benefited from. \n\nThat said, it is clear that expanding our hold over the Arabian Peninsula is of utmost importance, both to enlarge our current holdings and to prevent any trouble coming from the Peninsula. \n\n§R(You have to, on top of establishing and expanding both Aden and the Trucial States, sphere/own all cores of Nedj, Hail, Hedjaz, Najran, Oman and Kuwait!)§!;;;;;;;;;;;;;
EVTDESC800883;\n\nAs_the_new_masters_of_Arabia,_we_draw_lines_in_the_sands_as_we_see_fit._As_one_of_our_objetives_as_to_enlarge_our_existing_protectorates,_not_only_have_we_granted_huge_swathes_of_desert_to_our_Aden_and_Muscat,_we_have_also_expanded_Kuwait,_enforcing_the_Sheikhdom's_claims._\n\nAt_last,_while_the_biggest_prize_would_be_the_new_protectorate_to_be_established_in_the_center_of_the_Peninsula,_we_still_wonder_if_we_shouldn't_further_split_the_protectorate_by_granting_special_autonomy_to_the_Sharif_of_Mecca,_as_to_guarantee_his_support_in_the_region.;;;;;;;;;;;;;
organize_arabia_PER_title;Persian Hegemony over Arabia;;;;;;;;;;;;;
organize_arabia_PER_desc;§RGain 10 infamy§! Long departed from the days of its invasions of Persia, Arabia has been reduced to a couple of warring states falling under foreign influences from time to time. Of course, we were quick to take advantage of that fact many times in the past, crossing the Persian Sea and holding land in Eastern Arabia, but these holdings in Arabia were never that permanent, always drifting away from our rule as soon as they had a chance to. \n\nBut now that is about to change. With our recent invasion of Muscat, we have once again a solid holding over Arabia, but that position is disputed currently disputed both by the Arabian tribes and foreign powers. If we were able to hold significant influence over all of Arabia, we could try to leverage the support of the Sharif of Mecca, granting him control over the rest of Arabia, as long as he swears loyalty to us, of course. \n\n§R(You have to, on top of establishing and expanding both Aden and the Trucial States, sphere/own all cores of Nedj, Hail, Hedjaz, Najran)§!;;;;;;;;;;;;;
reclaim_lengeh_title;Reclaim Bandar-e Lengeh;;;;;;;;;;;;;
reclaim_lengeh_desc;§RGain 2.5 infamy§! It has been a long time since our men have been stationed on Bandar-e Lengeh as its rulers. Despíte our rule over the port having long since faded into history, that doesn't mean we didn't try to regain it, but the Sheik of Lengeh and its Qasimi allies have proved to be set on thwarting our attempts at that. But now, after our annexation of neighboring Bandar-e Abbas, annexing Bandar-e Lengeh would consolidate our holdings in Persia. On top of that, with the Qasimi fleet being destroyed and our advances into their Arabian holdings, the Qasimi find themselves in a severely weakened state, which we can't allow the Persians to exploit but would be happy to exploit it ourselves. It is finally time we right the wrongs of history and retake the port from its miserable state.;;;;;;;;;;;;;
sway_laristan_baluchistan_title;Sway Lari and Baluchi tribes;;;;;;;;;;;;;
sway_laristan_baluchistan_desc;§RGain 5 infamy (Pay 75,000¤)§! With the consolidation of our holdings in southern Iran, our focus shift into guaranteeing that our interests in the region are secured. While we have consolidated our gains, we quite safe yet, with some suggesting that the only way to secure our holdings being either connecting Gwadar and Bandar-e Abbas by land, or having a bit of a buffer between our ports and the Qajar border. \n\nLuckily, the Lari and Baluchi tribes present a solution to both propositions at once. Both have been pretty good trade partners to us ever since we established a presence in southern Iran. While it would require a bit of persuasion, but we could try to sway these tribes to join us. The Laris would certainly take quite a bit of "convincing" to joing our cause, but–in contrast—the Baluchis would probably be a bit more open to our overlordship, as long as we keep them safe from the Qajars. \n\nWith both these groups under our thumb, we would be able to not only connect Gwadar and Bandar-e Abbas by land, but also deprive the Qajars from their control over Laristan.;;;;;;;;;;;;;
member_of_the_new_german_confed;The Reformed German Confederation;;;;;;;;;;;;;
member_of_the_new_german_confed_desc;With the Austrian victory in the Bruderkrieg, Germany's only counterweight to Austrian influence was officially defeated, with Prussia being stripped of the its great power status. While the German states were effectively puppets of both Austria and Prussia, with the Prussian defeat, the Austrian influence over the German states now lies unopposed, with Austrian having reformed the Federal Convention in Frankfurt, allowing them to use it to control the German states through this new German Confederation and declare themselves Emperors of Germany. \n\nWhile the German states still hold varying degrees of autonomy, the Federal Convention in Frankfurt still holds the authority to impose legislation over all members of the Confederation, being able to overrule local laws and reserving the right to legislate about specific matters, with the members of the Confederation having to pay taxes to the Federal Convention in Frankfurt for the maintainance of the Federal City of Frankfurt, the Federal Army and the Reichsflotte. The Federal Convetion was used to curtail our liberty and make us answer to the Austrian Emperor, on top of being subject to further diktats from Vienna.;;;;;;;;;;;;;
austria_new_german_confed;Emperor of Germany;;;;;;;;;;;;;
austria_new_german_confed_desc;Our victory in the Bruderkrieg gave us total hegemony over Germany. With Prussia knocked out of their great power status, nobody can oppose us in Germany anymore. Because of that, we were free to reform the German Confederation to not only claim the title of Emperor of Germany but to use the Federal Convention in Frankfurt to control the other German states as well—confirming their status as our puppets. \n\nWhile the German states still hold varying degrees of autonomy, the Federal Convention in Frankfurt still holds the authority to impose legislation over all members of the Confederation, being able to overrule local laws and reserving the right to legislate about specific matters, with the members of the Confederation having to pay taxes to the Federal Convention in Frankfurt for the maintainance of the Federal City of Frankfurt, the Federal Army and the Reichsflotte, but we are excluded for such taxes, of course.;;;;;;;;;;;;;
german_occupation;German Occupation;;;;;;;;;;;;;
german_occupation_desc;When Prussia was defeated, the Hohenzollerns were expelled from their holdings in Brandenburg, being forced to live in exile in Königsberg. Brandenburg became an "independent" state inside of the German Confederation under the tutelage of Austria, of course. \n\nWe can't say that such transition came easy however. We can't deny that some of our government wasn't quite sold on the idea of Austrian Hegemony over Germany, and it seems that Vienna caught on to that. \n\nA while ago, the Austrian monarch—now Emperor of Germany—came into the Federal Convention revealing the existence of a plot inside of our government seeking to return to Hohenzollern rule. While we can't be sure if such plot was real or not, it lead the Federal Convention to call for an joint Austro-Saxon occupation of our state, leading us to be firmly under the Austrian thumb from now own.;;;;;;;;;;;;;
ger_federal_convention;The Seat of the German Federal Convention;;;;;;;;;;;;;
ger_federal_convention_desc;Second only to Vienna (and Berlin before Prussia's defeat), Frankfurt is one of the most important cities in Germany. As a center of German culture, Frankfurt was the seat of the Federal Convention and the capital of the German Confederation ever since the Congress of Vienna. That didn't change with the Austrian victory in the Bruderkrieg—on the contrary—Frankfurt became pivotal to Austria's plans to control the German Confederation. \n\nAustria has, in practice, reformed the German Confederation, effectively turning the Federal Convention into its puppet and being able to use it to control the other German states. Now, as the Federal City of Frankfurt, we are the formal capital of the new and reformed German Confederation, complicit in Vienna's diktats to the German world, having crowned the Austrian Emperor as the Emperor of Germany in exchange for collecting taxes on our fellow German states.;;;;;;;;;;;;;
reichsflotte;Home of the Reichsflotte;;;;;;;;;;;;;
EVTDESC800890;\n\nWith_our_conquest_of_San_Pedro_del_Río_Grande_del_Sur,_it_seems_that_some_old_disputes_between_Montevideo_and_Río_Grande_are_now_coming_back_to_light._The_government_in_Montevideo_has_asked_us_to_look_into_their_claims_into_south_and_west_Río_Grande,_suggesting_that_their_province_should_grow_at_the_expense_of_our_recently-annexed_lands._While_we_aren't_completely_against_the_idea,_such_an_idea_would_for_sure_alienate_our_new_subjects,_not_to_mention_that_we_claim_some_of_Río_Grande's_land_as_well.;;;;;;;;;;;;;
EVTDESC800891;\n\nEver_since_La_Plata's_invasion_of_Paraguay,_the_social_climate_in_the_region_shifted_quite_a_bit,_with_Platine_soldiers_patrolling_the_streets_in_the_occupied_capital_of_their_new_province._Despite_some_push-back,_most_of_the_resistance_against_Buenos_Aires'_rule_had_been_stamped_out_for_the_time_being,_but_the_military_administration_seemed_to_have_one_last_matter_to_take_care_of._With_the_declaration_of_war,_the_Paraguayans_had_kept_Artigas_under_"house_arrest"_in_a_farm_in_Asunción,_just_in_case._In_constrast_to_the_rest_of_his_life,_Artigas'_time_in_Paraguay_was_quite_uneventful,_but_that_wasn't_enough_for_the_new_government_in_Asunción._The_founder_of_the_Federalist_Movement_had_to_go._This_morning,_a_group_of_soldiers_stormed_Ybyray_Farm,_quickly_overwhelming_Artigas_and_his_few_companions._Artigas_didn't_put_up_much_of_a_fight,_with_his_execution_being_carried_out_minutes_later._\n\nHearing_of_the_news,_the_government_in_Montevideo_requested_his_remains_be_returned_to_the_city,_but_it_was_informed_that_his_remains_were_cremated_and_disposed_of_along_the_Paraguay_River.;;;;;;;;;;;;;
EVTDESC800892;\n\nJosé_Gervasio_Artigas_was_the_soldier_and_statesman_known_as_Protector_of_the_Free_Peoples_and_the_Father_of_the_Federalist_Party._Regarded_as_a_national_hero_by_Federalists_and_Uruguayans,_Artigas_fought_in_the_Argentine_War_of_Independence,_fighting_to_liberate_Banda_Oriental_(modern-day_Uruguay)_from_Spanish_rule,_until_being_betrayed_and_then_hunted_by_the_Unitarians_in_Buenos_Aires,_leading_to_the_creation_of_the_Liga_de_los_Pueblos_Libres,_of_which_he_was_declared_Protector._Waging_a_war_against_both_Buenos_Aires_and_the_Brazilians_forces_which_conquered_Uruguay,_his_allies_achieved_a_victory_against_the_Unitarians,_but_his_defeats_at_the_hands_of_the_Brazilians_and_their_compromises_with_Buenos_Aires_strained_the_relationship_between_Artigas_and_the_other_leaders_of_the_Federal_Movement,_which_lead_to_his_exile_in_Paraguay._Now_that_we_control_Paraguay,_we_are_informed_that_Artigas_is_still_alive_somewhere_in_Asunción,_with_the_question_being_if_we_should_try_to_contact_him_or_not._Maybe_after_all_that_he_has_done,_the_old_man_deserves_some_rest,_right?;;;;;;;;;;;;;
EVTDESC800893;\n\nA_small_detour_to_the_stabilization_of_Argentinian_Paraguay_was_the_order_to_find_Artigas_wherever_he_may_be,_with_soldiers_asking_around_about_the_location_of_Artigas_disrupting_the_local_population_slightly._Luckily,_not_long_ago,_the_new_governor_has_informed_Rosas_that_Artigas_was_kept_under_house_arrest_in_a_farm_in_Asunción_ever_since_the_start_of_the_war_and,_on_top_of_that,_after_establishing_contact_with_Artigas_the_old_man_refused_to_let_anyone_in_or_leave_his_farm._He_would_only_let_someone_in_when_Rosas_personally_went_to_visit_him,_with_both_men_riding_across_Ybyray_Farm_as_they_had_an_uneasy_conversation_about_the_current_state_of_Argentina_and_the_Federal_Party._It_is_stated_that_Artigas_was_critic_of_Rosas'_government,_telling_him_to_"not_cozy_up_to_the_Porteño_elites"_and_criticizing_the_lack_a_constitution._Despite_that,_the_old_man_seemed_quite_hopeful_seeing_La_Plata_becoming_a_little_more_united,_even_asking_Rosas_if_he_thinks_his_homeland_will_one_day_rejoin_the_rest_of_Argentina,_which_Rosas_replied...;;;;;;;;;;;;;
EVTDESC800894;\n\nA_small_detour_to_the_stabilization_of_Argentinian_Paraguay_was_the_order_to_find_Artigas_wherever_he_may_be,_with_soldiers_asking_around_about_the_location_of_Artigas_disrupting_the_local_population_slightly._Luckily,_not_long_ago,_the_new_governor_has_informed_Urquiza_that_Artigas_was_kept_under_house_arrest_in_a_farm_in_Asunción_ever_since_the_start_of_the_war_and,_on_top_of_that,_after_establishing_contact_with_Artigas,_the_old_man_invited_Urquiza_to_spend_a_day_in_Ybyray_with_him._Soon,_Urquiza_would_make_a_small_trip_to_Paraguay,_with_both_him_and_Artigas_riding_across_Ybyray_Farm_as_they_had_a_conversation_about_the_current_state_of_Argentina_and_the_Federal_Party._It_is_stated_told_that_the_Artigas_found_some_respite_in_seeing_Rosas_deposed,_glad_that_the_government_is_taking_steps_to_curtail_the_Porteño_elite_and_enact_a_constitution,_with_the_old_man_looking_quite_hopeful_with_La_Plata_becoming_a_little_more_united,_even_asking_the_Urquiza_if_he_thinks_his_homeland_will_one_day_rejoin_the_rest_of_Argentina,_which_Urquiza_replied...;;;;;;;;;;;;;
EVTDESC800895;\n\nAfter_a_while_of_asking_around_for_Artigas'_whereabouts_we_finally_got_news_from_the_new_governor_of_Paraguay_informing_that_Artigas_departed_from_Paraguay_intent_on_returning_to_Montevideo,_now_that_it_is_once_again_united_with_Argentina._We_tried_to_contact_Artigas_to_arrange_a_meeting_in_Buenos_Aires,_but_the_old_man_refused_to_step_foot_in_the_city,_instead_insisting_that_the_Rosas_met_him_on_the_crossing_of_the_Uruguay_River,_which_Rosas_did_today._The_meeting_between_the_two_men_was_somewhat_tense,_but_amicable,_with_Artigas_congratulating_Rosas'_rule_despite_some_criticism._At_the_end_of_the_meeting_Rosas_granted_Artigas_once_more_the_title_of_"Gobernador_de_la_Provincia_Oriental_del_Uruguay",_much_to_his_delight.;;;;;;;;;;;;;
EVTDESC800896;\n\nAfter_a_while_of_asking_around_for_Artigas'_whereabouts_we_finally_got_news_from_the_new_governor_of_Paraguay_informing_that_Artigas_departed_from_Paraguay_intent_on_returning_to_Montevideo,_now_that_it_is_once_again_united_with_Argentina._Before_we_could_try_to_arrange_a_meeting,_Artigas_showed_up_in_Paraná,_our_provisional_capital,_followed_by_an_small_entourage_of_followers._Urquiza_was_quick_to_meet_Artigas_before_he_departed_the_city,_with_the_two_men_spending_the_afternoon_together._The_meeting_between_the_two_men_was_pretty_amicable,_with_Artigas_congratulating_Urquiza's_rule_and_success_against_Rosas._At_the_end_of_the_meeting_Urquiza_granted_Artigas_once_more_the_title_of_"Gobernador_de_la_Provincia_Oriental_del_Uruguay",_much_to_his_delight.;;;;;;;;;;;;;
EVTDESC800897;\n\nDespite_the_lack_of_love_between_Artigas_and_the_current_Unitarian_government,_we_still_tried_to_contact_Artigas_but,_despite_finding_him_at_his_home_in_Ybyray_Farm,_he_refused_to_let_our_soldiers_in,_stating_that_he_didn't_wish_to_talk_with_any_Unitarian_lackey._Hearing_of_these_news,_our_president_seized_the_opportuny_to—during_a_visit_to_Asunción—try_to_visit_Artigas,_but_the_old_man_still_refused_to_talk_to_any_member_of_our_current_government,_with_the_president_standing_awkwardly_in_front_of_Ybyray_Farm_before_finally_leaving_to_go_on_with_his_schedule.;;;;;;;;;;;;;
EVTDESC800898;\n\nAfter_a_while_of_asking_around_for_Artigas'_whereabouts_we_finally_got_news_from_the_new_governor_of_Paraguay_informing_that_Artigas_departed_from_Paraguay_intent_on_returning_to_Montevideo,_wishing_on_spending_his_last_days_in_Montevideo_where_he_was_born._With_Artigas_nearing_the_end_of_his_life,_we_couldn't_bear_to_disturb_him,_letting_the_old_man_quietly_return_to_his_hometown_and_live_his_last_days_in_peace.;;;;;;;;;;;;;
EVTDESC600080;\n\nWith_the_enactment_of_our_constitution,_our_senators_and_representatives_have_elected_our_first_president,_José_Fructuoso_Rivera_y_Toscana._In_contrast_to_other_important_figures_such_as_Juan_Antonio_Lavalleja,_Riveira_remained_in_Uruguay_during_the_period_of_Brazilian_annexation,_only_joining_the_33_Orientals_once_the_party_crossed_into_Uruguay._Despite_fighting_alongside_Lavalleja_at_first,_the_two_clearly_had_a_falling_off,_worrying_some_observers_about_possible_conflicts_between_Riveira_and_Lavalleja.;;;;;;;;;;;;;
EVTDESC600081;\n\nDespite_the_assassination_attempt_on_his_life_and_Lavalleja's_betrayal,_Riveira_managed_to_reach_the_end_of_his_term_in_one_piece,_even_if_he_fought_some_turmoil_on_the_way._With_the_next_election_approaching,_Riveira_has_favored_one_of_the_33_Orientals,_Manuel_Ceferino_Oribe_y_Viana,_as_his_successor,_with_both_men_having_once_fought_together_under_José_Gervasio_Artigas_back_in_the_day._While_Oribe_should_easily_win_the_presidency,_Riveira_should_still_retain_the_command_of_the_army,_which_should_retain_Riveira's_influence_in_the_government;;;;;;;;;;;;;
EVTDESC600082;\n\nThe_removal_of_Riveira_from_the_command_of_the_army_was_a_bold_move_by_Oribe,_with_the_pardoning_of_Lavalleja_only_worsening_relations_between_Riveira_and_Oribe._The_situation_became_so_dire_that_Riveira_started_to_tell_his_supporter_to_wear_blue_armbands_(which_quickily_turned_into_red_armbands)_and_Oribe—in_return—asking_for_his_followers_to_wear_white_armbands_instead,_leading_to_a_division_between_the_supporters_of_Riveira,_the_Colorados,_and_the_supporters_of_Oribe,_the_Blancos.;;;;;;;;;;;;;
oust_riveira_desc;While Riveira appointed Oribe as his successor, he remained in charge of the armed forces of Uruguay for a while. But, as one of the 33 Orientals, Oribe loyalty to Riveira is fragile at best, with some pointing out that both men have been rivals ever since the days of Artigas. With Oribe's ascension to power, friction between the two man began to appear, with Oribe soon deciding to take away Riveira's position at the command of the Uruguayan Army and pardon Lavalleja for his attempts against Riveira's life and government.;;;;;;;;;;;;; 
oust_riveira_title;Oust Riveira;;;;;;;;;;;;;
URU_conservative_0;Lavallejistas;;;;;;;;;;;;;
URU_liberal_0;Riveiristas;;;;;;;;;;;;;
EVTDESC600083;\n\nLavalleja_was_the_runner-up_to_Riveira_during_the_1830_election._Despite_harboring_a_lot_of_support,_Lavalleja_couldn't_beat_the_impressive_popularity_of_Riveira,_leading_to_his_defeat._Motivated_by_Riveira's_frequent_absences_and_the_lack_of_influence_in_the_government,_Lavalleja_has_just_taken_arms_against_Riveira_and—with_the_help_of_Eugenio_Garzón—launched_an_open_revolt_to_the_current_government._\n\nLavalleja_found_some_initial_success_at_first,_almost_capturing_Riveira_at_one_point,_failing_to_negotiate_with_the_government_in_Montevideo_and_eventually_being_defeat_and_exiled_from_Uruguay._\n\nLavalleja_would_return_once_more_two_times,_once_in_april_1833_and_then_in_march_1834,_with_both_attempts_hardly_being_as_successful_as_his_first_insurgency.;;;;;;;;;;;;;
incite_corrientes_title;Support the Unitarians in Corrientes;;;;;;;;;;;;;
incite_corrientes_desc;For a long time, two projects of country divided Argentina. Unitarianists or Unitarians were the proponents of the concept of a Unitary state (centralized government) in Buenos Aires and they were led by  Juan Lavalle. They were opposed to the Argentine Federalists, who wanted a federation of independent provinces, led by Juan Manuel de Rosas. The Unitarians, sympathetic to our government, fled Argentina in exile after being defeated in 1831. Rosas, the so called Restorer of the Laws, controlled the Argentine Confederation for too long under his despotic rule. Now, our friends in Uruguay defeated the Blancos and promise to support us if we were to fight the Federalists to end Rosas despotic ruler.;;;;;;;;;;;;;
EVTDESC600084;\n\nWe_can't_say_that_Corrientes_was_always_the_most_loyal_province._Despite_being_one_of_the_founding_members_of_the_Federal_League_and_part_of_the_League_of_the_Free_Peoples_under_Artigas,_Corrientes_had_a_hard_time_joining_the_Federal_League_in_the_first_place_and,_through_the_1840's,_Corrientes_would_fall_under_Unitarian_control_4_times,_with_it_even_rising_up_a_5th_time_in_support_of_Urquiza_in_Entre_Rios,_with_this_revolt_being_successful_in_removing_Rosas._\n\nBut_now,_be_it_under_the_command_of_Astrada,_Ferré,_Lavalle_or_even_Madariaga,_we_need_to_crush_the_Unitarian_revolt_of_Corrientes,_before_they_solifidy_their_position_in_Mesopotamia.;;;;;;;;;;;;;
send_varela_title;Send Varela to Europe;;;;;;;;;;;;;
send_varela_desc;§RVarela will be assassinated in march 1848, so be sure to take this decision before that!§! The Unitarians during the Big War counted not only with the support of Uruguay but also limited Anglo-French support. While both nations couldn't wage direct war with Rosas without allies to the ground, we could send Florencio Varela to negotiate with France and Britain for support, with the permission to take desperate measures if needed.;;;;;;;;;;;;;
EVTDESC600085;\n\nWhile_they_aren't_directly_involved_on_land,_the_British_and_the_French_are_big_supporters_of_Riveira_in_their_interests_of_getting_allies_in_the_region_against_Rosas._Thus,_in_our_current_struggle_against_the_Federalists_currently_in_Buenos_Aires,_we_sent_Francisco_Varela_to_England_and_France_to_gather_support_from_these_two_European_powers_to_aid_in_our_struggle_against_Rosas._While_our_first_offer_would_be_to_grant_them_free_navigation_through_the_Uruguay_and_Paraná_rivers,_we_wouldn't_be_opposed_to_offer_them_a_protectorate_over_Mesopotamia,_if_the_situation_is_dire_enough_for_that._\n\nSo,_what_is_Varela_willing_to_offer_to_London_and_Paris?;;;;;;;;;;;;;
EVTDESC600086;\n\nOur_involvement_in_the_war_between_Rosas_and_Riveira_has_been_limited_at_best,_with_the_Anglo-French_Blockade_over_Argentina_starting_over_the_Siege_of_Montevideo,_but_the_situation_has_taken_quite_an_interesting_turn._While_we_were_busy_preventing_Oribe_from_storming_Montevideo,_Riveira_has_went_ahead_and_promoted_an_Uniratian_revolt_in_Corrientes._The_Uniratians_were_exiles_from_Argentina_after_their_defeat_in_1831,_but_now_they_come_to_us_with_an_offer:_in_exchange_from_our_full_support_in_the_war_of_independence_against_Rosas,_they_will_grant_us_a_protectorate_over_their_new_"Republic_of_Mesopotamia"._While_this_may_damage_our_relations_in_the_region,_it_would_fulfill_our_goals_of_opening_up_navigation_on_the_Paraná_and_Uruguay_rivers...;;;;;;;;;;;;;
EVTDESC600087;\n\nThe_$FROMCOUNTRY_ADJ$_have_reportedly_accepted_our_offer_and_declared_war_on_Rosas_and_the_Argentine_Confederation._Now_it_is_only_a_matter_of_time_before_Mesopotamia_is_recognized_as_Unitarian_territory!;;;;;;;;;;;;;
EVTDESC600088;\n\nThe_$FROMCOUNTRY_ADJ$_have_reportedly_rejected_our_offer,_with_Varela's_offer_leading_them_to_declare_that_the_Unitarians_ambitions_in_Mesopotamia_went_against_their_interests_in_the_region,_withdrawing_all_support_towards_us.;;;;;;;;;;;;;
EVTDESC600089;\n\nAfter_a_brief_campaign_in_Argentina,_it_seems_that_Rosas_and_his_army_managed_to_repel_all_of_our_attempts_to_invade_Argentina,_leading_to_our_defeat._After_a_prolonged_period_of_outright_war_between_our_nations_we_sign_peace_with_the_Argentine_dictator,_hoping_to_recover_from_this_humiliation;;;;;;;;;;;;;
EVTDESC600090;\n\nOnce_again_we_managed_to_win—against_all_odds—a_war_against_an_European_war._Despite_their_attempts_to_establish_a_protectorate_over_Mesopotamia_the_$FROMCOUNTRY_ADJ$_have_been_defeated_and_their_blockade_over_Argentina_has_been_lifted.;;;;;;;;;;;;;
EVTDESC600091;\n\nDespite_Rosas_best_efforts,_it_seems_that,_unlike_Spain,_the_British_and_France_forces_couldn't_be_as_easily_beaten._The_Unitarians_have_managed_to_establish_a_nation_in_Mesopotamia_and,_with_the_protection_of_an_European_power,_we_would_hardly_be_ever_able_to_reintegrate_them_into_Argentina.;;;;;;;;;;;;;
EVTDESC600092;\n\nIt_seems_that_we_managed_to_deal_a_significant_blow_the_the_Federalist_government_in_Buenos_Aires,_leading_Rosas_to_sue_for_peace_and_accept_our_protectorate_over_Mesopotamia.;;;;;;;;;;;;;
EVTDESC600093;\n\nThe_Unitarians_have_swayed_the_$FROMCOUNTRY_ADJ$_into_declaring_war_against_us,_stating_their_intentions_to_not_only_free_up_navigation_in_the_Paraná_and_Uruguay_rivers,_but_also_establish_a_protectorate_in_Mesopotamia.;;;;;;;;;;;;;
EVTDESC600094;\n\nOribe's_war_against_Riveira_didn't_went_well._Despite_some_initial_victories_and_even_being_able_to_expel_Riveira_to_Brazil,_Riveira_found_allies_in_the_tumultuous_Rio-grandense_Republic,_which_helped_him_return_to_Uruguay_and_inflict_several_blows_to_Oribe's_government,_imposing_on_him_defeat_after_defeat._But_the_last_blow_wasn't_dealt_by_Riveira,_instead,_during_their_blockade_of_Buenos_Aires,_the_French_have_occupied_Martín_García_Island,_leading_Oribe_to_"resign"_and_flee_to_Buenos_Aires,_surrendering_the_country_to_Riveira.;;;;;;;;;;;;;
EVTDESC600095;\n\nFollowing_their_occupation_of_Entre_Rios,_the_currently_occupying_Corrientes_approached_us_with_a_proposal:_in_exchance_for_end_of_hostilities_between_us,_they_wish_to_have_the_independence_of_the_Republic_of_Mesopotamia_to_be_recognized._We_can't_say_that_that_such_an_arrangement_is_to_our_liking,_seeing_as_Mesopotamia_is_one_of_the_most_Federalist_regions_in_the_country,_severely_hurting_our_political_position,_but_we_have_been_unable_to_destroy_Corrientes'_armies,_forcing_us_to_accept_their_deal.;;;;;;;;;;;;;
EVTDESC600096;\n\nAfter_a_prolonged_conflict_with_Rosas,_we_ended_up_in_an_uneasy_stalemate._Our_repeated_revolts_managed_to_exhaust_Rosas'_army_and,_on_top_of_that,_with_the_revolts_in_the_Interior_in_the_interior,_we_have_enough_leverage_to_propose_a_deal:_Rosas_could_keep_the_Confederation,_but_Corrientes_would_keep_Mesopotamia,_breaking_off_from_the_confederation_and_allowing_it_to_open_the_Paraná_and_Uruguay_rivers_as_a_compensation_to_its_allies,_forming_the_Republic_of_Mesopotamia.;;;;;;;;;;;;;
EVTDESC600097;\n\nWhile_the_idea_of_a_"Republic"_in_Mesopotamia_isn't_new,_this_is_the_first_time_we_achieve_true_independence_in_the_region,_with_the_last_"Republic_of_Entre_Rios"_being_mostly_a_statement_against_the_Unitarian_government_that_sat_in_Buenos_Aires_at_the_time._But_now_the_roles_are_flipped,_with_Mesopotamia_being_occupied_by_an_Unitarian_government_and_Buenos_Aires_by_and_Federalist_one._Now,_with_our_independence_accepted_by_Buenos_Aires,_there_is_a_small_debate_about_what_to_call_our_nation:_"Republic_of_Mesopotamia"_or_"Independent_State_of_Litoral"?;;;;;;;;;;;;;
CRT_prov_gov_liberal;Corrientes;;;;;;;;;;;;;
EVTDESC800899;\n\nWith_the_defeat_of_the_4th_and_final_Unitarian_Army_in_Corrientes_and_the_other_Unitarian_revolts,_the_province_is_once_again_loyal_to_the_Argentine_Confederation_and_the_Federalist_cause._After_changing_governors_many_times_during_the_conflict,_now_rises_to_power_the_General_Benjamín_Virasoro_as_the_governor_of_the_province._Having_served_under_Governor_Urquiza_in_his_final_campaign_to_retake_Corrientes_and_being_a_staunch_Federalist,_we_believe_he_has_the_experience_and_the_loyalty_to_keep_the_province_under_Federal_control_for_good_this_time.;;;;;;;;;;;;;
EVTDESC600098;\n\nDespite_being_able_to_defeat_the_1st_Unitarian_Army_of_Corrientes_by_himself,_the_governor_Pascual_Echagüe_suffered_defeat_at_the_hands_of_the_3rd_Unitarian_Army_of_Corrientes,_leading_to_his_removal_as_government_and_the_appointment_of_Justo_José_de_Urquiza_as_Governor_of_Entre_Rios._Despite_some_initial_setbacks_at_the_hands_of_the_3rd_Army_of_Corrientes_and_even_condemned_by_Rosas,_Urquiza_would_ultimately_be_successful_in_defeating_the_Unitarists_for_good_at_the_Battle_of_Vences._Luckily,_Entre_Rios—with_the_blockade_of_Argentina's_only_port—managed_to_get_quite_wealthy,_but_now,_with_the_blockade_lifted,_the_trade_dominance_of_Buenos_Aires_is_once_again_bothering_the_provinces_of_the_Litoral.;;;;;;;;;;;;;
urquiza_proclamation_desc;On May 1st, 1851, General and Governor Justo José de Urquiza, unsatisfied with the lack of the return of the trade-primacy of Buenos Aires after the end of the Anglo-French Blockade and Rosas lack of a proper constitution for the Argentine Confederation decreed the Urquiza's Statement, on which he formally accepted Rosas resignation—which he applied for every year, knowing his resignation as foreign relations minister would be rejected—declaring the effective independence of the Province of Entre Rios until a proper General Assembly for the writing of a constitution was called. \n\nUrquiza's Statement was supported by his political pupil Benjamín Virasoro—Governor of Corrientes—which until now was considered one of Rosas' partisans. Rosas, in the other hand, naturally rejected the statement.;;;;;;;;;;;;;
urquiza_proclamation_title;Urquiza's Statement;;;;;;;;;;;;;
EVTDESC600099;\n\nIt_seems_that_the_Mesopotamia_region_is_yet_to_find_peace._Despite_having_beaten_the_Unitarian_savages_from_Corrientes,_it_seems_that_now_the_traitors_are_find_in_our_own_party._General_and_Governor_José_Justo_de_Urquiza_has_just_defied_Rosas'_Government_in_open_revolt,_consorting_with_our_Brazilian_and_Uruguayan_enemies,_with_Corrientes_under_Benjamín_Virasoro_following_suit_as_well._It_seems_that_Rosas'_Confederation_will_have_one_last_obstacle_before_it_can_finally_have_peace...;;;;;;;;;;;;;
ENT_prov_gov_liberal;Entre Rios;;;;;;;;;;;;;
CRT_prov_gov_liberal_ADJ;Correntino;;;;;;;;;;;;;
ENT_prov_gov_liberal_ADJ;Entrerriano;;;;;;;;;;;;;
EVTDESC600100;\n\nWith_the_"Ejército_Grande"_taking_shape,_it_began_to_organize_itself_in_Diamante,_with_the_intention_of_crossing_into_the_Province_of_Santa_Fé,_where_governor_Pascual_Echagüe_(who_became_Governor_of_Santa_Fé_after_losing_his_position_as_Governor_of_Entre_Rios)_prepared_a_defense_against_Urquiza_and_his_army._\n\nOn_a_surprising_turn_of_events,_not_only_did_Urquiza's_Staff_counted_with_naturals_of_Santa_Fé_who_kept_him_updated_on_the_situation_across_the_Paraná_River,_but_the_cities_of_Santa_Fé_and_Rosário_both_proclaimed_support_to_Urquiza,_forcing_Echagüe_to_leave_the_province_to_regroup_in_Buenos_Aires,_leading_Urquiza_to_take_Santa_Fé_without_bloodshed_and_the_start_of_the_war_against_Rosas!;;;;;;;;;;;;;
EVTDESC600101;\n\nWe_have_been_ready_for_war_ever_since_Urquiza_released_his_statement,_declaring_effective_independence_from_the_Argentine_Confederation._Due_to_the_marshy_terrain_of_Southern_Entre_Rios,_we_were_sure_that_General_Urquiza_would_attemp_a_crossing_to_Santa_Fé_first,_which_General_Pascual_Echagüe_was_in_charge_of._Echagüe_left_the_city_of_Santa_Fé_itself_to_prepare_to_meet_Urquiza_after_his_crossing,_but_both_the_cities_of_Santa_Fé_and_Rosário_stabbed_our_government_in_the_back,_declaring_their_allegiance_to_Urquiza._Echagüe_was_forced_to_leave_the_province,_with_his_men_deserting_him_as_he_made_his_way_to_Buenos_Aires,_with_only_300_men_remaining_by_the_time_he_got_to_Rosas._It_is_clear_our_change_to_put_down_this_revolt_is_now_or_never,_lest_we_risk_more_desertions_from_our_men_and_other_provinces...;;;;;;;;;;;;;
EVTDESC46610020;\n\nHaving_clashed_with_the_Argentines_all_throughout_the_Uruguayan_Civil_War,_we_are_now_informed_that_General_José_Justo_de_Urquiza,_Governor_of_the_Entre_Rios_Province_in_the_Argentine_Confederation_has_declared_war_on_Rosas,_with_the_intention_of_deposing_Rosas_from_the_ruling_of_the_Confederation._While_Urquiza_has_once_been_our_enemy,_we_can't_deny_that_supporting_him_would_benefit_us,_considering_that_we_could_arrange_some_concessions_to_disrupt_Argentine_hegemony_over_the_Paraná_and_Uruguay_rivers.;;;;;;;;;;;;;
EVTDESC600104;\n\nWhile_our_government_stabilizes_after_our_victory_at_the_Battle_of_Caseros,_we_recieve_news_that_back_in_Corrientes,_a_revolt_has_granted_Gregorio_Pujol_control_over_the_province._While_we_are_a_bit_unsure_about_Pujol's_loyalty_to_Urquiza's_cause,_he_ultimately_wouldn't_bring_Corrientes_against_the_Argentine_Confederation,_not_to_mention_that_Benjamín_Virasoro—the_old_Governor_of_Corrientes_and_right-hand_man_of_Urquiza—doesn't_seem_to_mind,_considering_his_new_role_in_the_Confederation_besides_Urquiza.;;;;;;;;;;;;;
EVTDESC600103;\n\nDespite_some_initial_setbacks,_Rosas_managed_to_beat_the_traitor_José_Justo_de_Urquiza_and_his_army_of_Unitarian_savages_and_foreign_enemies._The_Ejército_Grande_was_shattered,_with_Brazil_and_Uruguay_suing_for_peace,_leaving_Urquiza_and_his_allies_under_our_mercy._New_governors_are_already_being_appointed_to_the_provinces,_with_Rosas_hoping_that_the_Argentine_Confederation_can_finally_find_some_degree_of_peace_now._While_this_incident_has_been_dealt_with,_we_can't_deny_that_it_brought_into_question_some_matters_regarding_the_Federal_Pact_and_national_organizaiton,_which_Rosas_will_need_to_adress_if_he_wants_to_solidify_his_legacy_as_the_Father_of_the_Argentine_Confederation.;;;;;;;;;;;;;
EVTDESC600102;\n\nWith_their_momentum_from_the_bloodless_takeover_of_Santa_Fé,_Urquiza,_together_with_his_Uruguayan_and_Brazilian_allies,_managed_to_win_the_decisive_Battle_of_Caseros,_leading_Rosas_to_resign_and_flee_the_country,_effectively_exiling_him_to_England._With_this_great_victory,_Urquiza_is_left_as_the_definitive_master_of_the_Argentine_Confederation._Luckily,_the_general_is_already_preparing_the_ground_for_a_new_constitutional_convention,_promoting_the_San_Nicolás_Agreement,_setting_the_bases_for_the_national_organization_of_the_future_Argentine_Constitution._Sadly,_Buenos_Aires_refused_to_ratify_the_pact,_leading_to_Urquiza_to_intervene_in_the_province,_putting_down_any_dissent_for_the_time_being...;;;;;;;;;;;;;
EVTDESC600105;\n\nIt_would_seem_that_Urquiza's_Federal_Intervention_on_Buenos_Aires_wasn't_enough_to_quell_the_Unitarian_sentiment_in_the_city._Urquiza_left_the_city_in_the_8th_of_September_to_preside_over_the_Constitutient_Congress'_sessions,_and_3_days_later,_in_the_11_September,_a_bloodless_coup_by_took_over_Buenos_Aires,_with_the_new_government_in_the_city_preparing_to_act_against_Urquiza!;;;;;;;;;;;;;
EVTDESC600106;\n\nDespite_our_victories_in_the_Litoral,_the_interior_provinces_of_the_Argentine_Confederation_seem_to_be_having_their_fair_share_of_trouble._Sensing_the_Federalist_infighting,_many_Federalist_governors_in_the_interior_were_deposed,_with_one_of_the_more_worrying_examples_being_found_in_the_north,_being_of_the_provinces_of_Tucumán,_Salta_and_Santiago_del_Esterro_which—after_changing_hands_a_couple_of_times—all_ended_up_under_the_control_of_an_Unitarian_alliance_in_the_north,_led_by_Manuel_Taboada._Despite_the_calls_for_help_from_the_Federalist_governor_of_Tucumán—Celedonio_Gutiérrez—against_Manuel_Taboada_and_his_ally_José_María_del_Campo,_Urquiza_wasn't_of_much_use,_leading_to_del_Campo's_takeover_of_Tucumán_and_the_persecution_of_Federalists_in_Tucumán.;;;;;;;;;;;;;
EVTDESC600107;\n\nEven_with_their_overwhelming_influence_over_the_Santiago_del_Esterro_and_its_neighboring_provinces,_the_Northern_Alliance_under_Manuel_Taboada_couldn't_prevent_the_Federalists_of_slowly_retaking,_the_governorship_of_the_Interior_provinces,_as_well_as_the_sympathy_of_the_people_as_the_memories_of_Rosist_rule_fade_and_the_Argentinian_Civil_Wars_come_to_an_end._Taboada's_alliance_has_finally_come_it_is_end,_securing_Federal_rule_over_the_region._That_is_not_to_say_that_his_Liberal_Party_is_dead,_sadly_such_an_Unitarian_tool_can't_hardly_die_as_easily_as_Taboada.;;;;;;;;;;;;;
EVTDESC600108;\n\nThe_Argentine_Constitution_of_$YEAR$_was_promulgated_by_Provisional_Director_José_Justo_de_Urquiza._Being_the_3rd_Argentine_Constitution_of_the_country,_it_would_see_more_success_than_the_1st_and_2nd_constitutions—which_both_were_proposed_by_Buenos_Aires_but_failed_to_gain_support_from_the_other_provinces._The_Constitution_was_based_on_the_Federal_model_and_the_Federal_Party's_ideas,_on_top_of_being_heavily_inspired_by_the_United_States_Constitution_and_the_pioneering_ideas_of_Juan_Bautista_Alberdi._Its_text_granted_high_level_of_independence_to_the_Argentine_provinces,_a_strong_executive_branch_government_and_a_bicameral_national_congress._\n\nLess_than_a_year_after_the_promulgation_of_the_constitution,_Urquiza_would_assume_office_as_the_1st_President_of_the_Argentine_Confederation.;;;;;;;;;;;;;
taboada_alliance;Taboada's Alliance;;;;;;;;;;;;;
unitarian_federal_clashes;Unitarian-Federal Clashes;;;;;;;;;;;;;
EVTDESC600109;\n\nIt_seems_that_the_victory_against_Rosas_was_only_the_first_step_for_the_new_Argentine_Confederation._While_the_armies_of_Buenos_Aires_were_quick_to_be_beaten_and_an_ex-Rosist_mutiny_laid_siege_to_the_city,_allying_with_Urquiza,_such_a_siege_appears_to_have_no_end_in_sight._\n\nWe_were_already_starved_off_of_money_to_play_our_troops,_but_we_hoped_that_the_blockade_of_the_city_would_make_it_fall_soon_enough._Sadly,_such_plans_went_down_the_drain_once_Commander_John_Halstead_Coe_accepted_a_bribe_from_the_Buenos_Aires'_government_in_exchange_for_the_surrender_of_the_navy_in_favor_of_Buenos_Aires._Now,_with_no_prospect_to_ever_finish_the_siege_like_that,_we_are_forced_to_withdraw...;;;;;;;;;;;;;
EVTDESC600110;\n\nAfter_a_prolonged_conflict_with_Rosas,_we_ended_up_in_an_uneasy_stalemate._Urquiza's_coffers_were_running_dry_and—despite_having_the_money_to_fund_his_troops—Rosas's_army_was_under_severe_disadvantage,_due_to_Urquiza's_Brazilian_and_Uruguayan_auxiliaries._On_top_of_that,_with_the_lack_of_reinforcement's_from_the_interior,_Urquiza_had_enough_leverage_to_propose_a_deal:_Rosas_could_keep_the_Confederation,_but_Urquiza_and_his_allies_would_break_off_from_the_Confederation,_forming_the_Independent_State_of_the_Litoral.;;;;;;;;;;;;;
EVTDESC600111;\n\nAfter_a_prolonged_conflict_with_Rosas,_we_ended_up_in_an_uneasy_stalemate._Urquiza's_coffers_were_running_dry_and—despite_having_the_money_to_fund_his_troops—Rosas's_army_was_under_severe_disadvantage,_due_to_Urquiza's_Brazilian_and_Uruguayan_auxiliaries._On_top_of_that,_with_the_lack_of_reinforcement's_from_the_interior,_Urquiza_had_enough_leverage_to_propose_a_deal:_Rosas_could_keep_the_Confederation,_but_Urquiza_and_his_allies_would_break_off_from_the_Confederation,_forming_the_Independent_State_of_the_Litoral.;;;;;;;;;;;;;
EVTDESC600112;\n\nWhile_the_idea_of_a_"Republic"_in_Mesopotamia_isn't_new,_this_is_the_first_time_we_achieve_true_independence_in_the_region,_with_the_last_"Republic_of_Entre_Rios"_being_mostly_a_statement_against_the_Unitarian_government_that_sat_in_Buenos_Aires_at_the_time._While_our_ambition_was_to_overthrow_Rosas,_both_Urquiza_and_his_allies_are_satisfied_with_having_Mesopotamia_under_his_control,_leading_to_the_free_navigation_of_Paraná_and_Uruguay_Rivers._Now,_with_our_independence_accepted_by_Buenos_Aires,_there_is_a_small_debate_about_what_to_call_our_nation:_"Republic_of_Mesopotamia"_or_"Independent_State_of_Litoral"?;;;;;;;;;;;;;
EVTDESC46653;\n\n$FROMCOUNTRY$_are_proposing_a_border_and_navigation_treaty_to_resolve_some_of_our_border_disputes_with_them._It_involves_the_cession_of_the_Paraguayan_Misiones_in_exchange_for_the_recognition_of_Paraguayan_independence,_dropping_all_claims_to_Pilar_and_entering_an_alliance_with_them_against_the_government_in_Buenos_Aires._It_also_gives_Paraguay_rights_to_navigate_through_our_rivers.;;;;;;;;;;;;;
EVTDESC46654;\n\n$FROMCOUNTRY$_accepted_our_proposal!_Our_troops_are_already_withdrawing_from_Missiones_and_a_small_celebration_is_being_held_at_the_new_border_with_$FROMCOUNTRY_ADJ$_government_officials_to_celebrate_the_start_of_a_great_friendship_between_our_two_nations!_\n\nWe_hope_they_can_help_us_dissuade_Argentinian_claims_in_the_Chaco.;;;;;;;;;;;;;
EVTDESC46655;\n\n$FROMCOUNTRY$_rejected_our_proposal!_With_this_potential_ally_rejecting_our_overtures,_we_are_forced_to_further_entrench_our_position_between_our_hostile_neighbors._We_can_only_hope_$FROMCOUNTRY$_isn't_planning_on_attacking_us_instead.;;;;;;;;;;;;;
league_of_the_free_peoples_desc;§RGain 5 infamy§! Between foreign and personal interests, to some degree, Entre Rios independence from the Argentine Confederation was founded on bases of the wish to uphold the ideals of Federalism. To reinforce our place as the bastion of "True Federalism", we could—to some degree—claim to be the true successor to the League of the Free Peoples, the state that—under José Gervasio Artigas—gave birth to the Federalist movement in Argentina. Doing so would put us at odds with our old allies, which now occupy territory which was once part of the League and would also rekindle our hostilities with Buenos Aires, which not only may still claim to be successors to the League, but also hold the Province of Córdoba, which was also part of the League to some degree.;;;;;;;;;;;;;
league_of_the_free_peoples_title;Claim the Mantle of the League of the Free Peoples;;;;;;;;;;;;;
juliana_connection_title;Legacy of the Juliana Republic;;;;;;;;;;;;;
juliana_connection_desc;§RGain 5 infamy§! With the birth of the Uruguayan Federation and the integration of the Gauchos from Rio Grande do Sul, the old ties between Uruguay and the local population have been rekindled. Despite the differences between us and the local population, we faced a lot of sympathetic sentiment in the region, with some like-minded even offering to pull some strings to find support across the northern border, in Santa Catarina, to try and give us a chance to claim the region. Santa Catarina was once occupied by the Rio-grandense Republic during the Ragamuffin War, with the Juliana Republic being established. With support from the Farrapos in Rio Grande do Sul, we could claim the region and shorten our border with Brazil significantly.;;;;;;;;;;;;;
reinvade_paraguay_title;End Paraguay's Independence;;;;;;;;;;;;;
reinvade_paraguay_desc;§RGain 10 infamy§! During the Platine Wars of Independence, Paraguay's fate stood on the edge of a knife. At the start, during the First Junta of Buenos Aires, Manuel Belgrano tried to invade Paraguay to liberate it from Royalist forces. Not only Belgrano in that task but Artigas also tried to incorporate Paraguay in the League of the Free Peoples, an prospect that also found no success. With both failed attempts on the conquest of Paraguay by Platine forces, the country's independence was secured. But now—as we carry the mantle of the League of the Free Peoples—Paraguay stands as the only country—besides us—between Argentina and Brazil. Thus, conquering it would not only avenge Artigas' attempt, but also become a stronger buffer between the two giants that border us.;;;;;;;;;;;;;
become_BAB_CRT_title;The Tower of Babel;La tour de Babel;Der Turm von Babylon;;La Torre de Babel;;;;;;;;;
become_BAB_CRT_desc;Very little progress has been made in the past few thousand years on that greatest of all building projects initiated by our proud ancestors. With Mesopotamia's recent ascent to power and standing in the world, there is some talk... though all talk has been strangely hard to understand lately... of starting the project back up again! With modern technology, who knows what wonders could be accomplished?;Au cours des derniers millénaires, très peu de progrès ont été faits sur le plus grand projet de construction initié par nos illustres ancêtres. Avec la montée en puissance récente et la nouvelle place dans le concert des nation de l'Iraq, on parle - même si récemment, le discourt s'est fait incompréhensible - de relancer le projet ! Avec la technologie moderne, qui sait quelles merveilles pourraient être accomplies ?;Im Laufe der letzten Jahrtausende wurden beim größten aller Bauprojekte, begonnen von unseren stolzen Vorfahren, kaum noch Fortschritte erzielt. Durch den kürzlichen Aufstieg des Iraks zu Macht und Ansehen in der Welt gibt es Gespräche ... die in letzter Zeit merkwürdigerweise nur schwer zu verstehen waren ... das Projekt wieder aufzunehmen! Welche Wunder wohl durch den Einsatz moderner Technologie möglich wären?;;En los últimos milenios apenas se han hecho progresos en el mayor de los proyectos de construcción iniciado por nuestros orgullosos antepasados. ¡Con el reciente ascenso de Irak en el concierto de las naciones, cada vez más voces (aunque cada vez más confusas, también es cierto) hablan de reiniciar el proyecto! Con la tecnología moderna, ¿quién sabe qué maravillas se podrían alcanzar?;;;;;;;;;
EVTDESC600113;\n\nNot_long_after_the_Argentine_Confederation_under_Urquiza_sanctioned_their_new_constitution,_the_newly-independent_State_of_Buenos_Aires_was_sure_to_follow_suit_and_sanction_their_own_constitution._While_the_document_doesn't_outright_declared_independence_from_the_Argentine_Confederation,_it_leaves_clear_that_Buenos_Aires_won't_join_the_Confederation,_unless_it_has_the_right_to_revise_the_Confederation's_Constitution_before_joining.;;;;;;;;;;;;;
EVTDESC800900;\n\nWhile_Federalism_triumphed_over_Unitarism_with_the_readmission_of_Buenos_Aires_into_the_Argentine_Confederation,_that_is_not_to_say_that_Federalism_was_quite_safe._In_the_recent_years,_as_the_Argentine_Confederation_evolves,_the_old_caudillos_that_were_the_heads_of_the_Federalist_Party_are_less_and_less_able_to_gather_power_and_influence,_effectively_changing_the_party's_dynamics_in_the_last_few_years._With_the_declining_power_of_the_caudillos,_the_party_started_to_enjoy_new_factions,_threatening_to_break_away_the_party,_the_most_relevant_of_which_being_the_National_Autonomists,_the_head_of_which_is_Nicolás_Avellaneda,_who_is_not_only_aligned_with_important_figures_like_Alberdi,_but_is_also_a_proponent_of_the_institutional_modernization_of_the_Confederation._Should_Avellaneda_take_over_the_Federalist_party,_he_is_sure_to_let_Federalism_evolve_to_something_better_suited_for_the_years_to_come.;;;;;;;;;;;;;
EVTDESC800901;\n\nDespite_his_involvement_in_the_1830_Sedition,_by_the_1840's,_as_the_liberal_revolutions_ravaged_Europe,_Samuel_Gottfried_Kerst_was_back_in_Germany_to_witness_the_liberal_revolutions_that_swept_across_his_fatherland._There_he_would_become_an_active_player_in_Prussian_politics,_working_for_its_administration_until_it_coming_at_odds_with_Prussia_naval_strategy._After_falling_out_with_the_Prussian_Navy,_Kerst_would_become_member_of_the_Prussian_Parliament_and_then_a_newspaper_editor._\n\nMore_recently,_Kerst_has_published_a_series_of_works_about_German_immigration_to_Brazil_and_the_Rio_grandense_Republic,_promoting_waves_of_German_immigration,_to_Brazil's_detriment.;;;;;;;;;;;;;
oribe_repaying_the_favor_title;Repaying the favor;;;;;;;;;;;;;
oribe_repaying_the_favor_desc;When Rivera—with help from his Anglo-French backers—deposed Oribe, Rosas was the man which not only hosted Oribe in exile, but also went to war to restore Oribe to the Uruguayan presidency. Now, as Oribe sits at the head of the Uruguayan politics once again, Rosas is facing problems back home, with the governor of Entre Rios—José Justo de Urquiza—revolting against him. It is about time we return the favor and help Rosas against this insurgency.;;;;;;;;;;;;;
EVTDESC600114;\n\nWhen_Rivera—with_help_from_his_Anglo-French_backers—deposed_Oribe,_Rosas_was_the_man_which_not_only_hosted_Oribe_in_exile,_but_also_went_to_war_to_restore_Oribe_to_the_Uruguayan_presidency._We_are_not_surprised_to_know_that_now,_as_Urquiza_wages_a_war_against_Rosas,_Manuel_Oribe_has_declared_full_support_to_Rosas,_declaring_war_on_Urquiza_and_his_allies.;;;;;;;;;;;;;
EVTDESC600115;\n\nWhen_Rivera—with_help_from_his_Anglo-French_backers—deposed_Oribe,_Rosas_was_the_man_which_not_only_hosted_Oribe_in_exile,_but_also_went_to_war_to_restore_Oribe_to_the_Uruguayan_presidency._We_are_not_surprised_to_know_that_now,_as_Urquiza_wages_a_war_against_Rosas,_Manuel_Oribe_has_declared_full_support_to_Rosas,_declaring_war_on_Urquiza_and_his_allies.;;;;;;;;;;;;;
EVTDESC600116;\n\nWith_our_triumph_against_the_traitorous_Urquiza,_we_can't_overlook_the_help_Manuel_Oribe_provided_us_by_being_quick_to_declare_war_against_Urquiza._Rosas_can't_help_but_consider_if_a_closer_relationship_with_Oribe's_Uruguay_would_be_in_order,_an_idea_that_was_tossed_around_before,_but_post-ponned_by_Urquiza's_revolt._With_Anglo-French_influence_expelled_from_Uruguay,_no_one_could_oppose_us_if_we_were_to_sign_a_treaty_declaring_Oribe_to_the_governor_of_the_Provincia_Oriental.;;;;;;;;;;;;;
EVTDESC600117;\n\nWith_our_triumph_against_the_traitorous_Urquiza,_Rosas_couldn't_help_but_see_the_value_Oribe_had_been_to_his_Confederation._Naturally,_seeking_to_deepen_their_partnership,_Rosas_proposed_to_Oribe_that_Uruguay_join_the_Argentine_Confederation,_with_him_as_its_provicial_governor,_of_course.;;;;;;;;;;;;;
EVTDESC800902;\n\nMany_of_the_men_who_fought_under_Urquiza_against_Rosas_wanted_one_thing_and_one_thing_only,_a_democratic_constitution_for_the_Argentine_Federation._While_we_have_little_hope_of_implementing_such_a_constitution_on_the_Argentine_Confederation—still_under_Rosas—with_our_independence,_we_can_at_least_let_our_people_bear_fruit_of_such_ideas._With_nothing_in_his_way,_Urquiza_called_for_a_constitutional_congress_in_Santa_Fé,_which_has_just_finished_the_final_draft_of_the_Constitution_of_$COUNTRY$,_following_our_federalist_and_democratic_ideals.;;;;;;;;;;;;;
EVTDESC600118;\n\nDespite_our_allies_planning_to_do_a_naval_invasion_of_Santa_Fé_from_Sacramento,_General_Justo_José_de_Urquiza,_with_the_help_of_his_Uruguayan_and_Brazilian_auxiliaries,_managed_to_beat_Rosas_at_the_Battle_of_Monte_Caseros,_which_prompted_the_Argentine_tyrant_to_flee_from_the_battlefield_to_Buenos_Aires,_where_he_would_disguise_himself_and_embark_on_a_ship_out_of_the_country,_effectively_exiling_himself_and_handing_over_the_country_to_Urquiza.;;;;;;;;;;;;;
EVTDESC600119;\n\nOur_relations_with_our_southern_neighbors_aren't_the_best._Argentina_has_tried—and_failed—to_invade_our_nation_in_the_past_and_they_still_claim_that_we_are_just_a_rebelious_province_of_their_confederation._While_the_current_head_of_the_confederation_Juan_Manuel_de_Rosas_is_set_on_one_day_reconquering_Paraguay,_a_revolt_has_broken_on_the_other_side_of_the_border,_with_the_Province_of_Corrientes_being_currently_controlled_by_Unitarians_that_oppose_his_government._While_they_already_count_with_Uruguayan_support,_giving_them_further_support_would_only_weaken_Rosas_and_maybe_provide_us_with_leverage_to_negotiate_our_independence_with_the_Unitarians_in_the_future.;;;;;;;;;;;;;
rosas_dead;The Death of Rosas;;;;;;;;;;;;;
commission_angelis_constitution_title;Implement Angelis' Constitution;;;;;;;;;;;;;
commission_angelis_constitution_desc;The traitor José Justo de Urquiza once commissioned journalist and historian Pedro de Angelis a constitution. While Urquiza was defeated by our great leader Rosas, the constitutional project went ahead, with the finished 135-long constitution being published in Angelis' journal in Buenos Aires. Rosas—at first—personally wasn't very keen on Angelis and his work, but with time our great leader approached Angelis personally to publish some intellectual projects of his government, creating a bridge between the two men. \n\nWith Rosismo evolving and Rosas' health starting to fade, it may be for the best that—instead of relying on Rosas' son to carry his regime on—we commission Angelis' constitution to be sanctioned as the official constitution of the Argentine Confederation.;;;;;;;;;;;;;
EVTDESC600120;\n\nPrincess_Alice_arrival_in_Buenos_Aires_was_a_celebrated_one._It_was_hard_to_convince_the_English_government_to_let_Alice_be_crowned_Queen_of_Argentina,_but—after_guaranteeing_Alice_would_reign_as_a_constitutional_monarch—the_British_Royal_Family_accepted_letting_Alice_be_our_queen._\n\nJust_like_that,_today,_on_the_year_of_our_Lord_$YEAR$,_Alice_Maud_Mary,_also_known_as_Princess_Alice_of_the_United_Kingdom,_was_crowned_as_Queen_Alice_I,_of_the_Saxe-Coburg-Gotta_dynasty,_first_queen_of_the_Argentine_Monarchy._Long_live_the_Queen!;;;;;;;;;;;;;
EVTDESC600121;\n\nSadly,_for_one_reason_or_another,_the_British_Royal_Family_refused_to_let_Princess_Alice_be_crowned_Alice_I_of_Argentina._While_this_is_quite_a_setback_to_Rosas_monarchical_plans,_maybe,_if_he_is_so_set_on_following_this_path,_the_dictator_could_declare_himself_Protector_of_Argentina_and_Restorer_of_the_Order,_granting_him_the_title_of_king_Juan_Manuel_de_Rosas_I,_the_first_of_the_Rosas_dynasty,_first_king_of_the_Argentine_Monarchy.;;;;;;;;;;;;;
province_of_paraguay_title;Cut Negotiations with Paraguay;;;;;;;;;;;;;
province_of_paraguay_desc;§RGain 10 infamy§! "Relations with the Province of Paraguay, which have been severed for many years, will be definitively restored by the first Legislative Congress that meets after the present Constitution is sworn in." — These are the exact words in Angelis' Constitution. While vague, Angelis confessed—at a later date—to including it as a path to reintegrate Paraguay into the Confederation. Paraguay has long been a great reason of shame and a thorn in our side, with its dictator—Carlos Antonio López—having supported both the Unitarians in Corrientes and the traitors under Urquiza. But—following Angelis draft—we have established negotiations with Asunción which have yet to be fruitful. Maybe it is about time we cut off our relations with Paraguay and end their independence once and for all.;;;;;;;;;;;;;
VNZ_prov_gov_liberal;Interim Government of Colombia;;;;;;;;;;;;;
EVTDESC600122;\n\nWith_out_victory_against_the_secessionists,_the_new_reformist_government_can_declare_itself_the_"Interim_Government_of_Colombia",_with_the_hope_of_soon_reforming_an_unified_Colombia.;;;;;;;;;;;;;
EVTDESC600123;\n\nSadly,_be_it_by_our_idleness_or_our_failure_to_unite_Colombia_by_force,_the_reformist_spirit_that_started_the_reformist_revolt_has_long_since_faded,_leaving_us_to_officially_drop_the_claims_to_an_unified_colombian_state_once_for_the_time_being.;;;;;;;;;;;;;
EVTDESC600124;\n\nThe_French_Blockade,_while_not_enough_to_make_us_kneel_under_its_weight,_surely_hit_our_nation_quite_hard,_so_much_so_that_the_landowners_of_Buenos_Aires_started_to_conspire_with_our_French_and_Unitarian_enemies_to_depose_our_great_leader_from_Buenos_Aires._This_conspiracy_was_able_to_reach_Rosas'_personal_friend,_Manuel_Vincente_Maza,_whose_son_was_chosen_as_son_of_said_conspiracy._As_the_conspirators_were_ready_to_strike,_Rosas_managed_to_arrest_Maza's_son,_which—after_supposedly_trying_to_help_his_son—was_assassinated_in_his_office,_with_his_son_being_executed_in_the_next_day._With_that,_the_revolt_lost_the_support_in_Buenos_Aires_itself,_with_it_being_limited_to_a_small_army_in_the_south_of_Buenos_Aires._The_army_was_meant_to_be_lead_by_Juan_Galo_de_Lavalle,_the_old_Unitarian_governor_of_Buenos_Aires,_but_he_ended_up_being_leading_his_army_into_Entre_Rios,_were_he_found_some_degree_of_success,_leaving_the_revolt_in_Buenos_Aires_to_fight_on_its_own.;;;;;;;;;;;;;
EVTDESC600125;\n\nOnce,_the_interior_was_safely_under_the_rule_of_Facundo_Quironga._But_ever_since_his_death_in_1835,_things_began_to_change._Governors_of_the_interior_provinces_began_to_slowly_be_swayed_to_the_Unitarian_cause,_leading_to_a_small_revolt_by_Domingo_Cullen,_which_was_swiftly_dealt_with_by_governor_Juan_Pablo_López—of_Santa_Fé._Now,_with_the_war_against_Corrientes_waging_on_another_bigger,_more_threatening_revolt,_has_come_to_be,_with_the_governor_of_Tucumán—Marco_Manuel_Avellaneda—rallying_an_coalition_against_Rosas,_joining_forces_with_the_governors_of_Salta,_Jujuy,_Catamarca_and_La_Roja._Rosas_tried_to_prevent_the_uprising_by_seizing_Tucumán's_guns,_but_the_general_he_sent—Gregorio_Aráoz_de_Lamadrid—joined_forces_with_the_coalition—due_to_his_Unitarian_background.;;;;;;;;;;;;;
ARG_prov_gov_liberal;Northern Coalition;;;;;;;;;;;;;
unite_with_argentina_title:Unite with the Argentina;;;;;;;;;;;;;
unite_with_argentina_desc;Our old disputes with the Federalist Party led to our secession from the old Argentine Confederation. With the fall of the Federalist government, the Unitarians took over Argentina, destroying the old confederation and declared the creation of the Argentinian Republic, which closely alligns with our ideals. Perhaps now it's time we finally rejoin Buenos Aires...;;;;;;;;;;;;;
EVTDESC600126;\n\nWhen_Alto_Peru_was_incorporated_in_the_Argentine_Confederation,_it_was_bound_to_have_a_special_status._Since_then,_Argentine_politics_have_slowly_sapped_into_Bolivia,_with_disputes_between_Unitarians_and_Federalists_also_happening_in_Alto_Peru,_as_they_also_happened_in_the_Argentine_Interior._Together_with_the_governors_of_La_Roja,_Santa_Fé_and—of_course—Buenos_Aires,_the_Governor_of_Alto_Peru_was_one_of_the_pivotal_federalist_governors_in_the_confederation._But_recently,_the_old_governor_left_the_office,_giving_way_to_a_new_governor,_less_aligned_with_Rosas_and_his_ideals._Now,_be_it_for_a_desire_to_trully_support_the_Bolivian_people,_to_support_the_Unitarians_or_pure_madness,_the_new_governor_of_Alto_Peru_has_declared,_in_La_Paz,_war_on_Rosas_and_his_Federalist_confederation,_rallying_the_Bolivian_people_to_his_side._Sadly,_we_can't_say_that_the_entire_country_followed_the_governor's_idea,_with_provinces_like_Tarija_and_Salta_regrettably_declaring_loyalty_to_the_confederation,_taking_arms_against_us.;;;;;;;;;;;;;
EVTDESC600127;\n\nWhen_Alto_Peru_was_incorporated_in_the_Argentine_Confederation,_it_was_bound_to_have_a_special_status._The_governor_of_Alto_Peru_was—among_the_governors_of_La_Roja,_Santa_Fé_and,_of_course,_Buenos_Aires—one_of_the_most_important_governors_in_the_Argentine_Confederation._But_after_serving_us_truthfully,_the_governor_of_Alto_Peru_was_deposed_by_one_of_his_subordinates,_which_now,_in_our_moment_of_weakness,_has_declared_war_on_Rosas,_trying_to_have_Bolivia_to_rule_as_his_little_fiefdom._Luckily,_some_of_Alto_Peru_sees_this_madness_and_chooses_to_take_arms_against_the_mad_caudillo,_declaring_allegiance_to_governor_Rosas_and_his_confederation.;;;;;;;;;;;;;
EVTDESC600128;\n\nWhen_Alto_Peru_was_incorporated_in_the_Argentine_Confederation,_it_was_bound_to_have_a_special_status._The_governor_of_Alto_Peru_was—among_the_governors_of_La_Roja,_Santa_Fé_and,_of_course,_Buenos_Aires—one_of_the_most_important_governors_in_the_Argentine_Confederation._Shamefully,_with_the_death_of_the_old_governor_of_Alto_Peru,_the_local_governor_in_Alto_Peru_has_elected_a_new_caudillo_to_rule_the_region_for_the_confederation._To_our_surprise,_the_new_caudillo_proved_himself_quite_popular,_with_this_hold_over_Alto_Peru_benefiting_the_confederation,_with_no_doubt._But_now,_in_our_moment_of_weakness,_it_would_seen_that_the_governor_of_Alto_Peru_has_declared_the_wish_to_"free_the_Bolivian_people_from_the_clutches_of_Buenos_Aires",_declaring_war_on_Rosas_for_the_independence_of_the_Republic_of_Bolivia._Luckily,_some_of_Alto_Peru_is_still_interested_in_being_part_of_the_Argentine_Confederation,_declaring_allegiance_to_the_Argentine_Confederation,_hindering_the_plans_of_this_new_"President_of_Bolivia"...;;;;;;;;;;;;;
EVTDESC600129;\n\nWhen_Alto_Peru_was_incorporated_in_the_Argentine_Confederation,_it_was_bound_to_have_a_special_status._The_governor_of_Alto_Peru_was—among_the_governors_of_La_Roja,_Santa_Fé_and,_of_course,_Buenos_Aires—one_of_the_most_important_governors_in_the_Argentine_Confederation._Argentinian_politcs_were_bound_to_penetrate_Alto_Peru._The_local_governor_had_to_put_down_not_only_nationalistic_elements,_but_Unitarians_as_well._But_it_would_seem_that_the_governor_of_Alto_Peru—as_did_the_other_governors_in_the_interior—ended_up_falling_for_Unitarian_rethoric,_becoming_open_enemies_to_Rosas_Federalist_party_and_allying_with_the_Unitarian_revolts_across_our_country._They_are_now_just_one_more_Unitarian_revolt_we_have_to_deal_with_it._Luckily,_some_of_the_Alto_Peruvian_provinces_are_loyal_to_the_federalist_cause,_declaring_allegiance_to_Rosas_and_the_Argentine_Confederation,_lest_the_Unitarians_in_Buenos_Aires_strip_away_their_liberties.;;;;;;;;;;;;;
EVTDESC600130;\n\nThe_Army_of_North_was_victorious!_Our_role_in_the_downfall_of_the_Peru-Bolivian_Confederation—despite_being_somewhat_limited—earned_us_the_opportunity_to_take_a_few_spoils_from_this_war._While_it_would_be_in_our_ultimate_interest_to_make_Bolivia_join_our_great_nation—as_it_was_once_part_of_the_Viceroyalty_of_the_Río_de_la_Plata—our_role_in_the_war_was_far_too_small_for_such_a_prize._But,_that_is_not_to_say_we_are_to_leave_empty_handed,_as_we_could_solve_some_of_our_contested_claims_with_Bolivia,_or_even_look_into_some_of_their_territory_which_we_could_annex._Besides_our_claims_in_Tarija_and_Susquis,_we_also_could_also_annex_the_Bolivian_ports_in_Antofagasta,_which_were_once_part_of_the_Province_of_Salta._On_top_of_that,_one_of_the_ideas_we_had_during_the_war_was_to_sack_Potosí_and_its_mint,_luckily,_this_idea_wouldn't_come_to_fruition,_but_maybe_it_wouldn't_be_a_bad_idea_to_take_the_city_and_its_mint_for_ourselves,_considering_it_was_responsible_for_our_minting_first_coins._Annexing_any_of_these_territories_for_ourselves_its_bound_to_make_mortal_enemies_out_of_the_Bolivians,_no_doubt.;;;;;;;;;;;;;
EVTDESC600131;\n\nRivera,_by_igniting_a_revolt_in_Corrientes,_led_to_a_general_Unitarian_uprising_across_Argentina,_with_revolts_Rosas'_regime_facing_revolts_in_the_Interior_and_Buenos_Aires._Regrettably,_one_of_the_campaigns_had_to_be_fought_over_Alto_Peru,_where—to_our_surprise—we_faced_some_support,_despite_the_betrayal_coming_from_the_local_governor._Provinces_like_Tarija_and_Salta_came_to_our_aid_in_our_hour_of_need_and_now,_as_the_dust_settles,_they_ask_for_deeper_ties_with_the_Argentine_Confederation,_wanting_to_be_a_direct_part_of_the_Confederation,_rather_than_being_under_Alto_Peru.;;;;;;;;;;;;;
EVTDESC600132;\n\nA_new_governor_has_been_appointed_to_head_$COUNTRY$_for_our_overlords.;;;;;;;;;;;;;
andresito_cultures_title;The Rights of the First Peoples;;;;;;;;;;;;;
andresito_cultures_desc;While we can't say the Federalist Party is ideologically aligned with the idea of indigenous rights, our ideology and political structure always favored great cooperation with the local indigenous peoples. Artigas was the first to do so, with his policies and networks reaching the indigenous peoples. Besides that, as the Federalist model favored local power, Federalist caudillos were quick to use the local natives to their advantage, not to mention that nods to the native population weren't an exclusive Federalist phenomenon, with the declaration of independence by the Congress of Tucumán being published in Spanish, Quechua and Aimara.;;;;;;;;;;;;;
rivera_won;Uruguay owes us a favor;;;;;;;;;;;;;
EVTDESC600133;\n\nDespite_our_best_efforts,_the_Army_of_the_North_was_defeated!_While_we_expected_an_easy_conflict_against_an_unstable_confederation,_it_seems_that_our_defeat_was_assured_one_way_or_the_another,_which_Chile_faring_no_better._We_now_wait_for_the_Confederation's_terms,_maybe_they_will_go_easy_on_us,_after_all_that_happened.;;;;;;;;;;;;;
EVTDESC600134;\n\nHaving_defeated_the_Argentinian_Army_of_North,_our_Confederation_stands_victorious!_Our_enemies_expected_a_weak_and_unstable_confederation,_but_they_were_gravely_mistaken_and_it_is_now_time_we_decide_the_price_they_will_pay_for_it._While_most_argue_we_should_just_make_our_$FROMCOUNTRY_ADJ$_neighbors_drop_our_claims_on_us,_there_is_the_real_possibility_of_getting_some_extra_land_out_of_this,_at_the_cost_of_making_an_permanent_enemy_to_the_south._What_was_suggested_is_that_we_annex_some_of_the_Argentinian_interior_provinces,_Jujuy_and_Salta,_maybe_Tucumán_and_Catamarca,_all_of_which_once_had_deep_economic_ties_with_us.;;;;;;;;;;;;;
EVTDESC600135;\n\nAfter_the_Revolution_of_the_Restorers,_Balcarce_was_succeed_by_Juan_José_Viamonte,_which_soon_was_forced_to_resign_as_well,_leading_to_Manuel_Vicente_Maza_to_assume_the_Governorship_of_Buenos_Aires,_after_no_one_else_accepted_the_position._Maza—a_friend_of_Rosas_who_participated_in_the_Revolution_of_the_Restorers—would_soon_have_to_resign_as_well,_as_in_February_he_sent_Federalist_leader_Facundo_Quironga_to_settle_a_dispute_in_the_Interior._On_his_way_there,_Quirong_was_assassinated,_leading_to_such_public_outrage_that_he_was_forced_to_resign,_with_the_House_of_Representatives_of_Buenos_Aires_finally_yelding_and_electing_Juan_Manuel_de_Rosas_to_the_governorship_of_the_province,_granting_him_the_"sum_of_the_public_power"_and_thus_dictatorial_powers._\n\nRosas_would_become_the_17th_Governor_of_Buenos_Aires_in_the_13th_of_March.;;;;;;;;;;;;;
EVTDESC600136;\n\nWith_the_help_of_the_Sociedad_Popular_Restauradora—and_its_parapolice_unit,_La_Mazorca—Rosas_managed_to_use_state_terrorism_as_a_tool_for_his_regime._La_Mazorca_would_conduct_raids_into_neighborhoods,_persecuting_anyone_not_deemed_loyal_enough_to_Rosas,_accusing_them_of_having_ties_to_the_Unitarians._Rosas_would_exercise_full_control_of_La_Mazorca_as_a_tool_for_terror,_burning_opposition_newspapers_and_being_sure_to_pick_the_targets_whose_demise_would_be_the_most_useful_as_a_tool_of_terror,_instead_of_carrying_out_its_attacks_randomly._In_the_end,_most_enemies_of_Rosas_would_end_up_having_to_exile_themselves—usually_to_Montevideo,_where_they_would_find_support_with_the_Uruguayan_colorados—leaving_the_Argentine_dictator_with_full_control_over_the_Province_of_Buenos_Aires.;;;;;;;;;;;;;
EVTDESC600137;\n\nRosas'_new_regime_sought_to_control_every_aspect_of_public_life,_buildings_were_decorated_in_red,_the_color_of_Rosismo_and_Federalism,_every_public_document_held_the_inscription_"Death_to_the_Savage_Unitarians"_at_the_top_of_it,_government_employees_were_forced_forced_to_wear_a_badge_saying_"Federation_or_Death"_and_every_male_and_female_had_to_sport_a_"federal_look",_with_males_being_forced_to_grow_moustaches_and_sideburns,_not_to_mention_the_children_also_having_to_wear_uniforms_with_the_colors_and_motiffs_of_the_new_regime._The_red_color_became_omnipresent_in_Buenos_Aires_as_a_constant_reminder_of_Rosas_and_his_regime.;;;;;;;;;;;;;
EVTDESC600138;\n\nThe_dictorial_powers_granted_by_holding_"the_sum_of_public_power"_allowed_Rosas_to_create_an_elaborate_cult_of_personality_around_himself,_letting_him_be_portrayed_as_almighty_protector_of_the_people._His_portraits_were_carried_out_on_the_street_in_demonstrations_and_then_put_on_the_church_alter_to_be_venerated._Rosas_had_the_backing_of_most_Catholic_clergy,_especially_since_most_of_them_were_on_the_state's_payroll,_since_the_Catholic_Church_had_refused_to_acknowledge_Argentinian_independence,_letting_the_government_invest_their_own_men_into_the_churches_and_parishes_of_Buenos_Aires,_with_the_only_clergy_which_opposed_Rosas—the_Jesuits—being_expelled_from_the_country_as_was_most_opposition_to_Rosas.;;;;;;;;;;;;;
EVTDESC600139;\n\nRosas_came_to_control_various_aspects_of_everyday_life_for_the_people_of_Buenos_Aires,_forcing_people_to_adhere_to_Federalism_and_Rosismo_even_in_the_way_they_wore_their_clothes._In_spite_of_that,_he_also_managed_to_enjoy_some_popularity_with_both_Afro-Argentines_and_Gauchos,_being_admired_for_his_willingness_to_mingle_with_these_marginalized_groups_of_Argentine_society._That_is_not_to_say_that_Rosas_was_all-benevolent—seeing_as_those_who_had_the_courage_to_oppose_him_are_now_dead,_castrated_or_living_across_the_Rio_de_La_Plata_in_Montevideo._Rosas'_hegemony_over_the_politics_of_Buenos_Aires_is_unmatched.;;;;;;;;;;;;;
paternalistic_totalitarism;Paternal Totalitarianism;;;;;;;;;;;;;
paternalistic_totalitarism_desc;Our great leader holds total authority over the society and seeks to control all aspects of public and private life wherever possible, seeing himself as a "benevolent dictator" and a father to our people. He reaches so far as to dictate how people dress and carry themselves, plastering the symbols of the regime all over the country. In contrast, anyone opposed to his absolute authority is forced into hiding, or faces punishment in prison or even is made an example by our leader's agents. The entire population is, willingly or unwillingly, conscripted to serve our leader's priorities and subject to his whims.;;;;;;;;;;;;;
EVTDESC600140;\n\nDespite_our_best_attempts_to_overthrow_Rosas,_our_effort_has_been_in_vain,_we_were_unable_and_retake_Buenos_Aires_for_the_Unitarian_cause_and_our_revolt_is_over.;;;;;;;;;;;;;
EVTDESC600141;\n\nRecently_our_armies_have_marched_to_occupy_the_region_of_the_Chaco._The_region_is_currently_pending_incorporation_in_our_nation,_with_the_Province_of_Santa_Fé_laying_claim_to_part_of_it._Sadly_the_region_is_also_claimed_by_Argentina,_leading_to_some_of_our_advisors_to_suggest_that_we_propose_a_treaty_to_our_neighbors,_splitting_the_Chaco_along_a_straight_line_along_Santa_Fé's_claims,_keeping_everything_to_its_east._This_would_prevent_any_future_conflict_with_out_neighbor_due_to_our_conflicting_claims_to_the_Chaco.;;;;;;;;;;;;;
EVTDESC600142;\n\nRecently,_$FROMCOUNTRY_ADJ$_armies_have_marched_to_occupy_the_region_of_the_Chaco._As_we_also_claim_the_region,_we_had_already_started_to_draw_plans_to_recover_the_region_from_them,_but_it_seems_that_they_predicted_that_the_region_could_cause_conflict_between_our_countries,_with_their_diplomats_reaching_us_to_propose_a_treaty_splitting_the_Chaco,_offering_to_give_us_all_the_land_west_of_Santa_Fé's_claims_to_the_land,_which_would_grant_us_about_half_of_the_territory_they_came_to_occupy.;;;;;;;;;;;;;
EVTDESC600143;\n\nOur_diplomats_came_back_from_the_$FROMCOUNTRY_ADJ$_capital,_informing_that_the_treaty_was_a_success!_As_our_troops_leave_part_of_the_Chaco,_we_can_sleep_easier_at_night_knowing_that_we_have_one_less_reason_to_fight_our_neighbors.;;;;;;;;;;;;;
EVTDESC600144;\n\nOur_diplomats_came_back_from_the_$FROMCOUNTRY_ADJ$_capital,_informing_that_the_treaty_was_rejected!_We_can_only_hope_that_the_$FROMCOUNTRY_ADJ$_hawks_aren't_planning_to_invade_us_for_all_of_the_Chaco,_but_we_better_prepare_for_war_anyway...;;;;;;;;;;;;;
help_urquiza;Helping Urquiza;;;;;;;;;;;;;
lost_buenos_aires;The Loss of Buenos Aires;;;;;;;;;;;;;
lost_buenos_aires_desc;With the revolt in Buenos Aires following Rosas being overthrown, we have been left in a precarious position. We have lost the country's most important port and our coffers are running drier from the loss of its revenue, hindering our ability to muster large armies for prolonged periods of time.;;;;;;;;;;;;;
EVTDESC600145;\n\nAs_Buenos_Aires_was_still_independent_despite_our_initial_victories,_we_entered_a_period_of_uneasy_peace_with_our_old_capital_city._Regrettably,_some_of_our_generals_have_took_the_initiative_to_retake_the_city_themselves._The_last_attempt_was_carried_out_by_general_José_Maria_Flores—which_returned_safely_to_Santa_Fé,_if_a_bit_beaten—and_general_Jerónimo_Costa,_which,_to_our_dismay,_marched_towards_Buenos_Aires_with_less_than_200_men,_leading_to_the_Battle_of_Villamayor,_which_quickly_turned_into_a_massacre,_as_Costa's_forces_were_forced_to_surrender_and_then_executed_by_the_savage_Unitarians.;;;;;;;;;;;;;
EVTDESC600146;\n\nAfter_a_brief_conflict_with_the_Unitarians_in_Cuyo,_the_Confederation's_Congress_has_authorized_the_use_of_force_to_reintegrate_Buenos_Aires_into_the_Federation._Such_an_act_was_seen_by_Buenos_Aires_as_a_declaration_of_war,_which_prompted_a_Porteño_invasion_of_the_Argentine_Confederation._The_invasion_resulted_in_the_Battle_of_Cepeda,_which_was_a_Federal_victory,_leaving_the_path_to_Buenos_Aires_open._\n\nNow,_as_someone_who_always_favored_the_diplomatic_way,_instead_of_marching_into_Buenos_Aires,_Urquiza_considered_camping_on_San_José_de_Flores_and_offering_to_negotiate_with_the_Unitarian_leadership,_willing_to_put_their_differences_aside_in_favor_of_a_better_national_union.;;;;;;;;;;;;;
EVTDESC600147;\n\nAfter_a_brief_conflict_with_the_Unitarians_in_Cuyo,_the_Confederation's_Congress_has_authorized_the_use_of_force_to_reintegrate_Buenos_Aires_into_the_Federation._Such_an_act_was_seen_by_Buenos_Aires_as_a_declaration_of_war,_which_prompted_a_Porteño_invasion_of_the_Argentine_Confederation._The_invasion_resulted_in_the_Battle_of_Cepeda,_which_was_a_Federal_victory,_leaving_the_path_to_Buenos_Aires_open._\n\nLuckily,_Urquiza—instead_of_taking_Buenos_Aires_by_force—decided_to_camp_on_San_José_de_Flores,_offering_to_negotiate_with_the_Unitarian_leadership,_willing_to_put_their_differences_aside_in_favor_of_a_better_national_union._While_this_would_allow_us_to_gain_significant_concessions,_Governor_Valentín_Alsina_is_against_such_negotiation,_leading_some_to_suggest_that_we_force_him_to_resign,_lest_we_lose_the_change_to_get_significant_concessions.;;;;;;;;;;;;;
EVTDESC600148;\n\nFinally,_peace_has_prevailed_and_the_Porteño_government_agreed_to_negotiate._What_followed_was_the_Pact_of_National_Unity,_in_San_José_de_Flores._The_pact_would_entail_in_a_series_of_benefits_for_the_"newly-incorporated"_province_of_Buenos_Aires,_which_on_top_of_retaining_some_political_dominance_over_the_country,_managed_to_get_some_changes_done_to_the_constitution_on_its_favor._The_deal_has_left_a_sour_taste_in_the_mouth_of_many,_with_some_observers_not_sure_if_the_peace_with_Buenos_Aires_will_last...;;;;;;;;;;;;;
EVTDESC600149;\n\nFinally,_peace_has_prevailed_and_the_Porteño_government_agreed_to_negotiate._What_followed_was_the_Pact_of_National_Unity,_in_San_José_de_Flores._The_pact_would_entail_in_a_series_of_benefits_for_the_"newly-incorporated"_province_of_Buenos_Aires,_which_on_top_of_retaining_some_political_dominance_over_the_country,_managed_to_get_some_changes_done_to_the_constitution_on_its_favor._Despite_the_concessions_we_managed_to_squeeze_out_of_Argentine_Confederation,_we_are_set_on_breaking_off_from_the_Confederation_at_the_first_opportunity.;;;;;;;;;;;;;
EVTDESC600150;\n\nAfter_a_brief_conflict_with_the_Unitarians_in_Cuyo,_the_Confederation's_Congress_has_authorized_the_use_of_force_to_reintegrate_Buenos_Aires_into_the_Federation._Such_an_act_was_seen_by_Buenos_Aires_as_a_declaration_of_war,_which_prompted_a_Porteño_invasion_of_the_Argentine_Confederation._The_invasion_resulted_in_the_Battle_of_Cepeda,_which_was_a_Federal_victory,_leaving_the_path_to_Buenos_Aires_open._\n\nNow,_Urquiza_marches_towards_Buenos_Aires._We_are_forced_to_munster_a_new_army_if_we_want_to_have_any_chance_to_not_be_forcefully_integrated_into_the_Confederation.;;;;;;;;;;;;;
EVTDESC600151;\n\nWith_another_conflict_with_the_Argentine_Confederation_ending_in_a_stalemate,_it_is_about_time_we_think_about_our_future._For_how_long_will_we_wage_war_against_the_Federalists?_Despite_not_being_able_to_defeat_the_Confederation,_we_still_hold_enough_leverage_to_have_them_accept_the_definitive_secession_of_Buenos_Aires_from_Argentina,_letting_us_follow_our_future_in_peace,_free_from_their_rule_once_and_for_all.;;;;;;;;;;;;;
EVTDESC600152;\n\nWith_another_conflict_with_the_Argentine_Confederation_ending_in_a_stalemate,_the_State_of_Buenos_Aires_seems_to_finally_have_decided_that_enough_has_enough_and_declared_formal_secession_from_Argentina._Seeing_as_we_were_unable_to_defeat_them_once_and_for_all,_we_have_no_option_but_to_accept_that_Buenos_Aires_is_out_of_our_reach_and_that_we_are_better_off_learning_to_live_without_them_as_part_of_the_Argentine_Confederation.;;;;;;;;;;;;;
stay_away_buenos_aires_title;A Capital for the Confederation;;;;;;;;;;;;;
stay_away_buenos_aires_desc;Until now, Paraná has been the Federal capital of the Argentine Confederation ever since Rosas was deposed and Buenos Aires broke away from us. But now, with the matter of Buenos Aires dealt with, it is finally time we decide on a definitive capital for the Argentine Confederation, lest the savages in Buenos Aires find a way to let their city be our capital once again.;;;;;;;;;;;;;
EVTDESC600153;\n\nWe_can't_deny_that_whichever_city_takes_the_place_as_the_official_capital_of_the_Confederation_has_big_shoes_to_fill,_especially_with_how_it_will_have_to_fight_to_stay_more_influential_than_Buenos_Aires,_while_at_the_same_time_not_being_overbearing_on_the_provinces._One_of_the_options,_of_course,_is_to_keep_the_capital_in_Paraná,_which_would_save_on_the_work_of_moving_our_administration_anywhere._One_popular_option_is_to_move_the_capital_to_Rosário,_which_is_better_suited_to_be_the_capital_of_the_nation,_or_even_moving_the_capital_to_Tucumán,_to_appeal_to_the_Interior._On_the_other_hand,_some_people_argue_that_we_would_need_a_newly-built_city_to_serve_as_the_capital_to_trully_eclipse_Buenos_Aires_as_our_administrative_center!;;;;;;;;;;;;;
EVTDESC600154;\n\nHaving_decided_to_build_a_new_city_from_the_ground_up,_there_are_a_few_options_of_were_to_do_it._We_could_build_a_new_city_in_the_La_Plata_River,_bearing_the_same_name—La_Plata—or_even_a_city_on_the_Paraná_River—Federación._Another_option,_far_from_the_La_Plata_River_would_be_a_city_in_the_south—Belgrano._And_last,_but_not_lest,_if_we_were_to_stay_away_from_the_coast,_our_final_option_would_somewhere_in_the_interior—the_city_of_Unión.;;;;;;;;;;;;;
ARC_reactionary_0;Partido Federal (Apostólicos);;;;;;;;;;;;;
ARC_conservative_0;Partido Federal (Doctrinarios);;;;;;;;;;;;;
positivist_oligarchy;Positivist Oligarchy;;;;;;;;;;;;;
positivist_oligarchy_desc;Our country is currently ruled by a governmental and intellectual elite of positivist oligarchs that are bent on staying on power by any means necessary—while keeping the guise of a democratic government, of course.;;;;;;;;;;;;;
EVTDESC600155;\n\nAfter_the_presidencies_of_Mitre,_Sarmiento_and_Avellaneda,_Júlio_Argentino_Roca—as_the_4th_President_of_the_Argentine_Republic—set_the_stage_for_the_political_climate_in_Argentina_for_the_next_few_decades,_giving_way_for_the_Generation_of_'80,_the_governing_and_intellectual_elite_that_dominated_Argentinian_politics_under_the_National_Autonomist_Party_for_well_over_30_years._Under_the_uncontested_rule_of_the_National_Autonomist_Party,_Argentina_found_itself_influenced_by_the_positivist_ideas_of_Comte,_with_governance_being_carried_with_optimism_and_the_idea_that_the_country_would_grow_in_every_aspect._\n\nThe_period_was_also_marked_by_the_crackdown_on_provincial_autonomy,_leading_to_provicial_identities_fading_away_with_time_and_the_country_becoming_more_centralized.;;;;;;;;;;;;;
EVTDESC600156;\n\nAfter_the_fall_of_the_Confederation,_Mitre_has_an_easy_time_subjugating_the_Interior—apart_from_Mendonza,_most_provinces_fell_without_putting_much_of_a_fight._But_that_wouldn't_mean_that_Federalism_was_quite_dead_in_the_Interior—far_from_it._The_Revolution_of_the_Colorados_was_the_last_Federalist_revolt_in_the_Interior,_happening_right_in_the_middle_of_the_Paraguayan_War,_with_the_provinces_of_Mendoza,_San_Luis,_San_Juan_and_La_Rioja_falling_to_the_revolt,_with_it_also_finding_some_support_in_provinces_such_as_Catamarca,_Cordoba,_Corrientes_and_Santa_Fé._\n\nTo_our_luck,_Urquiza—the_Federalist_Leader_and_Governor_of_Entre_Rios—refrained_from_showing_support_to_the_revolt,_despite_the_plea_from_the_Federalist_leaders,_else_we_would_risk_finding_ourselves_returning_to_Federalist_rule.;;;;;;;;;;;;;
EVTDESC600157;\n\nWith_Urquiza's_silence_in_face_of_the_Federalist_revolt_in_the_Interior,_one_of_his_old_generals—Ricardo_Ramón_López_Jordán—would_turn_against_him,_slowly_plotting_his_revenge._On_the_11th_of_April_Jordán_would_revolt_with_a_botched_attempt_to_arrest_Urquiza,_which_would_result_in_the_death_of_the_Federalist_leader._After_that_Jordán_would_assume_as_Governor_of_Entre_Rios,_but_President_Sarmiento_would_see_this_as_an_challenge_to_his_authority,_prompting_him_to_send_a_troop_of_veterans_to_Entre_Rios,_expelling_Jordan_from_the_province._\n\nJordán_would_continue_to_clash_with_the_Unitarian_government_until_his_arrest_in_the_16th_of_December_1876._He_would_later_escape_prision_and_exile_himself_in_Montevideo,_until_returning_in_1888_after_being_given_amnesty,_only_to_be_assassinated_in_1889._After_the_end_of_his_revolt,_Federalism_would_be_dead,_with_its_last_remaining_followers_assimilating_into_Alsina's_Autonomist_Party.;;;;;;;;;;;;;
generation_80;Generación del '80;;;;;;;;;;;;;
EVTDESC600158;\n\nIt_was_a_quiet_morning_in_Buenos_Aires._Once_distant_from_the_city_center_was_Palermo,_an_once_vicious_swamp_which_Rosas_chose_to_build_his_residence_in,_a_propriety_fitting_for_a_gentleman,_San_Benito_de_Palermo._Rosas_slept_always_ready_and_close_to_his_horse,_in_case_death_were_to_come_to_him_at_night,_through_treacherous_hands._But_no_ammount_of_paranoia_couldn't_save_him_from_time_and_illness._Death_would_come_to_Rosas_suddenly._A_common_cold_would_be_too_much_for_the_83_year_old,_leading_to_his_death_from_pneumonia._\n\nNow,_his_son,_Juan_Bautista_de_Rosas,_is_meant_to_follow_on_his_father's_footsteps_and_guide_the_Argentine_Confederation_into_the_future._Will_he_follow_on_his_father's_footsteps?_Or_will_he_finally_fold_and_give_freedom_to_Argentina?;;;;;;;;;;;;;
EVTDESC600160;\n\nThe_Battle_of_Caseros_has_brought_new_life_to_the_Argentine_political_landscape,_the_discussions_in_Santa_Fé_became_a_breeding_ground_for_political_thought_aimed_at_deciding_the_future_of_the_Argentine_Confederation._Recently,_with_the_writings_of_Alberdi_taking_the_Constitutient_Assembly_by_storm,_the_Cuzco_Club_decided_it_was_time_to_act_before_further_discussions_were_made._\n\nRepresentatives_from_the_Cuzco_Club_have_opened_today's_session_in_the_Constitutient_Assembly_by_proposing_a_forgotten_idea—turning_Argentina_into_a_kingdom_with_an_Inca_as_its_monarch._The_idea_is_far_from_new_with_it_being_suggested_in_the_1816_Council_of_Tucumán_by_Belgrano_and_supported_by_San_Martín,_at_the_time_suggesting_that_a_monarchy_would_find_easier_recognition_by_the_European_monarchs.;;;;;;;;;;;;;
EVTDESC600159;\n\nWhen_a_constitution_was_finally_implemented,_no_one_thought_that_Rosas_would_willingly_give_his_power_like_that._The_Restorer_of_Laws_was_always_quick_to_steer_politics_into_his_interests,_believing_himself_to_be_a_benevolent_dictator_to_his_people._Something_seems_to_really_have_changed._Rosas_has_officially_stepped_down_for_power_as_1st_President_of_the_Argentine_Confederation,_giving_way_to_a_new_politician_who_will_be_sure_to_be_influenced_by_him_to_some_degree._Regardless,_this_still_dawns_a_new_day_for_the_Argentine_Confederation,_a_day_many_waited_for_with_for_a_long_time.;;;;;;;;;;;;;
EVTDESC600161;\n\nWith_Rosas_gone_it_seems_that_many_of_his_old_allies_feared_that_Juan_wouldn't_be_as_competent_or_friendly_as_his_father_was_and_such—together_with_an_influx_of_old_Unitarians_seeing_Rosas'_death_as_the_opportunity_to_return_to_Buenos_Aires—have_organized_a_revolt_against_Juan_in_Buenos_Aires,_expelling_the_Federal_government_from_the_city_and_forcing_us_to_take_action_against_our_own_capital.;;;;;;;;;;;;;
EVTDESC600162;\n\nWe_would_be_lying_if_we_didn't_say_the_news_of_Rosas'_death_didn't_bring_us_joy_to_some_degree._Sadly,_we_now_learn_that_his_death_brough_upon_the_Confederation_a_revolt_by_the_Unitarians,_leading_to_the_new_Federal_government_having_to_declare_war_on_the_capital_in_Buenos_Aires._While_we_can't_help_but_feel_that_is_the_natural_outcome_of_giving_that_much_power_to_Buenos_Aires,_maybe_we_could_make_the_most_of_the_situation_and_return_to_the_Confederation,_leading_it_to_victory_against_the_Unitarians_one_last_time.;;;;;;;;;;;;;
EVTDESC600163;\n\nWe_would_be_lying_if_we_didn't_say_the_news_of_Rosas'_death_didn't_bring_us_joy_to_some_degree._Better_yet,_we_now_learn_that_his_death_brough_upon_the_Confederation_a_revolt_by_the_Unitarians,_leading_to_the_new_Federal_government_having_to_declare_war_on_the_capital_in_Buenos_Aires._Maybe_we_could_make_the_most_of_the_situation_and_help_Buenos_Aires_overthrow_Rosas.;;;;;;;;;;;;;
EVTDESC600164;\n\nOur_current_situation_has_attracted_the_attention_of_$FROMCOUNTRY$,_which_after_breaking_off_from_the_Confederation_long_ago_seems_to_be_interested_in_helping_us_against_the_Unitarians,_as_long_as_they_can_rule_the_Confederation_afterwards,_it_seems.;;;;;;;;;;;;;
EVTDESC600165;\n\nOur_current_situation_has_attracted_the_attention_of_$FROMCOUNTRY$,_which_after_breaking_off_from_the_Confederation_long_ago_seems_to_be_interested_in_reforming_the_Confederation_under_their_rule,_declaring_war_against_Buenos_Aires_and_the_rest_of_Argentina.;;;;;;;;;;;;;
EVTDESC600166;\n\nDespite_our_best_intentions,_it_would_seem_the_$FROMCOUNTRY$_wasn't_very_interested_in_letting_us_running_the_Confederation,_even_if_it_means_getting_our_help.;;;;;;;;;;;;;
EVTDESC600169;\n\nBuenos_Aires_has_finally_been_pacified._We_have_put_to_rest_the_last_of_Unitarian_resistance_to_our_rule_and_we_are_finally_free_to_consolidate_our_rule_over_Argentina.;;;;;;;;;;;;;
EVTDESC600167;\n\nThe_separation_of_the_Litoral_from_Argentina_was_controversial,_for_sure._But_it_was_a_necessary_measure_against_Rosas_Totalitarianism._Now,_with_Rosas_gone_there_is_nothing_in_the_way_of_reunifying_our_two_nations,_especially_if_the_democratic_advancements_from_the_Litoral_are_implemented_in_the_rest_of_the_country.;;;;;;;;;;;;;
EVTDESC600168;\n\nWith_the_Rosas'_triumph_against_all_of_Argentina's_enemies,_Argentina_has_consolidated_its_position_as_an_independent_South_American_power._Despite_that,_now_that_Rosas_is_gone,_we_can't_help_but_examine_what_did_he_left_behind_\n\nWill_Rosism_survive_without_Rosas?_Or_it_is_time_that_we_return_to_our_Federalist_ideals_now_that_the_Restorer_of_Laws_is_gone?;;;;;;;;;;;;;
cuzco_protectorate_title;The South Peruvian Protectorate;;;;;;;;;;;;;
cuzco_protectorate_desc;§RGain 2.5-5 infamy, depending on if you or your puppet own Cusco!§! Despite the shifting economic and political developments since independence, South Peru stills remains connected to Bolivia in one way or another. This connection has long been the a point of contention between Peru and Bolivia, even leading to Santa Cruz's Peru-Bolivian Confederation at one point, but before that, the connection between South Peru and Bolivia—in face of the independence war and concerns over Lima's stability—pushed one of our heroes, San Martín, into considering the possibility of an autonomous South Peruvian protectorate, under Platine—or Chilean—supervision. While the days of our independence war are long over, with our growing dominance over South Andean affair, we could try to use such plans to our advantage and detach South Peru from Lima, strengthening its connections to old Bolivia, allowing us to expand our great state and placate the people of Alto Peru.;;;;;;;;;;;;;
EVTOPTA600170;What do you mean the Foreign Affairs Ministry is calling it "Provincia del Cuzco";;;;;;;;;;;;;
EVTDESC600170;\n\nWith_the_creation_of_our_newly-established_Protectorate_of_Cusco,_our_influence_over_South_Peru_is_secure._On_paper,_we_are_to_decide_its_fate_on_a_later_date,_but_we_aren't_sure_if_everyone_in_our_government_is_very_keen_on_having_South_Peru_rejoining_Peru_or_even_becoming_its_own_republic_again._Some_of_the_documents_directed_at_the_protectorate_already_refer_to_Cusco_as_a_province,_instead_of_a_protectorate,_worrying_some_in_our_government_which_are_not_interested_in_incorporating_South_Peru_at_all._\n\nAs_of_now,_while_some_in_our_government_try_to_assure_its_protectorate_status,_others_are_sure_to_slowly_plant_the_idea_of_South_Peru_as_just_another_province,_so_it_can_be_eventually_be_made_an_integral_part_of_our_nation.;;;;;;;;;;;;;
EVTDESC600171;\n\nAfter_"liberating"_South_Peru,_we_established_a_5-year_protectorate_to_help_the_region_to_function_independently_from_Lima_and_today,_that_time_is_finally_up._For_some,_the_date_comes_not_a_day_too_early,_with_some_in_Cusco_having_opposed_our_rule_ever_since_official_documents_started_refering_to_ther_region_as_"Provincia_del_Cuzco"._Speaking_of_which,_such_incidents_only_became_more_frequent_as_time_went_on,_with_most_documents_at_this_point_refering_to_the_region_as_such._At_this_point,_many_think_that_integration_into_our_nation_is_only_a_matter_of_time_or_if_it_hasn't_already_happened._\n\nStill,_some_fear_still_fear_that_South_Peru_will_be_freed_soon_and_such,_the_government_of_Alto_Peru_has_asked_us_to_transfer_some_of_protectorate's_territory,_as_compensation_for_our_protection_and_to_protect_the_Alto_Peruvian_economy.;;;;;;;;;;;;;
jose_de_san_martin;José de San Martín;;;;;;;;;;;;;
jose_de_san_martin_desc;Despite his old age, the return of San Martín was met with joy by most of the Argentine Confederation. The hero has since returned to military service and even if his role is limited due to his advancing age, his mere presence is enough to raise our morale and increase our prestige in the region!;;;;;;;;;;;;;
EVTDESC600172;\n\nAfter_the_dead_of_his_wife,_José_Francisco_de_San_Martín_y_Matorras—father_of_the_nation_and_the_hero_of_Argentine,_Chilean_and_Peruvian_independence—sailed_out_of_South_America,_taking_his_daughter_whom_was_to_study_in_Europe._Despite_that,_the_man_has_kept_a_close_eye_on_Argentine_politics,_to_the_point_of_admiring_Rosas_for_putting_an_end_to_the_civil_war_that_plagued_the_country_for_so_long,_leading_to_the_two_men_exchange_friendly_letters_between_one_another_regularly._Today,_a_special_letter_came_into_Rosas'_office._With_news_of_the_French_Blockade_of_La_Plata_San_Martín_has_officially_offered_his_services_to_Rosas_and_the_Argentine_Confederation._While_we_could_hardly_refuse_such_an_offer,_his_health_has_declined_significantly_ever_since_the_days_of_the_independence_war,_with_his_role_in_our_military_probably_being_severy_limited_if_he_were_to_return.;;;;;;;;;;;;;
EVTDESC600173;\n\nWhen_San_Martín_came_back_to_Argentina,_he_would_soon_find_himself_fighting_against_not_only_the_Anglo-French_Blockade,_but_also_the_Unitarians_acting_as_their_allies_on_the_mainland._With_the_defeat_of_the_Unitarians,_the_Blockade_was_lifted_and_Argentina_stood_triumphant_against_the_European_powers,_much_to_the_delight_of_San_Martin._\n\nWith_the_worst_of_the_fighting_over_and_driven_blind_with_age,_San_Martín_resigned_from_the_army_once_and_for_all,_quietly_retiring_to_Buenos_Aires_where_he_would_spend_his_last_days,_dying_shortly_after_in_the_company_of_his_daughter_and_grandchildren._His_burial_was_quick_and_without_much_cerimony_in_Buenos_Aires,_as_per_his_will._\n\nRosas,_on_the_other_hand,_arranged_for_a_small_ceremony_in_his_honor_at_the_heart_of_Buenos_Aires_in_which_the_dictator_was_given_San_Martín's_saber_and_read_some_of_San_Martín's_last_words_to_him,_thanking_Rosas_for_defending_the_honor_of_republic_against_foreign_powers.;;;;;;;;;;;;;
EVTDESC600174;\n\nBelgrano_and_Artigas,_both_heroes_of_the_Argentine_Confederation,_having_fought_for_its_freedom_against_the_Spanish_Crown_and_Porteño_centralism_respectively._None_of_them,_however,_were_as_great_as_José_Francisco_de_San_Martín_y_Matorras,_not_even_the_Father_of_Federalism—Artigas—or_the_tragic_hero_of_independence—Belgrano._Having_liberated_half_a_continent,_his_deeds_go_beyond_our_borders,_with_his_liberation_of_Chile_and_Peru_leaving_him_as_one_of,_if_not,_the_greatest_liberator_in_South_America._\n\nWith_the_political_situation_of_the_Confederation_stabilizing_after_so_long_we_are_free_to_finally_ponder_about_San_Martín's_role_as_one_of_our_hero_and_declare_him_"Father_of_the_Fatherland",_securing_his_legacy_besides_Artigas_and_Belgrano_and_using_his_sympathies—and_later_support—towards_federalism_to_strengthen_the_founding_principles.;;;;;;;;;;;;;
EVTDESC600175;\n\nDespite_being_a_hero_to_Chile_and_Peru,_San_Martín_remains_a_controversial_figure_in_Argentina._The_Federalists_were_quick_to_acclaim_him_as_a_national_hero,_having_being_favored_by_him_since_the_start_of_the_Argentine_Civil_Wars,_despite_his_commitment_to_not_get_involved_in_our_squabbles._Such_commitment_was_what_made_the_Unitarian_Party_and_its_political_successors_ressent_him,_with_his_refusal_to_aid_the_Supreme_Directory_against_the_Federalists._\n\nBut_that_changes_now,_with_ex-president_Bartolomé_Mitre_publishing_"Historia_de_San_Martín_y_de_la_emancipación_sudamericana",_a_(biased)_biography_of_San_Martín,_leading_to_his_universal_acclaim_as_a_South_American_liberator_and_creation_of_several_innacuracies_to_portray_San_Martín_as_a_Unitarian_hero,_turning_his_figure_into_a_convenient_to_the_current_Argentine_Republic.;;;;;;;;;;;;;
EVTDESC600176;\n\nJosé_Francisco_de_San_Martín_y_Matorras_died_on_the_17th_of_August_1850,_in_the_small_town_of_Boulogne_in_northern_France._The_body_of_the_Father_of_the_Fatherland_was_to_be_returned_to_Argentina_and_to_be_burried_in_Buenos_Aires_as_per_his_will,_but—due_to_Urquiza's_revolt—his_return_was_delayed_and_later,_with_Buenos_Aires_being_dominated_by_Unitarians_and_seceding_from_Argentina,_the_return_of_his_body_was_delayed_indeindefinitely._\n\nNow,_with_the_political_situation_in_Argentina_finally_stabilizing_and_the_position_of_San_Martín_as_a_hero_reaffirmed,_there_are_finally_favorable_conditions_for_his_body_is_to_head_back_to_Argentina_once_and_for_all,_with_his_remains_being_burried_in_Buenos_Aires_Metropolitan_Cathedral,_where_he_may_rest_once_and_for_all.;;;;;;;;;;;;;
legacy_of_san_martin_title;The Legacy of San Martín;;;;;;;;;;;;;
legacy_of_san_martin_desc;§RGain 5 infamy§! Argentina has many heros, but they all pale in comparison to San Martín. The legacy of the Father of the Fatherland is felt even beyond our borders, with our hero even being a revered figure in Chile and Peru, besides O'Higgins and Bolívar respectively. \n\nNow that we became a stable great power in the Southern Cone, it is only natural we consider how his legacy could be used to influence the other nations on which he is celebrated.;;;;;;;;;;;;;
EVTDESC600177;\n\n"My_sword_has_not_come_to_dominate_Chile,_but_to_liberate_it."\n\nSuch_were_the_words_of_San_Martín_upon_his_refusal_of_power_in_Chile_following_its_liberation._This_short_sentence_has_been_the_thorn_on_the_side_of_chavunist_intelligentsia._With_our_recent_rise_to_power_and_stabilization,_there_are_some_in_our_government_that_wish_for_us_to_take_the_role_of_hegemon_in_South_America,_using_the_legacy_of_San_Martín_to_justify_incursions_into_Chile,_Peru_and_even_Ecuador,_creating_a_new_union_between_our_nations._That_would_go_against_everything_that_San_Martín_stood_for,_and_that_fact_isn't_lost_on_us,_being_a_major_point_by_more_moderate_minds._Some_try_to_say_that_San_Martín_would_want_such_a_union_between_the_countries_he_liberated,_while_others_outright_say_that_his_wishes_hardly_matter_for_our_ambitions.;;;;;;;;;;;;;
EVTDESC600178;\n\nWhile_San_Martín_poses_no_threat_to_Rosas'_regime,_his_return_undoubtedly_rallied_some_people_around_him,_soldiers_and_intellectuals_alike_are_fascinated_by_his_figure,_with_the_hero_being_closer_to_a_celebrity_than_a_general_these_days._But_recently,_a_special_group_of_people_rallied_around_him,_"The_Cuzco_Club",_a_group_of_monarchist_intellectuals_which_took_special_interest_in_Belgrano's_1816_Inca_Monarchy_Plan_in_the_Congress_of_Tucumán,_which_San_Martín_and_the_Federalists_supported._While_the_plan_was_proposed_as_to_more_easily_gather_support_from_European_powers,_with_our_recent_conflicts_against_the_French_and_the_English,_some_can't_help_but_wonder_if_a_monarchy_still_wouldn't_help_us_to_drive_away_the_hateful_eyes_of_our_European_adversaries.;;;;;;;;;;;;;
local_economic_upturn;Local Economic Upturn;;;;;;;;;;;;;
EVTDESC600179;\n\nWith_our_reintegration_of_Potosí—whether_we_annex_the_rest_of_Alto_Peru_or_not—the_Interior_provinces_of_Argentina_have_seen_a_significant_economic_upturn._These_provinces—before_our_independence—had_their_economies_and_trade_oriented_towards_Potosí,_with_an_independent_Bolivia_posing_a_significant_setback_to_their_economy_and_severely_hurting_the_Federalist_position_in_the_region._Now,_we_are_happy_to_notice_that—with_the_reintegration_of_Potosí—the_Interior_has_reoriented_their_trade_back_towards_Potosí,_leading_to_a_significant_flourish_of_the_local_economies_due_to_old_routes_being_brought_back,_undoing_the_economic_catastrophe_caused_by_Bolivian_independence_and_attracting_settlers_to_the_region.;;;;;;;;;;;;;
EVTDESC600180;\n\nChile_has_been_under_our_control_for_a_while_even_before_our_policy_shifted_towards_persuing_a_union_between_our_nations._Once_we_had_our_trusted_men_ruling_in_Santiago,_Chile_was_organized_into_a_group_of_provinces_which_enjoy_special_autonomy,_with_our_rule_being_mediated_through_Santiago._Now,_with_our_new_ambitions_declared,_we_called_for_a_meeting_with_the_Chilean_governors_in_Maipú_to_discuss_the_future_of_Chile_until_the_union_with_Peru_is_formalized._The_main_question_posed_by_the_Chilean_governors_is_if_Chile_will_enjoy_of_its_special_autonomy_until_such_a_union_comes_to_life,_or_if_Chilean_integration_will_be_conducted_as_soon_as_possible._\n\nEither_way,_our_mission_in_Chile_for_the_following_years_is_rooting_out_any_remaining_resistance_to_our_rule_and_fostering_a_sense_of_brotherhood_between_our_two_nations...;;;;;;;;;;;;;
chilean_sister_republic_title;The Sister Republic Across the Andes;;;;;;;;;;;;;
chilean_sister_republic_desc;§RGain 7.5 infamy§! With the failure of the Army of the North, San Martín—correctly—determined that securing Chilean independence would be pivotal to secure Platine independence in the face of the failures in Alto Peru. His plans would come to fruition with the Army of the Andes and the Chilean Declaration of Independence following the Battle of Maipú. While our relations were friendly—with our armies fighting together against the Peru-Bolivian Confederation—disputes would slowly surface over our borders in Patagonia the Andes, leading to a falling out between our two nations. Our newly announced ambitions served only to grow the rift between our nations further, leaving us no choice but to turn their worse fears into reality and leave clear our intention to force them into our beautiful union.;;;;;;;;;;;;;
EVTDESC600181;\n\nOur_recent_ambitions_on_Chile_recently_bore_fruit,_with_Chile_coming_swiftly_under_our_control._While_the_Andes_may_prove_a_obstacle_in_the_integration_of_Chile,_our_main_priority_now_will_be_to_crush_the_remaining_resistance_and_foster_a_sense_of_brotherhood_between_our_nations._While_this_surely_will_be_a_monumental_task,_there_is_still_the_question_if_we_will_relegate_Chile's_running_to_local_governors_or_if_we_are_to_govern_it_directly_across_from_the_Andes.;;;;;;;;;;;;;
EVTDESC600182;\n\nWith_the_integration_of_Alto_Perú,_we_once_again_have_full_control_over_Potosí_and_its_mine._Potosí_not_only_was_once_the_economic_center_of_the_region,_rivaling_Buenos_Aires_and_Lima,_but_it_also_was_the_site_of_one_of_the_most_pretigious_coin_mints_in_the_Americas—which_coined_Argentina's_first_coins._Of_course,_after_our_independence,_we_took_our_minting_operations_away_from_the_city,_but_now_that_is_once_again_in_our_hands_we_have_to_decided_if_we_are_to_once_again_have_it_as_our_national_mint_or_if_we_are_to_let_Potosí_fade_into_the_the_annals_of_history.;;;;;;;;;;;;;
national_mint;National Mint;;;;;;;;;;;;;
LPL_claims_Peru_title;Dominate Lima;;;;;;;;;;;;;
LPL_claims_Peru_desc;§RGain 5-15 infamy§! When San Martín liberated Peru, he worried that the Liman elites would impose their will on the rest of the country and, whether this happened or not, we used it to justify our take over of South Peru and—now that South Peru has been dealt with—our next objetive lies in completely dominating Lima and the rest of Peru, with the hopes of preparing it for a future union between our nations.;;;;;;;;;;;;;
EVTDESC600183;\n\nAs_news_of_our_victory_spread_across_the_Americas,_many_of_the_exiled_Unitarians_hiding_in_Chile_and_Montevideo_can_finally_return_to_Argentina,_leading_to_the_return_of_many_of_the_Unitarian_leaders_that_were_driven_into_exile_by_the_Federalists_victories_over_Buenos_Aires—including_the_1st_President_of_Argentina,_Bernadino_Rivadavia.;;;;;;;;;;;;;
EVTDESC600184;\n\nDespite_being_able_to_reconquer_Buenos_Aires_by_starting_a_revolt_in_the_countryside,_the_Interior_is_far_from_our_support_base._Now_that_we_returned_to_Buenos_Aires,_it_became_clear_that_the_Interior_is_a_savage_and_backwards_land,_with_our_newly-appointed_governors_having_a_hard_time_ruling_over_anything_west_of_Córdoba._\n\nIf_we_are_to_have_true_control_over_Argentina,_we_will_have_to_have_put_some_work_into_not_only_integrating_the_Interior,_but_subduing_any_resistance_to_our_rule_in_the_region,_lest_the_"weak"_and_unruly_Interior_leads_to_our_downfall_once_again.;;;;;;;;;;;;;
the_hostile_interior;The Hostile Interior;;;;;;;;;;;;;
subdue_the_interior_title;Subdue the Interior;;;;;;;;;;;;;
subdue_the_interior_desc;To Unitarism, the Interior is a hassle—a savage land of uncivilized natives, unruly gauchos and despotic caudillos. Our control over the Interior is weak, with our appointed governors west of Córdoba having a hard time not being toppled by local rivals and Federalist revolts. While we can keep supressing the Interior, it is clear that having to do so only depletes our resources and leaves us open to being toppled by the Federalists once again. \n\nIf we are to finally subdue the Savage Interior, we need to not only modernize our administration of the territory, but also reform our military structure so charismatic tyrants can't threaten our governors with the help of militant gauchos anymore.;;;;;;;;;;;;; 
ARG_conservative_0;Partido Unitario (Rivadavistas);;;;;;;;;;;;;
ARG_liberal_0;Partido Unitario (Liberales);;;;;;;;;;;;;
ARG_reactionary_0;Partido Federal;;;;;;;;;;;;;
EVTDESC600185;\n\nWhile_the_Interior_is_a_natural_enemy_of_our_Unitarian_ideology,_no_region_is_more_outrageous_than_Mesopotamia._Ever_since_the_rise_of_José_Gervasio_Artigas_anything_beyond_the_Paraná_River_sat_firmly_under_the_Federalist_influence_and_our_recent_victories_haven't_changed_that._While_at_first_we_were_able_to_depose_the_governors_of_Entre_Rios_and_Corrientes,_both_provinces_are_now_under_a_violent_guerrilla_campaign_carried_out_by_the_Federalists_with_native_support._We_hope_our_governors_in_the_region_can_hold_on_by_themselves,_as_we_aren't_in_the_position_to_pacify_the_region_ourselves...;;;;;;;;;;;;;
EVTDESC600186;\n\nThe_Unitarian_Party_was_never_agaisnt_letting_Argentina_become_a_democratic_republic_with_free_elections,_but_the_dominant_stance_was_that_a_temporary_dictatorship_would_be_necessary_as_we_properly_build_Argentina_as_an_independent_state._While_now_we_have_a_vocal_minority_of_liberals_urging_us_to_liberalize_at_once,_the_Rivadavian_position_of_keeping_a_dictatorship_for_the_time_being_reigns_supreme,_seeing_as_in_the_months_following_our_return_to_Buenos_Aires_it_became_clear_that_we_still_have_our_fair_share_of_enemies_across_the_country._If_we_were_to_liberalize_now,_we_would_be_showing_weakness_and_handing_the_country_over_to_those_savage_Federalists!;;;;;;;;;;;;;
EVTDESC600187;\n\nDespite_being_at_odds_with_most_of_the_country_and_having_a_hard_time_gathering_support_among_the_lower_classes,_the_Unitarian_regime_over_Argentina_survived._Sadly,_the_same_couldn't_be_said_for_the_Unitarian_Party_as_a_whole._While_Unitarian_ideals_are_meant_to_dominate_Argentina,_as_the_old_guard_of_ideological_hardliners_slowly_faded_into_irrelevancy,_Rivadavian_Unitarism_died,_giving_way_for_a_new_generation_of_Unitarists,_desilusioned_with_the_old_ways_of_the_party._Ever_since_the_start_of_the_decade_new_factions_have_been_rising_up_in_the_party_and_now,_without_the_old_guard_to_keep_the_party_together,_the_Unitarian_Party_has_officially_dissolved_giving_way_to_its_successor—the_Liberal_Party.;;;;;;;;;;;;;
invest_south_andes_title;Invest in the Southern Andes;;;;;;;;;;;;;
invest_south_andes_desc;With our recent conquest of Alto Peru, we are met with a challenge. Alto Peru—nowdays known as Bolivia—was always meant to be part of Argentina, but due to the Army of the North's failture to liberate the region, the region would end up becoming its own nation which—much to our dismay—ended up enacting a policy of trying to distance itself from us. While we now control Alto Peru for the first time since our independence, the damage is already done, as we now need to invest in the the local population so that they see that we are kin and meant to fight side-by-side as brothers for $COUNTRY$!;;;;;;;;;;;;;
integrate_south_andes_title;Accept South Andeans;;;;;;;;;;;;;
integrate_south_andes_desc;Ever since the first days of our independence, many had a vision of Alto Peru—also known as Bolivia—being part of our nation. Sadly, now this vision has come into fruition, it became clear the the people of Alto Peru hardly have accepted the fact that they are now a part of our nation. Luckily—with some nice gestures showing our commitment to them—we can reintegrate them and teach their place in our great nation.;;;;;;;;;;;;;
1816_inca_plan_title;Revive 1816 Inca Plan;;;;;;;;;;;;;
1816_inca_plan_desc;§RGain 24.99 infamy§! In 1816, in the wake of Argentinian Independence, Manuel Belgrano proposed that not only La Plata, Chile and Peru should unite under single nation, but also that—to gather recognition from the European powers—such a nation should crown a monarch, an Inca monarch to be more precise. Now that we went through with such plans to crown an Inca King, it is about time that we seize our position as a rising power to declare the need to realize the 1816 Inca Plan and unite most of Hispanic South America under our great monarchy!;;;;;;;;;;;;;
EVTDESC600188;\n\nA_new_trend_started_spreading_among_muslims_across_Russia,_with_muslim_intellectuals_promoting_the_creating_of_"New_Method_Schools"_in_direct_opposition_to_traditionalist_schools_for_the_Muslim_populations_of_our_nation._With_it_came_the_a_new_class_of_Muslim_reformers,_the_Jadids,_whose_ideas_quickily_spread_across_the_Empire,_from_its_first_steps_in_Crimea_to_the_depths_of_Central_Asia._In_general,_the_Jadid_Movement_main_focus_was_on_reforming_the_education_of_Muslims_across_the_Russian_Empire—including_the_education_of_women—and_promoting_a_modernization_Islamic_social_and_cultural_life._In_general,_the_Jadidist_were_held_in_a_higher_regard_by_the_Russian_population,_seeing_them_as_a_good_alternative_to_the_"extremists"_of_the_Ulama_and_Islamic_Clergy_in_general.;;;;;;;;;;;;;
EVTDESC600189;\n\nFollowing_the_proliferation_of_the_Jadid_Movement_across_the_Russian_Empire,_the_Young_Khivans_political_movement_was_formed._While_at_first_the_movement_restricted_itself_to_cultural_and_educational_endeavors—as_did_much_of_the_Jadid_Movement—it_would_also_slowly_promote_the_liberalization_of_the_Khanate_of_Khiva,_eventually_managing_to_get_Isfandiyar_Khan_to_establish_a_short-lived_constitutional_monarchy,_even_if_such_an_arrangement_would_soon_be_undone_and_Khiva_would_once_again_become_a_backwards_absolute_monarchy_before_finally_dissolving_into_the_Khorezm_People's_Soviet_Republic.;;;;;;;;;;;;;_
EVTDESC600190;\n\nFollowing_the_proliferation_of_the_Jadid_Movement_across_the_Russian_Empire,_the_Young_Bukharans_society_was_formed._While_at_first_the_movement_restricted_itself_to_modernizing_Bukhara—as_did_much_of_the_Jadid_Movement—it_soon_would_find_itself_in_the_middle_of_the_of_the_Russian_Civil_War,_siding_with_the_Bolshevik_government_and_becoming_the_basis_for_the_first_government_of_the_Bukharan_People's_Soviet_Republic._Sadly,_most_of_its_members_would_end_up_purged_after_1936.;;;;;;;;;;;;;
force_isfandiyar_khan_title;Force Isfandiyar Khan to publish the Young Khivans Manifesto;;;;;;;;;;;;;
force_isfandiyar_khan_desc;With the recent wave of revolts and revolutionary movements across Central Asia and especially Khiva, the Young Khivans have the perfect opportunity to force Isfandiyar Khan into signing a manifesto establishing a legislative Majlis and put prominent Young Khivan Bobohun Salimov as its chairman. Despite the Khan being bound to accept, as a conservative we know that he won't be happy with the arrangement and will look for a way of undermining the Young Khivans to recover his power.;;;;;;;;;;;;;
EVTDESC600191;\n\nDespite_being_able_to_get_concessions_from_Isfandiyar_Khan,_the_Young_Khivans_would_instantly_see_themselves_at_odds_with_the_Khan,_with_him_being_able_to_exploit_his_position_of_ruler_of_Khiva_to_hinder_the_modernization_efforts_of_the_Majlis._Now,_the_khan_plans_to_depose_and_persecute_the_members_of_the_Young_Khivan_movement_with_the_help_of_the_Russian_Cossacks._The_situation_is_tense,_but_there_may_be_a_chance_for_the_Young_Khivans_to_put_an_end_to_the_Khan's_tyranny_once_and_for_all...;;;;;;;;;;;;;
EVTDESC600192;\n\nBeing_one_of_our_newly-adquired_territories,_Cusco_sits_far_away_from_our_usual_seat_of_power._Despite_that,_there_recently_were_talks_about_maybe_moving_our_administrative_capital_to_the_region,_as_the_city_once_was_planned_to_be_the_capital_of_a_union_between_Peru_and_La_Plata._While_it_would_be_a_costly_and_cumbersome_move,_it_would_also_greatly_help_us_manage_our_new_Andine_holdings_without_much_problems...;;;;;;;;;;;;;
EVTDESC600193;\n\nPresident_Manuel_Oribe_from_Uruguay_was_deposed_by_the_Colorado_Party_and_fled_the_country._While_he_planned_on_seeking_refuge_on_Buenos_Aires_at_first,_Oribe_was_soon_turned_away_by_the_unsympathetic_Unitarian_government,_which_feared_the_Blanco_leader_would_end_up_leading_to_instability,_considering_his_ideological_similiarities_with_the_Argentine_Federal_Party._\n\nInstead,_he_arrived_earlier_this_morning_in_the_port_of_Rio_de_Janeiro,_with_a_few_interested_observers_going_out_to_meet_him_and_hear_stories_about_his_experiences._While_we_don't_see_Oribe_and_threat,_considering_Rivera's_tied_to_the_Unitarians_in_Argentina_and_revolutionaries_from_Rio_Grande_do_Sul,_maybe_having_him_at_our_disposal_would_be_useful_in_the_future.;;;;;;;;;;;;;
EVTDESC600194;\n\nDespite_being_able_to_restore_our_hold_over_most_of_Rio_Grande_do_Sul,_the_local_revolutionaries_are_still_active_in_the_state,_carrying_out_a_guerrilla_campaign_with_support_from_the_Uruguyan_Colorados._Now,_with_the_defeat_of_the_Liberals_in_São_Paulo_and_Minas_Gerais,_the_Rio-grandense_Revolutionaries_intensified_their_activities,_trying_to_make_the_most_out_of_the_wave_of_new_recruits_coming_from_the_failed_revolts._While_the_situation_is_under_control_now,_with_their_new_allies_and_Uruguayan_support,_Rio_Grande_do_Sul_could_once_again_become_a_problem_in_the_future._It_may_be_a_good_idea_to_consider_dispatching_a_punitive_expedition_into_Uruguay_to_rout_out_the_remaining_revolutionary_resistance.;;;;;;;;;;;;;
EVTDESC600195;\n\nWhen_Rivera_was_removed_from_the_head_of_the_army_by_Oribe,_the_revolutionaries_in_Rio_Grande_do_Sul_helped_Rivera_engage_in_a_military_campaign_to_oust_Oribe_from_power_and_return_to_the_Uruguayan_presidency._Sadly,_the_war_against_Brazil_hasn't_gone_as_well_for_the_Rio-grandense_people,_with_their_struggle_being_reduced_to_a_guerrilla_movement_that_we_were_happy_to_support._\n\nRecently,_we_were_informed_that_Brazil_is_considering_dispatching_a_punitive_expedition_against_us_to_quell_any_Rio-grandense_resistance_and_support_we_are_currently_offering_them._While_we_maybe_could_defuse_the_situation,_with_ex-oresident_Manuel_Oribe_residing_in_Brazil,_it_is_hard_to_believe_that_he_wouldn't_use_this_opportunity_to_gather_Brazilian_support_to_return_to_Uruguay._Maybe_we_reach_out_for_our_old_contacts_in_Buenos_Aires_to_support_us_in_this_time_of_need...;;;;;;;;;;;;;
EVTDESC600196;\n\nThings_seem_tense_in_the_other_side_of_the_Uruguay_River_as_Brazil_has_been_fighting_against_revolutionaries_in_the_Rio_Grande_do_Sul_Province_for_what_feels_like_a_decade_now._Those_revolutionaries_have_long_been_aided_by_the_Uruguyan_president_Fructuoso_Rivera_and_that_fact_has_hardly_gone_past_Brazil_unnoticed._Rivera_has_recently_came_to_Buenos_Aires,_fearing_that_Brazil_will_soon_dispatch_a_punitive_expedition_against_him_to_install_Oribe_as_president_and_end_any_support_to_the_Rio-grandense_cause._While_we_would_rather_let_a_caudillo_like_him_suffer_for_the_consequences_of_his_actions,_not_only_Rivera's_ideology_is_somewhat_allignes_to_ours_but_Oribe_has_lots_of_connections_to_the_Federal_Party,_which_could_cause_us_problems_in_the_future.;;;;;;;;;;;;;
EVTDESC600197;\n\nThe_Unitarians_in_Buenos_Aires—despite_their_usual_distaste_for_caudillos—have_agreed_to_help_us_in_the_event_of_a_future_Brazilian_invasion._While_their_help_will_be_useful,_we_are_also_looking_into_getting_help_from_revolutionaries_such_as_a_certain_Giuseppe_Garibaldi—currently_residing_in_Montevideo_with_his_wife,_after_losing_faith_in_the_Farroupilha_cause...;;;;;;;;;;;;;
EVTDESC600198;\n\nThe_Unitarians_in_Buenos_Aires—showing_their_usual_distaste_for_caudillos—have_refused_to_help_us_in_the_event_of_a_future_Brazilian_invasion,_saying_that_this_a_grave_that_Rivera_dug_himself._While_we_can't_deny_that_our_support_to_the_Farrapos_put_us_in_this_situation,_we_would_be_lying_if_we_said_we_weren't_expecting_their_backing_on_this_matter._Not_all_is_lost,_however,_with_the_exiled_Italian_Redshirts_offering_their_support_under_their_leader_Giuseppe_Garibaldi.;;;;;;;;;;;;;
EVTDESC600199;\n\nManuel_Oribe—the_exiled_ex-president_of_Uruguay_currently_residing_in_Rio_de_Janeiro—hearing_of_our_plans_to_dispatch_a_punitive_expedition_to_Uruguay_came_to_us_with_a_proposal._Oribe_proposes_that_we_enjoy_his_support_in_our_campaign_against_Rivera_and_the_Farrapos,_but—in_return—he_desires_to_be_restored_as_President_of_Uruguay._We_can't_deny_that_such_an_offer_serves_us_perfectly,_as_using_the_restoration_of_Oribe_as_a_casus_belli,_not_only_would_we_have_legitimacy_to_wage_our_war_but_we_also_would_get_support_from_pretty_much_half_of_Uruguay_in_the_form_of_the_Blanco_Party_and_be_able_to_use_Oribe's_connections_to_the_Argentine_Federal_Party_in_our_favor_as_well.;;;;;;;;;;;;;
ENT_prov_gov_conservative;Republic of Entre Rios;;;;;;;;;;;;;
ENT_prov_gov_conservative_ADJ;Entrerriano;;;;;;;;;;;;;
EVTDESC600200;\n\nThe_situation_in_Mesopotamia_has_gotten_out_of_control._Last_month_the_Governor_of_Corrientes_was_deposed_by_the_Federalist_guerrillas_and_the_Governor_of_Entre_Rios_was_charged_with_retaking_Corrientes._Sadly,_the_governor's_campaign_was_short-lived,_since_as_soon_as_he_left,_the_Federalists_took_Entre_Rios_capital_and_soon_the_governor_would_be_defeat_in_battle,_having_to_flee_towards_Buenos_Aires._\n\nThe_Federalists_have_now_declared_the_Republic_of_Entre_Rios,_intent_on_resisting_Unitarian_rule_and_establishing_a_Federalist_government.;;;;;;;;;;;;;
EVTDESC600201;\n\nRecently_we_have_been_losing_our_grip_over_the_Interior._With_the_region_being_far_away_from_our_power_base_and_the_local_garrisons_being_weak_and_unruly,_slowly_our_trusted_governors_were_toppled_by_Federalist_caudillos._Now,_with_the_Federalists_emboldened_by_their_victories,_they_have_finally_organized_themselves_into_the_"Federal_League_of_the_Interior"_—_a_Federalist_confederation_of_the_provinces_in_the_Interior._With_our_hopes_of_the_situation_sorting_itself_dying_out,_it_is_about_time_we_take_action_against_this_Federalist_abomination_before_they_set_their_eyes_in_our_direction!;;;;;;;;;;;;;
EVTDESC600202;\n\nAfter_a_bloody_campaign_against_the_Colorado_Party_and_their_revolutionary_allies_in_the_Uruguayan_countryside_and_a_gruesome_siege_in_Montevideo,_we_finally_have_defeated_Rivera_and_his_lackeys._Now_we_sit_at_the_peace_table_having_to_decide_the_fate_of_Uruguay._\n\nWe_are_meant_to_restore_Oribe_as_president_and_have_him_as_our_faithful_ally_in_Uruguay,_but,_considering_we_hold_all_the_cards_in_this_situation,_it_may_be_wise_to_sort_out_some_border_disputes_as_well,_or_even_backstab_Oribe_and_restore_the_Province_of_Cisplatina.;;;;;;;;;;;;;
EVTDESC600203;\n\nPlatine_dominance_was_a_huge_incentive_to_our_invasion_of_Uruguay,_and_this_fact_wasn't_lost_on_the_Argentinians._Not_only_did_the_Unitarians_were_allied_to_the_Farroupilha_revolutionaries_as_well,_but_they_also_were_naturally_aligned_to_the_Colorado_Party's_ideals,_leading_for_them_join_their_fight_against_us._Now_that_we_decided_the_fate_of_Uruguay,_the_fragile_Unitarian_regime_also_waits_on_our_veredict._\n\nDuring_the_war_we_enjoyed_the_support_of_the_Federalist_Party,_which_expects_us_to_put_them_in_charge_of_Argentina_and,_while_we_would_be_more_than_happy_to_do_that,_we_also_could_guarantee_our_control_over_the_La_Plata_Basin_by_taking_over_Argentine_Mesopotamia,_as_a_payment_for_our_help,_of_course...;;;;;;;;;;;;;
EVTDESC600204;\n\nDespite_Brazil's_best_efforts,_we_managed_to—surprisingly—inflict_a_series_of_devastating_defeats_against_Brazil_and_Oribe._Now,_with_the_Brazilian_armies_defeated,_our_enemies_have_finally_agreed_to_accept_our_terms_for_peace._While_those_terms_are_yet_to_be_defined,_one_thing_we_want_for_certain_is_our_contested_territories_and,_beyond_that,_maybe_liberating_Rio_Grande_do_Sul_and_Santa_Catarina,_maybe_even_uniting_our_three_counties_into_the_Uruguayan_Federation...;;;;;;;;;;;;;
EVTDESC600205;\n\nDespite_Brazil's_best_efforts,_we_managed_to—surprisingly—inflict_a_series_of_devastating_defeats_against_Brazil_and_Oribe._Now,_with_the_Brazilian_armies_defeated,_our_enemies_have_finally_agreed_to_accept_our_terms_for_peace._While_those_terms_are_yet_to_be_defined,_one_thing_we_want_for_certain_is_our_contested_territories_and,_beyond_that,_maybe_liberating_Rio_Grande_do_Sul_and_Santa_Catarina,_maybe_even_turning_Rio_Grande_do_Sul_into_the_Province_of_San_Pedro,_keeping_Santa_Catarina_as_buffer...;;;;;;;;;;;;;
betray_rivera_title;Unitarian-Colorado Brotherhood;;;;;;;;;;;;;
betray_rivera_desc;§RGain 2.5 infamy§! With the war against Brazil, a certain sense of brotherhood was created between the Unitarian Party and the Colorado Party. Despite both parties having their differences, after the war such differences seem small in comparison to their shared enemies. Not only that, but many Colorados ended up becoming more "Unitarian-minded" during the war. Maybe it would be a good idea to use our connections in the Colorado Party to put forward the union between Uruguay and Argentina. That would mean, of course, betraying Rivera and his republic, but that would be a small price to pay for Platinean Unity...;;;;;;;;;;;;;
EVTDESC600206;\n\nIn_what_started_as_a_limited_military_campaign_to_support_Chile_in_breaking_the_Peru-Bolivia_Confederation_slowly_transformed_into_a_successful_invasion_of_Bolivia_and_South_Peru._The_Army_of_the_North_has_completely_beaten_the_Santa_Cruz's_confederation,_occupying_key_cities_such_as_Charcas,_La_Paz_and_the_Confederation's_constituent_capital—Tacna._Despite_our_initial_plans_being_limiting_to_just_dissolving_the_Peru-Bolivian_Confederation,_maybe_we_could_push_for_reintegration_of_Bolivia_and_maybe_even_control_over_South_Peru,_with_some_diplomatic_insistence...;;;;;;;;;;;;;
EVTDESC600207;\n\nWith_the_Unitarians_unable_to_defeat_the_rebellions_across_the_Republic,_we_have_finally_seized_Buenos_Aires_and_assumed_control_of_the_government._Meeting_with_other_Federalists_in_the_country._The_Argentine_Republic_was_abolished_and_replaced_by_the_Federalist-led_Argentine_Confederation.;;;;;;;;;;;;;
federalists_pacified;Federalists Defeated;;;;;;;;;;;;;
EVTDESC600208;\n\nAfter_a_terrible_campaign_against_the_Federalists,_we_finally_have_put_an_end_to_any_hope_of_a_Federalist_come_back._Both_the_Interior_and_the_Mesopotamia—historical_Federalist_strongholds—are_now_firmly_under_our_rule._\n\nWith_the_Federalist_Threat_gone,_much_of_the_fearmonger_carried_out_by_hardliners_in_the_party_is_gone_and_we_can_finally_think_about_establishing_a_definitive_constitution_for_Argentina...;;;;;;;;;;;;;
kandahar_expedition_title;The Kandahar Expedition;;;;;;;;;;;;;
kandahar_expedition_desc;§RGain 4 infamy§! With our rule over Herat consolidated and Britain out of the way for now, we are finally ready to shift our attention towards our next objective: The Emirate of Kandahar. The rulers of Kandahar, while appearing subservient to the Peacock Throne, having recently supported us in sieging Herat in exchange for the border province of Farah and Sabzevar, enjoys far too much autonomy and free movement to be considered a proper subject of Iran. \nKandahar is not simply a dependency of Iran, but an integral part of our domain and it is time to establish this fact. Let us send a full expedition to Kandahar and demand the total submission of the Emir.;;;;;;;;;;;;;
EVTDESC600209;\n\nWhile_nominally_a_dependency_of_the_Qajar_Empire_to_the_west,_it_seems_such_empty_shows_of_submission_could_only_stave_off_the_Persians_for_so_long_as_our_de-facto_independence_from_the_Peacock_Throne_has_now_come_under_threat._We_have_received_news_of_an_emissary_from_Tehran_arriving_in_Kandahar_demanding_a_meeting_with_the_Emir._Knowing_it_would_be_an_urgent_matter,_we_arranged_an_audience_between_the_emissary_and_the_Emir._Sadly,_the_only_thing_the_emissary_brought_with_him_were_threats_of_war:_The_Shah_has_demanded_our_submission_to_Tehran_or_face_the_same_fate_as_the_recently_conquered_Emirate_of_Herat._While_such_a_show_of_arrogance_is_far_from_unexpected_from_the_Persians_and_honour_dictates_we_meet_this_grave_insult_on_the_field_of_battle,_perhaps_we_could_use_this_opportunity_by_offering_our_vassalage_to_the_Shah_in_exchange_for_full_control_over_the_Emirate_of_Herat,_as_was_once_discussed_briefly_during_the_siege_of_Herat.;;;;;;;;;;;;;
EVTDESC600210;\n\nOur_emissary_has_returned_from_Kandahar_with_interesting_news._The_Emir_of_Kandahar_has_presented_us_with_a_counteroffer—he_will_submit_entirely_to_us_so_long_as_we_grant_him_governorship_of_Herat,_as_was_briefly_discussed_during_the_recent_siege_of_the_city._\n\nWhile_usually_we_wouldn't_be_open_to_negotiating,_the_Emir_of_Kandahar_proven_a_loyal_ally._Granting_him_control_over_Herat_would_strengthen_a_local_ally_in_the_region_while_sparing_valuable_manpower_and_resources_that_could_be_better_spent_on_other_frontiers.;;;;;;;;;;;;;
EVTDESC600211;\n\nOur_emissary_hsa_returned_from_Kandahar_with_unsurprising_news._The_Emir_of_Kandahar_has_refused_to_submit_to_us._Such_an_act_of_defiance_hardly_suprises_us_coming_from_such_a_volatile_and_savage_region,_even_if_it_is_from_an_old_ally._We_have_no_choice_but_to_carry_on_with_the_expedition_to_Kandahar,_lest_the_World_know_our_words_carry_no_weight.;;;;;;;;;;;;;
EVTDESC600212;The_Khozeimeh_Emirs_of_the_Qa'inat_have_proven_effective_rulers_of_our_eastern_frontiers,_both_developing_the_harsh_but_valuable_land_and_fending_off_Afghan_and_Turkmen_raids._As_our_border_continues_to_push_east_into_Sistan_and_the_Fertile_lands_along_the_Helmand_river,_it_would_be_wise_to_grant_this_land_to_the_Emirs_of_the_Qa'inat_so_that_they_may_bring_similar_prosperity_to_the_region.;;;;;;;;;;;;;
EVTDESC600213;\n\nWith_our_relentless_push_east_into_Makran,_Herat,_and_Kandahar_complete,_we_have_reaffirmed_Qajar_control_over_the_traditional_Eastern_frontiers_of_Iran._While_our_ambitions_in_the_East_don't_end_here,_beyond_Kandahar_and_Makran_sit_the_imposing_Sulaiman_and_Sefid-kuh_Mountain_Ranges,_lands_which,_while_productive,_will_prove_difficult_to_fully_control._\n\nAs_the_dust_settles,_our_new_governors_slowly_settle_in_their_new_holdings._To_the_North,_we_see_to_the_integration_of_the_Pashtun_and_Hazara_of_Afghanistan_and_to_the_South,_we_strive_to_stake_a_claim_over_Kalat_and_Bela,_to_secure_our_dominion_over_Baluchistan.;;;;;;;;;;;;;
EVTDESC600214;\n\nOur_emissary_returned_from_Kandahar_with_welcome_news._The_Emir_of_Kandahar_has_accepted_our_demand_submission,_proving_his_loyalty_to_our_Shah._Considering_his_past_loyalty,_we_can_expect_him_to_not_give_us_nearly_as_much_trouble_as_the_Emir_of_Herat_did...;;;;;;;;;;;;;
is_iran;An Iranian Dynasty;;;;;;;;;;;;;
reaffirm_bahrain_claim_title;Reaffirm our Claims over Bahrain;;;;;;;;;;;;;
reaffirm_bahrain_claim_desc;§RGain 2.5 infamy§! Our claim over the Bahrain Archipelago has always been complicated. With its population being mostly of Shiite-Iranian origin, we have traditionally ruled the area in an indirect manner, through the al-Mazkur Sheikhs of Bushehr. While we still hold a traditional claim to these islands, they haven't been under direct Iranian control since the Zand Dynasty, with Manamah currently ruled by the Sunni Banu Utub dynasty of Nejddi origin who have refused to reconize any kind of rule from Tehran, going as far as getting protection from the British to keep themselves free from our dominion. \n\nWhile we previously managed to strike an agreement with the British for the reincorporation of Bahrain into our state, the vile Europeans went back on their word, refusing to return Bahrain to us. It is about time we reaffirm our claims to Bahrain, with no regard to what the British or any other foreign power thinks about it!;;;;;;;;;;;;;
revoke_knd_autonomy_title;Integrat Kandahar;;;;;;;;;;;;;
revoke_knd_autonomy_desc;Kandahar's autonomy has served us well. But, with the modernization of our state, it is about time we strip him of some of his rights to better control the region.;;;;;;;;;;;;;
seize_maymana_title;Restore Order to Maymana;;;;;;;;;;;;;
seize_maymana_desc;§RGain 1 infamy§! Less than 300km from Herat lies the city of Maymana, an important center of commerce in the region and our gateway to Turkestan. The city—mostly inhabited by Uzbeks these days—sits at the middle of the Chahar Vilayets, a region inhabited by 4 khanates, Sar-i Pul, Sheberghan, Andkhui and—the most powerful and influential of them all—Maymana. Despite that, the Chahar Vilayets as a whole were far from stable, with the 4 khanates finding themselves at war with each other from time to time, not to mention when foreign powers such as Herat and Kabul having long coveted the region and especially Maymana—reconizing its importance in the region and the potential to control the rest of the khanates through the city. Now that Herat is firmly annexed into our nation, it is about time we bring order to the Chahar Vilayets by invading Maymana, securing our borders in the region and assuring our oversight over the region and its remaining khans!;;;;;;;;;;;;;
end_turkmen_raids_title;Deal with the Turkmen Raids;;;;;;;;;;;;;
end_turkmen_raids_desc;The Turkmen and Uzbek Tribes have long been raiding our our northern territory, pillaging and taking some of our people captive to be sold as slaves. Many of these tribes act on the interests of the Khan of Khiva and the Emir of Bukhara, both of which profit greatly of the influx of slaves and riches captured by these raids. To deal with those troublesome tribals, we will have to first deal with Khiva and Bukhara—to leave the Turkmen and Uzbek tribes helpless against our advances and maybe even being able to end the trading of Iranian slaves in Khiva.;;;;;;;;;;;;; 
EVTDESC600215;\n\nOur_profiteering_from_the_Turkmen_and_Uzbek_raids_against_Northern_Iran_hasn't_gone_unnoticed_in_the_eyes_of_the_Shah._We_have_recieved_news_of_the_the_Iranians_have_decided_to_act_against_us_to_end_our_indirect_support_to_the_their_enemies_and_our_enslavement_of_their_people._We_are_left_no_option_if_not_to_show_the_Shah_we_can't_be_pushed_around.\n\n§RIf_we_lose_this_war,_Iran_will_force_us_to_end_slavery_and_take_control_over_Kyzyl-Su,_Zysyl-Arbat,_Merv_and_Üçajy!§!;;;;;;;;;;;;;
pacify_turkmenistan_title;Pacify Turkmenistan;;;;;;;;;;;;;
pacify_turkmenistan_desc;With we being successful in putting an end to the raids that plagued our northern border, the Turkmen tribes that once relied on these raids have grown weak. If we were to better develop our administration, we could pacify one and for all those weakened tribes before our neighbors to the north can take advantage of them in our place.;;;;;;;;;;;;;
EVTDESC600216;\n\nAfter_a_series_of_decisive_victories_against_the_Uzbeks_we_are_finally_able_to_reach_Khiva,_invading_the_city_and_ending_its_status_as_a_major_slave_market_in_the_region._To_guarantee_that_the_city_won't_ever_recover_its_position_as_a_trade_hub_for_buying_and_selling_slaves_we_will_keep_a_small_garrison_in_the_city,_keeping_an_eye_on_the_city_and_its_traders.;;;;;;;;;;;;;
EVTDESC600217;\n\nHerat,_Kandahar_and_Maymara..._\n\nThese_three_cities_were_once_the_center_of_power_for_mighty_polities_in_our_region,_but_now_all_of_them_have_been_subjugated_under_the_Shah_of_Iran,_raising_the_suspicions_of_the_remaining_khans_of_the_region._While_we_always_struggled_to_retain_our_independence,_now_it_is_clear_to_us_that—if_the_Shah_was_to_turn_his_eye_towards_us—we_wouldn't_be_able_to_resist_an_invasion_from_the_West._\n\nIt_would_be_in_our_best_interest_to_guarantee_any_semblance_of_autonomy_by_asking_for_the_protection_of_Kabul_or_Bukhara,_with_both_its_emirs_having_long_displayed_interest_in_our_lands_and_would_be_happy_to_having_us_under_their_overlordship.;;;;;;;;;;;;;
EVTDESC600218;\n\nFollowing_the_Iranian_annexation_of_Herat,_Kandahar_and_Maymara,_the_Khan_of_$FROMCOUNTRY$_came_to_us_promissing_us_their_vassalage_as_long_as_we_promise_to_protect_them_from_Iran._Naturally,_we_wouldn't_refuse_such_an_offer,_especially_considering_the_Iranians_present_a_threat_to_us_as_well.;;;;;;;;;;;;;
invade_balkh_title;Dominate Little Turkestan and Hazarajat;;;;;;;;;;;;;
invade_balkh_desc;§RGain 5 infamy§! The region around Balkh—also known as Little Turkestan—has long been a contested between Iranian and Central Asian powers, with control over it shifting constantly back in the days of the Safavid Dynasty. The region nowdays is mostly contested between the Emirs of Bukhara and Kabul, with both having recently gained a stronger foothold in the region with local khans pledging allegiance to them as a to guarantee some sort of protection against us. While some of our advisors aren't sure about expanding eastwards, the truth is not doing so would be dooming the region to being dominated by either Kabul or Bukhara. Taking over the region—currently inhabited by Uzbeks—would not only deprive our rivals of useful land, but also isolate them from one another so we can take them out one at a time. \n\n§RYou need at least 75% civilization progress, the tooltip lies.§W;;;;;;;;;;;;;
control_amu_darya_title;Take Control of the Amu Darya;;;;;;;;;;;;;
control_amu_darya_desc;§RGain 7.5 infamy§! With our successful campaigns in Balkh and Kunduz, fraying the local patchwork Warlords and Khans, we now hold control over the upper Amu Darya, a great river serving as the lifeblood of Central Asia's great settlements, including the city of Khiva. While it seems obvious to move down-stream to assert our control over the river's entire length, exerting control over the lands past the right bank of the river would prove too much for our nation's administration. Instead, we could subjugate the Emirate of Bukhara as a representative of the Shah's dominion over Transoxiana, a once mighty polity with a long and storied history of ruling the region that would help us assert control over the great Silk Road cities of Shahrisabz, Qarshi, Samarkand and Bukhara itself. \n\nWe have already butted heads with Bukhara once already our success there assures us that they will be no match to our great state! \n\n§RYou need at least 80% civilization progress, the tooltip lies.§W;;;;;;;;;;;;;
EVTDESC600219;\n\nAfter_a_swift_campaign_against_Bukhara,_we_have_successfully_subjugated_their_Emir,_deposing_him_in_favor_of_a_more_favorable_member_of_his_family,_which_is_more_than_happy_to_act_as_the_representative_of_the_Shah's_dominion_over_Transoxiana,_securing_our_position_on_the_eastern_bank_of_the_Amu_Darya._\n\nCisoxiana—the_western_bank_of_the_Amu_Darya—will_be_held_under_our_direct_control_for_the_forseable_future,_with_our_annexation_of_Khiva_collapsing_the_local_khanate._The_lands_beyond_the_river—around_Shimbay—being_taken_over_by_the_Karakalpaks,_with_the_region_being_too_far_for_Bukhara_to_exert_control_over,_with_the_Karakalpaks_being_free_to_enjoy_their_freedom_while_we_consolidate_our_rule_over_our_new_gains.;;;;;;;;;;;;;
consolidate_transoxiana_title;Consolidate our Dominion over Transoxiana;;;;;;;;;;;;;
consolidate_transoxiana_desc;With our administration modernized and control over Transoxiana and the Emirate of Bukhara pacified, it is about time we finally cross the Amu Darya and end Bukhara's autonomy before they become a problem for us, opening way for us to further influence Central Asia. \n\nAlso, we will take the opportunity to finally put an end to the pitiful khanate ruled by the Karakalpaks across the river from Khiva!;;;;;;;;;;;;;
EVTDESC600220;\n\nWhen_the_Second_Treaty_of_Erzurum,_there_was_an_expectation_by_the_Ottoman_Government_and_international_observers_that_there_would_be_peace_between_the_Ottoman_Empire_and_the_Iran._Now,_with_our_claiming_of_Ottoman_land,_it_becase_clear_that_not_only_do_we_have_little_regard_for_peace_in_the_region,_but_also_for_the_international_treaties_that_we_sign,_leading_to_minor_condemnations_by_foreign_powers_interested_in_the_region.;;;;;;;;;;;;;
EVTDESC600221;\n\nThe_First_Treaty_of_Erzurum_signed_in_1823_came_after_the_victory_of_Persia_over_the_Ottoman_Empire._Surprisingly,_Persia_asked_only_for_continuation_of_being_the_protector_of_the_Shias_in_the_Ottoman_Empire._While_at_the_time_no_direct_territorial_demands_were_made,_since_then_the_Persian_forces_did_push_westward,_claiming_all_of_Iraq_and_a_good_portion_of_Kurdistan,_pushing_us_back_into_Anatalia._\n\nHaving_been_beaten_and_defeated_by_Persia_again_and_again,_the_Persian_government_came_to_us_with_a_proposal_to_meet_in_the_small_city_of_Van_to_sort_out_our_overlapping_claims_in_Eastern_Anatolia._It_is_clear_that_they_plan_on_pressuring_us_to_drop_all_of_the_claims_in_their_newly-conquered_lands._While_it_would_be_hard_to_admit_our_repeated_defeat_at_the_hands_of_Persia,_it_is_clear_that_we_securing_a_more_permanent_peace_with_the_rising_Persia_would_be_in_our_best_interest...;;;;;;;;;;;;;
EVTDESC600222;\n\nThe_Turks_have_accepted_the_treaty_drafted_by_our_diplomats_in_Van—peace_has_returned_to_our_borders,_and_nothing_will_be_able_to_change_that!;;;;;;;;;;;;;
EVTDESC600223;\n\nThe_Turks_have_refused_to_sign_the_treaty_drafted_by_our_diplomats_in_Van—we_can_no_longer_be_so_sure_about_peace_in_the_region,_as_they_may_be_just_waiting_for_the_opportunity_to_retake_their_lost_territories.;;;;;;;;;;;;;
van_treaty_title;Propose the Treaty of Van;;;;;;;;;;;;;
van_treaty_desc;With our advances into Mesopotamia and Kurdistan we have promptly usurped the Ottoman position as the overlords Mesopotamia and Eastern Anatolia, leading to our annexation of cities such as Baghdad, Mosul and Erzurum. Now, having defeated the Turks once again, we are in a position to pressure the Turks into signing a treaty to ratify the current border as permanent, to put and end to the hostilities between our nations. \n\nOf course, that would imply that we don't want to expand further into ther holdings, but that is a small price to pay for not having the risk of them striking us at our moment of weakness.;;;;;;;;;;;;;
syr_darya_ferghana_line_title;Syr Darya-Ferghana Line;;;;;;;;;;;;;
syr_darya_ferghana_line_desc;§RGain 5 infamy§!Now that we have established our dominion over Transoxiana, it is hard to say that our ambitions in the region are satisfied. Instead, we have to note that, while we managed to secure our hold over Bukhara and Samarkand, those cities are hard to defend, considering how far they are from our holdings in Iran. Counterintuitively, the way to solve this would be to push further into Central Asia, dominating the Sart-dominated Urban centers of Tashkent and Kokand, claiming a line from the Ferghana Valley to the Syr Darya.;;;;;;;;;;;;;
EVTDESC600224;\n\nWe_have_finally_managed_to_revoke_Muscat's_lease_over_Oman._The_arrangement_with_the_Sultan_of_Muscat_was_profitable_at_first,_but,_with_our_ongoing_instability_and_the_lack_of_a_naval_force,_the_Muscat_saw_fit_to_not_pay_its_stipends_for_the_lease_of_the_port—much_to_the_dismay_of_our_coffers,_thinking_that_we_could_never_contest_their_hold_over_the_seas_and_that_we_wouldn't_risk_being_punished_for_taking_the_port_by_force,_but_it_seems_that_their_naval_advantage_couldn't_delay_the_inevitable_forever,_with_the_port_finally_returning_to_our_hands._\n\nWhile_the_plan_was_to—at_first—just_seize_the_Sultan's_assets_in_the_city,_it_became_dauntlessly_obvious_to_us_that_Bandar_Abbas_is_still_a_bigger_and_more_modern_port_than_Bushehr._Maybe_it_would_be_a_good_idea_to_once_again_turn_Bandar_Abbas_into_our_main_trading_port,_letting_Bushehr_be_sidelined_in_favor_of_it.;;;;;;;;;;;;;
call_iran_crimea_title;Call Iran into the Crimean War;;;;;;;;;;;;;
call_iran_crimea_desc;§RGain 5 infamy§! As the Crimean War rages on, it became clear that the powers of Europe are plotting against our position in the Concert of Europe! Starved out of our conventional allies in Europe, it becomes clear that—to tip the war in our favor—we need to resort to one of our unusual pawns—the Qajars of Iran! \n\nWe would offer the Qajars parts of Kurdistan and—in exchange—they would join our war against the Turks, opening a new front, distracting the Ottoman and French armies—letting our armies siege Constantinople in no time!;;;;;;;;;;;;;
EVTDESC600225;\n\nWith_the_breakout_of_a_war_between_the_Russians_and_the_Ottomans,_our_allies_came_to_us_with_an_offer—we_are_invited_to_join_their_war_against_the_Turks,_opening_a_new_front_in_Kurdistan_and,_in_exchange,_they_will_make_sure_we_are_properly_rewarded_with_Kurdistan_in_the_peace_deal,_once_they_capture_Constantinople,_of_course._\n\n§RDespite_the_Russian_promisses,_if_we_don't_enforce_our_wargoal_on_the_Ottomans,_they_won't_grant_us_the_entirety_of_our_claims!§W;;;;;;;;;;;;;
EVTDESC600226;\n\nThe_Iranians—who_we_thought_were_our_steadfast_allies—refused_our_call_to_arms,_prefering_to_throw_us_to_the_wolves_and_let_us_face_the_might_of_the_Ottoman_and_French_Empires_by_ourselves!_\n\nWe_don't_need_them_anyway!_\n\nRight?;;;;;;;;;;;;;
EVTDESC600227;\n\nThe_Iranians_have_joined_the_Crimean_War!_Declaring_war_on_the_Ottomans_and_laying_claim_to_a_good_portion_of_Kurdistan!_As_their_armies_cross_the_border_into_Ottoman_territory,_it_becomes_clear_that_the_war_has_escalated_beyond_the_Black_Sea—for_better_or_worse...;;;;;;;;;;;;;
EVTDESC600228;\n\nDespite_our_limited_gains_in_Kurdistan,_our_Russian_allies_managed_to_capitalize_on_the_divertion_created_by_our_offensive,_ensuring_our_victory_in_the_war!_\n\nThat_is_not_to_say_the_Tsar_is_content—that_is_far_from_the_truth._The_Russians_have_expressed_contempt_for_our_lackluster_performance_in_the_war,_a_sentiment_shared_by_the_other_signatories_of_the_Treaty_of_Paris,_which_have_refused_to_grant_us_the_full_scope_of_our_claims,_limiting_our_gains_severely!;;;;;;;;;;;;;
EVTDESC600229;\n\nOur_role_in_the_Crimean_War_was_decisive!_After_a_grueling_campaign,_we_inflicted_devastating_blows_to_the_Franco-Ottoman_forces,_forcing_their_armies_to_bleed_in_the_mountains_of_Kurdistan_time_and_time_again,_ensuring_our_victory_in_the_war!_\n\nNaturally,_we_have_been_invited_to_Paris_for_the_signing_of_the_peace_treaty,_with_the_European_powers_being_impressed_with_our_perfomance_in_the_war,_awarding_us_the_entirety_of_our_claims_in_Kurdistan—much_to_our_delight!;;;;;;;;;;;;;
EVTDESC600230;\n\nWe_were_beaten._\n\nRegardless_of_our_perfomance_against_the_Russians,_in_the_Iranian_front,_our_forces_were_defeated_time_and_time_again,_with_the_Qajars_making_sure_to_humiliate_us_with_their_victories._Now,_at_the_Treaty_of_Paris,_we_are_forced_to_grant_them_the_totality_of_their_claims_in_Kurdistan._\n\nThis_essentially_cuts_us_off_from_our_holdings_in_Mesopotamia,_forcing_us_to_grant_autonomy_to_the_region_under_the_"Principality_of_Iraq"...;;;;;;;;;;;;;
EVTDESC600231;\n\nWith_the_Ottoman_loss_in_the_Crimean_War_against_the_Russians_and_their_Iranian_allies,_the_Qajars_have_seized_control_over_most_of_Kurdistan,_cutting_the_Ottomans_off_from_their_holdings_in_Iraq._They_since_have_decided_to_put_the_region_under_the_jurisdiction_of_"The_Principality_of_Iraq"_and—with_our_influence_in_the_Gulf_of_Persia—we_have_found_ourselves_greatly_benefiting_from_this_arrangement,_already_securing_some_connections_with_the_new_Iraqi_rulers...;;;;;;;;;;;;;
post_crimea_iraq_title;Coup the Prince of Iraq;;;;;;;;;;;;;
post_crimea_iraq_desc;§RGain 5 infamy§!We have held a great deal of influence in Iraq ever since the Turkish defeat in the Crimean War, which led to the region being effectively independent ever since. Now, with our growing role in the region and foreign interest in Mesopotamia increasing, it is clear that—if we are to keep our investments in the region—we need to hold a tighter grip over Mesopotamia. The $COUNTRY_ADJ$ resident in Baghdad has spend the last few months negotiating with the Prince of Iraq for the principality to accept a protectorate status under our empire—to no avail. We are left no choice but to coup the Iraqi prince and ensure that Baghdad will be ruled by someone more willing to cooperate with us...;;;;;;;;;;;;;
treaty_of_paris_persia_title;Enforce the Russian Demands;;;;;;;;;;;;;
treaty_of_paris_persia_desc;§RGain 8 infamy§!Now that we have decisively beaten the Ottomans we are free to enforce our claims in the region and force the Turks into the negotiating table, ensuring the victory of our Russian allies!;;;;;;;;;;;;;
EVTDESC600232;\n\nIn_the_past,_we_have_imposed_the_treaties_of_Gulistan_and_Turkmenchay_on_the_Qajar_Dynasty_in_Iran._These_defeats_at_our_hands_cemented_Iran's_position_as_a_playground_for_our_empire,_with_out_government_considering_Iran_to_be_in_our_sphere_of_influence_for_a_long_while_after_the_Treaty_to_Turkmenchay._Sadly,_as_Iran_modernized_and_rose_once_again_to_proeminence,_it_seems_that_the_Iranians_haven't_forgotten_what_we_took_from_them__following_their_defeat_at_our_hands._Now,_Iran,_as_a_great_power_in_the_Middle_East,_turns_its_attention_to_revoking_the_Treaties_of_Gulistan_and_Turkmenchay,_declaring_war_on_us_for_the_their_lands_in_the_Caucasus.;;;;;;;;;;;;;
EVTDESC600233;\n\nAfter_a_series_of_victories,_we_have_forced_the_Russians_into_the_negotiating_table,_drafting_the_peace_treaty_in_the_Caspian_city_of_Baku._While_some_of_our_advisors_try_to_push_for_a_limited_peace_settlement—restricting_the_treaty_to_the_return_of_the_lands_of_the_Erivan,_Nakhchivan_and_Talysh_Khanates,_lost_in_1828._Of_course,_most_of_our_envoys_to_Baku_support_the_reclaiming_of_all_of_our_lost_territory,_including_Armenia,_Azerbaijan_and_Eastern_Georgia—even_if_we_would_need_to_pressure_Russia_quite_a_bit_to_get_our_hands_on_the_latter._A_mora_extreme_approach_would_be_to_seize_all_of_our_claims_up_to_Dagestan,_while_expelling_Russia_from_the_Southern_Caucasus_by_liberating_Western_Georgia_under_a_new,_semi-independent_Georgian_Kingdom,_ruled_by_one_of_the_Imereti_branches_of_the_Bagrotioni_Dynasty.;;;;;;;;;;;;;
EVTDESC600234;\n\nUnsurprisingly,_this_little_display_of_defiance_from_the_Persians_achieved_little_besides_giving_us_a_reason_to_remind_them_of_their_place_beneath_us._After_a_grueling_campaign_in_Iran,_we_have_finally_subdued_our_enemies,_forcing_them_to_negotiate_with_us_in_Tabriz._\n\nAs_we_draft_a_peace_deal,_two_options_emerge—a_moderate_and_a_radical_one._The_moderate_option_is_take_a_small_strip_of_land_along_our_border_and_the_Caspian_coast,_letting_us_connect_our_Caucasian_holds_with_Turkmenistan_through_the_south._The_other,_more_radical_option,_relies_on_us_convening_with_Britain_to_ensure_that_Iran_knows_their_place_and_never_again_tries_to_defy_an_European_power._We_would_seize_major_swathes_of_land_together_with_Britain,_while_keeping_Iran_as_a_buffer_between_our_empires—of_course...;;;;;;;;;;;;;
EVTDESC600235;\n\nWe_have_been_keeping_a_close_eye_on_the_war_between_Russia_and_Persia_for_the_last_few_months._We_considered_sending_Persia_some_support,_but_we_many_in_our_government_were_unwilling_to_back_Persia_in_a_war_that_they_themselves_started._Unsurprisingly,_the_Russians_have_occupied_Tehran_and_the_Persians_have_surrended._Soon_we_would_be_surprised_with_a_Russian_delegation_inviting_us_to_negotiate_the_carving_of_Persia_with_them._While_we_can_deny_Russia's_offer,_considering_they_already_annexed_most_of_Northern_Persia,_it_seems_that_we_only_stand_to_gain_from_annexing_some_of_the_Persian_territory.;;;;;;;;;;;;;
EVTDESC600236;\n\nThe_Anglos_have_accepted_to_sign_the_Anglo-Russian_Convention_of_$YEAR$_on_Persia,_carving_up_Persia_between_us_two._Persia_now_has_been_taught_to_never_again_mess_with_us,_or_face_even_more_humiliation.;;;;;;;;;;;;;
EVTDESC600237;\n\nThe_Anglos_have_refused_to_sign_the_Anglo-Russian_Convention_on_Persia,_refusing_to_take_part_in_our_occupation_of_Iran_and_ilegitimizing_our_actions_in_the_process.;;;;;;;;;;;;;
EVTDESC600238;\n\nRussia_has_decided_to_leave_it_clear_to_us_that_we_are_nothing_more_than_the_playground_of_foreign_empires,_calling_up_Britain_to_humiliate_us_further_and_transform_us_into_a_buffer_between_our_their_empires...;;;;;;;;;;;;;
EVTDESC600239;\n\nDespite_sorting_out_our_position_in_the_Caucasus,_there_is_still_one_matter_to_be_resolved_in_Baku._Ever_since_we_started_to_expand_into_Turkestan_we_came_into_contact_with_the_Russian_forts_and_caravans_in_the_region._At_first,_our_interactions_in_the_region_were_surprisingly_amicable,_but_as_time_went_on_we_slowly_began_to_clash_with_the_Russians,_which_played_a_part_in_our_decision_to_denounce_our_treaties_with_Russia._As_of_now_hold_enough_negotiating_power_to_solve_this_matter_once_and_for_all,_by_demanding_the_total_withdraw_of_Russia_from_Central_Asia,_potentially_turning_the_region_into_the_our_diplomatic_backyard.;;;;;;;;;;;;;
EVTDESC600240;\n\nDespite_their_gains_in_the_Caucasus,_the_Persian_Lion_is_hardly_done_humiliating_us!_On_top_of_withdrawing_from_their_claims_in_the_Caucasus,_the_Persians_have_also_forced_us_to_leave_Central_Asia_all_together,_forcing_us_to_leave_any_of_our_forts_south_of_Orenburg,_essentially_securing_Central_Asia_as_part_of_Persia's_sphere_of_influence.;;;;;;;;;;;;;
EVTDESC600241;\n\nThe_Gate_of_the_Alans—known_in_our_language_as_Dar-i_Alan—is_a_vital_chasm_right_in_the_middle_of_the_Caucacus_Mountains_that_works_as_basically_a_major_crossing_between_both_sides_of_the_Caucasus._The_"Gate"_is_part_of_the_Georgian_Military_Road,_a_route_on_which_Russian_troups_went_through_to_cross_from_the_heartlands_of_Russia_into_Transcaucasia_and_was_severely_improved_under_Russian_ownership_of_the_Causcasus._While_the_Russian_infrastructure_on_the_route_is_impressive,_we_have_little_use_for_it_now_that_we_annexed_most_of_Transcaucasia,_with_the_road_slowly_became_less_and_less_important—turning_into_just_another_border_crossing_for_us_to_guard._As_a_result—to_save_ourselves_the_trouble_of_maintaining_the_road_and_guarding_the_"Gate_of_the_Alans"—many_of_our_advisors_have_suggested_that_we_should_grant_ownership_of_the_road_to_our_Georgian_subjects,_keeping_just_Tbilisi_for—of_course....;;;;;;;;;;;;;