Key;English;French;German;Polish;Spanish;Italian;Swedish;Czech;Hungarian;Dutch;Portuguese;Russian;Finnish;
EPI_conservative;Pasha Faction;;;;;;;;;;;;;
EPI_liberal;European Faction;;;;;;;;;;;;;
EPI_liberal_2;Progressive Faction;;;;;;;;;;;;;
EPI_reactionary;Ottoman Faction;;;;;;;;;;;;;
EPI_reactionary_2;Nationalist Faction;;;;;;;;;;;;;
EPI_radical;Klepht Faction;;;;;;;;;;;;;
EPI_socialist;Socialist Faction;;;;;;;;;;;;;
EPI_communist;Communist Faction;;;;;;;;;;;;;
EPI_fascist;Fascist Faction;;;;;;;;;;;;;
GAZ_absolute_empire;Gaza Empire;;;;;;;;;;;;;
GAZ_semi_constitutional_empire;Gaza Empire;;;;;;;;;;;;;
GAZ_constitutional_empire;Gaza Empire;;;;;;;;;;;;;
NPU;North Peru;North Peru;North Peru;;;;;;;;;;;
NPU_ADJ;Peruvian;Peruvian;Peruvian;;;;;;;;;;;
UPB_democracy;Lusitania;Lusitania;Lusitania;;;;;;;;;;;
UPB_democracy_ADJ;Lusitanic;Lusitanic;Lusitanic;;;;;;;;;;;
UPB_proletarian_dictatorship;Lusitanic Union;Lusitanic Union;Lusitanic Union;;;;;;;;;;;
UPB_proletarian_dictatorship_ADJ;Lusitanic;Lusitanic;Lusitanic;;;;;;;;;;;
UPB_fascist_dictatorship;Lusitanic Union;Lusitanic Union;Lusitanic Union;;;;;;;;;;;
UPB_fascist_dictatorship_ADJ;Lusitanic;Lusitanic;Lusitanic;;;;;;;;;;;
IRE_conservative_2;Fine Gael;Fine Gael;Fine Gael;;Fine Gael;;;;;;;;;
IRE_liberal_2;Sinn Fein;Sinn Fein;Sinn Fein;;Sinn Fein;;;;;;;;;
IRE_reactionary;Unionist Party;Parti unioniste;Unionist Party;;Partido Unionista;;;;;;;;;
IRE_social_liberal;Fianna Fail;Fianna Fail;Fianna Fail;;Fianna Fail;;;;;;;;;
IRE_radical;Radical Party;Radical Party;Radical Party;;Radical Party;;;;;;;;;
FRA_reactionary_3;Ultraroyaliste;Ultraroyaliste;Ultraroyaliste;;Ultraroyaliste;;;;;;;;;
JAV_social_liberal;Social-Liberals;Social-Liberals;Social-Liberals;;Social-Liberals;;;;;;;;;
CE_NAME;The Concert of Europe;;;;;;;;;;;;;
CE_DESC;Napoleon has died, but his legacy still shakes Europe. The empires of the Americas are shattered, and the empires of Europe hear the first rumbles in a gathering storm of nationalism. The Vienna Congress that brought the Napoleonic Wars to an end was meant to restore the old monarchical order, but the concert of balanced powers it sought to establish is already looking precarious. Whichever nations can seize this moment will dominate a new age.;;;;;;;;;;;;;
NET_statisten;Statisten;;;;;;;;;;;;;
NET_orangisten;Orangisten;;;;;;;;;;;;;
NET_liberaal_progressief;Liberaal-Progressieven;;;;;;;;;;;;;
NET_monarchisten;Monarchisten;;;;;;;;;;;;;
NET_moderaat;Christelijk Conservatief;;;;;;;;;;;;;
NET_conservatief;Katholieke Volks Partij;;;;;;;;;;;;;
NET_vrij_antirevolutionaire_partij;Anti-Revolutionaire Partij;;;;;;;;;;;;;
NET_conservatief_liberaal;Liberaal-Conservatieven;;;;;;;;;;;;;
NET_algemeene_bond;Algemeene Bond;;;;;;;;;;;;;
NET_christelijk_hervormd;Christlijk-Gereformeede Unie;;;;;;;;;;;;;
NET_rooms_katholiek_1;Rooms Katholieken;;;;;;;;;;;;;
NET_rooms_katholiek_2;Rooms Katholieken;;;;;;;;;;;;;
NET_schaepmannianen;Schaepmannianen;;;;;;;;;;;;;
NET_bahlmannianen;Bahlmannianen;;;;;;;;;;;;;
NET_antirevolutionair;Antirevolutionairen;;;;;;;;;;;;;
NET_antirevolutionair_partij;Antirevolutionare Partij;;;;;;;;;;;;;
NET_antirevolutionair_partij_2;Antirevolutionaire Partij;;;;;;;;;;;;;
NET_staatkundig_reformeerde_partij;Staatkundig Gereformeerde Partij;;;;;;;;;;;;;
NET_oude_vrije_liberale;Oude/Vrije Liberalen;;;;;;;;;;;;;
NET_pragmatisch_liberaal;Pragmatisch Liberalen;;;;;;;;;;;;;
NET_thorbeckiaan;Thorbeckianen;;;;;;;;;;;;;
NET_liberale_unie;Liberale Unie;;;;;;;;;;;;;
NET_vrijheidsbond;Staatspartij;;;;;;;;;;;;;
NET_vrijzinnige_democraten;Vrijzinnige Democratische Bond;;;;;;;;;;;;;
NET_puttiaan;Puttianen;;;;;;;;;;;;;
NET_radicaal_liberaal;Radikale Bond;;;;;;;;;;;;;
NET_vrije_socialisten;Vrije Socialisten;;;;;;;;;;;;;
NET_sociaal_democratische_bond;Sociaal Democratische Bond;;;;;;;;;;;;;
NET_sociaal_democratische_arbeiderspartij;Sociaal Democratische Arbeiderspartij;;;;;;;;;;;;;
NET_social_democratische_partij;Sociaal Democratische Partij;;;;;;;;;;;;;
NET_communistische_partij_holland;Communistische Partij Holland;;;;;;;;;;;;;
NET_socialistische_partij;Socialistische Partij;;;;;;;;;;;;;
HOL_fascist2;Frysk Fascisten Front;;;;;;;;;;;;;
AOT_absolute_monarchy;United Tribes;United Tribes;United Tribes;;;;;;;;;;;
AOT_prussian_constitutionalism;United Tribes;United Tribes;United Tribes;;;;;;;;;;;
AOT_hms_government;United Tribes;United Tribes;United Tribes;;;;;;;;;;;
BOS_social_liberal;Nasa Stranka;;;;;;;;;;;;;
BOH_social_liberal;Civic Movement;;;;;;;;;;;;;
BUR_social_liberal;National Democratic Force;;;;;;;;;;;;;
CHI_social_liberal;Moderate Left;;;;;;;;;;;;;
DAN_social_liberal;Det Radikale Venstre;;;;;;;;;;;;;
EST_social_liberal;Eesti Keskerakond;;;;;;;;;;;;;
FIN_social_liberal;Svenska Folkpartiet i Finland;;;;;;;;;;;;;
HUN_social_liberal;SZDSZ;;;;;;;;;;;;;
ICL_social_liberal;Alýuflokkurinn;;;;;;;;;;;;;
ITA_social_liberal;Giustizia e Liberta;;;;;;;;;;;;;
KOR_social_liberal;Korean Democratic Party;;;;;;;;;;;;;
LIT_social_liberal;New Union;;;;;;;;;;;;;
LUX_social_liberal;Radikal-Sozialistesch Partei;;;;;;;;;;;;;
MLY_social_liberal;People's Justice Party;;;;;;;;;;;;;
NOR_social_liberal;Det Liberale Folkepartiet;;;;;;;;;;;;;
POL_social_liberal;Stronnictwo Demokratyczne;;;;;;;;;;;;;
ROM_social_liberal;Partidul Liberal Democrat;;;;;;;;;;;;;
SWI_social_liberal;Landesring der Unabhängigen;;;;;;;;;;;;;
RUS_354;Livland;;;;;;;;;;;;;
RUS_357;Kurland;;;;;;;;;;;;;
RUS_361;Vilna;;;;;;;;;;;;;
FRA_400;Pas-de-Calais;;;;;;;;;;;;;
FRA_412;Alsace;;;;;;;;;;;;;
FRA_425;Ile-de-France;;;;;;;;;;;;;
FRA_448;Auvergne-Limousin;;;;;;;;;;;;;
FRA_455;Midi-Pyrenees;;;;;;;;;;;;;
SPA_474;Galicia;;;;;;;;;;;;;
SPA_477;Castilla-Leon;;;;;;;;;;;;;
SWI_605;German Switzerland;;;;;;;;;;;;;
AUS_641;Mittelungarn;;;;;;;;;;;;;
AUS_623;Transdanubien;;;;;;;;;;;;;
AUS_703;Galizien-Lodomerien;;;;;;;;;;;;;
RUS_707;Suvalki;;;;;;;;;;;;;
RUS_936;Grodno;;;;;;;;;;;;;
SIC_760;Calabria;;;;;;;;;;;;;
AUS_768;Krain;;;;;;;;;;;;;
TUR_824;Epirus;;;;;;;;;;;;;
TUR_828;Eastern Thrace;;;;;;;;;;;;;
TUR_860;Dogu Trakya;;;;;;;;;;;;;
RUS_936;Grodno;;;;;;;;;;;;;
RUS_956;Volhynia;;;;;;;;;;;;;
ENG_1320;Andaman & Nicobar Islands;;;;;;;;;;;;;
PROV251;Godthåb;;;;;;;;;;;;;
PROV350;Narwa;;;;;;;;;;;;;
PROV351;Pernau;;;;;;;;;;;;;
PROV355;Wolmar;;;;;;;;;;;;;
PROV356;Dinaburg;;;;;;;;;;;;;
PROV357;Mitau;;;;;;;;;;;;;
RUS_358;Kurland;;;;;;;;;;;;;
PROV358;Windau;;;;;;;;;;;;;
PROV359;Libau;;;;;;;;;;;;;
PROV360;Vilna;;;;;;;;;;;;;
PROV361;Kovno;;;;;;;;;;;;;
PROV362;Mariyampole;;;;;;;;;;;;;
PROV363;Ponevezh;;;;;;;;;;;;;
PROV364;Shyaulyai;;;;;;;;;;;;;
PROV365;Mahé;;;;;;;;;;;;;
PROV366;Arhus;;;;;;;;;;;;;
PROV367;Alborg;;;;;;;;;;;;;
PROV371;Apenrade;;;;;;;;;;;;;
PROV387;Bruxelles;;;;;;;;;;;;;
PROV393;Tournai;;;;;;;;;;;;;
PROV403;St Quentin;;;;;;;;;;;;;
PROV408;Reims;;;;;;;;;;;;;
PROV415;Le Havre;;;;;;;;;;;;;
PROV430;Vichy;;;;;;;;;;;;;
PROV431;Chalon;;;;;;;;;;;;;
PROV435;Laval;;;;;;;;;;;;;
PROV446;Aubusson;;;;;;;;;;;;;
PROV824;Yanya;;;;;;;;;;;;;
PROV853;Ergiri;;;;;;;;;;;;;
PROV447;Périgueux;;;;;;;;;;;;;
PROV452;St Étienne;;;;;;;;;;;;;
PROV457;Tarbes;;;;;;;;;;;;;
PROV459;Mont-de-Marsan;;;;;;;;;;;;;
PROV463;Narbonne;;;;;;;;;;;;;
PROV468;North Greenland Ice Shelf;;;;;;;;;;;;;
PROV453;Privas;;;;;;;;;;;;;
PROV471;Fréjus;;;;;;;;;;;;;
PROV626;Königgrätz;;;;;;;;;;;;;
PROV628;Aussig;;;;;;;;;;;;;
PROV633;Preßburg;;;;;;;;;;;;;
PROV634;Trentschin;;;;;;;;;;;;;
PROV635;Komorn;;;;;;;;;;;;;
AUS_633;Slowakei;;;;;;;;;;;;;
PROV636;Neusohl;;;;;;;;;;;;;
PROV647;Großwardein;;;;;;;;;;;;;
PROV651;Sathmar;;;;;;;;;;;;;
PROV652;Temeschburg;;;;;;;;;;;;;
PROV653;Reschitz;;;;;;;;;;;;;
PROV654;Klausenburg;;;;;;;;;;;;;
PROV655;Weißenburg;;;;;;;;;;;;;
PROV656;Diemrich;;;;;;;;;;;;;
PROV659;Kronstadt;;;;;;;;;;;;;
PROV660;Oderhellen;;;;;;;;;;;;;
PROV661;Bistritz;;;;;;;;;;;;;
PROV694;Thorn;;;;;;;;;;;;;
PROV717;Kalish;;;;;;;;;;;;;
PROV712;Lódz;;;;;;;;;;;;;
PROV710;Skierniewice;;;;;;;;;;;;;
PROV709;Lomzha;;;;;;;;;;;;;
PROV708;Plotsk;;;;;;;;;;;;;
PROV706;Varšava;;;;;;;;;;;;;
PROV701;Gnesen;;;;;;;;;;;;;
PROV767;Marburg;;;;;;;;;;;;;
PROV768;Laibach;;;;;;;;;;;;;
PROV772;Sissek;;;;;;;;;;;;;
PROV794;Beograd;;;;;;;;;;;;;
PROV797;Cacak;;;;;;;;;;;;;
PROV2538;Neusatz;;;;;;;;;;;;;
PROV791;Mitrowitz;;;;;;;;;;;;;
PROV792;Pantschowa;;;;;;;;;;;;;
PROV2582;Cattaro;;;;;;;;;;;;;
PROV774;Zengg;;;;;;;;;;;;;
PROV780;Spalato;;;;;;;;;;;;;
PROV781;Zadar;;;;;;;;;;;;;
PROV782;Ragusa;;;;;;;;;;;;;
PROV951;Stryi;;;;;;;;;;;;;
PROV953;Stanislau;;;;;;;;;;;;;
PROV980;Starobelsk;;;;;;;;;;;;;
PROV984;Kem;;;;;;;;;;;;;
PROV988;Pudozh;;;;;;;;;;;;;
PROV993;Vytegra;;;;;;;;;;;;;
PROV1023;Kostroma;;;;;;;;;;;;;
PROV1038;Novy Uzen;;;;;;;;;;;;;
PROV1046;Novocherkassk;;;;;;;;;;;;;
PROV2149;Monterrey;;;;;;;;;;;;;
PROV1090;Tiflis;;;;;;;;;;;;;
PROV1092;Kutais;;;;;;;;;;;;;
PROV1095;Sukhum;;;;;;;;;;;;;
PROV2533;Neumarkt;;;;;;;;;;;;;
PROV2557;Ribe;;;;;;;;;;;;;
PROV2577;Taslidja;;;;;;;;;;;;;
PROV2584;Bielitz;;;;;;;;;;;;;
PROV2636;South Greenland Ice Shelf;;;;;;;;;;;;;
rich_farmland;Rich Farmland;;;;;;;;;;;;;
mountain_farmland;Terraced Farmland;Terres Arables en Terrasses;Terrassenkultur Ackerland;;Tierras de Cultivo de Bancal;;;;;;;;;
incorporate_sudan_title;Incorporate Sudan;;;;;;;;;;;;;
incorporate_sudan_desc;We should introduce modern administrative structures to replace tribal governments throughout our new lands in the Sudan. The locals won't like it, but it will bind the region to Egypt permanently.;;;;;;;;;;;;;
incorporate_hedjaz_title;Incorporate Hedjaz;;;;;;;;;;;;;
incorporate_hedjaz_desc;Egypt has proven itself a worthy Protector of the Two Holy Cities. The Hedjaz can now be considered a proper part of Egypt.;;;;;;;;;;;;;
treaty_of_kutahya_title;The Treaty of Kutahya;;;;;;;;;;;;;
treaty_of_kutahya_desc;Having thoroughly defeated the Ottoman Empire in war, we can now force the Sultan into a humiliating peace. The Sultan will acknowledged Egypt's independence and hereditary rule, not only in Egypt but in the Levant. Other Ottoman territories in the Hedjaz and Cyrenaica will also be transferred to Egyptian control.;;;;;;;;;;;;;
claim_the_sahara_MOR_title;Claim the Sahara;;;;;;;;;;;;;
claim_the_sahara_MOR_desc;Now that we are recognized as a western state, we can credibly assert our sovereignty over the deserts to the south.;;;;;;;;;;;;;
claim_the_sahara_ALD_title;Claim the Sahara;;;;;;;;;;;;;
claim_the_sahara_ALD_desc;Now that we are recognized as a western state, we can credibly assert our sovereignty over the deserts to the south.;;;;;;;;;;;;;
persian_asia_title;Persian Asia;;;;;;;;;;;;;
persian_asia_desc;Persia's power has grown, and now we can claim all of the regions of central Asia with Persian populations.;;;;;;;;;;;;;
persian_caucasus_title;Persian Caucasus;;;;;;;;;;;;;
persian_caucasus_desc;Now that Persia has taken its place among the Great Powers of the world, we can redress the wrongs of the Treaty of Gulistan and re-establish our claims to the Caucasus.;;;;;;;;;;;;;
treaty_of_adrianople_title;The Treaty of Adrianople;;;;;;;;;;;;;
treaty_of_adrianople_desc;Having soundly defeated the Turkish armies in the field, we can force certain concessions from the Ottomans at the peace table. They will acknowledge Greek sovereignty and protect the rights of Christians within their realm. Russia will annex the mouth of the Danube and the fortress of Akhaltsikhe in Georgia, and the Ottomans will allow Russia to station troops in the lands of their Romanian vassals. A great day for the Motherland!;;;;;;;;;;;;;
treaty_of_turkmenchay_title;The Treaty of Turkmenchay;;;;;;;;;;;;;
treaty_of_turkmenchay_desc;Having defeated Persia's armies in the Caucasus, we can force a humiliating peace upon the Shah. Persia will transfer all of its Caucasian lands to Russian suzerainty, as well as formally renouncing its claims to Armenia and Azerbaijan. A great day for the Motherland!;;;;;;;;;;;;;
treaty_of_yandabo_title;The Treaty of Yandabo;;;;;;;;;;;;;
treaty_of_yandabo_desc;Having defeated Burma's armies in the East, we can force a humiliating peace upon the Burmese Court. Assam and Arakan will be transferred to our control, along with a segment of the southward coast. Burma will also pay a hefty indemnity for the expense they've put us to. A great day for the Empire!;;;;;;;;;;;;;
the_government_of_india_act_title;The Government of India Act;;;;;;;;;;;;;
the_government_of_india_act_desc;The recent Sepoy rebellion has brought to light numerous shortcomings of our rule in India. To bring about the fundamental change necessary to restore lasting order to the subcontinent, extensive social, political, and military reforms are needed: an impossibility under Company Rule. The Government of India Act will place India directly under the Crown, paving the way for these necessary reforms.;;;;;;;;;;;;;
NEWS_government_of_india_act_short;Seeking to address the causes of the Sepoy Rebellion, the British parliament passed an act ending Company Rule in India.;;;;;;;;;;;;;
NEWS_government_of_india_act_medium;Seeking to address the causes of the Sepoy Rebellion, the British parliament passed the Government of India Act ending Company Rule in India. The government promises widespread social, political and military reforms.;;;;;;;;;;;;;
unite_portugal_brazil_title;Unite Portugal and Brazil;;;;;;;;;;;;;
unite_portugal_brazil_desc;The United Kingdom has stood the test of time. By giving full political rights and equal representation in parliament to our Brazilian citizens, we can create a stronger, transatlantic nation.;;;;;;;;;;;;;
create_iberia_UPB_title;Become Iberia;;;;;;;;;;;;;
create_iberia_UPB_desc;We have proven our mettle and united the Iberian peninsula under our rule. Now the time has come for a new Iberian federation to be born, one that unites all of the peninsula's cultures under a single rule.;;;;;;;;;;;;;
create_iberia2_UPB_title;Become Iberia;;;;;;;;;;;;;
create_iberia2_UPB_desc;We have proven our mettle and united the Iberian peninsula under our rule. Now the time has come for a new Iberian federation to be born, one that unites all of the peninsula's cultures under a single rule.;;;;;;;;;;;;;
lease_guangzhouwan_title;Lease Guangzhou Wan;;;;;;;;;;;;;
lease_guangzhouwan_desc;A port on the Chinese coast would help us to administer our Asian possessions and encourage trade with China. We can propose a lengthy lease for a minor town on the coast of Guangzhou.;;;;;;;;;;;;;
RGS_claim_cisplatina_title;Claim Cisplatina;;;;;;;;;;;;;
RGS_claim_cisplatina_desc;The Provincia Cisplatina adjoins our country and shares our pastoral culture and independent values. It is only natural that its people should join the Rio Grande Republic.;;;;;;;;;;;;;
thorbecke's_reforms_title;Thorbecke's Reforms;;;;;;;;;;;;;
thorbecke's_reforms_desc;In the face of coming revolution, King William II of the Netherlands appointed liberal statesman Johan Rudolf Thorbecke as chief minister and asked him to draft a new constitution for the kingdom. The constitution of 1848 significantly reduced the King's powers, established direct popular election of MPs and protected freedom of religion in the Netherlands.;;;;;;;;;;;;;
reclaim_southern_netherlands_title;Reclaim Southern Netherlands;;;;;;;;;;;;;
reclaim_southern_netherlands_desc;The region of Calais was once part of the Low Countries, and our people are still a minority there. It's time the southern Netherlands was brought under our banner.;;;;;;;;;;;;;
reclaim_east_frisia_title;Reclaim East Frisia;;;;;;;;;;;;;
reclaim_east_frisia_desc;As recently as the Napoleonic Wars, East Frisia was a part of the Kingdom of Holland. We should let the world know that Friesland is part of the Netherlands.;;;;;;;;;;;;;
unite_with_netherlands_title;Unite with Netherlands;;;;;;;;;;;;;
unite_with_netherlands_desc;As recently as the Napoleonic Wars, East Frisia was a part of the Kingdom of Holland. It's time we rejoined our brothers in the Netherlands.;;;;;;;;;;;;;
integrate_east_frisia_title;Integrate East Frisia;;;;;;;;;;;;;
integrate_east_frisia_desc;A sizeable Dutch population remains in Emden, but East Friesland is firmly under German control. We should discourage any lingering Dutch nationalism in the region.;;;;;;;;;;;;;
repudiate_treaty_of_london_title;Repudiate Treaty of London;;;;;;;;;;;;;
repudiate_treaty_of_london_desc;The Netherlands signed away its claims to Belgium under duress. But today's politics places less emphasis on the sort of legal legitimacy and internationalism that marked the age of the Concert of Europe. With the right rhetoric, we could revive our claims to those lands.;;;;;;;;;;;;;
integrate_silesia_title;Integrate Silesia;;;;;;;;;;;;;
integrate_silesia_desc;Our Sovereignty over Silesia is unquestioned. It should be made into a proper German land.;;;;;;;;;;;;;
integrate_posen_title;Integrate Posen;;;;;;;;;;;;;
integrate_posen_desc;The Vienna Congress established the Grand Duchy of Posen as an autonomous region, guaranteed to retain its Polish identity and be ruled separately from Prussia proper. In reality, however, Posen is increasingly treated as just another Prussian province. Explicitly doing away with the "Grand Duchy" would discourage Polish separatism in the region and reaffirm Prussia's unity.;;;;;;;;;;;;;
support_kurdish_independence_title;Support Kurdish Independence;;;;;;;;;;;;;
support_kurdish_independence_desc;Persia's Kurdish minority feels marginalized and isolated. We could fan the flames of Kurdish separatism to keep Persia weak and distracted, thus bolstering our supremacy in the region.;;;;;;;;;;;;;
russian_black_sea_title;Russian Black Sea;;;;;;;;;;;;;
russian_black_sea_desc;The process of expansion around the Black Sea begun by Catherine the Great must continue. Russia should lay claim to the entire northern coast of the Sea.;;;;;;;;;;;;;
russian_transcaucasia_title;Russian Transcaucasia;;;;;;;;;;;;;
russian_transcaucasia_desc;The process of expansion into the Caucasus begun by Catherine the Great must continue. Russia should lay claim to the entire region south of the Caucasus.;;;;;;;;;;;;;
treaty_of_cucuta_title;Treaty of Cucuta;;;;;;;;;;;;;
treaty_of_cucuta_desc;The Federation has stood the test of time, and the regional elites have been appeased. Gran Colombia's legitimacy is now universally accepted!;;;;;;;;;;;;;
colombia_irredenta_title;Unredeemed Colombia;;;;;;;;;;;;;
colombia_irredenta_desc;Bolivar's dream was always to build a federation to embrace all the peoples of New Granada. Our prestigious global presence now enables us to lay claim to all of these lands.;;;;;;;;;;;;;
colombian_central_america_title;Colombian Central America;;;;;;;;;;;;;
colombian_central_america_desc;Central America experimented with its own federal union, but now Colombia's prestige and influence in the region is sufficient that we can legally admit its provinces to our Federation. Let Central America be the latest addition to Gran Colombia!;;;;;;;;;;;;;
end_of_federation_title;The End of the Federation;;;;;;;;;;;;;
end_of_federation_desc;With Venezuela independent, The Colombian Federation is no more. The project of union has failed, for now.;;;;;;;;;;;;;
colombian_integration_title;Integration;;;;;;;;;;;;;
colombian_integration_desc;The Afro-Caribeno people are becoming an integral part of Colombian culture. It is time for them to obtain full citizenship.;;;;;;;;;;;;;
native_integration_ecuador_title;Native Integration;;;;;;;;;;;;;
native_integration_ecuador_desc;The time has come to integrate the native Quechua culture into the fabric of our country.;;;;;;;;;;;;;
eject_sucre_title;Eject the Bolivian Government;;;;;;;;;;;;;
eject_sucre_desc;Having defeated Bolivia's armies, we are now in a position to force the resignation of their government and install one less friendly to Bolivar and more amenable to unification with Peru.;;;;;;;;;;;;;
form_PBC_BOL_title;Form Peru-Bolivia Confederation;;;;;;;;;;;;;
form_PBC_BOL_desc;The matter is decided. Bolivia will take the dominant role in the Peruvian Confederation, and our nations will move toward ever closer union. May our confederation stand the test of time!;;;;;;;;;;;;;
form_PBC_PEU_title;Form Peru-Bolivia Confederation;;;;;;;;;;;;;
form_PBC_PEU_desc;The matter is decided. Peru will take the dominant role in the Peruvian Confederation, and our nations will move toward ever closer union. May our confederation stand the test of time!;;;;;;;;;;;;;
unite_with_chile_title;Unite with Chile;;;;;;;;;;;;;
unite_with_chile_desc;The Chileans share our culture, and both of our nations call the Andes home. We should pursue closer union with this brother nation and bring them under our banner.;;;;;;;;;;;;;
claim_antofagasta_title;Claim Antofagasta;;;;;;;;;;;;;
claim_antofagasta_desc;In colonial times the borders between different departments in the New World were left a bit vague. Simon Bolivar incorporated the region of Antofagasta into the Republic of Bolivia, but we have at least as much right to control it. It's time the world knew about Chile's claims.;;;;;;;;;;;;;
claim_cochinoca_title;Claim Cochinoca;;;;;;;;;;;;;
claim_cochinoca_desc;In colonial times the borders between different departments in the New World were left a bit vague. Simon Bolivar incorporated the department of Cochinoca into the Republic of Bolivia, but we have at least as much right to control it. It's time the world knew about Argentina's claims.;;;;;;;;;;;;;
legitimize_usca_title;Legitimize USCA;;;;;;;;;;;;;
legitimize_usca_desc;The Federal Republic has stood the test of time. Our institutions are now strong enough to win the loyalty of the Central American people. Let Central America forever remain united!;;;;;;;;;;;;;
mexican_central_america_title;Mexican Central America;;;;;;;;;;;;;
mexican_central_america_desc;The world has come to recognize that Central America is properly a Mexican sphere of influence. The old Captaincy-General of Guatemala can now be fully integrated into Mexican politics and society.;;;;;;;;;;;;;
abolish_epirus_title;Abolish Epirus;;;;;;;;;;;;;
abolish_epirus_desc;Ali Pasha's governorate of Yanina has become too powerful and unruly. With the rebellion ended, the pashalik should be divided and assigned to more loyal pashas to prevent another uprising.;;;;;;;;;;;;;
legitimize_epirus_title;Legitimize Epirus;;;;;;;;;;;;;
legitimize_epirus_desc;The Pashalik of Yanina has won its independence, and our sovereignty over Epirus is now proven. Let us demand the world's recognition as a legitimate state.;;;;;;;;;;;;;
EPI_become_albania_title;Become Albania;;;;;;;;;;;;;
EPI_become_albania_desc;Epirus has lost control of its Greek territories in the east. Albanian nationalists in the court advise the state to repudiate its Greek identity and form an Albanian nation-state.;;;;;;;;;;;;;
EPI_claim_albania_title;Claim Albania;;;;;;;;;;;;;
EPI_claim_albania_desc;Epirus is now in a position to claim all the Albanian lands. Let us spread our banner far and wide.;;;;;;;;;;;;;
demand_epirus_title;Demand Epirus;;;;;;;;;;;;;
demand_epirus_desc;Demand that the Ottomans return Epirus to our control.;;;;;;;;;;;;;
ottoman_black_sea_title;Ottoman Black Sea;;;;;;;;;;;;;
ottoman_black_sea_desc;For three centuries the Ottoman Empire ruled the shores of the Black Sea. In recent generations Russian aggression has cost us control of the Sea's north shore, but we are now positioned to reverse this decline and re-establish our vassal state, the Crimean Khanate.;;;;;;;;;;;;;
TUR_subjugate_egypt_title;Subjugate Egypt;;;;;;;;;;;;;
TUR_subjugate_egypt_desc;For too long Egypt has been functionally independent of the Empire. It's time Egypt acknowledged Ottoman suzerainty and comported itself like our vassal again.;;;;;;;;;;;;;
greek_constantinople_title;Greek Constantinople;;;;;;;;;;;;;
greek_constantinople_desc;Greeks have inhabited Byzantium since antiquity. With the region now firmly under our control, proper Greek names can be restored to these lands.;;;;;;;;;;;;;
greek_ionia_title;Greek Ionia;;;;;;;;;;;;;
greek_ionia_desc;Greeks have inhabited Ionia since antiquity. With the region now firmly under our control, proper Greek names can be restored to these lands.;;;;;;;;;;;;;
greek_nicaea_title;Greek Nicaea;;;;;;;;;;;;;
greek_nicaea_desc;Greeks have inhabited Nicaea since antiquity. With the region now firmly under our control, proper Greek names can be restored to these lands.;;;;;;;;;;;;;
retreat_from_anatolia_title;The Retreat from Anatolia;;;;;;;;;;;;;
retreat_from_anatolia_desc;After generations of conflict with the Turks, our people are ready for a new path. Rather than insist upon unification with all Greek-speaking peoples in the region, our government could officially renounce its claims to any contested territories in Anatolia. In exchange, we would expect the Turks to finally acknowledge exclusive Greek sovereignty in our Balkan homelands. This would begin a new chapter in Greco-Turkish relations, one in which we wouldn't face the continual prospect of war with each other. Will there be peace in our time?;;;;;;;;;;;;;
appoint_venizelos_title;Appoint Eleftherios Venizelos;;;;;;;;;;;;;
appoint_venizelos_desc;Our nation needs a great statesman as its Prime Minister, and we have just the man. Eleftherios Venizelos is currently a parliamentary minister, but if appointed as the leader of our nation he could lead it back to its former greatness.;;;;;;;;;;;;;
end_mamluk_iraq_title;End the Mamluk Dynasty in Iraq;;;;;;;;;;;;;
end_mamluk_iraq_desc;The Mamluk Pashas who rule Iraq on behalf of the Empire have fallen into decline and decadence. By reinstating direct Imperial rule in Mesopotamia, we will be able to reform the local administration and improve the lot of the people.;;;;;;;;;;;;;
unite_caucasus_tribes_title;Unite the Caucasus Tribes;;;;;;;;;;;;;
unite_caucasus_tribes_desc;Defeating the Russians will convince the fractious tribes of the Caucasus that we are the rightful rulers of the region. United under our banner, the Caucasus will stand independent against the onslaught of the Russians.;;;;;;;;;;;;;
embrace_oromo_title;Embrace the Oromo;;;;;;;;;;;;;
embrace_oromo_desc;Many of the Oromo people are Muslims, and our peoples have long inhabited the same lands. Let us make them a part of our nation, and together we will stand strong and resist the European powers.;;;;;;;;;;;;;
reorganize_new_zealand_title;Claim New Zealand;;;;;;;;;;;;;
reorganize_new_zealand_desc;Now that we have taken possession of the New Zealand colony, we should reorganize its structure to make it truly part of our greater colonial administration.;;;;;;;;;;;;;
PNJ_embrace_kashmiri_minority_title;Embrace the Kashmiri;;;;;;;;;;;;;
PNJ_embrace_kashmiri_minority_desc;The Sikh Empire is a secular, tolerant state. We shall embrace the Kashmiri lands under our dominion, and together forge a nation even stronger than before.;;;;;;;;;;;;;
treaty_of_brescia_title;Treaty of Brescia;;;;;;;;;;;;;
treaty_of_brescia_desc;We have forced the Austrians to relinquish their control of an Italian territory, and the region is ready to be fully integrated into $COUNTRY$. Forward, Italia!;;;;;;;;;;;;;
refute_french_savoy_title;Refute French Claims;;;;;;;;;;;;;
refute_french_savoy_desc;We have defeated the treacherous French, and now their trumped-up claim on Savoy can be laughed away.;;;;;;;;;;;;;
venetian_dalmatia_title;Venetian Dalmatia;;;;;;;;;;;;;
venetian_dalmatia_desc;For centuries the Dalmatian coast was a territory of the Republic of Venice. The Napoleonic wars saw the end of the Republic, and Dalmatia was transferred to Austria at the Vienna Congress, but the region's Italian population remains. We could credibly lay claim to the coast and tighten our grip on the Adriatic.;;;;;;;;;;;;;
breslau_treaty_title;Treaty of Breslau;;;;;;;;;;;;;
breslau_treaty_desc;Having conclusively demonstrated Austria's superiority over Prussia, we can now right a wrong by reclaiming Silesia as a rightful part of our patrimony.;;;;;;;;;;;;;
potsdam_treaty_title;Treaty of Potsdam;;;;;;;;;;;;;
potsdam_treaty_desc;Prussia's power is broken, and we can now assert our total dominance in the German Confederation. Prussia's western lands will be broken up, and all the minor German powers will acknowledge $COUNTRY$'s primacy in German affairs.;;;;;;;;;;;;;
czech_bohemia_title;Czech Bohemia;;;;;;;;;;;;;
czech_bohemia_desc;Now that Bohemia has gained its freedom, proper Czech names can be restored to the land.;;;;;;;;;;;;;
czech_moravia_title;Czech Moravia;;;;;;;;;;;;;
czech_moravia_desc;Now that Moravia has gained its freedom, proper Czech names can be restored to the land.;;;;;;;;;;;;;
czech_opava_title;Czech Opava;;;;;;;;;;;;;
czech_opava_desc;Now that Opava has gained its freedom, proper Czech names can be restored to the land.;;;;;;;;;;;;;
czech_tesin_title;Czech Tesín;;;;;;;;;;;;;
czech_tesin_desc;Now that Tesín has gained its freedom, proper Czech names can be restored to the land.;;;;;;;;;;;;;
slovene_slovenia_title;Slovene Slovenia;;;;;;;;;;;;;
slovene_slovenia_desc;Now that Slovenia has gained its freedom, proper Slovene names can be restored to the land.;;;;;;;;;;;;;
german_carniola_title;German Carniola;;;;;;;;;;;;;
german_carniola_desc;Now that Carniola-Styria has been recovered, proper German names can be restored to the land.;;;;;;;;;;;;;
primus_inter_pares_title;Primus Inter Pares;Primus Inter Pares;Primus Inter Pares;;;;;;;;;;;
primus_inter_pares_desc;The kings of Hungary are considered to be first among equals within the aristocracy, and have rarely held absolute power. Even in the middle ages our kings were elected to their position by the Estates. During later times certain aristocrats even gained the right of insurgency, should the king behave tyrannically. Now, at the dawn of this new age, the evolution of state, government and political parties make reform necessary. It is time for our monarch, in accordance with the Estates, to give a constitution to His people, and lead us into a new chapter of Hungarian history.;;;;;;;;;;;;;
tizenket_pont_title;The Twelve Points;;;;;;;;;;;;;
tizenket_pont_desc;'Kivanjuk a sajto szabadsagat, a cenzura eltorleset!' 'We demand the freedom of the press, and the abolition of censorship!' The first of twelve demands drafted by Mor Jokai and Sandor Petofi, two young poets, during the 1848 Revolution of Pest. In accordance with the mood of the times, we should enact more liberal press and voting rights to appease our rising middle class.;;;;;;;;;;;;;
dalmatian_patrimony_title;The Dalmatian Coast;;;;;;;;;;;;;
dalmatian_patrimony_desc;After King Laszlo I conquered Croatia and and formed a personal union with its crown, the Dalmatian Coast spent centuries in the Hungarian sphere of influence, though constantly contested by the Byzantines and the Venetians. Unfortunately, the Ottoman invasion separated these lands from Hungary, and the Austrian administration did not restore them. With our influence growing in the region, we can once more assert our claims.;;;;;;;;;;;;;
king_of_rama_title;King of Rama;;;;;;;;;;;;;
king_of_rama_desc;Hungary has always looked to the south for room to expand, and Bosnia is a tempting target. The medieval kings of Hungary sometimes held direct or indirect control over the region, and even adopted the title 'King of Rama', referring to a river in Bosnia's south. With the coming of the Ottomans those lands were lost, but now we have the power to revive the title and reclaim the land.;;;;;;;;;;;;;
king_of_galicia_title;King of Galicia;;;;;;;;;;;;;
king_of_galicia_desc;In the middle ages Hungary's control sometimes extended well into Ruthenia. King Andrew II ruled the region centered on the cities of Galych and Volodymyr, and added to his title the style, 'King of Galicia and Lodomeria'. Indeed, it is through Hungary's claims on Galicia that the Austrian emperors justified their annexation of the region in the First Partition of Poland. Now we have the power to revive the title and reclaim the land.;;;;;;;;;;;;;
croatian_compromise_title;The Croatian Compromise;;;;;;;;;;;;;
croatian_compromise_desc;Inspired by the Austro-Hungarian Compromise enacted the year before, the Croatian-Hungarian Settlement acknowledged the long-standing autonomy of Croatia within Hungary. It allowed the formation of a Croatian Parliament and gave seats to Croatian MPs in Budapest. With this compromise, we recognize Croatians as full citizens of our state.;;;;;;;;;;;;;
buda_pest_title;Budapest;;;;;;;;;;;;;
buda_pest_desc;Buda and Pest were originally two separate cities on the two banks of the Danube, with Buda being Hungary's political capital and Pest an industrial and economic center. The two cities eventually grew together and were connected by a railroad bridge, which led to their legal unification and renaming as Budapest in 1873.;;;;;;;;;;;;;
hungarian_slovakia_title;Hungarian Slovakia;;;;;;;;;;;;;
hungarian_slovakia_desc;Now that Slovakia has been recovered, proper Hungarian names can be restored to the land.;;;;;;;;;;;;;
hungarian_north_transylvania_title;Hungarian North Transylvania;;;;;;;;;;;;;
hungarian_north_transylvania_desc;Now that North Transylvania has been recovered, proper Hungarian names can be restored to the land.;;;;;;;;;;;;;
hungarian_south_transylvania_title;Hungarian South Transylvania;;;;;;;;;;;;;
hungarian_south_transylvania_desc;Now that South Transylvania has been recovered, proper Hungarian names can be restored to the land.;;;;;;;;;;;;;
hungarian_banat_title;Hungarian Banat;;;;;;;;;;;;;
hungarian_banat_desc;Now that Banat has been recovered, proper Hungarian names can be restored to the land.;;;;;;;;;;;;;
serbian_vojvodina_title;Serbian Vojvodina;;;;;;;;;;;;;
serbian_vojvodina_desc;Now that Vojvodina has gained its freedom, proper Serbian names can be restored to the land.;;;;;;;;;;;;;
hungarian_vojvodina_title;Hungarian Vojvodina;;;;;;;;;;;;;
hungarian_vojvodina_desc;Now that Vojvodina has been recovered, proper Hungarian names can be restored to the land.;;;;;;;;;;;;;
poznan_recognized_title;Grater Poland Recognized;;;;;;;;;;;;;
poznan_recognized_desc;The Vienna Congress established the Grand Duchy of Posen as an autonomous region, guaranteed to retain its Polish identity and be ruled separately from Prussia proper. Now that the region is back under Polish control, Prussia has no further claim to sovereignty and must recognize Greater Poland's independence.;;;;;;;;;;;;;
greater_PLC_title;Greater Poland-Lithuania;;;;;;;;;;;;;
greater_PLC_desc;Our nation has become influential enough to stake a credible claim to all of the lands once ruled by the Commonwealth. Let us restore Poland-Lithuania!;;;;;;;;;;;;;
polish_jews_title;Polish Jews;;;;;;;;;;;;;
polish_jews_desc;Since the Middle Ages Poland has been the home and refuge of Europe's Jews. Now that Poland is reborn, it shall again be a beacon of tolerance and inclusion.;;;;;;;;;;;;;
reinstate_ken_title;Reinstate the Commission of National Education;;;;;;;;;;;;;
reinstate_ken_desc;Formed in the late years of the Polish-Lithuanian Commonwealth, the Commission of National Education was Europe's first public education ministry. Though the Commonwealth ended not long thereafter, the Commission can now be re-established to see to the literacy and education of our nation.;;;;;;;;;;;;;
2nd_treaty_of_hadiach_title;Second Treaty of Hadiach;;;;;;;;;;;;;
2nd_treaty_of_hadiach_desc;At the peak of old Poland-Lithuania's powers, it almost signed a treaty to make the Ruthenians a third equal nation within the Commonwealth. We should resurrect this idea and give equal political rights and representation to our eastern regions.;;;;;;;;;;;;;
poland_reconcile_austria_title;Reconcile with Austria;;;;;;;;;;;;;
poland_reconcile_austria_desc;Now that we have liberated Galicia-Lodomeria from Austria, we could try to resolve any remaining territorial claims and develop a new alliance between our nations. They could make a powerful ally against Prussia or Russia, our mutual rivals. If they agree to bury our conflicts, this could be the beginning of a new geopolitical strategy.;;;;;;;;;;;;;
create_german_baltic_states_title;Create the Baltic States;;;;;;;;;;;;;
create_german_baltic_states_desc;Uniting the Baltic nations under a single flag, as a puppet to our nation, will make for a much stronger ally.;;;;;;;;;;;;;
polish_poznan_title;Polish Poznan;;;;;;;;;;;;;
polish_poznan_desc;Now that Poznan has gained its freedom, proper Polish names can be restored to the land.;;;;;;;;;;;;;
german_posen_title;German Posen;;;;;;;;;;;;;
german_posen_desc;Now that Posen has been recovered, proper German names can be restored to the land.;;;;;;;;;;;;;
polish_opole_title;Polish Opole;;;;;;;;;;;;;
polish_opole_desc;Now that Opole has gained its freedom, proper Polish names can be restored to the land.;;;;;;;;;;;;;
german_oppeln_title;German Oppeln;;;;;;;;;;;;;
german_oppeln_desc;Now that Oppeln has been recovered, proper German names can be restored to the land.;;;;;;;;;;;;;
polish_pomerelia_title;Polish Pomerelia;;;;;;;;;;;;;
polish_pomerelia_desc;Now that Pomerelia has gained its freedom, proper Polish names can be restored to the land.;;;;;;;;;;;;;
german_west_prussia_title;German West Prussia;;;;;;;;;;;;;
german_west_prussia_desc;Now that West Prussia has been recovered, proper German names can be restored to the land.;;;;;;;;;;;;;
polish_gdansk_title;Polish Gdansk;;;;;;;;;;;;;
polish_gdansk_desc;Now that Gdansk has gained its freedom, proper Polish names can be restored to the land.;;;;;;;;;;;;;
german_danzig_title;German Danzig;;;;;;;;;;;;;
german_danzig_desc;Now that Danzig has been recovered, proper German names can be restored to the land.;;;;;;;;;;;;;
polish_masuria_title;Polish Masuria;;;;;;;;;;;;;
polish_masuria_desc;Now that Masuria has gained its freedom, proper Polish names can be restored to the land.;;;;;;;;;;;;;
german_allenstein_title;German Allenstein;;;;;;;;;;;;;
german_allenstein_desc;Now that Allenstein has been recovered, proper German names can be restored to the land.;;;;;;;;;;;;;
polish_cieszyn_title;Polish Cieszyn;;;;;;;;;;;;;
polish_cieszyn_desc;Now that Cieszyn has gained its freedom, proper Polish names can be restored to the land.;;;;;;;;;;;;;
polish_bielsko_title;Polish Bielsko;;;;;;;;;;;;;
polish_bielsko_desc;Now that Bielsko has gained its freedom, proper Polish names can be restored to the land.;;;;;;;;;;;;;
polish_podlasie_title;Polish Podlasie;;;;;;;;;;;;;
polish_podlasie_desc;Now that Podlasie has gained its freedom, proper Polish names can be restored to the land.;;;;;;;;;;;;;
polish_wilno_title;Polish Wilno;;;;;;;;;;;;;
polish_wilno_desc;Now that Wilno has gained its freedom, proper Polish names can be restored to the land.;;;;;;;;;;;;;
lithuanian_vilnius_title;Lithuanian Vilnius;;;;;;;;;;;;;
lithuanian_vilnius_desc;Now that Vilnius has gained its freedom, proper Lithuanian names can be restored to the land.;;;;;;;;;;;;;
lithuanian_kaunas_title;Lithuanian Kaunas;;;;;;;;;;;;;
lithuanian_kaunas_desc;Now that Kaunas has gained its freedom, proper Lithuanian names can be restored to the land.;;;;;;;;;;;;;
latvian_courland_title;Latvian Courland;;;;;;;;;;;;;
latvian_courland_desc;Now that Courland has gained its freedom, proper Latvian names can be restored to the land.;;;;;;;;;;;;;
latvian_livonia_title;Latvian Livonia;;;;;;;;;;;;;
latvian_livonia_desc;Now that Livonia has gained its freedom, proper Latvian names can be restored to the land.;;;;;;;;;;;;;
rename_malvinas_title;Las Malvinas son Argentinas;;;;Las Malvinas son Argentinas;;;;;;;;;
rename_malvinas_desc;We have finally liberated the Islas Malvinas from British rule. We can now insist upon their proper name!;;;;;;;;;;;;;
restore_falkland_title;Restore Falkland Islands;;;;;;;;;;;;;
restore_falkland_desc;Now that we have liberated the Falkland Islands, we can correct their name on the maps.;;;;;;;;;;;;;
become_antillean_confederation_title;Become Antillean Confederation;;;;;;;;;;;;;
become_antillean_confederation_desc;The nations of the former Spanish Caribbean share a language, a culture, a surrounding sea, and an historical legacy. We should move to unite our islands under an Antillean Confederation, and enter a new era together.;;;;;;;;;;;;;
manifest_destiny_title;Manifest Destiny;Destin manifeste;Manifest Destiny;;Destino manifiesto;;;;;;;;;
manifest_destiny_notx_title;Manifest Destiny;Destin manifeste;Manifest Destiny;;Destino manifiesto;;;;;;;;;
manifest_destiny_notx_desc;To bring civilization from sea to shining sea has always been the grand mission of our great republic. Let the Eagle spread its wings.;Civiliser l'Ouest a toujours é la mission ultime de notre grande république. Que l'aigle déploie ses ailes !;Die hehre Mission unserer großen Republik war schon immer, die Zivilisation von Küste zu Küste zu verbreiten. Lasst den Adler seine Schwingen ausbreiten.;;Llevar la civilización de costa a costa ha sido siempre la gran misión de nuestra noble república. Que el águila despliegue sus alas.;;;;;;;;;
2nd_ostend_manifesto_title;Second Ostend Manifesto;;;;;;;;;;;;;
2nd_ostend_manifesto_desc;The Confederacy must seek other slave-holding lands to expand into--- and the natural first choice is Cuba. We should contact the island's colonial masters about purchasing Cuba from them.;;;;;;;;;;;;;
annex_dominican_republic_title;Annex Dominican Republic;;;;;;;;;;;;;
annex_dominican_republic_desc;Hispaniola belongs with the Confederacy. Our diplomatic influence in the Dominican Republic ensures that a petition for statehood can be arranged.;;;;;;;;;;;;;
enslave_freedmen_title;Enslave Freedmen;;;;;;;;;;;;;
enslave_freedmen_desc;Our population includes freedmen, former slaves who have obtained their freedom, whether through extraordinary service or the generosity of their masters. For the stability of our social institutions, they could be re-enslaved and their property seized. Doing so would attract the scorn of the international community.;;;;;;;;;;;;;
reinstate_atlantic_slave_trade_title;Reinstate the Atlantic Slave Trade;;;;;;;;;;;;;
reinstate_atlantic_slave_trade_desc;$COUNTRY_ADJ$ strength is now sufficient to challenge the Great Powers. European abolitionists have tried to deny our right to import slaves from the African coasts, but today we can overturn the laws that banished the slave trade and allow our country to prosper as never before.;;;;;;;;;;;;;
push_into_anatolia_title;Push into Anatolia;;;;;;;;;;;;;
push_into_anatolia_desc;The Empire once again has risen from the ashes like a graceful phoenix. It's time to reclaim what is rightfully ours and restore the Empire to its former glory. And the best place to start would be driving the accursed Turks away from Anatolia and return it to Christian hands once and for all.;;;;;;;;;;;;;
reclaim_armenia_title;Reclaim Armenia;;;;;;;;;;;;;
reclaim_armenia_desc;Now that Anatolia is free from Turkish grasp, we can set our sight on our old territories beyond that. Armenia was one of the old border regions protecting us from Persia and its time to return it under the wings of the Phoenix.;;;;;;;;;;;;;
reclaim_levant_title;Reclaim Levant;;;;;;;;;;;;;
reclaim_levant_desc;Even though Anatolia is back in our hands the Turks still hold key territories in the Levant. The ancient provinces of Syria and Palestina are rightfully ours as the successors of Rome.;;;;;;;;;;;;;
reclaim_egypt_title;Reclaim Egypt;;;;;;;;;;;;;
reclaim_egypt_desc;The Levant along with the city of Jerusalem are once again in Christian hands. This has opened a path towards another one of the ancient provinces of Rome - Aegyptus. Though being held by Muslims at this time, it's not for long. Nothing can stop us from restoring the Roman Empire!;;;;;;;;;;;;;
reclaim_cyrenaica_title;Reclaim Cyrenaica;;;;;;;;;;;;;
reclaim_cyrenaica_desc;Now that Aegyptus has been returned it has become a base of operations in Africa. Our first move from this position will be into Cyrenaica to extend our Empire along the coast of the Dark Continent.;;;;;;;;;;;;;
reclaim_tripolitania_title;Reclaim Tripolitania;;;;;;;;;;;;;
reclaim_tripolitania_desc;We must continue our march along the coast of Africa through Tripolitania, another province of Rome.;;;;;;;;;;;;;
expand_into_mesopotamia_title;Expand into Mesopotamia;;;;;;;;;;;;;
expand_into_mesopotamia_desc;South of Armenia and East of Syria lie the Two rivers - Tigris and Euphrates, the ancient territory of Assyria, later, though shortly, a province of Rome. This land may prove helpful in the future for its richness.;;;;;;;;;;;;;
reclaim_tunisia_title;Reclaim Tunisia;;;;;;;;;;;;;
reclaim_tunisia_desc;We have arrived on the borders of Rome's former enemy, Carthage. The state itself is history but to ensure that people of Rome remember its past victories, we must reconquer it and show the whole world that Rome's restoration is inevitable.;;;;;;;;;;;;;
reclaim_moesia_title;Reclaim Moesia;;;;;;;;;;;;;
reclaim_moesia_desc;Even before the arrival of the Turks the province of Moesia was a region of tension between East Rome and Bulgaria. After the Turks came, our hold on Moesia was completely lost. Now that we are slowly regaining control of our lost provinces, the time has come to return the Balkans under one flag, starting with Moesia.;;;;;;;;;;;;;
reclaim_south_illyria_title;Reclaim South Illyria;;;;;;;;;;;;;
reclaim_south_illyria_desc;The East Balkans are once again in our control and it's time to march West. The province of Illyria is quite big and will require time to return, but a good start would be to take Albania and Serbia back to create a path further North.;;;;;;;;;;;;;
reclaim_north_illyria_title;Reclaim North Illyria;;;;;;;;;;;;;
reclaim_north_illyria_desc;It's time to move North to finish our reconquest of Illyria. There's still much to recover but our destiny awaits us!;;;;;;;;;;;;;
accept_turks_title;Accept the Turks;;;;;;;;;;;;;
accept_turks_desc;Our experience has proven that the Turks are too many and we won't be able to simply get rid of them. The appropriate course of action would be to give them some privileges in our Empire so as to prevent any future possible nationalist rebellion and discontent.;;;;;;;;;;;;;
assimilate_turks_title;Begin assimilating the Turks;;;;;;;;;;;;;
assimilate_turks_desc;It pains us to see once Greek Anatolia infested with ethnicities from Central Asia. We have come up with some policies of assimilation to reduce the number of these foreign cultures even though they will never be considered truly Greek.;;;;;;;;;;;;;
hypodermic_injection;Hypodermic Injection (+);;;;;;;;;;;;;
hypodermic_injection_desc;In the 1840s physicians interested in safe ways to administer small amounts of potent medications such as opiates and strychnine experimented with injection through the skin using hollow needles. Doctors found that an injection beneath the skin anywhere on a patient's body could produce effects elsewhere, as the blood carried the medication throughout the body. Syringes with glass walls were soon developed, so that the amount of liquid within the syringe could be seen from the outside.;;;;;;;;;;;;;
aspirin;Aspirin;;;;;;;;;;;;;
aspirin_desc;Since antiquity people have used preparations of willow bark and other salicylate-rich plants to reduce pain and inflammation. In the 1800s chemists began exploring related compounds in the hope of finding one with similar medicinal properties but fewer side effects. German chemists eventually developed reliable methods of synthesizing acetylsalicylic acid, a salicylate derivative that the Bayer corporation trademarked as "Aspirin." It soon became one of the most-used medications in the world, and a cornerstone of modern medical care.;;;;;;;;;;;;;
simon_bolivar;Simon Bolivar;;;;;;;;;;;;;
simon_bolivar_desc;The Liberator of Spanish America, Bolivar is determined to see all of the New World freed from European tyranny.;;;;;;;;;;;;;
eleftherios_venizelos;Eleftherios Venizelos;;;;;;;;;;;;;
eleftherios_venizelos_desc;Our current Prime Minister, Venizelos, is a remarkable statesman who is determined to restore the Greek nation to its former greatness.;;;;;;;;;;;;;
mississippi_floods;Mississippi River Floods;;;;;;;;;;;;;
freedmen_enslaved;Freedmen Enslaved;;;;;;;;;;;;;
freedmen_enslaved_desc;We have recently seized and enslaved freedmen living in our country.;;;;;;;;;;;;;
balkan_nationalism;Minority Nationalism;;;;;;;;;;;;;
balkan_nationalism_desc;The nations ruled by our empire are agitating for independence.;;;;;;;;;;;;;
treaty_refused;Treaty Refused;;;;;;;;;;;;;
treaty_refused_desc;The government is not interested in negotiations, for the moment.;;;;;;;;;;;;;
wallingants;Wallingants;;;;;;;;;;;;;
no_navy;No Navy;;;;;;;;;;;;;
no_navy_desc;Without a navy, our nation has no way to project influence beyond its immediate neighbors.;;;;;;;;;;;;;
respectable_navy;Respectable Navy;;;;;;;;;;;;;
respectable_navy_desc;Our nation's navy is sufficient to make our presence felt in far-off lands.;;;;;;;;;;;;;
grand_navy;Grand Navy;;;;;;;;;;;;;
grand_navy_desc;Our nation's navy is admired and feared around the world!;;;;;;;;;;;;;
city_state;City-State;;;;;;;;;;;;;
city_state_desc;With only one major city under our rule, our nation is easily overlooked.;;;;;;;;;;;;;
small_nation_desc;Our nation governs less territory than most.;;;;;;;;;;;;;
social_development_focus;Social Development;;;;;;;;;;;;;
assimilation_focus;Encourage Minority Assimilation;;;;;;;;;;;;;
NORMAL_WAR_CONQUEST_NAME_BRZ_URU;$ORDER$ Cisplatine War;;;;;;;;;;;;;
AGRESSION_WAR_CONQUEST_NAME_BRZ_URU;$ORDER$ Cisplatine War;;;;;;;;;;;;;
NORMAL_WAR_RESTORE_ORDER_NAME_BRZ_URU;$ORDER$ Cisplatine War;;;;;;;;;;;;;
AGRESSION_WAR_RESTORE_ORDER_NAME_BRZ_URU;$ORDER$ Cisplatine War;;;;;;;;;;;;;
NORMAL_CUT_DOWN_TO_SIZE_WAR_NAME_ENG_BUR;$ORDER$ Anglo-Burmese War;;;;;;;;;;;;;
AGRESSION_CUT_DOWN_TO_SIZE_WAR_NAME_ENG_BUR;$ORDER$ Anglo-Burmese War;;;;;;;;;;;;;
east_indian_unification;Unite East Indies;;;;;;;;;;;;;
east_indian_unification_desc;Acquire an East Indian §Ystate§W to unite the region;;;;;;;;;;;;;
east_indian_unification_short;Acquire $STATE$;;;;;;;;;;;;;
east_indian_unification_setup;Acquire $STATE$ from $RECIPIENT$;;;;;;;;;;;;;
east_indian_unification_annex;Unite East Indies;;;;;;;;;;;;;
east_indian_unification_annex_desc;Annex an East Indian §Ynation§W to unite the region;;;;;;;;;;;;;
east_indian_unification_annex_short;Annex $RECIPIENT$;;;;;;;;;;;;;
east_indian_unification_annex_setup;Annex $RECIPIENT$;;;;;;;;;;;;;
EVTNAME11125;An Antillean Confederation;;;;;;;;;;;;;
EVTDESC11125;It_seems_that_a_few_of_the_smaller_Caribbean_nations_under_our_influence_have_determined_to_form_a_confederation._This_should_simplify_our_diplomacy_with_the_region,_if_nothing_else.;;;;;;;;;;;;;
EVTNAME16005;The First Shot;;;;;;;;;;;;;
EVTDESC16005;After_seceding_from_the_Union,_state_governments_in_the_South_seized_all_federal_property_within_their_territories,_including_courthouses,_mints,_and_military_fortifications._At_first_loyalist_soldiers_in_the_seceded_territories_were_ordered_to_offer_no_resistance,_but_the_two_sides_chose_to_test_each_other's_determination_at_Fort_Sumter_in_Charleston_Harbor._The_Union_garrison_refused_to_leave_peacefully,_and_in_the_end_the_Confederate_army_bombarded_the_island_until_the_greatly_outnumbered_garrison_was_forced_to_surrender_the_facility._Hearing_that_Southerners_had_fired_upon_Union_troops,_the_government_in_the_North_declared_the_attack_an_act_of_war_and_began_mobilizing_its_armies.;;;;;;;;;;;;;
EVTNAME16350;The Trent Affair;;;;;;;;;;;;;
EVTDESC16350;Two_Confederate_diplomats,_hoping_to_establish_good_relations_with_$COUNTRY$,_are_aboard_the_HMS_Trent._We_have_just_received_word,_however,_that_the_American_warship_San_Jacinto_has_intercepted_the_Trent_and_taken_the_diplomats_prisoner._This_can_be_seen_as_an_act_of_war_on_British_territory,_and_many_are_calling_for_an_American_apology_and_reparations_for_this_insult.;;;;;;;;;;;;;
EVTDESC16351;The_British_vessel_HMS_Trent_was_transporting_two_Confederate_diplomats_to_Britain_and_France,_where_they_would_attempt_to_involve_them_on_the_Confederate_side_in_this_war._The_Trent_was_intercepted,_however,_by_one_of_our_warships,_the_USS_San_Jacinto,_and_the_Confederate_diplomats_arrested._This_has_offended_the_British,_who_are_demanding_an_apology_from_our_officials_and_the_immediate_release_of_the_diplomats._British_forces_have_begun_making_isolated_showings_of_force_along_the_Canadian_border.;;;;;;;;;;;;;
EVTDESC16352;Delegates_from_the_United_States_have_apologized_and_released_the_two_Confederate_envoys_into_British_care._They_made_several_demonstrations_that_they_would_not_interfere_with_British_shipping_in_any_way_in_the_future,_and_our_own_officials_came_back_quite_pleased_with_the_meeting._Of_course,_at_this_point_we_certainly_cannot_join_the_Confederates,_or_offer_them_any_support,_in_light_of_tense_Anglo-American_relations_as_a_result_of_the_Trent_affair.;;;;;;;;;;;;;
EVTDESC16353;The_United_States_has_begun_to_position_troops_along_its_border_with_our_colony_in_Canada,_making_it_clear_that_they_will_not_back_down._Official_delegates_from_the_United_States_government_declare_that_what_they_did_was_only_an_act_of_war_against_the_Confederates,_but_if_British_diplomats_press_the_Trent_issue,_then_the_Union_will_consider_Britain_on_the_side_of_the_Confederate_secessionists,_and_react_accordingly._It_seems_that_there_is_no_choice_now_but_war.;;;;;;;;;;;;;
EVTDESC16354;A_Unionist_warship_commandeered_a_British_vessel,_the_HMS_Trent,_in_order_to_arrest_two_of_our_diplomats_who_were_crossing_the_Atlantic_to_petition_European_governments_for_support._There_briefly_seemed_to_be_some_hope_of_escalation_into_outright_war_between_the_Union_and_the_British,_but_it_seems_Washington_has_backed_down,_and_the_British_will_remain_neutral.;;;;;;;;;;;;;
EVTDESC16355;A_Union_warship_commandeered_a_British_vessel,_the_Trent,_in_order_to_arrest_two_of_our_diplomats_who_were_crossing_the_Atlantic_to_petition_European_governments_for_support._The_British,_it_seems,_have_taken_this_as_an_act_of_war,_and_British_forces_are_even_now_advancing_toward_the_Canadian_frontier._It_seems_the_Union_will_now_be_fighting_two_wars!;;;;;;;;;;;;;
EVTNAME16405;Manifest Destiny;;;;;;;;;;;;;
EVTDESC16405;Since_it_is_the_United_States'_self-evident_destiny_to_extend_from_the_Atlantic_to_the_Pacific,_the_only_unsettled_detail_is_the_proper_latitude_for_our_southern_frontier._Our_control_of_Texas_suggests_that_a_natural_border_might_run_more_or_less_westward_from_the_source_of_the_Rio_Grande_to_the_dividing_line_between_Upper_and_Lower_California._However,_some_expansionists_say_that_the_border_should_be_drawn_from_the_mouth_of_the_Rio_Grande_westward,_claiming_all_of_California_together_with_the_deserts_of_Sonora_and_Chihuahua._Where_does_America's_destiny_lie?;;;;;;;;;;;;;
EVTDESC16406;Since_it_is_the_United_States'_self-evident_destiny_to_extend_from_the_Atlantic_to_the_Pacific,_the_only_unsettled_detail_is_the_proper_latitude_for_our_southern_frontier._Our_existing_claims_suggests_that_a_natural_border_might_run_more_or_less_westward_from_the_southern_border_of_Kansas_to_the_coast_of_California._However,_some_expansionists_say_that_the_border_should_be_drawn_along_the_Rio_Grande_and_westward_from_its_source_to_the_dividing_line_between_Upper_and_Lower_California,_claiming_all_of_Texas_and_Nuevo_Mexico._Where_does_America's_destiny_lie?;;;;;;;;;;;;;
EVTNAME16600;The Obsolescence of Slavery;;;;;;;;;;;;;
EVTDESC16600;With_the_dawn_of_the_twentieth_century,_slavery_in_developed_countries_is_fading_away_in_the_face_of_modern_industry._Only_fifty_years_ago_$COUNTRY$'s_strength_was_been_built_on_the_backs_of_our_slaves,_but_as_tractors,_automobiles,_trains_and_other_machines_begin_to_replace_mass_labor_we_are_faced_with_a_choice._Will_we_cling_to_our_agrarian_slave_system_to_the_detriment_of_industrial_development,_or_will_we_join_the_march_of_progress_and_free_ourselves_from_the_shackles_of_the_slave_economy?_Just_as_two_generations_ago_a_great_house_was_divided,_so_now_$COUNTRY$_must_become_all_one_thing,_or_all_the_other:_a_nation_of_freedom_and_industry,_or_a_nation_of_chains_and_agriculture._Which_will_it_be?;;;;;;;;;;;;;
EVTNAME16601;Newly Arrived Slaves;;;;;;;;;;;;;
EVTDESC16601;The_black_ships_from_Africa_have_come_in,_and_we've_received_more_slaves_for_our_nation!;;;;;;;;;;;;;
EVTNAME16602;Slave Trade Ended!;;;;;;;;;;;;;
EVTDESC16602;The_nation_leading_the_renewed_Atlantic_slave_market_has_lost_the_wherewithal_to_maintain_the_trade._We_will_not_be_able_to_continue_importing_slaves_in_the_face_of_international_disapproval_without_their_patronage.;;;;;;;;;;;;;
EVTNAME16603;Mass Labor Outlawed!;;;;;;;;;;;;;
EVTDESC16603;Once_we_may_have_made_slavery_the_heart_of_our_economy,_but_those_times_have_passed._The_time_of_mass_labor_and_the_slave_trade_is_over,_and_we_now_sever_all_our_attachments_to_those_detestable_pieces_of_our_history.;;;;;;;;;;;;;
EVTNAME16604;An End to the Slave Trade;;;;;;;;;;;;;
EVTDESC16604;With_the_abolition_of_slavery_in_our_country,_so_too_will_we_do_our_part_to_end_the_world's_slave_trade.;;;;;;;;;;;;;
EVTNAME16605;Freedom for Colored Regiments?;;;;;;;;;;;;;
EVTDESC16605;Slave_conscripts_formed_colored_regiments_to_defend_$COUNTRY$_in_our_recent_war._They_were_promised_their_freedom_in_return_for_their_military_service,_and_the_time_has_come_to_honor_that_promise..._or_to_renege._Will_they_have_their_freedom?;;;;;;;;;;;;;
EVTNAME16610;A Black Abolitionist;;;;;;;;;;;;;
EVTDESC16610;A_free_man_of_black_ancestry_has_given_a_speech_at_a_national_university._Many_were_impressed_by_his_eloquence_and_the_clarity_of_his_arguments_against_slavery,_asking_how_it_is_that_'in_a_land_of_freedom,_we_celebrate_the_sight_of_a_man_in_chains.'_He_could_become_a_major_force_in_the_cause_of_abolitionism,_and_already_pro-slavery_politicians_have_demanded_that_his_speeches_be_censored.;;;;;;;;;;;;;
EVTNAME16611;A Progressive Society;;;;;;;;;;;;;
EVTDESC16611;A_number_of_respected_industrialists_have_formed_what_they_call_a_'Progressive_Society'_aimed_at_bringing_an_end_to_slavery_in_$COUNTRY$._They_argue_that_slavery,_while_natural_in_a_plantation-based_economic_model,_has_no_place_in_a_nation_attempting_to_industrialize_and_compete_in_the_modern_economy.;;;;;;;;;;;;;
EVTNAME16612;Marxist Slaves;;;;;;;;;;;;;
EVTDESC16612;In_the_plantation_fields,_'The_Internationale'_is_beginning_to_be_sung_as_loudly_and_frequently_as_the_old_slave_spirituals._A_number_of_literate_slaves_have_begun_spreading_the_socialist_philosophies_of_Marx_and_Engels_and_the_vision_of_a_world_without_social_classes._They_draw_a_parallel_between_the_plight_of_the_European_proletariat_and_that_of_the_$COUNTRY_ADJ$_slave_population._What_they_intend_should_be_obvious,_and_it_means_no_good_for_our_traditional_way_of_life.;;;;;;;;;;;;;
EVTNAME16650;The Passenger Elevator;;;;;;;;;;;;;
EVTDESC16650;In_1854,_Elisha_Otis_demonstrated_the_first_passenger-carrying_elevator,_an_invention_which_would_prove_invaluable_in_the_construction_of_modern,_multi-story_buildings.;;;;;;;;;;;;;
EVTNAME16651;The Greatest Show on Earth!;;;;;;;;;;;;;
EVTDESC16651;Legendary_showman_(and_con_artist)_P.T._Barnum_opened_his_first_three-ring_circus_in_1871,_beginning_a_circus_craze_that_would_last_well_into_the_20th_century._Of_course,_most_of_the_exhibits_and_curios_displayed_in_his_menageries_were_fakes,_but_that_didn't_stop_the_crowds_coming_to_see_them.;;;;;;;;;;;;;
EVTNAME16652;Standard Time Adopted;;;;;;;;;;;;;
EVTDESC16652;In_order_to_prevent_confusion_about_the_time_of_day_between_train_stations_along_the_length_of_our_railroad_networks,_we_will_adopt_a_system_of_standardized_timekeeping._The_nation_will_be_divided_up_into_a_series_of_"time_zones"_by_latitude,_and_all_stations_within_a_given_zone_will_keep_the_same_time,_regardless_of_the_local_solar_time._We_believe_this_system_will_be_adopted_by_other_industrial_countries_as_its_merits_become_apparent.;;;;;;;;;;;;;
EVTNAME16653;Ragtime and Jazz;;;;;;;;;;;;;
EVTDESC16653;Pioneered_by_performers_like_Scott_Joplin_and_Ernest_Hogan,_ragtime_is_a_genre_of_music_that_began_among_African-Americans_in_the_South._Afterwards_it_became_widely_known_and_widely_played_on_piano,_and_had_a_key_role_in_popularizing_new_music_recording_methods_and_the_later_genre_of_jazz.;;;;;;;;;;;;;
EVTNAME16654;The Blues;;;;;;;;;;;;;
EVTDESC16654;Blues_music,_like_ragtime_and_jazz_before_it,_was_first_played_and_composed_by_Afro-American_musicians_of_the_American_South._While_jazz_enjoyed_popularity_among_blacks_and_whites_in_the_1920s_and_1930s,_blues_was_mostly_relegated_to_black_listeners_until_after_the_Second_World_War._It_was_arguably_formed_as_a_musical_genre_in_1912_with_the_publishing_of_Hart_Wand's_"Dallas_Blues,"_but_has_its_roots_in_traditional_slave_songs_of_the_19th_century._Most_famously,_blues_later_became_the_bedrock_for_the_most_popular_musical_sensation_of_them_all:_rock_n'_roll.;;;;;;;;;;;;;
EVTNAME16655;Mardi Gras;;;;;;;;;;;;;
EVTDESC16655;New_Orleans_has_long_been_known_for_the_festival_of_Mardi_Gras,_a_Christian_cultural_celebration_taking_place_prior_to_the_Lent_season,_brought_to_the_area_by_French_Catholic_colonists._Generally_Mardi_Gras_is_just_a_single_day_of_feasting,_but_in_New_Orleans_the_colorful_and_energetic_Mardi_Gras_celebrations_can_last_for_several_days_or_more._Mardi_Gras_was_recognized_by_Louisiana_as_an_official_state_holiday_in_1875.;;;;;;;;;;;;;
EVTNAME16656;An American Centennial;;;;;;;;;;;;;
EVTDESC16656;One_hundred_years_ago,_the_Thirteen_Colonies_organized_and_began_their_rebellion_against_Britain,_forming_the_United_States_of_America_on_the_4th_of_July,_1776._We_have_seen_this_nation_through_good_times_and_bad,_but_by_God,_we_will_never_let_America_fall._From_now_until_the_end_of_time,_the_United_States_will_be_a_shining_name_in_the_pages_of_history,_a_beacon_of_freedom_and_democracy_in_the_world._Today_of_all_days,_we_truly_should_be_proud_to_be_Americans.;;;;;;;;;;;;;
EVTNAME16658;National Parks;;;;;;;;;;;;;
EVTDESC16658;In_order_to_conserve_the_raw_beauty_of_the_$COUNTRY_ADJ$_wilderness,_a_government_agency_has_been_created_to_oversee_and_manage_designated_regions_of_exceptional_splendor._This_National_Park_Service_will_prevent_the_natural_environment_from_being_unnecessarily_despoiled_and_will_preserve_the_true_beauty_of_the_wilderness---_for_$COUNTRY$,_her_people,_and_the_world.;;;;;;;;;;;;;
EVTNAME16660;Mississippi Flooding;;;;;;;;;;;;;
EVTDESC16660;Along_the_Missouri_River_and_the_Upper_Mississippi,_heavy_rainfall_and_inadequate_preparation_have_led_to_major_floods,_the_worst_in_decades._With_the_increasing_population_of_$COUNTRY$_especially_in_the_areas_around_the_Mississippi_and_its_tributaries,_it_is_becoming_increasingly_important_to_develop_a_set_of_levees_and_ditches_to_prevent_high_water_from_wiping_out_whole_towns.;;;;;;;;;;;;;
EVTDESC16661;Recalling_last_decade's_horrendous_floods_along_the_Upper_Mississippi,_there_has_been_another_year_of_extraordinary_rain_and_subsequent_floods_along_the_very_same_Mississippi_River._We_had_made_sure_riverside_towns_were_prepared_for_any_threat_of_flooding,_but_this_time_the_floods_hit_mostly_rural_areas_and_new_colonial_towns,_which_hadn't_yet_managed_to_establish_systems_of_levees_to_cope_with_rising_water_levels.;;;;;;;;;;;;;
EVTDESC16662;The_worst_floods_yet_have_hit_many_of_our_cities_along_the_Mississippi_and_its_tributaries,_overwhelming_even_our_painstakingly_built_levees_and_ditches._We_begin_to_wonder_whether_modern_technology_can_truly_protect_us_from_nature's_fury._Perhaps_we_can_only_pray_that_a_disaster_of_this_scale_never_again_strikes_our_country.;;;;;;;;;;;;;
EVTNAME22240;An Austro-Polish Alliance?;;;;;;;;;;;;;
EVTDESC22240;$FROMCOUNTRY$_is_now_a_rising_power_in_central_Europe,_and_$COUNTRY$_has_lost_the_Polish_lands_it_once_ruled._Rather_than_begrudge_that_loss_forever,_we_could_accept_the_new_reality_and_make_the_best_of_our_new_strategic_situation._By_resolving_our_few_remaining_overlapping_claims,_we_could_lay_the_foundation_for_a_strong_new_alliance_between_ourselves_and_$FROMCOUNTRY$._Indeed,_such_an_alliance_could_prove_crucial_in_both_nations'_conflicts_with_our_mutual_neighbors_and_rivals,_Russia_and_Prussia._Shall_we_begin_a_new_chapter_in_Austro-Polish_relations,_or_keep_our_sights_fixed_on_the_past?;;;;;;;;;;;;;
EVTNAME31110;Our Crimean Vassal;;;;;;;;;;;;;
EVTDESC31110;The_Crimean_Khanate_has_been_liberated_from_Russian_control,_and_the_Giray_Khan_is_reinstated._Crimea_is_once_again_an_Ottoman_vassal,_and_a_bulwark_against_Russian_aggression_from_the_north.;;;;;;;;;;;;;
EVTNAME31111;Defeat in Crimea;;;;;;;;;;;;;
EVTDESC31111;We_were_unable_to_restore_the_Crimean_Khanate's_independence,_and_now_the_international_community_will_laugh_our_claims_away._It_seems_that_we_will_have_to_share_the_Black_Sea,_after_all.;;;;;;;;;;;;;
EVTNAME31200;The Fate of Greece;;;;;;;;;;;;;
EVTDESC31200;With_the_Ottomans_defeated_and_the_Balkans_at_peace,_the_Powers_must_now_decide_the_fate_of_the_new_Greek_state:_what_should_its_status_be_with_respect_to_the_Ottoman_Empire,_and_where_should_its_borders_be_drawn?_Representatives_of_the_Great_Powers_have_suggested_that_a_conference_might_be_held_in_$CAPITAL$_where_diplomats_could_discuss_the_future_of_Greece_and_determine_the_best_way_to_preserve_Europe's_balance_of_power.;;;;;;;;;;;;;
EVTDESC31204;After_weeks_of_negotiations,_the_conference_of_diplomats_in_$CAPITAL$_has_reached_a_conclusion:_Greece_must_be_made_strong.\n\nThe_Powers_agree_that_a_Greek_state_should_be_established_with_enough_territory_and_population_to_defend_its_independence._It_will_rule_southern_and_central_Greece_and_some_Aegean_islands._The_Empire's_other_predominantly_Greek_territories_will_remain_under_direct_Ottoman_rule._The_conference's_other_participants_now_await_the_response_from_the_Ottoman_delegate,_who_must_surely_be_disappointed.;;;;;;;;;;;;;
EVTNAME31205;The Treaty of Constantinople;;;;;;;;;;;;;
EVTDESC31205;After_weeks_of_negotiations,_a_conference_of_diplomats_in_the_$FROMCOUNTRY_ADJ$_capital_has_reached_a_conclusion:_Greece_must_remain_under_Ottoman_suzerainty._A_treaty_formalizing_the_result_is_being_signed_in_the_Ottoman_capital.\n\nThe_Powers_agree_that_Greece_must_bow_to_Ottoman_rule._The_most_rebellious_regions_in_southern_Greece_will_be_given_an_autonomous_government,_along_the_same_lines_as_the_Romanian_principalities_along_the_Danube._The_Empire's_other_predominantly_Greek_territories_will_remain_under_direct_Ottoman_rule.;;;;;;;;;;;;;
EVTDESC31206;After_weeks_of_negotiations,_a_conference_of_diplomats_in_the_$FROMCOUNTRY_ADJ$_capital_has_reached_a_conclusion:_Greece_must_have_its_independence._A_treaty_formalizing_the_result_is_being_signed_in_the_Ottoman_capital.\n\nThe_Powers_agree_that_a_sovereign_Greek_state_should_be_established._It_will_rule_southern_Greece_and_some_western_Aegean_islands,_but_its_territory_will_be_kept_small._The_Empire's_other_predominantly_Greek_territories_will_remain_under_direct_Ottoman_rule.;;;;;;;;;;;;;
EVTDESC31207;After_weeks_of_negotiations,_a_conference_of_diplomats_in_the_$FROMCOUNTRY_ADJ$_capital_has_reached_a_conclusion:_Greece_must_be_made_strong._A_treaty_formalizing_the_result_is_being_signed_in_the_Ottoman_capital.\n\nThe_Powers_agree_that_a_Greek_state_should_be_established_with_enough_territory_and_population_to_defend_its_independence._It_will_rule_southern_and_central_Greece_and_some_Aegean_islands._The_Empire's_other_predominantly_Greek_territories_will_remain_under_direct_Ottoman_rule.;;;;;;;;;;;;;
EVTNAME31211;Greece Refuses!;;;;;;;;;;;;;
EVTDESC31211;Greece_has_defied_the_convention_and_refused_to_ratify_the_general_treaty_acknowledging_the_Ottoman_Empire's_suzerainty._They_insist_that_they_will_have_full_independence,_with_or_without_the_support_of_the_Powers.;;;;;;;;;;;;;
EVTDESC31212;Greece_has_defied_the_convention_and_refused_to_ratify_the_general_treaty_acknowledging_the_new_borders._They_insist_that_they_will_retain_control_of_all_the_territory_they_held_when_the_war_ended.;;;;;;;;;;;;;
EVTNAME31213;Ottoman Empire Refuses!;;;;;;;;;;;;;
EVTDESC31213;The_Ottoman_Empire_has_defied_the_convention_and_refused_to_ratify_the_general_treaty_acknowledging_the_new_borders._They_insist_that_they_will_retake_central_Greece,_with_or_without_the_support_of_the_other_Powers.;;;;;;;;;;;;;
EVTNAME31230;An Anatolian Treaty?;;;;;;;;;;;;;
EVTDESC31230;The_Greek_government_has_brought_us_an_interesting_proposal._Rather_than_insist_upon_unification_with_all_Greek-speaking_peoples_in_the_region,_their_government_now_offers_to_officially_renounce_its_claims_to_any_contested_territories_in_Anatolia._In_exchange,_they_would_expect_our_government_to_acknowledge_exclusive_Greek_sovereignty_in_their_Balkan_homelands._This_would_begin_a_new_chapter_in_Greco-Turkish_relations,_one_in_which_we_wouldn't_face_the_continual_prospect_of_war_with_each_other._Will_there_be_peace_in_our_time?;;;;;;;;;;;;;
EVTNAME31240;Imperial Pretensions Challenged;;;;;;;;;;;;;
EVTDESC31240;Our_waning_global_influence_is_leading_many_to_question_our_claims_to_the_legacy_of_the_Roman_Empire._Foreign_newspapers_are_once_again_referring_to_the_nation_as_"Greece,"_and_foreign_diplomats_are_coughing_into_their_sleeves_when_our_envoys_describe_themselves_as_"Romans."_We_should_consider_backing_down_from_our_imperial_claims_while_it_can_still_be_done_with_dignity.;;;;;;;;;;;;;
EVTNAME31250;Balkan Rebellions;;;;;;;;;;;;;
EVTDESC31250;Ali_Pasha,_our_governor_in_Epirus,_has_repudiated_the_authority_of_the_central_government_and_raised_his_fief_in_revolt._Even_as_our_forces_move_to_punish_his_impertinence,_Greek_nationalists_are_rising_up_in_the_Peloponnese_to_proclaim_their_independence_from_the_Empire._The_Greek_rebellion_is_spreading_into_central_Greece_and_southern_Macedonia,_and_the_islands_of_Crete_and_Cyprus_threaten_to_escape_our_control_completely._The_Empire_must_call_up_its_armies_and_crush_these_rebellions,_before_any_other_regional_governors_or_nationalities_are_tempted_to_follow_their_example.;;;;;;;;;;;;;
EVTNAME31251;Chaos in the Islands;;;;;;;;;;;;;
EVTDESC31251;Greek_nationalists_in_Crete_and_Cyprus_are_funding_and_supplying_the_rebellion_on_the_mainland,_and_some_rebels_have_even_sailed_to_Macedonia_to_join_the_fighting._Now_we_have_completely_lost_control_of_one_of_our_island_pashaliks,_and_an_unsavory_dilemma_faces_us.\n\nIf_we_do_nothing,_the_mainland_rebellion_will_be_strengthened._However,_The_Wali_of_Egypt,_our_ambitious_vassal,_could_likely_be_convinced_to_restore_order_in_the_islands..._if_he_were_then_made_governor_of_the_territory_in_question._Egyptian_intervention_would_eliminate_one_source_of_rebel_support_and_discourage_the_insurgents,_but_it_would_also_strengthen_a_vassal_whose_loyalty_is_already_suspect._Should_we_invite_Egypt_into_the_islands?;;;;;;;;;;;;;
EVTNAME31252;A Request from the Sultan;;;;;;;;;;;;;
EVTDESC31252;The_Greek_rebellion_has_taken_over_the_island_of_Crete._Now_the_Sultan_asks_Egypt_to_intervene_and_restore_order_in_the_island..._and_promises_to_allow_us_to_keep_control_of_any_lands_we_seize_from_the_rebels._We_might_prefer_to_see_the_rebellion_continue_to_weaken_our_overlord,_but_this_is_an_excellent_opportunity_to_gain_a_key_naval_base_without_drawing_the_ire_of_the_international_order._What_should_our_response_be?;;;;;;;;;;;;;
EVTDESC31253;The_Greek_rebellion_has_taken_over_the_island_of_Cyprus._Now_the_Sultan_asks_Egypt_to_intervene_and_restore_order_in_the_island..._and_promises_to_allow_us_to_keep_control_of_any_lands_we_seize_from_the_rebels._We_might_prefer_to_see_the_rebellion_continue_to_weaken_our_overlord,_but_this_is_an_excellent_opportunity_to_gain_a_key_naval_base_without_drawing_the_ire_of_the_international_order._What_should_our_response_be?;;;;;;;;;;;;;
EVTNAME31254;Egypt Accepts!;;;;;;;;;;;;;
EVTDESC31254;Egypt_has_greed_to_intervene_and_put_down_the_rebellion_in_the_islands._This_will_cut_a_source_of_materiel_and_fighters_for_the_Greeks_and_should_shorten_the_rebellion.;;;;;;;;;;;;;
EVTNAME31255;Egypt Refuses!;;;;;;;;;;;;;
EVTDESC31255;Egypt_has_declined_our_offer_and_disavowed_its_responsibilities_as_a_vassal_of_the_Empire._The_rebellion_will_be_heartened_by_this_news.;;;;;;;;;;;;;
EVTNAME31256;Continuing Unrest;;;;;;;;;;;;;
EVTDESC31256;The_Greek_rebellion_is_suppressed,_for_the_moment._Ottoman_rule_is_restored_in_southern_Greece,_but_in_the_Peloponnese_and_the_islands_the_surviving_separatist_leaders_scheme_on._This_isn't_over_yet...;;;;;;;;;;;;;
EVTNAME31257;Greek Rebellion Continues;;;;;;;;;;;;;
EVTDESC31257;Despite_fierce_fighting_and_purges_of_Greek_leadership_in_reconquered_regions,_the_Peloponnesian_Greeks_still_will_not_accept_Ottoman_Rule._The_rebels_are_gaining_confidence_and_have_begun_to_organize_a_provisional_Greek_government._Unfortunately,_this_gives_their_revolt_an_air_of_legitimacy,_and_they_are_beginning_to_attract_sympathy_from_the_Christian_powers_of_Europe._We_must_end_this_uprising,_and_quickly--_or_we_may_find_other_nations_looking_to_take_advantage_of_our_vulnerability.;;;;;;;;;;;;;
EVTNAME31258;The Rebellion Grows;;;;;;;;;;;;;
EVTDESC31258;We_have_held_our_ground_against_the_Turks,_and_ever_more_of_our_brothers_under_Ottoman_oppression_rise_up_to_support_the_revolution._We_will_begin_organizing_a_provisional_government_so_that_we_can_petition_the_Christian_powers_of_Europe_for_recognition_as_a_legitimate_state.;;;;;;;;;;;;;
EVTNAME31259;The Egyptian Dilemma;;;;;;;;;;;;;
EVTDESC31259;The_Wali_of_Egypt_is_an_ambitious_reformer_with_designs_on_our_lands._He_has_long_coveted_Syria,_and_this_Greek_war_exposes_us_to_his_treasonous_expansionism._This_danger_also_presents_an_opportunity:_perhaps_we_can_buy_his_support_against_the_Greeks_by_promising_to_increase_his_territory_when_the_war_is_over._Of_course,_we_needn't_keep_our_promise--_and_if_we_don't_make_some_sort_of_offer,_Egypt_is_likely_to_attack_us_while_we_are_distracted_by_the_Greeks.\n\nShould_we_call_on_Egypt_to_support_us_in_exchange_for_future_territory_in_the_Levant,_or_should_we_prepare_to_put_our_vassal_in_his_place?;;;;;;;;;;;;;
EVTNAME31260;Greek Rebellion in the Ottoman Empire;;;;;;;;;;;;;
EVTDESC31260;Despite_fierce_fighting_and_purges_of_Greek_leadership_in_reconquered_regions,_the_Peloponnesian_Greeks_still_will_not_accept_Ottoman_Rule._The_ongoing_rebellion_means_that_the_Empire_is_weakened_and_distracted--_and_vulnerable._This_could_be_the_perfect_opportunity_for_Egypt_to_expand_into_the_Levant_and_begin_to_eclipse_its_onetime_overlord._Such_a_chance_may_not_come_again.;;;;;;;;;;;;;
EVTNAME31261;A Proposal from the Sultan;;;;;;;;;;;;;
EVTDESC31261;Despite_fierce_fighting_and_purges_of_Greek_leadership_in_reconquered_regions,_the_Peloponnesian_Greeks_still_will_not_accept_Ottoman_Rule._Knowing_that_we_wish_to_expand_our_lands_to_the_north,_the_Sultan_now_sends_a_proposal:_if_Egypt_will_assist_the_Empire_in_pacifying_Greece,_lands_in_the_Levant_will_be_transferred_to_Egyptian_governance.\n\nThis_rebellion_makes_the_Empire_vulnerable,_and_we_could_simply_seize_Levantine_lands_by_force,_though_we_would_be_seen_to_betray_our_titular_suzerain._Or,_by_accepting_the_Sultan's_proposal_we_stand_to_eventually_gain_the_lands_by_entirely_legitimate_means..._if_the_Empire_keeps_its_promise._Which_is_the_best_course?;;;;;;;;;;;;;
EVTNAME31262;Egypt Accepts!;;;;;;;;;;;;;
EVTDESC31262;Egypt_has_honored_our_call_to_arms_and_will_join_our_war_against_the_rebellious_Greeks._This_should_shorten_the_rebellion..._though_we_have_now_committed_to_give_Egypt_lands_in_the_Levant_when_the_war_is_over.;;;;;;;;;;;;;
EVTNAME31263;Egypt Refuses!;;;;;;;;;;;;;
EVTDESC31263;Egypt_has_rebuffed_our_call_to_arms_and_dishonored_its_obligation_as_our_vassal._It_seems_clear_now_that_the_Egyptian_governor_intends_to_invade_the_Levant._We_must_ready_our_defenses.;;;;;;;;;;;;;
EVTNAME31264;The Greek Question;;;;;;;;;;;;;
EVTDESC31264;Sympathy_for_the_cause_of_Greek_independence_is_growing_in_many_European_societies._Now_the_Greeks_have_organized_a_provisional_government_in_the_Peloponnese_and_are_seeking_recognition_and_aid_from_European_powers._Greek_independence_would_weaken_the_Ottoman_Empire_and_strengthen_Russia,_as_well_as_likely_encouraging_nationalist_revolts_elsewhere._What_should_our_government's_policy_on_this_matter_be?;;;;;;;;;;;;;
EVTDESC31265;Sympathy_for_the_cause_of_Greek_independence_is_growing_in_many_European_societies._Now_the_Greeks_have_organized_a_provisional_government_in_the_Peloponnese_and_are_seeking_recognition_and_aid_from_European_powers._Greek_independence_would_weaken_the_Ottoman_Empire_and_strengthen_Russia's_position_in_the_Mediterranean._Better_still,_the_Greek_conflict_provides_an_excellent_pretext_for_war_with_the_Turks,_by_which_we_could_further_advance_our_influence_around_the_Black_Sea._Shall_we_seize_this_moment_and_attack_the_Turks?;;;;;;;;;;;;;
EVTNAME31266;Egyptian Retaliation;;;;;;;;;;;;;
EVTDESC31266;Egypt_is_a_vassal_of_the_Ottoman_Sultan,_and_before_our_intervention_Egypt_explicitly_committed_to_support_the_Empire_in_its_pacification_of_Greece._So,_going_to_war_with_the_Ottomans_means_that_we_are_now_also_at_war_with_Egypt.;;;;;;;;;;;;;
EVTNAME31267;Greece Reconquered;;;;;;;;;;;;;
EVTDESC31267;The_Greek_rebellion_has_been_thoroughly_crushed,_its_leaders_killed_or_scattered,_its_spirit_broken._An_example_has_been_made_of_the_Peloponnesians,_and_the_other_nationalities_of_the_Empire_will_think_twice_before_seeking_independence._The_Empire's_rule_is_absolute!;;;;;;;;;;;;;
EVTNAME31268;An Internal Affair;;;;;;;;;;;;;
EVTDESC31268;Greek_nationalists_are_seeking_foreign_attention_in_$PROVINCENAME$,_but_so_far_we_have_been_able_to_persuade_the_other_Great_Powers_that_the_Greek_rebellion_is_a_purely_domestic_matter,_in_which_it_would_be_improper_for_them_to_involve_themselves.;;;;;;;;;;;;;
EVTNAME31269;Peace with Egypt?;;;;;;;;;;;;;
EVTDESC31269;Now_that_our_war_with_the_Ottoman_Empire_is_finished,_there_is_no_more_reason_for_us_to_fight_with_Egypt..._unless_we_aim_for_more_than_we_claimed_when_we_intervened._We_could_fight_on_for_concessions_from_Egypt,_but_the_rest_of_the_world_would_resent_our_naked_opportunism.;;;;;;;;;;;;;
EVTNAME31270;Muhammad Ali's Ambition;;;;;;;;;;;;;
EVTDESC31270;Egypt_agreed_to_support_the_Ottoman_Empire_in_its_war_against_the_Greek_separatists_because_we_were_promised_lands_in_Palestine_and_Syria._Now_years_have_passed,_and_the_Sultan_still_has_not_honored_that_promise._It_is_time_for_an_ultimatum_to_the_Sultan:_either_Egypt_will_remain_part_of_the_Empire_in_return_for_lands_in_the_Levant,_or_else_war_will_follow._The_only_question_is_how_aggressive_our_demands_should_be.\n\nIf_we_only_demand_the_southern_regions_of_Palestine_and_Transjordan,_the_Sultan_is_more_likely_to_agree._But,_we_were_promised_all_of_the_Levant_and_have_every_right_to_demand_the_entirety._Which_shall_it_be?;;;;;;;;;;;;;
EVTNAME31271;Egypt's Demands;;;;;;;;;;;;;
EVTDESC31271;We_persuaded_Egypt_to_aid_us_against_the_Greeks_with_the_promise_of_Levantine_territories,_but_we_have_not_yet_delivered._The_Egyptian_governor_has_grown_impatient_and_now_demands_at_least_the_southern_regions_of_Palestine_and_Transjordan._In_exchange,_Egypt_will_formally_submit_to_Ottoman_suzerainty._The_alternative,_his_message_implies,_is_war_for_the_Levant._Shall_we_concede_some_territory_in_exchange_for_peace_and_stability,_or_shall_we_defy_Egypt_to_make_good_on_its_threats?;;;;;;;;;;;;;
EVTDESC31272;We_persuaded_Egypt_to_aid_us_against_the_Greeks_with_the_promise_of_Levantine_territories,_but_we_have_not_yet_delivered._The_Egyptian_governor_has_grown_impatient_and_now_demands_all_of_our_lands_from_Palestine_to_Syria._In_exchange,_Egypt_will_formally_submit_to_Ottoman_suzerainty._The_alternative,_his_message_implies,_is_war_for_the_Levant._Shall_we_concede_a_large_territory_in_exchange_for_peace_and_stability,_or_shall_we_defy_Egypt_to_make_good_on_its_threats?;;;;;;;;;;;;;
EVTNAME31273;The Sultan Agrees!;;;;;;;;;;;;;
EVTDESC31273;The_Sultan_will_honor_his_promise_and_concede_the_Levantine_territories_we_demanded._In_return,_Egypt_will_reacknowledge_Ottoman_suzerainty_and_remain_a_part_of_the_Empire.;;;;;;;;;;;;;
EVTNAME31274;The Sultan Refuses!;;;;;;;;;;;;;
EVTDESC31274;The_Sultan_has_refused_to_honor_his_promise_and_concede_the_Levantine_territories_we_demanded._Now_we_must_decide_if_we_are_truly_ready_to_make_war_on_the_Empire_for_our_rights._Is_the_Levant_worth_a_war?;;;;;;;;;;;;;
EVTNAME31275;An Egyptian Opportunity;;;;;;;;;;;;;
EVTDESC31275;Egypt's_invasion_of_the_Levant_provides_us_with_a_singular_opportunity._The_Empire_has_been_weakened_in_recent_years_by_rebellion_and_secession,_and_this_attack_by_the_Empire's_strongest_vassal_means_that_our_Kurdish_territories_might_be_able_to_break_free_as_well._After_centuries_of_Turkish_domination,_Kurdistan_could_once_again_control_its_own_fate._Another_chance_such_as_this_may_never_come.;;;;;;;;;;;;;
EVTNAME31276;Kurdish Rebellion;;;;;;;;;;;;;
EVTDESC31276;Taking_advantage_of_the_chaos_caused_by_Egypt's_invasion,_the_Kurdish_emirs_in_the_east_have_risen_up_to_proclaim_their_independence_from_the_Empire._This_is_an_unwelcome_distraction_with_Egyptian_armies_already_pouring_into_Palestine.;;;;;;;;;;;;;
EVTNAME31277;Intervention in the Orient?;;;;;;;;;;;;;
EVTDESC31277;The_governor_of_Egypt_is_waging_war_against_his_nominal_sovereign,_the_Ottoman_sultan._The_conflict_doesn't_directly_concern_us,_but_perhaps_we_could_advance_our_strategic_interests_through_intervention.\n\nWe_could_offer_Egypt_our_support,_perhaps_hoping_to_indebt_a_rising_regional_power._Or,_we_could_take_the_Empire's_side_and_try_to_force_a_settlement_for_the_sake_of_stability._We_could_also_ignore_the_matter_entirely,_though_we_might_look_a_bit_weak._What_should_our_policy_be?;;;;;;;;;;;;;
EVTNAME31278;$FROMCOUNTRY_ADJ$ Support;;;;;;;;;;;;;
EVTDESC31278;The_ambassador_from_$FROMCOUNTRY$_informs_us_that_his_government_is_moved_to_support_our_claims_in_the_Levant._We_can_expect_their_diplomatic_and_military_aid_in_advancing_our_cause._This_significantly_improves_our_prospects.;;;;;;;;;;;;;
EVTNAME31279;A $FROMCOUNTRY_ADJ$ Ultimatum;;;;;;;;;;;;;
EVTDESC31279;The_ambassador_from_$FROMCOUNTRY$_informs_us_that_his_government_is_alarmed_by_our_invasion_of_the_Levant_and_warns_us_to_make_peace_immediately._He_says_that_the_Sultan_is_amenable_to_a_settlement_that_would_see_Egypt_recognized_as_governor_of_Palestine,_as_long_as_Egypt_accepts_Ottoman_suzerainty_and_swears_to_support_the_Empire_in_the_future._We_would_gain_some_of_the_lands_we_had_hoped_for_in_the_Levant_but_give_up_our_independence._If_we_choose_to_fight_for_a_more_favorable_arrangement,_$FROMCOUNTRY$_means_to_intervene_against_us_immediately._How_should_we_respond?;;;;;;;;;;;;;
EVTDESC31280;The_ambassador_from_$FROMCOUNTRY$_informs_us_that_his_government_is_alarmed_by_our_invasion_of_the_Levant_and_warns_us_to_make_peace_immediately._He_says_that_the_Sultan_is_amenable_to_a_settlement_that_would_see_Egypt_recognized_as_governor_of_the_Levant,_as_long_as_Egypt_accepts_Ottoman_suzerainty_and_swears_to_support_the_Empire_in_the_future._We_would_gain_most_of_the_lands_we_had_hoped_for_but_give_up_our_independence._If_we_choose_to_fight_for_a_more_favorable_arrangement,_$FROMCOUNTRY$_means_to_intervene_against_us_immediately._How_should_we_respond?;;;;;;;;;;;;;
EVTNAME31281;The Convention of Kutahya;;;;;;;;;;;;;
EVTDESC31281;Egypt_has_accepted_a_settlement_negotiated_by_the_Great_Powers._The_Ottoman_Empire_will_transfer_territories_in_the_Levant_to_Egyptian_control,_and_in_return_Egypt_will_acknowledge_Ottoman_suzerainty_and_swear_loyalty_to_the_sultan._Peace_has_been_restored_in_the_Orient,_and_the_stability_of_the_Ottoman_state_preserved.;;;;;;;;;;;;;
EVTNAME31282;Ultimatum Ignored!;;;;;;;;;;;;;
EVTDESC31282;Egypt_has_turned_down_our_offer_to_negotiate_a_settlement_and_is_continuing_its_invasion_of_the_Ottoman_Empire._For_the_sake_of_stability_in_the_east,_we_are_now_compelled_to_intervene_on_the_Empire's_side.;;;;;;;;;;;;;
EVTNAME31284;Ambitions Thwarted!;;;;;;;;;;;;;
EVTDESC31284;Egypt_is_beaten._We_have_been_forced_to_make_peace_without_the_gains_we_had_hoped_for_in_the_Levant,_and_our_prospects_for_future_expansion_are_greatly_dimmed.;;;;;;;;;;;;;
EVTNAME31285;Treaty of Kutahya;;;;;;;;;;;;;
EVTDESC31285;Egypt_has_forced_the_Ottoman_Empire_into_a_humiliating_peace._The_sultan_has_acknowledged_Egypt's_independence_and_hereditary_rule,_not_only_in_Egypt_but_in_the_Levant._Ottoman_territories_in_the_Hedjaz_and_Cyrenaica_have_also_been_transferred_to_Egyptian_control._Egypt's_power_waxes_ever_greater,_and_the_Empire_appears_close_to_collapse.;;;;;;;;;;;;;
EVTNAME31295;Succession Crisis;;;;;;;;;;;;;
EVTDESC31295;In_1832_the_old_Pasha_of_Tripoli_abdicated,_and_his_three_sons_each_laid_claim_to_his_throne._Factions_in_the_government_and_military_support_each,_and_civil_conflict_seemed_likely._Worse,_with_the_decline_Tripolitania_had_suffered_generally_since_piracy_in_the_Mediterranean_became_difficult_and_the_trans-Saharan_slave_trade_dried_up,_the_nation_looked_especially_vulnerable_to_outside_powers._The_Ottomans_seized_the_moment_as_an_opportunity_to_reassert_direct_Imperial_rule_in_the_region.;;;;;;;;;;;;;
EVTNAME31296;Intervention in Tripolitania?;;;;;;;;;;;;;
EVTDESC31296;Tripolitania_is_a_nominal_vassal_of_ours,_but_in_reality_the_local_Pashas_have_long_been_effectively_independent._Their_state_has_been_in_steep_decline_in_recent_decades,_however,_and_now_they_are_descending_into_a_succession_crisis_that_will_likely_shatter_the_nation._This_provides_both_the_opportunity_and_the_excuse_for_us_to_intervene_and_reassert_direct_Imperial_rule_in_Tripoli,_for_the_stability_of_the_region._Shall_we_call_up_the_armies_to_install_a_loyal_governor_in_Tripoli?;;;;;;;;;;;;;
EVTNAME31525;The German Confederation;;;;;;;;;;;;;
EVTDESC31525;The_Vienna_Congress_established_a_"German_Confederation"_to_take_the_place_of_the_Holy_Roman_Empire._It_was_meant_to_serve_as_a_diplomatic_forum_and_customs_union,_but_the_rivalry_between_$COUNTRY$_and_Prussia_has_threatened_to_shatter_German_unity.\nThe_time_has_come_to_put_Prussia_in_its_place_and_re-establish_$COUNTRY$_as_the_preeminent_German_power._Let_us_break_Prussia's_strength,_once_and_for_all,_and_remind_the_lesser_German_states_that_it_is_we_who_lead_the_Confederation.;;;;;;;;;;;;;
EVTNAME32560;The Caucasus War;;;;;;;;;;;;;
EVTDESC32560;In_1828_several_Muslim_imams_in_Dagestan_and_Chechnya_called_for_a_holy_war_against_Russia,_which_had_ruled_the_region_since_taking_it_from_Persia_in_the_Treaty_of_Gulistan._Proclaiming_an_independent_Imamate_of_the_Caucasus,_they_and_their_followers_waged_a_guerrilla_separatist_war_against_Russia_throughout_most_of_the_nineteenth_century.;;;;;;;;;;;;;
EVTNAME32561;The Call to Holy War;;;;;;;;;;;;;
EVTDESC32561;Several_imams_in_Dagestan_and_Chechnya_have_given_the_call_for_Gazawat,_holy_war_against_the_infidel_Russians_who_claim_to_rule_these_lands._Our_people_are_swept_up_in_the_fervor_of_jihad!_Let_us_join_the_Imamate_of_the_Caucasus_and_fight!;;;;;;;;;;;;;
EVTNAME32562;The Call to Holy War;;;;;;;;;;;;;
EVTDESC32562;The_imams_have_spoken:_the_infidel_rule_of_the_Russians_must_be_thrown_off_and_proper_Islamic_government_re-established._The_various_Muslim_territories_of_the_Caucasus_are_united_under_the_banner_of_our_imamate._May_Allah_smile_upon_our_struggle!;;;;;;;;;;;;;
EVTNAME32565;Caucasian Separatism;;;;;;;;;;;;;
EVTDESC32565;Despite_their_defeat_on_the_battlefield,_the_Muslims_of_the_Caucasus_refuse_to_accept_the_inevitability_of_Russian_rule._Unrest_simmers_in_the_mountains,_waiting_for_a_charismatic_imam_to_call_for_another_holy_war._It_seems_clear_that_this_conflict_will_carry_on_for_some_time_to_come.;;;;;;;;;;;;;
EVTNAME35310;Revolutions in Lombardy-Venetia!;;;;;;;;;;;;;
EVTDESC35310;The_liberal_convulsions_racking_the_empire_have_mingled_with_long-suppressed_Italian_nationalism_in_the_Kingdom_of_Lombardy-Venetia_with_terrible_effect._A_riot-turned-rebellion_in_Milan_has_driven_the_imperial_garrison_out_of_the_city,_and_Venice,_too,_has_risen_up_in_revolt._Rebels_are_proclaiming_republics_in_Lombardia_and_Venetia,_and_both_are_seeking_support_and_protection_from_Piedmont._Unless_these_revolts_are_suppressed,_Austria_faces_the_total_loss_of_its_Italian_territories.;;;;;;;;;;;;;
EVTDESC35311;The_liberal_convulsions_racking_$FROMCOUNTRY$_have_mingled_with_long-suppressed_Italian_nationalism_in_the_Kingdom_of_Lombardy-Venetia_with_astonishing_effect._A_riot-turned-rebellion_in_Milan_has_driven_the_imperial_garrison_out_of_the_city,_and_Venice,_too,_has_risen_up_in_revolt._Rebels_are_proclaiming_republics_in_Lombardia_and_Venetia,_and_both_are_seeking_support_and_protection_from_$COUNTRY$._This_could_be_our_chance_to_establish_our_primacy_among_the_Italian_states_and_begin_to_unite_the_peninsula_under_our_banner._Should_we_intervene_against_Austria?;;;;;;;;;;;;;
EVTDESC35312;The_liberal_convulsions_racking_$FROMCOUNTRY$_have_mingled_with_long-suppressed_Italian_nationalism_in_the_Kingdom_of_Lombardy-Venetia_with_astonishing_effect._A_riot-turned-rebellion_in_Milan_has_driven_the_imperial_garrison_out_of_the_city,_and_Venice,_too,_has_risen_up_in_revolt._Rebels_are_proclaiming_republics_in_Lombardia_and_Venetia,_and_both_are_seeking_support_and_protection_from_Piedmont._Popular_sentiment_in_$COUNTRY$_supports_the_rebellions,_and_the_people_would_be_heartened_if_we_sent_funds_and_arms_to_support_the_new_republics.;;;;;;;;;;;;;
EVTNAME35313;Italian Solidarity;;;;;;;;;;;;;
EVTDESC35313;$FROMCOUNTRY$_has_agreed_to_support_us_in_our_struggle_against_the_Austrians._With_this_alliance,_freedom_appears_within_our_grasp.;;;;;;;;;;;;;
EVTNAME35314;Piedmontese Intervention;;;;;;;;;;;;;
EVTDESC35314;$FROMCOUNTRY$_has_taken_up_the_cause_of_the_Italian_rebels,_occupying_Milan_and_advancing_toward_Venetia._They_mean_to_unite_northern_Italy_against_us.;;;;;;;;;;;;;
EVTNAME35705;Election of Pius IX;;;;;;;;;;;;;
EVTDESC35705;The_papal_conclave_of_1846_took_an_unexpected_turn,_as_liberals_and_moderates_among_the_cardinals_combined_to_elect_Bishop_Mastai-Ferretti_of_Spoleto,_an_Italian_patriot_and_reformer._Conservative_Catholic_governments_were_shocked,_including_that_of_Austria,_which_had_attempted_to_block_his_nomination._Taking_the_name_Pius_IX,_he_quickly_instituted_political_and_economic_reforms_in_the_Papal_States_and_released_political_prisoners._For_a_time,_the_new_pope_was_the_most_popular_man_on_the_Italian_peninsula,_where_the_exclamation_'Long_life_to_Pius_IX!'_was_often_heard.;;;;;;;;;;;;;
EVTNAME36226;Sell the Nicobars?;;;;;;;;;;;;;
EVTDESC36226;Denmark_still_holds_a_colonial_outpost_in_the_Indian_Ocean:_the_Nicobar_Islands._Voices_in_parliament_have_begun_calling_on_the_government_to_seek_out_a_buyer_for_the_archipelago,_to_eliminate_the_expense_of_administration_and_communication_with_the_islands_and_show_the_government's_focus_on_European_and_domestic_affairs.\nIt_would_be_something_of_a_symbolic_admission_that_Denmark_is_no_longer_a_truly_global_power,_but_it_would_also_strengthen_the_budget_and_appease_the_opposition._Shall_we_search_for_a_buyer?;;;;;;;;;;;;;
EVTNAME36227;Purchase the Nicobars?;;;;;;;;;;;;;
EVTDESC36227;An_envoy_from_$FROMCOUNTRY$_has_approached_us_about_purchasing_their_colony_in_the_Nicobar_Islands._The_islands_are_relatively_insignificant,_but_an_extra_territory_never_hurts._Shall_we_take_them_up_on_the_offer?;;;;;;;;;;;;;
EVTNAME36720;Belgian Secession;;;;;;;;;;;;;
EVTDESC36720;The_United_Kingdom_of_the_Netherlands_established_at_the_Congress_of_Vienna_was_ruled_from_Protestant_Holland,_but_the_majority_of_its_population_were_in_Catholic_Belgium._Over_the_decade_after_the_Congress,_tensions_between_the_Belgians_and_the_ruling_Dutch_intensified,_until_in_1829_a_nationalist_riot_in_Brussels_led_to_the_secession_of_the_southern_Netherlands._The_Great_Powers_quickly_called_for_a_conference_to_resolve_the_conflict_diplomatically.;;;;;;;;;;;;;
EVTNAME36725;The Belgian Question;;;;;;;;;;;;;
EVTDESC36725;Belgium's_secession_from_the_United_Kingdom_of_the_Netherlands_poses_a_thorny_problem_for_the_Concert_of_Europe._A_strong_Netherlands_was_established_at_the_Congress_of_Vienna_as_a_curb_on_French_expansionism,_but_it_seems_increasingly_clear_that_the_kingdom_may_not_be_able_to_hold_itself_together._Representatives_of_the_Great_Powers_have_suggested_that_a_conference_might_be_held_in_$CAPITAL$_where_diplomats_could_discuss_the_future_of_the_low_countries_and_determine_the_best_way_to_preserve_Europe's_balance_of_power.;;;;;;;;;;;;;
EVTNAME36726;The Belgian Question;;;;;;;;;;;;;
EVTDESC36726;Ministers_from_the_various_Great_Powers_are_gathering_for_a_conference_in_the_$FROMCOUNTRY_ADJ$_capital_to_discuss_Belgium's_recent_secession_from_the_United_Kingdom_of_the_Netherlands._Three_potential_solutions_to_the_crisis_present_themselves.\n\nFirst,_the_breakaway_Belgian_provinces_could_be_forcibly_reincorporated_into_the_united_Netherlands,_keeping_the_kingdom_strong_as_a_bulwark_against_France._Second,_Belgium_could_be_recognized_as_a_sovereign_kingdom_in_its_own_right,_but_guaranteed_as_a_neutral_buffer_state_between_France_and_northern_Europe._Third,_the_Belgian_territories_could_be_partitioned_for_their_protection,_with_the_German-speaking_east_being_taken_into_Prussia,_the_French-speaking_south_added_to_France,_and_the_Dutch-speaking_northwest_established_as_a_Principality_of_Antwerp_guaranteed_by_a_neutral_Power.;;;;;;;;;;;;;
EVTNAME36735;The Treaty of $CAPITAL$;;;;;;;;;;;;;
EVTDESC36735;After_weeks_of_negotiations,_the_conference_of_diplomats_in_$CAPITAL$_has_reached_a_conclusion:_the_Netherlands_must_be_reunited.\n\nThe_Powers_agree_that_Dutch_rule_must_be_restored_in_Belgium._The_German-speaking_territories_of_the_Duchy_of_Luxembourg_will_be_given_autonomy,_to_remove_one_source_of_conflict._Neutral_armed_forces_are_being_readied_to_escort_the_Dutch_governor_back_into_the_troubled_territory._The_conference's_other_participants_now_await_the_response_from_the_Belgian_delegate,_who_must_surely_be_disappointed.;;;;;;;;;;;;;
EVTDESC36736;After_weeks_of_negotiations,_the_conference_of_diplomats_in_$CAPITAL$_has_reached_a_conclusion:_Belgium's_independence_must_be_recognized.\n\nThe_Powers_agree_that_the_Belgians_have_won_their_freedom_and_now_constitute_a_legitimate_kingdom._All_that_remains_is_to_settle_its_boundaries_and_select_its_new_monarch._The_conference's_other_participants_now_await_the_response_from_the_Dutch_delegate,_who_must_surely_be_disappointed.;;;;;;;;;;;;;
EVTDESC36737;After_weeks_of_negotiations,_the_conference_of_diplomats_in_$CAPITAL$_has_reached_a_conclusion:_Belgium_must_be_partitioned_between_its_neighbors,_for_the_protection_of_its_inhabitants.\n\nThe_Powers_agree_that_the_Belgian_territories_have_shown_themselves_too_fractious_to_be_long_kept_under_united_rule._Instead,_the_French-_and_German-speaking_regions_will_be_taken_under_the_protection_of_France_and_Prussia,_respectively,_while_the_Dutch-speaking_west_will_constitute_a_new_Principality_of_Antwerp._All_that_remains_is_to_settle_the_boundaries_of_the_partition._The_conference's_other_participants_now_await_the_response_from_the_Dutch_delegate,_who_must_surely_be_disappointed.;;;;;;;;;;;;;
EVTNAME36738;The Belgian Question:\nReunification?;;;;;;;;;;;;;
EVTDESC36738;The_Great_Powers_assembled_at_the_conference_have_decided_against_us,_and_they_now_say_they_intend_to_see_Dutch_rule_restored._If_we_submit_to_their_decision,_we_will_lose_our_hard-won_independence_again,_perhaps_forever._If_we_defy_them,_we_face_the_prospect_of_almost_immediate_war_with_the_Dutch_and_international_isolation._What_is_the_best_course_for_our_nation?;;;;;;;;;;;;;
EVTNAME36739;The Belgian Question:\nBelgian Independence?;;;;;;;;;;;;;
EVTDESC36739;The_Great_Powers_assembled_at_the_conference_have_decided_against_us,_and_they_now_say_they_intend_to_recognize_Belgium's_independence_and_sovereignty._If_we_submit_to_their_decision,_we_will_lose_half_of_our_territory,_most_of_our_population_and_industry,_and_any_realistic_hope_of_remaining_a_major_power._If_we_defy_them,_we_will_outrage_the_international_order_and_undermine_any_alliances_we_hold._What_is_the_best_course_for_our_nation?;;;;;;;;;;;;;
EVTNAME36740;The Belgian Question:\nBelgium Partitioned?;;;;;;;;;;;;;
EVTDESC36740;The_Great_Powers_assembled_at_the_conference_have_decided_against_us,_and_they_now_say_they_intend_to_partition_the_Belgian_lands_between_them,_restoring_to_us_only_a_sliver._If_we_submit_to_their_decision,_we_will_lose_half_of_our_territory,_most_of_our_population_and_industry,_and_any_realistic_hope_of_remaining_a_major_power._If_we_defy_them,_we_will_outrage_the_international_order_and_undermine_any_alliances_we_hold._What_is_the_best_course_for_our_nation?;;;;;;;;;;;;;
EVTNAME36741;Belgium Agrees!;;;;;;;;;;;;;
EVTDESC36741;Belgium_has_acceded_to_the_decision_of_the_conference_and_ratified_the_treaty._Order_has_been_restored_to_the_Low_Countries_and_rightful_monarchy_upheld.;;;;;;;;;;;;;
EVTNAME36742;The Netherlands Agrees!;;;;;;;;;;;;;
EVTDESC36742;The_Netherlands_has_acceded_to_the_decision_of_the_conference_and_ratified_the_treaty._Peace_has_been_restored_to_the_Low_Countries_and_the_international_order_upheld.;;;;;;;;;;;;;
EVTNAME36744;Belgium Refuses!;;;;;;;;;;;;;
EVTDESC36744;Belgium_has_defied_the_convention_and_unilaterally_proclaimed_its_sovereignty._The_Dutch_will_doubtless_prepare_an_invasion_to_restore_order_to_the_territory,_and_it_is_likely_that_other_Powers_may_assist_them_in_punishing_the_Belgians'_presumption.;;;;;;;;;;;;;
EVTNAME36745;The Netherlands Refuses!;;;;;;;;;;;;;
EVTDESC36745;The_Netherlands_has_defied_the_convention_and_refused_to_ratify_the_general_treaty_acknowledging_Belgium's_sovereignty._They_insist_that_they_will_regain_control_of_their_southern_provinces,_with_or_without_the_support_of_the_Powers.;;;;;;;;;;;;;
EVTDESC36746;The_Netherlands_has_defied_the_convention_and_refused_to_ratify_the_general_treaty_acknowledging_Belgium's_partition._They_insist_that_the_region_is_rightfully_theirs_and_vow_to_regain_it_someday.;;;;;;;;;;;;;
EVTNAME36938_NEW;Publication of Durgeshnandini;;;;;;;;;;;;;
EVTDESC36938_NEW;Today_the_novel_'Durgeshnandini'_was_released_in_the_book_stores_of_Calcutta._The_book,_a_love_story_set_against_the_backdrop_of_Pathan-Mughal_conflicts_in_West_Bengal,_is_written_by_Bankim_Chandra_Chatterjee_and_is_the_first_major_novel_in_Bengali_literature._While_conservatives_in_Bengali_society_might_be_unimpressed_with_its_lucidity,_it_accessibility_is_sure_to_be_a_draw_to_the_people.\n\nBengali_culture_has_been_undergoing_a_sort_of_renaissance_in_recent_decades._Starting_with_the_works_of_Raja_Ram_Mohan_Roy,_an_appreciation_for_the_richness_of_India's_past_has_grown_together_with_an_examination_of_the_impact_of_the_modern_West_upon_it._As_these_elements_blend_together,_reform_movements_are_forming_to_eradicate_native_'superstitions'_(such_as_sati,_caste-division,_and_untouchability).;;;;;;;;;;;;;
EVTDESC36939_NEW;The_people_of_India_have_long_been_held_back_by_superstitions_and_barbarous_practices,_the_Sati_(widow-burning)_being_only_the_most_egregious_example._In_an_effort_to_lift_the_veil_of_ignorance_and_backwardness_from_the_Indian_peoples,_Governor-General_Lord_Dalhousie_has_devised_a_program_of_reform_for_India._Under_his_guidance_the_farthest_reaches_of_the_subcontinent_are_to_be_connected_by_rail_and_telegraph,_the_postal_service_improved,_canals_financed_and_the_civil_service_reformed._Dalhousie's_reforms_are_but_a_few_of_the_benefits_the_Empire_offers_to_its_Indian_subjects!_After_all,_who_can_put_a_price_on_civilization?;;;;;;;;;;;;;
EVTNAME36946;Seeking Recognition;;;;;;;;;;;;;
EVTDESC36946;As_European_interest_in_our_islands_grows,_we_should_secure_our_nation's_future_by_seeking_the_protection_of_a_Great_Power._The_British_and_the_French_have_both_expressed_interest_in_developing_closer_ties_with_our_people._By_offering_trade_concessions,_we_could_likely_secure_legal_recognition_of_our_sovereignty_and_land_rights._Should_we_tie_our_future_to_the_British_Empire,_or_the_French?;;;;;;;;;;;;;
EVTNAME36948;The Baptist War;;;;;;;;;;;;;
EVTDESC36948;Troubling_news_comes_from_Jamaica._A_native_slave_named_Samuel_Sharpe,_also_a_respected_Baptist_preacher,_organized_a_general_strike_among_the_island's_slaves_to_call_for_emancipation_and_better_working_conditions._The_strike_quickly_escalated_into_a_riot_and_was_suppressed_by_force,_with_hundreds_of_slaves_killed_and_Sharpe_himself_hanged._Reports_point_to_the_widespread_use_of_excessive_force_by_the_local_garrison,_and_abolitionists_in_Britain_are_now_adamant_that_an_enquiry_must_be_conducted._Should_we_investigate_the_incident,_or_sweep_it_under_the_rug?;;;;;;;;;;;;;
EVTNAME36949;The Slavery Abolition Act;;;;;;;;;;;;;
EVTDESC36949;As_expected,_the_findings_of_the_enquiry_into_the_so-called_'Baptist_War'_contain_extensive_criticism_of_the_West_Indies'_plantocracies_and_the_condition_of_the_slaves._Their_publication_has_bolstered_criticism_of_human_slavery_in_Parliament_and_renewed_calls_for_its_abolition_across_the_Empire._Now,_reform-minded_MPs_are_ready_to_introduce_an_act_to_outlaw_the_practise_of_slavery,_free_all_slaves_within_the_British_Empire,_and_compensate_their_previous_owners._Does_this_bill_have_the_government's_support?;;;;;;;;;;;;;
EVTNAME36952;Highlands Potato Famine;;;;;;;;;;;;;
EVTDESC36952;The_potato_blight_has_spread_into_the_Scottish_highlands,_and_crops_across_the_region_are_failing._Some_local_landlords_are_distributing_oatmeal_and_hiring_crofters_for_public_works_projects,_but_others_are_rounding_up_the_indigent_and_shipping_them_off_to_Canada_and_Australia._Which_policy_should_the_government_endorse?;;;;;;;;;;;;;
EVTNAME37234;The Fan Affair;;;;;;;;;;;;;
EVTDESC37234;The_French_Republic_contracted_with_the_Bey_of_Algeria_to_purchase_large_volumes_of_wheat_to_feed_the_revolutionary_armies._Since_the_monarchy_has_been_reinstated,_however,_the_king_has_refused_to_pay_the_republic's_debts._This_has_led_to_a_progressive_deterioration_in_relations_between_our_two_nations,_and_the_Bey_recently_punctuated_a_particularly_heated_meeting_with_a_French_minister_by_striking_him_in_the_face_with_a_fan._The_French_crown_has_demanded_an_apology,_which_has_not_been_given._Should_we_amend_relations_and_pay_our_nation's_debts,_or_should_we_use_this_slight_as_justification_for_a_war_against_the_Algerians?;;;;;;;;;;;;;
EVTNAME37242_NEWS;FRENCH CONSTITUTION SUSPENDED;;;;;;;;;;;;;
EVTDESC37242_NEWS_SHORT;King_Charles_has_suspended_the_French_constitution_and_dissolved_parliament_after_demands_for_the_free_election_of_ministers._Once_more,_revolution_is_in_the_air_in_France.;;;;;;;;;;;;;
EVTDESC37242_NEWS_MEDIUM;After_demands_from_the_French_parliament_that_state_ministers_be_elected_by_the_body_itself,_King_Charles_has_taken_the_extraordinary_step_of_suspending_the_constitution_and_dissolving_parliament._Vocal_liberals_have_renounced_their_allegiance_to_the_king._Once_more_revolution_is_in_the_air_in_France.;;;;;;;;;;;;;
EVTDESC37242_NEWS_LONG;After_demands_from_the_French_parliament_that_state_ministers_be_elected_by_the_body_itself,_King_Charles_has_taken_the_extraordinary_step_of_suspending_the_constitution_and_dissolving_parliament,_simultaneously_censoring_the_press_and_altering_the_electoral_system_to_ensure_a_more_biddable_legislature._French_liberals_are_incensed,_crying_that_the_lawful_government_has_been_undone._Some_have_publicly_renounced_their_allegiance_to_the_king._Once_more,_revolution_is_in_the_air_in_France.;;;;;;;;;;;;;
EVTNAME37244_NEWS;REVOLUTION IN FRANCE;;;;;;;;;;;;;
EVTDESC37244_NEWS_SHORT;As_Paris_erupts_in_riot_and_revolution,_King_Charles_has_fled_to_Versailles._Faced_with_total_revolt,_his_only_option_may_be_to_restore_the_constitution_and_abdicate.;;;;;;;;;;;;;
EVTDESC37244_NEWS_MEDIUM;Revolutionary_mobs_have_flooded_the_streets_of_Paris._As_the_city_erupts_in_riot_and_revolution,_King_Charles_has_been_forced_to_flee_to_Versailles,_leaving_the_capital_and_the_government_in_disarray._He_may_now_be_forced_to_restore_the_constitution_and_abdicate_in_order_to_restore_public_order.;;;;;;;;;;;;;
EVTDESC37244_NEWS_LONG;'Over_the_past_three_days_Paris_grew_quieter_as_the_milling_crowds_grew_larger.'_Enraged_by_the_autocratic_rule_of_the_French_king,_revolutionary_mobs_have_flooded_the_streets_of_Paris_with_cries_of_"Mort_aux_Ministres!"_and_"A_bas_les_aristocrates!"_Rebels_have_taken_possession_of_such_key_sites_as_the_Hotel_d'Ville,_the_Louvre,_the_Tuileries_and_the_Palais_de_Justice._King_Charles_has_been_forced_to_flee_to_Versailles,_leaving_the_capital_and_the_government_in_disarray._He_may_now_be_forced_to_restore_the_constitution_and_abdicate_in_order_to_restore_public_order.;;;;;;;;;;;;;
EVTNAME37760;The Carlist Question;;;;;;;;;;;;;
EVTDESC37760;In_1830_King_Ferdinand_VII_of_Spain_was_old_and_ailing,_with_no_sons_and_only_an_infant_daughter._Traditional_succession_law_said_that_his_brother,_Infante_Carlos,_should_succeed_him_as_king,_but_Ferdinand_promulgated_a_law_establishing_his_daughter_as_his_heir._Carlos_felt_robbed_of_his_birthright,_and_his_cause_became_a_rallying_point_for_traditionalists_and_legitimists_throughout_Spain._The_nation's_politics_became_increasingly_polarised_between_the_liberal_supporters_of_Princess_Isabel_and_the_absolutist_Carlists,_who_began_making_plans_to_put_Carlos_on_the_throne.;;;;;;;;;;;;;
EVTNAME37761;A Holy Appeal;;;;;;;;;;;;;
EVTDESC37761;A_liberal_military_insurrection_in_1820_forced_King_Ferdinand_VII_to_accept_the_Constitution_of_1812,_which_reserves_most_governing_power_for_the_elected_parliament._Now,_after_several_years_as_a_virtual_prisoner_of_the_parliament,_the_king_has_taken_a_desperate_step._Invoking_the_agreements_of_the_Vienna_Congress,_Ferdinand_has_called_upon_France_to_restore_him_to_absolute_rule,_even_it_requires_an_invasion_in_force._The_French,_it_is_to_be_feared,_will_be_only_too_happy_to_have_an_excuse_to_wage_war_upon_us.;;;;;;;;;;;;;
EVTNAME37762;A Request for Aid;;;;;;;;;;;;;
EVTDESC37762;A_liberal_military_insurrection_in_1820_forced_King_Ferdinand_VII_of_Spain_to_accept_a_liberal_constitution,_greatly_limiting_his_powers._Now,_after_several_years_as_a_virtual_prisoner_of_the_parliament,_the_king_has_taken_a_desperate_step._Invoking_the_agreements_of_the_Vienna_Congress,_Ferdinand_has_called_upon_France_to_restore_him_to_absolute_rule,_even_it_requires_an_invasion_in_force._It_isn't_every_day_that_a_neighbor's_legitimate_ruler_invites_us_to_invade...;;;;;;;;;;;;;
EVTNAME37763;Ferdinand's Restoration;;;;;;;;;;;;;
EVTDESC37763;The_French_have_overrun_the_country,_and_now_they_offer_peace_in_exchange_for_King_Ferdinand's_restoration_to_absolute_rule_and_the_abolition_of_the_Constitution_of_1812._It_seems_a_small_price_to_pay,_compared_with_what_they_might_demand_if_we_refuse.;;;;;;;;;;;;;
EVTNAME37800;El Libertador;;;;;;;;;;;;;
EVTDESC37800;Simon_Bolivar,_the_liberator_of_Latin_America,_has_led_our_great_Colombian_Federation_to_independence_from_the_Spanish_crown._Even_now_the_fighting_continues_for_the_liberation_of_Ecuador_and_the_Perus._Soon_the_last_royalist_forces_will_be_defeated_and_the_republics_of_South_America_will_be_free_from_tyranny._With_such_a_great_man_leading_our_nation,_who_can_doubt_that_Colombia_has_a_bright_future_ahead_of_it?;;;;;;;;;;;;;
EVTNAME37801;Admission to Colombia?;;;;;;;;;;;;;
EVTDESC37801;Now_that_we_have_our_independence,_our_Governor_is_interested_in_seeking_admission_to_the_Colombian_Federation._The_Colombians_supported_our_independence_from_Spain,_and_our_people_would_likely_be_far_safer_as_part_of_such_a_large_and_strong_state._But,_some_whisper_that_Bogota_shows_dictatorial_tendencies,_and_that_we_might_find_that_we_had_only_traded_one_tyranny_for_another._What_is_the_best_course_for_our_nation?;;;;;;;;;;;;;
EVTNAME37802;North or South?;;;;;;;;;;;;;
EVTDESC37802;Now_that_we_have_our_independence,_Panama_should_consider_joining_one_of_the_federations_we_border._The_Colombian_Federation_to_our_south_appears_stronger_and_more_likely_to_defend_our_independence,_but_we_have_more_in_common_culturally_with_the_Federal_Republic_of_Central_America_to_our_north._Which_way_does_Panama's_future_lie?;;;;;;;;;;;;;
EVTNAME37803;Federation with $FROMCOUNTRY$?;;;;;;;;;;;;;
EVTDESC37803;Having_won_its_independence,_$FROMCOUNTRY$_is_now_petitioning_us_for_admission_to_our_federation._Our_nation_would_be_stronger_with_this_addition,_but_perhaps_the_new_territory_would_bring_new_conflict_with_$FROMCOUNTRY$'s_neighbors._Shall_we_approve_their_accession_to_$COUNTRY$?;;;;;;;;;;;;;
EVTNAME37805;Liberal Unrest;;;;;;;;;;;;;
EVTDESC37805;$COUNTRY$'s_conservative_constitution_and_strong_central_government_are_provoking_discontent_in_the_provinces._Liberals_complain_that_the_average_$COUNTRY_ADJ$_citizen_has_few_more_political_rights_than_under_Spanish_rule._Sectionalists_agitate_for_federalization_and_greater_regional_autonomy._Should_the_government_consider_amending_the_constitution_to_appease_the_liberals?;;;;;;;;;;;;;
EVTNAME37806;Reactionary Unrest;;;;;;;;;;;;;
EVTDESC37806;$COUNTRY$'s_liberal_constitution_and_federal_system_of_government_are_provoking_discontent_among_the_aristocracy._The_landed_elite_complain_that_they_are_now_governed_by_their_social_inferiors._The_officer_corps_and_the_admiralty_grumble_that_the_civilian_political_structure_is_too_fractious_and_indecisive_to_lead_the_nation_properly._Should_the_government_consider_amending_the_constitution_to_appease_the_traditionalists?;;;;;;;;;;;;;
EVTNAME37807;A Secession Crisis;;;;;;;;;;;;;
EVTDESC37807;Regional_conflicts_have_reached_the_boiling_point_in_$COUNTRY$._Dissatisfied_with_the_centralist_tendencies_of_the_current_government,_elites_and_bureaucrats_in_$PROVINCENAME$_have_come_together_to_announce_their_intent_to_secede_from_$COUNTRY$_and_establish_a_new_state._This_would_be_a_grievous_blow_to_our_nation's_power_and_prestige,_and_it_faces_us_with_a_dilemma.\n\nIf_we_let_this_region_secede_peacefully,_the_other_disaffected_territories_will_want_to_follow_suit._If,_however,_we_attempt_to_hold_the_country_together_by_force,_we_will_lose_our_legitimacy_outside_of_the_core_regions_of_New_Granada._How_shall_we_respond?;;;;;;;;;;;;;
EVTNAME37808;A Presidential Crisis;;;;;;;;;;;;;
EVTDESC37808;Regional_conflicts_have_reached_the_boiling_point_in_$COUNTRY$._A_cabal_of_elites_and_military_leaders_have_come_together_in_$PROVINCENAME$_to_announce_their_intent_to_abolish_the_autonomy_of_the_regions_and_proclaim_the_president_Protector_of_Colombia_for_life._This_would_incense_the_estates_in_the_east_and_west,_and_it_faces_us_with_a_dilemma.\n\nIf_the_president_becomes_a_dictator,_the_disaffected_territories_will_certainly_secede_from_the_federation._We_could_attempt_to_hold_the_country_together_by_force,_but_we_would_lose_our_legitimacy_outside_of_the_core_regions_of_New_Granada._How_shall_we_respond?;;;;;;;;;;;;;
EVTNAME44130;The Maine Census;;;;;;;;;;;;;
EVTDESC44130;The_Treaty_of_Paris_(1783)_ended_the_American_Revolutionary_War_and_established_the_new_international_border_between_the_United_States_and_British_Canada._Some_of_the_details,_however,_were_vague_or_even_contradictory,_and_now_no_one_is_quite_certain_where_Maine_ends_and_New_Brunswick_begins.\n\nThe_state_of_Maine_has_sent_census-takers_into_the_disputed_region_and_begun_recording_the_local_trappers_and_lumberjacks_as_American_citizens,_which_has_provoked_the_New_Brunswick_government_into_arrests_and_militia_deployments._If_the_border_isn't_defined_soon,_the_conflict_seems_set_to_grow.;;;;;;;;;;;;;
EVTNAME44131;A Border Treaty;;;;;;;;;;;;;
EVTDESC44131;The_border_dispute_along_the_Maine-New_Brunswick_frontier_continues_to_escalate._There_are_now_militias_on_both_sides_maneuvering_along_the_rivers_and_ordering_each_other_to_stand_down._The_Secretary_of_State_has_invited_the_British_Foreign_Minister_to_work_toward_a_general_treaty_settling_this_and_a_number_of_other_minor_disputes_between_our_nations._But_Congress_is_divided_on_the_approach_our_envoy_should_take:_should_our_priority_be_a_peaceful_resolution_of_the_conflict,_or_should_we_insist_upon_the_maximum_territory_even_if_it_risks_war?;;;;;;;;;;;;;
EVTDESC44132;The_border_dispute_along_the_Maine-New_Brunswick_frontier_continues_to_escalate._There_are_now_militias_on_both_sides_maneuvering_along_the_rivers_and_ordering_each_other_to_stand_down._The_American_Secretary_of_State_has_invited_our_Foreign_Minister_to_work_toward_a_general_treaty_settling_this_and_a_number_of_other_minor_disputes_between_our_nations._They_appear_to_want_the_peace_preserved,_and_are_willing_to_renounce_some_of_their_claims_if_we_will_do_the_same._Shall_we_cooperate_and_keep_the_peace?;;;;;;;;;;;;;
EVTDESC44133;The_border_dispute_along_the_Maine-New_Brunswick_frontier_continues_to_escalate._There_are_now_militias_on_both_sides_maneuvering_along_the_rivers_and_ordering_each_other_to_stand_down._The_American_Secretary_of_State_has_invited_our_Foreign_Minister_to_work_toward_a_general_treaty_settling_this_and_a_number_of_other_minor_disputes_between_our_nations._Unfortunately,_they_are_taking_an_aggressive_line,_insisting_upon_their_claims_to_the_entire_disputed_region._Should_we_back_down_to_keep_the_peace?;;;;;;;;;;;;;
EVTNAME44134;Webster-Ashburton Treaty;;;;;;;;;;;;;
EVTDESC44134;We_have_concluded_a_treaty_with_$FROMCOUNTRY$,_resolving_several_long-standing_border_disputes_between_our_nations._In_particular,_the_treaty_has_clearly_established_the_border_between_Maine_and_the_British_colony_of_New_Brunswick._Tensions_along_the_border_should_be_much_reduced.;;;;;;;;;;;;;
EVTNAME44135;Negotiations Break Down;;;;;;;;;;;;;
EVTDESC44135;The_border_negotiations_have_collapsed,_and_the_British_envoy_has_departed_in_a_huff._Our_relations_will_be_greatly_disrupted,_and_the_border_will_have_to_be_established_the_old-fashioned_way.;;;;;;;;;;;;;
EVTNAME44136;A Border Ultimatum;;;;;;;;;;;;;
EVTDESC44136;Recently_a_series_of_rebellions_aimed_at_achieving_greater_autonomy_from_Britain_has_rocked_southern_Canada,_but_Westminster_has_refused_to_offer_any_concessions_to_the_Canadas._If_we_step_in_now_and_offer_to_"protect"_the_dissidents_and_republicans_from_the_tyranny_of_Westminster,_we_can_likely_win_their_loyalty..._and_justify_some_northward_adjustments_to_the_international_frontier._Certainly_we_would_insist_upon_our_full_claims_in_northern_Maine,_and_we_could_even_"protect"_the_peninsula_between_the_Great_Lakes_in_southwestern_Upper_Canada,_which_has_been_a_hotbed_of_rebellion_against_the_colonial_government._The_Secretary_of_State_will_draw_up_a_sternly_worded_ultimatum:_how_far_should_we_extend_our_claims?;;;;;;;;;;;;;
EVTDESC44137;Since_their_independence_the_United_States_have_harbored_some_ideas_of_extending_their_control_northward_into_the_Canadas,_and_it_seems_that_our_harsh_response_to_the_recent_rebellions_there_has_driven_the_rebels_into_the_Americans'_arms._Now_the_American_government_says_it_intends_to_move_the_border_northward,_to_"protect"_the_Canadian_republicans_from_us,_and_the_public_appeals_of_the_rebel_leaders_for_American_support_gives_their_aggression_an_unfortunate_veneer_of_legitimacy._If_we_back_down_it_will_weaken_our_already_tenuous_grasp_on_our_remaining_North_American_colonies,_but_to_refuse_is_to_risk_war._What_should_our_response_be?;;;;;;;;;;;;;
EVTNAME44850;The First Mexican Empire;;;;;;;;;;;;;
EVTDESC44850;After_winning_independence,_Mexico's_elites_had_intended_to_establish_a_constitutional_monarchy_with_an_emperor_chosen_from_a_European_noble_house._However,_Spain_refused_to_recognize_the_new_nation_as_legitimate,_and_other_crowned_heads_hesitated._In_the_mean_time,_the_popular_general_who_had_been_made_President_of_the_Regency,_Agustín_de_Iturbide,_built_support_for_his_own_claim_to_the_throne-_in_1822_he_was_crowned_Mexico's_first_emperor.\nAfter_taking_the_throne,_he_quickly_showed_himself_an_absolutist,_abolishing_the_elected_parliament_and_suppressing_all_dissent._In_the_end_his_rule_displeased_both_liberals,_who_had_hoped_for_a_constitutional_monarchy_or_even_a_republic,_and_conservatives,_who_wanted_a_monarch_from_a_proper_European_noble_house_rather_than_a_military_usurper.;;;;;;;;;;;;;
EVTNAME44851;The United Provinces of Central America;;;;;;;;;;;;;
EVTDESC44851;The_provinces_of_Guatemala_in_Central_America_united_with_Mexico_shortly_after_their_independence,_but_cultural_and_political_differences_between_the_two_regions_meant_that_Central_America_quickly_chafed_under_Mexican_rule._The_Central_American_elites_were_deeply_disappointed_by_Emperor_Agustín's_coronation,_and_they_soon_began_talks_in_Guatemala_City_about_seceding_again_to_form_their_own_republican_federation._In_1823_a_proclamation_announced_the_establishment_of_the_United_Provinces_of_Central_America,_comprising_all_of_New_Spain's_mainland_territories_southeast_of_the_Yucatan.;;;;;;;;;;;;;
EVTNAME44854;Cherokee in Tejas;;;;;;;;;;;;;
EVTDESC44854;Since_the_beginning_of_the_century,_many_native_groups,_chiefly_Cherokee,_in_the_American_South_began_to_move_westward_due_to_American_encroachment_on_their_lands._Some_settled_just_over_the_Mississippi_River,_but_others_went_further_west,_across_the_Sabine_River_into_Tejas._Before_Mexico's_independence,_the_Spanish_authorities_welcomed_their_prescence,_hoping_to_use_them_as_a_buffer_against_American_expansion._In_late_1822,_the_Cherokee_sent_American_diplomat_Richard_Fields_to_Mexico_City_to_negotiate_with_the_new_government_for_the_acquisition_of_land_grants._With_them,_they_hoped_to_gain_official_recognition_of_ownership_of_the_lands_they_currently_inhabit._Accepting_this_request_could_encourage_further_migrations_into_the_area,_allowing_for_the_land_to_develop_and_also_safeguard_the_border._On_the_other_hand,_the_numbers_aren't_high_enough_to_see_benefits_short-term._Perhaps_it_may_be_wise_to_also_look_elsewhere_for_more_settler_prospects.;;;;;;;;;;;;;
EVTNAME44855;Empresarios in Tejas;;;;;;;;;;;;;
EVTDESC44855;In_1820_Spain_signed_a_contract_with_an_American_named_Moses_Austin_authorizing_him_to_bring_several_hundred_families_from_America_to_settle_and_defend_New_Spain's_northern_frontier,_the_territory_of_Tejas._The_man_then_died,_and_Mexico_soon_won_its_independence,_but_Austin's_son,_Stephen,_took_up_the_contract_in_his_father's_stead,_and_the_new_Mexican_government_recognized_the_agreement._In_the_early_1820s_thousands_of_settlers,_mostly_American,_were_enticed_to_the_Tejas_territory_by_land_grants_and_minimal_government_oversight.;;;;;;;;;;;;;
EVTNAME44857;Cherokee Migration;;;;;;;;;;;;;
EVTDESC44857;As_American_settlers_move_west_across_the_Mississippi_River,_concern_has_risen_for_the_local_native_populations_that_moved_in_before_them_that_history_may_repeat_itself._Looking_at_their_brothers_across_the_border,_many_are_inspired_to_follow_their_footsteps,_hoping_they_may_have_better_fortunes_there.;;;;;;;;;;;;;
EVTNAME44860;Claiming New Mexico;;;;;;;;;;;;;
EVTDESC44860;The_mountainous_lands_to_the_north_are_part_of_the_Spanish_claims_that_Mexico_has_inherited._We_must_establish_control_of_them,_before_our_neighbors_do.;;;;;;;;;;;;;
EVTNAME44861;Cuban Liberation?;;;;;;;;;;;;;
EVTDESC44861;Cuba_without_Mexico_is_aimed_at_imperialist_yoke,_Mexico_without_Cuba_is_a_prisoner_of_the_Gulf_of_Mexico.\nSince_our_independence,_Havana_has_become_Spain's_last_stronghold_in_North_America._Our_Foreign_Minister_contends_that_as_long_as_Cuba_remains_in_Spanish_hands,_Mexico_will_not_be_truly_secure._He_heads_a_growing_movement_to_declare_new_war_on_our_former_masters_and_wrest_Cuba_from_the_Spanish_crown._We_worry,_though,_that_the_Americans_also_have_designs_on_Cuba_and_might_not_look_favorably_upon_our_conquest_of_the_island._If_we_are_to_pursue_war_with_Spain,_we_should_seek_America's_support_first._If_not,_we_could_instead_focus_our_efforts_on_normalizing_relations_with_Spain_and_thus_remove_the_threat_of_reconquest.;;;;;;;;;;;;;
EVTNAME44862;Mexican Cuba?;;;;;;;;;;;;;
EVTDESC44862;An_envoy_from_$FROMCOUNTRY$_seeks_America's_support_for_an_effort_by_his_government_to_seize_control_of_Cuba_from_Spain._While_we_are_flattered_that_they_felt_the_need_to_ask_our_permission,_we_hesitate_to_give_it,_since_many_in_America_are_interested_in_eventually_adding_Cuba_to_our_own_Union._A_Mexican_Cuba_would_likely_be_a_greater_obstacle_to_that_goal_than_a_Spanish_Cuba._Still,_we_also_desire_strong_relations_with_our_neighbor_to_the_south._Shall_we_promise_not_to_interfere_with_their_attempt_for_Cuba,_or_should_we_discourage_them_from_trying?;;;;;;;;;;;;;
EVTNAME44863;$FROMCOUNTRY$ Agrees!;;;;;;;;;;;;;
EVTDESC44863;$FROMCOUNTRY$_acknowledges_our_legitimate_interests_in_Cuba_and_will_not_interfere._The_time_is_right_for_Mexico_to_secure_its_independence_once_and_for_all.;;;;;;;;;;;;;
EVTNAME44864;$FROMCOUNTRY$ Refuses!;;;;;;;;;;;;;
EVTDESC44864;$FROMCOUNTRY$_refuses_to_sanction_our_invasion_of_Cuba,_and_warns_that_the_attempt_would_disrupt_our_relations_with_them._How_should_we_weigh_the_good_will_of_the_Yankees_against_all_of_our_strategic_interests_in_Cuba?;;;;;;;;;;;;;
EVTNAME44865;Victory in Cuba!;;;;;;;;;;;;;
EVTDESC44865;We_have_successfully_wrested_Cuba_away_from_the_Spanish_crown,_securing_Mexico's_territorial_waters_and_liberating_more_of_New_Spain._Let_the_world_recognize_that_Cuba_is_a_part_of_Mexico,_and_always_shall_be.;;;;;;;;;;;;;
EVTNAME46315;The Portuguese Succession;;;;;;;;;;;;;
EVTDESC46315;Emperor_Pedro's_brother_has_seized_the_throne_of_Portugal_and_abolished_its_constitution,_displacing_Pedro's_daughter,_Maria_da_Gloria,_in_the_succession._The_emperor_now_means_to_leave_Brazil_to_mount_an_expedition_aimed_at_restoring_Queen_Maria_and_the_parliament._Before_he_goes,_he_will_abdicate_the_throne_of_Brazil_in_favor_of_his_son,_Dom_Pedro_II,_who_is_still_a_child._Until_the_child_emperor_comes_of_age,_the_country_will_be_governed_by_parliamentary_officials_and_a_court_of_regents.;;;;;;;;;;;;;
EVTNAME46316;Dom Pedro II;;;;;;;;;;;;;
EVTDESC46316;After_much_debate,_it_has_been_decided_that_Pedro_II,_though_still_short_of_the_age_of_majority,_will_reign_without_a_regency._He_has_proven_to_be_a_very_capable_young_man,_though_quite_shy,_and_he_is_much_beloved_by_the_people._The_regency_will_be_terminated_immediately,_and_Dom_Pedro_II_will_officially_begin_his_rule_as_Emperor_of_Brazil.;;;;;;;;;;;;;
EVTNAME46325;The War of the Farrapos;;;;;;;;;;;;;
EVTDESC46325;After_independence,_the_gauchos_of_the_Brazilian_Pampas_felt_excluded_from_the_nation's_political_process_and_resented_economic_policies_that_harmed_the_south._In_1835_these_tensions_erupted_in_a_separatist_rebellion,_which_proclaimed_a_Republic_of_the_Rio_Grande.;;;;;;;;;;;;;
EVTNAME46330;The Religious Question;;;;;;;;;;;;;
EVTDESC46330;There_are_a_growing_number_of_Freemasons_within_Brazilian_churches,_which_is_officially_prohibited_in_Catholicism---_they_exist_most_commonly_within_Lay_Fraternities,_which_are_generally_charitable_organizations_chiefly_associated_with_local_churches._Historically,_however,_the_church_in_Brazil_has_been_de_facto_an_apparatus_of_the_state,_making_religious_issues_in_Brazil_matters_of_the_crown,_as_well_as_the_cloth._Local_bishops_have_been_calling_for_Freemason_clergymen_to_resign,_and_now_a_bishop_named_Dom_Vital_has_issued_an_interdict_against_certain_Lay_Fraternities_that_have_refused_to_expel_their_Freemason_brothers,_preventing_any_sacraments_from_being_celebrated_within_these_Fraternity_buildings._The_lay_brothers_say_this_constitutes_a_direct_challenge_to_Brazil's_government,_considering_that_notable_members_of_Parliament_are_Freemasons.;;;;;;;;;;;;;
EVTDESC46331;Dom_Vital_has_refused_to_annul_his_controversial_interdict,_and_has_been_joined_in_protest_by_the_bishop_Antonio_de_Macedo_Costa,_who_has_recently_passed_a_similar_interdict_against_uncooperative_Lay_Fraternities._This_refusal_could_be_used_as_a_reason_to_arrest_and_imprison_the_bishops,_hopefully_preventing_them_from_causing_more_trouble_in_the_future,_and_to_remove_them_as_challenges_to_the_authority_of_the_state.;;;;;;;;;;;;;
EVTDESC46332;Vidal_and_Costa_have_been_imprisoned_for_acting_against_the_sovereign_power_of_the_Brazilian_state,_causing_shock_and_anger_amongst_the_Catholic_populace_in_the_country._The_new_Prime_Minister,_a_Freemason_and_a_Catholic_himself,_has_threatened_to_resign_if_an_imperial_amnesty_is_not_granted_to_Costa_and_Vidal._We_must_choose_between_unappealing_alternatives.\n\nWe_can_either_back_down_and_free_the_bishops,_appeasing_our_people_but_making_the_crown_look_weak_and_indecisive,_or_we_can_stand_by_the_bishops'_sentences_and_accept_the_dissolution_of_the_current_government_and_the_outrage_of_the_common_folk._Which_shall_it_be?;;;;;;;;;;;;;
EVTNAME46410;The Thirty-Three Easterners;;;;;;;;;;;;;
EVTDESC46410;As_recently_as_the_1810s_the_territory_east_of_the_Rio_de_la_Plata_was_part_of_our_United_Provinces,_but_the_Luso-Brazilian_monarchy_conquered_the_province_in_1820._Now_Platinean_partisans_have_organized_a_rebellion,_led_by_a_group_of_patriots_who_call_themselves_the_Thirty-Three_Easterners._They_intend_to_declare_independence_and_rejoin_our_Union,_and_they_have_asked_for_our_support_as_they_resist_Brazil's_oppression._This_is_a_fine_opportunity_to_liberate_some_of_our_rightful_territory..._if_we_can_win_a_war_against_Brazil._Will_we_fight_for_the_Eastern_Province?;;;;;;;;;;;;;
EVTNAME46411;Rebellion in Cisplatina;;;;;;;;;;;;;
EVTDESC46411;Our_recently_acquired_territory_on_the_near_shore_of_the_Rio_de_la_Plata_is_restive._We've_already_conceded_some_regional_autonomy,_but_now_a_group_of_Platinean_partisans_have_declared_their_intention_to_secede_and_join_the_United_Provinces_to_the_southwest._Of_course,_we_cannot_allow_this_sort_of_separatism---_but_it_seems_that_the_United_Provinces_intend_to_fight_us_for_control_of_Cisplatina._Victory_would_cement_our_control_over_the_province.;;;;;;;;;;;;;
EVTDESC46412;Our_recently_acquired_territory_on_the_near_shore_of_the_Rio_de_la_Plata_is_restive._We've_already_conceded_some_regional_autonomy,_but_now_a_group_of_Platinean_partisans_have_declared_their_intention_to_secede_and_join_the_United_Provinces_to_the_southwest._Of_course,_we_cannot_allow_this_sort_of_separatism---_and_it_seems_that_the_United_Provinces_is_not_willing_to_fight_us_for_control_of_Cisplatina._Victory_over_the_rebels_would_cement_our_control_over_the_province.;;;;;;;;;;;;;
EVTNAME46413;Victory in Cisplatina;;;;;;;;;;;;;
EVTDESC46413;The_Cisplatine_rebellion_is_crushed,_and_the_government_in_Buenos_Aires_has_been_compelled_to_acknowledge_our_sovereignty_as_far_as_the_Rio_de_la_Plata._This_is_a_proud_day!;;;;;;;;;;;;;
EVTNAME46414;Victory in the Eastern Province;;;;;;;;;;;;;
EVTDESC46414;The_patriots_in_the_Eastern_Province_have_won_their_independence,_and_the_Brazilian_government_has_been_compelled_to_acknowledge_their_accession_to_the_United_Provinces._This_is_a_proud_day!;;;;;;;;;;;;;
EVTNAME46415;Cisplatine Intervention?;;;;;;;;;;;;;
EVTDESC46415;The_Brazilian_province_of_Cisplatina_is_in_rebellion,_hoping_to_transfer_its_allegiance_to_the_United_Provinces_and_Buenos_Aires._The_fighting_has_dragged_on_and_is_beginning_to_seriously_disrupt_our_trade_on_the_River_Plate._Control_of_the_river_is_the_key_to_trade_throughout_southern_South_America,_and_we_would_prefer_that_Montevideo_not_be_in_the_hands_of_any_strong_nation.\n\nOur_diplomatic_corps_has_a_cunning_plan:_we_can_offer_to_mediate_between_Brazil_and_the_United_Provinces,_hinting_at_retaliation_if_either_side_refuses._If_we_can_make_peace,_we_will_proclaim_the_contested_territory_to_be_a_new,_independent_state---_guaranteed_by_us,_of_course._Shall_we_make_our_move?;;;;;;;;;;;;;
EVTNAME46416;British Mediation?;;;;;;;;;;;;;
EVTDESC46416;Our_war_in_Cisplatina_is_disrupting_trade_on_the_Rio_de_la_Plata,_and_the_United_Kingdom_now_informs_us_that_it_wishes_to_make_peace_between_us_and_the_United_Provinces---_if_only_to_restore_free_navigation._The_British_envoy_assures_us_that_they_intend_to_keep_Montevideo_from_Buenos_Aires'_control_and_guarantee_our_access_to_the_river._He_also_hints_that_Britain's_displeasure_could_only_make_things_more_difficult_for_us,_should_we_refuse._If_we_aren't_certain_we_can_win_the_war,_accepting_their_mediation_is_still_a_fairly_good_option._How_shall_we_respond?;;;;;;;;;;;;;
EVTNAME46417;Brazil Agrees;;;;;;;;;;;;;
EVTDESC46417;Brazil_has_committed_to_accept_the_results_of_our_mediation._Next_we_must_persuade_the_United_Provinces_to_participate_in_our_negotiations._We_will_remind_them_that_war_is_expensive..._and_that_Brazil_isn't_the_only_nation_they_could_find_themselves_at_war_with.;;;;;;;;;;;;;
EVTNAME46418;Brazil Refuses;;;;;;;;;;;;;
EVTDESC46418;Brazil_has_refused_to_accept_our_mediation!_Considering_that_the_territory_at_question_was_originally_theirs,_if_they_don't_agree_to_our_involvement_then_there_is_no_reason_why_the_United_Provinces_would._We_will_have_to_accept_the_results_that_the_belligerents_work_out_between_themselves..._and_consider_punishing_Brazil's_impertinence.;;;;;;;;;;;;;
EVTDESC46419;Our_war_in_the_Eastern_Province_is_disrupting_trade_on_the_Rio_de_la_Plata,_and_the_United_Kingdom_now_informs_us_that_it_wishes_to_make_peace_between_us_and_Brazil---_if_only_to_restore_free_navigation._The_war_is_dragging_on,_and_we_can't_keep_this_up_indefinitely.\n\nThe_British_envoy_proposes_to_establish_the_province_as_a_new,_independent_state,_thus_at_least_keeping_Montevideo_from_Brazil's_control._It_isn't_the_outcome_we_were_hoping_for,_but_the_envoy_implies_that_we_could_face_retaliation_from_the_United_Kingdom_if_we_don't_comply._Do_we_dare_defy_the_British?;;;;;;;;;;;;;
EVTNAME46420;Treaty of Montevideo;;;;;;;;;;;;;
EVTDESC46420;The_United_Kingdom_has_negotiated_peace_on_the_Rio_de_la_Plata._Both_parties_to_the_conflict_have_agreed_to_recognize_a_new,_independent_state_of_Uruguay_on_the_eastern_shore_of_the_river._All_parties_have_committed_to_defend_universal_free_navigation_on_the_river,_and_the_British_will_guarantee_the_independence_of_the_new_state._British_commercial_interests_in_South_America_are_greatly_advanced.;;;;;;;;;;;;;
EVTNAME46421;Buenos Aires Refuses;;;;;;;;;;;;;
EVTDESC46421;The_United_Provinces_have_refused_to_accept_our_mediation!_This_leaves_no_legitimate_grounds_for_our_involvement_in_their_current_conflict,_but_we_can_find_reasons_for_a_punitive_war,_should_we_wish_it---_accusing_their_warships_of_piracy_in_the_River_Plate's_estuary,_perhaps._They_will_regret_their_short-sightedness.;;;;;;;;;;;;;
EVTNAME46450;The Walloon Movement;;;;;;;;;;;;;
EVTDESC46450;A_group_of_intellectuals_and_writers_in_Wallonia_have_been_circulating_ideas_about_Francophone_nationalism_in_the_south,_complaining_about_the_supposed_marginalization_of_their_people_in_the_Netherlands._Now_the_activism_has_entered_a_new_stage,_and_a_political_movement_is_forming_to_demand_greater_rights_for_French-speaking_southerners,_or_even_independence._Though_small_now,_this_movement_could_grow_into_a_serious_problem_for_our_nation.;;;;;;;;;;;;;
EVTNAME46451;Wallingants in $PROVINCENAME$;;;;;;;;;;;;;
EVTDESC46451;Wallonian_separatism_has_taken_root_in_$PROVINCENAME$._This_brings_the_Walloon_Movement_to_ever_greater_national_prominence.;;;;;;;;;;;;;
EVTNAME46452;Wallingant Riot in $PROVINCENAME$;;;;;;;;;;;;;
EVTDESC46452;A_march_by_Wallonian_separatists_in_$PROVINCENAME$_has_turned_into_a_riot,_and_the_city_is_shaken._Everyday_citizens_are_horrified_by_the_violence,_and_the_Wallonian_community_is_outraged_at_what_they_call_police_brutality.;;;;;;;;;;;;;
EVTNAME46453;Wallonian Autonomy?;;;;;;;;;;;;;
EVTDESC46453;A_possible_solution_to_the_ongoing_Wallonian_unrest_has_presented_itself._A_bill_has_been_brought_before_parliament_that_would_devolve_most_domestic_powers_to_a_Wallonian_regional_government._Wallonia_would_become_largely_autonomous,_with_the_central_government_managing_only_its_foreign_policy._This_would_substantially_diminish_our_nation,_both_geographically_and_economically,_but_it_would_lay_this_separatist_movement_to_rest_for_good._Will_the_government_enact_this_legislation?;;;;;;;;;;;;;
EVTNAME46616;Tensions in the Falklands;;;;;;;;;;;;;
EVTDESC46616;The_Falkland_Islands_of_the_south_Atlantic_were_a_British_naval_staging_ground_in_the_days_of_the_American_Revolution,_but_Britain_hasn't_actively_occupied_the_islands_in_decades._Spain_claimed_them_around_the_turn_of_the_century,_but_soon_enough_their_entire_viceroyalty_of_Rio_de_la_Plata_rebelled_and_broke_free._Now_the_successor_government_in_Buenos_Aires_is_trying_to_revive_the_Spanish_claim,_and_has_begun_actively_settling_the_islands._We_might_not_care,_except_that_the_Argentines_have_begun_trying_to_restrain_and_tax_seal_hunting_and_whaling_off_the_islands,_and_some_of_our_merchants_have_been_arrested._We_could_send_a_few_warships_to_reclaim_the_islands,_or_we_could_accept_the_loss_and_move_on._Which_shall_it_be?;;;;;;;;;;;;;
EVTNAME46617;Tensions in the Malvinas;;;;;;;;;;;;;
EVTDESC46617;The_governor_we_assigned_to_manage_the_settlement_of_the_Malvinas_has_provoked_an_international_conflict_by_trying_to_arrest_the_foreign_crew_of_a_ship_caught_poaching_seals_in_the_islands._British_warships_have_now_arrived_in_Port_Luis_and_expelled_our_government._The_British_envoy_says_that_this_is_not_an_act_of_war,_but_it_certainly_feels_like_one._He_says_that_the_Islands_were_British_territories_some_fifty_years_ago,_and_the_British_are_merely_restoring_their_rule._We_can_insist_that_this_constitutes_an_invasion_and_fight_to_take_the_islands_back,_or_we_can_accept_the_loss_while_registering_diplomatic_protest._What_is_our_response?;;;;;;;;;;;;;
EVTNAME46618;Argentine Resistance;;;;;;;;;;;;;
EVTDESC46618;Buenos_Aires_refuses_to_give_up_the_islands,_and_insists_that_we_have_committed_an_act_of_war_by_seizing_them._To_back_down_now_would_be_impossible,_so_we_find_ourselves_at_war.;;;;;;;;;;;;;
EVTNAME46619;Argentine Acquiescence;;;;;;;;;;;;;
EVTDESC46619;Buenos_Aires_agrees_to_relinquish_control_of_the_islands,_though_resentfully._Our_naval_base_by_the_Horn_is_recovered,_and_without_a_shot_fired!;;;;;;;;;;;;;
EVTNAME46630;Claiming South Georgia;;;;;;;;;;;;;
EVTDESC46630;Our_control_of_the_Malvinas_gives_us_a_natural_claim_on_their_neighbors,_South_Georgia_and_the_South_Sandwich_Islands._We_should_dispatch_an_expedition_to_at_least_plant_the_flag_and_assert_our_sovereignty,_before_someone_else_beats_us_to_it.;;;;;;;;;;;;;
EVTNAME900271;Greece Demands Epirus;;;;;;;;;;;;;
EVTDESC900271;The_government_of_Greece_sent_a_demand_that_the_state_of_Epirus_be_returned_to_their_rightful_control.;;;;;;;;;;;;;
EVTNAME90039;The End of the Sepoy Rebellion;;;;;;;;;;;;;
EVTDESC90039;The_bloody_uprising_of_the_Sepoys_has_been_brought_to_an_end_by_the_force_of_arms,_and_$COUNTRY_ADJ$_control_has_been_re-established_in_India._With_the_rebel_strongholds_retaken_and_the_last_pockets_of_resistance_cleaned_up,_peace_and_stability_should_gradually_return_to_the_subcontinent.;;;;;;;;;;;;;
EVTDESC90039_NEWS_SHORT;The_bloody_uprising_of_the_Sepoys_has_been_brought_to_an_end,_and_peace_and_stability_should_gradually_return_to_India.;;;;;;;;;;;;;
EVTDESC90039_NEWS_MEDIUM;The_bloody_uprising_of_the_Sepoys_has_been_brought_to_an_end_by_$COUNTRY_ADJ$_colonial_authorities._With_the_rebel_strongholds_retaken_and_the_last_pockets_of_resistance_cleaned_up,_peace_and_stability_should_gradually_return_to_India.;;;;;;;;;;;;;
EVTDESC90039_NEWS_LONG;The_bloody_uprising_of_the_Sepoys_has_been_brought_to_an_end_by_the_force_of_arms,_and_$COUNTRY_ADJ$_control_has_been_re-established_in_India._With_the_rebel_strongholds_retaken_and_the_last_pockets_of_resistance_cleaned_up,_peace_and_stability_should_gradually_return_to_the_subcontinent.;;;;;;;;;;;;;
EVTNAME90059;Schleswig-Holstein Annexed;;;;;;;;;;;;;
EVTNAME90095;Egypt Reduced;;;;;;;;;;;;;
EVTDESC90095;Despite_our_recent_defeat,_the_Sultan_has_decided_to_confirm_Egypt's_autonomous_government._However,_all_the_territories_we_had_acquired_outside_of_Egypt_and_Sudan_are_to_be_returned_to_direct_Imperial_administration---_including,_prominently,_the_Hedjaz_and_its_Holy_Cities._Egypt_is_once_again_merely_one_Ottoman_vassal_among_many.;;;;;;;;;;;;;
EVTNAME90145;No More Slaves;;;;;;;;;;;;;
EVTDESC90145;With_the_loss_of_our_colonies_in_Cuba_and_Puerto_Rico,_there_are_essentially_no_slaves_left_within_our_empire._At_this_point_outlawing_slavery_would_be_largely_an_academic_technicality,_but_we_may_as_well_draw_up_a_proclamation_and_appease_our_liberal_reformers_in_a_relatively_painless_way.;;;;;;;;;;;;;
EVTNAME95029;The Establishment of Liberia;;;;;;;;;;;;;
EVTDESC95029;In_the_early_1820s_a_number_of_American_"colonization_societies"_established_outposts_on_the_Pepper_Coast_of_Africa,_to_which_they_encouraged_freed_American_slaves_to_remove_themselves._In_1822_several_of_these_colonies_united_and_proclaimed_the_foundation_of_the_new_nation_of_Liberia,_intended_as_a_bastion_of_liberty_on_the_dark_continent_and_a_perpetual_home_for_African-Americans.;;;;;;;;;;;;;
EVTNAME95070;The November Uprising;;;;;;;;;;;;;
EVTDESC95070;In_the_1820s_the_Russian_Tsar_undermined_the_Polish_constitution_that_had_been_established_at_the_Congress_of_Vienna,_taking_steps_toward_integrating_Poland_fully_into_Russia._The_dissolution_of_their_democratic_system_led_to_unrest_among_the_Polish_and_Lithuanian_peoples_of_the_Russian_West,_and_an_open_rebellion_broke_out_in_Warsaw_in_November_1830.;;;;;;;;;;;;;
EVTDESC95071;The_Russian_Tsar_has_progressively_violated_our_constitution_and_intends_to_integrate_Poland_fully_into_Russia._Tonight_a_group_of_patriotic_officers_in_Warsaw_has_attacked_the_palace_and_seized_the_arsenal,_declaring_Poland_independent._For_the_moment,_popular_sentiment_supports_a_rebellion,_and_war_with_Russia_now_seems_inevitable._We_should_seek_out_patrons_among_the_great_powers_who_might_help_to_legitimize_our_uprising.;;;;;;;;;;;;;
EVTNAME95072;A Polish Uprising;;;;;;;;;;;;;
EVTDESC95072;In_the_past_decade_the_Russian_Tsar_has_undermined_the_Polish_constitution_and_is_taking_steps_toward_integrating_Poland_fully_into_Russia._Now_it_seems_that_the_Poles_have_risen_up_in_rebellion_against_the_Tsar_and_are_seeking_patrons_among_the_other_Powers._If_we_acknowledged_the_rebellion_as_legitimate_it_would_win_us_some_influence_over_a_prospective_independent_Poland,_but_it_would_antagonize_Russia_and_could_lead_to_further_Polish_separatism._Should_we_give_diplomatic_support_to_the_Poles?;;;;;;;;;;;;;
EVTNAME95074;Ottoman Empire Surrenders!;;;;;;;;;;;;;
EVTDESC95074;Russia's_armies_have_decisively_defeated_the_Ottoman_Empire_and_forced_them_to_the_peace_table._As_we_feared,_it_appears_that_Russia_will_profit_from_this_intervention_a_great_deal_more_than_$COUNTRY$_will.;;;;;;;;;;;;;
EVTNAME95075;The Treaty of Adrianople;;;;;;;;;;;;;
EVTDESC95075;The_Ottoman_Empire_has_been_decisively_defeated,_and_now_the_Christian_powers_of_Europe_have_forced_it_to_acknowledge_the_Greek_kingdom._The_Romanian_principalities_are_now_guaranteed_by_Russia,_and_Russia_has_annexed_the_mouth_of_the_Danube_and_more_of_the_Black_Sea_coast._Other_national_minorities_in_the_Balkans_will_surely_be_encouraged_to_follow_the_example_of_the_Greeks._This_is_a_dark_day_for_the_Empire!;;;;;;;;;;;;;
EVTNAME95254;Malacca Concession Demanded;;;;;;;;;;;;;
EVTDESC95254;Our_mutual_colonial_ambitions_in_the_East_Indies_are_bringing_us_into_increasing_conflict_with_the_British._Tensions_are_particularly_high_surrounding_the_Straits_of_Malacca,_a_key_channel_for_mercantile_navigation_in_the_East._Something_must_be_done_to_resolve_the_growing_conflict_between_our_merchants.\n\nNow_the_British_have_demanded_that_we_withdraw_from_the_Malay_Peninsula_and_concede_all_our_territories_and_influence_north_of_the_Straits_to_them._Should_we_concede_our_colony?;;;;;;;;;;;;;
EVTNAME95256;Malacca Proposal Rebuffed;;;;;;;;;;;;;
EVTDESC95256;The_Dutch_have_refused_our_proposal_and_insist_that_they_will_retain_their_colonies_in_Malacca._Perhaps_we_must_consider_other_means_of_persuading_them...;;;;;;;;;;;;;
EVTNAME95670;The Return of the King;;;;;;;;;;;;;
EVTDESC95670;When_our_armies_seized_control_of_Assam,_the_Ahom_king_fled_westward_into_British_territory._We_would_very_much_like_to_have_him_in_custody,_so_that_we_might_eliminate_all_credible_challenges_to_our_sovereignty_in_Assam._The_British_colonial_government,_however,_is_hosting_the_fugitive_king,_no_doubt_hoping_that_his_survival_will_destabilize_our_new_holdings._We_could_demand_his_extradition,_though_the_British_would_likely_refuse_and_we_could_only_force_the_issue_by_arms._Or,_we_could_accept_that_he_is_lost_to_us_and_concentrate_on_suppressing_the_likely_unrest_in_Assam.;;;;;;;;;;;;;
EVTNAME95672;The British Agree!;;;;;;;;;;;;;
EVTDESC95672;The_last_king_of_Assam_is_imprisoned_in_Ava,_and_the_Assamese_elites_now_have_little_choice_but_to_acknowledge_our_rule._This_is_a_proud_day_for_the_Burmese_Empire!;;;;;;;;;;;;;
EVTNAME95673;The British Refuse!;;;;;;;;;;;;;
EVTDESC95673;The_British_have_refused_to_extradite_the_Assamese_king,_and_now_we_must_decide_whether_to_make_good_on_our_threats._We_could_use_their_refusal_to_justify_further_expansion_into_East_Bengal---_but_we_must_realize_that_the_British_will_also_be_viewing_this_conflict_as_an_excuse_to_take_some_of_our_lands._Do_we_dare_provoke_the_British?_Or,_must_we_back_down_and_manage_Assam_as_best_we_can?;;;;;;;;;;;;;
EVTNAME95674;The Burmese Capitulate;;;;;;;;;;;;;
EVTDESC95674;After_hearing_our_refusal_to_release_the_Assamese_king,_the_Burmese_envoy_artfully_climbed_down_from_his_earlier_intimations_of_war_and_took_his_leave._It_seems_that_Burma_dares_not_provoke_us_openly;_and_we_four_our_part_will_happily_let_this_king's_allies_sow_unrest_in_Assam.;;;;;;;;;;;;
EVTNAME95675;Victory over the British;;;;;;;;;;;;;
EVTDESC95675;Having_faced_down_the_British_on_the_field_of_battle,_we_have_compelled_their_colonial_government_to_acknowledge_our_rule_in_Assam_and_turn_over_the_fugitive_king._This_is_a_proud_day_for_the_Burmese_Empire!;;;;;;;;;;;;;
EVTNAME95676;Defeat by the British;;;;;;;;;;;;;
EVTDESC95676;In_the_end_we_were_unable_to_withstand_the_British_forces,_and_our_entire_western_frontier_is_now_threatened._We_must_prepare_ourselves_for_further_difficulties_with_British_India_in_the_years_to_come.;;;;;;;;;;;;;
EVTNAME95677;The Treaty of Yandabo;;;;;;;;;;;;;
EVTDESC95677;Our_armies_are_in_disarray,_and_the_British_are_marching_on_the_palace._For_peace_the_British_envoy_now_demands_that_all_of_Assam_and_Arakan_be_transferred_to_British_India,_along_with_our_southern_coastline_and_a_massive_indemnity._This_is_a_crushing_indignity_for_the_Empire,_but_the_alternative_appears_to_be_total_destruction._Will_we_sign_this_treaty?;;;;;;;;;;;;;
EVTDESC95678;After_a_crushing_defeat_by_British_colonial_forces,_Burma_has_conceded_all_of_Assam_to_British_India,_along_with_Arakan_and_Burma's_southward_coastline._The_Burmese_court_also_agrees_to_pay_a_massive_indemnity_to_the_British_colonial_administration,_in_reparation_for_the_cost_of_the_war._Burma's_power_is_shattered,_and_Britain_ascends_still_further.;;;;;;;;;;;;;
EVTNAME95679;Treaty Refused!;;;;;;;;;;;;;
EVTDESC95679;The_Burmese_court_has_outrageously_refused_to_accept_our_peace_terms,_despite_their_utter_inability_to_resist_our_armed_forces._We_should_expand_our_demands_for_their_territory,_and_perhaps_commit_a_few_atrocities_against_their_people_for_good_measure.;;;;;;;;;;;;;
EVTNAME97021;The Draft Constitution;;;;;;;;;;;;;
EVTDESC97021;King_John_VI_has_returned_to_Europe_from_his_court_in_Rio_de_Janeiro,_leaving_the_crown_prince,_Dom_Pedro,_to_govern_Brazil_as_his_viceroy._The_Portuguese_Cortes_has_produced_a_new_draft_constitution_which_greatly_reduces_the_powers_of_the_monarch_and_raises_the_sensitive_question_of_the_status_of_Brazil.\nWhile_the_royal_court_was_in_Rio_de_Janeiro,_Brazil_was_elevated_to_the_status_of_a_peer_kingdom_united_with_Portugal_under_one_monarch,_and_many_legal_and_commercial_restrictions_from_the_colonial_period_were_removed._Now,_the_Portuguese_nobility_are_agitating_for_Brazil's_colonial_status_to_be_restored_and_Portugal's_primacy_re-established._If_Brazil_is_returned_to_colonial_dependency_it_will_greatly_upset_the_Brazilians,_who_feel_that_they_deserve_to_be_full_citizens_of_the_Portuguese_nation._But,_if_Brazil's_autonomy_as_a_kingdom_is_respected_we_face_massive_reactionary_unrest_in_Portugal._What_should_Brazil's_status_be?;;;;;;;;;;;;;
EVTNAME97022;Dom Pedro's Refusal;;;;;;;;;;;;;
EVTDESC97022;When_the_new_constitution_reduced_Brazil's_autonomy,_the_young_prince_regent_was_informed_that_he_would_no_longer_need_to_oversee_the_regional_government_in_Rio_de_Janeiro._But,_after_months_of_requests,_commands,_and_outright_threats_from_the_Cortes,_Dom_Pedro_has_flatly_refused_to_return_to_the_royal_court_in_Lisboa._The_crown_prince_insists_that_he_will_carry_on_as_Regent_of_Brazil,_and_it_seems_he_has_the_support_of_many_aggrieved_Brazilian_nobles_and_notables,_who_deeply_resent_Brazil's_reduced_status_under_the_new_constitution._The_parliament_is_somewhat_at_a_loss_as_to_how_it_should_rein_in_this_rogue_royal.;;;;;;;;;;;;;
EVTNAME97023;The Cry of Ipiranga;;;;;;;;;;;;;
EVTDESC97023;The_die_is_cast._Hostilities_between_Brazilian_independentists_and_Portuguese_loyalists_have_erupted_into_open_rebellion_in_America,_and_Dom_Pedro_has_definitively_taken_the_side_of_the_rebellion._The_Cortes_sent_the_prince_a_letter_informing_him_in_no_uncertain_terms_that_the_Brazilian_government_in_Rio_de_Janeiro_had_been_dissolved_and_that_all_who_defied_the_Portuguese_court_would_be_punished_by_force._It_is_said_that,_upon_reading_the_letter,_Pedro_immediately_mounted_his_horse,_drew_his_sword,_and_proclaimed_Brazil's_ties_to_Portugal_forever_severed._It_seems_that_war_is_now_inevitable.;;;;;;;;;;;;;
EVTNAME97024;The End of the United Kingdom;;;;;;;;;;;;;
EVTDESC97024;The_United_Kingdom_of_Portugal,_Brazil_and_the_Algarves_is_no_more._Brazil_has_won_its_independence,_and_the_Portuguese_Empire_has_lost_its_crowning_jewel._Portugal's_decline_seems_assured.;;;;;;;;;;;;;
EVTNAME97025;The Brazilian Empire;;;;;;;;;;;;;
EVTDESC97025;Brazil_stands_victorious,_and_is_now_welcomed_into_the_community_of_nations_as_a_free_and_sovereign_state._Our_onetime_prince_regent_Dom_Pedro_has_acquiesced_to_the_universal_demand_and_accepted_the_crown_of_Brazil._He_is_now_Emperor_Pedro_I_of_Brazil,_first_monarch_of_the_Brazilian_Empire._May_our_realm_prosper_and_grow_in_peace!;;;;;;;;;;;;;
EVTNAME97026;Brazil's Status;;;;;;;;;;;;;
EVTDESC97026;The_new_absolutist_regime_has_suspended_the_constitution_of_1822_and_says_it_is_determined_to_restore_Brazil's_colonial_dependency_upon_Portugal._Having_had_its_autonomy_guaranteed_once,_Brazil_can_never_accept_subjugation_without_a_fight._Armies_are_mustering_on_both_sides,_and_war_will_now_decide_the_fate_of_Brazil.;;;;;;;;;;;;;
EVTNAME97027;Demands of the Absolutists;;;;;;;;;;;;;
EVTNAME97028;Full Independence?;;;;;;;;;;;;;
EVTDESC97028;A_fiery_speech_delivered_in_parliament_today_is_the_talk_of_the_nation._The_impassioned_orator_decried_Brazil's_continued_subordination_to_a_crown_four_thousand_miles_away._Is_it_not_time,_he_asked,_that_Brazil_stood_on_its_own_and_sought_its_own_destiny?_He_speaks_for_a_growing_number_of_our_people_who_feel_that_we_have_drifted_apart_from_Portugal,_that_the_Portuguese_monarchy_has_done_little_to_deserve_our_continued_loyalty._Many_believe_it_is_time_for_full_independence,_and_an_end_to_the_United_Kingdom._Are_we_prepared_to_send_an_ultimatum_to_the_Portuguese_Cortes_insisting_on_full_Brazilian_independence?_Or,_must_the_people's_cry_for_freedom_go_unheard?;;;;;;;;;;;;;
EVTNAME97029;A Brazilian Ultimatum;;;;;;;;;;;;;
EVTDESC97029;A_worrisome_political_movement_in_Brazil_has_begun_to_agitate_for_full_independence_from_Portugal,_and_it_seems_now_to_have_infected_the_Brazilian_political_class,_as_well._The_regional_government_in_Rio_de_Janeiro_has_submitted_an_ultimatum_to_the_Cortes,_announcing_Brazil's_intention_to_dissolve_the_United_Kingdom_and_form_an_independent_state._Of_course,_such_a_step_would_be_intolerable_for_Portugal..._unless_we_don't_believe_we_can_stop_it._Acceding_to_Brazil's_demands_without_a_fight_would_humiliate_Portugal_and_enrage_our_nationalists,_but_the_only_alternative_now_seems_to_be_war._What_is_Portugal's_response?;;;;;;;;;;;;;
EVTNAME97030;The Death of John VI;;;;;;;;;;;;;
EVTDESC97030;The_king_has_died,_and_Portugal_is_faced_with_a_dilemma._His_older_son,_Pedro,_is_a_constitutionalist_and_liberal_darling,_but_he_recently_rebelled_against_his_father_and_became_Emperor_of_Brazil._The_king's_younger_son,_Miguel,_is_an_absolutist_and_has_the_support_of_the_reactionary_aristocracy,_but_he_has_been_in_exile_since_a_failed_coup_attempt.\nIf_Pedro_succeeded_his_father,_it_would_bring_Portugal_and_Brazil_into_a_personal_union,_an_outcome_neither_nation_now_wants._Instead,_Pedro_means_to_pass_the_Portuguese_crown_directly_to_his_daughter,_Maria_da_Gloria,_after_swearing_that_the_Constitution_will_be_upheld._Miguel,_for_his_part,_would_take_the_crown_and_likely_abolish_the_Cortes_and_the_constitution,_restoring_absolute_rule._Either_ruler_would_provoke_a_backlash_from_the_opposing_camp._How_will_this_crisis_be_resolved?;;;;;;;;;;;;;
EVTNAME97031;Intervention in Portugal?;;;;;;;;;;;;;
EVTDESC97031;Portugal_is_in_the_midst_of_a_succession_crisis,_with_late_King_John_VI's_two_sons_struggling_over_the_crown_and_the_constitution._Pedro,_previously_the_Brazilian_Emperor,_is_now_raising_a_liberal_rebellion_against_the_absolutist_Miguel,_and_he_has_the_support_of_the_bourgeoisie_in_Porto_and_the_Azores._With_a_small_injection_of_arms_and_funds_from_us,_his_faction_could_likely_restore_constitutional_rule_in_Portugal._Can_we_spare_some_ships_and_soldiers_to_covertly_foment_this_rebellion?;;;;;;;;;;;;;
EVTNAME97039;An Iberian Destiny?;;;;;;;;;;;;;
EVTDESC97039;Portugal's_dominant_position_on_the_Iberian_Peninsula_makes_the_formation_of_a_pan-Iberian_federation_a_real_possibility._However,_an_increased_emphasis_on_the_nation's_Iberian_identity_would_likely_upset_our_citizens_overseas,_who_feel_less_attached_to_their_Iberian_heritage._Further,_the_formation_of_a_Brazilian-Iberian_state_would_seriously_disturb_the_balance_of_power_in_Europe,_upsetting_the_other_Great_Powers_and_risking_their_intervention._We_could_unite_all_of_Iberia_with_Brazil_and_suffer_the_consequences_to_our_reputation,_or_compromise_by_forming_an_Iberian_Federation_and_devolving_home_rule_to_a_Brazilian_government._Or,_we_could_turn_our_backs_on_the_Iberian_project_and_preserve_our_unification_with_Brazil._Which_way_does_Portugal's_destiny_lie?;;;;;;;;;;;;;
EVTNAME97040;A Peruvian Confederation?;;;;;;;;;;;;;
EVTDESC97040;The_regions_of_Upper_and_Lower_Peru_are_linked_by_centuries_of_history,_trade_and_politics._After_independence,_popular_sentiment_in_both_countries_favored_unification_to_form_a_great_Confederation_of_the_Perus._However,_Simon_Bolivar_opposed_such_a_confederation_because_it_could_challenge_his_Colombian_federation_for_dominance_among_the_former_Spanish_territories._His_forces_installed_a_friend_as_president_in_Bolivia_as_the_war_with_the_Spanish_ended,_but_the_Peruvian_government_believed_that_unification_could_be_achieved_if_a_change_of_leadership_in_Bolivia_could_be_arranged,_perhaps_by_force.;;;;;;;;;;;;;
EVTDESC97041;The_regions_of_Upper_and_Lower_Peru_are_linked_by_centuries_of_history,_trade_and_politics._After_independence,_popular_sentiment_in_both_countries_favored_unification_to_form_a_great_Confederation_of_the_Perus._However,_Simon_Bolivar_opposed_such_a_confederation_because_it_could_challenge_his_Colombian_federation_for_dominance_among_the_former_Spanish_territories._Our_current_president_is_a_friend_of_Bolivar_and_would_never_agree_to_unification_with_Peru,_but_a_change_of_leadership_could_be_arranged,_if_we_believed_it_to_be_in_the_nation's_interest._If_we_refuse,_the_unionists_in_our_nation_could_make_things_difficult_for_us...;;;;;;;;;;;;;
EVTDESC97042;Bolivia_has_repulsed_our_attacks,_this_time._Our_interest_in_unification_remains,_and_they_may_be_convinced_yet.;;;;;;;;;;;;;
EVTNAME97043;War with Peru?;;;;;;;;;;;;;
EVTDESC97043;Peru_has_forced_out_the_Colombia-friendly_government_in_Bolivia,_and_even_now_they_are_beginning_negotiations_to_establish_a_Peruvian_confederation_to_our_south._Can_we_tolerate_the_emergence_of_such_a_rival_power_in_South_America?_Surely_Peru_must_be_punished_for_ousting_the_governor_we_so_carefully_installed_in_Chuqisaca.;;;;;;;;;;;;;
EVTNAME97045;Confederation Conflicts;;;;;;;;;;;;;
EVTDESC97045;Both_Bolivia_and_Peru_now_agree_that_a_confederation_must_be_formed_between_our_nations._Unfortunately,_we_cannot_seem_to_agree_upon_a_political_structure_for_that_new_polity._Essentially,_both_governments_intend_to_dominate_the_confederation,_and_both_are_unwilling_to_concede_any_power_to_the_other._Negotiations_are_ongoing,_but_little_progress_seems_to_be_forthcoming._Perhaps_we_should_simplify_the_process_by_letting_arms_speak...;;;;;;;;;;;;;
EVTNAME97046;The Three Republics;;;;;;;;;;;;;
EVTDESC97046;Peru_has_been_divided_into_two_republics,_Northern_Peru_and_Southern_Peru._Both_are_now_united_with_Bolivia_under_the_central_government_in_La_Paz.;;;;;;;;;;;;;
EVTNAME97047;The Peruvian Confederation;;;;;;;;;;;;;
EVTDESC97047;Lower_and_Upper_Peru_are_now_united_in_a_great_confederation._Our_people_are_still_getting_used_to_the_idea,_and_certain_factions_in_the_north_strongly_resist_the_union._More_importantly,_our_neighbors_feel_threatened_and_are_likely_to_intervene_to_disrupt_our_project_of_unification._In_these_early_days_of_our_new_nation,_we_should_prepare_for_trouble...;;;;;;;;;;;;;
EVTNAME97078;Settling the Galapagos;;;;;;;;;;;;;
EVTDESC97078;The_Galapagos_Islands_off_$COUNTRY$'s_west_coast_have_sheltered_whalers_in_need_of_food,_water_and_repairs_for_many_decades,_but_they_have_never_been_permanently_settled._The_islands_are_rocky_and_barren,_with_little_to_recommend_them_as_a_home._Nevertheless,_we_should_establish_our_legal_sovereignty_over_them_more_firmly_by_founding_a_settlement_and_flying_the_flag._Perhaps_we_can_ship_some_convicts_over_to_harvest..._whatever_it_is_that_grows_there.;;;;;;;;;;;;;
EVTDESC97133;With_the_arrival_of_the_$COUNTRY_ADJ$_governor_into_$PROVINCENAME$,_an_effort_has_begun_to_incorporate_$COUNTRY_ADJ$_$STATENAME$_into_the_larger_Malayan_administration.;;;;;;;;;;;;;
EVTNAME97580;Union with Mexico?;;;;;;;;;;;;;
EVTDESC97580;Our_young_nation_stands_at_a_crossroads._We_have_not_yet_had_time_to_hold_a_constituent_assembly,_but_the_provisional_governing_council_has_just_received_a_proposal_from_Mexico's_transitional_government:_our_six_provinces_are_invited_to_join_the_new_Mexican_empire.\n\nOur_liberals_are_divided:_some_are_determined_to_have_an_independent_republic,_yet_others_approve_of_Mexico's_liberal_trade_policies_and_prohibition_of_slavery._The_conservatives_and_the_clergy,_however,_are_united:_they_wish_to_see_us_back_under_a_proper_Catholic_monarchy._Which_way_does_Central_America's_destiny_lie?;;;;;;;;;;;;;
EVTNAME97581;Annex Central America?;;;;;;;;;;;;;
EVTDESC97581;The_Central_American_provisional_government_in_Guatemala_City_has_petitioned_to_join_its_lands_to_the_Mexican_Empire._It_isn't_often_that_a_nation_can_expand_so_dramatically_without_firing_a_shot---_but,_if_we_fear_overextension,_we_could_still_turn_them_down.;;;;;;;;;;;;;
EVTNAME97582;Political Reorganization?;;;;;;;;;;;;;
EVTDESC97582;Conflict_in_the_Federal_Republic_has_reached_the_boiling_point._The_Congress_is_now_dominated_by_the_voices_of_the_regional_separatists,_who_say_they_intend_to_enact_a_measure_authorizing_each_province_to_"reorganize"_its_political_structures---_that_is,_to_secede_from_the_Federation._Democratic_rule_seems_to_have_failed_Central_America,_and_it_is_unclear_how_the_union_can_be_preserved_from_here._We_could_try_using_executive_power_to_threaten_any_would-be_secessionists_with_immediate_war._Or,_we_could_simply_dissolve_the_Congress_before_the_measure_comes_to_a_vote_and_try_to_maintain_order_until_the_crisis_passes.;;;;;;;;;;;;;
EVTNAME164550;Khoja Rebellion;;;;;;;;;;;;;
EVTDESC164550;An_earthquake_has_devastated_the_Ferghana_valley,_and_a_Turkestani_Muslim_leader_by_the_name_of_Jahangir_Khoja_has_taken_advantage_of_the_chaos_to_raise_a_rebellion_against_Manchu_rule._The_Uighur_peoples_of_the_northwest_are_rallying_behind_him,_and_the_imperial_garrisons_in_the_region's_cities_have_been_massacred._Qing_cannot_tolerate_this_sort_of_rabble_rousing!;;;;;;;;;;;;;
EVTDESC190130;For_years_Borneo_has_been_a_common_destination_for_Chinese_workers_and_settlers,_many_of_whom_are_enticed_to_work_for_the_rich_sultans_of_the_island_in_precious_metal_mining_communities_-_kongsi,_as_they_are_called_by_the_Chinese._In_1777,_a_Hakka_Chinese_named_Luo_Fangbo_established_one_kongsi_in_Pontianak_as_a_full-fledged_independent_republic,_co-existing_peacefully_the_with_neighboring_sultans._It_has_helped_protect_Chinese_settlers_in_Borneo_for_decades_now,_and_as_the_first_republic_in_the_history_of_Asia,_is_a_remarkably_modern_state_for_its_time.;;;;;;;;;;;;;
EVTDESC190131;The_Lanfang_Republic_is,_although_independent,_a_tributary_state_of_the_Qing_Empire,_and_must_pay_occasional_sums_of_money_to_the_Emperor._In_exchange,_they_ensure_that_new_Chinese_settlers_from_the_mainland_arrive_safely_in_our_capital,_providing_for_a_larger_workforce.;;;;;;;;;;;;;
EVTDESC190132;An_envoy_from_the_Lanfang_Republic_in_the_south_has_come_to_our_court_with_their_tribute,_just_as_expected_of_them._In_return,_we_should_send_Hakka_settlers_to_Borneo,_to_ensure_their_future_growth_and_strength,_so_that_they_may_remain_an_independent_Chinese_presence_in_the_southern_islands.;;;;;;;;;;;;;
EVTDESC190133;These_last_years_have_been_tumultuous_for_Lanfang,_but_in_the_face_of_adversity,_we_have_managed_to_become_a_modern,_westernized_country._There_are_still_those_in_our_midst_who_think_that_we_have_strayed_too_far_from_tradition,_but_most_will_agree_that_this_is_for_the_best._In_order_to_hold_Western_imperialism_back_from_our_sacred_borders,_we_must_embrace_what_makes_those_same_Westerners_strong,_and_use_it_against_them._Only_in_this_way_can_we_survive.;;;;;;;;;;;;;
EVTDESC201070;A_cache_of_human_figurines_made_of_worked_gold_have_been_uncovered_in_our_Inca_dig_site._The_craftsmanship_is_exceptional,_and_both_the_designs_and_the_construction_will_give_us_meaningful_insight_into_the_culture_and_technology_of_the_Inca_people.;;;;;;;;;;;;;
EVTNAME201071;A Temple of the Sun;;;;;;;;;;;;;
EVTDESC201071;A_breakthrough_in_the_Andes!_Our_archaeologists_have_located_a_major_Inca_temple_complex._Its_walls_are_covered_in_brilliant_frescoes_depicting_myths_and_religious_ceremonies,_and_a_number_of_tools,_garments_and_textiles_have_been_remarkably_well_preserved_by_the_arid_Andean_climate._It_is_clear_that_the_Inca_were_wealthier_and_more_culturally_sophisticated_than_was_previously_suspected.;;;;;;;;;;;;;
EVTNAME201072;The Golden Raft;;;;;;;;;;;;;
EVTDESC201072;After_all_the_careful_exploration_of_major_Inca_sites,_the_most_dramatic_breakthrough_yet_has_come_from_a_farming_village._A_ceramic_vessel_was_unearthed,_and_inside_was_a_breathtaking_golden_sculpture_of_an_early_Inca_chief_on_a_log_raft,_surrounded_by_priests_and_servants._Comparing_the_sculpture_with_frescoes_from_the_temples_and_regional_legends,_we_now_believe_that_the_chief_painted_himself_with_gold_dust_and_leapt_into_a_mountain_lake_to_make_offerings_to_appease_the_gods._It_seems_likely_that_this_ritual_is_the_ancient_origin_of_the_legend_of_"Golden_Kings"_that_so_tantalized_Spanish_explorers_centuries_ago._What_a_triumph_for_$COUNTRY_ADJ$_archaeology!;;;;;;;;;;;;;
EVTNAME1316095;Leasing a Port?;;;;;;;;;;;;;
EVTDESC1316095;Envoys_from_$FROMCOUNTRY$_have_approached_us_about_leasing_a_port_town_on_the_Guangzhou_coast_in_exchange_for_a_substantial_sum_of_money._The_port_is_of_no_particular_consequence_and_would_never_be_missed,_though_we_might_wish_to_think_twice_before_giving_even_more_foreigners_a_foothold_on_our_shores._Still,_their_proposal_is_respectful_and_their_offer_generous.;;;;;;;;;;;;;
EVTNAME1316096;China Agrees!;;;;;;;;;;;;;
EVTDESC1316096;Our_offer_has_been_accepted,_and_control_of_the_port_town_has_been_transferred_to_us._This_will_facilitate_our_trade_with_China_and_our_Asian_possessions.;;;;;;;;;;;;;
EVTNAME1316097;China Refuses!;;;;;;;;;;;;;
EVTDESC1316097;Our_offer_has_been_turned_down,_and_the_Chinese_seem_offended_that_we_even_asked._If_we_still_want_a_Chinese_port,_we'll_have_to_get_it_the_old-fashioned_way...;;;;;;;;;;;;;
henry_meiggs_title;Henry Meiggs' railways;;;;;;;;;;;;;
henry_meiggs_desc;The Andes make building railways in our country very difficult, but as fate would have it, an expert has arrived from America. Henry Meiggs, a brilliant businessman, has approached us proposing contracts all over the country following routes previously thought impassable to rail.;;;;;;;;;;;;;
warri_protectorate_title;The Warri Protectorate;;;;;;;;;;;;;
warri_protectorate_desc;The Urhobo and Itsekiri people of the Niger delta have been feuding violently and both wish to gain the upper hand in the struggle. Thus, playing the two off against each other, we can propose treaties of protection with both. Gunboats have been regularly sent into the delta as a show of force to demonstrate British supremacy to the inhabitants. Combined with the chiefs' lack of reading or writing skills, especially in English, it should be easy to get them to sign over their sovereignty and then gradually exert control over them until we fully integrate them into the Niger Coast Protectorate.;;;;;;;;;;;;;
calabar_protectorate_title;The Calabar Protectorate;;;;;;;;;;;;;
calabar_protectorate_desc;The coastal kingdom of Calabar has long been on good terms with Britain. Already asking for protection in 1846, this was denied due to the Calabarese practice of human sacrifice of wives and slaves upon the death of their master, which they abolished soon after. Since then, relations have been constantly improving, with missionaries slowly spreading Christianity and Queen Victoria even sending King Archibong III jewelry for his coronation. Calabar is now once more threatened by its stronger neighbors and requests we accept it as a protectorate.;;;;;;;;;;;;;
benin_expedition_title;The Benin Expedition;;;;;;;;;;;;;
benin_expedition_desc;Rich in rubber, palm-oil and ivory, the Kingdom of Benin is our most influential trading partner on the Niger Coast. Henry Gallwey, the Vice-Consul of the Niger Coast Protectorate visited it recently to sign a free trade treaty, describing it as described it 'a place of gratuitous barbarity which stinks of death'. This treaty was however immediately broken by the Oba of Benin who demanded tariffs continue. When traders refused this, he cut off trade to our Protectorate, harming its economy significantly. The acting Consul-General, James Robert Phillips, organized a troop to invade the kingdom to depose the Oba. However, as they were resting in a nearby village unarmed, a Beninese surprise attack wiped the force out. Now, London newspapers' headlines are covered with the 'Benin Massacre'. Action must be taken to avenge this heinous act.;;;;;;;;;;;;;
anglo_aro_war_title;The Aro War;;;;;;;;;;;;;
anglo_aro_war_desc;The Aro Confederacy of eastern Nigeria is one of the last holdouts of opposition to our rule. Raids on the outskirts of our territory to capture new slaves pose a threat to the stability of the Niger Coast Protectorate and it is our moral duty to put an end to the evils of slavery. Sir Ralph Moor, High Commissioner of the Niger Coast Protectorate has suggested we invade to end the slave raids and trade and impose British rule, spreading Christianity, western trading and justice.;;;;;;;;;;;;;
