Key;English;French;German;Polish;Spanish;Italian;Swedish;Czech;Hungarian;Dutch;Portuguese;Russian;Finnish
1830_NAME;1830: Liberty Leading the People;;;;;;;;;;;;;
wet_method;The Wet Method;;;;;;;;;;;;;
wet_method_desc;As opposed to the previously practiced dry method, the newly introduced wet method of coffee bean processing is significantly faster and has many advantages. It involves softening the beans by placing them in water, mechanically de-pulping them using a pulper and then putting them into a fermentation device for about a day to remove the resulting mucilage. The coffee beans are then washed and dried, whereupon their processing is complete. The resulting brew is of higher quality due to containing fewer faulty beans as their inner qualities are better preserved.;;;;;;;;;;;;;
Greater_Alaska_title;Greater Alaska;;;;;;;;;;;;;
Greater_Alaska_desc;§RGain 4 infamy§! We must expand to secure our position! To this end we must officially stake claim to lands surrounding us.;;;;;;;;;;;;;
claim_lorraine_als_title;Claim Lorraine;;;;;;;;;;;;;
claim_lorraine_als_desc;§RGain 4 infamy§! We must claim Lorraine if we wish to survive! Sandwiched between two great powers, we must expand quickly to defend ourselves.;;;;;;;;;;;;;
Claim_Luxemburg_title;Claim Luxemburg;;;;;;;;;;;;;
Claim_Luxemburg_desc;§RGain 4 infamy§! We must claim Luxemburg if we wish to survive! Sandwiched between two great powers, we must expand quickly to defend ourselves.;;;;;;;;;;;;;
Claim_Borderlands_title;Claim Borderlands;;;;;;;;;;;;;
Claim_Borderlands_desc;§RGain 10 infamy§! We must claim the Borderlands if we wish to survive! Sandwiched between two great powers, we must expand quickly to defend ourselves.;;;;;;;;;;;;;
Claim_Rheinland_title;Claim Rheinland;;;;;;;;;;;;;
Claim_Rheinland_desc;§RGain 6 infamy§! We must claim the Rheinland if we wish to survive! Sandwiched between two great powers, we must expand quickly to defend ourselves.;;;;;;;;;;;;;
Claim_Coast_title;Claim Coast;;;;;;;;;;;;;
Claim_Coast_desc;§RGain 10 infamy§! We must claim Coast if we wish to survive! Sandwiched between two great powers, we must expand quickly to defend ourselves.;;;;;;;;;;;;;
Claim_Northern_France_title;Claim Northern France;;;;;;;;;;;;;
Claim_Northern_France_desc;§RGain 4 infamy§! We must claim Northern France if we wish to survive! Sandwiched between two great powers, we must expand quickly to defend ourselves.;;;;;;;;;;;;;
Accept_Belgians_title;Accept the Belgians;;;;;;;;;;;;;
Accept_Belgians_desc;We must accept the Belgians if we wish to survive! Sandwiched between two great powers, we must pacify our minorities to defend ourselves.;;;;;;;;;;;;;
Accept_French_title;Accept the French;;;;;;;;;;;;;
Accept_French_desc;We must accept the French if we wish to survive! Sandwiched between two great powers, we must pacify our minorities to defend ourselves.;;;;;;;;;;;;;
Greater_Korea_title;Claim Greater Korea;;;;;;;;;;;;;
Greater_Korea_desc;§RGain 10 infamy§! Now that we are independent from Chinese oppression, we must reclaim the land of the old Gojoseon, Goguryeo and Balhae empires.;;;;;;;;;;;;;
Western_Banatia_title;Claim Land in the West;;;;;;;;;;;;;
Western_Banatia_desc;§RGain 6 infamy§! Now that we have established Banatia, we must claim land in the West to secure our position.;;;;;;;;;;;;;
Eastern_Banatia_title;Claim Land in the East;;;;;;;;;;;;;
Eastern_Banatia_desc;§RGain 15 infamy§! Now that we have established Banatia, we must claim land in the East to secure our position.;;;;;;;;;;;;;
Claim_Belgrade_title;Claim Belgrade;;;;;;;;;;;;;
Claim_Belgrade_desc;§RGain 6 infamy§! To weaken the Serbs who continue to claim our Land in the Vojvodina one of our politicians has proposed claiming their capital, namely Belgrade.;;;;;;;;;;;;;
Claim_Forte_title;Claim Forte Sao Joaquim;;;;;;;;;;;;;
Claim_Forte_desc;§RGain 1 infamy§! To connect our lands in former British Guayana with Venezuela we must claim Forte Sao Joaquim;;;;;;;;;;;;;
Claim_ABC_title;Claim the ABC Islands;;;;;;;;;;;;;
Claim_ABC_desc;§RGain 1 infamy§! The ABC Islands are a foreign base just off our northern coast and as such a threat to us. We must seize them for our own safety.;;;;;;;;;;;;;
Claim_TRT_title;Claim Trinidad and Tobago;;;;;;;;;;;;;
Claim_TRT_desc;§RGain 1 infamy§! Trinidad and Tobago are foreign bases just off our northern coast and as such a threat to us. We must seize them for our own safety.;;;;;;;;;;;;;
Greater_LUX_title;Undo the Partitions;;;;;;;;;;;;;
Greater_LUX_desc;§RGain 3 infamy§! For two hundred years, Luxembourg has been partitioned again and again by foreign powers to fulfill their desires and compromises, reducing our already small size even further. We say no more! Let the world know that we, mighty Luxembourg, will no longer abide by their malicious treaties and that we are going to reclaim what is rightfully ours!;;;;;;;;;;;;;
Claim_LIE_title;Claim Bregenz;;;;;;;;;;;;;
Claim_LIE_desc;If we want to accomplish anything we must annex land to increase our population!;;;;;;;;;;;;;
Claim_AOM_title;Claim Great Vlachia;;;;;;;;;;;;;
Claim_AOM_desc;It is time for us to reclaim the land of our ancestors!;;;;;;;;;;;;;
Claim_Ionia_title;Claim some islands;;;;;;;;;;;;;
Claim_Ionia_desc;If we are to restore Christian rule to the holy land we must gain forward operating bases!;;;;;;;;;;;;;
Claim_Italian_title;Claim Sardinia, Corsica and Sicily;;;;;;;;;;;;;
Claim_Italian_desc;If we are to restore Christian rule to the holy land we must gain population centers to build an army!;;;;;;;;;;;;;
Claim_Greek_title;Claim Crete, Cyprus and Aegean;;;;;;;;;;;;;
Claim_Greek_desc;If we are to restore Christian rule to the Holy Land, we must gain the islands closest to the Holy Land and prepare for an invasion!;;;;;;;;;;;;;
Claim_MAD_title;Claim Indian Ocean Islands;;;;;;;;;;;;;
Claim_MAD_desc;§RGain 4 infamy§! We must claim islands in the Indian ocean to make sure that colonizers don't use them to attack us.;;;;;;;;;;;;;
Claim_Siberia_title;Unite Siberia;;;;;;;;;;;;;
Claim_Siberia_desc;§RGain 10 infamy§! We must unify the Siberian region if we wish to expand!;;;;;;;;;;;;;
Claim_MSQ_title;Claim the Mosquito Coast;;;;;;;;;;;;;
Claim_MSQ_desc;§RGain 2 infamy§! With our status as the successor to the Viceroyalty of New Granada, who administered the Mosquito Coast as a basis for our claim, we can now officially begin a territorial dispute on who is the rightful owner of it.;;;;;;;;;;;;;
Claim_ARM_title;Greater Armenia;;;;;;;;;;;;;
Claim_ARM_desc;§RGain 14 infamy§! Now that we have secured our core lands, we must strive to achieve a truly noble vision: All Armenians must be united in a Greater Armenian state.;;;;;;;;;;;;;
Claim_AZB_title;Greater Azerbaijan;;;;;;;;;;;;;
Claim_AZB_desc;§RGain 10 infamy§! Now that we have secured our core lands, we must strive to achieve a truly noble vision: All Azerbaijanis must be united in a Greater Azerbaijani state.;;;;;;;;;;;;;
Accept_Georgians_title;Accept the Georgians;;;;;;;;;;;;;
Accept_Georgians_desc;Despite differences in language and religion, the Georgians are not so different from us - their old royal dynasty, the Bagratids, even has Armenian origins. It would bring stability to our lands if we accepted them as citizens, though it will hurt our prestige to accept another culture.;;;;;;;;;;;;;
Claim_KDS_title;Greater Kurdistan;;;;;;;;;;;;;
Claim_KDS_desc;§RGain 14 infamy§! Now that we have secured our core lands we must strive to achieve a truly noble vision: All Kurds must be united in a greater Kurdish state.;;;;;;;;;;;;;
Claim_URU_title;Declare the Uruguayan Federation;;;;;;;;;;;;;
Claim_URU_desc;§RGain 10 infamy§! The idea of a state unifying both sides of the Uruguay River is hardly a new one. The League of the Free Peoples under Artigas was a clear example of that and, during the Big War, due to Rivera's expeditions to Mesopotamia and connections to the Farrapos in Southern Brazil, the Colorado founder brought back the idea of an independent federal state to unify Corrientes, Entre Rios, Rio Grande do Sul and Uruguay. Now, regardless of what our current government thinks of Rivera and his plans, we can't deny that such a plan—while risky—could guarantee a better position to Uruguay between the two giants it has for neighbors.;;;;;;;;;;;;;
Claim_YEM_title;Claim Dhofar;;;;;;;;;;;;;
Claim_YEM_desc;§RGain 1 infamy§! Dhofar is currently part of Muscat-Oman, yet it has the same people as our country. Why shouldn't we claim it?;;;;;;;;;;;;;
Claim_OMA_title;Claim Trucial Oman;;;;;;;;;;;;;
Claim_OMA_desc;§RGain 5 infamy§! The Trucial States, also known as Trucial Oman, are an integral part of our nation that we unfortunately lost our hold over. The time has come to reclaim our rightful land once and for all! Trucial Oman shall soon be called just Oman once more.;;;;;;;;;;;;;
Claim_Gulf_title;Claim the Gulf;;;;;;;;;;;;;
Claim_Gulf_desc;§RGain 4 infamy§! We must secure the Gulf to assert our position as a power to be reckoned with. §RYou need at least 70% civilization progress, the tooltip lies.§W;;;;;;;;;;;;;
Claim_IDC_title;Claim southwestern China;;;;;;;;;;;;;
Claim_IDC_desc;The people of southwestern China are, for the most part, not Mandarin-speaking Han people, but rather ethnic minorities oppressed by Peking. They are, conversely, closely linguistically related to the languages of Indochina. The Zhuang of Guangxi, for instance, speak a Kra-Dai language related to Thai, whilst the Mien of Guizhou speak a Miao-Yao language close to that of the Hmong of Laos. It is, accordingly, our responsibility to rescue our brethren from the Chinese yoke and bring them into the Indochinese fold.;;;;;;;;;;;;;
disarm_albania_title;Disarm Albania;;;;;;;;;;;;;
disarm_albania_desc;The rebellious Albanians have proven themselves a nuisance time and again. Vizier Omer Pasha Vrioni of Yanina has proposed that we disarm the troublesome Albanians, preventing them from revolting again anytime soon. This would certainly, in and of itself, result in a massive uprising, as the fiercely independent Albanians would never voluntarily give up their weapons.;;;;;;;;;;;;;
integrating_mexico_title;Integrate Mexico;;;;;;;;;;;;;
integrating_mexico_desc;§RGain 15 infamy§! After many years under our control, the land once known as Mexico has been slowly elevated from its previous condition. Infrastructure has been developed, industry has been built, the English language has spread, American units have been introduced, et cetera. Now, the time has finally come for the lands of Mexico to become proper US states. Sinaloa, Morelia and Coahuila will be no different than Oregon, Pennsylvania and Kentucky.;;;;;;;;;;;;;
tarfaya_purchase_title;The Treaty of Cape Juby;;;;;;;;;;;;;
tarfaya_purchase_desc;The Port of Tarfaya, located near Cape Juby on the west coast of the Sahara desert, was occupied and taken over by as part of the Scramble for Africa. It was turned into an exchange center of commerce in order to trade with commercial caravans coming from Timbuktu and heading to Wadi Noun. Now that the scramble has drawn to a close, however, the port has proven unprofitable to maintain, and the local garrison has had trouble with local nomads. As we control Tarfaya's hinterland, it is likely that its current proprietors would be willing to sell it to us.;;;;;;;;;;;;;
claim_mgl_title;Revive the Mongol Empire;;;;;;;;;;;;;
claim_mgl_desc;§RGain 5 infamy§! Founded by Genghis Khan in 1206, the Mongol Empire once stretched from the Pacific to the Mediterranean and from the Persian Gulf to the Barents Sea, forming the largest contiguous land empire in history. The Mongol Empire soon crumbled and collapsed into the Ilkhanate, the Golden Horde, the Yuan Dynasty and the Chagatai Khanate, leaving a heavy mark on the land. Perhaps if we once again regained such immense tracts of land, we could keep them together and create a timeless empire. However, until then, we should honor our past and show our might by officially donning the mantle of the 2nd Mongol Empire.;;;;;;;;;;;;;
become_zanzibar_title;Become Zanzibar;;;;;;;;;;;;;
become_zanzibar_desc;Our capital of Muscat has been lost! We must flee to Africa and assume the title of Sultan of Zanzibar.;;;;;;;;;;;;;
Mongolia_Claim_title;Supreme Mongolia;;;;;;;;;;;;;
Mongolia_Claim_desc;We can't be stopped! We must expand!;;;;;;;;;;;;;
baluchistan_goldsmid_arbitration_title;Goldsmid's Baluchistan arbitration;;;;;;;;;;;;;
baluchistan_goldsmid_arbitration_desc;Let's have Goldsmid arbitrate Baluchistan.;;;;;;;;;;;;;
aachen_reforms_francia_title;Reform Francia as Aachen;;;;;;;;;;;;;
aachen_reforms_francia_desc;Let us reform Francia.;;;;;;;;;;;;;
Claim_POM_title;Claim Mecklenburg-Vorpommern;;;;;;;;;;;;;
Claim_POM_desc;§RGain 2 infamy§! We must expand our regional influence, now that we are no longer in Prussia's sphere.;;;;;;;;;;;;;
Claim_BSQ_title;Claim the islands of Saint Pierre and Miquelon;;;;;;;;;;;;;
Claim_BSQ_desc;§RGain 1 infamy§! Many people of our culture live on the islands of Saint Pierre and Miquelon. We should use this as a basis to claim them as part of our territory.;;;;;;;;;;;;;
Celtic_Union_title;Form the Celtic Union;;;;;;;;;;;;;
Celtic_Union_desc;For many centuries Celts have been oppressed by the British in Wales, Scotland and Ireland. Now that we have achieved independence from them, the time has come for us to create a new union of Celtic peoples, free from foreign oppression.;;;;;;;;;;;;;
Claim_BRT_title;Claim Brittany for the Celtic Union;;;;;;;;;;;;;
Claim_BRT_desc;The Breton people have Celtic roots. We must therefore liberate them from their French oppressors and admit them into our union of all Celts.;;;;;;;;;;;;;
Claim_GLC_title;Claim Galicia for the Celtic Union;;;;;;;;;;;;;
Claim_GLC_desc;The Galician people have Celtic roots. We must therefore liberate them from their Spanish oppressors and admit them into our union of all Celts.;;;;;;;;;;;;;
Claim_NWG_title;Claims in Germany;;;;;;;;;;;;;
Claim_NWG_desc;§RGain 8 infamy§! Not only do many of our people live in the other side of the border with Germany, but there are also some lands of Wallonia and Luxemburg that are now under German occupation. We must claim these lands to unify our nation and protect our people from German rule.;;;;;;;;;;;;;
Claim_AMZ_title;Claim the entirety of the Amazon;;;;;;;;;;;;;
Claim_AMZ_desc;§RGain 9 infamy§! To unify all Amazonians under a single state, we must cement our territorial claims to the Amazon itself.;;;;;;;;;;;;;
claim_Lugano_title;Seize Lugano from the Swiss;;;;;;;;;;;;;
Claim_Oceania_title;Claim Australasia;;;;;;;;;;;;;
Claim_Oceania_desc;§RGain 10 infamy§! The inhabitants of New Zealand and Australia are similar in culture, location and language. It is time for us to use that fact to lay claim to the other land across the Tasman Sea.;;;;;;;;;;;;;
Reclaim_Kuldscha_title;Reclaim Ili;;;;;;;;;;;;;
Reclaim_Kuldscha_desc;The filthy Russians took our land while we were fighting in the Taiping rebellion. Now it is time for us to demand it back under the threat of war.;;;;;;;;;;;;;
Claim_VLG_title;Claim Novy Uzen;;;;;;;;;;;;;
Claim_VLG_desc;§RGain 1 infamy§! We must claim Novy Uzen and free its German population from Russian rule.;;;;;;;;;;;;;
Claim_Hessen_title;Claim Hessen;;;;;;;;;;;;;
Claim_Hessen_desc;§RGain 7 infamy§! The region of Hessen is divided between Hesse-Darmstadt, Hesse-Kassel, Frankfurt am Main, Waldeck-Pyrmont, Nassau and the Prussian city of Wetzlar, yet many inhabitants of Hessen still have a local identity. We can call on this regional patriotism to claim sovereignty over all of Hessen.;;;;;;;;;;;;;
found_niger_company_title;Found the Niger Company;;;;;;;;;;;;;
found_niger_company_desc;Let's form the Niger Company and lay claim to Nigeria for colonial exploitation.;;;;;;;;;;;;;
Claim_DOM_title;Retake the Dominican Republic;;;;;;;;;;;;;
Claim_DOM_desc;§RGain 5 infamy§! Now that the Dominican Republic is independent from Haiti and the USA is unable to enforce the Monroe doctrine due to their civil war, we can seize the opportunity to retake the Dominican Republic.;;;;;;;;;;;;;
Become_SER_title;Reunite with Serbia;;;;;;;;;;;;;
Become_SER_desc;Now that we have won the revolt against the Ottoman empire, it is time to rejoin the motherland.;;;;;;;;;;;;;
Become_SIC_title;Reunite the Two Sicilies;;;;;;;;;;;;;
Become_SIC_desc;Now that we control the lands of Sicily and Naples, we can assume the title of the Two Sicilies to legitimize our ownership of these lands.;;;;;;;;;;;;;
Become_SWH_title;Reunite Schleswig-Holstein;;;;;;;;;;;;;
Become_SWH_desc;Now that we control the lands of Schleswig and Holstein we can assume the title of Schleswig-Holstein to legitimize our ownership of these lands.;;;;;;;;;;;;;
Become_RHI_title;Unite the Rhineland;;;;;;;;;;;;;
Become_RHI_desc;Now that we have conquered enough land in the Rhineland we can claim to represent its entirety to legitimize more conquest.;;;;;;;;;;;;;
unite_moldavia_wallachia_sw_title;Unite Wallachia and Moldavia SW version;;;;;;;;;;;;;
unite_moldavia_wallachia_sw_desc;This is a change to the decision to form Romania for the SW submod.;;;;;;;;;;;;;
claim_UIL_title;Assume leadership of the US;;;;;;;;;;;;;
claim_UIL_desc;Now that Washington D.C. and New York are under our control, we can claim to be the legitimate US government and claim the same lands as the US.;;;;;;;;;;;;;
claim_Lugano_desc;§RGain 3 infamy§! Lugano is culturally entirely Italian, that is how we can justify seizing it off the Swiss.;;;;;;;;;;;;;
unite_with_mongolia_title;Unite with Mongolia;;;;;;;;;;;;;
unite_with_mongolia_desc;The time has come for us to reunite with our cultural brethren, the Mongolians.;;;;;;;;;;;;;
Claim_ASY_title;Claim the Assyrian Empire;;;;;;;;;;;;;
Claim_ASY_desc;Now that we have conquered the lands around us, we can reclaim the territory of the ancient Assyrian empire.;;;;;;;;;;;;;
Claim_BAB_title;Claim Greater Babylonia;;;;;;;;;;;;;
Claim_BAB_desc;Now that we have declared ourselves the legitimate successors to the ancient Babylonian empire, we can claim its historic lands.;;;;;;;;;;;;;
claim_GEO_title;Greater Georgia;;;;;;;;;;;;;
claim_GEO_desc;§RGain 7 infamy§! Now that we have taken the lands which we had under our control until not too long ago, we can exercise our claim on the borders of the 13th century Georgian kingdom.;;;;;;;;;;;;;
Accept_Armenians_title;Accept the Armenians;;;;;;;;;;;;;
Accept_Armenians_desc;Despite differences in language and religion, the Armenians are not so different from us - our old royal dynasty, the Bagratids, even has Armenian origins. It would bring stability to our lands if we accepted them as citizens, though it will hurt our prestige to accept another culture.;;;;;;;;;;;;;
Claim_Alex_title;Claim Alexander's Empire;;;;;;;;;;;;;
Claim_Alex_desc;Now that we control Constantinople, Cairo, Baghdad, Tehran and Lahore, we can justify this occupation by citing the historical empire of Alexander the Great.;;;;;;;;;;;;;
Mongols_claim_title;More land claims!;;;;;;;;;;;;;
Mongols_claim_desc;More land to the Mongols!;;;;;;;;;;;;;
become_poland_sw_title;Become Poland SW version;;;;;;;;;;;;;
become_poland_sw_desc;Become Poland;;;;;;;;;;;;;
Claim_PNT_title;Claim Pontus;;;;;;;;;;;;;
Claim_PNT_desc;§RGain 3 infamy§! Pontus has a sizeable Greek minority. We can use this as a basis for claiming it.;;;;;;;;;;;;;
Claim_EBS_title;Claim the Eastern Black Sea Coast;;;;;;;;;;;;;
Claim_EBS_desc;§RGain 15 infamy§! The eastern Black Sea coast has many isolated communities of Greek peoples. They need to be incorporated into Anatolia to protect them from foreign oppression.;;;;;;;;;;;;;
Claim_IANT_title;Claim Inner Anatolia;;;;;;;;;;;;;
Claim_IANT_desc;§RGain 10 infamy§! Inner Anatolia has a large number of Greek inhabitants. They need to be liberated from their Ottoman oppressors.;;;;;;;;;;;;;
CHI_form_title;Form China;;;;;;;;;;;;;
CHI_form_desc;§RGain 10 infamy§! We control the lands of China. Why not claim to be the legitimate rulers of all of it?;;;;;;;;;;;;;
FLC_form_title;Unify the Fulani Caliphate;;;;;;;;;;;;;
FLC_form_desc;The Fulani jihad states of Massina, Jallon, Tooro and Sokoto were all originally Muslim revolts against local animist rulers. Now that we, the Tukulor empire, dominate the area, we can call upon this common heritage to unite with them with the goal of forming a common Fulani Caliphate, to impose Sharia law upon western Africa and resist the foreign invaders and continue the everlasting jihad. Allahu Akbar!;;;;;;;;;;;;;
FLC_tolerate_title;Loosen religious policies;;;;;;;;;;;;;
FLC_tolerate_desc;Though our religious hardlinership may have successfully brought our peoples together, it has made us fall behind the rest of the world economically and technologically. If we wish to survive we must embrace tolerance. It is indeed a sad day for Islam.;;;;;;;;;;;;;
FLC_cash_title;Introduce cash crops;;;;;;;;;;;;;
FLC_cash_desc;Significantly increasing our wealth is difficult, since we don't have abundant natural resources such as coal, iron or others. We can, however, just change our agricultural production to more profitable options, such as coffee, cotton and tobacco.;;;;;;;;;;;;;
Claim_CRI_title;Claim the former Crimean Khanate;;;;;;;;;;;;;
Claim_CRI_desc;§RGain 7 infamy§! Not all too long ago, the Crimean Khanate ruled the lands around the entire sea of Azov. Let us reclaim that right.;;;;;;;;;;;;;
Nicobar_AUS_buy_title;Buy the Nicobar islands from the Danish;;;;;;;;;;;;;
Nicobar_AUS_buy_desc;The Danish have no actual colonial presence on the Nicobar islands. This is our chance to peacefully re-establish our failed colony that existed there from 1878-1885.;;;;;;;;;;;;;
Nicobar_AUS_seize_title;Seize the Nicobar islands from the Danish.;;;;;;;;;;;;;
Nicobar_AUS_seize_desc;§RGain 1 infamy§! The Danish have no actual colonial presence on the Nicobar islands. This is our chance to forcefully re-establish our failed colony that existed there from 1878-1885.;;;;;;;;;;;;;
Delagoa_AUS_title;Seize Delagoa Bay;;;;;;;;;;;;;
Delagoa_AUS_desc;§RGain 1 infamy§! From 1778 to 1781, Colonel William Bolts set up an Austrian trading post in Delagoa Bay that outmatched the Portuguese in ivory production. When the post was struck with malaria, the Portuguese used the opportunity to expel our traders. With our newfound naval power we can reclaim this post and transform it into a colony, though Portugal will not like it.;;;;;;;;;;;;;
Rio_de_Oro_sold_AUS_title;Sell Rio de Oro;;;;;;;;;;;;;
Rio_de_Oro_sold_AUS_desc;After losing Havana and Manila, our bank accounts are left agape. After the failures our previous colonization has encountered, many in our administration have suggested ridding ourselves of Rio de Oro. The area is desolate and a drain on our finances to maintain, therefore selling it seems like a good option. Vienna has shown an interest in the area, so we could approach them with the offer of 150.000 pesos for Rio de Oro.;;;;;;;;;;;;;
Rio_de_Oro_sold_KUK_title;Sell Rio de Oro;;;;;;;;;;;;;
Rio_de_Oro_sold_KUK_desc;After losing Havana and Manila, our bank accounts are left agape. After the failures our previous colonization has encountered, many in our administration have suggested ridding ourselves of Rio de Oro. The area is desolate and a drain on our finances to maintain, therefore selling it seems like a good option. Vienna has shown an interest in the area, so we could approach them with the offer of 150.000 pesos for Rio de Oro.;;;;;;;;;;;;;
Claim_JAP_title;Core Japan SW;;;;;;;;;;;;;
Claim_JAP_desc;Get cores on all of Japan in Shattered World;;;;;;;;;;;;;
Claim_QAS_title;Claim greater Qashqai;;;;;;;;;;;;;
Claim_QAS_desc;§RGain 4 infamy§! We need to seize lands to grow stronger. Let us do so.;;;;;;;;;;;;;
treaty_of_la_pointe_title;The first Treaty of La Pointe;;;;;;;;;;;;;
treaty_of_la_pointe_two_title;The second Treaty of La Pointe;;;;;;;;;;;;;
treaty_of_la_pointe_desc;The Great Lakes Indians have informed us that they would be willing to sell us some of their land.;;;;;;;;;;;;;
treaty_of_la_pointe_two_desc;The Great Lakes Indians have informed us that they would be willing to sell us some of their land.;;;;;;;;;;;;;
treaty_of_traverse_des_sioux_desc;The Great Lakes Indians have informed us that they would be willing to sell us some of their land.;;;;;;;;;;;;;
treaty_of_traverse_des_sioux_title;The Treaty of Traverse des Sioux;;;;;;;;;;;;;
treaty_of_washington_title;The Treaty of Washington;;;;;;;;;;;;;
treaty_of_washington_desc;The Great Lakes Indians have informed us that they would be willing to sell us some of their land.;;;;;;;;;;;;;
treaty_of_fort_laramie_title;The Treaty of Fort Laramie;;;;;;;;;;;;;
treaty_of_fort_laramie_desc;We can convince the Great Plains Indians to cede a lot of land to us in exchange for us guaranteeing the rest of their territory will stay undisturbed by white men and a large payment for food sustenance due to the decreased hunting grounds.;;;;;;;;;;;;;
treaty_of_fort_wise_title;The Treaty of Fort Wise;;;;;;;;;;;;;
treaty_of_fort_wise_desc;The southern plains Indians have been constantly bothered by whites in their reservations from the treaty of Fort Laramie and are offering to move to Colorado in exchange for a true guarantee of territorial exclusivity.;;;;;;;;;;;;;
treaty_of_fort_laramie_two_title;The 2nd Treaty of Fort Laramie;;;;;;;;;;;;;
treaty_of_fort_laramie_two_desc;After the failure of the first Treaty of Fort Laramie, separate renegotiations took place with the plains Indians. The Treaty of Medicine Lodge decreased the Dakota Indians' territory even more and promised to keep them undisturbed in their holy lands and last reservation in the Black hills of South Dakota. This never came to pass.;;;;;;;;;;;;;
treaty_of_medicine_lodge_title;The Treaty of Medicine Lodge;;;;;;;;;;;;;
treaty_of_medicine_lodge_desc;After the failure of the first Treaty of Fort Laramie, separate renegotiations took place with the plains Indians. The Treaty of Medicine Lodge decreased the southern plains Indians' territory even more and promised to keep them undisturbed in their smaller reservation. This never came to pass.;;;;;;;;;;;;;
treaty_with_the_blackfoot_title;Treaty with the Blackfoot;;;;;;;;;;;;;
treaty_with_the_blackfoot_desc;Though we have been at peace with the Blackfoot for a long time, they have run out of bison due to our hunting and request monetary aid to get food in return for giving up their current lands and moving to a tiny reservation.;;;;;;;;;;;;;
indian_territory_end_title;Dissolve the Indian territory;;;;;;;;;;;;;
indian_territory_end_desc;The time has come to revoke the autonomy of the Indians in Oklahoma and integrate them into American society.;;;;;;;;;;;;;
build_kra_canal_title;Build the Kra Canal;;;;;;;;;;;;;
build_kra_canal_desc;The trade to East Asia flows almost exclusively through Singapore, enriching Singapore. We can deprive them of this wealth and influence by building a canal across the Kra isthmus in Siam which will allow for easier travel and reroute trade from Singapore.;;;;;;;;;;;;;
build_white_canal_title;Build the White Sea Canal;;;;;;;;;;;;;
build_white_canal_desc;To access the White Sea one presently has to sail through the Danish Straits, around Norway and past the Kola peninsula, encountering many icebergs along the way. We could make this journey a lot faster and less dangerous if we built a canal from lake Onega to the White Sea, since lake Ladoga which flows into the Baltic Sea connects to lake Onega by river.;;;;;;;;;;;;;
build_tehuantepec_canal_title;Build the Tehuantepec Canal;;;;;;;;;;;;;
build_tehuantepec_canal_desc;Plans to connect the Atlantic and Pacific Oceans have been proposed since the 16th century. The Spanish authorities even gave the Viceroyalty of New Spain a permit for the construction of an interoceanic canal in 1814. While the project would be prohibitively expensive and there is a shorter alternative route in Panama, the Isthmus of Tehuantepec will cost fewer human lives due to malaria and other diseases being less prevalent. Additionally, it represents a faster and more efficient route from Mexican and American ports to the Pacific than the lengthier voyage South to Panama. It is also worth noting the socio-economic advantages a canal would bring to the local communities of the isthmus and southern Mexico as a whole.;;;;;;;;;;;;;
reconquer_algeria_title;Reconquer Algeria;;;;;;;;;;;;;
reconquer_algeria_desc;The French began the conquest of Algeria in 1830, using the 'fan affair' as an excuse - During the Napoleonic Wars, France went into Algerian debt supplying itself with Algerian grain, and the Bey of Algeria requested they return said debts. When the French ambassador refused, the bey swatted him with his fan in a fit of rage. Anyways, we must restore our 300+ year rule of Algeria and drive out the French invaders.;;;;;;;;;;;;;
finish_off_dahomey_title;The second Dahomey war;;;;;;;;;;;;;
finish_off_dahomey_desc;The second Dahomey war in which France conquered the rest of Dahomey from Cotonou as a reaction to continued Dahomean raiding raged from 1892 to 1894.;;;;;;;;;;;;;
build_chunnel_title;Build the Channel Tunnel;;;;;;;;;;;;;
build_chunnel_desc;Our engineers propose constructing a tunnel beneath the English channel to connect the British Isles to the continent. §RCosts 12 million§!;;;;;;;;;;;;;
lorraine_fra_nice_title;A peace with Germany;;;;;;;;;;;;;
lorraine_fra_nice_desc;After defeating Germany we must seize our rightful land while upholding the balance of power.;;;;;;;;;;;;;
lorraine_fra_mean_title;A demanding peace with Germany;;;;;;;;;;;;;
lorraine_fra_mean_desc;§RGain 5 infamy§! After thoroughly defeating Germany we must see to it that they never pose a threat to us again.;;;;;;;;;;;;;
lorraine_ger_nice_title;A peace with France;;;;;;;;;;;;;
lorraine_ger_nice_desc;After defeating France we must seize our rightful land while upholding the balance of power.;;;;;;;;;;;;;
lorraine_ger_mean_title;A demanding peace with France;;;;;;;;;;;;;
lorraine_ger_mean_desc;§RGain 5 infamy§! After thoroughly defeating France we must see to it that they never pose a threat to us again.;;;;;;;;;;;;;
refute_ger_lorraine_title;Expel the Germans from Lorraine;;;;;;;;;;;;;
refute_ger_lorraine_desc;After the Germans stole our integral lands in Lorraine, the time has come to expel them from said lands and forever end German claims past Alsace.;;;;;;;;;;;;;
annex_all_title;Option: Annex Everything;;;;;;;;;;;;;
annex_all_desc;Take all the land on earth for testing purposes.;;;;;;;;;;;;;
simplify_minorities_title;Option: Simplify Minorities;;;;;;;;;;;;;
simplify_minorities_desc;§RDo not take this decision with the morecultures submod enabled.§! This decision assimilates provinces with a minority percentage of less than 5% that are also more than 95% primary culture. They instead become 100% primary culture. This reduces population calculation and makes the game run slightly faster, though it removes detail.;;;;;;;;;;;;;
EVT_8023306_NAME_sub;A question of religious tolerance;;;;;;;;;;;;;
EVT_8023301_NAME_sub;Shall we deal with the capitalists?;;;;;;;;;;;;;
EVT_8023302_NAME_sub;The people rise up;;;;;;;;;;;;;
EVT_8023305_NAME_sub;Should we ban luxuries?;;;;;;;;;;;;;
EVT_8023303_NAME_sub;Should private investment be legal?;;;;;;;;;;;;;
EVT_8023304_NAME_sub;Food for thought;;;;;;;;;;;;;
ITA_MNC_title;Occupy Monaco;;;;;;;;;;;;;
ITA_MNC_desc;§RGain 0.1 infamy§! Monaco is a state so tiny that with our newfound might we can easily take it over.;;;;;;;;;;;;;
mexico_usa_agreement_title;The Treaty of Guadalupe-Hidalgo;;;;;;;;;;;;;
mexico_usa_agreement_desc;The time has come to negotiate with Mexico.;;;;;;;;;;;;;
russo_persian_border_convention_title;The Russo-Persian Border;;;;;;;;;;;;;
russo_persian_border_convention_desc;Our border with Persia has as of yet not been defined. We can negotiate it in such a way that we gain land from Persia.;;;;;;;;;;;;;
pattani_integration_act_title;Integrate Pattani;;;;;;;;;;;;;
pattani_integration_act_desc;§RGain 1 infamy§! Pattani, our southern vassal, is ripe for annexation. The time has come to integrate them into the Siamese Kingdom.;;;;;;;;;;;;;
establish_writing_system_title;Establish a writing system;;;;;;;;;;;;;
establish_writing_system_desc;If we are to westernize, we must adopt a writing system to properly record knowledge.;;;;;;;;;;;;;
EVT123572DESC;After Sir Franklin's departure in 1845 to find the Northwest Passage which was last seen by a whale ship in Baffin Bay, it wasn't heard from again. In 1848 the admiralty sent a search mission to find evidence of the fate of the party. Thereafter dozens of ships sailed to the Canadian Arctic to investigate the fate of the expedition, with more and more details coming to light. The final search, organized by Franklin's wife, found a note stored in a cairn that explained that the expedition was stuck in the ice and they were trying to walk all the way to civilized Canada. Several Inuits reported seeing a group of white men heading South and slowly starving, lastly resorting to cannibalism. None survived.;;;;;;;;;;;;;
franklin_expedition_title;The Franklin Expedition;;;;;;;;;;;;;
franklin_expedition_desc;The idea of a possible passage from the Atlantic to the Pacific via the Canadian Arctic has persisted for many years, and it's high time to investigate it. Who better to send to lead the journey than Sir John Franklin, famous for leading another 2 arctic journeys during one of which he became famous for surviving starvation by eating his boot leather. He and and two crews will be sent aboard the HMS Terror and the HMS Erebus to sail to the Canadian arctic.;;;;;;;;;;;;;
usa_mexico_agreement_title;The Treaty of San Antonio;;;;;;;;;;;;;
usa_mexico_agreement_desc;The time has come to negotiate a peace treaty with the USA.;;;;;;;;;;;;;
outside_italia_irredenta_ITS_title;Italia Irredenta;;;;;;;;;;;;;
outside_italia_irredenta_ITA_desc;We can now claim more land for our Italian puppet.;;;;;;;;;;;;;
craftsmen_fix_desc;The craftsmen bug is when you have a province that has craftsmen of an unaccepted culture and none of an accepted culture. §RIt forces all unaccepted craftsmen to become farmers/laborers if they are on your cores or your colonies§!.;;;;;;;;;;;;;
craftsmen_fix_title;Demote unaccepted/colonial craftsmen;;;;;;;;;;;;;
bureaucrats_fix_desc;The bureaucrats bug is when you have a province that has bureaucrats of an unaccepted culture and none of an accepted culture, they get paid by you but don't actually increase your administration efficiency, so you're just throwing money away. §RIt forces all unaccepted bureaucrats to become farmers/laborers if they are on your cores or your colonies§!.;;;;;;;;;;;;;
bureaucrats_fix_title;Demote unaccepted/colonial bureaucrats;;;;;;;;;;;;;
incorporate_louisiana_title;Incorporate Louisiana;;;;;;;;;;;;;
incorporate_louisiana_desc;§RGain 5 infamy§! Now that we have freed Louisiana from the Americans, we can incorporate it into our nation. The disastrous effects of its loss, first to the filthy French, then to the vile Americans, shall finally be reversed. We will certainly settle, develop and improve Louisiana more so than any power that has previously controlled.;;;;;;;;;;;;;
you_arent_going_to_the_uk;UK Immigrant Debuff;;;;;;;;;;;;;
you_arent_going_to_the_uk_desc;This is an immigration debuffer to make the UK not get unrealistic immigration.;;;;;;;;;;;;;
you_are_going_to_the_usa;US Immigrant Boost;;;;;;;;;;;;;
you_are_going_to_the_usa_desc;This is an immigration booster to make the US get realistic immigration.;;;;;;;;;;;;;
indian_lands;Indian Lands;;;;;;;;;;;;;
burn_white_house_title;Burn down the White House;;;;;;;;;;;;;
burn_white_house_desc;§RGain 2 infamy§! After capturing the White House from the Americans, we can repeat the events of the War of 1812 and burn it down.;;;;;;;;;;;;;
conquer_lib_desert_title;Occupation of the Libyan desert;;;;;;;;;;;;;
conquer_lib_desert_desc;With our position in South Algeria, we can conquer the uncolonized Libyan desert.;;;;;;;;;;;;;
munich_coin_treaty_enacted;The Munich Coin Treaty;;;;;;;;;;;;;
munich_coin_treaty_enacted_desc;The Munich Coin Treaty of 1837 has standardized South German currencies, allowing for ease of trade and travel.;;;;;;;;;;;;;
munich_coin_treaty_title;The Munich Coin Treaty;;;;;;;;;;;;;
munich_coin_treaty_desc;The Munich Coin Treaty of 1837 would standardize South German currencies, allowing for ease of trade and travel.;;;;;;;;;;;;;
send_liman_title;The Liman von Sanders mission;;;;;;;;;;;;;
send_liman_desc;The Ottoman Empire has been declining for a long time. We could send them a military mission to gain influence and modernize their army.;;;;;;;;;;;;;
reconquer_transylvania_title;Reconquer Transylvania;;;;;;;;;;;;;
reconquer_transylvania_desc;§RGain 7.5 infamy§!Though over a century has passed since our rule in Transylvania ended, with the integration of Moldavia and Wallachia our influence in the region has been revitalized. The Romanian majority in Transylvania is unhappy with Austrian rule and would rather be in the same country as their brethren, namely the Ottoman Empire. We can use this as a pretext to reconquer Transylvania.;;;;;;;;;;;;;
military_score;Have less military score than;;;;;;;;;;;;;
canning_process;Canning Process;;;;;;;;;;;;;
canning_process_desc;Canning is a method of preserving food in which the food contents are processed and sealed in an airtight container (jars like Mason jars, and steel and tin cans). Canning provides a shelf life that typically ranges from one to five years, although under specific circumstances, it can be much longer. The advent of this technology allows food to be canned and processed in factories.;;;;;;;;;;;;;
industrial_paper_production;Industrial Paper Production;;;;;;;;;;;;;
industrial_paper_production_desc;Paper is a thin sheet material produced by mechanically or chemically processing cellulose fibers derived from wood, rags, grasses or other vegetable sources in water, draining the water through fine mesh leaving the fiber evenly distributed on the surface, followed by pressing and drying. Although paper was originally made in single sheets by hand, it is now possible for us to industrialize this process.;;;;;;;;;;;;;
industrial_luxury_furniture_production;Industrial Luxury Furniture Production;;;;;;;;;;;;;
industrial_furniture_production;Industrial Furniture Production;;;;;;;;;;;;;
industrial_furniture_production_desc;The increase in the demand for reasonably priced furniture has placed a premium on the economical use of wood. With our advances in production, it is possible to industrially produce furniture at a much quicker pace, and for a cheaper cost.;;;;;;;;;;;;;
industrial_sawmills;Industrial Sawmills;;;;;;;;;;;;;
industrial_sawmills_desc;The circular saw blade has been invented, and with the development of steam power, a much greater degree of mechanization is possible. Scrap lumber from the mill provides a source of fuel for firing the boiler. The arrival of railroads means that logs can be transported to mills rather than mills being built besides navigable waterways. This will increase our output of lumber by a great deal.;;;;;;;;;;;;;
mobile_warfare_doctrine;Mobile Warfare Doctrine;;;;;;;;;;;;;
the_han_system;The Han System;;;;;;;;;;;;;
the_han_system_desc;The Han System is the division of Japan into Daimyo states, causing great disunity.;;;;;;;;;;;;;
corinth_canal_build_title;Build the Corinth Canal;;;;;;;;;;;;;
corinth_canal_build_desc;With newer excavating innovations, we can attempt to excavate a shipping route across the Corinthian isthmus to enable ease of trade and tourism.;;;;;;;;;;;;;
HFM_RED_TURBAN_REBELLION_CRUSHED_TITLE;Red Turban Rebellion defeated;;;;;;;;;;;;;
CANAL_13;The Channel Tunnel;;;;;;;;;;;;;
CANAL_12;The Nicaragua Canal;;;;;;;;;;;;;
CANAL_11;The White Sea Canal;;;;;;;;;;;;;
CANAL_9;The Kra Canal;;;;;;;;;;;;;
canton_system_country;The Canton System;;;;;;;;;;;;;
canton_system_country_desc;The Canton System serves as a means for China to control trade with the West within its own country by focusing all trade on the southern port of Canton.;;;;;;;;;;;;;
net_child_school_law_title;De Leerplichtwet;;;;;;;;;;;;;
net_child_school_law_desc;The Leerplicht law, introduced in 1901, saw the end of child labor and the introduction of compulsory schooling.;;;;;;;;;;;;;
net_child_labor_law_title;Kinderwetje van Van Houten;;;;;;;;;;;;;
net_child_labor_law_desc;Van Houten's child law, introduced in 1874 by legislator Samuel van Houten, restricted child labor in the Netherlands.;;;;;;;;;;;;;
remove_outside_cores_sw_title;Remove outside cores SW;;;;;;;;;;;;;
remove_outside_cores_sw_desc;This decision removes all unowned cores of existing countries in shattered world.;;;;;;;;;;;;;
more_infamy_reduction_sw_desc;More infamy reduction to accommodate for core removal in SW;;;;;;;;;;;;;
more_infamy_reduction_sw_title;More infamy reduction (not a cheat);;;;;;;;;;;;;
bornean_interior_title;Expedition to the Bornean Interior;;;;;;;;;;;;;
bornean_interior_desc;The thickly forested terrain of central Borneo has long been an obstacle to exploration and colonization, however with global imperialism on the rise we need to rush to claim it before another power can.;;;;;;;;;;;;;
become_SRD_title;Become Sardinia;;;;;;;;;;;;;
become_SRD_desc;After losing our lands in continental Europe, the time has come to retreat to Sardinia and embrace the Sardinian culture and nationality.;;;;;;;;;;;;;
become_SYC_title;Become Sicily;;;;;;;;;;;;;
become_SYC_desc;After losing our lands in continental Europe, the time has come to retreat to Sicily and embrace the Sicilian culture and nationality.;;;;;;;;;;;;;
isolationist_jihadism;Isolationist Jihadism;;;;;;;;;;;;;
isolationist_jihadism_desc;Allahu Akbar!;;;;;;;;;;;;;
outside_italia_irredenta_ITS_desc;Our vassal state in Italy should be given its rightful claims.;;;;;;;;;;;;;
retake_colombo_title;Reintegrate Kandy;;;;;;;;;;;;;
retake_colombo_desc;After the Matele rebellion, the region of Kandy must be reintegrated into the East India Company.;;;;;;;;;;;;;
industrial_luxury_furniture_production_desc;We have discovered efficient processes to produce furniture.;;;;;;;;;;;;;
caribbean_rgo_normalization_title;Caribbean Plantations;;;;;;;;;;;;;
caribbean_rgo_normalization_desc;With new technology, plantations in the Caribbean are becoming more efficient.;;;;;;;;;;;;;
greenland_purchase_title;The Greenland Purchase;;;;;;;;;;;;;
greenland_purchase_desc;United States Secretary of State William H. Seward, who had negotiated the purchase of Alaska from the Russian Empire, considers the idea of American annexation of Greenland and Iceland an idea worthy of serious consideration. Greenland's terrain and location make it very useful to us as a defensive outpost, yet to its current proprietors it is almost completely useless. An offer of 1 million dollars should surely convince them.;;;;;;;;;;;;;
take_entenschnabel_title;The Entenschnabel;;;;;;;;;;;;;
take_entenschnabel_desc;With our control over the interior of Kamerun secured, we can take more land to the North, which due to its peculiar shape will be known as the 'Entenschnabel' or 'duck's bill';;;;;;;;;;;;;
take_kamerun_interior_title;The Kamerun interior;;;;;;;;;;;;;
take_kamerun_interior_desc;After taking over the coast of Kamerun, we must integrate its hinterlands.;;;;;;;;;;;;;
dominican_ultimatum_title;The Dominican Ultimatum;;;;;;;;;;;;;
dominican_ultimatum_desc;Spain has conquered the Dominican Republic while we were busy fighting a civil war. Now that we have recovered, the time has come to kick them out of Hispaniola and enforce the Monroe Doctrine.;;;;;;;;;;;;;
organize_algeria_fra_title;Organize Algeria;;;;;;;;;;;;;
organize_algeria_fra_desc;With increasing French settlement in Algeria, the time has come to integrate it into France proper.;;;;;;;;;;;;;
the_armstrong_gun;The Armstrong Gun;;;;;;;;;;;;;
the_armstrong_gun_desc;The piece was rifled, which allowed for a much more accurate and powerful action. The gun was also a breech-loader. What made it really revolutionary lay in the technique of the construction of the gun barrel that allowed it to withstand much more powerful explosive forces.;;;;;;;;;;;;;
outside_form_CLT_title;Create the Celtic Union;;;;;;;;;;;;;
outside_form_CLT_desc;With Scotland, Ireland and Wales under our control, we can unify them into a strong vassal.;;;;;;;;;;;;;
greater_slovenia_title;Greater Slovenia;;;;;;;;;;;;;
greater_slovenia_desc;Pola, Fiume and Klagenfurt all have Slovenian minorities whom we must rescue from foreign rule!;;;;;;;;;;;;;
PV_INTERNAL_MIGRATION;Internal Migration;;;;;;;;;;;;;
rio_branco_law_title;The Rio Branco Law;;;;;;;;;;;;;
rio_branco_law_desc;§GLose 1 infamy§! The Rio Branco Law, also known as the Law of Free Birth, named after its champion, Prime Minister José Paranhos, Viscount of Rio Branco, intended to provide freedom to all newborn children of slaves, and slaves of the state or crown. Slaveholders of the children's parents were to provide care for the children until the age of 21 or turn them over to the state in return for monetary compensation.;;;;;;;;;;;;;
south_georgia_whaling_title;Whaling in the South Georgia Islands;;;;;;;;;;;;;
south_georgia_whaling_desc;As whales in the northern and southern Atlantic have been hunted to near extinction, whalers have begun heading for the Arctic, where they are still plentiful. This has resulted in a whaling boom on the South Georgia islands, with new infrastructure and actual permanent settlement. This allows us to properly integrate it into our nation.;;;;;;;;;;;;;
TBS_radical;Facción Radical;Partido Federalista;Partido Federalista;;;;;;;;;;;
TBS_radical_1;Convencionistas;Partido Federalista;Partido Federalista;;;;;;;;;;;
TBS_radical_2;Facción Radical;Partido Federalista;Partido Federalista;;;;;;;;;;;
TBS_communist;Facción Comunista;;;;;;;;;;;;;
TBS_communist_1;Partido Comunista Tabasqueíro;;;;;;;;;;;;;
TBS_conservative;Partido Conservador;Partido Conservador;Partido Conservador;;;;;;;;;;;
TBS_conservative_1;Santanistas;Partido Moderado Liberal;Partido Moderado Liberal;;;;;;;;;;;
TBS_conservative_2;Circuito Nacional Porfirista;Partido Moderado Liberal;Partido Moderado Liberal;;;;;;;;;;;
TBS_conservative_3;Porfiristas;Partido Constitucionalista;Partido Constitucionalista;;;;;;;;;;;
TBS_conservative_4;Centristas;Partido Constitucionalista;Partido Constitucionalista;;;;;;;;;;;
PNG_fascist;The Fascist Faction;;;;;;;;;;;;;
TBS_fascist;Facción Fascista;;;;;;;;;;;;;
TBS_fascist_1;Partido Fascista Tabasqueíro;;;;;;;;;;;;;
TBS_fascist_2;Acción Revolucionaria Tabasqueírista;;;;;;;;;;;;;
TBS_liberal;Partido Liberal;Partido Liberal;Partido Liberal;;;;;;;;;;;
TBS_liberal_1;Partido Constitucional Progresista;Partido Radical Liberal;Partido Radical Liberal;;;;;;;;;;;
TBS_liberal_2;Constitucionalistas;Partido Progresista;Partido Progresista;;;;;;;;;;;
TBS_liberal_3;Partido Nacional Antirreeleccionista;;;;;;;;;;;;;
TBS_reactionary;Imperialistas;Partido Imperialista;Partido Imperialista;;;;;;;;;;;
TBS_socialist;Facción Socialista;Partido Imperialista;Partido Imperialista;;;;;;;;;;;
TBS_socialist_1;Partido Liberal Tabasqueíro;;;;;;;;;;;;;
TBS_socialist_2;Partido Liberal Constitucionalista;;;;;;;;;;;;;
TBS_socialist_3;Partido Laborista Tabasqueíro;;;;;;;;;;;;;
TBS_socialist_4;Partido Nacional Revolucionario;;;;;;;;;;;;;
BRB_dominion;Barbados;;;;;;;;;;;;;
BRB_parliamentary_republic;Barbados;;;;;;;;;;;;;
BRB_radical;Radicals;Parti Radical;Radical Party;;;;;;;;;;;
BRB_radical_2;Radical Liberals;Parti radical;Radical Party;;;;;;;;;;;
BRB_communist;Communist Faction;;;;;;;;;;;;;
BRB_communist_1;Barbadian Socialist Party;;;;;;;;;;;;;
BRB_communist_2;Revolutionary Socialist Party;;;;;;;;;;;;;
BRB_communist_3;Anti-Parliamentary Communist Federation;;;;;;;;;;;;;
BRB_communist_4;Communist Party of Barbados;;;;;;;;;;;;;
BRB_conservative;Conservative Party;Parti conservateur;Conservative Party;;;;;;;;;;;
BRB_conservative_1;Protectionist Conservatives;Parti conservateur;Conservative Party;;;;;;;;;;;
BRB_conservative_2;Liberal Conservatives;Parti conservateur;Conservative Party;;;;;;;;;;;
BRB_conservative_3;Conservative Party;Parti conservateur;Conservative Party;;;;;;;;;;;
BRB_conservative_4;Liberal Unionist Party;Parti conservateur;Conservative Party;;;;;;;;;;;
BRB_conservative_5;Conservative and Unionist Party;Parti conservateur;Conservative Party;;;;;;;;;;;
BRB_conservative_6;Barbadian Workers League;Parti conservateur;Conservative Party;;;;;;;;;;;
BRB_fascist;Fascist Faction;Union britannique des fascistes;British Union of Fascists;;;;;;;;;;;
BRB_fascist_1;Barbadian Fascists;Union britannique des fascistes;British Union of Fascists;;;;;;;;;;;
BRB_fascist_2;Barbadian Union of Fascists;Union britannique des fascistes;British Union of Fascists;;;;;;;;;;;
BRB_liberal;Whigs;Parti Whig;Whig Party;;;;;;;;;;;
BRB_liberal_1;Repeal Association;Parti libéral;Liberal Party;;;;;;;;;;;
BRB_liberal_2;Chartists;Parti libéral;Liberal Party;;;;;;;;;;;
BRB_liberal_3;Liberal Party;Parti libéral;Liberal Party;;;;;;;;;;;
BRB_liberal_5;Liberal National Party;Parti libéral;Liberal Party;;;;;;;;;;;
BRB_reactionary;Tory Party;Parti nationaliste;Nationalist Party;;;;;;;;;;;
BRB_socialist;Socialist Faction;;;;;;;;;;;;;
BRB_socialist_1;Social Democratic Federation;Parti travailliste;Labour Party;;;;;;;;;;;
BRB_socialist_2;Independent Labour Party;Parti travailliste;Labour Party;;;;;;;;;;;
BRB_socialist_3;Labour Party;Parti travailliste;Labour Party;;;;;;;;;;;
BRB_socialist_4;Socialist Labour Party;Parti travailliste;Labour Party;;;;;;;;;;;
BRB_socialist_5;Socialist Party of Barbados;Parti travailliste;Labour Party;;;;;;;;;;;
BRB_socialist_6;National Socialist Party;Parti travailliste;Labour Party;;;;;;;;;;;
BRB_socialist_7;Co-operative Party;Parti travailliste;Labour Party;;;;;;;;;;;
NAN_anarchist_1;Vrije Bond;;;;;;;;;;;;;
NAN_radical_1;Libertariers;;;;;;;;;;;;;
NAN_radical_2;Bond van Vrije Liberalen;;;;;;;;;;;;;
NAN_radical_3;Plattelandersbond;;;;;;;;;;;;;
NAN_radical_4;Middenstandspartij;;;;;;;;;;;;;
NAN_radical_5;Bond van Belastingbetalers;;;;;;;;;;;;;
NAN_radical_6;Nationale Bond voor Bezuiniging;;;;;;;;;;;;;
NAN_radical_7;Middenpartij voor Stad en Land;;;;;;;;;;;;;
NAN_radical_8;Nationale Boeren-, Tuinders-, en Middenstandspartij;;;;;;;;;;;;;
NAN_communist;Communistische Partij Holland;;;;;;;;;;;;;
NAN_communist_1;Communisten;;;;;;;;;;;;;
NAN_communist_2;Sociaal-Democratische Partij;;;;;;;;;;;;;
NAN_communist_3;Socialistische Partij;;;;;;;;;;;;;
NAN_communist_4;Communistische Partij;;;;;;;;;;;;;
NAN_communist_5;Onafhankelijke Socialistische Partij;;;;;;;;;;;;;
NAN_communist_6;Revolutionair-Socialistische Arbeiderspartij;;;;;;;;;;;;;
NAN_conservative_1;Conservatieven;;;;;;;;;;;;;
NAN_conservative_2;Christelijk-Historische Kiezersbond;;;;;;;;;;;;;
NAN_conservative_3;Vrij-Antirevolutionaire Partij;;;;;;;;;;;;;
NAN_conservative_4;Friese Bond;;;;;;;;;;;;;
NAN_conservative_5;Christelijk-Historische Partij;;;;;;;;;;;;;
NAN_conservative_6;Christen-Democratische Partij;;;;;;;;;;;;;
NAN_conservative_7;Algemeene Bond van Roomsch-Katholieken;;;;;;;;;;;;;
NAN_conservative_8;Christelijk-Historische Unie;;;;;;;;;;;;;
NAN_conservative_9;Roomsch-Katholieke Staatspartij;;;;;;;;;;;;;
NAN_fascist_1;Radikaal-Nationalisten;;;;;;;;;;;;;
NAN_fascist_10;Oranje-Fascisten;;;;;;;;;;;;;
NAN_fascist_11;Zwart Front;;;;;;;;;;;;;
NAN_fascist_12;Nationaal-Socialistische Partij;;;;;;;;;;;;;
NAN_fascist_2;Verbond van Actualisten;;;;;;;;;;;;;
NAN_fascist_3;Verbond van Nationalisten;;;;;;;;;;;;;
NAN_fascist_4;Nationaal-Socialistische Arbeiderspartij;;;;;;;;;;;;;
NAN_fascist_5;Nationaal-Socialistische Beweging;;;;;;;;;;;;;
NAN_fascist_6;Algemeene Fascisten Bond;;;;;;;;;;;;;
NAN_fascist_7;Frysk Fascisten Front;;;;;;;;;;;;;
NAN_fascist_8;Fascisten Unie;;;;;;;;;;;;;
NAN_fascist_9;Unie van Fascisten;;;;;;;;;;;;;
NAN_liberal_1;Liberalen;;;;;;;;;;;;;
NAN_liberal_2;Liberale Unie;;;;;;;;;;;;;
NAN_liberal_3;Economische Bond;;;;;;;;;;;;;
NAN_liberal_4;Neutrale Partij;;;;;;;;;;;;;
NAN_liberal_5;Vrijheidsbond;;;;;;;;;;;;;
NAN_liberal_6;Liberale Partij;;;;;;;;;;;;;
NAN_reactionary_1;Orangisten;;;;;;;;;;;;;
NAN_reactionary_2;Anti-Reviolutionaire Partij;;;;;;;;;;;;;
NAN_reactionary_3;Hervormd-Gereformeerde Staatspartij;;;;;;;;;;;;;
NAN_reactionary_4;Vaderlandsch Verbond;;;;;;;;;;;;;
NAN_reactionary_5;Verbond voor Nationaal Herstel;;;;;;;;;;;;;
NAN_socialist_1;Sociaal-Democraten;;;;;;;;;;;;;
NAN_socialist_10;Christelijk-Democratische Unie;;;;;;;;;;;;;
NAN_socialist_11;Katholiek-Democratische Partij;;;;;;;;;;;;;
NAN_socialist_2;Sociaal-Democratische Bond;;;;;;;;;;;;;
NAN_socialist_3;Radicale Bond;;;;;;;;;;;;;
NAN_socialist_4;Sociaal-Democratische Arbeiderspartij;;;;;;;;;;;;;
NAN_socialist_5;Vrijzinnig Democratische Bond;;;;;;;;;;;;;
NAN_socialist_6;Bond van Christen-Socialisten;;;;;;;;;;;;;
NAN_socialist_7;Christelijk-Sociale Partij;;;;;;;;;;;;;
NAN_socialist_8;Christelijke Volkspartij;;;;;;;;;;;;;
NAN_socialist_9;Rooms-Katholieke Volkspartij;;;;;;;;;;;;;
BMD_radical;Radical Party;;;;;;;;;;;;;
BMD_dominion;Islands of Bermuda;;;;;;;;;;;;;
BMD_communist;Communist Faction;;;;;;;;;;;;;
BMD_communist_1;Bermudian Socialist Party;;;;;;;;;;;;;
BMD_communist_2;Revolutionary Socialist Party;;;;;;;;;;;;;
BMD_communist_3;Anti-Parliamentary Communist Federation;;;;;;;;;;;;;
BMD_communist_4;Communist Party of Bermuda;;;;;;;;;;;;;
BMD_conservative;Conservative Party;Parti conservateur;Conservative Party;;;;;;;;;;;
BMD_conservative_1;Protectionist Conservatives;Parti conservateur;Conservative Party;;;;;;;;;;;
BMD_conservative_2;Liberal Conservatives;Parti conservateur;Conservative Party;;;;;;;;;;;
BMD_conservative_3;Conservative Party;Parti conservateur;Conservative Party;;;;;;;;;;;
BMD_conservative_4;Liberal Unionist Party;Parti conservateur;Conservative Party;;;;;;;;;;;
BMD_conservative_5;Conservative and Unionist Party;Parti conservateur;Conservative Party;;;;;;;;;;;
BMD_conservative_6;Bermudian Workers League;Parti conservateur;Conservative Party;;;;;;;;;;;
BMD_fascist;Fascist Faction;Union britannique des fascistes;British Union of Fascists;;;;;;;;;;;
BMD_fascist_1;Bermudian Fascists;Union britannique des fascistes;British Union of Fascists;;;;;;;;;;;
BMD_fascist_2;Bermudian Union of Fascists;Union britannique des fascistes;British Union of Fascists;;;;;;;;;;;
BMD_liberal;Whigs;Parti Whig;Whig Party;;;;;;;;;;;
BMD_liberal_1;Repeal Association;Parti libï¿½ral;Liberal Party;;;;;;;;;;;
BMD_liberal_2;Chartists;Parti libï¿½ral;Liberal Party;;;;;;;;;;;
BMD_liberal_3;Liberal Party;Parti libï¿½ral;Liberal Party;;;;;;;;;;;
BMD_liberal_5;Liberal National Party;Parti libï¿½ral;Liberal Party;;;;;;;;;;;
BMD_reactionary;Tory Party;Parti nationaliste;Nationalist Party;;;;;;;;;;;
BMD_socialist;Socialist Faction;;;;;;;;;;;;;
BMD_socialist_1;Social Democratic Federation;Parti travailliste;Labour Party;;;;;;;;;;;
BMD_socialist_2;Independent Labour Party;Parti travailliste;Labour Party;;;;;;;;;;;
BMD_socialist_3;Labour Party;Parti travailliste;Labour Party;;;;;;;;;;;
BMD_socialist_4;Socialist Labour Party;Parti travailliste;Labour Party;;;;;;;;;;;
BMD_socialist_5;Socialist Party of Bermuda;Parti travailliste;Labour Party;;;;;;;;;;;
BMD_socialist_6;National Socialist Party;Parti travailliste;Labour Party;;;;;;;;;;;
BMD_socialist_7;Co-operative Party;Parti travailliste;Labour Party;;;;;;;;;;;
BHM_dominion;Commonwealth of The Bahamas;;;;;;;;;;;;;
BHM_parliamentary_republic;The Bahamas;;;;;;;;;;;;;
BHM_radical;Radicals;Parti radical;Radical Party;;;;;;;;;;;
BHM_radical_2;Radical Liberals;Parti radical;Radical Party;;;;;;;;;;;
BHM_communist;Communist Faction;;;;;;;;;;;;;
BHM_communist_1;Bahamian Socialist Party;;;;;;;;;;;;;
BHM_communist_2;Revolutionary Socialist Party;;;;;;;;;;;;;
BHM_communist_3;Anti-Parliamentary Communist Federation;;;;;;;;;;;;;
BHM_communist_4;Communist Party of The Bahamas;;;;;;;;;;;;;
BHM_conservative;Conservative Party;Parti conservateur;Conservative Party;;;;;;;;;;;
BHM_conservative_1;Protectionist Conservatives;Parti conservateur;Conservative Party;;;;;;;;;;;
BHM_conservative_2;Liberal Conservatives;Parti conservateur;Conservative Party;;;;;;;;;;;
BHM_conservative_3;Conservative Party;Parti conservateur;Conservative Party;;;;;;;;;;;
BHM_conservative_4;Liberal Unionist Party;Parti conservateur;Conservative Party;;;;;;;;;;;
BHM_conservative_5;Conservative and Unionist Party;Parti conservateur;Conservative Party;;;;;;;;;;;
BHM_conservative_6;Bahamian Workers League;Parti conservateur;Conservative Party;;;;;;;;;;;
BHM_fascist;Fascist Faction;Union britannique des fascistes;British Union of Fascists;;;;;;;;;;;
BHM_fascist_1;Bahamian Fascists;Union britannique des fascistes;British Union of Fascists;;;;;;;;;;;
BHM_fascist_2;Bahamian Union of Fascists;Union britannique des fascistes;British Union of Fascists;;;;;;;;;;;
BHM_liberal;Whigs;Parti Whig;Whig Party;;;;;;;;;;;
BHM_liberal_1;Repeal Association;Parti libéral;Liberal Party;;;;;;;;;;;
BHM_liberal_2;Chartists;Parti libéral;Liberal Party;;;;;;;;;;;
BHM_liberal_3;Liberal Party;Parti libéral;Liberal Party;;;;;;;;;;;
BHM_liberal_5;Liberal National Party;Parti libéral;Liberal Party;;;;;;;;;;;
BHM_reactionary;Tory Party;Parti nationaliste;Nationalist Party;;;;;;;;;;;
BHM_socialist;Socialist Faction;;;;;;;;;;;;;
BHM_socialist_1;Social Democratic Federation;Parti travailliste;Labour Party;;;;;;;;;;;
BHM_socialist_2;Independent Labour Party;Parti travailliste;Labour Party;;;;;;;;;;;
BHM_socialist_3;Labour Party;Parti travailliste;Labour Party;;;;;;;;;;;
BHM_socialist_4;Socialist Labour Party;Parti travailliste;Labour Party;;;;;;;;;;;
BHM_socialist_5;Socialist Party of The Bahamas;Parti travailliste;Labour Party;;;;;;;;;;;
BHM_socialist_6;National Socialist Party;Parti travailliste;Labour Party;;;;;;;;;;;
BHM_socialist_7;Co-operative Party;Parti travailliste;Labour Party;;;;;;;;;;;
ZAC_anarcho_liberal;Facción Radical;Partido Federalista;Partido Federalista;;;;;;;;;;;
ZAC_anarcho_liberal_1;Convencionistas;Partido Federalista;Partido Federalista;;;;;;;;;;;
ZAC_anarcho_liberal_2;Facción Radical;Partido Federalista;Partido Federalista;;;;;;;;;;;
ZAC_communist;Facción Comunista;;;;;;;;;;;;;
ZAC_communist_1;Partido Comunista Zacatecano;;;;;;;;;;;;;
ZAC_conservative;Partido Conservador;Partido Conservador;Partido Conservador;;;;;;;;;;;
ZAC_conservative_1;Santanistas;Partido Moderado Liberal;Partido Moderado Liberal;;;;;;;;;;;
ZAC_conservative_2;Circuito Nacional Porfirista;Partido Moderado Liberal;Partido Moderado Liberal;;;;;;;;;;;
ZAC_conservative_3;Porfiristas;Partido Constitucionalista;Partido Constitucionalista;;;;;;;;;;;
ZAC_conservative_4;Centristas;Partido Constitucionalista;Partido Constitucionalista;;;;;;;;;;;
ZAC_fascist;Facción Fascista;;;;;;;;;;;;;
ZAC_fascist_1;Partido Fascista Zacatecano;;;;;;;;;;;;;
ZAC_fascist_2;Acción Revolucionaria Zacatecanista;;;;;;;;;;;;;
ZAC_liberal;Partido Liberal;Partido Liberal;Partido Liberal;;;;;;;;;;;
ZAC_liberal_1;Partido Constitucional Progresista;Partido Radical Liberal;Partido Radical Liberal;;;;;;;;;;;
ZAC_liberal_2;Constitucionalistas;Partido Progresista;Partido Progresista;;;;;;;;;;;
ZAC_liberal_3;Partido Nacional Antirreeleccionista;;;;;;;;;;;;;
ZAC_reactionary;Imperialistas;Partido Imperialista;Partido Imperialista;;;;;;;;;;;
ZAC_socialist;Facción Socialista;Partido Imperialista;Partido Imperialista;;;;;;;;;;;
ZAC_socialist_1;Partido Liberal Zacatecano;;;;;;;;;;;;;
ZAC_socialist_2;Partido Liberal Constitucionalista;;;;;;;;;;;;;
ZAC_socialist_3;Partido Laborista Zacatecano;;;;;;;;;;;;;
ZAC_socialist_4;Partido Nacional Revolucionario;;;;;;;;;;;;;
STK_dominion;Stickeen Territories;;;;;;;;;;;;;
STK_anarcho_liberal;Radicals;Parti radical;Radikale Partei;;;;;;;;;;;
STK_communist;Communist Faction;Parti communiste;Kommunistische Partei;;;;;;;;;;;
STK_communist_1;Communist Party of the Stickeen;Parti communiste;Kommunistische Partei;;;;;;;;;;;
STK_conservative;Hudson's Bay Company;Parti conservateur;Konservative Partei;;;;;;;;;;;
STK_conservative_1;Company Men;;;;;;;;;;;;;
STK_conservative_2;Conservatives;;;;;;;;;;;;;
STK_conservative_3;Stickeen Liberal-Conservative Party;;;;;;;;;;;;;
STK_conservative_4;Provincial Party of the Stickeen;;;;;;;;;;;;;
STK_fascist;Fascist Faction;Parti fasciste;Faschistische Partei;;;;;;;;;;;
STK_fascist_1;Stickeen Union of Fascists;Parti fasciste;Faschistische Partei;;;;;;;;;;;
STK_liberal;Hudson's Bay Company;Parti libéral;Liberale Partei;;;;;;;;;;;
STK_liberal_1;Reformers;;;;;;;;;;;;;
STK_liberal_2;Liberals;;;;;;;;;;;;;
STK_liberal_3;Stickeen Liberal Party;;;;;;;;;;;;;
STK_liberal_4;Stickeen Liberal Party;;;;;;;;;;;;;
STK_liberal_5;Stickeen Liberal Party;;;;;;;;;;;;;
STK_reactionary;Hudson's Bay Company;Parti nationaliste;Nationalistische Partei;;;;;;;;;;;
STK_reactionary_1;Blue Tories;Parti nationaliste;Nationalistische Partei;;;;;;;;;;;
STK_socialist;Socialist Faction;Parti socialiste;Sozialistische Partei;;;;;;;;;;;
STK_socialist_1;Socialist Party of the Stickeen;Parti socialiste;Sozialistische Partei;;;;;;;;;;;
STK_socialist_2;Independent Labour Party;Parti socialiste;Sozialistische Partei;;;;;;;;;;;
STK_socialist_3;Soldier-Farmer-Labour Party;Parti socialiste;Sozialistische Partei;;;;;;;;;;;
STK_socialist_4;Co-operative Commonwealth Federation;Parti socialiste;Sozialistische Partei;;;;;;;;;;;
PEI_anarcho_liberal;Radicals;;;;;;;;;;;;;
PEI_communist;Communist Faction;;;;;;;;;;;;;
PEI_communist_1;Communist Party of PEI;;;;;;;;;;;;;
PEI_conservative;Conservatives;;;;;;;;;;;;;
PEI_conservative_1;Confederation Party;;;;;;;;;;;;;
PEI_conservative_2;Conservative Party of PEI;;;;;;;;;;;;;
PEI_fascist;Fascist Faction;;;;;;;;;;;;;
PEI_liberal;Reform Party;Parti libéral;Liberale Partei;;;;;;;;;;;
PEI_liberal_1;Anti-Confederation Party;;;;;;;;;;;;;
PEI_liberal_2;Liberals;;;;;;;;;;;;;
PEI_liberal_3;PEI Liberal Association;;;;;;;;;;;;;
PEI_reactionary;United Empire Loyalists;;;;;;;;;;;;;
PEI_reactionary_1;Blue Tories;;;;;;;;;;;;;
PEI_socialist;Socialist Faction;;;;;;;;;;;;;
PEI_socialist_1;United Farmers of PEI;;;;;;;;;;;;;
PEI_dominion;Dominion of Prince Edward Island;;;;;;;;;;;;;
PEI_hms_governmenr;Prince Edward Island;;;;;;;;;;;;;
PEI_parliamentary_republic;Prince Edward Island;;;;;;;;;;;;;
VAN_dominion;Dominion of Vancouver Island;;;;;;;;;;;;;
VAN_hms_governmenr;Vancouver Island;;;;;;;;;;;;;
VAN_parliamentary_republic;Vancouver Island;;;;;;;;;;;;;
VAN_anarcho_liberal;Radicals;Parti radical;Radikale Partei;;;;;;;;;;;
VAN_communist;Communist Faction;Parti communiste;Kommunistische Partei;;;;;;;;;;;
VAN_communist_1;Communist Party of Vancouver Island;Parti communiste;Kommunistische Partei;;;;;;;;;;;
VAN_conservative;Hudson's Bay Company;Parti conservateur;Konservative Partei;;;;;;;;;;;
VAN_conservative_1;Company Men;;;;;;;;;;;;;
VAN_conservative_2;Conservatives;;;;;;;;;;;;;
VAN_conservative_3;Island Liberal-Conservative Party;;;;;;;;;;;;;
VAN_conservative_4;Provincial Party of Vancouver Island;;;;;;;;;;;;;
VAN_fascist;Fascist Faction;Parti fasciste;Faschistische Partei;;;;;;;;;;;
VAN_fascist_1;Victoria Union of Fascists;Parti fasciste;Faschistische Partei;;;;;;;;;;;
VAN_liberal;Hudson's Bay Company;Parti libéral;Liberale Partei;;;;;;;;;;;
VAN_liberal_1;Reformers;;;;;;;;;;;;;
VAN_liberal_2;Liberals;;;;;;;;;;;;;
VAN_liberal_3;Vancouver Island Liberal Party;;;;;;;;;;;;;
VAN_liberal_4;Vancouver Island Liberal Party;;;;;;;;;;;;;
VAN_liberal_5;Vancouver Island Liberal Party;;;;;;;;;;;;;
VAN_reactionary;Hudson's Bay Company;Parti nationaliste;Nationalistische Partei;;;;;;;;;;;
VAN_reactionary_1;Blue Tories;Parti nationaliste;Nationalistische Partei;;;;;;;;;;;
VAN_socialist;Socialist Faction;Parti socialiste;Sozialistische Partei;;;;;;;;;;;
VAN_socialist_1;Socialist Party of Vancouver Island;Parti socialiste;Sozialistische Partei;;;;;;;;;;;
VAN_socialist_2;Independent Labour Party;Parti socialiste;Sozialistische Partei;;;;;;;;;;;
VAN_socialist_3;Soldier-Farmer-Labour Party;Parti socialiste;Sozialistische Partei;;;;;;;;;;;
VAN_socialist_4;Co-operative Commonwealth Federation;Parti socialiste;Sozialistische Partei;;;;;;;;;;;
NSC_radical;Radicals;;;;;;;;;;;;;
NSC_communist;Communist Faction;;;;;;;;;;;;;
NSC_communist_1;Communist Party of Nova Scotia;;;;;;;;;;;;;
NSC_conservative;Conservatives;;;;;;;;;;;;;
NSC_conservative_1;Confederation Party;;;;;;;;;;;;;
NSC_conservative_2;Conservative Association;;;;;;;;;;;;;
NSC_fascist;Fascist Faction;;;;;;;;;;;;;
NSC_liberal;Reformers;Parti libéral;Liberale Partei;;;;;;;;;;;
NSC_liberal_1;Anti-Confederation Party;;;;;;;;;;;;;
NSC_liberal_2;Liberals;;;;;;;;;;;;;
NSC_liberal_3;Nova Scotia Liberal Party;;;;;;;;;;;;;
NSC_reactionary;United Empire Loyalists;;;;;;;;;;;;;
NSC_reactionary_1;Blue Tories;;;;;;;;;;;;;
NSC_socialist;Socialist Faction;;;;;;;;;;;;;
NSC_socialist_1;United Farmers of Nova Scotia;;;;;;;;;;;;;
NSC_dominion;Dominion of Nova Scotia;;;;;;;;;;;;;
NSC_hms_governmenr;Nova Scotia;;;;;;;;;;;;;
NSC_parliamentary_republic;Nova Scotia;;;;;;;;;;;;;
NBR_radical;Radicals;;;;;;;;;;;;;
NBR_communist;Communist Faction;;;;;;;;;;;;;
NBR_communist_1;Communist Party of New Brunswick;;;;;;;;;;;;;
NBR_conservative;Conservatives;;;;;;;;;;;;;
NBR_conservative_1;Confederation Party;;;;;;;;;;;;;
NBR_conservative_2;Conservative Party of New Brunswick;;;;;;;;;;;;;
NBR_fascist;Fascist Faction;;;;;;;;;;;;;
NBR_liberal;Reform Party;Parti libéral;Liberale Partei;;;;;;;;;;;
NBR_liberal_1;Anti-Confederation Party;;;;;;;;;;;;;
NBR_liberal_2;Liberals;;;;;;;;;;;;;
NBR_liberal_3;New Brunswick Liberal Association;;;;;;;;;;;;;
NBR_reactionary;United Empire Loyalists;;;;;;;;;;;;;
NBR_reactionary_1;Blue Tories;;;;;;;;;;;;;
NBR_socialist;Socialist Faction;;;;;;;;;;;;;
NBR_socialist_1;United Farmers of New Brunswick;;;;;;;;;;;;;
NBR_dominion;Dominion of New Brunswick;;;;;;;;;;;;;
NBR_hms_governmenr;New Brunswick;;;;;;;;;;;;;
NBR_parliamentary_republic;New Brunswick;;;;;;;;;;;;;
bon_compagni_law_title;Legge Bon-Compagni;;;;;;;;;;;;;
bon_compagni_law_desc;The Bon-Compagni Law, named after the Minister of Education Carlo Boncompagni of Mombello, establishes national boarding schools, which constitute the backbone of the new Piedmontese school system. The law provides for governmental control of schools of all levels, both state and free, through the Superior Council of Education, which is responsible for the organization of studies, teaching plans, the approval of course programs and books and treaties adopted. The law also eliminates the bishop's authorization for the appointment of professors.;;;;;;;;;;;;;
legge_del_giugno_title;Legge del 22 Giugno 1857;;;;;;;;;;;;;
legge_del_giugno_desc;The 22nd of June Law, introduced by the Minister of Education Giovanni Lanza reorganizes the administrative sector of public education, despite the contrary pressures of the Church which claim the monopoly of education, which confirms the secular and liberal direction of the government.;;;;;;;;;;;;;
casati_law_title;Legge Casati;;;;;;;;;;;;;
casati_law_desc;The Casati Law, which takes its name from the Minister of Education Gabrio Francesco Casati and follows the Bon Compagni Law of 1848, organically reforms the entire school system, from the administration to the articulation by orders and degrees and to teaching subjects, confirming the will of the State to take charge of the right and duty to intervene in school matters alongside and in place of the Catholic Church which for centuries was the only one to deal with education, introducing compulsory schooling in the kingdom.;;;;;;;;;;;;;
integrate_annazah_title;Integrate the Anazzah Sheikhdom;;;;;;;;;;;;;
integrate_annazah_desc;§RGain 1 infamy§! With our recent victory over Egypt, some within our government have their eyes on the Arabian peninsula as a natural continuation to our expansion. As a first step, we should demand the integration of Anazzah.;;;;;;;;;;;;;
noronha_concession_title;The Noronha port;;;;;;;;;;;;;
noronha_concession_desc;§RGain 0.3 infamy§! With Brazil being defeated, we can demand the island of Fernando de Noronha and the Trindade e Martim Vaz Archipelago from them.;;;;;;;;;;;;;
easter_island_concession_title;Demand Easter Island;;;;;;;;;;;;;
easter_island_concession_desc;§RGain 0.1 infamy§! With Chile being defeated, we can demand Easter Island from them.;;;;;;;;;;;;;
remove_grants_title;Remove Grants Decisions;;;;;;;;;;;;;
remove_grants_desc;Since grants are only useful for MP games, you may as well deactivate them via this decision in singleplayer.;;;;;;;;;;;;;
the_great_stink;The Great Stink;;;;;;;;;;;;;
vancouver_boom;Vancouver Boom;;;;;;;;;;;;;
treaty_of_ayacucho_title;The Treaty of Ayacucho;;;;;;;;;;;;;
treaty_of_ayacucho_desc;A treaty has been proposed to split the disputed territory of Acre to resolve the border conflict.;;;;;;;;;;;;;
transisthmian_trade;Transisthmian Trade;;;;;;;;;;;;;
civilizing_congo;Civilizing the Congo;;;;;;;;;;;;;
build_the_coptic_museum_title;The Coptic Museum;;;;;;;;;;;;;
build_the_coptic_museum_desc;Advisors propose building a museum to exhibit ancient Coptic artifacts owned by the Coptic Orthodox Church of Alexandria. It would be constructed with helping hands from our proud Coptic community.;;;;;;;;;;;;;
build_the_egyptian_museum_title;The Egyptian Museum;;;;;;;;;;;;;
build_the_egyptian_museum_desc;Advisors propose building a museum to exhibit ancient Egyptian artifacts under our possession that the colonizers have not managed to loot. Italian construction company Garozzo-Zaffarani has already come up with plans for its grandiose architecture.;;;;;;;;;;;;;
integrate_copts_title;Give Copts equal rights;;;;;;;;;;;;;
integrate_copts_desc;Muhammad Ali's reforms abolished the age-old Jizya taxes on non-Muslims. Coptic pope Cyril IV reformed the church and encouraged broader Coptic participation in Egyptian affairs. Now Khedive Isma'il Pasha is further promoting them, He is appointing them as judges to Egyptian courts and awarding them political rights and representation in government. With these final reforms, Copts shall become equal to any other Egyptians.;;;;;;;;;;;;;
Jizya_Egypt;Jizya Taxes;;;;;;;;;;;;;
Jizya_Egypt_desc;The Jizya taxes are an age-old discriminatory system of taxation of non-Muslims.;;;;;;;;;;;;;
greater_mauritania_title;Greater Mauritania;;;;;;;;;;;;;
greater_mauritania_desc;§RGain 4 infamy§! Our claims on the western Sahara are justified by the close ethnic and cultural ties between the Mauritanian Moors and the Sahrawis of western Sahara, in effect forming two subsets of the same tribal Arab-Berber population.;;;;;;;;;;;;;
rename_s_georgia_title;Rename South Georgia;;;;;;;;;;;;;
rename_s_georgia_desc;Now that the South Georgia islands are under our rightful administration, the time has come to rename them to their true title.;;;;;;;;;;;;;
2nd_Caucasian_War;2nd Caucasian War;;;;;;;;;;;;;
one_point_five_infamy_title;Option: Adjust Infamy Reduction;;;;;;;;;;;;;
one_point_five_infamy_desc;Playing with just -0.1 infamy reduction can get a bit slow. Why not spice it up a bit?;;;;;;;;;;;;;
one_point_five_infamy_reduction;Increased Infamy Reduction;;;;;;;;;;;;;
panic_of_eighteenthirtyseven;The Panic of 1837;;;;;;;;;;;;;
panic_of_eighteenthirtyseven_desc;The Panic of 1837 is a financial crisis in the United States that has touched off a major depression, which will last until the mid-1840s. Profits, prices, and wages went down, unemployment are going up; and pessimism abounds.;;;;;;;;;;;;;
can_ignore_cultural_core;Can Ignore Cultural Cores;;;;;;;;;;;;;
cotton_boom;Cotton Boom;;;;;;;;;;;;;
mexico_city_buff;Mexico City;;;;;;;;;;;;;
claim_nutka_title;Territorio de Nutca;;;;;;;;;;;;;
claim_nutka_desc;§RGain 3.5 infamy§! Now that we've seized the land up to the border with the Brits from the yanks, we may reclaim our rightful clay in the Nutca territory. Only under loose administration, the Spaniards gave it to the Brits via several treaties. Despite this, we must strive to regain it and undo the wrongs of the Spaniards. Viva Mexico!;;;;;;;;;;;;;
mexico_city_miracle_title;The Expansion of Mexico City;;;;;;;;;;;;;
mexico_city_miracle_desc;Mexico City has been the capital of the Viceroyalty of New Spain and Mexico for centuries. Despite multiple cities and towns having sometimes competed with it, not a single one has become as important, influential or populous as Mexico City. Our capital could be further improved if we awarded grants, allowed for the city's expansion and implemented the latest technological advances involving electricity in the streets!;;;;;;;;;;;;;
army_modernization_title;Modernize the $COUNTRY_ADJ$ Army;;;;;;;;;;;;;
army_modernization_desc;So far, the $COUNTRY_ADJ$ army has been hard pressed to defeat the prowess of its enemies, though our numbers and leadership win us many a battle. However, our guns are lacking and sooner or later, our men might be as well. It is time to reform the military and modernize our army so we don't fall behind.;;;;;;;;;;;;;
texan_retribution;Texan Pacification;;;;;;;;;;;;;
texan_compensation_title;The Pacification of Texas;;;;;;;;;;;;;
texan_compensation_desc;Many good Mexican men lost their lives during the Texan insurgency. To ensure this never occurs again, we must pacify the region and drive out any sense of difference of the Texan people. Settling more Mexicans there to replace those who flee to the USA would further integrate it into our great country.;;;;;;;;;;;;;
HAVE_NO_BLOCKADED;Is not blockaded;;;;;;;;;;;;;
a_greater_german_destiny_title;A Greater German Destiny?;;;;;;;;;;;;;
a_greater_german_destiny_desc;Germany has long been split between petty fiefdoms, duchies and kingdoms. We must take the initiative to finally unify it.;;;;;;;;;;;;;
organic_instruction_law_title;The Organic Instruction Law;;;;;;;;;;;;;
organic_instruction_law_desc;The Organic Instruction Law is a new act proposed by our current $MONARCHTITLE$, Benito Juarez, which looks to improve education throughout the nation with a specific focus in Oaxaca, where the lack of education has been keeping the region stagnant for a long time.;;;;;;;;;;;;;
northern_ejido_system;The Northern Ejido System;;;;;;;;;;;;;
the_royal_agrarian_reform_title;The Royal Agrarian Reform;;;;;;;;;;;;;
the_royal_agrarian_reform_desc;One of our nation's main struggles is the unpopulated regions in the North, they remain unintegrated and lawless. To solve this, we can attract Mexican settles to our move there and incentivize it by granting them small, free patches of land called 'Ejidos' in such strategic boomtowns as Los Angeles, San Francisco and Las Vegas. It will be expensive, and the natives and unruly yanks sure won't be happy to hear about newcomers.;;;;;;;;;;;;;
florida_rename_usa_title;Rename Florida;;;;;;;;;;;;;
florida_rename_usa_desc;Now that Florida is back under our control, we should rename it to its proper $COUNTRY_ADJ$ endonym.;;;;;;;;;;;;;
denver_rename_usa_desc;Now that Denver is under our control, we should rename it to its proper $COUNTRY_ADJ$ name.;;;;;;;;;;;;;
denver_rename_usa_title;Rename Denver;;;;;;;;;;;;;
the_white_fleet_title;The White Fleet;;;;;;;;;;;;;
the_white_fleet_desc;The Great White Fleet is the popular nickname for the group of 16 United States Navy battleships which will complete a journey around the globe from December 16, 1907 to February 22, 1909 by order of United States President Theodore Roosevelt. Its mission is to make friendly courtesy visits to numerous countries while displaying new U.S. naval power to the world. The hulls of these ships are painted a stark white, giving the armada its nickname.;;;;;;;;;;;;;
lower_infamy_a;Lower Infamy;;;;;;;;;;;;;
lower_infamy_a_desc;An infamy reduction increase.;;;;;;;;;;;;;
lower_infamy_b;Lower Infamy;;;;;;;;;;;;;
lower_infamy_b_desc;An infamy reduction increase.;;;;;;;;;;;;;
lower_infamy_c;Lower Infamy;;;;;;;;;;;;;
lower_infamy_c_desc;An infamy reduction increase.;;;;;;;;;;;;;
lower_infamy_d;Lower Infamy;;;;;;;;;;;;;
lower_infamy_d_desc;An infamy reduction increase.;;;;;;;;;;;;;
send_a_boat_to_tokugawa_title;Send the Kanko Maru;;;;;;;;;;;;;
send_a_boat_to_tokugawa_desc;Japan is a rapidly progressing nation. It will be a great investment to send them a warship as a gift now and have good relations in future, though it will be costly. The Soembing, a barque built in 1850, would be the ideal gift.;;;;;;;;;;;;;
ecuador_colombia_treaty_title;Muñoz Vernaza-Suárez Treaty;;;;;;;;;;;;;
ecuador_colombia_treaty_desc;We have an opportunity to resolve our border disputes with our neighbor Ecuador once and for all. Both of our countries respectively, claimed the Putumayo, Caqueta, and Napo rivers. Our politicians are unsure of what to do with this problem at hand. It hinders potential trade and income to each other, making this issue more severe than it seems. We will share the border equally with each other, dividing the border between the Napo and the Putumayo Rivers. Our generous treaty not only ensures a breath of relief for both of the participants, but it will also open potential trade agreements between each other and start the investment of the region.;;;;;;;;;;;;;
peru_colombia_treaty_title;Salomón-Lozano Treaty;;;;;;;;;;;;;
peru_colombia_treaty_desc;We have the opportunity to settle our territorial disputes in the Amazon region with our neighbor in the south. Our clashing claims in the region not only us in a bothersome relationship, it worsens our relationship with our neighbors as well. We will have the guidance and support of the USA to mediate the conference, however, our neighbors might take this negatively. We must tread on a thin rope and make sure that they will not be left satisfied. Under the counseling of the US, we drew the border to Putumayo River and will be gifted the land that is north of it. They will lose considerable influence and control of the rivers in the Amazon Region. However, we wish to partake in the control of the region as well. Some caricaturists, particularly Ricardo Rendón, poked fun at the resulting border, but every Colombian at heart knows this is only good for the Fatherland.;;;;;;;;;;;;;
first_choshu_expedition_title;The First Choshu Expedition;;;;;;;;;;;;;
first_choshu_expedition_desc;After Choshu's attempt to capture the emperor and use him to topple the Shogunate, we must decisively act to punish them. However, declaring all-out war would be unwise as Satsuma may come to their aid. If we simply send them a demand that they turn over their leaders to us, we may yet avoid bloodshed.;;;;;;;;;;;;;
take_libya_title;Claim Libya;;;;;;;;;;;;;
take_libya_desc;The Ottoman Empire is at its weakest, and we lack African colonies. They will be unable to defend Libya if we demand it from them.;;;;;;;;;;;;;
nav_treaty_brz_vnz_title;A navigation treaty with Venezuela;;;;;;;;;;;;;
nav_treaty_brz_vnz_desc;Our northern border is undefined, with a growing dispute over the area around Forte Sao Joaquim. To resolve this dispute and end smuggling along the northern river, we should propose this treaty to Venezuela.;;;;;;;;;;;;;
clm_const_five_title;The Colombian Constitution of $YEAR$;;;;;;;;;;;;;
clm_const_five_desc;The Regeneracion movement has agitated for a conservative replacement for the constitution of Rionegro, calling for exile to Ecuador and Venezuela of liberal politicians, professionals public employees, censorship by the church of professors and public employees who favor secularism and making divorce illegal by passing marriage from a the civil sphere to that of the Catholic church.;;;;;;;;;;;;;
clm_const_four_title;The Constitution of Rionegro;;;;;;;;;;;;;
clm_const_four_desc;There has been significant opposition to the last constitution, leading to support for a new one, transforming Colombia into a federation, guaranteeing individual freedoms of commerce, opinion, printing, teaching and association, abolishing the death penalty and consolidating the separation of church and state.;;;;;;;;;;;;;
clm_const_three_title;Constitution of the Granadina Confederation;;;;;;;;;;;;;
clm_const_three_desc;After a great deal of backlash against the last constitution, the conservatives are pushing for the imposition of confederalism, the organization, direction and maintenance of public forces, the creation of new states, and the arrangement of official weights, weights and measures.;;;;;;;;;;;;;
clm_const_two_title;The Constitution of $YEAR$;;;;;;;;;;;;;
clm_const_two_desc;Calls for reform have led to the proposition of a new liberal constitution to finally purge slavery from our lands, make ballots secret, separate the legislative branches in twain and allow for freedom of press.;;;;;;;;;;;;;
clm_const_one_title;The New Granada Constitution;;;;;;;;;;;;;
clm_const_one_desc;The proposed new constitution extols the control of the Catholic clergy over Colombia and places the provinces under harsh unitary rule of the central government. The election of the office of president, senators and representatives would be promulgated for a period of 4 years in each parish district.;;;;;;;;;;;;;
french_outside_italy_title;Organize Italy under strict French Supervision;;;;;;;;;;;;;
french_outside_italy_desc;§RGain 10 infamy§! Italy may be but a geographical expression, but it's an expression of strategic importance to $COUNTRY$. With the peninsula under our thumb, it might be time to reorganize the duchies and republics of Italy into more manageable kingdoms. We will also be able to take lands in Piedmont with a French minority, such as Savoia, Nice and Aosta in return for Parma and Modena, thereby appeasing expansionists.;;;;;;;;;;;;;
inherit_sgf;SGF Inherited;;;;;;;;;;;;;
austrian_destiny;Austrian destiny;;;;;;;;;;;;;
austrian_greater_germany;Interested in forming Germany;;;;;;;;;;;;;
ai_demand_sigmaringen;Peace of Prague;;;;;;;;;;;;;
ems_dispatch_sent;Ems Dispatch sent;;;;;;;;;;;;;
finnish_assimilation;Finnish Assimilation;;;;;;;;;;;;;
finnish_assimilation_desc;We are pushing towards the teaching of the Finnish language and its restoration as a language of culture.;;;;;;;;;;;;;
owed_artillery;Owed artillery;;;;;;;;;;;;;
owed_canned_food;Owed canned food;;;;;;;;;;;;;
i_have_gotten_bogota_event;Has gotten the treaty event;;;;;;;;;;;;;
i_no_longer_have_cores_in_tonantins;No longer has cores in Tonantins;;;;;;;;;;;;;
equal_rule_title;Equal Rule;;;;;;;;;;;;;
equal_rule;Equal rule of all races will lead us to prosperity.;;;;;;;;;;;;;
declare_caliphate_title;Declare a Caliphate;;;;;;;;;;;;;
declare_caliphate_desc;Following our conquest of Meccah, many in our court think we should take this opportunity to declare ourselves a Caliphate, a protector of all Muslims. However, the Ottomans have held this position for centuries, so no doubt they won't take fondly to us usurping the title.;;;;;;;;;;;;;
arosemena_treaty_title;The Arosemena-Guzmán Treaty;;;;;;;;;;;;;
arosemena_treaty_desc;The time has come to settle our long and bitter border dispute with Venezuela over Inrída. The proposed treaty has already been approved by our foreign minister Justo Arosemena and Venezuelan foreign minister Antonio Guzmán, hence the name.;;;;;;;;;;;;;
wilhelm_denkmal_title;Kaiser-Wilhelm-Nationaldenkmal;;;;;;;;;;;;;
wilhelm_denkmal_desc;A memorial has been proposed to our dear recently deceased monarch William I. It would consist of a massive bronze equestrian statue in front of the Berlin Palace on a raised base of polished red granite from Sweden surrounded by statues of lions, eagles and four Goddesses of Victory at the corners. The front the pedestal would bare the inscription 'William the Great, German Emperor, King of Prussia 1861-1888' and on the back 'in gratitude and true love, the German people.'.;;;;;;;;;;;;;
mar_chiquita_tourism_boom_title;The Mar Chiquita Tourism Boom;;;;;;;;;;;;;
mar_chiquita_tourism_boom_desc;The Mar Chiquita lake ("Little Sea"), known since colonial times, has never had any real population around its coast, with the only nearby settlements being the town of Morteros. During recent times, a large quantity of immigrants have been establishing towns in the area, seeing large quantities of tourism and settlement from neighboring locations, and even developing a large tourist industry due to a number of mineral spas utilizing the lake's natural properties.;;;;;;;;;;;;;
murwik_school;Marineschule Mürwik;;;;;;;;;;;;;
murwik_school_desc;The naval academy in Mürwik is an excellent place for our growing admiralty corps.;;;;;;;;;;;;;
marine_murwik_title;Marineschule Mürwik;;;;;;;;;;;;;
marine_murwik_desc;State secretary of the Reichsmarineamt Admiral Alfred von Tirpitz has proposed we construct a new naval academy for officers in Mürwik-Flensburg since our growing need isn't covered by the old naval academy in Hamburg.;;;;;;;;;;;;;
form_provence_title;Form Provence;;;;;;;;;;;;;
form_provence_desc;The Provencial people have long been oppressed, torn between Italy and France. We are the only country that truly gives them the rights they deserve. Therefore, we might as well gain legitimacy by proclaiming ourselves a provencial nation.;;;;;;;;;;;;;
unite_occitania_title;Unite Occitania;;;;;;;;;;;;;
unite_occitania_desc;The Occitan people have long been oppressed by the French northerners. Our position of owning their core lands enables us to gain legitimacy by proclaiming ourselves an Occitan nation.;;;;;;;;;;;;;
gfm_imperial_college_title;Establish the Imperial College of Engineering;;;;;;;;;;;;;
gfm_imperial_college_desc;In support of Japan's rapid industrialization it is time we establish an institution to help train young Japanese engineers.;;;;;;;;;;;;;
imperial_college_modifier;The Imperial College;;;;;;;;;;;;;
colonize_chatham_title;Colonize the Chatham Islands;;;;;;;;;;;;;
colonize_chatham_desc;The New Zealand Company has seen much success in settling and exploiting New Zealand. 650km East, another smaller island lies undisturbed: Rekohu, or the Chatham Islands. This is our chance for colonial glory!;;;;;;;;;;;;;
inherit_zaf;Za'faranlu is ready for integration;;;;;;;;;;;;;
remove_bismarck_title;Dropping the pilot;;;;;;;;;;;;;
remove_bismarck_desc;Von Bismarck, whilst a competent diplomat and administrator, has come to blows with Kaiser William II over foreign policy. His days as prime minister are numbered, we must pressure him to resign.;;;;;;;;;;;;;
wilhelminism;Wilhelminism;;;;;;;;;;;;;
wilhelminism_desc;Wilhelminism is the ideology proclaimed by William II: Its main tenets are the desire for a 'place in the sun' as a world power and rigidly conservative attitudes relying on the Prussian Junker landowners;;;;;;;;;;;;;
februar_erlasse_title;The Februarerlasse;;;;;;;;;;;;;
februar_erlasse_desc;To show his 'Social Monarchy', Kaiser William II has made several decrees relating to workers' safety conditions. This follows a massive miner's strike in the Ruhrgebiet.;;;;;;;;;;;;;
fort_ross_rename_title;Rename Fort Ross;;;;;;;;;;;;;
fort_ross_rename_desc;Fort Ross has been successfully brought under our control, hence we should name it according to our language instead of keeping an exonym.;;;;;;;;;;;;;
france_wadai_title;The Wadai War;;;;;;;;;;;;;
france_wadai_desc;If we are to link French West Africa and our holdings in the Congo, we must move establish a protectorate on the Wadai Empire to connect North and South. Its armies are unorganized and its monarchy unstable, so the war will be a piece of cake.;;;;;;;;;;;;;
french_bagirmi_title;Establish a protectorate over Baguirmi;;;;;;;;;;;;;
french_bagirmi_desc;Seeing the conquest of its neighbors, the Sultan of Baguirmi has sought to be peacefully protected by France to avoid bloodshed and be shielded from raiders.;;;;;;;;;;;;;
invade_nye_title;The Yemeni Expedition;;;;;;;;;;;;;
invade_nye_desc;§RGain 2 infamy§! Local Zaidi nobles who are irritated by the alleged incompetence of the Zaidi imam have invited us to depose him and integrate the Imamate of Zaydi into the Ottoman Empire.;;;;;;;;;;;;;
sudeten_treaty_title;The Sudeten Treaty;;;;;;;;;;;;;
sudeten_treaty_desc;Our recent acquisition of the Sudetenland has brought a dispute with the former owners and an unadministrable and undefendable panhandle into their territory. Our ministers propose we return said panhandle to them with a mutual agreement on those borders as final.;;;;;;;;;;;;;
form_bnf_title;Reunite with the Dutch;;;;;;;;;;;;;
form_bnf_desc;§RGain 7 infamy§! With our conquest of the Netherlands, Lucien Jottrand, a politician, has proposed we reunite, this time under Belgian leadership. This way we can gain our legitimacy in our occupation of the Netherlands and justify an intervention to end the Dutch rump state in Indonesia.;;;;;;;;;;;;;
chusan_treaty_port_title;The Chusan Islands Treaty Port;;;;;;;;;;;;;
chusan_treaty_port_desc;Found off the coast of Ningpo, the Chusan archipelago is strategically located a short distance from Shanghai and the mouth of the Yangtze. Outfitted with several natural harbors, these defensible islands would make an excellent outpost to project power on the Chinese coastline without having to defend a boundary on land.;;;;;;;;;;;;;
sanmen_treaty_port_title;The Sanmen Bay Treaty Port;;;;;;;;;;;;;
sanmen_treaty_port_desc;Sanmen Bay is very large, 390 square kilometers and 9 meters deep even at low tide, thus perfectly suitable for a harbor that can house dozens of ships at a time. The coast on both sides of the bay is very steep, making it very defensible. Up the Fuchun River, it gives excellent access to Qiandao Lake and further trading within China. The strategic advantages are self-evident.;;;;;;;;;;;;;
sanmen_treaty_port_ita_title;Demand Sanmen Bay;;;;;;;;;;;;;
sanmen_treaty_port_ita_desc;§RGain 1 infamy§! Sanmen Bay is very large, 390 square kilometers and 9 meters deep even at low tide, thus perfectly suitable for a harbor that can house dozens of ships at a time. The coast on both sides of the bay is very steep, making it very defensible. Therefore our ministers have suggested that we send an ultimatum to the Qing threatening armed action if they don't lease us the concession. If Britain and Portugal own ports in China, we too have a right to a place in the sun.;;;;;;;;;;;;;
tsushima_incident_title;Forcibly lease Tsushima;;;;;;;;;;;;;
tsushima_incident_desc;§RGain 1 infamy§! The island of Tsushima holds an extremely strategic position. Mountainous and located in the middle of the straight between Korea and Japan, it would make a perfect outpost and coaling station for us to extend our influence. However, perfidious Albion may attempt to foil our ambitions.;;;;;;;;;;;;;
barcelona_rail_title;The Barcelona-Mataro railroad;;;;;;;;;;;;;
barcelona_rail_desc;For too long has our country been lagging behind industrially. We must invest in railroads if we are to progress! A businessman has proposed constructing a line from Barcelona to Mataro. While unambitious, this will set the precedent for a veritable railway boom throughout our entire nation.;;;;;;;;;;;;;
sulfur_contract_title;Renegotiate the Sulfur Contract;;;;;;;;;;;;;
sulfur_contract_desc;In 1814, as Britain liberated us from Napoleonic occupation, they signed a contract granting them trade rights on the masses of sulfur extracted daily from the island of Sicily. This contract however greatly favors the British in terms of profits, and Franch businessmen have proposed a more favorable contract that would give France a monopoly on Sicilian sulfur exports. This would however unquestionably anger the Brits.;;;;;;;;;;;;;
british_blockade;British blockade;;;;;;;;;;;;;
british_blockade_desc;In the so-called 'Sulfur War', Britain is blockading our coast to prevent outflow of sulfur.;;;;;;;;;;;;;
wilkes_expedition_title;The Wilkes Expedition;;;;;;;;;;;;;
wilkes_expedition_desc;The United States House of Representatives passed a resolution on May 21, 1828, requesting President John Quincy Adams to send a ship to explore the Pacific. Adams was keen on the resolution and ordered his Secretary of the Navy to ready a ship, however the bill stalled in the US Senate in February 1829. Now Congress has finally voted to dispatch a squadron of ships with botanists, geologists, botanists and philologists on board to map parts of the Pacific, visit the islanders and plan possible colonization.;;;;;;;;;;;;;
claim_samoa_title;Lay claim to Samoa;;;;;;;;;;;;;
claim_samoa_desc;Samoa lies South of the equator, about halfway between Hawaii and New Zealand, in the Polynesian region of the Pacific Ocean. It consists of two large islands, Upolu and Savai'i and a cluster of 7 smaller islands to the Southeast with minor outliers of little significance. With a tropical climate year-round and covered in large part by jungles, these islands are truly magnificient and would make a perfect strategic outpost in the South Pacific, however other countries may be interested in laying competing claims.;;;;;;;;;;;;;
mckinley_tariff_title;The McKinley Tariff;;;;;;;;;;;;;
mckinley_tariff_desc;Representative William McKinley has proposed modifying our tariffs by duty on imports to almost fifty percent to protect domestic industries from foreign competition.;;;;;;;;;;;;;
mckinley_tariffs;The McKinley Tariff;;;;;;;;;;;;;
mckinley_tariffs_desc;Framed by representative William McKinley, the tariff of 1890 raises our duties on imports to protect domstic industries from foreign competition.;;;;;;;;;;;;;
vnz_crisis_title;Demand Essequibo;;;;;;;;;;;;;
vnz_crisis_desc;Guyana Essequiba is the area of Guyana West of the Essequibo river. Owned for decades by Gran Colombia, Britain seized it during its collapse. Recent gold mining in the area has increased tensions, with the audacious Brits even claiming a small amount of land on our side of the current line of control.;;;;;;;;;;;;;
peu_const_one_title;The Constitution of Huancayo;;;;;;;;;;;;;
peu_const_one_desc;With our nation once again independent of the Confederation, we need to write a new constitution to prevent such events from repeating. The constitutions of 1823, 1828 and 1834 were liberal-minded and decentralized our country, leading to the entrance into the confederation. This shows that we need a unitary government to remain strong.;;;;;;;;;;;;;
peu_const_two_title;The Constitution of $YEAR$;;;;;;;;;;;;;
peu_const_two_desc;With the conservatives out of power, we must undo their injustices and return liberty to the people. Proposed reforms include strengthening the parliament and weakening the executive, abolishing the death penalty, allowing suffrage to all Peruvians over the age of 21 who can read and write and reducing the power of the clergy.;;;;;;;;;;;;;
peu_const_three_title;The Constitution of $YEAR$;;;;;;;;;;;;;
peu_const_three_desc;Our last constitution was clearly too liberal for our conservative populace. We have no choice but to roll back some reforms such as the death penalty to appease them and avoid further conflict.;;;;;;;;;;;;;
vivanco_pareja_title;The Vivanco-Pareja Treaty;;;;;;;;;;;;;
vivanco_pareja_desc;Our war with Spain has been dragging on for a while now with no end in sight while our economy suffers due to the occupation of the valuable Chincha Islands. Perhaps a treaty would help smooth things over?;;;;;;;;;;;;;
peu_const_prado_title;The Pradista Constitution;;;;;;;;;;;;;
peu_const_prado_desc;To solidify Prado's regime, we must gain popularity among the people. Our only chance is to commit to new reforms such as freedom of press and the final abolition of the death penalty and hope to acquire supporters among the middle class.;;;;;;;;;;;;;
ecu_epn_title;Found the EPN;;;;;;;;;;;;;
ecu_epn_desc;To progress as a nation, we need to invest in research, however our people are largely not educated enough to engineer new inventions. To educate them in that regard, a new school has been proposed in Quito: The Escuela Politecnica Nacional or National Polytechnic School.;;;;;;;;;;;;;
cos_const_one_title;The Constitution of Costa Rica;;;;;;;;;;;;;
cos_const_one_desc;Our country is newly independent from the Republic of Central America, leaving us in disarray. We need a new constitution to guide us and modernize.;;;;;;;;;;;;;
potatoes_introduced;Forced introduction of potatoes;;;;;;;;;;;;;
potatoes_introduced_desc;The Potato Decrees have begun a local government effort to enforce potato cultivation, increasing agricultural output but angering the locals and natives.;;;;;;;;;;;;;
forced_potatoes_dec_title;The Potato Decrees;;;;;;;;;;;;;
forced_potatoes_dec_desc;Potatoes are much more efficient than the traditional grains of the Ural-Volga area, however unlike much of Western Russia they refuse to invest in potato crop, the main reason being their association of potatoes with the antichrist. Forcing people to grow potatoes will surely anger them, but it may be worth it due to the increase in output.;;;;;;;;;;;;;
kisilevs_reforms;Kiselev's Reforms;;;;;;;;;;;;;
kisilevs_reforms_desc;Pavel Dmitrievich Kiselev has passed a number of reforms improving our administration and the situation of the serfs.;;;;;;;;;;;;;
kisilev_reforms_title;Kiselev's Reforms;;;;;;;;;;;;;
kisilev_reforms_desc;Leader of the 5th department of His Imperial Majesty's Chancellery, Pavel Dmitrievich Kiselev has proposed a number of reforms aimed at the eventual abolition of serfdom and improvement of the Russian administration. These include creating chambers of state property with a state property district each, split into departments of forestry and general economic departments with district chiefs at the head of both. Depending on the local population, these districts could cover one or more counties, with subdivisions into volosts with a local government elected for three years and parishes within the volosts which in turn would consist of villages, each with its own local gathering that would elect a village elder for three years, assign policemen and decide on local sentences for misdemeanors. Another proposal is giving landowners the right to free their serfs at their will, concluding an agreement with them on the provision of land allotments to them in hereditary possession.;;;;;;;;;;;;;
kisilev_reforms_enacted;Kisilev's Reforms enacted;;;;;;;;;;;;;
integrate_asm_title;Integrate Assam;;;;;;;;;;;;;
integrate_asm_desc;In 1833, we imposed Purandar Singha, the last king of the Ahom dynasty as ruler of the Princely State of Upper Assam, however his administration has been a hotbed of corruption and misfeasance. His subjects are oppressed and misgoverned and his rule is very distasteful to the bulk of the population. Purandar Singha is himself found guilty of gathering personal fortune rather than concentrating on good governance for his people.;;;;;;;;;;;;;
orsini_attack;The 1858 Orsini Assassination Attempt;;;;;;;;;;;;;
rebellion_losses_bill_title;The Rebellion Losses Bill;;;;;;;;;;;;;
rebellion_losses_bill_desc;The residents of Upper Canada have received compensation for the damages inflicted by the Rebellions of 1837, however Lower Canada has gotten no such help. The Canadian parliament has suggested we pass a bill entitling them to the same aid. The only concern is that it may cause outcry among the Canadian conservatives because it may be seem as 'giving money to the rebels' since the rebellions were much more severe in Lower Canada.;;;;;;;;;;;;;
vuk_karadzic_reform_title;Vuk Karadžic's language reforms;;;;;;;;;;;;;
vuk_karadzic_reform_desc;Vuk Stefanovic Karadžic has reformed the Serbian literary language and standardized the Serbian Cyrillic alphabet by following strict phonemic principles on the Johann Christoph Adelung model and Jan Hus Czech alphabet. Karadžic's reforms of the Serbian literary language modernized it and distanced it from Serbian and Russian Church Slavonic and brought it closer to common folk speech. However, he has a eastern Bosnian accent which many in northern Serbia and Vojvodina have difficulty adapting to. Officially recognizing it will help us more efficiently run our schools, however it will also require a short period of adaptation to the dialect.;;;;;;;;;;;;;
mannheim_water_tower_title;Construct the Mannheim Water Tower;;;;;;;;;;;;;
mannheim_water_tower_desc;Mannheim has been growing exponentially in recent years, requiring an increased supply of water. City planners have suggested taking an undeveloped area and placing a large water tower to be designed in an architectural competition in the middle, making the surroundings into a park and rounding them off with an ornate details and statues on the tower. This will create a pleasant place to relax for generations to come while the city expands around it.;;;;;;;;;;;;;
money_hoarder_1;Money Hoarder;;;;;;;;;;;;;
money_hoarder_1_desc;This modifier is put in place to prevent the late-game liquidity crisis caused by governments acquiring too much money.;;;;;;;;;;;;;
money_hoarder_2;Massive Money Hoarder;;;;;;;;;;;;;
money_hoarder_2_desc;This modifier is put in place to prevent the late-game liquidity crisis caused by governments acquiring too much money.;;;;;;;;;;;;;
money_hoarder_3;Immense Money Hoarder;;;;;;;;;;;;;
money_hoarder_3_desc;This modifier is put in place to prevent the late-game liquidity crisis caused by governments acquiring too much money.;;;;;;;;;;;;;
money_hoarder_4;Extreme Money Hoarder;;;;;;;;;;;;;
money_hoarder_4_desc;This modifier is put in place to prevent the late-game liquidity crisis caused by governments acquiring too much money.;;;;;;;;;;;;;
money_hoarder_5;Incredible Money Hoarder;;;;;;;;;;;;;
money_hoarder_5_desc;This modifier is put in place to prevent the late-game liquidity crisis caused by governments acquiring too much money.;;;;;;;;;;;;;
money_hoarder_6;Insane Money Hoarder;;;;;;;;;;;;;
money_hoarder_6_desc;This modifier is put in place to prevent the late-game liquidity crisis caused by governments acquiring too much money.;;;;;;;;;;;;;
money_hoarder_7;Colossal Money Hoarder;;;;;;;;;;;;;
money_hoarder_7_desc;This modifier is put in place to prevent the late-game liquidity crisis caused by governments acquiring too much money.;;;;;;;;;;;;;
startup_growth_title;Option: Initial Buffs;;;;;;;;;;;;;
startup_growth_desc;A series of starting buffs for your country.;;;;;;;;;;;;;
startup_pop_growth_small;Small Pop Buff;;;;;;;;;;;;;
startup_pop_growth_small_desc;Small Pop Buff;;;;;;;;;;;;;
startup_pop_growth_big;Big Pop Buff;;;;;;;;;;;;;
startup_pop_growth_big_desc;Chad Pop Buff;;;;;;;;;;;;;
startup_edf_small;Small Education Buff;;;;;;;;;;;;;
startup_edf_small_desc;Small Education Buff;;;;;;;;;;;;;
startup_edf_big;Big Education Buff;;;;;;;;;;;;;
startup_edf_big_desc;Chad Education Buff;;;;;;;;;;;;;
startup_aor_small;Small Army Buff;;;;;;;;;;;;;
startup_aor_small_desc;Small Army Buff;;;;;;;;;;;;;
startup_aor_big;Big Army Buff;;;;;;;;;;;;;
startup_aor_big_desc;Chad Army Buff;;;;;;;;;;;;;
create_amz_title;Create Amazonas;;;;;;;;;;;;;
create_amz_desc;During the Cabanagem, lower areas of Grão-Pará centered around Belém revolted against our rule, while the upper areas centered in Manaus remained loyal. We should reward the inhabitants of this frontier region with a state of their own for their reliability in our hour of need.;;;;;;;;;;;;;
ostpreussen_rename_title;Rename Ostpreußen;;;;;;;;;;;;;
ostpreussen_rename_desc;Ostpreußen is rightfully $COUNTRY_ADJ$, and should use $COUNTRY_ADJ$ names.;;;;;;;;;;;;;
rename_aegean_title;Rename the Aegean Islands;;;;;;;;;;;;;
rename_aegean_desc;The Aegean Islands are rightfully $COUNTRY_ADJ$, and should use $COUNTRY_ADJ$ names.;;;;;;;;;;;;;
rename_athens_title;Rename Central Greece;;;;;;;;;;;;;
rename_athens_desc;Central Greece is rightfully $COUNTRY_ADJ$, and should use $COUNTRY_ADJ$ names.;;;;;;;;;;;;;
rename_peloponnes_title;Rename the Peloponnese;;;;;;;;;;;;;
rename_peloponnes_desc;The Peloponnese is rightfully $COUNTRY_ADJ$, and should use $COUNTRY_ADJ$ names.;;;;;;;;;;;;;
rename_thessaly_title;Rename Thessaly;;;;;;;;;;;;;
rename_thessaly_desc;Thessaly is rightfully $COUNTRY_ADJ$, and should use $COUNTRY_ADJ$ names.;;;;;;;;;;;;;
rename_montenegro_title;Rename Montenegro;;;;;;;;;;;;;
rename_montenegro_desc;Montenegro is rightfully $COUNTRY_ADJ$ and should use $COUNTRY_ADJ$ names.;;;;;;;;;;;;;
rename_serbia_title;Rename North Serbia;;;;;;;;;;;;;
rename_serbia_desc;South Serbia is rightfully $COUNTRY_ADJ$ and should use $COUNTRY_ADJ$ names.;;;;;;;;;;;;;
EVTNAME91179;The Normanton Incident;;;;;;;;;;;;;
EVT91179OPTA;We'd best tread lightly and staty on Britain's good side.;;;;;;;;;;;;;
EVT91179OPTB;Britain will not get away with this.;;;;;;;;;;;;;
EVT91179OPTC;We should request an end to Britons' extraterritoriality.;;;;;;;;;;;;;
EVTNAME91180;Japan Opens Diplomacy over Normanton Incident;;;;;;;;;;;;;
EVT91180OPTA;Smart choice!;;;;;;;;;;;;;
EVTNAME91181;Japan Reacts Belligerently to the Normanton Incident;;;;;;;;;;;;;
EVT91181OPTA;They are welcome to try.;;;;;;;;;;;;;
EVTNAME91182;Japan Petitions for End to Extraterritoriality;;;;;;;;;;;;;
EVT91182OPTA;This was a tragedy. We will grant Japan their wish.;;;;;;;;;;;;;
EVT91182OPTB;One does not simply ask Britain to respect their sovereignty.;;;;;;;;;;;;;
EVTNAME91183;Britain Cancels Extraterritoriality!;;;;;;;;;;;;;
EVT91183OPTA;Nippon banzai!;;;;;;;;;;;;;
EVTNAME91184;Britain Upholds Extraterritoriality;;;;;;;;;;;;;
EVT91184OPTA;What a bunch of cheating scoundrels.;;;;;;;;;;;;;
nagasaki_naval_center_title;The Nagasaki Naval Training Center;;;;;;;;;;;;;
nagasaki_naval_center_desc;The Nagasaki Naval Training Center was a naval school founded by the Tokugawa Shogunate. It employed Dutch admirals as teachers, who overcame the language barrier with their students to educate them in naval doctrine. The school played a significant role in modernizing the Japanese navy after the Shogunate was repeatedly victimized by European gunboat diplomacy. In 1859, the school was moved to Edo.;;;;;;;;;;;;;
troll_pauil_title;The collapse of Bara;;;;;;;;;;;;;
troll_pauil_desc;Our southern neighbor, the Kingdom of Bara has expectedly fallen into turmoil: Years of mismanagement by the royal court and decline in power have led to several claimants to the throne vying for power. We must strike while the iron is hot and end the puny Kingdom once and for all!;;;;;;;;;;;;;
form_hungary_romania_romania_title;The $YEAR$ Unification of Hungary & Romania;;;;;;;;;;;;;
form_hungary_romania_romania_desc;The peoples of Hungary and Romania have more in common than many think. Both have been divided between larger powers or smaller principalities for centuries and strive to unify. Both have claims in Transylvania that could erupt into conflict against one another. Why should we fight each other if we are stronger together?;;;;;;;;;;;;;
form_hungary_romania_hungary_title;The $YEAR$ Unification of Hungary & Romania;;;;;;;;;;;;;
form_hungary_romania_hungary_desc;The peoples of Hungary and Romania have more in common than many think. Both have been divided between larger powers or smaller principalities for centuries and strive to unify. Both have claims in Transylvania that could erupt into conflict against one another. Why should we fight each other if we are stronger together?;;;;;;;;;;;;;
badische_soda_anilin_fabrik_title;The BASF;;;;;;;;;;;;;
badische_soda_anilin_fabrik_desc;Friedrich Engelhorn, an investor in the state of Baden has proposed founding the 'Badische Anilin- und Soda Fabrik', a factory to produce synthetic dyes and chemicals using cutting-edge technology to fill the growing market. Engelhorn, himself a Mannheim native, set up a gasworks and street lighting for the town council in 1861 to modernize the city. This factory would complete its rejuvenation and ensure employment for thousands of workers for years to come.;;;;;;;;;;;;;
rheinbegradigt;Rhine straightened;;;;;;;;;;;;;
rheinbegradigt_desc;This portion of the Rhine has been straightened so as to make river travel more efficient.;;;;;;;;;;;;;
rheinbegradigung_title;Rheinbegradigung;;;;;;;;;;;;;
rheinbegradigung_desc;The Rhine around Mannheim currently flows through a series of meanders, causing significant slowdowns to ships transporting goods and people along the mighty river. Engineers have proposed that we widen the riverbed by digging a canal around peninsuli that obstruct the river's path. This would greatly increase ship traffic and make the river flow faster, decreasing the local insect population.;;;;;;;;;;;;;
urgell_channels_construction;Urgell Channel Construction;;;;;;;;;;;;;
urgell_channels_construction_desc;Works are underway for completing the canal system in the Catalan region of Urgell.;;;;;;;;;;;;;
cause_ottoman_revolt_title;Sponsor Vukalovic's Uprising;;;;;;;;;;;;;
cause_ottoman_revolt_desc;Tensions in neighboring Ottoman Herzegovina have recently been running high. There has even been talk among local chiefs of launching a revolt. The situation is a powderkeg so to speak, and we possess the match to make it blow up in the Ottomans' face. Providing the rebels with supplies will make the region erupt into open insurrection and maybe ultimately free the local Slavs from the Ottoman yoke.;;;;;;;;;;;;;
nigeria_borders_title;The Anglo-French Convention of $YEAR$;;;;;;;;;;;;;
nigeria_borders_desc;The proposed convention between Great Britain and France for the delimitation of their respective possessions to the West of the Niger, and of their respective possessions and spheres of influence to the East of that river, would delineate the thus far unclear Franco-British frontier in the African interior. This could avoid conflict with France down the road in border dispute arising from non-defined borders. §RThis will make you lose any land you own in modern Dahomey, Niger, Cameroon and western Chad while France cedes you any land they own in modern Nigeria.§!;;;;;;;;;;;;;
prov_gov_conservative;Provisional Government;;;;;;;;;;;;;
prov_gov_liberal;Provisional Government;;;;;;;;;;;;;
prov_gov_liberal_three;Provisional Government;;;;;;;;;;;;;
prov_gov_liberal_two;Provisional Government;;;;;;;;;;;;;
prov_gov_communist;All-Russian Congress of Soviets;;;;;;;;;;;;;
BOR_reactionary;Ultraroyaliste;;;;;;;;;;;;;
EVTNAME81350;The Passaleão Incident;;;;;;;;;;;;;
EVTNAME81351;Qing Apologizes!;;;;;;;;;;;;;
EVTNAME81352;Qing invades Macau!;;;;;;;;;;;;;
EVTNAME81353;Portugal refuses Apology!;;;;;;;;;;;;;
VNR_parliamentary_republic;Los Legalistas;;;;;;;;;;;;;
build_the_kharkov_nikolaev_railway_title;Build the Kharkov-Nikolaev railway;;;;;;;;;;;;;
build_the_kharkov_nikolaev_railway_desc;Private investors have shown interest in constructing a railway between Kharkov and Nikolaev. Together with treasury funds from the Treasury since 1881, planners predict we could finish the railway in less than three years. It would link the southern economic corridor running from Kharkov through to Nikolaev and greatly benefit transport and travel in the region.;;;;;;;;;;;;;
darfur_war_title;The Darfur Expedition;;;;;;;;;;;;;
darfur_war_desc;The Sultanate of Darfur is one of the kingdoms that stretches across the center of Africa, though its exact boundaries and who has "overlordship" over its frontier districts has been under dispute for some time. Affairs have deteriorated to such an extent that a small unit of our Camel Corps was dispatched to protect trade at Nahud, and at the same time act as a warning to the Sultan. He instead countered the deployment of the Camel Corps detachment by moving his own troops-forty cavalry and ninety infantry-to reinforce Jebel el Hella. This is a clear sign that he is preparing for an invasion of Sudan. We must strike preemptively before he catches us by surprise!;;;;;;;;;;;;;
Claim_CUB_title;Liberate Cuba;;;;;;;;;;;;;
Claim_CUB_desc;§RGain 3 infamy§! For too long has Cuba been under the colonial jackboot. Already in 1823, the secret organization of the Suns and Rays of Bolívar plotted to overthrow the Spanish colonial government and join the island of Cuba to Gran Colombia. Unfortunately, the Spanish discovered the plan and arrested the conspirators. With our present military might, we can finally free Cuba and integrate it into the lands of Gran Colombia.;;;;;;;;;;;;;
Claim_DR_title;Restore the Republic of Spanish Haiti;;;;;;;;;;;;;
Claim_DR_desc;§RGain 3 infamy§! The Dominican Republic was once a sister republic of Gran Colombia, planning to join the union. However, when it was but less than a year old, Haiti occupied it and foiled all attempts of its integration. Now that Gran Colombia is once again strong and capable, we can use our might to reverse this turn of fate and bring the Republic of Spanish Haiti back to its rightful position as a part of Bolívar's dream.;;;;;;;;;;;;;
beagle_voyage_title;The Second Voyage of the Beagle;;;;;;;;;;;;;
beagle_voyage_desc;The HMS Beagle's first survey voyage under depressed captain Pringle Stokes was ill-fated as the morose captain soon committed suicide. Graduate Charles Darwin has made a name for himself in geology and fossil collection. Captain Robert FitzRoy suggests we launch a second expedition with Darwin on board to both survey the Pacific and southern oceans and make scientific observations on those remote regions of the Earth.;;;;;;;;;;;;;
gov_legit_in_question;Government Legitimacy in Question;;;;;;;;;;;;;
gov_legit_in_question_desc;Our government needs time to gain internal and international recognition before it can begin operating normally.;;;;;;;;;;;;;
chilean_const_1833_title;The Chilean Constitution of $YEAR$;;;;;;;;;;;;;
chilean_const_1833_desc;Now that the liberals have been firmly defeated and Freire is in exile in Tahiti, we have a free hand to enact a strong constitution to ensure the stability of our country. The proposals include outlawing the practice of any religion other than Catholicism, anchoring unitarianism in the constitution and the setting 5-year terms for presidents with the possibility of one reelection.;;;;;;;;;;;;;
mess_with_sintang_title;Install 'Abdu'l Said ibni al-Marhum;;;;;;;;;;;;;
mess_with_sintang_desc;§RGain 1 infamy§! Sultan Muhammad Jamal ud-din of Sintang has grown weak to our influence but is still determined to resist our rule of his chunk of the island of Borneo. His power-hungry son, 'Abdu'l Said ibni al-Marhum, is much more cooperative and has long saught to gain the throne of Sintang. If we deposed Muhammad Jamal ud-din in favor of his son, we could both capture the sultanate and install a grateful, legitimate heir as ruler.;;;;;;;;;;;;;
ALBANIANREVOLTVLORA;\n\nThe Albanians have been periodically revolting since the 1833 Shkodër uprising in protest of new taxes and centralization measures. Using their expert knowledge of the mountainous terrain, the rebels can appear out of nowhere to ambush our troops only to seemingly vanish into thin air. A new revolt has begun in the Vlora region lead by the experienced revolutionary Tafil Buzi, demanding the end of taxation of Albanians and the reapplication of previously granted privileges among the Balkan people. If we agree to these demands, we can avoid fighting the rabble, but it will greatly damage the administration and embolden rebels throughout the rest of the Balkans.;;;;;;;;;;;;;
NORTHALBREVOLT;\n\nAfter witnessing the denial of reforms and the brutal repression of the revolt in the South of Albania in 1836, the Albanians of the North have taken up arms. This revolt is far more extensive despite being unorganized, with separate uprisings independent of one another taking place in Mat, Myzeqe, Kosovo and Dibër. The pressure to agree to their demands is ever mounting, but once again we must consider that bending to the Albanians would motivate rebel movements all over the Balkans and make us seem weak.;;;;;;;;;;;;;
autonomy_conceded;Autonomy conceded;;;;;;;;;;;;;
viceroyalty_independence_title;We are free!;;;;;;;;;;;;;
viceroyalty_independence_desc;Spain's influence over our nation has now ended. The time has come to end the rule of the neocolonial class and return our land to our people.;;;;;;;;;;;;;
return_cores_viceroyalties_title;Return lands of Viceroyalties;;;;;;;;;;;;;
return_cores_viceroyalties_desc;Some of the land we currently control rightfully belongs to our new world dependencies. We should therefore hand over administration of said lands to our vassals.;;;;;;;;;;;;;
THIRD_SEMINOLE_WAR;\n\nIn the southern portions of Florida, a land previously thought inhospitable, the number of American settlers has been steadily increasing. Skirmishes with the Seminole peoples over this perceived encroachment beginning in late 1855 once again devolved into an open conflict. Hostile bands of Seminoles, have proved more than capable of ambushing militia alike. The conflict has largely disrupted the civil activities of South Florida, even requiring suspension of postal services. Finally, a delegation from the newly established Seminole reservation in the Indian Territory of Oklahoma arrived and was allowed through our lines. They successfully negotiated the removal west of the majority of remaining warriors in exchange for cash payments and safe travel. Only a few families opted to remain, retreating deep into the everglades, thus bringing this third and last Seminole war to a close.;;;;;;;;;;;;;
polders;Polders;;;;;;;;;;;;;
haarlemmermeer_title;The Haarlemmermeer Polder;;;;;;;;;;;;;
haarlemmermeer_desc;The Haarlemmermeer, a lake around 150 square kilometers in size, has been expanding yearly. It is often dangerous to shipping, famously causing Frederick V's untimely demise. For decades, various advisors have proposed draining this lake to make way for new farmland, however only with the recently acquired technology of steam turbines has this project actually become feasible.;;;;;;;;;;;;;
prince_edward_islands_title;The Prince Edward Islands;;;;;;;;;;;;;
prince_edward_islands_desc;Marion Island and Prince Edward Island, located 1,769km Southeast of Port Elizabeth, have an area of 335 square kilometers and are home to thousands of seals. Taking control of these uninhabited islands for $COUNTRYNAME$ would be insignificant, however there are no downsides and it lets us officially claim the rights to sealing, fishing and whaling in the area. Plus, why wouldn't we want another rock in the ocean with a $COUNTRY_ADJ$ flag on it?;;;;;;;;;;;;;
invade_san_juan_title;Invade San Juan del Norte;;;;;;;;;;;;;
invade_san_juan_desc;San Juan del Norte, Nicaragua's only Caribbean port, has long been disputed between our protectorate of the Mosquito Coast and Nicaragua. In 1841, Captain Alexander MacDonald sent an ultimatum to the Nicaraguan government to evacuate the town and kidnapped its mayor, abandoning him on a remote beach. Though he was forced to end this endeavor, it shows the vulnerability of the port. Nicaragua protested our official protectorate over the Mosquito Coast, sending troops to San Juan del Norte as a provocation. Miskito King George Augustus issued an ultimatum for the troops to be evacuated. Nicaragua has refused, asking the United States for help but getting no response due to their current involvement in a war with Mexico. Patrick Walker, our consul-general to the Miskitos suggests we strike while the iron is hot and invade the town immediately.;;;;;;;;;;;;;
greytown_shelled;Shelled to the ground;;;;;;;;;;;;;
zastava_arms_title;Zastava Arms;;;;;;;;;;;;;
zastava_arms_desc;Our country lacks the ability to produce its own artillery, effectively making us depend on a major power to supply our armies. Therefore, we should establish a cannon foundry to manufacture guns for our armed forces. Investors in Kragujevac propose constructing it locally to decrease unemployment.;;;;;;;;;;;;;
aborigine;Aboriginal;;;;;;;;;;;;;
bouvet_island_title;Annex Bouvet Island;;;;;;;;;;;;;
bouvet_island_desc;Bouvet Island in the South Atlantic is the most remote island in the world. While it lacks a natural harbor and is covered in ice and snow, it has hundreds of thousands of seals that could be hunted for profit. We should seize it before a different power does, as unclaimed lands are few and far between in this day and age.;;;;;;;;;;;;;
polo_bustamante_title;The Polo-Bustamante Treaty;;;;;;;;;;;;;
polo_bustamante_desc;The long-standing dispute between Peru and Bolivia over our border in the Amazon has at many times lead to conflict and derision between our two nations. Perhaps now is the time to put an end to this strife and define our frontiers once and for all.;;;;;;;;;;;;;
the_peseta;The Peseta;;;;;;;;;;;;;
the_peseta_desc;Our new currency has revitalized the economy.;;;;;;;;;;;;;
nitro_express;The Nitro Express Line;;;;;;;;;;;;;
nitro_express_desc;The unveiling of the .450 Nitro Express by John Rigby & Company in 1898 heralds the beginning of the modern big game cartridge. Created from loading the already popular .450 Black Powder Express with cordite, the .450 NE is a fast and accurate cartridge capable of taking all African and Indian dangerous game. The term "Express" was coined by James Purdey in 1856, derived from the express train, to publicise the bullet velocity of his double rifles and became common parlance for many rifle cartridges. The addition of the word "Nitro" stems from the propellant used in these cartridges, cordite, which is composed of nitrocellulose and nitroglycerine.;;;;;;;;;;;;;
elephant_gun;The Elephant Gun;;;;;;;;;;;;;
elephant_gun_desc;As Europeans make inroads into Africa, guns are needed to handle the very large game encountered. This is for self-protection, food gathering, and sport. The first guns were the simple muzzle-loading shotgun designs already used for birds and loaded with solid balls of lead for use on large game. Due to their ineffectiveness on the largest game (up to 35 shots for a single elephant), they are developing into larger caliber black powder smoothbores. The projectiles are lead round balls or short conical slugs, sometimes hardened with antimony. These very large and very heavy firearms are the first to be known as the elephant guns, though their use also includes all thick-skinned dangerous game such as rhinoceros, hippopotamus and cape buffalo.;;;;;;;;;;;;;
standard_diving_dress;Standard Diving Dress;;;;;;;;;;;;;
standard_diving_dress_desc;Standard diving dress, also known as hard-hat or copper hat equipment, or heavy gear, is a type of diving suit that has been developed for all relatively deep underwater work that requires more than breath-hold duration, which includes marine salvage, civil engineering, pearl shell diving and other commercial diving work, and similar naval diving applications. It consists of a diving helmet made from copper and brass or bronze, an air hose from a surface-supplied manually operated pump or low pressure breathing air compressor, a waterproofed canvas suit, a diving knife, and weights to counteract buoyancy, generally on the chest, back and shoes.;;;;;;;;;;;;;
leskovac_boom_title;Little Manchester;;;;;;;;;;;;;
leskovac_boom_desc;Now that Leskovac is no longer under the Ottoman jackboot, it has begun to prosper. Business development, particularly the textile sector has enabled Leskovac to become the third most important city after Belgrade and Niš. It has been gained the popular nickname of "Little Manchester" in honor of Manchester, England, a powerhouse of textile manufacturing.;;;;;;;;;;;;;
little_manchester;Little Manchester;;;;;;;;;;;;;
little_manchester_desc;Industry in Leskovac is burgeoning, so much so that it has gained the nickname 'Little Manchester', referencing the British textile center of Manchster.;;;;;;;;;;;;;
rename_south_serbia_title;Rename South Serbia;;;;;;;;;;;;;
rename_south_serbia_desc;South Serbia is rightfully $COUNTRY_ADJ$ and should use $COUNTRY_ADJ$ names.;;;;;;;;;;;;;
rename_somalia_title;Rename Somalia;;;;;;;;;;;;;
rename_somalia_desc;Somalia is rightfully $COUNTRY_ADJ$ and should use $COUNTRY_ADJ$ names.;;;;;;;;;;;;;
anglo_zanzibari_treaty_title;The Anglo-Zanzibari Treaty;;;;;;;;;;;;;
anglo_zanzibari_treaty_desc;In 1822, Zanzibar signed the Moresby Treaty, the first of a series of anti-slavery treaties. It prohibited slave transportation South and East of the Moresby Line from Cape Delgado in Africa to Diu Head on the coast of India. The sultanate lost the revenue it would have received as duty on all slaves sold, so to make up for this shortfall it encouraged the development of the slave trade in Zanzibar itself. Ships from the Royal Navy were employed to enforce the anti-slavery treaties by capturing any transports carrying slaves, but with only four ships patrolling a huge area of sea, our navy found it hard to enforce the treaties as ships from France, Spain, Portugal, and the United States continued to carry slaves. The time has finally come to pose an ultimatum to Zanzibar: Either they abolish the slave trade once and for all or there will be immediate harsh consequences.;;;;;;;;;;;;;
fort_nemours_title;Fort Nemours;;;;;;;;;;;;;
fort_nemours_desc;Great Britain, the Netherlands and Denmark all control parts of the Gold Coast, profiting off the trade with the natives. We must gain such a territory of our own. Admiral Bouët-Willaumez suggests signing treaties with the kings of the Assini region, placing their territories under a French protectorate. The construction of a fort in the area would solidify our control. We even have dated claims to the area: Fort Saint-Louis lasted from 1701 to 1704 and served as a slave trading post, however it was abandoned due to unprofitability.;;;;;;;;;;;;;
bonsack_machine;Bonsack Machine;;;;;;;;;;;;;
bonsack_machine_desc;Traditionally, cigarettes are rolled by hand. The slow manual fabrication process-a skilled cigarette roller could produce only about four cigarettes per minute on average-was insufficient to satisfy demand by the 1870s. Thus, James Albert Bonsack set out to create a machine able to roll cigarettes. It can produce an average ofa 200 cigarettes per minute, an immense improvement on handrolling.;;;;;;;;;;;;;
bull_jack;Bull Jacks;;;;;;;;;;;;;
bull_jack_desc;Filling, weighing and labeling bags of tobacco is a time-consuming, work-intensive but necessary process that makes the production of tobacco more expensive. The Bull Jack, however, automates all three of these steps, streamlining the production process and making it significantly cheaper.;;;;;;;;;;;;;
burley_tobacco;Burley Tobacco;;;;;;;;;;;;;
burley_tobacco_desc;Used primarily for cigarette production, the newly introduced breed of tobacco known as Burley is strong-tasting, light and air-cured. This simple process involves leaving the tobacco to dry in a shed for two months, whereas other breeds require special equipment for their drying procedures. Burley's pH value is neutral, in contrast to the sourness of many other tobacco varieties that can make their consumption unpleasant.;;;;;;;;;;;;;
camp_coffee;Camp Coffee;;;;;;;;;;;;;
camp_coffee_desc;Made up of sugar, water, chicory extract and a little bit of dried coffee extract, camp is a dark brown, syrupy liquid with a smooth flavor of chicory and coffee and a very sweet, predominantly chicory aftertaste. Its preparation does not require the expensive equipment needed for coffee. Most importantly, it is cheaper since it doesn't need to be shipped from coffee-growing areas.;;;;;;;;;;;;;
shade_tobacco;Shade Tobacco;;;;;;;;;;;;;
shade_tobacco_desc;With cigars increasing in popularity to the point that they are supplanting pipes, demand for cigar wrappers has grown steadily. To accommodate for this, a new breed of tobacco has been created using different samples from Cuba and Sumatra. This hybrid, grown in the shade of a "tent" made up of fabric suspended from a system of wires, has leaves so golden and smooth that they dominate the market.;;;;;;;;;;;;;
teabags;Teabags;;;;;;;;;;;;;
teabags_desc;By placing tea in porous so-called teabags, the brewing process is made much more efficient. Instead of placing tealeaves directly into the kettle or within a filter in one's mug, the teabag may be inserted and removed from the mug with ease, allowing re-use and a more efficient brewing process.;;;;;;;;;;;;;
coarse_picking;Coarse Picking;;;;;;;;;;;;;
coarse_picking_desc;With the newly pioneered technique of coarse picking of tealeaves, more tea is harvested as opposed to the traditional fine picking. Leaves of lower quality would be left on the plant and only select leaves of high quality would go on to be processed. Though the quality of the tea is reduced by the new technique, this is more than made up for by the large boost in output achieved thereby.;;;;;;;;;;;;;
sweet_sorghum;Sweet Sorghum;;;;;;;;;;;;;
sweet_sorghum_desc;Many varieties of sorghum grass have been discovered to have a high sugar content. Especially practical for syrup production, sweet sorghum has begun being introduced to more northern fields on which sugar cane and beets have a harder time growing. Thus, sweet sorghum, a productive and high-yielding plant, allows us to significantly increase our sugar production.;;;;;;;;;;;;;
sugar_centrifuging;Sugar Centrifuging;;;;;;;;;;;;;
sugar_centrifuging_desc;Molasses, a viscous substance resulting from refining sugarcane or sugar beets into sugar, is often used in processes such as cooking, baking or distilling rum. Now, however, molasses can be centrifuged to extract further commercial sugar. This is achieved by spinning the fluid at high speed within a container, thereby separating fluids of different densities and liquids from solids.;;;;;;;;;;;;;
acorn_coffee;Acorn Coffee;;;;;;;;;;;;;
acorn_coffee_desc;When coffee imports are limited by war, trade bottlenecks or other misfortunes, the search for alternatives begin. While chicory and dandelions have long been used for coffee substitutes, a new and even cheaper source has been discovered: Acorns. While the taste certainly is a significant step down from coffee beans, beggars can't be choosers.;;;;;;;;;;;;;
coffea_robusta;Coffea Robusta;;;;;;;;;;;;;
coffea_robusta_desc;The commonly cultivated Coffea Arabica variety of coffee has increasingly fallen prey to Hemileia vastatrix, known commonly as coffee rust, often destroying entire harvests. Thus, the search began for new, resistant varieties of coffee, resulting in the discovery of the wondrous Coffea Robusta on the banks of the Lomani River in the Congo Basin.;;;;;;;;;;;;;
postum;Postum;;;;;;;;;;;;;
postum_desc;Due to concerns about the health effects of the consumption of coffee's caffeine, a new powdered roasted grain beverage has been introduced: Postum. Marketing centers around avoiding so-called "coffee-nerves", the irritability, lack of sleep and fatigue that result from caffeine consumption. It is especially popular among Mormons and other religious groups that abstain from coffee.;;;;;;;;;;;;;
column_still;Column Still;;;;;;;;;;;;;
column_still_desc;Consisting of two columns, a column still is an apparatus used to distill liquid mixtures by heating to selectively boil and then cooling to condense the vapor. The first column has steam rising and wash descending through several levels. The second column carries the alcohol from the wash, where it circulates until it can condense at the required strength. This process is far more efficient than traditional pot stills.;;;;;;;;;;;;;
chloralkali_process;Chloralkali Process;;;;;;;;;;;;;
chloralkali_process_desc;Chlorine, a powerful oxidizing chemical that is often used to bleach textiles, has long been produced in the form of calcium hypochloride in a process pioneered by 18th-century chemists and inventors Charles Tennant and Charles Macintosh. However, with the advent of electricity, a new production method, the chloralkali process, has been discovered. It involves the electrolysis aqueous sodium chloride, a brine, in a membrane cell, producing chlorine gas that can be produced quicklier and bleaches more efficiently than calcium hypochloride.;;;;;;;;;;;;;
cremieux_decree_title;The Crémieux Decree;;;;;;;;;;;;;
cremieux_decree_desc;A decree proposed by minister of justice Adolphe Crémieux reads: \n'The native Jews of the departments of Algeria are declared French citizens: Consequently, their legal status and personal status will be, from the promulgation of this decree, regulated by French law, all rights acquired to date remaining inviolable. Any legislative provision, any senatus-consultum, decree, regulation or ordinances to the contrary are abolished.' \nIn short, the decree would grant citizenship and equal rights to the Jews of Algeria. Although few in number, they have been cooperative and loyal to our administration.;;;;;;;;;;;;;
rename_naples_title;Rename Naples;;;;;;;;;;;;;
rename_naples_desc;Naples is rightfully $COUNTRY_ADJ$ and should use $COUNTRY_ADJ$ names.;;;;;;;;;;;;;
rename_puglia_title;Rename Apulia;;;;;;;;;;;;;
rename_puglia_desc;Apulia is rightfully $COUNTRY_ADJ$ and should use $COUNTRY_ADJ$ names.;;;;;;;;;;;;;
rename_taiwan_title;Rename Taiwan;;;;;;;;;;;;
rename_taiwan_desc;Taiwan is rightfully $COUNTRY_ADJ$ and should use $COUNTRY_ADJ$ names.;;;;;;;;;;;;
rename_phl_spanish_title;Rename Philippines;;;;;;;;;;;;;
rename_phl_spanish_desc;The Philippines is rightfully $COUNTRY_ADJ$, and should use $COUNTRY_ADJ$ names.;;;;;;;;;;;;;
rename_marianas_spanish_title;Rename the Mariana Islands;;;;;;;;;;;;;
rename_marianas_spanish_desc;The Mariana Islands are rightfully $COUNTRY_ADJ$, and should use $COUNTRY_ADJ$ names.;;;;;;;;;;;;;
rename_hawaii_spanish_title;Rename Hawaii;;;;;;;;;;;;;
rename_hawaii_spanish_desc;Hawaii is rightfully $COUNTRY_ADJ$, and should use $COUNTRY_ADJ$ names.;;;;;;;;;;;;;
rename_wallachia_title;Rename Wallachia;;;;;;;;;;;;;
rename_wallachia_desc;Wallachia is rightfully $COUNTRY_ADJ$, and should use $COUNTRY_ADJ$ names.;;;;;;;;;;;;;
rename_moldavia_title;Rename Moldavia;;;;;;;;;;;;;
rename_moldavia_desc;Moldavia is rightfully $COUNTRY_ADJ$, and should use $COUNTRY_ADJ$ names.;;;;;;;;;;;;;
slave_trading;Slave Trade;;;;;;;;;;;;;
slave_trading_RGO_SIZE;Slave Trading Size;;;;;;;;;;;;;
khivan_campaign_title;The Khivan Campaign of $YEAR$;;;;;;;;;;;;;
khivan_campaign_desc;The Khanate of Khiva is South of the Aral Sea in the delta of the Oxus River with a population of about half a million. Khiva has been continually capturing peasants from the Orenburg region and fishermen venturing to the eastern coast of the Caspian Sea to serve as slaves. Demands to free them have ended in caravans of a couple dozen old men that were no longer useful as slaves. While it is our moral obligation to free our citizens, Khiva is an oasis surrounded by several hundred miles of steppe and desert. We could easily defeat their army but the real challenge is crossing the steppe. General-adjutant Count Vasily A. Perovsky has proposed requisitioning thousands of camels and carts from Kazakhs and Bashkirs in our domain to form a supply line that could support a force of five thousand men marching South. Shall we undertake this risky endeavor?;;;;;;;;;;;;;
trinec_steel_title;Trzynietzer Stahlwerke;;;;;;;;;;;;;
trinec_steel_desc;Trzynietz, a town near Teschen, is excellently situated for a steel industry. It is located in the middle of the expansive coal fields of Upper Silesia but also has large iron mines nearby. To industrialize our nation, constructing a steel factory there would be a good stepping stone on the way to modernizing our economy.;;;;;;;;;;;;;
global_rename_title;Renaming;;;;;;;;;;;;;
global_rename_desc;This decision allows you to change the names of newly conquered provinces to their respective names in the language of your country. All possible renaming is contained within this decision.;;;;;;;;;;;;;
PO_Expedition_title;An Expedition to the South Pacific;;;;;;;;;;;;;
PO_Expedition_desc;Now that Easter Island is under our control, we can use it as a forward base to explore the South of the Pacific Ocean, a region full of small islands whose tropical conditions are purported to be like paradise on Earth. Such an exploratory expedition can create maps that will serve us in discovering maritime trade routes with Asian countries and British colonies. Additionally, it would establish contact with civilizations in the South Pacific that can shelter our merchant ships during storms. This first step could lay the foundation for conquering the islands in the future.;;;;;;;;;;;;;
PO_Expedition_m;Pacific Maritime Routes mapped;;;;;;;;;;;;;
PO_Expedition_m_desc;Our expedition to the South Pacific mapped several trade routes that help our seafarers to trade as efficiently and quickly as possible.;;;;;;;;;;;;;
Tonga_CHL_title;The Colonization of Tonga;;;;;;;;;;;;;
Tonga_CHL_desc;Tonga is a series of 177 islands located Southwest of Samoa and East of Fiji. It is thus a very geostrategically important outpost for further colonization of the South Pacific. Conquering it is integral to pursuing hegemony in the South Pacific realizing our own destiny.;;;;;;;;;;;;;
Maritime_Destiny_title;The Chilean Maritime Destiny;;;;;;;;;;;;;
Maritime_Destiny_desc;It is in our interests to expand into the islands of the Pacific Ocean. This ambition dates back to the time of Jose Joaquin Prieto and Diego Portales who believed that Chile, due to its geopolitics, should expand towards the islands and thus occupy strategic trade knots between Asia and America. Our maritime destiny is also backed up by the fact that we have nowhere to go on the continent due to our excellent natural barriers to other countries. The Atacama Desert protects us in the North, the great Andes in the East and the fjords and glaciers in the South. The time has now come to begin fulfilling our destiny and set sail for Tahiti, the first step in our conquest of the South Pacific.;;;;;;;;;;;;;
Puppeting_Samoa_title;The Conquest of Samoa;;;;;;;;;;;;;
Puppeting_Samoa_desc;Samoa is a Polynesian state consisting of two main islands and a couple smaller uninhabited ones. This island group is located in the core of the South Pacific and would secure our hold on the region. We have already come into contact with the inhabitants of this island in the past and observed their technological inferiority. A naval invasion should successfully seize the island with ease.;;;;;;;;;;;;;
pedemonte_mosquera_treaty_title;The Pedemonte-Mosquera Treaty;;;;;;;;;;;;;
pedemonte_mosquera_treaty_desc;Our southern border with Peru has long been hotly disputed, leading to the Gran Colombian-Peruvian War of 1828-29. To avoid a repeat of such bloodshed, our foreign minister Tomás Cipriano de Mosquera has met with Peruvian foreign minister Carlos Pedemonte y Talavera to delineate a new border that will hopefully end the animosities once and for all in an equitable settlement.;;;;;;;;;;;;;
pando_noboa_treaty_title;The Pando-Noboa Treaty;;;;;;;;;;;;;
pando_noboa_treaty_desc;We have inherited Gran Colombia's border dispute with Peru. It majorly impacted relations with our southern neighbor, leading to the Gran Colombian-Peruvian War of 1828-29. To avoid a repeat of such bloodshed, our foreign minister Diego Noboa has met with Peruvian foreign minister José María Pando to delineate a new border that will hopefully end the animosities once and for all in an equitable settlement.;;;;;;;;;;;;;
anti_bourbon_sentiment;Anti-Bourbon Sentiment;;;;;;;;;;;;;
anti_bourbon_sentiment_desc;The people are tired of the reign of the Bourbon dynasty and agitating to depose the monarchy. Measures must be taken to suppress this dangerous rabble.;;;;;;;;;;;;;
invade_kaffa_title;Invade Kaffa;;;;;;;;;;;;;
invade_kaffa_desc;§RGain 2 infamy§! The Kingdom of Kaffa has existed since 1390, nestled in the southern parts of the Ethiopian Highlands. While very fertile and partially forested, the terrain has preserved Kaffan independence for centuries. Now that Ethiopia is united, we finally have the resources to defeat the Kaffans despite their mountains and take the land as our own.;;;;;;;;;;;;;
british_guyana_punchase_title;The Essequibo Purchase;;;;;;;;;;;;;
british_guyana_punchase_desc;Essequibo has long been subject to our dispute with the colonial government of Guyana. While simply asking to be given our rightful land would surely result in nothing but ridicule, a serious offer to purchase the land for a respectable sum may see success.;;;;;;;;;;;;;
Trinidad_Tobago_punchase_title;The Trinidad and Tobago Purchase;;;;;;;;;;;;;
Trinidad_Tobago_punchase_desc;Trinidad and Tobago are the two islands to our immediate Northwest and are strategically quite valuable. A power posing a threat to us could amass troops on the islands before invading the mainland. Therefore it would be in our interests to secure them for ourselves. Perhaps an offer to purchase them would resolve the issue?;;;;;;;;;;;;;
ABC_punchase_title;The ABC Islands Purchase;;;;;;;;;;;;;
ABC_punchase_desc;The ABC Islands of Aruba, Bonaire and Curacao are to our North, just off the Paraguaná Peninsula. There, many agitators who instigated internal conflict in our lands have often taken refuge while plotting and planning to eventually land on the peninsula. This threat to our country may be countered by purchasing the islands from their current owner.;;;;;;;;;;;;;
howes_sewing_machine;Howe's Sewing Machine;;;;;;;;;;;;;
howes_sewing_machine_desc;While trying to invent an innovative new type of sewing machine, Elias Howe had a nightmare in which he was hunted with spears that were pierced near the head. This inspired him to make sewing needles with an eye at the point. Other important advances made by Howe's machine are a shuttle operating beneath the cloth to form lockstitch loops, and an automatic feed.;;;;;;;;;;;;;
barbed_wire_fencing;Barbed Wire Fencing;;;;;;;;;;;;;
barbed_wire_fencing_desc;Conventional wooden fences to contain cattle are quite expensive, so many farmers are forced to resort to let their cows roam free. This leads to some getting lost or hurt. Barbed wire, aside from military use, is a cheap and effective alternative to wooden fencing, as its pricks keep the cows contained without hurting them significantly. This solves non-barbed wire's problem: The cows simply push against it and knock it over.;;;;;;;;;;;;;
sugar_eff;Sugar Boom;;;;;;;;;;;;;
forest_railway;Forest Railway;;;;;;;;;;;;;
forest_railway_desc;A forest railway, forest tram, timber line, logging railway or logging railroad is a new use for railway transportation. It is employed for forestry tasks, primarily the transportation of felled logs to sawmills or railway stations. In most cases this form of transport uses narrow gauges, and are temporary in nature, and in rough and sometimes difficult to access terrain. This greatly improves the efficiency of logging, as towing animals are no longer necessary to slowly pull log carts out of forests.;;;;;;;;;;;;;
latin_american_integration;Latin American Integration;;;;;;;;;;;;;
latin_american_integration_desc;Our country has entered a period of renewal. With the completion of our reconquest of the New World, the time has come to integrate it into our country. The people of Latin America must be pacified and successfully won over to identify as Spanish. Only then will the integration be complete.;;;;;;;;;;;;;
oxy_fuel_welding;Oxy-fuel welding;;;;;;;;;;;;;
oxy_fuel_welding_desc;Oxy-fuel welding is a process that uses fuel gases or liquid fuels together with oxygen to weld or cut metals. Pure oxygen, instead of air, is used to increase the flame temperature to allow localized melting of the workpiece material in a room environment.;;;;;;;;;;;;;
steam_donkey;Steam Donkey;;;;;;;;;;;;;
steam_donkey_desc;A steam donkey or donkey engine is a steam-powered winch widely used in mining, maritime, and other industrial applications. A new use for donkeys has been found in forestry, where they are also known as a logging engines. They are often attached to a yarder for hauling logs from forests to central processing areas.;;;;;;;;;;;;;
saccharin;Saccharin;;;;;;;;;;;;;
saccharin_desc;An innovative artificial sweetener with no nutritional value, Saccharin has begun to be used in drinks, candies and cookies to replace sugar, which has been estimated to be about 550 times less sweet than the new substitute. It is derived from toluene, a byproduct of coke production.;;;;;;;;;;;;;
modern_fishing_ports;Modern Fishing Ports;;;;;;;;;;;;;
modern_fishing_ports_desc;New innovations such as dock gates and cranes operated by hydraulic power have made the operation of fishing ports safer and more efficient.;;;;;;;;;;;;;
juice_extraction_through_maceration;Sugar Beet Maceration;;;;;;;;;;;;;
juice_extraction_through_maceration_desc;Extracting sucrose from sugar beets is, traditionally, a lengthy and cumbersome process. However, with the application of maceration, the processing of sugar beets by softening them and breaking them into pieces using a liquid, the extraction is significantly more cost effective and efficient.;;;;;;;;;;;;;
sugarbeet_nematodes;Sugarbeet Nematodes;;;;;;;;;;;;;
sugarbeet_nematodes_desc;First discovered by the botanist H. Schacht in 1859, sugarbeet nematodes or Heterodera schachtii create cysts on the roots of affected beets. With further analysis, it has surfaced that affliction with the nematode significantly reduces crop yield. Thus, new methods of combating it have surfaced, such as breeding resistant beets or planting white mustard a field lies fallow, significantly reducing the nematode count in its soil.;;;;;;;;;;;;;
sugarbeet_seed_planter;Sugarbeet Seed Planters;;;;;;;;;;;;;
sugarbeet_seed_planter_desc;The process of planting sugarbeets by hand is very time-consuming, as each beet must be planted individually in a little hole that is manually dug out and covered once more. By using a planting machine, however, much time is saved, the depth at which the seeds are placed is standardized and less seeds are needed overall.;;;;;;;;;;;;;
wenzleben_plough;Wenzleben Ploughs;;;;;;;;;;;;;
wenzleben_plough_desc;Ploughing fields for the purpose of planting sugarbeets is usually a complicated procedure due to the required depth, involving around 800 hours of manual labor per hectare of field. The use of a Wenzleben plough reduces this to around 100 hours per hectare. These high-quality ploughs are especially designed for the depth that best suits sugarbeets.;;;;;;;;;;;;;
steam_powered_sugar_mills;Steam-powered Sugar Mills;;;;;;;;;;;;;
steam_powered_sugar_mills_desc;By utilizing steam turbines to power the milling process, sugar mills can be constructed independently of wind and water. Additionally, they can operate at much higher efficiency and even make use of sugarcane bagasse, the fibrous solids from the juice extraction phase, by burning them for fuel.;;;;;;;;;;;;;
EVTNAME1101;Silver Rush - $PROVINCENAME$;;;;;;;;;;;;;
EVTDESC1101;\n\nA grizzled prospector has returned from the hills. Telling his story to any who will listen, he speaks of great wealth within the stones - silver, silver, massive veins of silver!;;;;;;;;;;;;;
EVTNAME3151;The End of the $PROVINCENAME$ Silver Rush;;;;;;;;;;;;;
EVTDESC3151;\n\nSeveral mines in $PROVINCENAME$ have been drying up, stopping production altogether or reducing it so much as not to be relevant anymore. Other locations are being prospected for silver and the old silver provinces are changing their production, leading to a severe change in the production and demographics of the area.;;;;;;;;;;;;;
claim_guayaquil_title;Claim Guayaquil;;;;;;;;;;;;;
claim_guayaquil_desc;§RGain 4 infamy§! The Viceroyalty of Peru, our predecessor, once administered Guayaquil and the Galapagos Islands. In the chaos of the revolutionary years, the city first declared independence and then joined Gran Colombia in 1822. This slight must be rectified! Guayaquil and the Galapagos Islands are rightful Peruvian territory and shall be retaken.;;;;;;;;;;;;;
claim_ecuador_title;Claim Ecuador;;;;;;;;;;;;;
claim_ecuador_desc;§RGain 6 infamy§! Former President José Domingo de la Merced de La Mar y Cortázar lead our great country in the war against Gran Colombia from 1828 to 1829. His goal was not just to liberate Jaén and Maynas, nay all of Ecuador was to join Peru forevermore. Tragically a coup d'état removed him from power before his ambition could be realized. With our newfound strength, the time has finally come to join Ecuador and Peru once and for all.;;;;;;;;;;;;;
grant_cooldown;Grant Cooldown;;;;;;;;;;;;;
grant_cooldown_desc;We have recently handed out grants and must wait before handing them out again.;;;;;;;;;;;;;
Claim_KDS_median_larp_title;Heirs to Media;;;;;;;;;;;;;
Claim_KDS_median_larp_desc;§RGain 14 infamy§! We have united most of the Kurds - but our blood is greater than that! We are the heirs of the Median Empire... after all these centuries, let us unite all the Medians once again!;;;;;;;;;;;;;
accept_ugrians_title;Integrate the Uralic Peoples;;;;;;;;;;;;;
accept_ugrians_desc;The Uralic Peoples, ancient inhabitants of Russia, Scandinavia and the Baltic, are incredibly diverse. Spanning the Samoyedic, Finnic, Permian, Volgaic and Ugrian families, the Uralic people may have different languages, cultures and even religions than we, yet they are just as Russian. We must embrace this great diversity and let it enrich our nation rather than divide it. No difference shall be made whether a person is Slavic or Uralic, for at heart we are one.;;;;;;;;;;;;;
truly_hapsburg_empire_title;Centralizing the Habsburg Empire;;;;;;;;;;;;;
truly_hapsburg_empire_desc;§RThis path is mutually exclusive with the Dual Monarchy.§! While we may dominate German affairs, our empire is no nation-state. By dominating Germany but not deciding to form a German Union, we can now concentrate on consolidating our empire proper. The Austrian Empire is unique in that it remains a conglomeration of various kingdoms, duchies, and legal codes all separate from one another. By fully implementing Alexander von Bach's centralization proposals, we will reorganize our empire into equal provinces under a central authority.;;;;;;;;;;;;;
restore_hapsburg_belgrade_title;Restore Habsburg Belgrade;;;;;;;;;;;;;
restore_hapsburg_belgrade_desc;§RGain 5 infamy§! For many years, the Habsburg and Ottoman realms battled over domination in the Balkans, with their battlegrounds ranging from Hungary to Romania to even southern Greece. One such contested territory was the duchy of Belgrade, the location of the modern-day Serbian state. With Austrian dominion across Central Europe secured, the empire is once again within a ready position to claim Belgrade.;;;;;;;;;;;;;
expand_hapsburg_serbia_title;The Crown of Serbia;;;;;;;;;;;;;
expand_hapsburg_serbia_desc;§RGain 15 infamy§! The Duchy of Serbia was once a Habsburg domain, and now it is again. However, in this modern age of nationalism, the serbian population of the duchy urges for reunification with its Slavic brethren in the south. While we have little interest in such ethnonationalist pretenses, the Balkans have long been a region of great interest and importance to the Habsburg realm. By tying the Habsburg province of Serbia to their own irredentist concept of Yugoslavism, we may provide ourselves a useful justification for annexing a great deal of Turkish territory.;;;;;;;;;;;;;
austrian_belgium_title;The Austrian Netherlands;;;;;;;;;;;;;
austrian_belgium_desc;§RGain 10 infamy§! The Austrian Netherlands were a territory of the Austrian Empire following the Spanish war of succession, and an old territory of the defunct Holy Roman Empire. In the aftermath of the Napoleonic wars, the territory was awarded to the Netherlands in the hopes of establishing a buffer state against any attempts at renewed French expansionism. In this modern industrial age, however, the Hollanders have proven far from capable of providing a proper power balance against either France or the German realms. By reinstituting Austrian control of these strategically vital provinces, the Habsburg realm may provide itself with important industrial complexes, economic resources, and a position from which it can provide a check to French and Prussian ambitions. The rest of Europe may not look kindly on this rationale, however.;;;;;;;;;;;;;
austrian_netherlands_title;The Austrian Netherlands;;;;;;;;;;;;;
austrian_netherlands_desc;§RGain 15 infamy§! With the Belgians brought to heel, it is only natural that Austrian ambitions reach the gates of Amsterdam as well. While the Austrian Habsburgs never properly ruled the Netherlands on their own behalf, the kingdom of Spain did, and the Holy Roman Empire long before that. By restoring order to the Dutch provinces, Habsburg control over northern Europe can be properly fortified, and it can even more firmly assert itself as the master of Germany.;;;;;;;;;;;;;
austrian_poland_title;Austrian Poland;;;;;;;;;;;;;
austrian_poland_desc;§RGain 5 infamy§! In the aftermath of the Napoleonic wars and the congress of Vienna, the Austrian Empire was made to give up a substantial part of its Polish holdings in favor of the Russian Empire. With the Austrian Empire once again in a secure position to expand its influence across Europe, it may be pertinent to restore Austrian claims in Poland, and achieve a more favorable partition.;;;;;;;;;;;;;
austria_poland_complete_title;Complete the Polish Conquest;;;;;;;;;;;;;
austria_poland_complete_desc;§RGain 15 infamy§! While the Austrian Empire has taken for itself a lions share of the Polish territory, there remains demands to incorporate the rest of Poland into the Austrian Empire. Let Austria integrate these lands in the name of the Habsburg Empire!;;;;;;;;;;;;;
austria_switzerland_title;Retake the Habsburg Homeland;;;;;;;;;;;;;
austria_switzerland_desc;§RGain 10 infamy§! Our dynasty takes its name from Habsburg Castle, a fortress built in the 1020s in present-day Switzerland by Radbot of Klettgau, who named his fortress Habsburg. His grandson Otto II was the first to take the fortress name as his own, adding 'Count of Habsburg' to his title. In 1273, Count Radbot's seventh-generation descendant, Rudolph of Habsburg, was elected Holy Roman Emperor. Our lands of the western Alps were robbed from us in the Swabian War of 1499 in which the Swiss Confederation seized our homeland. The time has come to right this wrong and return Switzerland to Habsburg rule.;;;;;;;;;;;;;
austria_romania_title;The Romanian Principalities;;;;;;;;;;;;;
austria_romania_desc;§RGain 10 infamy§! The regions of Moldavia and Wallachia have been gaining more and more autonomy from the Ottoman Empire in recent years. Their example of Romanian self-rule endangers our control of Transylvania and destabilizes other neighboring regions as well. It would therefore be best to bring the principalities into the Habsburg fold. Western Wallachia was in fact once part of the Habsburg domains as the Banat of Craiova from 1718 to 1739. Sadly, it was retaken by the Ottoman Empire in the Peace of Belgrade.;;;;;;;;;;;;;
austria_lorraine_title;The Crown of Lorraine;;;;;;;;;;;;;
austria_lorraine_desc;§RGain 15 infamy§! The house of Habsburg-Lorraine was formed when Francis I, Holy Roman Emperor, married Maria Theresa of Habsburg. Francis was Duke of Lorraine and Bar, a title which is held, at least in name, by the Habsburgs to this day. Other territories in the region were acquired by the marriage of Maximilian I of Habsburg to Mary of Burgundy. Franche-Comté was lost to France with the Treaties of Nijmegen in 1678 after the Franco-Dutch War. Still, these areas are rightfully Habsburg lands by virtue of inheritance and were unlawfully appropriated by the French.;;;;;;;;;;;;;
raid_sudan_title;Raid the Sudan;;;;;;;;;;;;;
raid_sudan_desc;In centuries past, the great Shilluk kingdom held sway over much of the Sudanese river valley, all the way north to where now stands the city of Khartoum. However, recent, repeated wars against both the Egyptians to the north and various enemies to the south have brought the Shilluk kingdom to the brink of destruction. As the Egpytians struggle in a war against their former masters in the north, we are presented with a unique opportunity to regain our former standing in the Nile river valley, and they will have little choice but to recognize our resurgence.;;;;;;;;;;;;;
reclaim_white_nile_title;Reclaim the White Nile;;;;;;;;;;;;;
reclaim_white_nile_desc;In the years of decline for the Shilluk kingdom, its hold over the south grew increasingly contested by other rival tribes seeking to control the lucrative trade down its banks. With our northern borders secured, it is time to reclaim our rightful dominion to the south once again!;;;;;;;;;;;;;
claim_the_sudan_title;Claim the Sudan;;;;;;;;;;;;;
claim_the_sudan_desc;With our successful restoration of both our raiding income and our domination of the White Nile, the time has finally come to push northwards, into lands ever unclaimed by our king. The Nile shall be our dominion, the dominion of the gods. The ailing Egyptian satellite shall be unable to prevent our ascendancy.;;;;;;;;;;;;;
excavate_ancient_kush_title;Excavate Ancient Kush;;;;;;;;;;;;;
excavate_ancient_kush_desc;In our travels north, we have come to discover great pyramid constructions across the Sudan, ancient structures filled with incomprehensible pictographs far older than our people. The images within seem to depict a great and mighty civilization that once ruled these lands. We are the heirs to these ancients, and shall rule over the Nile in their stead!;;;;;;;;;;;;;
request_british_translators_title;Request British Translators;;;;;;;;;;;;;
request_british_translators_desc;Despite our best efforts, we have yet to comprehend the strange symbols contained within the many ruins. By requesting foreign assistance, we may yet glean further knowledge from these ruins that could well speak to our fated domination of the great river.;;;;;;;;;;;;;
adopt_hieroglyphs_title;Adopt Hieroglyphs;;;;;;;;;;;;;
adopt_hieroglyphs_desc;With the help of British translators, we have finally decoded a decent portion of the hieroglyphics in the ruins. While for the British it was a mere intellectual exercise, a way to showcase the splendor of their distant island, for us it has provided a perfect writing form to adopt for our upcoming empire. Who else holds the right to the great river than those who speak its old tongue?;;;;;;;;;;;;;
rebuild_napata_title;Rebuild Napata;;;;;;;;;;;;;
rebuild_napata_desc;It has been revealed to us, our glorious past. Our kings were not merely gods, no, they were Pharaohs. The truest of Pharaohs descended from the Kushite kings of old, usurped wrongfully from their domains millennia ago. Having rediscovered our past, we can rebuild our future from its ashes. Rebuild the ancient kingdom from its glorious capital of Napata!;;;;;;;;;;;;;
true_pharaoh_of_egypt_title;The True Pharoah of Egypt;;;;;;;;;;;;;
true_pharaoh_of_egypt_desc;Our throne has been reclaimed! The true Pharaohs of all the river Nile have returned to their rightful thrones within the great pyramids. Where once their great tombs lied, now shall our thrones rise in their stead! Coincidentally, while the local Allah-worshippers wholesale reject us, it has come to our attention that a sizable minority, long-oppressed by them, has found our rule perhaps more tolerable, so long as we do not molest them.;;;;;;;;;;;;;
EVTNAME00102;Shilluk Warbands take Khartoum!;;;;;;;;;;;;;
EVTNAME00104;Shilluk Warbands claim the Sudan!;;;;;;;;;;;;;
EVTNAME00105;Germanization;;;;;;;;;;;;;
EVTNAME00106;The Rise of Bach;;;;;;;;;;;;;
EVTNAME00107;The Death of Bach;;;;;;;;;;;;;
EVTNAME00108;The Decline of Bach;;;;;;;;;;;;;
EVTNAME00109;A Standing Army of Soldiers;;;;;;;;;;;;;
EVTNAME00110;A Fawning Army of Sneaks;;;;;;;;;;;;;
EVTNAME00111;The Centralization Process - Dismantling Hungary;;;;;;;;;;;;;
EVTDESC00111;While the Austrian Empire has a long way to go in bringing about truly centralized control over the realm, the first and most glaring issue remains the first and most important to resolve, that of the Hungarian crown. The Hungarian crown is the largest and most troublesome of the Habsburg domains, a long history of rebellions and disloyalty accompanying its shared history with the crown of Austria. While attempts have been made to curb its substantial autonomy within the empire in order to solidify Austrian rule, there have been none as comprehensive as the campaign it is about to undergo. The full dismantling of Hungary is underway, and only should it be successful can the Austrian empire become an empire in the truest sense, united in purpose and identity under the Habsburg crowns. While Hungary may protest, the government is confident it can put down any attempted rebellion that may soon come.;;;;;;;;;;;;;
EVTNAME00112;The Second Hungarian Revolution;;;;;;;;;;;;;
EVTDESC00112;The response to the Austrian reforms has been remarkably predictable, all things considered. In the interlude to a rebellion, a new Hungarian diet has been illegally convened in Budapest, declaring itself the sole legal authority over the Hungarian crown, and rejecting the Habsburgs as illegitimate pretenders to the nation. With their declaration, and the defecting of many hungarian soldiers and citizens to their cause, the second Hungarian revolution has begun.;;;;;;;;;;;;;
EVTNAME00113;The Hungarian Revolution - Aftermath;;;;;;;;;;;;;
EVTDESC00113;How predictably, the Hungarian rebels have once again fallen to the might of the Austrian Empire. With this victory, the crown of Hungary has finally been dissolved and fully integrated into the empire.;;;;;;;;;;;;;
EVTNAME00114;Centralization Program - Finishing Touches;;;;;;;;;;;;;
EVTDESC00114;With the Hungarians dealt with, the rest of the empire can be integrated as is necessary to ensure Austrian hegemony is secured henceforth. Other provinces of the Empire have been strengthened and expanded, Hungarian, Serbian, and other forms of leadership deemed untrustworthy being replaced with more loyal Germanic or Polish authorities, in order to ensure continued Habsburg rule.;;;;;;;;;;;;;
EVTNAME00115;The Benelux Territories;;;;;;;;;;;;;
buy_nicobar_islands_title;The Nicobar Purchase;;;;;;;;;;;;;
buy_nicobar_islands_desc;The Nicobar Islands are an island chain south of the Andamans that remain under foreign rule. Since they are so small, their owner may not want to waste money and men on a war over them. What if we approached them with a handsome cash offer to take the islands off their hands?;;;;;;;;;;;;;
form_boe_fra_title;Unite France and Spain;;;;;;;;;;;;;
form_boe_fra_desc;In the early 1700s, the Hapsburg line of the Spanish monarchy died out, leaving the throne to the king of France at the time. This event, which nearly united the thrones of France and Spain into a single monarchy, directly led to the War of Spanish Succession in 1701. Despite the best efforts of the two crowns, the Hapsburg coalition achieved a partial victory, leading to the treaty of Utrecht in 1714. Now, the opportunity has come to refute this damnable treaty, and reunite the two kingdoms once more!;;;;;;;;;;;;;
form_boe_spc_title;Unite France and Spain;;;;;;;;;;;;;
form_boe_spc_desc;In the early 1700s, the Hapsburg line of the Spanish monarchy died out, leaving the throne to the king of France at the time. This event, which nearly united the thrones of France and Spain into a single monarchy, directly led to the War of Spanish Succession in 1701. Despite the best efforts of the two crowns, the Hapsburg coalition achieved a partial victory, leading to the treaty of Utrecht in 1714. Now, the opportunity has come to refute this damnable treaty, and reunite the two kingdoms once more!;;;;;;;;;;;;;
boe_burgundy_claim_title;The Crown of Burgundy;;;;;;;;;;;;;
boe_burgundy_claim_desc;§RGain 35 infamy§! In ages long past, the Spanish monarchy found itself inheriting the crown of Burgundy after the last of its male line died out. With that came domination over Eastern France and the Benelux. While the last of these domains would be lost in the War of Spanish Succession, the restoration of the united monarchy has provided a unique opportunity to undo this wrong, and cement Spanish control over the Benelux once more.;;;;;;;;;;;;;
boe_northern_italy_title;The Crown of Italy;;;;;;;;;;;;;
boe_northern_italy_desc;§RGain 30 infamy§! The Bourbon realm of France long desired control over northern Italy, with a great deal of conflict being centered around control over the small states in the region against the Holy Roman Empire and the Hapsburgs that ruled it. Now, with the Bourbon realms united, Italy can brought to heel, ending the many conflicts once and for all.;;;;;;;;;;;;;
EVTNAME00090;The Peace of Montpellier;;;;;;;;;;;;;
EVTNAME00079;The Coronation of the Bourbon Monarchy;;;;;;;;;;;;;
EVTNAME00094;The Language Crisis;;;;;;;;;;;;;
EVTNAME00095;A Leftist Spring;;;;;;;;;;;;;
EVTNAME00098;The Spanish Republican Movement;;;;;;;;;;;;;
EVTNAME00100;The French National Front;;;;;;;;;;;;;
EVTNAME00091;Death of Juan III;;;;;;;;;;;;;
EVTNAME00092;The Death of Carlos VII;;;;;;;;;;;;;
EVTNAME00093;The Death of Jaime III;;;;;;;;;;;;;
end_cession_tuscan_title;End the Tuscan Cession;;;;;;;;;;;;;
end_cession_tuscan_desc;§RGain 5 infamy§! During the Napoleonic Wars, the territories of the Bourbon-Parma line were taken away, repossessed to France in 1801 in exchange for rule over Tuscany as the kingdom of Etruria. In the aftermath of the Napoleonic wars, the duchy of Tuscany was restored, with the exception of Lucca being handed back to the Bourbon-Parmas until such time as Parma was once again inherited to them. While Parma has been restored to the line, there is a unique opportunity to protest the annexation of Lucca back into Tuscany, using this to justify a restoration of Etruria under the Bourbon line.;;;;;;;;;;;;;
rebuild_palace_versailles_title;Rebuild the Versailles Palace;;;;;;;;;;;;;
rebuild_palace_versailles_desc;The Versailles Palace, despite its famous parties and court culture, was never fully in operating condition. Attempts to finish and maintain the grand project have frequently been shut down due to the financial strain put on the economy. Furthermore, during the French Revolution, the Versailles Palace was torn apart and ransacked by revolutionary forces, leaving much in ruin or otherwise fully emptied out. With the Bourbon monarchy once again secure in its position, we have the opportunity to repair and finish the palace, leaving France with a capital to be truly proud of!;;;;;;;;;;;;;
create_sgf_france_title;Unite Southern Germany;;;;;;;;;;;;;
create_sgf_france_desc;The Bavarian alliance has proven quite useful to France in the past, however it has its limits. Bavaria, ultimately, is not capable on its own to compete with the forces of Austria or Prussia sufficiently to prevent the unification of Germany. However, should France maintain enough influence in southern Germany, it could perhaps exploit the alliance with Bavaria to strengthen the latter's position, upending the balance of power in Germany...;;;;;;;;;;;;;
trigger_england_war_bor_title;Strike down Albion;;;;;;;;;;;;;
trigger_england_war_bor_desc;The French navy has been modernized, and now Britain can be dealt with accordingly...;;;;;;;;;;;;;
EVTNAME00052;The Death of Henri V;;;;;;;;;;;;;
EVTNAME00053;The Death of Jean III;;;;;;;;;;;;;
EVTNAME00054;The Death of Charles XI;;;;;;;;;;;;;
EVTNAME00055;The Death of Jaime I;;;;;;;;;;;;;
EVTNAME00063;The Spanish Kings;;;;;;;;;;;;;
EVTNAME00067;Recognition of the Polish Partition;;;;;;;;;;;;;
EVTDESC00067;With the rule of the Bourbon monarchy in Paris finding a distinct need to regain some measure of international legitimacy in the wake of the catastrophe that was the Napoleonic wars, the decision has been made to eject any pretenses of Polish recognition, at least in official circles, from French government. As such, any Polish committees will be banned from Paris and the kingdom as a whole, maps will be forbidden from including the Polish state on the map so long as it remains partitioned, and overtures will assure that France will never support any attempt at Polish reunification. This will undoubtedly drive a permanent wedge between the French and the Polish, but ultimately it is a sacrifice that must be made in order to cool down the tense relations France unfortunately has had to endure.;;;;;;;;;;;;;
EVTNAME00068;The Two Sicilies;;;;;;;;;;;;;
EVTNAME00069;A Bourbon Offer;;;;;;;;;;;;;
EVTNAME00070;The Two Sicilies accept;;;;;;;;;;;;;
EVTNAME00071;The Two Sicilies refuse;;;;;;;;;;;;;
EVTNAME00072;The Anglo-French War;;;;;;;;;;;;;
EVTDESC00072;While the Bourbon realm may generally seek to avoid conflict on the European mainland, save to maneuver itself favorably to ensure its continued place as a European power, the Bourbons still yet have a bone to pick with the British in particular. With our fleet modernized and prepared for another bout, conflict has now become inevitable.;;;;;;;;;;;;;
EVTNAME00073;Victory over Britain;;;;;;;;;;;;;
EVTNAME00074;The Anglo-French War - French Humiliation;;;;;;;;;;;;;
EVTNAME00202;Construction finished on Versailles;;;;;;;;;;;;;
EVTNAME00203;Renewing the Franco-Bavarian Alliance;;;;;;;;;;;;;
EVTNAME00207;The End of illegal Slave Trading in Cuba;;;;;;;;;;;;;
EVTNAME00012;The July Affair;;;;;;;;;;;;;
EVTNAME00013;The July Affair;;;;;;;;;;;;;
EVTNAME00014;Spain refuses;;;;;;;;;;;;;
EVTNAME00015;Spain concedes;;;;;;;;;;;;;
marotist_reforms_d_title;The Marotist Reforms;;;;;;;;;;;;;
marotist_reforms_d_desc;Following the controversy surrounding Maroto regarding suspected Christino loyalties, he was pardoned by the king when the charges proved false. With his status as a primary leader of the Carlist cause restored, it has been suggested that the army adopt several reforms that he himself has pushed forth to modernize the Spanish army.;;;;;;;;;;;;;
add_carlist_distributism_title;Carlist Distributism;;;;;;;;;;;;;
add_carlist_distributism_desc;Upon the advent of socialism, the Catholic Church felt compelled to make a response to the unrest the socialist movement created amongst the poor strata of society, as the Church historically held a highly conservative standpoint and felt that socialist and liberal political activism threatened to upend traditional moral and moral structures, as well as erode Catholic church authority, which had already been declining for some time. The Papal response therefore was to seek the advent of a 'third way' ideology, one that would come to be known as distributism. Characterized by clerical authority, land reform, agrarianism, and extensive preference to small business enterprise over corporations, the ideology would quickly gain traction as the primary economic policy of the Carlist movement. Passing this reform will therefore greatly strengthen resource output and education at the expense of heavy industrial efficiency, and the redistribution of land will undoubtedly come at great cost to the state.;;;;;;;;;;;;;
end_carlist_distributism_title;End Carlist Distributism;;;;;;;;;;;;;
end_carlist_distributism_desc;With the current Spanish government no longer supporting the ideology of distributism, it is now pertinent to end the policy and move towards a more modern economic system.;;;;;;;;;;;;;
constitution_of_juan_iii_title;The Constitution of $YEAR$;;;;;;;;;;;;;
constitution_of_juan_iii_desc;Since the succession of Carlos V to the throne of Spain, the issue of a Spanish constitution has been put on hold, due to the deeply traditionalist mindset of the Carlist support base, and fears that caving to liberal ideals would erode the authority of the church and of the Fueros system. With a more liberally-minded monarch in charge, perhaps a middle ground can be met, with the creation of a proper national legislature. The result is the Turnismo system, wherein the legislature is organized under a bicameral system between traditionalists and liberals, members of which are carefully selected before elections begin, and are purposefully rotated in order to ensure neither party maintains absolute control over the Spanish government.;;;;;;;;;;;;;
spa_accept_minorities_title;Introduce Federalism;;;;;;;;;;;;;
spa_accept_minorities_desc;After many years of reforms, liberalization and gradual progress, Spain has become a more tolerant and open-minded country. The Basques, Galicians, Catalans and other small minorities have long faced linguistic, cultural and societal persecution, assimilation and discrimination by the Castilian Spanish administrations in Madrid. Now, the time has finally come to accept these minorities as they are: As much a part of Spain as all other Spaniards, no matter their heritage. Through the introduction of a federal system, we can ensure the partial autonomy of Catalonia, the Basque Country and Galicia on the same level as every other Spanish province.;;;;;;;;;;;;;
stay_regionalist;Locked into Regionalism;;;;;;;;;;;;;
stay_federalist;Locked into Federalism;;;;;;;;;;;;;
stay_confederalist;Locked into Confederation;;;;;;;;;;;;;
military_fueros;Military Fueros;;;;;;;;;;;;;
military_fueros_desc;The fuero system in Mexico dates back to the colonial era and renders the army virtually immune from civil authority. This has lead to widespread corruption, mismanagement, negligence, lack of oversight, unprofessionalism and even infighting.;;;;;;;;;;;;;
EVTNAME128100;The First Ascent of the Wetterhorn;;;;;;;;;;;;;
EVT128100DESC;\n\nTogether with Melchior Bannholzer and Hans Jaun from the nearby town of Grindelwald, Alfred Wills, a barrister from the United Kingdom, has completed the first ascent of the Wetterhorn, or so he thinks. Little does he know that, about a decade earlier, the 'The Peak of Tempests', sitting at 3692 meters above the Mediterranean, was already summitted by two guides, Melchior Bannholzer and Hans Jaun, from the nearby town of Grindelwald. The two later participated in a further expedition joined by other guides and even reached the higher neighboring Mittelhorn. Despite Alfred Wills not actually having been been the first to summit the Wetterhorn, his description of the trip in his book 'Wanderings Among the High Alps' is making mountaineering fashionable in Britain in what some have come to call the 'Golden Age of Alpinism'. Many have begun setting their sights on the great mountains of the Alps, beginning a veritable race against time to be the first to summit them.;;;;;;;;;;;;;
EVT128100OPTA;Will this be the start of a new era of discovery?;;;;;;;;;;;;;
EVTNAME128101;The First Ascent of the Matterhorn;;;;;;;;;;;;;
EVT128101DESC;\n\nThe picturesque 4478 meter Matterhorn has been summitted by an expedition led by Edward Whymper, a British mountaineer, marking the first ascent of the legendary mountain. On their descent, tragedy struck: Novice mountaineer Douglas Hadow slipped, pulling three expedition members roped to him off a 1200 meter precipice on the mountain's north face. Only three of the original group, including Edward Whymper, survived the fateful accident. They are accused of having cut the rope to ensure that they were not dragged down with the others, though there is no evidence to support this claim. Since the start of the golden age of alpinism in 1854, all the great mountains of the Alps have been conquered, and the Matterhorn was the last, drawing the golden age to a close. Ambitious alpinists have now begun turning their attention to many lesser-known but more technically challenging peaks left unclimbed, causing the dawn of a veritable silver age of mountaineering.;;;;;;;;;;;;;
EVT128101OPTA;May they rest in peace.;;;;;;;;;;;;;
EVTNAME128102;The First Ascent of Dent du Géant;;;;;;;;;;;;;
EVT128102DESC;\n\nBritish mountaineer William W. Graham, motivated by his desire for adventure rather than fame, has ascended the infamously difficult Dent du Géant together with his French guides, Auguste Cupelin and Alphonse Payot. The Dent du Géant or "Giant's Tooth" was previously attempted by famed mountaineer Albert F. Mummery, who was forced back by extremely difficult slabs. This provoked Mummery to exclaim prophetically: 'Absolutely inaccessible by fair means!' The conquest of the Dent du Géant marks the end of the so-called Silver Age of Mountaineering, in which the increasingly challenging remaining peaks left unclimbed during the preceding Golden Age of Mountaineering were defeated. These include the Grepon, the Gletscherhorn, the Grandes Jorasses, the Grünhorn and la Meije. With the Alps virtually exhausted, mountaineers have begun scouting out the Caucasus, the Rocky Mountains, the Andes and even the legendary Himalayas. The end of one era means the dawn of another...;;;;;;;;;;;;;
EVT128102OPTA;Mountaineers will have to start looking elsewhere for peaks yet unclimbed.;;;;;;;;;;;;;
improved_pastures;Improved Pastures;;;;;;;;;;;;;
improved_pastures_desc;Recent innovations in fertilizers and the usage of improved grazing crops such as ryegrass and clover increase the productivity of fields, thereby enhancing the number of livestock that can graze on them. It also results in larger, healthier animals that produce more milk and meat. These new techniques also allow for more efficient transformation of moorland or unproductive vineyards into pastures.;;;;;;;;;;;;;
interleaved_rolling_papers;Interleaved Rolling Papers;;;;;;;;;;;;;
interleaved_rolling_papers_desc;The interleaving process auto-dispenses the next rolling paper after one is pulled from a packaging booklet. This is a revolutionary step for cigarette rolling paper, as it had previously come in a flat stack or was bound like pages in a book. In the manufacturing process, the interleaved papers receive a somewhat stylish 'zigzag' pattern caused by the alternating packaging.;;;;;;;;;;;;;
ABC_purchase_title;Purchasing the ABC Islands;;;;;;;;;;;;;
ABC_purchase_desc;High ranking army and navy officers have suggested that we build a coaling station in the Caribbean to extend our sphere of influence and provide an expanded range to our ships. The ABC islands, named Aruba, Bonaire and Curacao, which are located off the coast of Venezuela, have been of particular interest, as they contain several excellent natural harbors and are of lower strategic value to their current owner. Considering their rather small size, population and economic value, the islands should presumably be for sale.;;;;;;;;;;;;;
EVTDESC937594;\n\nFollowing a bloodless revolution, the Ottoman administration in the autonomous province of Eastern Rumelia created by the Treaty of Berlin has been sent into exile, and the new revolutionary government has declared its unification with its northern neighbor, Bulgaria. Not only has this angered Russia, Austria and the Ottoman Empire, who all desire stability and calculable outcomes in the Balkans, it is especially worrisome for Serbs and Greeks. The Principality of Bulgaria has laid claim to all lands inhabited by Bulgarians, including in Macedonia and Thrace, areas desired by Serbia and Greece respectively. Thus, it may be best to strike while the iron is hot: Bulgaria has not had time to levy an army from the newly acquired province, and the great powers will not come to its aid. As the unification is in violation of the Berlin Treaty, we even have a justification for war. Has the time come to put the Bulgarians in their place once and for all?;;;;;;;;;;;;;
EVTDESC937595;\n\nDue to the recent unification of the Principality of Bulgaria and the Ottoman autonomous province of Eastern Rumelia, the Kingdom of Serbia has declared war. King Milan Obrenovic has cited numerous grievances as causes: Bulgaria has violated the Berlin Treaty, upset the balance of power and harbored Serbian agitants who went into exile following the Timok Rebellion. Additionally, Bulgarian forces expelled Serbian soldiers from a guardhouse in disputed territory created by a change in the course of the Timok River. Now, the Royal Serbian Army has crossed the border into Bulgaria to exact its punishment, retake the disputed lands and put the Bulgarians in their place. The great powers, themselves angered by Bulgaria's violation of the Berlin Treaty and its refusal to heed their counsel, have decided to remain neutral. The Serbian army, commanded personally by King Milan, has begun marching to Sofia, and only time will tell who will emerge victorious.;;;;;;;;;;;;;
