Key;English;French;German;Polish;Spanish;Italian;Swedish;Czech;Hungarian;Dutch;Portuguese;Russian;Finnish;
central_asia_refugees;Helping people escape the desert!;;;;;;;;;;;;;
central_asia_refugees_desc;Don't mind me. I'm here so units stuck in the Karakum and Kyzylkum can go home.;;;;;;;;;;;;;
dar_al_funun;The Dar al-Funun.;Le Dar al Funun.;Der Dar al Funun.;;;;;;;;;;;
new_fancy_palace_modifier;New Palace;;;;;;;;;;;;;
persian_cossacks_modifier;Persian Cossack Brigade;;;;;;;;;;;;;
turkmenchay_treaty;Turkmenchay Treaty;;;;;;;;;;;;;
amir_kabir_attending;Appointed Amir Kabir;;;;;;;;;;;;;
naser_in_europe;The Shah's Tour of Europe;;;;;;;;;;;;;
avadhi;Hindustani;;;;;;;;;;;;;
the_treaty_of_paris_persia_title;The Treaty of Paris;;;;;;;;;;;;;
the_treaty_of_paris_persia_desc;The Treaty of Paris settles the war over Herat. In it Persia abandon all claims to Herat and the other Afghan principalities, recognizing them as independent states outside of their sphere of influence.;;;;;;;;;;;;;
the_sublime_threshold_title;The Sublime Threshold;;;;;;;;;;;;;
the_sublime_threshold_desc;The Holiest cities of Shia Islam are -outside of Mecca and Medina- the shire cities of Iraq: Karbala and Najaf -containing the shires of Hussein and Ali respectively- and to a lesser extend Samarra and Baghdad. These cities are of great spiritual significance to our people, yet they remain subject to foreign domination. It would be a great coup if we could bring them under our total control.;;;;;;;;;;;;;
first_treaty_of_erzurum_title;The Treaty of Erzurum;;;;;;;;;;;;;
first_treaty_of_erzurum_desc;We have managed to inflict a decisive defeat on the Ottomans! If we force them to the negotiating table we might be able to force them to relinquish the holy cities of Iraq: The Sublime Threshold.;;;;;;;;;;;;;
second_treaty_of_erzurum_title;The Second Treaty of Erzurum;;;;;;;;;;;;;
second_treaty_of_erzurum_desc;While various treaties have demarked the Persian-Ottoman border, tension have remained high throughout history. Today is no different, and various border incidents [of variable intensity] are threating to throw our empires into war. The Great Powers are fearful of this prospect and have offered to help us to demark the border and settle all remaining disputes for once and all. [Ottoman Empire looses all cores on all Persian owned provinces, Persia looses all cores on Ottoman owned provinces, should the other side accept.];;;;;;;;;;;;;
per_expedition_to_europe_title;The Shah's Tour of Europe;;;;;;;;;;;;;
per_expedition_to_europe_desc;Our prime minster has steadily been trying reform and modernize Persia, but it has been slow going. He has suggested making a trip to Europe to witness first handed the progress being made there. He hopes that seeing it first handed will allow us to learn from Europe and implement the necessary reforms here in Persia.;;;;;;;;;;;;;
recognize_afghanistan_title;Recognize the Kingdom of Afghanistan;;;;;;;;;;;;;
recognize_afghanistan_desc;The region currently occupied by Afghanistan had long been part of the territory ruled by the Persian dynasties. Only with the emergence of the Durrani dynasty has it become independent. Still conflict lingers surrounding certain territories claimed by both sides. We are being pressured to finally recognize the borders as they exist today.;;;;;;;;;;;;;
build_niavaran_title;Build Niavaran Palace;;;;;;;;;;;;;
build_niavaran_desc;The old imperial palaces of Persia all date to Qajar rule, and are statements to their reign. Both their splendor and their ultimate failures. As a new dynasty we need to disassociate ourselves with the previous dynasty and build our own palaces.;;;;;;;;;;;;;
bombard_the_majles_title;Bombard the Majles;;;;;;;;;;;;;
bombard_the_majles_desc;The Majles (parliament) was established during the Constitutional Revolution to oversee government and limit the ability of the Shah to procure loans and sells concessions. It is hoped that by strictly controlling government finance the influence of foreign power is lessened. As such the Majles is a threat to both the authority of the Shah and the ability of foreigners to control Persian affairs. Perhaps we should 'reign it in.';;;;;;;;;;;;;
become_shahanshah_title;Become Shahanshah;;;;;;;;;;;;;
become_shahanshah_desc;The Shahanshah mean 'King of Kings' and is the ancient title used by the Persian emperors. We should adopt it again.;;;;;;;;;;;;;
the_reuter_concession_title;The Reuter Concession;;;;;;;;;;;;;
the_reuter_concession_desc;Baron de Reuter is a Jewish entrepreneur from Britain who has approached us with an proposal to invest in Persia. If we grant his the concessionary rights to all new resource extraction and industrial firms, he offers to build a railroad, modernize existing industry and offer the treasury a share of the profits.;;;;;;;;;;;;;
reassert_kopet_dag_mountains_title;Assert Dominance over the Turkmen tribes;;;;;;;;;;;;;
reassert_kopet_dag_mountains_desc;The Turkmen tribes of the Kopet Dag mountains hold nominal allegiance to our throne but, recognizing only clan and tribal authority, they are in effect beyond the pale of the state. This has allowed them to continue raiding Persian caravans and cities along the border, as well as enslaving those they capture. With the external and internal situation settling down, we should perhaps reaffirm our authority over the region.;;;;;;;;;;;;;
treaty_of_akhal_title;Treaty of Akhal;;;;;;;;;;;;;
treaty_of_akhal_desc;Our designs for Turkestan are starting to come to fruition. However, Persia stubbornly holds on to ancient claims to the region. In their weakened state it seems unlikely that they'll be willing to risk upsetting us. Perhaps we can force them to relinquish all territories and claims on Turkestan?;;;;;;;;;;;;;
assert_lengeh_title;Assert Dominance over Lengeh;;;;;;;;;;;;;
assert_lengeh_desc;With the external and internal situation stabilized, it is time to turn to reasserting our authority over the peripheral regions. For too long have the Arab traders off the Gulf coast flaunted their independence. It is time to restore order and our prestige!;;;;;;;;;;;;;
assert_bushehr_title;Assert Dominance over Bushire;;;;;;;;;;;;;
assert_bushehr_desc;With the external and internal situation stabilized, it is time to turn to reasserting our authority over the peripheral regions. For too long have foreign powers controlled the strategic port of Bushere. It is time to restore order and our prestige!;;;;;;;;;;;;;
assert_khorasan_title;Assert Dominance over Khorasan;;;;;;;;;;;;;
assert_khorasan_desc;Khorasan has always been a troublesome region with strong independent inclinations. As the nobility there cannot be trusted to support us, it might be necessary to establish more direct rule over the region.;;;;;;;;;;;;;
assert_khuzestan_title;Assert Dominance over Arabestan;;;;;;;;;;;;;
assert_khuzestan_desc;The Arab tribes in Khuzestan have always been left to run their own affairs, as long as they acknowledge our suzerainty and pay the necessary taxes. However, to form a truly modern state, and reaffirm our position on the world stage, we need to end such backward practices and assert our authority in all our territories.;;;;;;;;;;;;;
renegotiate_abbas_lease_title;Renegotiate the Bandar Abbas Lease;;;;;;;;;;;;;
renegotiate_abbas_lease_desc;The wealthy port of Bandar Abbas is leased to the Omanis under unfavorable conditions. Any attempts to renegotiate the lease has been blocked on account of the strength of the Omani navy. The death of Sa'id bin Sultan Al-Busaid and the subsequent division of his sultanate has created an opportunity, however, as in this weakened state Muscat might be more willing to negotiate.;;;;;;;;;;;;;
reclaim_abbas_title;Reclaim Bandar Abbas;;;;;;;;;;;;;
reclaim_abbas_desc;The renewed treaty with Oman regarding the lease of Bandar Abbas not only is a lot more stringent, it also imposes a number of conditions under which the treaty becomes null and void and Bandar Abbas returns to us. For example: if the Sultan is disposed or fails to make the required payments. As it stand, we currently have sufficient reason to declare the treaty null and void and reclaim Bandar Abbas.;;;;;;;;;;;;;
assert_afghanistan_1_title;Reforming Afghanistan;;;;;;;;;;;;;
assert_afghanistan_1_desc;Afghanistan is ruled as a tribal confederacy, with each tribe and local emir ruling more or less independently. With some administrative reforms we could great limit the autonomy of these rulers and brings them closer to our authority.;;;;;;;;;;;;;
assert_afghanistan_2_title;Reforming Afghanistan;;;;;;;;;;;;;
assert_afghanistan_2_desc;Afghanistan is ruled as a tribal confederacy, with each tribe and local emir ruling more or less independently. With some administrative reforms allow us to extend our authority even to outlying areas.;;;;;;;;;;;;;
EVTNAME190300;A New Faith;;;;;;;;;;;;;
EVTDESC190300;A_new_heretical_religious_movement_is_forming_in_our_lands,_as_a_man_proclaiming_himself_'the_Bab'_is_doing_away_with_the_old_interpretations_of_the_Quran._Instead_he_is_offering_his_own_interpretation_of_the_text,_looking_for_hidden_meaning_behind_every_individual_letter._His_radical_new_interpretation_already_sits_poorly_with_the_ulama_-the_religious_authorities-,_but_his_claim_to_authority_to_do_so_is_what_really_infuriates_them._He_claims_that_the_Qa'im_[the_redeemer]_has_arrived_and_that_his_is_in_contact_with_Him_[he_is_the_gate_-Bab-_to_the_Qa'im].\n\nNot_satisfied_with_proclaiming_himself_just_the_Bab,_in_his_rising_popularity_he_is_now_proclaiming_that_he_is_indeed_the_Qa'im_himself._And_as_Qa'im_he_has_the_authority_to_abrogate_the_Sharia._An_act_which_was_pushing_it_to_far_for_the_ulama:_They_have_declared_his_movement_heretical_and_are_demanding_that_the_Bab_be_put_to_death_as_an_apostate.;;;;;;;;;;;;;
EVTNAME190301;He Whom God Shall Make Manifest;;;;;;;;;;;;;
EVTDESC190301;One_of_the_core_teachings_of_the_heretic_the_Bab_is_the_imminent_arrival_of_'He_whom_God_shall_make_manifest',_or_the_messiah_who_shall_establish_God's_kingdom_on_Earth._Long_have_the_Babis_been_on_the_lookout_for_such_a_man,_and_now_one_by_the_name_of_Baha'u'llah_claims_to_be_him._While_incarcerated_in_the_Siyah-Chal_prison,_he_claims_to_have_had_a_a_vision_from_the_'Maid_of_Heaven'_proclaiming_him_the_'best_beloved_of_the_worlds'_and_having_the_'power_of_the_Sovereign_within_him.'_In_other_words,_he_is_the_one_prophesied.\n\nBaha'u'llah's_claim_is_rapidly_gaining_acceptance_among_the_Babis,_and_his_presence_in_our_realm_is_sure_to_reinvigorate_the_Babi_cause_and_increase_their_militancy.;;;;;;;;;;;;;
EVTDESC190302;The_Babi_faith_is_a_radical_renewal_of_the_Islamic_faith,_and_has_been_condemned_in_$FROMCOUNTRY$_as_heretical._Under_pressure_from_the_conservative_clergy,_the_$FROMCOUNTRY_ADJ$_state_has_taken_to_violently_repressing_this_new_faith._As_such_many_of_the_Babi_adherents_are_fleeing_$FROMCOUNTRY$,_and_some_have_found_a_safe_haven_in_our_realm._Amongst_these_people_is_a_man_named_Baha'u'llah,_who_claims_to_the_fulfilment_of_the_Babi_prophecy_of_there_coming_a_man_'whom_God_shall_make_manifest'_and_restore_the_kingdom_of_God_to_Earth._With_this_claim_he_is_rapidly_absorbing_leadership_of_the_Babi_movement_and_turning_it_into_the_Baha'i_Faith.;;;;;;;;;;;;;
EVTNAME190303;Baha'i Followers in $PROVINCENAME$!;;;;;;;;;;;;;
EVTDESC190303;A_prominent_scholar_belonging_to_the_heretical_Baha'i_sect_has_taken_up_residence_in_$PROVINCENAME$._An_expert_in_Islamic_scripture_and_jurisprudence,_his_knowledge_has_allowed_him_to_establish_himself_as_a_religious_authority_in_$PROVINCENAME$._People_flock_to_him_for_advice_and_rulings._With_his_growing_influence_grows_his_ability_to_convert_people_away_from_the_true_path_and_unto_the_heretical_Baha'i_path._Not_only_does_this_mean_he_is_leading_people_to_eternal_damnation,_the_Baha'i_have_shown_themselves_to_be_enemies_of_the_state_and_their_growth_is_a_threat_to_the_stability_of_the_realm.;;;;;;;;;;;;;
EVTNAME190304;The Tobacco Fields of Persia;;;;;;;;;;;;;
EVTDESC190304;Ever_since_tobacco_was_introduced_into_Persia_last_century,_the_Persians_have_taken_a_great_liking_to_its_use._It_has_become_a_staple_of_life_for_both_men_and_women:_many_men_spending_their_spare_time_in_the_great_coffee_houses_smoking._It_should_come_as_no_surprise_then_that_tobacco_cultivation_has_taken_off_massively_in_Persia,_with_over_200,000_people_employed_in_the_sector_at_this_moment._Blessed_with_excellent_soil_and_a_good_climate_the_Persian_tobacco_is_of_excellent_quality._As_a_result_some_of_the_varieties_of_Persian_tobacco_are_much_prized_in_foreign_markets._Yet_until_this_moment_in_time_there_has_been_no_foreign_penetration_of_the_tobacco_trade_in_Persia:_the_entire_market_is_still_controlled_by_the_Persians_themselves.\n\nA_group_of_$COUNTRY_ADJ$_entrepreneurs_have_now_taken_it_upon_themselves_to_change_this,_and_are_looking_to_enter_into_a_deal_with_the_Shah_to_gain_control_over_the_tobacco_trade.;;;;;;;;;;;;;
EVTNAME190305;$FROMCOUNTRY_ADJ$ Tobacco Concession;;;;;;;;;;;;;
EVTDESC190305;Ever_since_tobacco_was_introduced_into_Persia_last_century,_our_people_have_taken_a_great_liking_to_its_use._It_has_become_a_staple_of_life_for_both_men_and_women:_many_men_spending_their_spare_time_in_the_great_coffee_houses_smoking._It_should_come_as_no_surprise_then_that_tobacco_cultivation_has_taken_off_massively,_with_over_200,000_people_employed_in_the_sector_at_this_moment._Blessed_with_excellent_soil_and_a_good_climate_the_Persian_tobacco_is_of_excellent_quality._As_a_result_some_of_the_varieties_of_our_tobacco_are_much_prized_in_foreign_markets.\n\nWe've_been_approached_by_$FROMCOUNTRY_ADJ$_merchants_hoping_to_get_a_concession_to_enter_the_market._In_exchange_for_the_exclusive_rights_to_the_purchasing_and_selling_of_tobacco,_they_offer_us_a_significant_boost_to_our_treasury._However,_giving_how_intertwined_tobacco_is_with_our_culture,_handing_this_industry_over_to_foreigners_might_not_sit_well_with_our_people.;;;;;;;;;;;;;
EVTNAME190306;$FROMCOUNTRY$ Interferes in Persia!;;;;;;;;;;;;;
EVTDESC190306;Our_legation_in_Tehran_reports_that_the_$FROMCOUNTRY_ADJ$s_are_vying_for_a_new_trade_concession_in_Persia._They_have_approached_the_Shah_with_an_offer_to_take_over_the_complete_tobacco_trade,_from_directly_buying_it_from_producers_to_selling_it_to_users,_both_in_Persia_and_abroad._As_Persia_produces_a_number_of_tobacco_varieties_much_prized_in_Western_markets,_if_the_$FROMCOUNTRY_ADJ$s_manage_to_secure_this_concession_it_is_sure_to_become_a_profitable_undertaking_for_them._However,_given_the_deep_roots_the_usage_of_tobacco_has_in_Persian_culture,_a_disruption_of_the_supply_networks_could_cause_significant_social_unrest.;;;;;;;;;;;;;
EVTNAME190307;No Tobacco Concession;;;;;;;;;;;;;
EVTDESC190307;Despite_the_best_efforts_of_our_entrepreneurs_to_enter_into_an_amicable_deal_with_the_Shah_of_Persia,_it_seems_he_fears_that_interceding_in_the_tobacco_trade_will_cause_civil_unrest.;;;;;;;;;;;;;
EVTNAME190308;The Power of the Marja'-i Taqlid;;;;;;;;;;;;;
EVTDESC190308;'In_the_name_of_God_the_Merciful,_the_Forgiving._Today_the_use_of_tunbaku_and_tobacco,_in_whatever_fashion,_is_reckoned_as_war_against_the_Imam_of_the_Age_(may_God_hasten_his_glad_advent)'_-Mohammad_Hasan_Shirazi.\n\nProminent_members_of_the_ulama_have_issued_fatwas_condemning_the_buying_and_selling_of_tobacco_from_infidels_and_kafirs_to_be_haram.\n\nSurely_this_is_nothing_but_a_effort_for_the_ulama_to_undermine_the_Tobacco_Regie.;;;;;;;;;;;;;
EVTNAME190309;The Tobacco Protests;;;;;;;;;;;;;
EVTDESC190309;'Most_Persian_would_rather_forego_bread_than_tobacco,_and_the_first_thing_they_would_do_at_the_breaking_of_the_fast_during_the_month_of_Ramadan_was_to_light_their_pipes.'_-European_observer\n\nFeeling_their_livelihood_threatened_by_the_Tobacco_Regie,_the_bazaari_have_come_out_in_protest_against_it_en_masse._While_previously_such_protests_remained_a_local_affair_-as_the_ulama_could_be_counted_on_to_quell_the_unrest-_the_current_protests_are_of_a_different_order._With_the_help_of_the_anjomans_(secret_societies)_the_bazaari_have_mobilized_popular_support_nationwide,_while_the_ulama_seems_-following_the_infamous_tobacco_fatwa-_to_have_a_change_of_heart_and_are_now_coming_out_against_the_Regie._In_line_with_the_fatwa_and_ulama,_many_have_now_sworn_to_forgo_smoking,_including_the_leading_Mujtahed_Ashtiyani._Such_is_the_extent_of_the_protests_that_even_the_harem_ladies_forgo_smoking,_and_our_servants_no_longer_prepare_the_water_pipe.;;;;;;;;;;;;;
EVTNAME190310;Our Monopoly in Persia Rescinded;;;;;;;;;;;;;
EVTDESC190310;'Most_Persian_would_rather_forego_bread_than_tobacco,_and_the_first_thing_they_would_do_at_the_breaking_of_the_fast_during_the_month_of_Ramadan_was_to_light_their_pipes.'_-European_observer\n\nThe_Tobacco_Regie_has_long_been_unpopular_with_the_Persian_peoples,_but_the_Shah_has_managed_to_keep_control_with_the_help_of_his_clergy._This_all_changed_when_a_prominent_religious_scholar_issued_a_fatwa_(religious_ruling)_declaring_it_forbidden_for_Muslims_to_consume_tobacco_sold_by_'infidels'_and_'foreigners'._Since_then_the_-_previously_allied_to_our_interests_-_clergy_have_joined_in_the_protest,_and_many_in_Persia_have_stopped_smoking._Such_is_the_extend_of_the_protests_that_even_the_Shah's_harem_ladies_refuse_to_smoke,_and_his_servants_refuse_to_prepare_his_water_pipe._Faced_with_such_popular_opposition,_the_Shah_saw_no_other_choice_but_to_rescind_the_Tobacco_Regie.;;;;;;;;;;;;;
EVTNAME190311;The Plot of Amir Kabir;;;;;;;;;;;;;
EVTDESC190311;Amir_Kabir_has_shown_himself_to_be_an_administrative_reformer_without_equal._Throughout_his_tenure_he_passed_a_wide_variety_of_administrative,_cultural,_and_economic_reforms,_most_immediately_a_vaccination_campaign_against_smallpox._While_his_reforms_have_proven_to_be_valuable_for_the_realm,_it_is_not_without_its_opposition._One_of_the_most_thorough_reforms_has_been_of_the_civil_service,_with_salaries_reduced_and_many_superfluous_offices_abolished._This_has_greatly_reduced_expenses_and_strengthened_the_position_of_the_central_government,_but_it_has_also_upset_a_large_number_of_nobles_who_lost_their_patronage._Together_with_Tanzimat_inspired_breaking_of_the_ulama,_the_reforms_have_given_the_central_government_undisputed_authority._But_not_just_of_the_central_authority,_but_also_of_Amir_Kabir._He_is_slowly_becoming_the_government_himself._Persistent_rumors_exist_that_these_reforms_have_been_passed_to_pave_the_way_for_Amir_Kabir's_accession_as_Shah...;;;;;;;;;;;;;
EVTNAME190312;Renovations of the Golestan Palace;;;;;;;;;;;;;
EVTDESC190312;The_Golenstan_Palace_in_Tehran_was_build_during_the_reign_of_Tahmasp_I_of_the_Safavid_dynasty._It_was_last_renovated_by_during_the_Zand_dynasty,_before_Tehran_was_even_selected_as_capital_and_Golestan_became_the_official_seat_of_government._As_such_the_palace_can_no_longer_be_considered_fit_for_purpose_as_our_seat_of_government_and_desperately_needs_to_be_expanded._To_the_east_of_the_current_palace_there_is_an_large_empty_lot_which_is_just_asking_for_the_palace_to_be_expanded_upon.;;;;;;;;;;;;;
EVTNAME190313;The Death of Mohammad Shah;;;;;;;;;;;;;
EVTDESC190313;The_Shah_has_died_today_at_the_age_of_40._Throughout_his_life_Mohammad_Shah_had_been_known_to_be_somewhat_sickly,_and_he_finally_died_from_complications_arising_from_his_gout_in_the_Mohammadieh_Palace._Mohammed_Shah_was_the_son_of_Abbas_Mirza_and_became_crown_prince_upon_his_father's_unexpected_passing._He_is_succeeded_by_his_son,_Naser_ed-Din_Mirza,_now_Naser_ed-Din_Shah_Qajar.;;;;;;;;;;;;;
EVTNAME190314;Jamal al-Din al-Afghani;;;;;;;;;;;;;
EVTDESC190314;'How_very_strange_it_is_that_the_Moslems_study_those_sciences_that_are_ascribed_to_Aristotle_with_the_greatest_delight,_as_if_Aristotle_were_one_of_the_Moslems._However,_if_the_discussion_relates_to_Galileo,_Newton,_and_Kepler,_they_consider_them_infidels._The_father_and_the_mother_of_science_is_proof,_and_proof_is_neither_Aristotle_nor_Galileo._The_truth_is_there_is_proof,_and_those_who_forbid_science_and_knowledge_in_the_belief_that_they_are_safeguarding_the_Islamic_religion_are_really_enemies_of_that_religion.'\nThe_famous_reformer_and_political_activist_Jamal_al-Din_al-Afghani_has_decided_to_offer_his_services_to_your_court._An_outspoken_critic_of_Western_Imperialism,_he_advocates_a_reformed_Islamic_faith_and_pan-Islamic_unity_as_the_only_way_of_staving_of_foreign_domination._He_argues_that_this_can_only_be_achieved_by_adopting_a_rationist_mindset_and_fully_embracing_modern_science._Though_his_reformist_mindset_has_let_to_accusations_of_atheism;;;;;;;;;;;;;
EVTNAME190315;The Assassination of Naser ed-Din;;;;;;;;;;;;;
EVTDESC190315;The_Shah_has_been_assassinated!_Shot_while_visiting_and_praying_at_the_shrine_of_Shah-Abdol-Azim._Shot_with_an_old_and_rusty_revolver._Shot_by_a_man_called_Mirza_Reza_Kermani._During_his_public_interrogation_Mirza_Reza_revealed_that_the_act_was_retribution_for_the_ill_treatment_al-Afghani_received_at_our_court,_as_well_as_the_inept_and_corrupt_rule_of_the_Shah._While_most_people_abhor_the_murder_of_the_Shah,_there_is_some_sympathy_for_Mirza_Reza._For_the_Shah_had_long_been_thought_of_as_selling_the_country_to_the_infidel_with_his_concessionary_politics.\n\nThe_Shah_is_succeeded_by_Mozaffar_ed-Din_Shah.;;;;;;;;;;;;;
EVTNAME190316;The Persian Zoroastrian Amelioration Fund;;;;;;;;;;;;;
EVTDESC190316;The_Zoroastianers_follow_the_ancient_monotheistic_teachings_of_the_prophet_Zoroaster._While_in_its_heyday_it_was_the_state_religion_of_the_Persian_Empire_and_had_millions_of_followers,_over_the_centuries_the_numbers_dwindled_and_it_the_religion_was_slowly_replaced_by_Islam_as_the_religion_of_the_Persian_people._However,_there_are_still_those_who_practice_this_ancient_religion_in_our_empire._Being_subject_to_the_jizya_as_well_as_harassment_by_Muslims,_they_are_subject_to_both_formal_and_informal_persecution.\n\nThe_Parsi_people_-Zoroastrian_co-religionists_from_India-_are_appalled_by_the_deplorable_situation_Zoroastrianists_find_themselves_in_our_empire._To_assist_them_they_founded_the_Persian_Zoroastrian_Amelioration_Fund_offering_financial_support_to_them._A_Parsi_embassy_lead_by_Maneckji_Limji_Hataria_has_also_arrived_at_court_pleading_the_end_of_persecution_of_the_Zoroastrianists.;;;;;;;;;;;;;
EVTNAME190317;Old and Modern Tehran;;;;;;;;;;;;;
EVTDESC190317;Tehran_is_undergoing_growth_and_modernization_at_a_rapid_pace._It_is_quickly_becoming_a_metropolis_worthy_of_our_Empire._But_with_this_growth_and_modernization_comes_the_need_to_replace_older_and_outdated_buildings,_there_is_not_unlimited_supply_of_land_of_course._Eyes_have_fallen_on_the_Golenstan_Palace_for_redevelopment._It_occupies_a_large_section_of_the_city,_and_was_last_renovated_during_the_reign_of_Naser_ed-Din_Shah._It_is_old_and_starting_to_become_dilapidated,_not_to_mention_is_starting_to_look_dated._Clearing_out_the_palace_would_allow_for_the_construction_of_a_modern_city_in_its_place,_or_we_could_maintain_it_as_a_testament_to_the_history_of_our_Empire.;;;;;;;;;;;;;
EVTNAME190318;The Persian Imperial Bank;;;;;;;;;;;;;
EVTDESC190318;Currently_the_economy_can_only_be_described_as_'medieval.'_The_only_form_of_currency_currently_in_circulation_are_silver_and_gold_coins._While_-as_charging_interest_is_forbidden_by_Islamic_law-_the_only_money_lenders_are_Jewish_sarrafs._Who,_due_to_this_as_well_as_cultural_ties,_dominate_the_money_market._Modern_financial_instruments_such_as_those_known_in_the_West_are_completely_absent_from_the_economy._Without_access_to_easy_credit_and_finance_there_has_been_little_investment_in_the_country_and_economic_development_has_been_stagnant.\nSensing_an_opportunity_to_both_make_money_and_strengthen_Persia,_we've_been_approached_by_Baron_de_Reuter_who_proposes_the_founding_of_a_modern_-Western-_financial_institution:_the_$COUNTRY_ADJ$_Imperial_Bank._By_mobilizing_the_savings_of_the_Persian_people_capital_would_become_available_for_the_development_of_the_country._In_exchange_Baron_de_Reuter_ask_for_exclusive_banking_rights_and_mining_concessions_for_all_newly_discovered_mineral_deposits.;;;;;;;;;;;;;
EVTNAME190319;The Great Famine of $YEAR$;;;;;;;;;;;;;
EVTDESC190319;The_past_winter_the_rains_have_utterly_failed,_with_only_the_southern_and_western_provinces_being_blessed_with_any_precipitation_at_all._Other_regions_haven't_seen_a_single_drop_of_rain_in_over_two_years._This_has_left_the_land_scorch_dry_as_not_even_rivers_and_wells_can_supply_enough_water_to_maintain_farming_levels._As_harvests_fail_a_major_famine_is_developing._Bread_is_getting_scarcer_resulting_in_the_price_of_bread_doubling_in_Tehran,_tripling_in_Isfahan_and_increasing_more_than_20_fold_in_some_rural_areas._As_a_result_of_these_high_prices_those_still_holding_grain_have_started_hoarding_their_supply_in_the_hopes_of_fetching_a_premium._Reports_have_reached_us_that_one_provincial_governor_banned_the_import_of_grain_in_the_hopes_of_driving_up_the_value_of_his_own_stock.\n\nThis_all_resulted_in_the_common_people_starving_and_bread_riots_being_a_daily_occurrence.;;;;;;;;;;;;;
EVTNAME190320;Salam-e Shah\n[The National Anthem];;;;;;;;;;;;;
EVTDESC190320;We've_commissioned_the_French_composer_Alfred_Jean_Baptiste_Lemaire_to_compose_a_national_anthem_for_our_Empire._The_Salam-e_Shah_(the_Royal_Salute)_will_from_now_on_be_played_at_all_official_ceremonies_and_state_functions.;;;;;;;;;;;;;
EVTNAME190321;The Mujaddid;;;;;;;;;;;;;
EVTDESC190321;A_new_religious_fanatic_has_set_up_shop_in_$PROVINCENAME$._Proclaiming_himself_to_be_the_promised_Mujaddid_of_the_age_-_the_renewer_which_shows_up_once_per_century_to_revive_Islam,_cleansing_it_of_extraneous_elements_and_restoring_it_to_its_pristine_purity._This_Mirza_Ghulam_Ahmad_fellow_manages_to_convince_may_with_his_deep_knowledge_of_theology,_both_Christian_and_Islamic,_and_orating_skills._Apparently_he_spend_a_great_deal_of_his_youth_studying_Christian_and_Islamic_texts,_while_also_debating_Christian_missionaries_earlier.;;;;;;;;;;;;;
EVTNAME190322;The Ahmaddiyya Muslim Jama'at;;;;;;;;;;;;;
EVTDESC190322;Some_time_ago_a_fellow_by_the_name_of_Mirza_Ghulam_Ahmad_started_proclaiming_himself_the_Mujaddid_in_one_of_our_provinces_in_India._Not_satisfied_with_his_claim_of_being_the_divinely_inspired_reformer_of_Islam,_he_has_now_added_to_his_claim_the_assertion_that_he_is_the_Mahdi,_the_promised_Messiah._Apparently,_he_is_quite_successful_with_his_claims,_as_he_rapidly_gained_a_following._Even_managing_to_extract_a_personal_pledge_of_allegiance_from_40_followers._With_it_he_has_founded_his_own_faith_community:_The_Ahmaddiyya_Muslim_Jama'at.\nHowever,_while_he_may_be_gaining_followers,_not_everybody_is_convinced_of_claim_to_be_the_Mahdi._Many_consider_him_to_be_a_heretic_and_are_demanding_that_his_works_be_condemned:_a_fatwa_declaring_him_a_kafir,_liar_and_deceiver_was_signed_by_over_200_clergymen._While_a_religious_opinion_issued_by_scholars_at_Mecca_and_Medina_declare_Ghulam_Ahmad's_beliefs_blasphemous_and_tantamount_to_apostasy.;;;;;;;;;;;;;
EVTNAME190323;Amir Arsalan-e Namdar\n[The Story of Arsalan];;;;;;;;;;;;;
EVTDESC190323;Our_chief_story_teller_has_composed_a_new_story_for_our_entertainment:_the_Amir_Arsalan-e_Namdar\n\nArsalan_was_born_after_his_pregnant_mother_-queen_of_Roum-_was_forced_to_flee_her_kingdom._She_becomes_wedded_to_an_Egyptian_merchant_and_gives_birth_to_her_child,_Arsalan._The_merchant_claims_the_child_as_his_own._Naturally_Arsalan_learns_the_truth_of_his_royal_origin,_and_sets_out_to_avenge_his_father_and_reclaim_his_throne._Later_he_falls_in_love_with_Farrok-leqa,_who_is_later_killed,_revived_and_carried_of_by_a_hand_from_the_clouds._A_series_of_adventures,_including_being_saved_from_the_gallows_by_an_afreet,_leads_him_to_another_land_where_he_is_reunited_with_Farrok-leqa._And_they_live_happily_ever_after.\n\nThe_story_has_become_a_court_favorite,_with_the_Shah's_daughter_transcribing_the_story_herself.;;;;;;;;;;;;;
EVTNAME190324;A Cup of Tea;;;;;;;;;;;;;
EVTDESC190324;For_a_long_period_of_time_coffee_had_been_the_national_drink_of_our_people._With_smoking_in_coffee_houses_being_a_national_past_time._However_As_most_coffee_producing_regions_are_located_far_away,_making_shipping_difficult_and_expensive,_it_is_a_pleasure_few_can_afford._As_the_the_tea_producing_regions_of_India_and_China_are_nearer_to_$COUNTRY$,_tea_has_proven_tea_highly_priced_-cheaper-_alternative_to_coffee._This_has_caused_a_gradual_shift_away_from_coffee_towards_tea_over_the_past_the_decades,_leaving_tea_the_national_drink\n\nBut_like_coffee,_tea_still_has_to_be_imported._To_remedy_this_it_has_been_suggested_we_start_our_own_tea_plantations._The_region_around_Rasht,_with_its_mild_weather,_plenty_of_precipitation_and_good_-slightly_acidic-_soil,_seems_to_be_a_good_contender._However,_as_tea_is_one_of_the_most_valuable_produces_of_British_India,_the_British_might_not_take_well_to_us_establishing_our_own_tea_industry.;;;;;;;;;;;;;
EVTNAME190325;Berigad-e Qazzaq\n[The Persian Cossacks];;;;;;;;;;;;;
EVTDESC190325;The_Persian_army's_performance_in_relation_to_its_Western_counterparts_has_so_far_proven_to_be_less_than_satisfactory._Even_the_elite_Royal_Cavalry_has_disappointed._Western_observers_who_have_observed_them_have_often_derisively_commented_on_their_performance,_calling_them_'untrained_and_undisciplined'.\nDuring_our_travels_in_Europe_the_Russian_Cossacks_displayed_particular_rigor_in_their_skill_and_ability._It_has_been_suggested_we_apply_for_Russian_support,_and_start_training_our_own_Caucasian_population_in_the_manner_of_the_Russian_Cossack.;;;;;;;;;;;;;
EVTNAME190326;A Promising Officer;;;;;;;;;;;;;
EVTDESC190326;The_Persian_Cossacks_have_proven_to_be_the_most_effective_military_unit_in_our_arsenal._As_such_it_has_become_a_proving_ground_for_young_and_ambitious_officers._Originally_not_a_path_for_political_advancement_-originally_only_Caucasian_muhajirs_could_become_officers,_often_through_inheritance-,_but_with_Persians_now_swelling_the_ranks_the_Cossacks_have_become_a_recruiting_ground_for_political_talent._One_particular_officer_-by_the_name_of_Reza_Khan-_has_caught_attention._Said_to_be_highly_intelligent_and_extremely_charismatic._He_has_a_keen_mind_for_matters_of_state_and_modernizing_the_establishment_and,_with_some_support,_he_could_go_far_in_our_administration.;;;;;;;;;;;;;
EVTNAME190327;The Swedish Gendarmerie;;;;;;;;;;;;;
EVTDESC190327;The_Constitutional_Revolution_has_left_our_central_authority_fractured_and_weakened._A_power_vacuum_has_emerged_in_the_country_side_which_is_leading_to_disturbances._Without_central_authority,_bandits_are_left_free_to_roam._Such_a_burden_to_commerce_have_these_bandits_become_that_the_British_are_now_demanding_we_either_deal_with,_or_accept_that_they_will.\n\nLacking_a_effective_police_force_to_deal_with_the_bandits,_it_has_been_suggested_we_contact_a_neutral_European_power_for_help_to_establish_a_highway_gendarmerie.;;;;;;;;;;;;;
EVTNAME190328;The Mashrutiyyat\n[Constitutional Revolution];;;;;;;;;;;;;
EVTDESC190328;Our_dire_financial_situation_and_general_weakness_has_left_our_court_to_be_behold_of_foreign_interests,_with_the_Shah_being_little_more_than_a_figurehead_while_infidels_run_the_country._Infidels_to_whom_our_natural_resources_are_being_pandered,_and_all_to_pay_of_debts_caused_by_government_extravagance._Instead_of_investing_in_and_strengthening_the_country,_the_whole_system_seems_to_only_serve_to_enrich_the_rich_and_impoverish_the_common_folk.\nThe_repaying_of_foreign_debt_has_become_quite_the_contentious_issue,_especially_among_the_bazaari._Protests_against_high_taxes_and_tariffs_are_common,_but_the_bastinadoing_of_a_bazaari_for_a_minor_offense_has_made_things_come_to_a_head._Massive_protests_have_broken_out_all_over_Tehran,_and_the_bazaari_have_-with_the_full_support_of_the_ulama-_closed_down_the_bazaar!_Their_demands:_The_removal_of_offending_government_figures,_the_implementation_of_a_constitution_and_the_creation_of_a_parliament_to_oversee_the_government_financing.;;;;;;;;;;;;;
EVTNAME190329;Unrest in Khorasan;;;;;;;;;;;;;
EVTDESC190329;The_upheaval_of_the_Constitutional_Revolution_has_left_central_authority_fractured_and_weakened._As_a_result_a_power_vacuum_has_now_arisen_in_Khorasan,_which_is_being_exploited_both_by_local_rulers_and_robbing_bandits._With_the_province_now_becoming_the_domain_of_more_or_less_independent_warlords,_the_province_is_rapidly_becoming_unsafe_to_travel.;;;;;;;;;;;;;
EVTNAME190330;Khorasan Rebels!;;;;;;;;;;;;;
EVTDESC190330;The_unrest_of_Khorasan_has_reached_such_a_degree_that_an_enterprising_colonel_by_the_name_of_Pessian_has_decided_to_take_matters_into_his_own_hands._With_a_small_group_of_gendarmes_he_stormed_the_residence_of_the_governor,_and_took_control_over_the_region._He_has_instituted_military_rule_and_is_quickly_establishing_his_authority_over_the_region.;;;;;;;;;;;;;
EVTNAME190331;Jangali Rebels in Gilan;;;;;;;;;;;;;
EVTDESC190331;The_ideals_of_the_Constitutional_Movement_-the_complete_independence_of_Persia_from_foreign_influence_and_democracy-_have_not_died_yet._A_group_of_militants_have_rallied_around_a_man_called_Mirza_Kuchik_Khan_in_Gilan_to_fight_for_the_movement.\nMirza_Kuchik_and_his_band_of_bandits_are_now_targeting_all_those_opposed_to_the_ideals_of_the_Constitutional_Movement:_foreigners,_bandits,_but_also_the_old_and_privileged_aristocracy,_claiming_they_all_add_to_the_suffering_of_the_common_people.\nAs_perceived_protectors_of_the_common_folk,_the_jungle_rebels_of_Gilan_are_rapidly_gaining_popularity.;;;;;;;;;;;;;
EVTNAME190332;Gilan Rebels!;;;;;;;;;;;;;
EVTDESC190332;The_Jangali_Rebels_are_revolutionaries_adhering_to_the_ideals_of_the_Constitutional_Movement:_A_Persia_free_of_foreign_influence_and_ruled_by_the_Shah_by_accountable_to_the_people._Over_the_past_few_years_they_launched_an_insurgency_in_the_forests_around_the_Caspian_Sea,_attacking_bandits,_foreign_agents,_as_well_the_old_landed_aristocracy_who_proved_unwilling_of_letting_go_of_their_privilege.\nThe_rebels_have_always_been_fiercely_nationalistic,_hoping_to_achieve_their_goals_on_a_national_level._However,_by_now_the_revolutionaries_feel_that_the_real_problem_in_Persia_is_the_domination_of_government_by_the_nobility_and_aristocracy._They_only_way_to_reform_Persia_in_its_totality_is_to_get_rid_of_the_ruling_classes_completely._Having_lost_faith_that_this_can_be_achieved_on_a_national_level,_the_rebels_have_started_implementing_it_on_a_regional_level.;;;;;;;;;;;;;
EVTNAME190333;The Persian Socialist Soviet Republic;;;;;;;;;;;;;
EVTDESC190333;The_Jangali_Rebels_are_revolutionaries_adhering_to_the_ideals_of_the_Constitutional_Movement:_A_Persia_free_of_foreign_influence_and_ruled_by_the_Shah_by_accountable_to_the_people._Over_the_past_few_years_they_launched_an_insurgency_in_the_forests_around_the_Caspian_Sea,_attacking_bandits,_foreign_agents,_as_well_the_old_landed_aristocracy_who_proved_unwilling_of_letting_go_of_their_privilege.\nThe_rebels_have_always_been_fiercely_nationalistic,_hoping_to_achieve_their_goals_on_a_national_level._However,_by_now_the_revolutionaries_feel_that_the_real_problem_in_Persia_is_the_domination_of_government_by_the_nobility_and_aristocracy._They_only_way_to_reform_Persia_in_its_totality_is_to_get_rid_of_the_upper_classes_completely._They_have_now_reached_out_to_other_communists_world_wide_to_support_their_nascent_class_struggle.;;;;;;;;;;;;;
EVTNAME190334;The Simko Shikak Revolt;;;;;;;;;;;;;
EVTDESC190334;The_murder_of_the_Assyrian_Nestorian_patriarch_Mar_Shamon_have_left_the_Kurdish_borderlands_reeling_under_communal_violence._Christians_taking_revenge_on_the_Muslims_population,_Muslims_seeking_revenge_on_the_Christian_population_in_return._Christians_of_different_sects_killing_each_other._The_terror_by_which_the_region_is_ruled_is_unimaginable.\nIn_the_end_only_one_man_was_left_standing:_the_Kurdish_Muslim_Simko_Shikak_-the_man_who_was_also_behind_the_assassination_of_Mar_Shamon._He_has_subsequently_rallied_the_Kurdish_tribesmen_behind_his_cause._It_is_likely_that_he_will_seek_to_establish_an_independent_Kurdish_homeland.;;;;;;;;;;;;;
EVTNAME190335;Arab Unrest in Khuzestan;;;;;;;;;;;;;
EVTDESC190335;The_Arabs_in_Khuzestan_have_long_been_left_to_run_their_own_affairs._So_long_as_our_authority_was_recognized_and_tax_receipts_arrived_on_time,_real_power_has_be_left_in_the_hands_of_local_leaders._However,_with_the_upheavals_of_the_Constitutional_Revolution_central_authority_has_been_weakened_and_local_tribes_have_started_asserting_their_independence_in_the_region.\nCombined_with_the_rise_of_robber_bandits_this_has_left_the_region_unsafe_for_travel.;;;;;;;;;;;;;
EVTNAME190336;The Sheikh Khazal Rebellion;;;;;;;;;;;;;
EVTDESC190336;The_Arabs_of_Khuzestan_have_long_been_left_to_run_their_own_affairs,_so_long_as_the_taxes_were_paid._The_recent_upheavals_in_the_country_have_reduced_our_ability_to_collect_the_taxes_and_further_weakened_our_authority._The_Arabs_tribes,_previously_left_divided,_have_now_unified_under_the_leadership_of_Sheikh_Khazal_and_declared_themselves_independent_of_our_rule.;;;;;;;;;;;;;
EVTNAME190337;The Coup of $YEAR$;;;;;;;;;;;;;
EVTDESC190337;The_various_disorders,_mutinies_and_widespread_unrest_in_the_country_has_resulted_in_the_near_total_collapse_of_government,_with_only_the_vaunted_Cossack_Brigade_being_able_to_offer_some_semblance_of_central_authority._The_resulting_government_crisis_in_the_capital_has_shown_the_current_dynasty_to_be_corrupt_and_ineffective,_but_has_also_shown_that_there_is_room_for_new_government.\nFrom_the_Cossacks_now_arisen_a_'man_on_horseback'_to_save_the_nation_from_chaos._Commander_Reza_Khan_has_taken_his_detachment_of_Cossacks_to_Tehran_and,_with_little_bloodshed,_forced_the_dissolution_of_the_Majles_and_his_own_installation_as_minister_of_war.;;;;;;;;;;;;;
EVTNAME190338;The Pahlavi Dynasty;;;;;;;;;;;;;
EVTDESC190338;'Escorted_by_his_generals_and_his_ministers_bearing_jewels_and_regalia,_the_aigrette_in_his_cap_blazing_with_the_diamond_known_as_the_Mountain_of_Light,_wearing_a_blue_cloak_heavy_with_pearls,_the_Shah_advanced_towards_the_Peacock_Throne._The_European_women_curtsied_to_the_ground:_the_men_inclined_themselves_low_on_his_passage:_the_mullahs_shambled_forward_in_a_rapacious,_propriety_wave:_the_little_prince,_frightened,_possessed_himself_of_a_corner_of_his_father's_cloak._..._With_his_own_hands_he_removed_the_cap_from_his_head,_with_his_own_hands_he_raised_and_assumed_the_crown,_while_two_ministers_stood_by,_holding_the_dishonored_tiaras_of_the_Kajar_dynasty._Then_from_outside_came_a_salvo_of_gun,_making_the_windows_rattle,_proclaiming_to_the_crowds_in_the_streets_that_Reza_Khan_was_King_of_Kings_and_the_Center_of_the_Universe.'_-Vita_Sackville-West\nThe_majles_have_formally_deposed_the_last_Qajar_Shah_and_installed_Reza_Pahlavi_as_Shah.;;;;;;;;;;;;;
EVTNAME190339;Azadistan;;;;;;;;;;;;;
EVTDESC190339;The_failure_of_the_constitutional_revolution_to_bring_modernity_and_independence_to_Persia_combined_with_the_sorry_state_of_the_country,_has_let_one_enterprising_member_of_the_Majles_to_declare_an_independent_republic_around_Tabriz._He_does_not_consider_himself_a_rebel,_but_rather_hopes_to_show_what_can_be_achieved_if_the_ideals_of_the_Constitutional_Movement_can_be_realized.;;;;;;;;;;;;;
EVTNAME190340;The Babi Bloodbath;;;;;;;;;;;;;
EVTDESC190340;While_riding_briefly_ahead_of_the_royal_guards_a_small_group_of_angry_Babis_approached_the_Shah,_ostensibly_with_a_petition_demanding_redress_for_the_insult_done_by_the_execution_of_the_Bab.\nBut_the_petition_was_but_a_ruse!_One_Babi_grabbed_the_reins_of_the_Shah's_horse_and_fired_at_him._At_the_same_time_a_second_babi_opened_fire_as_well._The_Mustawfi_al-Mamalik_reacted_promptly_and_pulled_the_Shah_from_his_horse,_but_that_did_not_save_him_from_a_third_assassin_who_jumped_the_Shah_with_a_dagger.\n\nThe_royal_entourage,_watching_from_a_distance,_were_slow_to_react._Some_even_panicking_and_racing_back_to_Tehran,_bringing_with_them_the_news_and_spreading_fear_of_a_general_Babi_uprising.\nBut_the_Shah_lives,_suffering_only_minor_scratches_during_his_ordeal.;;;;;;;;;;;;;
EVTNAME190343;The Death of Abbas Mirza Shah;;;;;;;;;;;;;
EVTDESC190343;The_Shah_has_died_today_aged_69._Abbas_Mirza_was_the_younger_son_of_Fath-Ali_Shah,_but_on_account_of_his_mother's_royal_birth_was_destined_by_his_father_to_succeed_him._Abbas_was_a_noted_military_commander_and_reformer_of_the_armed_forces._Further_more_he_has_been_characterized_as_an_intelligent_prince,_possessed_some_literary_taste,_and_is_noteworthy_on_account_of_the_comparative_simplicity_of_his_life._He_is_succeeded_by_Naser_ed-Din_Shah.;;;;;;;;;;;;;
EVTNAME190344;The Reuters Concession;;;;;;;;;;;;;
EVTDESC190344;A_concession_we_granted_to_a_British_baron_by_the_name_of_Julius_de_Reuter_is_causing_quite_a_stir_among_the_populace._Under_the_terms_of_the_concession_baron_de_Reuter_has_the_sole_right_to_exploit_all_new_forests,_mines_and_industry._In_exchange_building_a_railroad_and_providing_the_treasury_with_a_fixed_sum_for_5_years_plus_60%_of_net_revenue_for_20_years.\nTo_the_populace_this_is_evidence_that_the_country_is_slowly_being_taken_over_by_kafirs,_and_not_just_any_kind_of_kafir,_but_a_Jew_of_all_people._This_has_resulted_the_ulama_to_uniting_in_opposition_to_the_concession._They_have_succeeded_in_convincing_the_people_that_this_concession_will_bring_with_it_infidels_and_moral_corruption.\nThe_Russian_Legation_has_also_come_out_against_this_concession._Giving_such_sweeping_power_to_a_single_person_is_irreconcilable_with_their_interest,_and_they_will_not_accept_it.\nLastly,_the_British_government_has_made_it_know_that_they_cannot_support_this_concession.;;;;;;;;;;;;;
EVTNAME190345;The Allahdad;;;;;;;;;;;;;
EVTDESC190345;As_Jews_are_considered_najis_-ritually_unclean-_they_have_never_been_well_liked,_not_just_in_$PROVINCENAME$,_but_throughout_the_realm._Incidents_of_bullying_and_violence_against_Jews_are_thus_not_uncommon._Last_night,_however,_the_Jews_of_$PROVINCENAME$_were_subject_to_an_egregious_example_of_communal_violence.\n\nAn_incident_involving_dog's_blood_set_in_motion_a_massacre\n-though_nobody_is_quite_sure_what_happened_exactly-\nA_mob_formed_which,_while_the_synagogue_burned,_looted_the_homes_of_Jews,_with_some_even_taking_young_girls_to_marry_them._Before_the_Jewish_patriarchs_managed_to_restore_order,_and_they_only_managed_that_by_promising_the_wholesale_conversion_of_Jews_from_$PROVINCENAME$_to_Islam,_37_Jews_were_killed.;;;;;;;;;;;;;
EVTNAME190346;The $YEAR$ Shiraz Blood Libel;;;;;;;;;;;;;
EVTDESC190346;Jews_are_considered_najis_-ritually_unclean-_and_this_results_in_relations_between_them_and_Muslims_being_tense:_It_isn't_uncommon_for_random_acts_of_violence_targeting_Jews_to_occur._Recent_events_in_Shiraz_exceed_the_normal_level_animosity_by_a_fair_margin_though.\nTrouble_started_when_a_copy_of_the_Holy_Quran_was_found_in_cesspool_of_a_Jewish_home._Something_which_can_only_be_considered_a_clear_provocation_by_the_Muslims_populace,_though_some_claim_it_was_a_veiled_women_who_put_it_there._The_next_day_a_bazaari_came_forth_and_claimed_his_daughter_was_taken_by_Jews_and_killed_for_her_blood._A_claim_enraging_the_crowd_which_made_for_the_Jewish_quarter_the_following_day._Yet_it_were_the_soldiers_who_were_sent_to_protect_the_Jews_who_were_the_first_to_loot.\nLooting_lasting_for_7_hours,_leaving_12_Jews_killed,_50_injured_and_6000_bereft_of_property.;;;;;;;;;;;;;
EVTNAME190347;Tobacco Protests Die Down;;;;;;;;;;;;;
EVTDESC190347;'Most_Persian_would_rather_forego_bread_than_tobacco,_and_the_first_thing_they_would_do_at_the_breaking_of_the_fast_during_the_month_of_Ramadan_was_to_light_their_pipes.'_-European_observer\n\nWhen_the_religious_authorities_issued_a_fatwa_banning_smoking,_many_happily_obliged_in_an_effort_to_rid_the_country_of_the_Tobacco_Regie_and_the_foreign_domination_coming_with_it._However,_while_most_enthusiastically_joined_in,_as_the_ban_dragged_on_many_found_that_stopping_smoking_was_more_difficult_than_anticipated._Not_only_is_smoking_thoroughly_ingrained_in_Persian_culture,_it_is_also_terribly_addictive._As_time_wore_on_slowly_people_started_circumventing_the_ban_and_started_smoking_again._As_the_fatwa_lost_influence,_so_did_the_hold_of_the_ulama_on_the_people_decline._By_now_few_still_participate_in_the_protests_and_most_have,_begrudgingly,_accepted_the_reality_of_the_Tobacco_Regie.;;;;;;;;;;;;;
EVTNAME190348;Khorasan Rebellion!;;;;;;;;;;;;;
EVTDESC190348;The_junction_in_time_between_the_end_of_one_ruler's_reign_and_the_start_of_another's_is_always_a_period_uncertainty:_A_period_of_time_of_seeing_whether_the_authority_of_the_new_ruler_will_be_accepted._Here,_at_the_start_of_Naser_ed-Din's_reign,_two_noblemen_-Hasah_Khan_Salar_and_Ja'far_Quli_Khan_Kurd-_have_raised_the_banner_of_insurrection_and_are_attempting_to_establish_their_own_fief_around_Mashhad.\n\nHaving_raised_their_own_private_army_of_Turkmen_tribesmen,_the_unsuspected_citizens_of_Mashhad_invited_Hasah_Khan_Salat_and_Ja'far_Quli_into_the_city_with_an_eye_of_quelling_ongoing_riots._Instead_of_quelling_the_riots,_though,_they_turned_their_attention_towards_the_citadel_held_by_the_loyal_governor._While_the_citadel_held_for_some_time,_it_was_not_supplied_to_sustain_a_siege._The_governor_had_no_option_but_to_retire_and_leave_the_city_to_the_rebels!;;;;;;;;;;;;;
EVTNAME190349;The New Ruler of Herat;;;;;;;;;;;;;
EVTDESC190349;Said-Mohammed_Khan,_until_now_ruler_of_Herat,_has_grown_increasingly_unstable_in_his_personality_-some_would_argue_had_gone_outright_insane-_leaving_his_rule_increasingly_erratic._His_deputy_Nayed_Isa_Khan_has_now_declared_him_unfit_to_rule_and_to_be_fulfilling_the_will_of_the_people_by_removing_him.\n\nAs_Herat_is_traditionally_a_dependency_of_Persia,_we_as_new_ruler_of_Herat_are_expected_to_pay_homage_to_Tehran.;;;;;;;;;;;;;
EVTDESC190350;The_ruler_of_Herat_has_long_been_unstable_in_his_personality_-some_would_say_outright_insane-_and_his_rule_had_grown_increasingly_erratic._Proclaiming_him_unfit_to_rule_and_to_be_fulfilling_the_will_of_the_people,_his_deputy_Nayeb_Isa_Khan_has_seized_power_in_the_principality.\n\nThe_whole_situation_is_quickly_turning_into_a_right_old_mess._Nayeb_Isa_may_have_claimed_he_was_fulfilling_the_people's_wishes_by_removing_Said-Mohammed_Khan,_but_his_actions_are_rapidly_turning_Herat_into_a_lawless_place._What_is_worse,_however,_is_that_Nayeb_Isa_has,_without_consulting_us,_executed_Said-Mohammed_Khan_and_appropriated_his,_and_all_his_family's,_property._And_if_executing_the_rightful,_and_loyal,_governor_of_Herat_wasn't_enough,_Nayed_Isa_has_refused_to_pay_homage_and_pledge_his_loyalty!;;;;;;;;;;;;;
EVTDESC190351;The_ruler_of_Herat_has_long_been_unstable_in_his_personality_-some_would_say_outright_insane-_and_his_rule_had_grown_increasingly_erratic._Proclaiming_him_unfit_to_rule_and_to_be_fulfilling_the_will_of_the_people,_his_deputy_Nayeb_Isa_Khan_has_seized_power_in_the_principality.\n\nNayed_Isa_Khan_has_offered_the_traditional_homage_to_us,_and_reaffirmed_their_position_as_an_appendage_to_our_empire.;;;;;;;;;;;;;
EVTDESC190352;The_situation_surrounding_the_usurpation_of_power_is_quickly_spiraling_out_of_control._Not_only_is_popular_sentiment_turning_against_us,_the_transition_of_power_left_a_power_vacuum_which_is_gratefully_exploited_by_bandits,_the_$FROMCOUNTRY_ADJ$s_are_also_turning_against_us._They_have_not_taking_kindly_to_us_executing_the_previous_ruler,_Said-Mohammed_Khan,_and_refusing_to_pledge_our_loyalty.;;;;;;;;;;;;;
EVTDESC190353;In_an_effort_to_make_amends_for_his_transgressions_against_our_crown,_Nayed_Isa_Khan_has_sent_his_co-conspirator_Yusof_Mirza_to_pledge_fealty_and_as_a_guarantee_of_loyalty._He_also_pledges_to_make_amends_for_the_murder_of_Said-Mohammed.;;;;;;;;;;;;;
EVTDESC190354;We_sent_Yusof_Mirza,_our_appointed_ruler_of_Herat,_to_Tehran_to_pledge_allegiance_to_Persia_and_serve_as_surety_for_our_loyalty._Yet_the_Persians_executed_Yusof_for_conspiring_to_execute_Said-Mohammed,_and_refused_our_pledge_of_allegiance.;;;;;;;;;;;;;
EVTNAME190355;The Herat Question;;;;;;;;;;;;;
EVTDESC190355;A_change_of_government_took_place_in_Herat_recently._The_city_had_been_ruled_by_Said-Mohammed_Khan_with_Persian_blessings,_but_recently_he_is_said_to_have_suffered_from_bouts_of_insanity._His_rule_becoming_ever_more_erratic,_his_deputy_-Nayeb_Isa_Khan-_deposed_him._Arguing_that_was_the_will_of_the_people_to_rid_them_of_their_insane_ruler._However,_Herat_has_always_been_considered_a_principality_under_Persian_suzerainty._This_change_of_ruler_was_not_approved_by_Persia_and,_what_is_worse,_Nayeb_Isa_had_Said-Mohammed_executed_and_his_property_confiscated._Such_an_affront_to_their_honor_and_authority_the_Persians_could_net_let_slight._They_have_declared_war_on_Nayeb_Isa.\n\nThus_far_we_have_considered_this_to_be_an_internal_matter_for_the_Persians_to_sort_out._However_recently_we_received_communications_from_Nayeb_Isa_with_him_begging_us_to_intervene._If_we_do,_he_has_pledging_himself,_the_principality_and_the_people_of_Herat_to_us.;;;;;;;;;;;;;
EVTDESC190356;Nayeb_Isa_Khan_has_secretly_approached_$FROMCOUNTRY$_and_pledged_himself,_the_principality_and_the_people_of_Herat_to_the_$FROMCOUNTRY_ADJ$,_asking_them_to_take_over_his_principality_in_exchange_for_helping_to_fend_off_our_advance.;;;;;;;;;;;;;
EVTNAME190358;Kaveh;;;;;;;;;;;;;
EVTDESC190358;A_group_of_nationalists_and_intellectuals_have_gathered_around_famed_diplomat_Hassan_Taqizadeh_with_an_eye_of_modernizing_$COUNTRY$._Heavily_influenced_by_the_European_enlightenment_and_constitutionalist_thought,_they_have_started_a_journal_to_push_their_agenda._Called_'Kaveh',_the_journal_emphasizes_the_need_for_national_independence_and_internal_reforms,_especially_secular_and_educational_ones._Topics_broached_by_the_journal_include_the_need_for_strong_central_authority,_the_need_to_control_the_tribes,_equality_for_women_and_the_need_for_Western_education.;;;;;;;;;;;;;
EVTNAME190359;The Unveiled Protest;;;;;;;;;;;;;
EVTDESC190359;According_to_Islamic_law_it_is_forbidden_for_a_women_to_be_in_contact_with_a_unrelated_male,_they_are_even_barely_allowed_to_show_themselves_to_unrelated_males._This_has_left_women_to_spend_most_of_their_lives_in_the_private_world_of_the_family._So_engrained_in_our_culture_has_this_become_that_a_common_name_for_a_wife_is_manzel:_'the_home.'_Rich_or_poor,_women_are_confined_to,_and_devote_their_entire_lives_to,_the_family._Unless_girls_are_born_into_well-to-do_families,_their_birth_is_less_enthusiastically_welcomed._In_some_families_it_has_gotten_to_the_point_that_it_is_a_nang_(social_disgrace)_to_give_birth_to_girls.\nYet_women_are_not_some_mindless_automaton,_they_have_a_will_and_mind_of_their_own._Sensing_the_opportunities_the_Constitutional_Movement_-with_its_focus_on_modernizing-_offers,_the_women_of_Tehran_have_now_taken_to_the_streets_demanding_equal_treatment._Most_notably,_they_are_removing_the_veil_while_shouting_'Long_live_freedom!';;;;;;;;;;;;;
EVTNAME190360;The Unveiling;;;;;;;;;;;;;
EVTDESC190360;'Behind_the_closed_doors_at_home,_prohibited_from_everything_in_life,_education,_training_and_social_life,_women_are_regarded_as_mindless,_like_infants:_they_are_confined_to_the_burdens_of_household_work_and_childbearing_and_are_considered_the_slaves_and_servants_of_their_husbands.'\nThe_position_of_women_in_our_society_is_poor_to_say_the_least._Forbidden_by_Islamic_law_to_interact_with,_or_even_being_seen_by,_unrelated_males,_women_live_a_hidden_life_behind_closed_doors._On_the_rare_occasions_that_they_do_venture_out,_they_do_so_'wrapped_in_black_bags_from_head_to_the_toe_without_even_an_opening_to_breathe.'_Yet,_it_would_be_a_mistake_to_consider_women_to_be_powerless_bystanders._From_the_tobacco_protests_to_the_Constitutional_Revolution,_they_have_been_at_the_forefront_of_all_public_protests_in_recent_history._Yet_society_does_not_recognize_this._Within_our_modernizing_government_it_has_been_suggested_we_liberate_women_from_the_veil,_or_at_least_in_public_institutions.;;;;;;;;;;;;;
EVTNAME190361;Nasim-e Semal;;;;;;;;;;;;;
EVTDESC190361;A_sensational_new_journal_has_started_publication_in_the_north_of_the_country._Founded_by_journalist_and_poet_Asraf_Gilani,_Nasim-e_semal_deals_with_the_political_and_social_events_of_the_time_in_a_very_blunt_and_occasionally_colloquial_language,_with_pointed_satirical_undertones._It_is_rapidly_building_a_reputation_as_one_of_the_best_literary_works_in_circulation,_and_it_isn't_uncommon_for_people_to_recite_and_even_sing_Nasm-e_semal's_poems_during_parties.\n\nNasim-e_semal_has_become_a_firm_defender_of_the_cause_of_the_impoverished,_a_staunch_advocate_of_social_and_political_reforms_and_modernization,_and_a_vocal_admirer_of_Islam,_particularly_Shi'ism;_it_is_also_very_patriotic,_and_a_zealous_supporter_of_the_Constitutional_Movement_and_the_constitutional_revolutionaries.;;;;;;;;;;;;
EVTNAME190362;Molla Nasreddin;;;;;;;;;;;;;
EVTDESC190362;A_new_satirical_journal_has_been_set_up_in_$PROVINCENAME$_and_has_turned_in_quite_the_hit_among_our_Muslim_subjects._The_journal_is_named_after_Molla_Nasreddin_a_13th_century_cleric_who_had_a_knack_for_telling_amusing_tales_and_anecdotes._The_journal,_however,_is_more_than_just_a_collection_of_amusing_tales_and_anecdotes._It_is_a_poignant_satire_of_the_clergy_and_the_establishment_and_is_more_than_happy_to_expose_its_corruption._But_more_than_that,_the_paper_is_a_call_to_modernize_and_accept_more_advanced_Western_social_norms_and_practices._It_viciously_attacks_what_it_perceives_to_be_the_backward_lifestyles_and_values_of_the_Islamic_clergy_and_religious_fanatics.\nBeing_richly_illustrated_it_is_not_only_accessible_to_the_literate_elite,_but_has_also_become_an_hit_among_the_lower_-illiterate-_classes.;;;;;;;;;;;;;
EVTDESC190363;Published_in_Tiflis_and_smuggled_across_the_$FROMCOUNTRY_ADJ$_border,_Molla_Nasreddin_is_a_satirical_journal_which_is_rapidly_gaining_a_following_in_our_country._Combining_poetry_with_beautiful_illustrations,_the_journal_is_not_only_read_by_the_literate_classes_but_also_by_the_illiterate_peasants._All_to_the_chagrin_of_the_ulama._Molla_Nasreddin_likes_nothing_more_than_taking_jabs_at_the_ulama's_perceived_backward_lifestyle_and_values._Contrasting_their_fanaticism_with_the_enlightened_values_of_the_West,_the_journal_calls_upon_all_to_throw_off_the_shackles_of_superstition_and_adopt_advanced_Western_social_norms_and_practices.\nBut_more_than_an_advocate_of_Westernization,_Molla_Nasreddin_is_a_fierce_opponent_of_absolutism_and_imperialism._It_viciously_attacks_our_Qajar_dynasty_for_it_corruption_and_foreign_influence,_which_leaves_many_starving_and_the_country's_natural_wealth_in_the_hands_of_foreigners.;;;;;;;;;;;;;
EVTDESC190364;Published_in_Tiflis_and_smuggled_into_the_country_from_$FROMCOUNTRY$,_Molla_Nasreddin_is_a_satirical_journal_which_is_rapidly_gaining_a_following_in_our_country._Combining_poetry_with_beautiful_illustrations,_the_journal_is_not_only_read_by_the_literate_classes_but_also_by_the_illiterate_peasants._All_to_the_chagrin_of_the_clergy._Molla_Nasreddin_likes_nothing_more_than_taking_jabs_at_the_clergy's_perceived_backward_lifestyle_and_values._Contrasting_their_fanaticism_with_the_enlightened_values_of_the_West,_the_journal_calls_upon_all_to_throw_off_the_shackles_of_superstition_and_adopt_advanced_Western_social_norms_and_practices.\nMolla_Nasreddin_attacks_the_hypocrisy_of_the_Muslim_clergy,_the_colonial_policies_of_the_US_and_European_nations_towards_the_rest_of_the_world,_and_the_venal_corruption_of_the_local_elite,_while_arguing_repeatedly_for_Westernization,_educational_reform,_and_equal_rights_for_women.;;;;;;;;;;;;;
EVTNAME190365;Merchant Councils;;;;;;;;;;;;;
EVTDESC190365;With_the_growth_in_foreign_trade_slowly_the_tojjar_-the_prominent_merchants-_have_become_the_dominant_economic_players,_and_not_the_patrimonial_government_agents._However_power_by_far_and_large_still_resides_with_the_old_elites_who_are_thoroughly_uninterested_in_economic_reform,_and_would_rather_enrich_themselves_at_the_expense_of_the_tojjar._We've_been_approached_by_a_small_group_of_tojjar_who_are_demanding_the_removal_of_the_ineffective_and_corrupt_government_officials_and_replace_them_with_religious,_unbiased_and_not_avaricious_men._Furthermore_they_are_demanding_we_install_merchants'_assemblies_in_prominent_cities_and_ports_to_represent_the_merchants_interests_and_settle_matters_of_commercial_disputes,_while_promoting_commerce_and_protecting_merchants_from_foreign_competition.\nThe_old_elites,_however,_feeling_threatened_in_their_position,_have_allied_with_the_the_ulama_in_opposition_to_the_formation_of_these_merchant_councils.;;;;;;;;;;;;;
EVTNAME190366;The Power of the Ulama;;;;;;;;;;;;;
EVTDESC190366;With_the_fall_of_the_Safavid_dynasty_the_ulama_saw_a_chance_to_strengthen_its_authority._Sharia_courts,_teachers,_priests,_even_politicians,_all_rely_on_the_ulama_for_their_position.\n_While_some_may_argue_that_this_has_provided_security_and_stability_in_these_times_of_trouble,_others_have_argued_that_the_ulama_obstructs_modernization_and_as_such_is_complicit_in_the_weakend_state_our_empire_finds_itself._One_of_the_greatest_opponents_of_the_ulama_is_prime-minister_Amir_Kabir._Who,_while_working_for_the_border_committee_instituted_by_the_Second_Treaty_of_Erzurum,_closely_followed_the_Tanzimat_reforms_of_the_Ottoman_Empire_and_came_to_the_conclusion_that_the_only_way_to_modernize_and_strengthen_the_empire_is_by_limiting_the_power_and_influence_of_the_ulama.\nHe_has_now_proposed_measures_just_to_this_effect._While_it_will_limit_the_power_of_the_ulama,_expect_them_to_fight_it_tooth_and_nail_first.;;;;;;;;;;;;;
EVTNAME190367;The Rise of the Anjoman;;;;;;;;;;;;;
EVTDESC190367;Our_reign_has_seen_the_rise_of_the_anjoman:_secret_societies_formed_by_reformist_intellectuals,_government_officials,_bazaari_and_ulama_with_a_purpose_of_promoting_their_modernization_agenda._The_most_famous_of_these_is_the_Faramus-kana:_a_society_founded_by_Mirza_Malkom_Khan_inspired_by_the_Freemasons_of_the_West._But_where_the_anjoman_find_fertile_ground_for_growth_among_the_more_reform_minded_classes_-and_are_slowly_readying_the_minds_of_the_general_populace_for_change-_the_ulama_is_less_than_enthusiastic_of_their_ideas._In_their_eyes_many_of_the_anjoman_serve_to_spread_corrupt_ideas,_shelter_infidels,_promote_harmony_between_Muslims_and_non-Muslims,_and,_above_all,_constitute_religious_innovation_contrary_to_Islamic_precepts._As_a_result,_the_ulama_is_demanding_we_shut_down_the_anjoman_wherever_we_find_them,_the_Faramus-kana_foremost_among_them.;;;;;;;;;;;;;
EVTNAME190368;Amir Kabir;;;;;;;;;;;;;
EVTDESC190368;While_of_low_birth_Amir_Kabir,_born_Mirza_Tagha_Khan_Farahani,_has_shown_an_extraordinary_talent_for_administration._Ever_since_catching_the_eye_of_a_high_official_he_has_made_a_meteoric_rise_through_the_ranks._Starting_out_as_stable_master,_he_quickly_became_mostofi-ye_nezam,_chief_financial_administrator_of_the_army,_before_being_assigned_to_the_commission_delineating_the_Ottoman_border._A_posting_he_executed_with_furor._For_the_past_few_years_he_served_as_the_tutor_to_the_then_crown_prince_and_current_Shah_Naser_ed-Din._Perhaps_it_is_time_to_elevate_this_visionary_administrator_to_higher_office?;;;;;;;;;;;;;
EVTNAME190369;The Takiya Dawlat;;;;;;;;;;;;;
EVTDESC190369;Ashura_is_a_time_of_great_religious_significance_to_Shi'a_Muslims:_It_is_the_mourning_of_the_martyrdom_of_Imam_Hussein,_who_was_killed_the_by_the_tyrannical_Caliph_Yazid._Over_the_past_few_decades_a_new_phenomenon_around_Ashura_has_taken_root:_the_ta'ziya:_plays_depicting_the_martyrdom_of_Hussein._These_plays_take_place_on_specifically_built_stages_called_a_takiya._As_ta'ziya_are_rapidly_grow_in_popularity,_it_has_become_time_for_Tehran_to_get_its_own_takiya,_on_a_scale_grander_than_any_other!;;;;;;;;;;;;;
EVTNAME190370;The Dar al-Funun is hiring!;;;;;;;;;;;;;
EVTDESC190370;Under_the_auspicious_of_their_great_reformist_prime_minister_Amir_Kabir,_the_Persians_have_established_a_new_polytechnic_university_in_Tehran_called_the_Dar_al-Funun:_the_House_of_Art._This_university_is_the_first_truly_modern_educational_institution_in_Persia,_and_is_tasked_with_the_education_of_Persians_in_the_western_ways_of_medicine,_engineering,_military_science_and_geology._However,_being_rather_short_of_teachers_in_these_fields,_the_Persians_have_made_an_appeal_to_the_$PROVINCENAME$_Academy_for_educators_to_staff_the_university.;;;;;;;;;;;;;
EVTDESC300986;We've_suffered_a_major_defeat_at_the_hand_of_the_Persians,_and_they_are_now_demanding_we_hand_over_the_Shrine_Cities_of_Iraq_-Najaf_and_Karbala-_and_our_Persian_Gulf_coastal_possessions.;;;;;;;;;;;;;
EVTNAME300987;Return to the Treaty of Zuhab?;;;;;;;;;;;;;
EVTDESC300987;The_war_against_the_Ottomans_is_not_going_well_and_our_defeat_is_all_but_inevitable._Peace_feelers_indicate_that_the_Ottomans_are_open_to_restoring_the_border_to_that_of_the_Treaty_of_Zuhab:_The_restoration_of_Ottoman_territories_in_Iraq_and_Eastern_Anatolia_while_all_territories_in_Armenia,_Tabriz_and_Luristan_revert_back_to_us.;;;;;;;;;;;;;
EVTDESC300988;The_$FROMCOUNTRY_ADJ$s_have_put_out_peace_feelers_as_they_recognize_that_any_further_conflict_will_only_result_in_unnecessary_bloodshed_of_their_people._They_have_offered_to_restore_the_border_to_that_of_the_Treaty_of_Zahub:_All_territories_in_Iraq_and_Eastern_Anatolia_will_be_restored_to_us,_while_we'll_hand_back_anything_we_might_control_in_Armenia,_Tabriz_and_Luristan.;;;;;;;;;;;;;
EVTNAME300998;The Goldsmith Arbitration;;;;;;;;;;;;;
EVTDESC300998;Baluchistan_consists_of_numerous_more_or_less_independent_tribes_who_are_loosely_confederated_under_one_Great_Khan._But_even_though_the_Baluchis_have_never_accepted_any_central_authority,_we've_always_considered_them_to_be_part_of_our_empire._Recent_British_efforts_however_have_greatly_increased_their_influence_in_the_region.\n\nTo_settle_the_matter_as_to_whom_Baluchistan_belongs_for_once_and_all,_an_independent_arbitration_committee_has_been_called._It_has_ruled_that_Kohistan_belongs_in_the_Persian_sphere_of_influence,_while_the_rest_belongs_to_the_British_Raj._There_are_however_some_discrepancies_how_the_border_is_to_actually_run._If_we_act_quickly_we_might_be_able_to_take_advantages_of_this.\n\n[You've_gained_a_core_in_Bunpoor_and_Kussurkund._Bunpoor_is_safe_for_you,_but_the_Brits_can_capture_Kussurkund_via_a_CB_they_have_on_Markan];;;;;;;;;;;;;
EVTDESC300999;The_Kurdish_tribes_are_fiercely_independent,_almost_to_the_point_of_lawlessness_and_rebellion,_and_due_to_the_harsh_terrain_virtually_impossible_to_control._However_the_divided_nature_has_meant_they_have_been_unable_to_resist_our_rule._Now_a_influential_chieftain,_a_man_by_the_name_of_Sheikh_Ubeydullah,_has_managed_to_united_the_tribes_on_the_$FROMCOUNTRY_ADJ$_side_of_the_border,_and_he_has_now_crossed_the_border_to_raise_support_with_the_tribes_on_our_side._A_noted_nationalist,_his_success_of_uniting_the_Kurdish_tribes_are_a_possible_sign_of_a_coming_push_for_an_independent_Kurdistan.;;;;;;;;;;;;;
EVTNAME301001;$FROMCOUNTRY_ADJ$ Asserts Dominance over Lengeh;;;;;;;;;;;;;
EVTDESC301001;The_$FROMCOUNTRY_ADJ$s_have_reasserted_their_authority_over_the_ports_around_Lengeh_on_the_northern_shore_of_the_Persian_Gulf._The_ports_de_jure_belonged_to_$FROMCOUNTRY$,_but_due_to_internal_and_external_pressure_$FROMCOUNTRY$_had_been_unable_to_assert_their_authority._With_the_changing_internal_and_external_political_situation,_the_$FROMCOUNTRY_ADJ$s_felt_comfortable_enough_to_expel_all_foreign_influence_from_the_ports.;;;;;;;;;;;;;
EVTNAME301002;$FROMCOUNTRY_ADJ$ Asserts Dominance over Bushire;;;;;;;;;;;;;
EVTDESC301002;Bushire,_the_prime_port_and_commercial_city_of_$FROMCOUNTRY$._Home_to_our_Consulate_General_for_the_Gulf_and_center_of_$COUNTRY_ADJ$_economic_interest_in_the_region._While_the_city_was_not_official_$COUNTRY_ADJ$,_in_light_of_our_economic_and_diplomatic_presence_in_the_city_and_lack_of_$FROMCOUNTRY_ADJ$_authority,_the_general_held_opinion_was_that_it_might_as_well_have_been._Recent_changes_in_the_$FROMCOUNTRY_ADJ$_administration,_however,_has_given_them_sufficient_influence_in_the_region_to_reassert_their_authority_over_the_city.;;;;;;;;;;;;;
EVTNAME301003;The Bandar Abbas Lease;;;;;;;;;;;;;
EVTDESC301003;We've_been_approached_by_a_$FROMCOUNTRY_ADJ$_embassy_seeking_to_renegotiate_our_lease_on_the_port_of_Bandar_Abbas._It_would_seem_that_our_recent_troubles_have_emboldened_the_$FROMCOUNTRY_ADJ$s_in_their_stance_towards_us._The_renewed_lease_they_are_proposing_would_see_more_stringent_conditions,_a_higher_fee,_the_formal_recognition_of_Persian_sovereignty_over_the_region[*]_and_a_number_cancellation_clauses[**]\n\n[*]The_recognition_is_only_formal,_you_will_not_actually_secede_Bandar_Abbas_to_$FROMCOUNTRY$\n[**]i.e._bankruptcy,_rebellion,_revolution_and_$FROMCOUNTRY$_reaching_secondary_power_and_Oman_not.;;;;;;;;;;;;;
EVTDESC301004;The_Omanis_have_accepted_the_new_Bandar_Abbas_lease_treaty.;;;;;;;;;;;;;
EVTDESC301005;The_Omanis_have_rejected_the_new_Bandar_Abbas_lease_treaty.\n[You_gained_a_core_on_Bandar_Abbas.];;;;;;;;;;;;;
EVTDESC301006;The_$FROMCOUNTRY_ADJ$s_have_taken_possession_of_Bandar_Abbas_in_accordance_with_the_cancellation_clauses_of_Bandar_Abbas_lease_treaty._As_it_accordance_with_the_treaty,_there_is_very_little_we_can_do_about_it.;;;;;;;;;;;;;
EVTNAME301007;The Treaty of Akhal;;;;;;;;;;;;;
EVTDESC301007;The_$FROMCOUNTRY_ADJ$_Grand_Designs_for_Central_Asia_are_starting_to_interfere_with_our_just_claims_to_the_regions._Already_the_great_Khanate_of_Khiva_has_been_subdued,_while_it_seems_only_a_matter_of_time_until_the_other_Khanates_follow_suit._All_the_while_it_seems_exceedingly_unlikely_we_will_be_able_to_turn_this_trend.\n\nA_Russian_diplomatic_mission_has_arrived_in_$CAPITAL$_to_discuss_just_this_issue._They_propose_that,_in_the_interest_of_avoiding_unnecessary_conflict,_a_clear_border_is_defined._The_border_they_are_insisting_on_however_would_see_us_loose_all_our_claims_and_territories_in_Turkestan._Accepting_this_proposal_would_go_a_long_way_to_stabilize_our_relations_and_prevent_future_conflict._Relinquishing_our_ancient_claims_would_however_also_be_greatly_humiliating_and_very_unpopular_at_home.;;;;;;;;;;;;;
EVTDESC301008;In_their_infinite_wisdom,_the_$FROMCOUNTRY_ADJ$s_have_agreed_to_our_proposal_and_will_evacuate_all_territories_in_Turkestan!;;;;;;;;;;;;;
EVTDESC301009;The_$FROMCOUNTRY_ADJ$s_seem_to_understand_that_resisting_our_Designs_for_Central_Asia_is_pointless,_and_have_agreed_to_withdraw_to_south_of_the_Atreck_River._However,_the_negotiations_did_not_go_smoothly._We_may_have_forced_them_to_withdraw,_but_some_issues_have_not_been_resolved_which_may_lead_to_future_conflict.;;;;;;;;;;;;;
EVTDESC301010;The_$FROMCOUNTRY_ADJ$s_seem_to_have_lost_their_minds!_They_have_blown_up_the_completely_fair_and_equitable_negotiations_over_ceding_Turkestan_to_us!_Such_defiance..._The_British_must_have_been_behind_this!;;;;;;;;;;;;;
EVTNAME301011;Dost Mohammad Khan;;;;;;;;;;;;;
EVTDESC301011;It_is_the_tribal_nature_of_the_Afghan_people_and_land_to_be_independent_and_resist_outside_domination._The_formation_of_an_Afghan_Empire_thus_greatly_relied_on_balancing_tribal_alliances_and_hostilities,_and_in_directing_tribal_energies_away_from_rebellion._Lacking_the_gift_for_diplomacy,_the_recent_Durrani_Shahs_have_allowed_tribal_rivalries_to_resurface_and_slowly_the_empire_has_been_disintegrating._Today_a_new_Emir_has_taken_control_of_Kabul._Whether_he'll_succeed_in_reuniting_the_tribes_is_yet_to_be_seen.;;;;;;;;;;;;;
EVTNAME301012;The End of the Durrani Empire;;;;;;;;;;;;;
EVTDESC301012;It_is_the_tribal_nature_of_the_Afghan_people_and_to_be_independent_and_resist_outside_domination._The_formation_of_an_Afghan_Empire_thus_greatly_relied_on_balancing_tribal_alliances_and_hostilities,_and_in_directing_tribal_energies_away_from_rebellion._Lacking_the_gift_for_diplomacy,_the_recent_Durrani_Shahs_have_allowed_tribal_rivalries_to_resurface_and_slowly_the_empire_has_been_disintegrating._Today_a_new_Emir_has_taken_control_of_Kabul._Will_we_follow_him?;;;;;;;;;;;;;
EVTNAME301013;The Turkmen of Merv;;;;;;;;;;;;;
EVTDESC301013;The_peoples_of_Central_Asia_have_a_long_history_of_nomadism_and_rarely_settle_anywhere_for_a_long_period,_especially_if_local_circumstance_changes_for_the_worse._The_Turkmen_peoples_of_the_Kopet_Dag_are_no_different._Ever_since_we_re-established_control_over_the_mountains_there_has_been_a_slow,_but_steady,_migration_of_Turkmens_to_greener_pastures,_mostly_the_oasis_of_Merv.;;;;;;;;;;;;;
EVTDESC301014;The_Persian_attempts_to_re-establish_control_over_the_Kopet_Dag_mountains_have_caused_a_substantial_number_of_Turkmen_tribesmen_to_move_north,_many_of_whom_have_decided_to_settle_in_the_Merv_oasis._This_inflow_of_Turkmens_is_threatening_order,_and_our_control_over_the_oasis!;;;;;;;;;;;;;
EVTNAME301015;The Treaty of Shiraz;;;;;;;;;;;;;
EVTDESC301015;Without_our_knowledge_or_approval_the_governor_of_Shiraz_has_entered_into_a_treaty_with_the_British_Resident_at_Bushire_concerning_the_future_of_Bahrain._The_governor_managed_to_convince_the_Resident_to_support_our_title_to_the_island,_and_even_to_offer_ships_to_establish_our_authority._However_word_has_now_reached_us_from_Bombay_that_the_British_are_refusing_to_fulfill_the_terms_of_the_agreement,_claiming_that,_as_both_the_resident_of_Bushire_and_the_governor_of_Shiraz_exceeded_their_authority,_the_treaty_of_null_and_void._Without_British_approval_or_support,_taking_Bahrain_might_prove_costly._However,_this_treaty_might_prove_useful_in_the_future_to_support_our_claim_to_Bahrain.\nHow_shall_we_proceed?;;;;;;;;;;;;;
EVTDESC301016;A_clandestine_treaty_was_signed_recently_between_the_British_resident_in_Bushere_and_the_Persian_governor_of_Shiraz_which_obligated_the_British_to_help_the_Persians_conquer_us!_Luckily_the_British_backtracked_on_the_agreement,_claiming_the_the_resident_exceeded_his_authority,_but_it_is_clear_that_our_position_is_not_safe!_How_shall_we_proceed_to_secure_our_position?;;;;;;;;;;;;;
EVTDESC301017;As_word_leaked_of_a_treaty_signed_between_the_Persians_and_the_British_which_would_put_Bahrain_under_the_suzerainty_of_the_Shah,_the_Sheik_of_Bahrain_started_looking_abroad_for_support._Even_though_the_British_have_backtracked_on_the_agreement,_the_Sheik_isn't_completely_secure_in_his_position._He_has_approached_us_with_a_treaty_of_friendship_in_the_hopes_that_we'll_be_able_to_provide_some_much_needed_security.;;;;;;;;;;;;x_;
EVTNAME301020;Incident at the Russian Legation;;;;;;;;;;;;;
EVTDESC301020;Outrage_has_erupted_over_actions_of_the_Russian_Envoy_in_Tehran._Under_the_terms_of_the_Treaty_of_Turkmenchay_he_has_granted_asylum_to_an_Armenian_court_eunuch_and_his_extended_family._Anti-Russian_sentiment_which_had_long_been_simmering_following_the_recent_Russian_actions_in_the_Caucasus,_have_now_come_to_full_eruption._An_angry_mob_has_gathered_at_the_Russian_Legation_demanding_the_return_of_the_eunuch.\n\nEncouraged_by_opportunistic_mullahs,_the_calls_for_the_return_of_the_Eunuch_are_growing_ever_more_radical,_and_the_situation_is_quickly_spiraling_out_of_control..._Forcing_the_Envoy_to_hand_over_the_eunuch_would_satisfy_the_crowd,_but_also_anger_the_Russians._Dispersing_the_crowd_on_the_other_hand_would_mean_accepting_this_affront_to_our_honor...;;;;;;;;;;;;;
EVTNAME301021;Incident at the Tehran Legation;;;;;;;;;;;;;
EVTDESC301021;One_hour,_that_is_how_long_they_lasted._Alexander_Griboyedov_and_his_brave_Cossack_guards._One_hour,_in_full_uniform,_before_the_mob_broke_through_the_ceiling_and_slaughtered_all_of_them._Fighting_with_pistol,_sword,_broomstick,_anything,_they_held_bravely._All_the_while_the_Persian_authorities_watched._Thrown_from_the_window,_decapitated,_dragged_through_the_streets_and_bazaars..._Griboyedov's_head_put_on_display_at_a_local_kebab_place,_his_body_identifiable_only_through_a_small_dueling_injury_to_his_finger..._And_what_did_Alexander_Griboyedov_do_to_deserve_this?_He_rightfully_protected_an_Armenian_eunuch_and_two_Georgian_girls_who_wished_to_escape_the_imperial_harem_and_move_to_freedom_in_Armenia.;;;;;;;;;;;;;
EVTNAME301022;The Death of Alexander Griboyedov;;;;;;;;;;;;;
EVTDESC301022;Yes,_the_storming_of_the_Russian_legation_and_decapitation_of_the_Russian_envoy_was_an_unfortunate_incident,_but_not_unjustified._When_Alexander_Griboyedov_refused_to_hand_over_the_eunuch_and_the_girls,_it_was_quite_clear_something_was_up._Fearing_for_the_honor_of_the_women,_the_mob_stormed_the_embassy_to_free_and_protect_them._And_loo_and_behold,_they_found_them,_raped_by_Griboyedov._What_was_the_crowd_to_do_but_execute_Griboyedov_publicly?_Yet_the_Russians_are_screaming_murder,_and_are_demanding_retribution_for_his_death!;;;;;;;;;;;;;
EVTNAME301023; ;;;;;;;;;;;;;
EVTDESC301023;Yes,_storming_of_the_Russian_legation_and_the_decapitation_of_the_Russian_envoy_was_an_unfortunate_incident,_but_not_unjustified._When_Alexander_Griboyedov_refused_to_hand_over_the_eunuch_and_the_girls,_it_was_quite_clear_something_was_up._Fearing_for_the_honor_of_the_women,_the_mob_stormed_the_embassy_to_free_and_protect_them._And_loo_and_behold,_they_found_them,_raped_by_Griboyedov._What_was_the_crowd_to_do_but_execute_Griboyedov_publicly?_Yet_the_Russians_are_screaming_murder,_and_are_preparing_their_soldiers_on_our_border...;;;;;;;;;;;;;
EVTNAME301024;A Cleaning in Tehran;;;;;;;;;;;;;
EVTDESC301024;Fearful_of_what_we_might_do_to_in_retribution_for_the_murder_of_Alexander_Griboyedov,_the_Shah_has_unleashed_his_wrath_on_those_responsible_for_his_murder._The_ordinary_citizenry,_the_mullahs,_even_his_own_advisers,_none_were_safe._This_has_done_much_to_wipe_out_the_anti-Russian_establishment,_yet_without_this_power_base,_it_also_left_the_Shah_vulnerable._Surely_his_weakened_position_has_created_an_opportunity_to_strengthen_our_influence_in_at_his_court?;;;;;;;;;;;;;
EVTNAME301025;The Shah Diamond;;;;;;;;;;;;;
EVTDESC301025;An_unexpected_guest_arrived_at_court_today:_the_grandson_of_the_Shah_himself!_And_he_comes_baring_gifts._88.7_carats_worth_of_gifts:_the_Shah_Diamond._Taken_as_a_war_trophy_by_the_Persians_almost_100_years_ago,_it_is_one_of_the_most_treasured_heirlooms_of_the_Persian_court._And_today_it_is_offered_as_a_sincere_apology_for_the_events_surrounding_the_Tehran_legation,_should_we_choose_to_forget_that_unfortunate_incident.;;;;;;;;;;;;;
EVTNAME301026;A Defiant Persia;;;;;;;;;;;;;
EVTDESC301026;The_Persians_have_defiantly_rejected_every_approach_and_offer_we_tried_to_make_to_settle_the_issues_surrounding_the_death_of_Alexander_Griboyedov.;;;;;;;;;;;;;
EVTNAME301027;A Russian Advisor;;;;;;;;;;;;;
EVTDESC301027;The_Russians_have_expressed_their_approval_of_our_swift_action_in_bringing_the_perpetrators_of_the_murder_of_Alexander_Griboyedov_to_justice_and_cleaning_out_the_anti-Russian_sentiment_oh_so_prevalent_in_Tehran_recently._Even_going_as_far_as_graciously_offering_material_and_technical_assistance_to_strengthen_our_administration,_should_we_so_desire.;;;;;;;;;;;;;
EVTNAME301028;The End to the Legation Crisis;;;;;;;;;;;;;
EVTDESC301028;The_Russians_have_accepted_our_efforts_to_right_the_wrongs_of_Alexander_Griboyedov's_death.;;;;;;;;;;;;;
EVTNAME301029;The Persian Mission;;;;;;;;;;;;;
EVTDESC301029;The_Persians_have_agreed_to_our_proposal_to_sent_Russian_advisers.;;;;;;;;;;;;;
EVTNAME301030;A Concession?;;;;;;;;;;;;;
EVTDESC301030;Our_response_to_the_vicious_murder_of_Alexander_Griboyedov_has_rattled_the_Shah._Fearful_of_what_we_might_do,_he_has_offered_us_sweeping_economic_influence_in_Azerbaijan,_if_we_are_willing_to_come_to_terms_with_the_death_of_Griboyedov_and_forget_about_all_about_this_nasty_event...;;;;;;;;;;;;;
EVTNAME301031; ;;;;;;;;;;;;;
EVTDESC301031;The_incident_at_the_Russian_Legation_had_quickly_spiraled_out_of_control_when_the_mob_stormed_the_building_and_found_that_the_envoy,_Alexander_Griboyedov,_had_raped_the_women_who_had_sought_refuge_at_the_Legation._The_crowd,_enraged_by_what_they_found,_quickly_took_Griboyedov_outside_and_publicly_executed_him._An_unfortunate,_but_not_unjustified,_act._The_Russians_might,_however,_have_viewed_this_attack_on_their_legal_representative_differently,_perhaps_even_angrily._For_weeks_we_have_waited_on_a_Russian_response,_yet_none_has_come._Not_even_a_rider_with_an_official_message.\nPerhaps_the_Russians_aren't_as_fearsome_as_we_thought?;;;;;;;;;;;;;
EVTNAME301032;A Persian Adventure;;;;;;;;;;;;;
EVTDESC301032;The_Shah_of_Persia_has_found_himself_in_somewhat_of_a_pickle_after_a_rousey_rabble_stormed_the_Russian_Legation_in_Tehran_and_killed_the_envoy_Alexander_Griboyedov._Apparently_Griboyedov_stuck_his_head_in_some_nasty_business_involving_an_eunuch_and_two_former_harem_girls,_and_the_Persians_did_not_take_kindly_to_this._Decapitated,_body_mutilated,_head_found_on_display_at_a_local_kebab_place,_just_terrible._The_Russians_are,_understandably,_somewhat_upset_about_this,_and_are_threatening_war_to_avenge_Griboyedov._The_Shah,_not_one_to_risk_losing_another_war_to_Russia,_has_appealed_to_us_for_protection.;;;;;;;;;;;;;
EVTNAME301034;British Support;;;;;;;;;;;;;
EVTDESC301034;The_British_seem_very_inclined_to_support_us_in_our_confrontation_with_the_Russians.;;;;;;;;;;;;;
EVTNAME301035;British Rejection;;;;;;;;;;;;;
EVTDESC301035;The_British_do_not_seem_to_be_inclined_to_help_us_against_should_the_Russians_decided_to_avenge_Griboyedov.;;;;;;;;;;;;;
EVTNAME301036;The Russian Hunger;;;;;;;;;;;;;
EVTDESC301036;Despite_our_most_best_efforts,_the_Russians_have_rejected_all_our_approaches_peacefully_settle_the_issues_surrounding_the_storming_of_the_Legation_and_the_unfortunate_death_of_Alexander_Griboyedov._It_seems_nothing_will_stop_the_insatiable_Russian_hunger_except_land...;;;;;;;;;;;;;
EVTNAME301037;A Land Deal?;;;;;;;;;;;;;
EVTDESC301037;Our_response_to_the_vicious_murder_of_Alexander_Griboyedov_has_rattled_the_Shah._If_we_are_willing_to_forget_this_whole_situation,_he_is_willing_to_come_to_terms_with_a_modest_loss_of_land...;;;;;;;;;;;;;
EVTNAME301040;A Turkish Adventure;;;;;;;;;;;;;
EVTDESC301040;The_nature_of_the_Ottoman_border_has_always_led_it_to_be_a_source_of_friction_between_our_empires._While_officially_the_border_was_demarked_by_the_Treaty_of_Zuhab,_the_tribes_on_both_sides_of_the_border_have_little_regard_for_this_border._They_regularly_migrate_across_it,_and_play_governors_off_each_other_to_assert_their_independence.\nTensions_have_now_reached_a_boiling_point:_A_high_ranking_Turkish_officer_from_Baghdad,_who_had_sought_refugee_at_our_court,_was,_together_with_some_of_our_officers,_kidnapped_and_beheaded_by_the_Ottomans._While_at_the_same_time_the_governor_of_Van_has_been_instigating_rebellion_among_the_Azeri_tribes_along_the_border._Lastly,_we_should_not_forget_the_Wahabis_raiding_our_pilgrims_to_Mecca_and_Karbala,_something_the_Ottomans_are_not_combating_and_sometimes_engaging_in_themselves.\nShould_we_decided_to_press_the_issue,_the_Russian_Tsar_has_promised_his_support.;;;;;;;;;;;;;
EVTNAME301041;The Persian War;;;;;;;;;;;;;
EVTDESC301041;The_nature_of_the_Persian_border_has_always_led_it_to_be_a_source_of_friction_between_our_empires._While_officially_the_border_was_demarked_by_the_Treaty_of_Zuhab,_the_tribes_on_both_sides_of_the_border_have_little_regard_for_this_border._They_regularly_migrate_across_it,_and_play_governors_off_each_other_to_assert_their_independence.\n\nTensions_had_been_running_high_for_some_time_now._The_Persians_have_openly_been_supporting_Kurdish_tribes_raiding_our_provinces,_allowing_them_to_cross_into_Persia_for_safety._At_the_same_time_they_provide_refugee_to_prominent_opponents_of_our_rule_in_the_east.\nThe_Persians_now_cite_the_retrieval_of_one_of_these_dissidents,_as_well_as_mistreatment_of_Shi'a_pilgrims_to_Karbala_and_Mecca,_as_reason_for_war!;;;;;;;;;;;;;
EVTNAME301042;The Treaty of Erzurum;;;;;;;;;;;;;
EVTDESC301042;The_war_with_the_Ottomans_has_been_ongoing_for_some_time_now_with_no_end_in_sight._A_treaty_to_end_the_war_has_been_drawn_up._To_prevent_future_conflict_the_terms_of_the_treaty_include_no_territorial_changes._The_movement_of_tribes_along_the_border_is_to_be_regulated_and,_pledging_non-interference_in_one_another's_internal_affairs,_neither_side_will_grant_political_asylum_to_their_opponents_respective_dissidents.;;;;;;;;;;;;;
EVTDESC301043;The_war_with_the_Persians_has_been_ongoing_for_some_time_now_with_no_end_in_sight._A_treaty_to_end_the_war_has_been_drawn_up._To_prevent_future_conflict_the_terms_of_the_treaty_include_no_territorial_changes._The_movement_of_tribes_along_the_border_is_to_be_regulated_and,_pledging_non-interference_in_one_another's_internal_affairs,_neither_side_will_grant_political_asylum_to_their_opponents_respective_dissidents.;;;;;;;;;;;;;
EVTDESC301044;The_Ottomans_have_accepted_the_terms_of_the_Treaty_of_Erzurum.;;;;;;;;;;;;;
EVTDESC301045;The_Ottomans_have_repudiated_the_terms_of_the_Treaty_of_Erzurum.;;;;;;;;;;;;;
EVTNAME301053;Treaty of Tiflis ;;;;;;;;;;;;;
EVTDESC301053;'Caucasus!_Bow_down_your_snowy_head.\nSubmit!_Yermolov_Marches!'_-_Pushkin\n\nThe_Treaty_of_Gulistan_was_supposed_to_end_the_struggle_over_the_Caucasus_between_the_Russian_Empire_and_us._However_tensions_remain_high_as_ever,_and_peace_is_bought_at_a_bloody_price_as_Russian_Viceroy_Yermolov_employs_a_reign_of_terror_to_subdue_the_Caucasian_tribes._Yet_that_is_not_the_only_source_of_tension:_Yermolov_accuses_us_of_not_fulfilling_the_territorial_clauses_of_the_Treaty,_claiming_Kapan_belongs_to_Russia._Of_course,_it_does_not,_but_he_has_occupied_the_northern_shore_of_lake_Gokcha_-a_position_from_where_he_can_threaten_Erivan-_to_force_us_to_the_negotiation_table._How_should_we_respond?;;;;;;;;;;;;;
EVTNAME301054; ;;;;;;;;;;;;;
EVTDESC301054;The_Treaty_of_Gulistan_was_supposed_to_settle_the_conflict_over_the_Caucasus_between_us_and_the_Persians,_and_bring_peace_and_stability_to_the_region._Yet_everyday_new_reports_of_uprising,_massacres_and_general_nastiness_come_in._Unfortunately_we_must_conclude_that_the_Persians_have_failed_to_abide_by_the_treaty,_and_we_suspect_they_actively_support_the_rebels.\nBy_pressuring_the_Persians_governor_Yermolov_has_managed_to_abide_by_at_least_one_article_of_the_treaty:_The_Persians_have_evacuated_the_region_around_Kapan_and_seceded_control_to_us.;;;;;;;;;;;;;
EVTNAME301055; ;;;;;;;;;;;;;
EVTDESC301055;The_Treaty_of_Gulistan_was_supposed_to_settle_the_conflict_over_the_Caucasus_between_us_and_the_Persians,_and_bring_peace_and_stability_to_the_region._Yet_everyday_new_reports_of_uprising,_massacres_and_general_nastiness_come_in._Unfortunately_we_must_conclude_that_the_Persians_have_failed_to_abide_by_the_treaty,_and_we_suspect_they_actively_support_the_rebels.\nUnder_the_Treaty_of_Gulistan_the_region_around_Kapan_was_to_be_seded_to_us_by_the_Persians,_yet_nothing_could_motivate_the_Persians_to_evacuate_the_region._In_a_bold_move,_the_governor_of_Tiflis_Yermolov_has_now_seized_the_northern_shore_of_Lake_Gokcha_[Gyumri]_as_just_compensation_for_the_territory_we_lost.;;;;;;;;;;;;;
EVTNAME301056;The Russo-Persian War;;;;;;;;;;;;;
EVTDESC301056;Given_the_unwillingness_of_the_Persians_to_fulfill_their_obligations_under_the_Treaty_of_Gulistan,_it_should_come_as_no_surprise_that_the_situation_in_the_Caucasus_would_devolve_into_war_at_one_point_or_another._It_seems_that_we_have_arrived_at_that_one_point!;;;;;;;;;;;;;
EVTNAME301057;The Council of Sultanieh;;;;;;;;;;;;;
EVTDESC301057;The_regular_council_at_Sultanieh_-the_Shah's_summer_residence-_is_promising_to_turn_into_a_historic_gathering_this_year._Yermolov,_claiming_we_have_failed_in_our_obligation_to_evacuate_Kapan,_continues_to_press_our_northern_border._Now_he_has_seized_control_over_more_territory_around_Lake_Gokcha,_and_is_now_in_a_position_to_directly_threaten_Erivan._Yet_this_aggressive_action_belies_the_truth_of_the_Russian's_situation:_Their_empire_is_at_the_verge_of_civil_war,_with_Russian_princes_are_at_each_other's_throats,_fighting_for_the_throne._There_are_those_who_say_the_time_to_strike_Russians_is_now:_To_avenge_the_continued_humiliations_the_Russians_subject_us_too_and_liberate_our_Muslim_brethren_from_Yermolov's_oppression!_Yet_there_are_also_those_who_argue_caution,_that_the_Russians_are_not_to_be_underestimated,_and_that_we_should_seek_an_accommodation_with_them.;;;;;;;;;;;;;
EVTNAME301058;Dispatches from the Caucasus;;;;;;;;;;;;;
EVTDESC301058;The_regular_council_at_Sultanieh_-the_Shah's_summer_residence-_is_rapidly_turning_into_a_momentous_occasion._The_Russians_have_pressed_their_claim_and_assumed_control_over_the_Kapan_region._Yet_this_aggressive_action_belies_the_truth_of_the_Russian_situation:_Their_empire_is_at_the_verge_of_civil_war,_with_Russian_princes_are_at_each_other's_throats,_fighting_for_the_throne._There_are_those_who_say_the_time_to_strike_the_Russians_is_now:_To_avenge_the_continued_humiliations_the_Russians_subject_us_too_and_liberate_our_Muslim_brethren_from_Yermolov's_oppression!_Yet_there_are_also_those_who_argue_caution,_that_the_Russians_are_not_to_be_underestimated,_and_that_as_such_we_should_seek_an_accommodation_with_them.;;;;;;;;;;;;;
EVTNAME301059; ;;;;;;;;;;;;;
EVTDESC301059;The_Council_of_Sultanieh_-the_yearly_army_army_review_and_the_opportunity_to_pay_homage_to_the_Persian_Shah-_was_quite_an_eventful_occasion_this_year._Wild_voices_were_pushing_for_war,_to_restore_the_Persian_Empire_in_the_Caucasus_and,_by_radical_fanatics_-the_ulama-_in_specific,_to_avenge_the_'atrocities'_commit_against_the_peoples_of_the_Caucasus._Yet_we_also_had_allies_at_court_arguing_for_restraint_and_the_futility_of_war_against_us._In_the_end,_however,_the_deciding_voice_was_our_emissary_who_managed_to_convince_the_Shah_that_there_was_no_ill_will_on_our_part._His_audience_with_the_Shah_was_even_so_successful,_that_the_Shah_has_resorted_to_settling_some_minor_border_disputes_around_$PROVINCENAME$.;;;;;;;;;;;;;
EVTNAME301060;No Peace, No War;;;;;;;;;;;;;
EVTDESC301060;Yermolov_is_making_outrages_accusation_to_our_address:_He_purported_to_have_intercepted_a_caravan_leaving_Erivan_carrying_silver_and_arms_for_the_Caucasians_fighting_their_Russian_oppressors._He_claims_that_these_actions_were_directed_by_Abbas_Mirza_under_a_policy_of_'no_peace,_no_war',_which_aims_to_strengthen_Mirza's_position_as_crown_prince_by_stirring_up_trouble_for_the_Russians_in_the_Caucasus._Yermolov_is_demanding_the_right_to_build_military_posts_on_the_road_from_Tabriz_to_Erivan_to_intercept_future_shipments_of_arms_destined_for_the_rebels.;;;;;;;;;;;;;
EVTNAME301061; ;;;;;;;;;;;;;
EVTDESC301061;Long_have_we_suspected_the_court_of_Tabriz_of_stirring_up_trouble_in_the_Caucasus_under_a_policy_of_'no_peace,_no_war'_in_order_to_strengthen_Abbas_Mirza's_claim_to_the_Persian_throne._And_recently_we_finally_found_the_evidence_we_need:_A_caravan_leaving_from_Erivan_carrying_Persian_silver_and_arms_destined_for_the_Caucasian_rebels._Viceroy_Yermolov_has_now_moved_to_quickly_block_the_road_from_Tabriz_to_prevent_future_shipments!\n[You_gained_Nakhichevan];;;;;;;;;;;;;
EVTNAME301062;The Khanate of Erivan;;;;;;;;;;;;;
EVTDESC301062;Yermolov_has_used_his_positions_in_Nakhichevan_to_close_off_all_lines_of_communication_between_Tabriz_and_Erivan._It_is_now_effectively_cut_off_from_our_empire!_As_for_the_motivation_for_Yermolov_to_do_so?_We_can_only_guess...;;;;;;;;;;;;;
EVTDESC301063;Despite_out_best_efforts_to_find_an_amicable_settlement_in_the_Caucasus,_the_Persians_persist_in_trying_to_undermine_our_position_there._Even_more_evidence_has_emerged_detailing_the_involvement_of_Tabriz_and_Erivan_in_the_war._As_a_result,_Viceroy_Yermolov_has_now_blockaded_Erivan_to_force_them_into_submission,_and_end_their_support_for_the_rebels._The_Shah_has_made_it_known_to_us_that_he_had_no_knowledge_of_the_involvement_of_Erivan_in_the_affair,_and_leaves_it_to_us_how_to_settle_the_matter_with_the_court_of_Erivan.;;;;;;;;;;;;;
EVTNAME301070;The Treaty of Turkmenchay;;;;;;;;;;;;;
EVTDESC301070;With_the_defeat_of_Persia's_armies_in_the_Caucasus,_Russia_forced_a_humiliating_peace_upon_the_Shah._Persia_conceded_control_of_all_of_its_Caucasian_lands_to_Russia,_as_well_as_formally_renouncing_its_claims_to_Armenia_and_Azerbaijan.;;;;;;;;;;;;;
EVTNAME301071;The Treaty of Erivan;;;;;;;;;;;;;
EVTDESC301071;We_have_wrested_the_Azeri_khanates_from_Russia's_control_and_can_re-establish_Persian_rule_in_the_southern_Caucasus._This_is_a_proud_day_for_Persia!;;;;;;;;;;;;;
EVTNAME301072;An Opportunity;;;;;;;;;;;;;
EVTDESC301072;The_Persian_state_was,_at_this_time,_a_extremely_decentralized_state_akin_to_the_feudal_states_of_Europe,_with_local_lords_controlling_their_own_lands,_raising_their_own_taxes_and_maintain_their_own_armies._Only_a_nominal_sort_of_recognition_was_extended_to_the_Shah,_and_in_times_of_weakness_rebellions_could_spring_up.\n\nThe_recent_sorry_show_of_the_Shah_in_the_Caucasus_is_an_indication_of_his_weakness,_perhaps_it_is_time_to_assert_our_independence?;;;;;;;;;;;;;
EVTNAME301073;The $FROMCOUNTRY$ Rebellion of $YEAR$;;;;;;;;;;;;;
EVTDESC301073;Control_over_the_outlying_regions_been_more_nominal_than_real,_with_local_maintain_their_own_de_facto_independence_and_only_begrudgingly_accepting_our_overlordship._Any_sign_of_weakness_could_be_a_trigger_for_our_nobles_to_turn_against_and_try_and_establish_their_own_state.\n\nOur_recent_poor_showing_in_the_Caucasus_has_given_rise_for_the_rulers_of_$FROMCOUNTRY$_to_declare_their_independence_from_us!;;;;;;;;;;;;;
EVTNAME301074;Reclaim the land!;;;;;;;;;;;;;
EVTDESC301074;AI_EVENT,_YOU_SHOULDN'T_BE_SEEING_ME;;;;;;;;;;;;;
EVTNAME301110;Rioting in $PROVINCENAME$;;;;;;;;;;;;;
EVTDESC301110;$PROVINCENAME$_has_turned_into_a_powderkeg_due_to_the_blundering_of_a_local_magistrate:_An_Armenian_man,_who_was_accused_of_raping_a_young_boy,_was_released_on_account_of_his_connection_to_the_Russian_legation,_and,_in_a_surprise_turnaround,_those_who_had_apprehended_him_were_arrested_on_charges_of_killing_the_consul's_dog...\n\nOpportunistic_Ulama_have_taken_this_to_incite_anti-Christian_riots,_and_a_crowd_has_now_gathered_at_the_arg_[citadel]_to_demand_redress_for_this_'unjust_treatment_of_Muslims'...;;;;;;;;;;;;;
EVTNAME301111;Incident at the $FROMPROVINCE$ Legation;;;;;;;;;;;;;
EVTDESC301111;The_$FROMPROVINCE$_Legation_has_found_itself_in_a_rather_tight_spot:_following_the_release_of_a_local_Armenian_in_our_employ_and_the_subsequent_arrest_-apparently_on_charges_of_killing_our_consul's_dog-_of_those_who_had_brought_the_Armenian_in,_major_rioting_erupted_in_$FROMPROVINCE$_threatening_the_property_and_lives_of_all_Christians_and_Westerners_in_the_city._The_$FROMPROVINCE$_governor_seems_totally_uninterested_in_quelling_the_riots,_instead_delivering_the_-rather_blunt-_note_concerning_to_the_legation:\n'Give_up_the_servant_who_violated_the_boy_and_I_will_stop_the_row.';;;;;;;;;;;;;
EVTNAME301112;Justice!;;;;;;;;;;;;;
EVTDESC301112;We_received_word_from_the_$FROMCOUNTRY_ADJ$_envoy_that_they_have,_in_the_interest_of_justice,_removed_the_offending_Armenian_from_the_legation's_payroll,_and_will_be_handed_over_to_the_$PROVINCENAME$i_magistrate_to_stand_trial_on_the_earliest_convenience.;;;;;;;;;;;;;
EVTNAME301113;The Second Legation Crisis;;;;;;;;;;;;;
EVTDESC301113;'Nuts!'_That_is_the_response_of_the_Russian_consul_to_our_not_unreasonable_request_to_try_the_Armenian_who_violated_the_young_$PROVINCENAME$i_boy._This_response_has_not_be_helpful_in_quelling_public_anger_and,_encouraged_by_the_same_militant_Ulama,_$PROVINCENAME$_is_now_on_the_verge_of_a_general_uprising...;;;;;;;;;;;;;
EVTNAME301114;$FROMPROVINCE$ Riots Quelled!;;;;;;;;;;;;;
EVTDESC301114;'Nothing_could_possibly_exceed_his_gallant_conduct_and_anxiety_and_exertion_to_quell_the_disturbances,_and_especially_to_prevent_the_mob_from_approaching_this_consulate_and_the_houses_of_British_subject._He_visited_them_all_several_times_during_the_day,_and_at_night_called_to_satisfy_himself_that_the_guards_were_alert._'_-British_consul_in_$FROMPROVINCE$_on_the_performance_of_the_local_garrison_commander.\n\nThe_$FROMCOUNTRY_ADJ$_have_prudently_decided_to_quell_the_unrest_in_$FROMPROVINCE$_by_sending_in_the_garrison,_rather_than_seek_a_confrontation_with_us._Note_should_be_given_to_the_$PROVINCENAME$i_garrison_commander_who_excelled_himself_in_his_diligence_in_protecting_the_foreign_and_Christian_inhabitants_of_the_city.;;;;;;;;;;;;;
EVTNAME301115;Storming of the $FROMPROVINCE$ Legation;;;;;;;;;;;;;
EVTDESC301115;Earlier_this_century_our_consul_in_Tehran_was_brutally_murdered_on_trumped_up_rape_charges,_after_he_offered_protection_to_an_Armenian_and_his_family_who_wished_to_move_to_our_Empire._Today_we_received_word_that_the_our_$FROMPROVINCE$_legation_was_again_violated_as_the_$FROMCOUNTRY_ADJ$s_sought_to_subject_the_Armenian_to_their_own_'justice'._Once_more_the_Cossack_guards_fought_bravely,_and_once_more_they_succumbed_to_the_vile_heap_massed_against_them!;;;;;;;;;;;;;
EVTNAME301116;Another $FROMCOUNTRY_ADJ$ War...;;;;;;;;;;;;;
EVTDESC301116;The_$FROMCOUNTRY_ADJ$s_have_not_taken_kindly_to_us_forcing_our_way_into_the_$PROVINCENAME$_legation:_they_have_declared_war,_and_simultaneously_the_Western_nations_have_declared_their_disapproval_of_our_actions...;;;;;;;;;;;;;
EVTNAME301117;All Quiet on the Northern Front;;;;;;;;;;;;;
EVTDESC301117;The_incident_at_the_$PROVINCENAME$_Legation_and_our_forceful_securing_of_the_offending_Armenian_could_have_easily_been_viewed_as_cause_for_war_by_the_$FROMCOUNTRY_ADJ$s._Yet_for_weeks_we_have_waited_on_a_$FROMCOUNTRY_ADJ$_response,_and_none_has_come._Not_even_a_rider_with_an_official_message.;;;;;;;;;;;;;
EVTNEWS190300_title;The New Faith;;;;;;;;;;;;;
EVTNEWS190300_short;A new faith is rapidly gaining ground in Persia. Promulgated by a man calling himself 'the Bab', it proclaims that the Qa'im, the redeemer, has arrived on Earth.;;;;;;;;;;;;;
EVTNEWS190300_medium;Proclaiming that the Qa'im, the Redeemer, has returned to Earth, the 'Bab's' teachings are rapidly gaining ground in Persia. Claiming divine inspiration, the Bab has set about renewing and reinterpreting the Shia faith of Persia, much to the chagrin of the conservative clergy.;;;;;;;;;;;;;
EVTNEWS190300_long;Claiming that he is the gateway to the Qa'im, redeemer of the world, the so called Bab is rapidly gaining followers for his radical new take on the Islamic faith. Doing away with old certainties and replacing them with new interpretations, much to the chagrin of the conservative clergy. The Bab is so far removed from the established faith that the ulama have now called upon the Shah to try him for apostasy, a crime which carries the death penalty.;;;;;;;;;;;;;
EVTNEWS190340_short;After a failed assassination attempt on the Shah of Persia, dozens of Babi converts were brutally executed while many more have disappeared into the deep dungeons.;;;;;;;;;;;;;
EVTNEWS190340_medium;After a failed assassination attempt while out hunting, the Shah of Persia has unleashed his wrath on those of the Babi faith responsible. Dozens have been executed in the most gruesome way imaginable while hundreds more have disappeared into the deep dungeons.;;;;;;;;;;;;;
EVTNEWS190340_long;Following a failed assassination attempt while out hunting partridges, the Shah of Persia has unleashed his faith community of those responsible: the Babi's. The brutal crackdown has resulted in dozens being executing by the most heinous of methods, a few by the method of sham'ajin - holes drilled into his body to hold candles in a celebration of the Shah's survival before being cleaved in half - while many more have been relegated to the darkest dungeons.;;;;;;;;;;;;;
EVTNEWS190309_title;Persian Tobacco Monopoly;;;;;;;;;;;;;
EVTNEWS190309_short;Led by religious clergy and the merchant classes, Persia is experiencing a popular uprising against the Tobacco Regie: The foreign owner tobacco monopoly.;;;;;;;;;;;;;
EVTNEWS190309_medium;A popular uprising in Persia against the foreign owned Tobacco Regie which has monopolized the market. Despite a recent arrival to Persia, it has become thoroughly ingrained in local culture. The protests hope to compel the abolition of the Regie.;;;;;;;;;;;;;
EVTNEWS190309_long;Persian clergy have interdicted the use of tobacco, with the view of compelling the abolition of the Tobacco Regie, regarding exports as well as interior trade. They also clamor for the expulsion of the members of the tobacco corporation. Yesterday a riotous mob assembled at the Shah's palace to demand satisfaction. The Shah's son, also minister of war, failed to pacify the mob, and a detachment of troops was then ordered to disperse the rioters. Several persons were killed in the encounter. The feeling of alarm is yet to subside.;;;;;;;;;;;;;
EVTNEWS190319_short;Two years of drought have conspired to cause a terrible famine in $COUNTRY$. As bread prices increase many fold, the populace is left starving.;;;;;;;;;;;;;
EVTNEWS190319_medium;Two years of drought have conspired to cause a terrible famine in $COUNTRY$. As bread prices increase many fold, the desperate populace is left eating cats, dogs, rats or grass. Either that or face starvation.;;;;;;;;;;;;;
EVTNEWS190319_long;Two years of drought have conspired to cause a terrible famine in $COUNTRY$. As bread prices doubled in Tehran and increased many fold in the country side, the population is left eating cats, dogs, rats, or grass. All the while the rich landowners hoard their grain supply, even purposely disrupt relieve supplies, to increase the value of their stock. Even the profitable grain shipments to India haven't been halted. And all the while the poor populace starves to death.;;;;;;;;;;;;;
EVTNEWS190322_title;A New Religion from India;;;;;;;;;;;;;
EVTNEWS190322_short;A new religious movement has emerged in India. Founded when Mirza Ghulam Ahmad proclaimed himself the renewer of the Islamic faith. The Ahmaddiyya now believe him to be messiah.;;;;;;;;;;;;;
EVTNEWS190322_medium;A new religious movement is gaining ground in India. Founded when Mirza Ghulam Ahmad proclaimed himself the renewer of the Islamic faith. The Ahmaddiyya now believe him to be Messiah. The Indian religious authorities are less than impressed of his claims.;;;;;;;;;;;;;
EVTNEWS190322_long;A new religious movement is gaining ground in India. Founded by Mirza Ghulam Ahmad when he proclaimed himself the promised -once a century- renewer of the Islamic faith. However his followers, the Ahmaddiyya, have now come to believe that he is the Islamic Mahdi, the promised Messiah, sent to rid the world of evil. The Indian religious authorities are, however, less than impressed of his claims. They have proclaimed his believes beliefs blasphemous and tantamount to apostasy.;;;;;;;;;;;;;
EVTNEWS190359_short;The women in Tehran have taken to the streets protesting their unequal treatment. In protest they have taken off the veil, the item of clothing making them invisible in normal life.;;;;;;;;;;;;;
EVTNEWS190359_medium;The women of $COUNTRY$ have long been relegated to secondary citizen status by Islamic tradition. Protesting their treatment, the women of Tehran have taken to the streets and removed the veil: the Islamic item of clothing symbolizing their oppression.;;;;;;;;;;;;;
EVTNEWS190359_long;Under Islamic law it is forbidden for women to interact with, or be seen by, unrelated males. This has reduced the domain of Muslim women to that of the home, while on the streets they are forced to wrap themselves 'in black bags from head to the toe without even an opening to breathe.' Protesting their unequal treatment, the women of Tehran have now taken to the streets and removed the veil: the symbol of their oppression.;;;;;;;;;;;;;
NEWS_reclaim_abbas_short;$COUNTRY$ has taken possession of the port city of Bandar Abbas after Oman fails to meet her obligations under their lease treaty. The city had been ceded to Oman in the late 18th century.;;;;;;;;;;;;;
NEWS_reclaim_abbas_medium;Changing political circumstances in the Persian Gulf region cause $COUNTRY$ to retake possession of the port city of Bandar Abbas. The city had been ceded to Oman in the late 18th century, although the treaty was renewed under more stringent terms recently.;;;;;;;;;;;;;
NEWS_reclaim_abbas_long;Changing political and economic circumstances in the Persia Gulf region cause $COUNTRY$ to retake possession of the port city of Bandar Abbas. This strategic city on the Strait of Hormuz was ceded to Oman in the late 18th century, although after the split of sultanate $COUNTRY$ managed to renegotiate the lease on more favorable terms. Oman has failed to meet these terms and the territory has reverted to $COUNTRY$.;;;;;;;;;;;;;
NEWS_EVTNAME301000_title;Rumblings in Kurdistan;;;;;;;;;;;;;
NEWS_EVTDESC301000_short;A good deal of restlessness is reported in Kurdistan as bandits and rebels assert themselves in the wake of the recent $COUNTRY_ADJ$ military defeats and subsequent power vacuum.;;;;;;;;;;;;;
NEWS_EVTDESC301000_medium;Banditry and restlessness is on the rise in Kurdistan as the recent $COUNTRY_ADJ$ military defeats. Lacking any government or authority worthy of the name, local chieftains have filled the gap and are reported to be expanding their power bases, possibly eyeing independence.;;;;;;;;;;;;;
NEWS_EVTDESC301000_long;Insurgent Kurds depredations on government outposts and towns are becoming increasingly widespread in Kurdistan. Benefiting from the recent $COUNTRY_ADJ$ military defeats, the local chieftains have been able to exploit the subsequent the lawlessness and disorder to expand their power base. Without there being anything worthy of the name $COUNTRY_ADJ$ government or authority in the border lands, it would seem independence is not far off.;;;;;;;;;;;;;
NEWS_EVTNAME301008_title;$COUNTRY$ Moves on Turkestan!;;;;;;;;;;;;;
NEWS_EVTDESC301008_short;British alarmed as $FROMCOUNTRY$ is forced to sign humiliating treaty ceding all territory and claims north of the Atreck River to $COUNTRY$.;;;;;;;;;;;;;
NEWS_EVTDESC301008_medium;The British Foreign Office has expressed its concern over the recent developments in Central Asia. In a major diplomatic victory, $COUNTRY$ has forced $FROMCOUNTRY$ to relinquish all territories and claims north of the Atreck River, bringing them to the doorstep of India.;;;;;;;;;;;;;
NEWS_EVTDESC301008_long;In a stunning diplomatic victory, the humiliated $FROMCOUNTRY_ADJ$s have been forced to relinquish all territories and claims north of the Atreck river to $COUNTRY$. A brazen move which has solidified $COUNTRY$s hold over Central Asia and brought them to the doorstep of India. The $COUNTRY_ADJ$ expansion, however, has not gone unnoticed in the British Foreign Office.;;;;;;;;;;;;;
NEWS_EVTDESC301009_short;War has only narrowly been avoided as tensions flare up between $COUNTRY$ and $FROMCOUNTRY$ over control of Central Asia.;;;;;;;;;;;;;
NEWS_EVTDESC301009_medium;In a major diplomatic victory, $COUNTRY$ has forced $FROMCOUNTRY$ to sign a humiliating treaty. Under the treaty of Akhal $FROMCOUNTRY$ relinquishes all rights and territories north of the Atreck river. The British Foreign Office has reacted with alarm.;;;;;;;;;;;;;
NEWS_EVTDESC301009_long;While the relations have been amicable, though perhaps not friendly, a confrontation between $COUNTRY_ADJ$s and $FROMCOUNTRY$ over Central Asia was all but inevitable: As $FROMCOUNTRY_ADJ$'s influence wanes in Central Asia, $COUNTRY$'s penetrates ever deeper. In an effort to clearly delineate their respective sphere's of influence, the $COUNTRY_ADJ$s proposed the Atreck River as the common border. An humiliating and unacceptable territorial concession to the $COUNTRY_ADJ$s. Only severe pressure and the threat of war, managed to change the $FROMCOUNTRY_ADJ$s mind.;;;;;;;;;;;;;
NEWS_EVTNAME301010_title;The Akhal Crisis;;;;;;;;;;;;;
NEWS_EVTDESC301010_short;Tensions flare up between $COUNTRY$ and $FROMCOUNTRY$ as negotiations to delineate the common border break down. War is all but assured.;;;;;;;;;;;;;
NEWS_EVTDESC301010_medium;Tensions are running high between $COUNTRY$ and $FROMCOUNTRY$ as negotiations to delineate the common border break down. It would seem $FROMCOUNTRY$ is defiant in the face of overwhelming $COUNTRY_ADJ$ might. It seems unlikely war can be avoided.;;;;;;;;;;;;;
NEWS_EVTDESC301010_long;While the relations have been amicable, though perhaps not friendly, a confrontation between $COUNTRY_ADJ$s and $FROMCOUNTRY$ over Central Asia was all but inevitable: As $FROMCOUNTRY_ADJ$'s influence wanes in Central Asia, $COUNTRY$'s penetrates ever deeper. In an effort to clearly delineate their respective sphere's of influence, the $COUNTRY_ADJ$s proposed the Atreck River as the common border. An humiliating and unacceptable territorial concession to the $COUNTRY_ADJ$s. With no agreement forthcoming the matter will have to be settled on the field of battle.;;;;;;;;;;;;;
NEWS_EVTNAME301011_title;The New Emir of Kabul;;;;;;;;;;;;;
NEWS_EVTDESC301011_short;The Durrani Empire is no more. Torn down by internal strive. Today a new Emir took control of Kabul. Whether he'll succeed in reuniting the tribes is yet to be seen.;;;;;;;;;;;;;
NEWS_EVTDESC301011_medium;The Durrani Empire is no more. Maybe it never really was. Torn down by tribal rivalries and petty disputes. A new Emir emerged and took control in Kabul today, whether he'll succeed in reuniting the tribes is yet to be seen.;;;;;;;;;;;;;
NEWS_EVTDESC301011_long;The Durrani Empire is no more. Maybe it never was. The tribal nature of the Afghan people is be independent and resist outside domination. Uniting the tribes into one Empire was itself a miracle of balancing tribal alliances and hostilities, relying on directing tribal energies away from rebellion. Lacking the gift of diplomacy, the recent Durrani Shahs have allowed tribal rivalries to resurface and slowly the empire started disintegrating. Today a new Emir has taken control of Kabul. Whether he'll succeed in reuniting the tribes is yet to be seen.;;;;;;;;;;;;;
EVTNEWS301056_title;The Russo-Persian War;;;;;;;;;;;;;
EVTNEWS301056_short;The last war in the Caucasus ended with Russia left in control of the region. Hoping to take advantage of perceived Russian weakness, the Persians have declared war to reverse their losses!;;;;;;;;;;;;;
EVTNEWS301056_medium;The last war between the Russian and Persian Empire was settled decisively in the favor of Russia with the Treaty of Gulistan. However shortcomings and differing interpretations of the treaty caused tensions and has now led to war between the two empires!;;;;;;;;;;;;;
EVTNEWS301056_long;The last war in the Caucasus between the Russian and Persian Empires had left the Caucasus under the control over the Russians, putting an end to the centuries long ties between Persia and the Caucasian peoples. The Treaty of Gulistan settling the war, however, had serious shortcomings and differing interpretations of the treaty kept tensions simmering between the two empires. Now, hoping to take advantage of perceived Russian weakness, the Persians have declared war in the hopes of restoring their prestige in and rule of the Caucasus.;;;;;;;;;;;;;
EVTNEWS301063_title;The Russian Caucasus;;;;;;;;;;;;;
EVTNEWS301063_short;The khanate of Erivan was the last Persian stronghold in the Caucasus, but today it fell into Russian hands. This act has pushed Persia out of the Caucasus in its totality.;;;;;;;;;;;;;
EVTNEWS301063_medium;The Russian Empire marked the completion of their conquest of the Caucasus today by taking control of Erivan. The last Persian stronghold in the region, it was seceded after the Russians successfully managed to isolate from the rest of Persia.;;;;;;;;;;;;;
EVTNEWS301063_long;The Treaty of Gulistan had left Russia in control over the majority of the Caucasus, with Persia only holding on to the khanate of Erivan. However flaws in the Treaty of Gulistan and Russian action in the Caucasus left tensions simmering between the two empires. Erivan itself was a thorn in the Russian side, as it served to supply the rebels in the Caucasus. Under the specter of war, however, the Russians managed to force the Persians to hand over the khanate to them.;;;;;;;;;;;;;
EVTNEWS301070_title;The Treaty of Turkmenchay;;;;;;;;;;;;;
EVTNEWS301070_short;The Russian envoy looked terribly pleased as the Persian attempt to restore their rule over the Caucasus resulted in them losing their last footholds in the region to Russia.;;;;;;;;;;;;;
EVTNEWS301070_medium;The Persian attempts to dislodge the Russians from the Caucasus and restore their rule over the region have ended in absolute failure. Under the humiliating terms of the peace treaty they have been forced to surrender their last footholds in the region.;;;;;;;;;;;;;
EVTNEWS301070_long;Although few would have given the Persians a fighting chance against the Russian Empire, the totality of the Persian defeat came as a shock to all. After Tabriz fell there was nothing to stop the Russians from marching on Tehran, forcing the Persians into a humiliating peace treaty. The Persians fought to restore their prestige in and control over the region, but now are left with neither.;;;;;;;;;;;;;
EVTNEWS301071_title;Cheating Suspected!;;;;;;;;;;;;;
EVTNEWS301071_short;Somewhere in this world a mad man bet on the impossible: A Persian victory over the Russians in the Caucasus! Yet it did happen, and this man must have made a fortune!;;;;;;;;;;;;;
EVTNEWS301071_medium;Somewhere in this world a mad man bet on the impossible: A Persian victory over the Russians in their war over Caucasus! Yet it did happen, and this man must have made a fortune! We wonder if the war was fought honestly though.;;;;;;;;;;;;;
EVTNEWS301071_long;In a series of events long held to be impossible, the Persians have managed to overcome the Russians in their war over the Caucasus. As all wars between these two powers have always resulted in a Persian defeat, the redaction of this newspaper is unsure how to proceed. Surely the Persians did not fight in honorable fashion?;;;;;;;;;;;;;
EVTNEWS301110_title;Rioting in $PROVINCENAME$;;;;;;;;;;;;;
EVTNEWS301110_short;Large scale rioting erupts in $PROVINCENAME$ as the supposed rape by an Armenian gives an outlet for long standing tensions in the city.;;;;;;;;;;;;;
EVTNEWS301110_medium;An incident involving an Armenian man in the employ of the Russian legation in $PROVINCENAME$ has caused long standing tensions between the $PROVINCENAME$i and Armenians and Western powers to erupt in large scale rioting.;;;;;;;;;;;;;
EVTNEWS301110_long;Tensions in $PROVINCENAME$ come to a head as an Armenian accused of raping a young boy is released on account of his connection to the Russian legation there, and instead $PROVINCENAME$i's are persecuted for their involvement in riots following this case. The long standing resentment of Western dominance in the city has now erupted in full scale rioting which treatents the future of non-Muslims in the city.;;;;;;;;;;;;;
EVTNEWS301117_title;Another Russo-$COUNTRY_ADJ$ War!;;;;;;;;;;;;;
EVTNEWS301117_short;A major mistep by the $COUNTRY_ADJ$s in storming the $FROMCOUNTRY_ADJ$ legation in $PROVINCENAME$ has caused the $FROMCOUNTRY_ADJ$s to declare war and seek redress for this insult.;;;;;;;;;;;;;
EVTNEWS301117_medium;Few could have missed the parralels between the recent storming of the $FROMCOUNTRY_ADJ$ legation in $PROVINCE$ and the death of Alexander Griboyedov earlier this century. The $FROMCOUNTRY_ADJ$ certainly haven't and are looking for vengeance.;;;;;;;;;;;;;
EVTNEWS301117_long;Few could have missed the parralels between the death of Alexander Griboyedov -Russian consul to $COUNTRY$ who choose to shelter an Armenian and was subsequently murdered by an angry mob on trumped up rape charges- and the recent events which took place in $PROVINCE$: where the $FROMCOUNTRY_ADJ$ legation was stormed by the $COUNTRY_ADJ$s hoping to bring an Armenian they accuse of rape to justice. The $FROMCOUNTRY_ADJ$ certainly haven't, and are out for vengeance.;;;;;;;;;;;;;
first_anglo_afghan_war_peacedeal_title;Install Shah Shuja Durrani;;;;;;;;;;;;;
first_anglo_afghan_war_peacedeal_desc;With our victory over Afghanistan, we may now install our puppet ruler, Padshah Sultan Shah Shuja Durrani, as its new sultan. This will grant us a buffer to the Russians and leave us ahead in the Great Game.;;;;;;;;;;;;;
invite_pnj_title;An offer to the Sikhs;;;;;;;;;;;;;
invite_pnj_desc;The Sikh Empire would be of great help to us in our invasion of Afghanistan. If we offered them Jalalabad in return for their assistance, they may join the war on our side.;;;;;;;;;;;;;
the_great_game_kalat_title;Secure Kalat;;;;;;;;;;;;;
the_great_game_kalat_desc;§RGain 1 infamy§! Mir Mehrab Khan Baloch of Kalat has repeatedly denied our requests of right of passage into Afghanistan through Kalat and insulted our ambassadors. Advisors suggest sending an ultimatum: Allow safe passage to our armies or face an invasion. It would be easy to install the Mir's manipulable son Shah Nawaz Khan Baloch as a puppet ruler to ensure Kalati cooperation.;;;;;;;;;;;;;
call_persia_title;Ask Persia for aid;;;;;;;;;;;;;
call_persia_desc;With our former overlords, the Afghans, attacking us, our only choice is to ask Persia to intervene on our behalf.;;;;;;;;;;;;;
afg_attack_knd_title;An Expedition to Kandahar;;;;;;;;;;;;;
afg_attack_knd_desc;§RGain 4 infamy§! Kandahar has grown ever closer to Persia and ever further from us. The time has come to fully integrate these unruly vassals.;;;;;;;;;;;;;
kht_attack_knd_title;Capture of Nad Ali;;;;;;;;;;;;;
kht_attack_knd_desc;§RGain 6 infamy§! Amir Alam's recent campaigns have been very successful, so much so that we can capture most of Kandahar.;;;;;;;;;;;;;
treaty_of_paris_anglo_persian_two_title;The Treaty of Paris ($YEAR$);;;;;;;;;;;;;
treaty_of_paris_anglo_persian_two_desc;§GLose 2 infamy§! Our forces have shifted the balance of power in Central Asia decisively in our favor against Persia, the time has come to enforce our demands upon the Persians.;;;;;;;;;;;;;
call_afg_title;Call the Afghans into the war;;;;;;;;;;;;;
call_afg_desc;Afghanistan will surely be next if we fall to the Persian menace, therefore it is in our common interest to defend against them.;;;;;;;;;;;;;
integrate_myn_title;Integrate the Chahar Vilayets;;;;;;;;;;;;;
integrate_myn_desc;§RGain 1 infamy§! The Chahar Vilayets have been autonomous for far too long, the time has come to fully integrate them despite their resistance.;;;;;;;;;;;;;
peshawar_treaty_title;The Peshawar Treaty;;;;;;;;;;;;;
peshawar_treaty_desc;Afghanistan's borders have remained undefined for a long time. We can strengthen the legitimacy of their claims via recognizing Dost Mohammed Khan as legitimate ruler and by demarking them in an official treaty while also ending the dispute over Peshawar.;;;;;;;;;;;;;
forced_goldsmid_arbitration_title;Forced Goldsmid Arbitration;;;;;;;;;;;;;
forced_goldsmid_arbitration_desc;§GLose 2 infamy§! Now that Persia has been crushed, we can force them into a demanding peace treaty.;;;;;;;;;;;;;
second_anglo_afghan_war_peacedeal_b_title;The Iron Amir;;;;;;;;;;;;;
second_anglo_afghan_war_peacedeal_b_desc;Amir Yaqub Khan was too weak a puppet due to the Treaty of Gandamak. Our control over him was too strong, making him deeply unpopular with his people, which caused Ayub Khan's takeover and reignition of war. Our diplomat has described their cousin Abdur Rahman Khan as a man of middle height, with an exceedingly intelligent face and frank and courteous manners, shrewd and able in conversation on the business in hand. He has been waiting to claim the throne for years, so he'd make a perfect strongman for our influence.;;;;;;;;;;;;;
second_anglo_afghan_war_peacedeal_title;The Treaty of Gandamak;;;;;;;;;;;;;
second_anglo_afghan_war_peacedeal_desc;Emir Sher Ali Khan has fled Afghanistan. His son, Amir Mohammad Yaqub Khan, is willing to negotiate a treaty with us to end hostilities. The Amir is to issue amnesty to all those who had collaborated with the British occupying forces and to conduct his relations with foreign states in accordance with the advice and wishes of the British government. He is to enter into no engagements with foreign states, and will not take up arms against any foreign state, except with the concurrence of the British government.;;;;;;;;;;;;;
british_afg_mission_title;A diplomatic mission to Afghanistan;;;;;;;;;;;;;
british_afg_mission_desc;With Afghanistan having accepted a Russian diplomatic mission, our advisors fear the worst. If we let them fall into Russian hands, the jewel of the crown, India, will be in grave danger. We must assert our influence forcefully if we are to win this battle of influence.;;;;;;;;;;;;;
russian_afg_mission_title;A diplomatic mission to Afghanistan;;;;;;;;;;;;;
russian_afg_mission_desc;Afghanistan has become increasingly distant from the United Kingdom and is searching for new allies. It would be a decisive strike in the Great Game and a massive danger to Britain if we replaced them as the Afghans' protectors.;;;;;;;;;;;;;
third_anglo_afghan_war_peace_title;The Treaty of Rawalpindi;;;;;;;;;;;;;
third_anglo_afghan_war_peace_desc;To avoid further casualties, the Afghans have proposed the following treaty: They reaffirm the Durand line and cease hostilities with us in return for our abandonment of all influence on Afghan policy-making.;;;;;;;;;;;;;
third_anglo_afghan_war_title;Invade India;;;;;;;;;;;;;
third_anglo_afghan_war_desc;Recent instabilities with the death of Habibullah Khan and the abdication of Nasrullah Khan have caused much strife within our country. Our advisors propose an invasion of India to reclaim lands we lost to the Durand Line and distract our people with a new threat.;;;;;;;;;;;;;
revoke_zaf_autonomy_title;Integrate Za'faranlu;;;;;;;;;;;;;
revoke_zaf_autonomy_desc;The revolts in Shadlu have shown us how dangerous it is to grant autonomy to the Khorasan Kurds. For our own safety we must remove that autonomy from Za'faranlu.;;;;;;;;;;;;;
herat_kandahar_peacedeal_title;The Fate of Afghanistan;;;;;;;;;;;;;
herat_kandahar_peacedeal_desc;The time has come to give Persia its promised lands and uphold our end of the bargain to gain their favor. In addition, we must find a new ruler for Afghanistan, namely Abdur Rahman Khan. Though he will unavoidably become a Russian ally, at least he will be more ready to negotiate than the former Emirs.;;;;;;;;;;;;;
herat_kandahar_offer_title;The Herat-Kandahar Offer;;;;;;;;;;;;;
herat_kandahar_offer_desc;The Afghans are simply too unmanageable, as is seen in their constant agitation against our influence. In contrast, our only conflict with Persia has been to protect the Afghans. They would make for a better ally than the Afgans ever would. Offering them Herat, Kandahar and Sistan may well entice them to enter our sphere of influence.;;;;;;;;;;;;;
revoke_kht_autonomy_title;Integrate Qa'inat;;;;;;;;;;;;;
revoke_kht_autonomy_desc;Qa'inat has had autonomy for too long, central administration would stabilize it and ensure its rulers can never turn against us.;;;;;;;;;;;;;
snatch_panjdeh_title;Drive South;;;;;;;;;;;;;
snatch_panjdeh_desc;With the boundary commission hard at work, this is our last chance to move our border South. The border town of Panjdeh would be an easy target and leads directly to the key city of Herat to which our army can continue marching as our ultimate goal, though the Brits will likely object.;;;;;;;;;;;;;
panjdeh_war_treaty_title;The Treaty of Panjdeh;;;;;;;;;;;;;
panjdeh_war_treaty_desc;Now that we have won the war, the time has come to draft a peace treaty with Afghanistan.;;;;;;;;;;;;;
annex_drv_title;Annex Darvaz;;;;;;;;;;;;;
annex_drv_desc;Isolated in the Pamir mountains, Darvaz has been untouched for decades. Their independence has gone on for far too long! We must integrate them into our empire before another nation does so first!;;;;;;;;;;;;;
core_blc_title;Invade Baluchistan;;;;;;;;;;;;;
core_blc_desc;§RGain 3 infamy§! Hassan Ali Shah has managed to evade capture after his second attempt at a revolt in Kerman, fleeing to Baluchistan in the process. Though remote and mountainous, Baluchistan was long a part of Persian empires of the past. With our power growing steadily and the Aga Khan still at large, we must see to it that we find and capture him and reintegrate Baluchistan into our vast empire.;;;;;;;;;;;;;
perpetual_truce_uae_title;The Perpetual Maritime Truce;;;;;;;;;;;;;
perpetual_truce_uae_desc;The Perpetual Maritime Truce would prohibit any act of aggression at sea by the signatories Abdulla bin Rashid Al Mualla of Umm Al Quwain, Humaid bin Rashid Al Nuaimi of Ajman, Saeed bin Butti of Dubai, Saeed bin Tahnun Al Nahyan ('Chief of the Beniyas') and Sultan bin Saqr Al Qasimi ('Chief of the Joasmees'). It is to be the culmination of Colonel Samuel Hennell's diplomacy and peace-making between the trucial rulers. Three of the signatory rulers would sign as 'chiefs' of their towns (Umm Al Quwain, Ajman and Dubai) and two, Saeed bin Tahnoon and Sultan bin Saqr would sign as heads of their tribes - the Bani Yas and Qawasim respectively. Effectively, this would place them in a common trucial pact with us and ends their mutual autonomy.;;;;;;;;;;;;;