Key;English;French;German;Polish;Spanish;Italian;Swedish;Czech;Hungarian;Dutch;Portuguese;Russian;Finnish;
oceanic;Pacific Islander;;;;;;;;;;;;;
levantine;Greco-Caucasian;;;;;;;;;;;;;
reformed;Reformed;;;;;;;;;;;;;
anglican;Anglican;;;;;;;;;;;;;
taiping;Taiping Christianity;;;;;;;;;;;;;
zoroastrian;Zoroastrian;;;;;;;;;;;;;
jain;Jain;;;;;;;;;;;;;
syriac;Syriac;;;;;;;;;;;;;
nestorian;Nestorian;;;;;;;;;;;;;
fetishist;Fetishist;;;;;;;;;;;;;
confucian;Confucian;;;;;;;;;;;;;
tengri;Tengri;;;;;;;;;;;;;
turko_semitic;Turkic;;;;;;;;;;;;;
polish_culture_group;Western Slavic;;;;;;;;;;;;;
jewish_group;Jewish;;;;;;;;;;;;;
muslim;Muslim;;;;;;;;;;;;;
mandara;Mubi-Masa-Mandara;;;;;;;;;;;;;
bena_kinga;Bena-Kinga;;;;;;;;;;;;;
christian;Christian;;;;;;;;;;;;;
eastern;Eastern Religions;;;;;;;;;;;;;
pagan;Pagans;;;;;;;;;;;;;
mataco;Mataco-Guaicuru;;;;;;;;;;;;;
je_culture;Jê;;;;;;;;;;;;;
hazara;Hazara;;;;;;;;;;;;
no_schools_desc;There's no organized school system or budget for education. The scarce literacy gain that is achieved comes from religious schools or it is based on informal community teaching, though these places get some funding, indirectly, from the government. Higher education institutions are either non existent or completely religious and medieval.\n§RIf average literacy is more than 25%, education funding needs to be more than 10%. If it is 50%, funding needs to be at least 20%. If it is 75%, funding needs to be at least 30%. Otherwise literacy will start to fall.§W;;;;;;;;;;;;;
low_schools_desc;A rudimentary school system exists in the capital and a few important cities but enrollment is completely optional. Schools limits themselves to teaching pupils how to read and write. There's no government agency to inspect schools and they have no common standards for teaching, with the few courses that exist being overcrowded. Private schools are commonly in the same conditions. Teachers don't have professional formation and are often just literate men, while pupils often leave school without being properly schooled.\n§YFor the full effects of this reform, your education spending should be at least 30%.§W\n§RIf average literacy is more than 25%, education funding needs to be more than 10%. If it is 50%, funding needs to be at least 20%. If it is 75%, funding needs to be at least 30%. Otherwise literacy will start to fall.§W;;;;;;;;;;;;;
acceptable_schools_desc;Schools can be found in every major and most of the medium cities. A government agency exists to ensure quality standards in education and to inspect that proper facilities are used for it. Enrollment is encouraged and sometimes it's outright mandatory, but it's not properly enforced and pupils often don't go to school for a variety of reasons. Children are also taught math and a few other subjects. Education institutions for teenagers are starting to appear, and secular, higher education institutions for adults are common. Teachers are formally trained, but oftentimes poorly.\n§YFor the full effects of this reform, your education spending should be at least 40%.§W\n§RIf average literacy is more than 25%, education funding needs to be more than 10%. If it is 50%, funding needs to be at least 20%. If it is 75%, funding needs to be at least 30%. Otherwise literacy will start to fall.§W;;;;;;;;;;;;;
good_schools_desc;Schools can be found in almost every city. Government agencies take education with the utmost seriousness, and enrollment is mandatory and tightly controlled. Children and teenagers are taught a variety of subjects besides reading and writing and teachers are taught pedagogy during their formation. Literacy campaigns for adults and the elderly are a part of the government's effort to eradicate illiteracy. Higher education institutions are considered good, with opportunities for the poor classes to enroll.\n§YFor the full effects of this reform, your education spending should be at least 50%.\nA fully funded education provides a bonus to this reform.§W\n§RIf average literacy is more than 25%, education funding needs to be more than 10%. If it is 50%, funding needs to be at least 20%. If it is 75%, funding needs to be at least 30%. Otherwise literacy will start to fall.§W;;;;;;;;;;;;;
rail_focus;Colonial Policy;;;;;;;;;;;;;
berlin_conference;The Berlin Conference;;;;;;;;;;;;;
synthetic_sulphur_factory;Nitrate Factory;;;;;;;;;;;;;
synthetic_sulphur_factory_desc;Ammonia was first manufactured using the Haber process on an industrial scale in 1913 in BASF's Oppau plant in Germany, reaching 20 tonnes per day the following year. During World War I, the production of munitions required large amounts of nitrate. The Allies had access to large sodium nitrate deposits in Chile controlled by British companies. Germany had no such resources, so the Haber process proved essential to the German war effort. Synthetic ammonia from the Haber process was used for the production of nitric acid, a precursor to the nitrates used in explosives.;;;;;;;;;;;;;
liquor_distillery_desc;The continuous still allowed the alcohol industry to reach new levels of productivity. The still consists of a first column (called the analyzer) in a column still that has steam rising and wash descending through several levels. The second column (called the rectifier) carries the alcohol from the wash, where it circulates until it can condense at the required strength. It behaves like a series of single pot stills, formed in a long vertical tube. The tube is filled with either porous packing or bubble plates. The rising vapor, starts to condense in the cooler, higher level of the column.;;;;;;;;;;;;;
czech_tech_school;Škoda Works;;;;;;;;;;;;;
westernized_tech_school;Westernized School;;;;;;;;;;;;;
japanese_tech_school;Shukensen-Riekisen;;;;;;;;;;;;;
HOLD_ELECTION_BUTTON;Hold Election;;;;;;;;;;;;;
HOLD_ELECTION;Hold Election\n;;;;;;;;;;;;;
parliamentary_republic_ruler;President;;;;;;;;;;;;;
absolute_monarchy_ruler;Monarch;;;;;;;;;;;;;
prussian_constitutionalism_ruler;Monarch;;;;;;;;;;;;;
hms_government_ruler;Prime Minister;;;;;;;;;;;;;
australian;Australasian;;;;;;;;;;;;;
no_transport_improv;Non-Existent;;;;;;;;;;;;;
yes_transport_improv;Experimental;;;;;;;;;;;;;
foreign_naval_officers;Foreign Resident;;;;;;;;;;;;;
foreign_naval_officers_l;Foreign Resident Minister;;;;;;;;;;;;;
no_foreign_naval_officers;No Foreign Resident;;;;;;;;;;;;;
yes_foreign_naval_officers;Foreign Resident;;;;;;;;;;;;;
no_foreign_naval_officers_desc;There are no foreign military officers residing in our country;;;;;;;;;;;;;
yes_foreign_naval_officers_desc;There are foreign military officers residing in our country and advising on political matters.;;;;;;;;;;;;;
can_create_vassals;Can Create Vassal;;;;;;;;;;;;;
CAN_CREATE_VASSAL;Can Create Vassal;;;;;;;;;;;;;
yes_slavery_desc;Slavery is allowed.\n§RThis reform affects POP promotion chance - promotion will be slower, both globally and even more in slave states.§W\n§YPops in Slave states will be more conservative and less liberal. Immigrants are less likely to choose slave states.§W\n§GThe slave population will grow.§W;;;;;;;;;;;;;
freedom_of_womb;Freedom of Womb;;;;;;;;;;;;;
freedom_of_womb_l;Freedom of Womb Law;;;;;;;;;;;;;
freedom_of_womb_desc;Slaves children are freed at birth and, in most cases, old slaves are also freed. The slave population stops growing. \n§RThis reform affects POP promotion chance - promotion will be slower, both globally and even more in slave states.§W\n§YPops in Slave states will be more conservative and less liberal. Immigrants are less likely to choose slave states.§W\n§RThe slave population will stop growing.§W;;;;;;;;;;;;;
movement_freedom_of_womb;Freedom of Womb Campaign;;;;;;;;;;;;;
movement_restricted_meeting;Campaign for the Regulation of Public Meetings;;;;;;;;;;;;;
no_slavery;Slavery Outlawed;;;;;;;;;;;;;
no_slavery_desc;Slavery is forbidden.;;;;;;;;;;;;;
no_slavery_l;Outlaw Slavery;;;;;;;;;;;;;
independence_rebels_name;$CULTURE$ Nationalists;;;;;;;;;;;;;
independence_rebels_army;$CULTURE$ Nationalists;;;;;;;;;;;;;
NORMAL_WAR_CONQUEST_ANY_NAME;$ORDER$ $FIRST$ Conquest of $SECOND_COUNTRY$;;;;;;;;;;;;;
send_pleasantries_to_great_power_title;Pay Respects to a Great Power;;;;;;;;;;;;;
send_pleasantries_to_great_power_desc;If we ever hope to safeguard our nation against foreign aggression, we must find allies in the world. Powerful allies. Great Powers. By sending an entourage with typical $COUNTRY_ADJ$ gifts, compliments and pleasantries to a great power, we will be able to curry some favor with them - and they can become a key ally in the future of $COUNTRY$.;;;;;;;;;;;;;
parliamentary_republic;Parliamentary Republic;;;;;;;;;;;;;
radical;Radical;;;;;;;;;;;;;
superior_firepower_doctrine;Superior Firepower Doctrine;;;;;;;;;;;;;
superior_firepower_doctrine_desc;Our theorists were able to "discover" how to much more effectively utilize our heavy artillery and mobile artillery.;;;;;;;;;;;;;
grand_battleplan_doctrine;Grand Battleplan Doctrine;;;;;;;;;;;;;
grand_battleplan_doctrine_desc;Our theorists were able to "discover" how to plan our strategy much more effectively.;;;;;;;;;;;;;
mass_assault_doctrine;Mass Assault Doctrine;;;;;;;;;;;;;
mass_assault_doctrine_desc;We send our enemy's children to church and let the priests do the work... too far?;;;;;;;;;;;;;
assymetrical_warfare_doctrine;Asymmetrical Warfare Doctrine;;;;;;;;;;;;;
assymetrical_warfare_doctrine_desc;Flashbacks to 'Nam...;;;;;;;;;;;;;
EVT10500DESC;Our military theorists have been busy attempting to steal from Hearts of Iron IV lately and are close to a breakthrough... \n\n§RPlease look at the inventions for Modern Army Doctrine in order to know your different choices;;;;;;;;;;;;;
steal_puppet;Take Puppet;;;;;;;;;;;;;
steal_puppet_short;Puppet $RECIPIENT$;;;;;;;;;;;;;
steal_puppet_desc;Take a §Ypuppet§W from a third country and make it our puppet.;;;;;;;;;;;;;
steal_puppet_setup;$RECIPIENT$ becomes a puppet of $ACTOR$;;;;;;;;;;;;;
steal_puppet_small;Take Small Puppet;;;;;;;;;;;;;
steal_puppet_small_short;Puppet $RECIPIENT$;;;;;;;;;;;;;
steal_puppet_small_desc;Take a minor §Ypuppet§W from a third country and make it our puppet.;;;;;;;;;;;;;
steal_puppet_small_setup;$RECIPIENT$ becomes a puppet of $ACTOR$;;;;;;;;;;;;;
steal_puppet_tiny;Take Tiny Puppet;;;;;;;;;;;;;
steal_puppet_tiny_short;Puppet $RECIPIENT$;;;;;;;;;;;;;
steal_puppet_tiny_desc;Take a tiny §Ypuppet§W from a third country and make it our puppet.;;;;;;;;;;;;;
steal_puppet_tiny_setup;$RECIPIENT$ becomes a puppet of $ACTOR$;;;;;;;;;;;;;
steal_puppet_minuscule;Take Minuscule Puppet;;;;;;;;;;;;;
steal_puppet_minuscule_short;Puppet $RECIPIENT$;;;;;;;;;;;;;
steal_puppet_minuscule_desc;Take a minuscule §Ypuppet§W from a third country and make it our puppet.;;;;;;;;;;;;;
steal_puppet_minuscule_setup;$RECIPIENT$ becomes a puppet of $ACTOR$;;;;;;;;;;;;;
NORMAL_CUT_DOWN_TO_SIZE_NO_INFAMY_WAR_NAME;$ORDER$$FIRST$-$SECOND$ War;Guerre $ORDER$$FIRST$-$SECOND$;$ORDER$$FIRST$-$SECOND$er Krieg;Baza;Guerra $ORDER$$FIRST$-$SECOND$;Base;;Alap;;Zíkladna;;;;;;;
AGRESSION_CUT_DOWN_TO_SIZE_NO_INFAMY_WAR_NAME;$ORDER$War of $FIRST$ Aggression;$ORDER$$FIRST$ guerre d'aggression;$ORDER$$FIRST$er Angriffskrieg;Wojna $ORDER$$FIRST$-$SECOND$;$ORDER$Guerra de $FIRST$ agresión;$ORDER$ Guerra $FIRST$-$SECOND$;$ORDER$$FIRST$-$SECOND$ híbor$ORDER$$FIRST$-$SECOND$ vílka;;;;;;;
NORMAL_CUT_DOWN_TO_SIZE_NO_INFAMY_WAR_NAME_SWE_NOR;The Scandinavian War;;;;;;;;;;;;;
AGRESSION_CUT_DOWN_TO_SIZE_NO_INFAMY_WAR_NAME_SWE_NOR;The Scandinavian War;;;;;;;;;;;;;
NORMAL_CUT_DOWN_TO_SIZE_NO_INFAMY_WAR_NAME_FRA_AUS;The French Intervention in Italy;;;;;;;;;;;;;
AGRESSION_CUT_DOWN_TO_SIZE_NO_INFAMY_WAR_NAME_FRA_AUS;The French Intervention in Italy;;;;;;;;;;;;;
AGRESSION_CUT_DOWN_TO_SIZE_WAR_NAME_FRA_MEX;The Second French Intervention in Mexico;;;;;;;;;;;;;
NORMAL_CUT_DOWN_TO_SIZE_WAR_NAME_FRA_MEX;The Second French Intervention in Mexico;;;;;;;;;;;;;
AGRESSION_HUMILIATE_NO_INFAMY_WAR_NAME_ENG_AFG;The Kabul Expedition;;;;;;;;;;;;;
NORMAL_HUMILIATE_NO_INFAMY_WAR_NAME_ENG_AFG;The Kabul Expedition;;;;;;;;;;;;;
AGRESSION_HUMILIATE_NO_INFAMY_WAR_NAME_ENG_BUK;The British Punitive Expedition to Khiva;;;;;;;;;;;;;
NORMAL_HUMILIATE_NO_INFAMY_WAR_NAME_ENG_BUK;The British Punitive Expedition to Khiva;;;;;;;;;;;;;
AGRESSION_HUMILIATE_NO_INFAMY_WAR_NAME_URU_ARC;The Big War;;;;;;;;;;;;;
NORMAL_HUMILIATE_NO_INFAMY_WAR_NAME_URU_ARC;The Big War;;;;;;;;;;;;;
AGRESSION_HUMILIATE_NO_INFAMY_WAR_NAME_ALB_TUR;The Ottoman-Bushati War;;;;;;;;;;;;;
NORMAL_HUMILIATE_NO_INFAMY_WAR_NAME_ALB_TUR;The Ottoman-Bushati War;;;;;;;;;;;;;
AGRESSION_HUMILIATE_NO_INFAMY_WAR_NAME_JAP_SPA;The Hispano-Japanese War;;;;;;;;;;;;;
NORMAL_HUMILIATE_NO_INFAMY_WAR_NAME_JAP_SPA;The Hispano-Japanese War;;;;;;;;;;;;;
AGRESSION_HUMILIATE_NO_INFAMY_WAR_NAME_JAP_SPC;The Hispano-Japanese War;;;;;;;;;;;;;
NORMAL_HUMILIATE_NO_INFAMY_WAR_NAME_JAP_SPC;The Hispano-Japanese War;;;;;;;;;;;;;
AGRESSION_HUMILIATE_NO_INFAMY_WAR_NAME_MON_TUR;The Montenegrin-Ottoman War;;;;;;;;;;;;;
NORMAL_HUMILIATE_NO_INFAMY_WAR_NAME_MON_TUR;The Montenegrin-Ottoman War;;;;;;;;;;;;;
AGRESSION_WAR_CONQUEST_NAME_MEX_MEE;The Rebellion of Vicente Guerrero;;;;;;;;;;;;;
NORMAL_WAR_CONQUEST_NAME_MEX_MEE;The Rebellion of Vicente Guerrero;;;;;;;;;;;;;
AGRESSION_CIVIL_WAR_NAME_MEX_MEE;The Reform War;;;;;;;;;;;;;
NORMAL_CIVIL_WAR_NAME_MEX_MEE;The Reform War;;;;;;;;;;;;;
AGRESSION_WAR_CONQUEST_ANY_NAME_MEE_MEX;The Rebellion in northwestern Mexico;;;;;;;;;;;;;
NORMAL_WAR_CONQUEST_ANY_NAME_MEE_MEX;The Rebellion in northwestern Mexico;;;;;;;;;;;;;
AGRESSION_WAR_CONQUEST_ANY_NAME_PER_KHR;Revolt of Hasan Khan Salar;;;;;;;;;;;;;
NORMAL_WAR_CONQUEST_ANY_NAME_PER_KHR;Revolt of Hasan Khan Salar;;;;;;;;;;;;;
NORMAL_WAR_CONQUEST_ANY_NAME_PER_QAS;Revolt of Hossein Ali Mirza;;;;;;;;;;;;;
AGRESSION_WAR_NAME_REPARATIONS_FRA_MEX;The Pastry War;;;;;;;;;;;;;
NORMAL_WAR_NAME_REPARATIONS_FRA_MEX;The Pastry War;;;;;;;;;;;;;
AGRESSION_WAR_NAME_REPARATIONS_BOR_MEX;The Pastry War;;;;;;;;;;;;;
NORMAL_WAR_NAME_REPARATIONS_BOR_MEX;The Pastry War;;;;;;;;;;;;;
AGRESSION_WAR_NAME_REPARATIONS_FRA_MEX;The Second French Intervention in Mexico;;;;;;;;;;;;;
NORMAL_WAR_NAME_REPARATIONS_FRA_MEX;The Second French Intervention in Mexico;;;;;;;;;;;;;
AGRESSION_WAR_CONQUEST_ANY_NAME_HUN_SRR;The Serbian Revolt;;;;;;;;;;;;;
NORMAL_WAR_CONQUEST_ANY_NAME_HUN_SRR;The Serbian Revolt;;;;;;;;;;;;;
AGRESSION_WAR_CONQUEST_ANY_NAME_AUS_SRR;The Serbian Revolt;;;;;;;;;;;;;
NORMAL_WAR_CONQUEST_ANY_NAME_AUS_SRR;The Serbian Revolt;;;;;;;;;;;;;
AGRESSION_WAR_CONQUEST_ANY_NAME_HUN_SLV;The Slovak Uprising;;;;;;;;;;;;;
NORMAL_WAR_CONQUEST_ANY_NAME_HUN_SLV;The Slovak Uprising;;;;;;;;;;;;;
AGRESSION_WAR_CONQUEST_ANY_NAME_AUS_SLV;The Slovak Uprising;;;;;;;;;;;;;
NORMAL_WAR_CONQUEST_ANY_NAME_AUS_SLV;The Slovak Uprising;;;;;;;;;;;;;
AGRESSION_WAR_TAKE_CORE_NAME_SRR_TUR;The Herzegovina Uprising;;;;;;;;;;;;;
NORMAL_WAR_TAKE_CORE_NAME_SRR_TUR;The Herzegovina Uprising;;;;;;;;;;;;;
AGRESSION_WAR_TAKE_CORE_NAME_SER_BUL;The Serbo-Bulgarian War;;;;;;;;;;;;;
NORMAL_WAR_TAKE_CORE_NAME_SER_BUL;The Serbo-Bulgarian War;;;;;;;;;;;;;
AGRESSION_WAR_CONQUEST_ANY_NAME_TUR_GRR;The $ORDER$Greek Revolt;;;;;;;;;;;;;
NORMAL_WAR_CONQUEST_ANY_NAME_TUR_GRR;The $ORDER$Greek Revolt;;;;;;;;;;;;;
AGRESSION_WAR_CONQUEST_NAME_PRU_PZN;The Greater Poland Uprising;;;;;;;;;;;;;
NORMAL_WAR_CONQUEST_NAME_PRU_PZN;The Greater Poland Uprising;;;;;;;;;;;;;
AGRESSION_WAR_CONQUEST_NAME_TUR_GRR;The Macedonian Rebellion;;;;;;;;;;;;;
NORMAL_WAR_CONQUEST_NAME_TUR_GRR;The Macedonian Rebellion;;;;;;;;;;;;;
AGRESSION_WAR_TAKE_CORE_NAME_TUR_SRR;The Posavina Rebellion;;;;;;;;;;;;;
NORMAL_WAR_TAKE_CORE_NAME_TUR_SRR;The Posavina Rebellion;;;;;;;;;;;;;
AGRESSION_WAR_CONQUEST_ANY_NAME_TUR_ALB;The $ORDER$Albanian Revolt;;;;;;;;;;;;;
NORMAL_WAR_CONQUEST_ANY_NAME_TUR_ALB;The $ORDER$Albanian Revolt;;;;;;;;;;;;;
AGRESSION_CIVIL_WAR_NAME_TUR_GRR;The Epirus Revolt;;;;;;;;;;;;;
NORMAL_CIVIL_WAR_NAME_TUR_GRR;The Epirus Revolt;;;;;;;;;;;;;
AGRESSION_CIVIL_WAR_NAME_TUR_SRR;The Doljani Revolt;;;;;;;;;;;;;
NORMAL_CIVIL_WAR_NAME_TUR_SRR;The Doljani Revolt;;;;;;;;;;;;;
AGRESSION_WAR_CONQUEST_ANY_NAME_TUR_SRR;The Kumanovo Uprising;;;;;;;;;;;;;
NORMAL_WAR_CONQUEST_ANY_NAME_TUR_SRR;The Kumanovo Uprising;;;;;;;;;;;;;
AGRESSION_WAR_CONQUEST_ANY_NAME_ENG_MAT;The $ORDER$ Matabele War;;;;;;;;;;;;;
NORMAL_WAR_CONQUEST_ANY_NAME_ENG_MAT;The $ORDER$ Matabele War;;;;;;;;;;;;;
AGRESSION_CIVIL_WAR_NAME_TUR_BOS;The Great Bosnian Uprising;;;;;;;;;;;;;
NORMAL_CIVIL_WAR_NAME_TUR_BOS;The Great Bosnian Uprising;;;;;;;;;;;;;
AGRESSION_WAR_CONQUEST_NAME_TUR_BUL;The Pirot Rebellion;;;;;;;;;;;;;
NORMAL_WAR_CONQUEST_NAME_TUR_BUL;The Pirot Rebellion;;;;;;;;;;;;;
AGRESSION_WAR_CONQUEST_LOW_NAME_TUR_BUL;The April Uprising;;;;;;;;;;;;;
NORMAL_WAR_CONQUEST_LOW_NAME_TUR_BUL;The April Uprising;;;;;;;;;;;;;
AGRESSION_WAR_CONQUEST_LOW_NAME_TUR_SRR;The Brsjak Revolt;;;;;;;;;;;;;
NORMAL_WAR_CONQUEST_LOW_NAME_TUR_SRR;The Brsjak Revolt;;;;;;;;;;;;;
AGRESSION_WAR_CONQUEST_TINY_NAME_TUR_BUL;The Kresna-Razlog Uprising;;;;;;;;;;;;;
NORMAL_WAR_CONQUEST_TINY_NAME_TUR_BUL;The Kresna-Razlog Uprising;;;;;;;;;;;;;
AGRESSION_WAR_CONQUEST_TINY_NAME_TUR_SRR;Priest Jovica's Rebellion;;;;;;;;;;;;;
NORMAL_WAR_CONQUEST_TINY_NAME_TUR_SRR;Priest Jovica's Rebellion;;;;;;;;;;;;;
AGRESSION_WAR_CONQUEST_ANY_NAME_TUR_MCD;The $ORDER$Macedonian Revolt;;;;;;;;;;;;;
NORMAL_WAR_CONQUEST_ANY_NAME_TUR_MCD;The $ORDER$Macedonian Revolt;;;;;;;;;;;;;
AGRESSION_WAR_CONQUEST_NAME_TUR_SRR;The Niš Rebellion;;;;;;;;;;;;;
NORMAL_WAR_CONQUEST_NAME_TUR_SRR;The Niš Rebellion;;;;;;;;;;;;;
AGRESSION_WAR_CONQUEST_ANY_NAME_BRZ_PAA;The Cabanagem;;;;;;;;;;;;;
NORMAL_WAR_CONQUEST_ANY_NAME_BRZ_PAA;The Cabanagem;;;;;;;;;;;;;
AGRESSION_WAR_CONQUEST_ANY_NAME_BRZ_BAH;The Sabinada;;;;;;;;;;;;;
NORMAL_WAR_CONQUEST_ANY_NAME_BRZ_BAH;The Sabinada;;;;;;;;;;;;;
AGRESSION_WAR_CONQUEST_ANY_NAME_BRZ_MAR;The Balaiada;;;;;;;;;;;;;
NORMAL_WAR_CONQUEST_ANY_NAME_BRZ_MAR;The Balaiada;;;;;;;;;;;;;
AGRESSION_WAR_CONQUEST_ANY_NAME_FRA_DAI;The Cân Vuong Movement;;;;;;;;;;;;;
NORMAL_WAR_CONQUEST_ANY_NAME_FRA_DAI;The Cân Vuong Movement;;;;;;;;;;;;;
AGRESSION_WAR_CONQUEST_ANY_NAME_ENG_SLE;The Hut Tax War;;;;;;;;;;;;;
NORMAL_WAR_CONQUEST_ANY_NAME_ENG_SLE;The Hut Tax War;;;;;;;;;;;;;
AGRESSION_CUT_DOWN_TO_SIZE_WAR_NAME_ENG_AFG;The $ORDER$Anglo-Afghan War;;;;;;;;;;;;;
NORMAL_CUT_DOWN_TO_SIZE_WAR_NAME_ENG_AFG;The $ORDER$Anglo-Afghan War;;;;;;;;;;;;;
AGRESSION_CUT_DOWN_TO_SIZE_NO_INFAMY_WAR_NAME_ENG_AFG;The Second Anglo-Afghan War;;;;;;;;;;;;;
NORMAL_CUT_DOWN_TO_SIZE_NO_INFAMY_WAR_NAME_ENG_AFG;The Second Anglo-Afghan War;;;;;;;;;;;;;
AGRESSION_WAR_CONQUEST_NAME_TUR_ALB;The Uprising of Dervish Cara;;;;;;;;;;;;;
NORMAL_WAR_CONQUEST_NAME_TUR_ALB;The Uprising of Dervish Cara;;;;;;;;;;;;;
AGRESSION_WAR_CONQUEST_NAME_VNZ_VNR;The Federal War;;;;;;;;;;;;;
NORMAL_WAR_CONQUEST_NAME_VNZ_VNR;The Federal War;;;;;;;;;;;;;
AGRESSION_WAR_NAME_REPARATIONS_SPA_PEU;The Chincha Islands War;;;;;;;;;;;;;
NORMAL_WAR_NAME_REPARATIONS_SPA_PEU;The Chincha Islands War;;;;;;;;;;;;;
AGRESSION_WAR_NAME_REPARATIONS_SPC_PEU;The Chincha Islands War;;;;;;;;;;;;;
NORMAL_WAR_NAME_REPARATIONS_SPC_PEU;The Chincha Islands War;;;;;;;;;;;;;
AGRESSION_WAR_PROTECTORATE_NAME_FRA_WAD;The Waddai War;;;;;;;;;;;;;
NORMAL_WAR_PROTECTORATE_NAME_FRA_WAD;The Waddai War;;;;;;;;;;;;;
AGRESSION_WAR_PROTECTORATE_NAME_BOR_WAD;The Waddai War;;;;;;;;;;;;;
NORMAL_WAR_PROTECTORATE_NAME_BOR_WAD;The Waddai War;;;;;;;;;;;;;
AGRESSION_WAR_PROTECTORATE_NAME_ENG_DAR;The Darfur War;;;;;;;;;;;;;
NORMAL_WAR_PROTECTORATE_NAME_ENG_DAR;The Darfur War;;;;;;;;;;;;;
AGRESSION_WAR_CONQUEST_ANY_NAME_XIN_KLS;The Dungan-Hui Conflict;;;;;;;;;;;;;
NORMAL_WAR_CONQUEST_ANY_NAME_XIN_KLS;The Dungan-Hui Conflict;;;;;;;;;;;;;
AGRESSION_WAR_CONQUEST_ANY_NAME_QNG_SZC;The Conquest of Kham;;;;;;;;;;;;;
NORMAL_WAR_CONQUEST_ANY_NAME_QNG_SZC;The Conquest of Kham;;;;;;;;;;;;;
AGRESSION_WAR_CONQUEST_ANY_NAME_QNG_SXI;The Shensi-Kansu Rebellion;;;;;;;;;;;;;
NORMAL_WAR_CONQUEST_ANY_NAME_QNG_SXI;The Shensi-Kansu Rebellion;;;;;;;;;;;;;
AGRESSION_WAR_CONQUEST_ANY_NAME_ITA_HBY;The Bimal Revolt;;;;;;;;;;;;;
NORMAL_WAR_CONQUEST_ANY_NAME_ITA_HBY;The Bimal Revolt;;;;;;;;;;;;;
AGRESSION_WAR_CONQUEST_ANY_NAME_RUS_SVA;The Svaneti Uprising;;;;;;;;;;;;;
NORMAL_WAR_CONQUEST_ANY_NAME_RUS_SVA;The Svaneti Uprising;;;;;;;;;;;;;
AGRESSION_WAR_CONQUEST_ANY_NAME_ITA_GEL;The Bimal Revolt;;;;;;;;;;;;;
NORMAL_WAR_CONQUEST_ANY_NAME_ITA_GEL;The Bimal Revolt;;;;;;;;;;;;;
AGRESSION_WAR_CONQUEST_ANY_NAME_MEX_TBS;The Federalist Revolution;;;;;;;;;;;;;
NORMAL_WAR_CONQUEST_ANY_NAME_MEX_TBS;The Federalist Revolution;;;;;;;;;;;;;
AGRESSION_WAR_RELEASE_PUPPET_NAME;$ORDER$War of $FIRST$ Aggression;$ORDER$ Offensive Militaire $FIRST$;$ORDER$ $FIRST$ Angriffskrieg;Wojna $ORDER$$FIRST$-$SECOND$;Guerra $ORDER$$FIRST$-$SECOND$;$ORDER$ Guerra $FIRST$-$SECOND$;$ORDER$$FIRST$-$SECOND$ háború;$ORDER$$FIRST$-$SECOND$ válka;;;;;;
NORMAL_WAR_RELEASE_PUPPET_NAME;$ORDER$$FIRST$-$SECOND$ War;Guerre $ORDER$$FIRST$-$SECOND$;$ORDER$$FIRST$-$SECOND$ Krieg;Baza;Base;;Base;;Alap;;Základna;;;;;;;
AGRESSION_WAR_CONQUEST_LOW_NAME_TUR_ALB;The League of Prizren Secessionist War;;;;;;;;;;;;;
NORMAL_WAR_CONQUEST_LOW_NAME_TUR_ALB;The League of Prizren Secessionist War;;;;;;;;;;;;;
AGRESSION_WAR_CONQUEST_LOW_NAME_SPA_CUB;The Ten Year's War;;;;;;;;;;;;;
NORMAL_WAR_CONQUEST_LOW_NAME_SPA_CUB;The Ten Year's War;;;;;;;;;;;;;
AGRESSION_WAR_CONQUEST_ANY_NAME_SPA_CUB;The Cuban War of Independence;;;;;;;;;;;;;
NORMAL_WAR_CONQUEST_ANY_NAME_SPA_CUB;The Cuban War of Independence;;;;;;;;;;;;;
AGRESSION_WAR_CONQUEST_ANY_NAME_FRA_CHK;The Holy Man's Rebellion;;;;;;;;;;;;;
NORMAL_WAR_CONQUEST_ANY_NAME_FRA_CHK;The Holy Man's Rebellion;;;;;;;;;;;;;
AGRESSION_WAR_CONQUEST_ANY_NAME_FRA_LUA;The Madman's War;;;;;;;;;;;;;
NORMAL_WAR_CONQUEST_ANY_NAME_FRA_LUA;The Madman's War;;;;;;;;;;;;;
AGRESSION_WAR_CONQUEST_ANY_NAME_AUS_BOH;The Prague Uprising;;;;;;;;;;;;;
NORMAL_WAR_CONQUEST_ANY_NAME_AUS_BOH;The Prague Uprising;;;;;;;;;;;;;
AGRESSION_WAR_CONQUEST_ANY_NAME_BOR_CHK;The Holy Man's War;;;;;;;;;;;;;
NORMAL_WAR_CONQUEST_ANY_NAME_BOR_CHK;The Holy Man's War;;;;;;;;;;;;;
AGRESSION_WAR_CONQUEST_ANY_NAME_BOR_LUA;The Madman's Rebellion;;;;;;;;;;;;;
NORMAL_WAR_CONQUEST_ANY_NAME_BOR_LUA;The Madman's Rebellion;;;;;;;;;;;;;
AGRESSION_WAR_RESTORE_ORDER_NAME_VNZ_VNR;The Genuine;;;;;;;;;;;;;
NORMAL_WAR_RESTORE_ORDER_NAME_MEX_ZAC;The Zacatecas Rebellion;;;;;;;;;;;;;
AGRESSION_WAR_RESTORE_ORDER_NAME_MEX_ZAC;The Zacatecas Rebellion;;;;;;;;;;;;;
NORMAL_WAR_RESTORE_ORDER_NAME_VNZ_VNR;The Genuine;;;;;;;;;;;;;
AGRESSION_WAR_CONQUEST_LOW_NAME_VNZ_VNR;The Invasion of the 60;;;;;;;;;;;;;
NORMAL_WAR_CONQUEST_LOW_NAME_VNZ_VNR;The Invasion of the 60;;;;;;;;;;;;;
AGRESSION_WAR_CONQUEST_LOW_NAME_CLM_CLR;The War of the Supremes;;;;;;;;;;;;;
NORMAL_WAR_CONQUEST_LOW_NAME_CLM_CLR;The War of the Supremes;;;;;;;;;;;;;
AGRESSION_WAR_CONQUEST_ANY_NAME_CLM_CLR;The War of the Sovereignties;;;;;;;;;;;;;
NORMAL_WAR_CONQUEST_ANY_NAME_CLM_CLR;The War of the Sovereignties;;;;;;;;;;;;;
AGRESSION_WAR_CONQUEST_NAME_CLM_CLR;The War of the Schools;;;;;;;;;;;;;
NORMAL_WAR_CONQUEST_NAME_CLM_CLR;The War of the Schools;;;;;;;;;;;;;
AGRESSION_WAR_CONQUEST_TINY_NAME_VNZ_VNR;The Coro Revolution;;;;;;;;;;;;;
NORMAL_WAR_CONQUEST_TINY_NAME_VNZ_VNR;The Coro Revolution;;;;;;;;;;;;;
AGRESSION_WAR_CONQUEST_MINUSCULE_NAME_VNZ_VNR;The Legalist Revolution;;;;;;;;;;;;;
NORMAL_WAR_CONQUEST_MINUSCULE_NAME_VNZ_VNR;The Legalist Revolution;;;;;;;;;;;;;
AGRESSION_WAR_CONQUEST_ANY_NAME_VNZ_VNR;The Queipa Revolution;;;;;;;;;;;;;
NORMAL_WAR_CONQUEST_ANY_NAME_VNZ_VNR;The Queipa Revolution;;;;;;;;;;;;;
AGRESSION_WAR_TAKE_CORE_NAME_COS_PNM;The Coto War;;;;;;;;;;;;;
NORMAL_WAR_TAKE_CORE_NAME_COS_PNM;The Coto War;;;;;;;;;;;;;
AGRESSION_WAR_TAKE_CORE_NAME_VNZ_VNR;The Barquisimeto Revolt;;;;;;;;;;;;;
NORMAL_WAR_TAKE_CORE_NAME_VNZ_VNR;The Barquisimeto Revolt;;;;;;;;;;;;;
AGRESSION_CIVIL_WAR_NAME_VNR_VNZ;The Liberating Revolution;;;;;;;;;;;;;
NORMAL_CIVIL_WAR_NAME_VNR_VNZ;The Liberating Revolution;;;;;;;;;;;;;
AGRESSION_WAR_CONQUEST_NAME_CHL_CHR;The Civil War of 1851;;;;;;;;;;;;;
NORMAL_WAR_CONQUEST_NAME_CHL_CHR;The Civil War of 1851;;;;;;;;;;;;;
AGRESSION_WAR_CONQUEST_ANY_NAME_CHL_CHR;The Civil War of 1830;;;;;;;;;;;;;
NORMAL_WAR_CONQUEST_ANY_NAME_CHL_CHR;The Civil War of 1830;;;;;;;;;;;;;
AGRESSION_CIVIL_WAR_NAME_CHL_CHR;The Revolution of 1891;;;;;;;;;;;;;
NORMAL_CIVIL_WAR_NAME_CHL_CHR;The Revolution of 1891;;;;;;;;;;;;;
AGRESSION_WAR_CONQUEST_ANY_NAME_TUR_MCD;The Macedonian Rebellion;;;;;;;;;;;;;
NORMAL_WAR_CONQUEST_ANY_NAME_TUR_MCD;The Macedonian Rebellion;;;;;;;;;;;;;
AGRESSION_WAR_CONQUEST_NAME_TUR_BOS;Vukalovic's Uprising;;;;;;;;;;;;;
NORMAL_WAR_CONQUEST_NAME_TUR_BOS;Vukalovic's Uprising;;;;;;;;;;;;;
AGRESSION_WAR_CONQUEST_NAME_TUR_ARM;The Zeitun Rebellion;;;;;;;;;;;;;
NORMAL_WAR_CONQUEST_NAME_TUR_ARM;The Zeitun Rebellion;;;;;;;;;;;;;
AGRESSION_WAR_CONQUEST_ANY_NAME_TUR_ARM;The Sasun Rebellion;;;;;;;;;;;;;
NORMAL_WAR_CONQUEST_ANY_NAME_TUR_ARM;The Sasun Rebellion;;;;;;;;;;;;;
AGRESSION_WAR_TAKE_CORE_NAME_SRI_EIC;The Matele Rebellion;;;;;;;;;;;;;
NORMAL_WAR_TAKE_CORE_NAME_SRI_EIC;The Matele Rebellion;;;;;;;;;;;;;
AGRESSION_WAR_CONQUEST_ANY_NAME_FRA_MAD;Second Hova-French War;;;;;;;;;;;;;
NORMAL_WAR_CONQUEST_ANY_NAME_FRA_MAD;Second Hova-French War;;;;;;;;;;;;;
AGRESSION_WAR_MAKE_PUPPET_NAME_FRA_MAD;First Hova-French War;;;;;;;;;;;;;
NORMAL_WAR_MAKE_PUPPET_NAME_FRA_MAD;First Hova-French War;;;;;;;;;;;;;
AGRESSION_WAR_MAKE_PUPPET_NO_ADD_WARGOAL_NAME_TUR_KHZ;Second Turkish-Muhammarah War;;;;;;;;;;;;;
NORMAL_WAR_MAKE_PUPPET_NO_ADD_WARGOAL_NAME_TUR_KHZ;Second Turkish-Muhammarah War;;;;;;;;;;;;;
AGRESSION_WAR_CONQUEST_ANY_NAME_BRZ_SAC;The Catarinese Rebellion;;;;;;;;;;;;;
NORMAL_WAR_CONQUEST_ANY_NAME_BRZ_SAC;The Catarinese Rebellion;;;;;;;;;;;;;
AGRESSION_WAR_CONQUEST_NAME_PEU_PRR;The Constitutional Revolution;;;;;;;;;;;;;
NORMAL_WAR_CONQUEST_NAME_PEU_PRR;The Constitutional Revolution;;;;;;;;;;;;;
AGRESSION_WAR_CONQUEST_LOW_NAME_PEU_PRR;The Arequipa Revolution;;;;;;;;;;;;;
NORMAL_WAR_CONQUEST_LOW_NAME_PEU_PRR;The Arequipa Revolution;;;;;;;;;;;;;
AGRESSION_WAR_CONQUEST_TINY_NAME_PEU_PRR;The Siege of Arequipa;;;;;;;;;;;;;
NORMAL_WAR_CONQUEST_TINY_NAME_PEU_PRR;The Siege of Arequipa;;;;;;;;;;;;;
AGRESSION_WAR_CONQUEST_MINUSCULE_NAME_PEU_PRR;The Restorative Revolution;;;;;;;;;;;;;
NORMAL_WAR_CONQUEST_MINUSCULE_NAME_PEU_PRR;The Restorative Revolution;;;;;;;;;;;;;
AGRESSION_WAR_RESTORE_ORDER_NAME_PEU_PRR;The Anti-Pradista Revolution;;;;;;;;;;;;;
NORMAL_WAR_RESTORE_ORDER_NAME_PEU_PRR;The Anti-Pradista Revolution;;;;;;;;;;;;;
AGRESSION_WAR_ALL_CORES_NAME_PEU_PRR;The Constitutional Campaign;;;;;;;;;;;;;
NORMAL_WAR_ALL_CORES_NAME_PEU_PRR;The Constitutional Campaign;;;;;;;;;;;;;
AGRESSION_WAR_CONQUEST_ANY_NAME_PEU_PRR;The Piérolista Revolution;;;;;;;;;;;;;
NORMAL_WAR_CONQUEST_ANY_NAME_PEU_PRR;The Piérolista Revolution;;;;;;;;;;;;;
AGRESSION_WAR_RESTORE_ORDER_NAME_PER_HRT;The $ORDER$Siege of Herat;;;;;;;;;;;;;
NORMAL_WAR_RESTORE_ORDER_NAME_PER_HRT;The $ORDER$Siege of Herat;;;;;;;;;;;;;
AGRESSION_HUMILIATE_NO_INFAMY_WAR_NAME_LOS_GUA;The Invasion of Los Altos;;;;;;;;;;;;;
NORMAL_HUMILIATE_NO_INFAMY_WAR_NAME_LOS_GUA;The Invasion of Los Altos;;;;;;;;;;;;;
AGRESSION_WAR_RESTORE_ORDER_NAME_ARC_CRT;The Corrientes Rebellion;;;;;;;;;;;;;
NORMAL_WAR_RESTORE_ORDER_NAME_ARC_CRT;The Corrientes Rebellion;;;;;;;;;;;;;
AGRESSION_WAR_CONQUEST_ANY_NAME_BAV_PAL;The Palatine Uprising;;;;;;;;;;;;;
NORMAL_WAR_CONQUEST_ANY_NAME_BAV_PAL;The Palatine Uprising;;;;;;;;;;;;;
AGRESSION_WAR_PUPPET_NAME_ENG_GWA;The Gwalior Campaign;;;;;;;;;;;;;
NORMAL_WAR_PUPPET_NAME_ENG_GWA;The Gwalior Campaign;;;;;;;;;;;;;
AGRESSION_WAR_PUPPET_NAME_RUS_BKY;The Rebellion of Isatay Taimanov;;;;;;;;;;;;;
NORMAL_WAR_PUPPET_NAME_RUS_BKY;The Rebellion of Isatay Taimanov;;;;;;;;;;;;;
AGRESSION_WAR_PUPPET_NAME_ENG_ZUL;The Anglo-Zulu War;;;;;;;;;;;;;
NORMAL_WAR_PUPPET_NAME_ENG_ZUL;The Anglo-Zulu War;;;;;;;;;;;;;
AGRESSION_WAR_RELEASE_PUPPET_NAME_JAP_CHO;The $ORDER$Choshu Expedition;;;;;;;;;;;;;
NORMAL_WAR_RELEASE_PUPPET_NAME_JAP_CHO;The $ORDER$Choshu Expedition;;;;;;;;;;;;;
AGRESSION_WAR_RELEASE_PUPPET_NAME_PEU_PBC;The Peruvian Revolt;;;;;;;;;;;;;
NORMAL_WAR_RELEASE_PUPPET_NAME_PEU_PBC;The Peruvian Revolt;;;;;;;;;;;;;
AGRESSION_WAR_RELEASE_PUPPET_NAME_FRA_QNG;The $ORDER$Sino-French War;;;;;;;;;;;;;
NORMAL_WAR_RELEASE_PUPPET_NAME_FRA_QNG;The $ORDER$Sino-French War;;;;;;;;;;;;;
AGRESSION_WAR_RELEASE_PUPPET_NAME_BOR_QNG;The $ORDER$Sino-French War;;;;;;;;;;;;;
NORMAL_WAR_RELEASE_PUPPET_NAME_BOR_QNG;The $ORDER$Sino-French War;;;;;;;;;;;;;
AGRESSION_WAR_RELEASE_PUPPET_NAME_USA_SPA;The $ORDER$Spanish-American War;;;;;;;;;;;;;
NORMAL_WAR_RELEASE_PUPPET_NAME_USA_SPA;The $ORDER$Spanish-American War;;;;;;;;;;;;;
NORMAL_CANADA_WAR_ENG_USA;The Crusade for Canada;;;;;;;;;;;;;
AGRESSION_CANADA_WAR_ENG_USA;The Crusade for Canada;;;;;;;;;;;;;
NORMAL_QUEBEC_WAR_FRA_ENG;The Quebec War;;;;;;;;;;;;;
AGRESSION_QUEBEC_WAR_FRA_ENG;The Quebec War;;;;;;;;;;;;;
NORMAL_QUEBEC_WAR_BOR_ENG;The Quebec War;;;;;;;;;;;;;
AGRESSION_QUEBEC_WAR_BOR_ENG;The Quebec War;;;;;;;;;;;;;
NORMAL_CUT_DOWN_TO_SIZE_NO_INFAMY_WAR_NAME_JAP_RUS;The Russo-Japanese War;;;;;;;;;;;;;
AGRESSION_CUT_DOWN_TO_SIZE_NO_INFAMY_WAR_NAME_JAP_RUS;The Russo-Japanese War;;;;;;;;;;;;;
NORMAL_CUT_DOWN_TO_SIZE_NO_INFAMY_WAR_NAME_GER_BOR;The Lorraine War;;;;;;;;;;;;;
AGRESSION_CUT_DOWN_TO_SIZE_NO_INFAMY_WAR_NAME_GER_BOR;The Lorraine War;;;;;;;;;;;;;
NORMAL_CUT_DOWN_TO_SIZE_NO_INFAMY_WAR_NAME_GER_FRA;The Lorraine War;;;;;;;;;;;;;
AGRESSION_CUT_DOWN_TO_SIZE_NO_INFAMY_WAR_NAME_GER_FRA;The Lorraine War;;;;;;;;;;;;;
NORMAL_CUT_DOWN_TO_SIZE_NO_INFAMY_WAR_NAME_GCF_BOR;The Lorraine War;;;;;;;;;;;;;
AGRESSION_CUT_DOWN_TO_SIZE_NO_INFAMY_WAR_NAME_GCF_BOR;The Lorraine War;;;;;;;;;;;;;
NORMAL_CUT_DOWN_TO_SIZE_NO_INFAMY_WAR_NAME_GCF_FRA;The Lorraine War;;;;;;;;;;;;;
AGRESSION_CUT_DOWN_TO_SIZE_NO_INFAMY_WAR_NAME_GCF_FRA;The Lorraine War;;;;;;;;;;;;;
claim_madagascar_lowdesert_title;Claim South Madagascar;;;;;;;;;;;;;
claim_madagascar_lowdesert_desc;Ampanihy and the bordering territories are controlled by unorganized tribes who show sympathy to our state. With Bara out of the way, the time has come to annex them and control the zone's resources.;;;;;;;;;;;;;
move_capital_to_nanjing_title;Move our capital to Nanking;;;;;;;;;;;;;
move_capital_to_nanjing_desc;Beijing is has been the capital city of China for time immemorial, but it would be better under our country's current circumstances if we moved it to Nanking. The city is further south from Beijing and far away from Manchuria, thus allowing us to distance ourselves from our previous rule under the Manchu.;;;;;;;;;;;;;
annex_boina_title;Annex the Kingdom of Boina;;;;;;;;;;;;;
annex_boina_desc;We had occupied Boina without any resistance in 1832. After having asserted our military dominance for so long, it is only natural we annex Boina and finally reunite the island of Madagascar under our crown. §RDeclare War on Boina§W;;;;;;;;;;;;;
build_the_eiffel_tower_barcelona_title;Build the Eiffel Tower in Barcelona;;;;;;;;;;;;;
build_the_eiffel_tower_barcelona_desc;Barcelona deserves a new wonder of architecture--a world marvel along the lines of Egypt's pyramids or Rome's Colliseum. More than that, the region of Catalonia deserves to boast a new grand cultural achievement in celebration of the upcoming World Fair, of which we have selected to become the host country. The architects Maurice Koechlin and Émile Nougier, under the tutelage of civil engineer Gustave Eiffel, have designed a huge iron lattice tower to be built within Barcelona, overlooking the city like a giant steeple. It will be the centerpiece of the World Fair and serve as a permanent structure to go along with other masterpieces of architecture in the city.;;;;;;;;;;;;;
EVTNAME31716;The Construction of the Eiffel Tower;;;;;;;;;;;;;
EVT31716OPTA;Invest everything we can. §R(Pay or owe 40,000¤)§W;;;;;;;;;;;;;
EVT31716OPTB;Invest a moderate sum. §R(Pay or owe 30,000¤)§W;;;;;;;;;;;;;
EVT31716OPTC;Invest the minimum possible. §R(Pay or owe 20,000¤)§W;;;;;;;;;;;;;
EVTNAME31717;The Eiffel Tower Is Finished;;;;;;;;;;;;;
EVT31717OPTA;Visca la Torre Eiffel!;;;;;;;;;;;;;
core_hispaniola_spain_title;Integrate the Dominican Republic;;;;;;;;;;;;;
core_hispaniola_spain_desc;§RGain 1 infamy§! The Dominican Republic was independent from us for decades--but now we have finally brought them back into our glorious empire.;;;;;;;;;;;;;
build_the_urgell_channels_title;Build the Urgell Channels;;;;;;;;;;;;;
build_the_urgell_channels_desc;The people in Lérida have suffered numerous droughts, and crops can't grow on the beautiful but arid lands of Lleida. Manel Girona, builder and owner of the only bank in Spain with the right to issue notes, has proposed building it out of his bank's pocket.;;;;;;;;;;;;;
urgell_channels_built;The Urgell Channels;;;;;;;;;;;;;
urgell_channels_built_desc;The newly constructed channels are doing much to make crop and livestock irrigation more efficient.;;;;;;;;;;;;;
the_peninsular_moret_law_title;The Peninsular Moret Law;;;;;;;;;;;;;
the_peninsular_moret_law_desc;We have been pressed by the Brits to abolish slavery in continental Spain. Having recently defeated the Carlists, we are too weakened to sustain their sanctions and have no other options left. Let the liberation begin.;;;;;;;;;;;;;
kinzua_bridge_construction_title;Build the Kinzua Bridge;;;;;;;;;;;;;
kinzua_bridge_construction_desc;The proposed Kinzua Bridge would be built to pass over the Kinzua Creek. The bridge would be 301 feet (92 m) tall and 2,052 feet (625 m) long and house a railroad. It would be the tallest bridge on Earth, with some calling the blueprints the future Eighth Wonder of the World.;;;;;;;;;;;;;
eads_bridge_construction_title;Build the Eads Bridge;;;;;;;;;;;;;
eads_bridge_construction_desc;The proposed Eads Bridge would be built to pass over the Mississippi River and connect St. Louis with East St. Louis. The bridge would be 6,442 feet (1,964 m) long, with some praising the plans as the future Eighth Wonder of the World.;;;;;;;;;;;;;
forth_bridge_construction_title;Build the Forth Bridge;;;;;;;;;;;;;
forth_bridge_construction_desc;The proposed Forth Bridge would be built to pass over the Firth of Forth and connect South Queensferry and North Queensferry. The bridge would be 8,094 feet (2,467 m) long and 361 ft (110 m) tall, the longest single cantilever bridge in the world at present, and a future symbol of Scotland and its industrialization.;;;;;;;;;;;;;
victoria_bridge_construction_title;Build the Victoria Bridge;;;;;;;;;;;;;
victoria_bridge_construction_desc;The Victoria Bridge would be built to pass over the St. Lawrence River and connect Montreal with Saint-Lambert. The bridge would be approximately 3 kilometers (1.9 mi) long, its planned name honoring Queen Victoria. It would serve as an emblem of Canada, being the first bridge to cross the Saint Lawrence, and thus facilitating the crossing of the river in winter when it would otherwise be blocked by ice.;;;;;;;;;;;;;
EVTNAME9991011;The Leicester Balloon Riot;;;;;;;;;;;;;
AGRESSION_WAR_CONQUEST_ANY_NAME_BRZ_MGR;The Liberal Revolts of 1842;;;;;;;;;;;;;
NORMAL_WAR_CONQUEST_ANY_NAME_BRZ_MGR;The Liberal Revolts of 1842;;;;;;;;;;;;;
AGRESSION_WAR_CONQUEST_ANY_NAME_BRZ_SAP;The Liberal Revolts of 1842;;;;;;;;;;;;;
NORMAL_WAR_CONQUEST_ANY_NAME_BRZ_SAP;The Liberal Revolts of 1842;;;;;;;;;;;;;
AGRESSION_WAR_CONQUEST_ANY_NAME_BRZ_PNB;The Praiera Revolt;;;;;;;;;;;;;
NORMAL_WAR_CONQUEST_ANY_NAME_BRZ_PNB;The Praiera Revolt;;;;;;;;;;;;;
AGRESSION_WAR_CONQUEST_ANY_NAME_BRZ_PNB;The Cabanada;;;;;;;;;;;;;
NORMAL_WAR_CONQUEST_ANY_NAME_BRZ_PNB;The Cabanada;;;;;;;;;;;;;
AGRESSION_WAR_CONQUEST_ANY_NAME_BRZ_RGS;The War of the Farrapos;;;;;;;;;;;;;
NORMAL_WAR_CONQUEST_ANY_NAME_BRZ_RGS;The War of the Farrapos;;;;;;;;;;;;;
AGRESSION_WAR_CONQUEST_ANY_NAME_AFG_HAZ;The Hazara Uprising;;;;;;;;;;;;;
NORMAL_WAR_CONQUEST_ANY_NAME_AFG_HAZ;The Hazara Uprising;;;;;;;;;;;;;
AGRESSION_WAR_CONQUEST_ANY_NAME_AFG_HAZ;The Hazara Campaign of $YEAR$;;;;;;;;;;;;;
NORMAL_WAR_CONQUEST_ANY_NAME_AFG_HAZ;The Hazara Campaign of $YEAR$;;;;;;;;;;;;;
AGRESSION_WAR_CONQUEST_ANY_NAME_FRA_TUN;The French Conquest of Tunisia;;;;;;;;;;;;;
NORMAL_WAR_CONQUEST_ANY_NAME_FRA_TUN;The French Conquest of Tunisia;;;;;;;;;;;;;
AGRESSION_WAR_CONQUEST_ANY_NAME_BOR_TUN;The French Conquest of Tunisia;;;;;;;;;;;;;
NORMAL_WAR_CONQUEST_ANY_NAME_BOR_TUN;The French Conquest of Tunisia;;;;;;;;;;;;;
AGRESSION_WAR_CONQUEST_ANY_NAME_ITA_TUN;The Italian Conquest of Tunisia;;;;;;;;;;;;;
NORMAL_WAR_CONQUEST_ANY_NAME_ITA_TUN;The Italian Conquest of Tunisia;;;;;;;;;;;;;
AGRESSION_WAR_CONQUEST_ANY_NAME_SPA_TUN;The Spanish Conquest of Tunisia;;;;;;;;;;;;;
NORMAL_WAR_CONQUEST_ANY_NAME_SPA_TUN;The Spanish Conquest of Tunisia;;;;;;;;;;;;;
AGRESSION_WAR_TAKE_SUBSTATE_REGION_NAME_RUS_JAP;The Tsushima Crisis;;;;;;;;;;;;;
NORMAL_WAR_TAKE_SUBSTATE_REGION_NAME_RUS_JAP;The Tsushima Crisis;;;;;;;;;;;;;
AGRESSION_WAR_ESTABLISH_PROTECTORATE_CASUS_BELLI_NAME_EGY_ETH;The Egyptian-Ethiopian War;;;;;;;;;;;;;
NORMAL_WAR_ESTABLISH_PROTECTORATE_CASUS_BELLI_NAME_EGY_ETH;The Egyptian-Ethiopian War;;;;;;;;;;;;;
AGRESSION_WAR_ADD_TO_SPHERE_NAME_FRA_MOR;The Franco-Moroccan War;;;;;;;;;;;;;
NORMAL_WAR_ADD_TO_SPHERE_NAME_FRA_MOR;The Franco-Moroccan War;;;;;;;;;;;;;
EVTOPT6000061A;Onwards to victory!;;;;;;;;;;;;;
EVTNAME18481983;The Félibritge Movement;;;;;;;;;;;;;
EVTNAME18481982;Frédéric Mistral received the 1904 Nobel Prize in Literature.;;;;;;;;;;;;;
EVTNAME18481984;The French Invasion of Honolulu;;;;;;;;;;;;;
EVTNAME164509;The 1907 $COUNTRY_ADJ$ Famine;;;;;;;;;;;;;
EVT164509OPTA;We won't help them.;;;;;;;;;;;;;
EVT164509OPTB;We will give monetary aid to the affected regions for their recuperation.;;;;;;;;;;;;;
EVTNAME16121912;The Inauguration of the Thames Tunnel;;;;;;;;;;;;;
USS_claim_ANT_title;Claim the Antilles;;;;;;;;;;;;;
USS_claim_ANT_desc;The Antilles were discovered by our Latin brothers, and the English and French forced us to give the isles to them to use African slaves there to exploit sugar cane. With some of the islands having Latins waiting for them to be liberated and the Miranda Doctrine, we can claim the Antilles.;;;;;;;;;;;;;
spa_constitution_1837_desc;The $YEAR$ Constitution would restore the most progressive features of the Spanish Constitution of 1812 and entrench the concepts of constitutionalism, parliamentarism, and separation of powers in Spain. \nIt would consecrate the division of powers between the executive held by the king and his ministers, the legislative held by the parliament and the judicative held by the courts. The inviolability of the figure of the monarch would be central. Congress would be elected by direct census suffrage, while the Senate would be royally appointed. \nThe Catholic Church and its power would be maintained despite calls to expropriate it by liberals.;;;;;;;;;;;;;
spa_constitution_1837_title;The $YEAR$ Constitution;;;;;;;;;;;;;
adopt_the_peseta_title;Adopt the Peseta;;;;;;;;;;;;;
adopt_the_peseta_desc;The Peseta is the currency used mainly in Northern Spain, and is regulated by a Central Bank, which is under government control. The name of the currency comes from peceta, a Catalan diminutive form of the Catalan word peça (meaning piece), and it can be divided into 100 céntimos. If we nationalize and officialize the currency, commerce within our state and with the world would be more accessible and regulated.;;;;;;;;;;;;;
EVTDESC31728;We_have_been_told_by_informants_that_the_federalist_movement,_concentrated_largely_in_the_North_of_the_country,_is_preparing_for_a_revolt._The_situation_seems_dire,_especially_in_Catalonia.;;;;;;;;;;;;;
EVTDESC31729;News_has_reached_us_that_negotiations_between_the_federalists_of_Vasconia_and_Catalonia_concerning_the_prospect_of_rebellion_have_been_finished._We_can't_let_the_federalists_seize_our_precious_lands,_sweep_away_our_traditions_and_way_of_life,_destroy_our_economy,_or_even_letting_them_capture_our_beloved_capital_for_them_to_establish_a_corrupt_democracy._We_could_spy_them_to_prevent_rebellion,_but_it's_too_late_to_fully_prevent_it._Do_we_disarm_them_by_force_or_ignore_the_danger?;;;;;;;;;;;;;
EVTDESC31730;Today_engagements_around_the_country_are_starting,_and_our_forces_are_preparing_for_an_impending_civil_war._Our_people_will_have_to_suffer_over_it,_or_do_we_let_them_live_in_peace,_and_have_all_those_"liberties"_they_want?;;;;;;;;;;;;;
EVTDESC31736;Today_our_people_have_once_again_risen_up,_this_time_in_Madrid,_our_capital._With_rebellious_sentiment_spreading_across_Spain_like_wildfire,_rebellions_brewing_in_Andalusia_and_the_general_populace_losing_confidence_in_our_government,_do_we_try_to_compromise_with_the_rebels_to_prevent_their_victory?;;;;;;;;;;;;;
EVTDESC31732;Today_rebellions_in_Valencia_have_started_for_the_federalist_cause._The_monarchist_troops,_at_the_command_of_Joan_Prim_i_Prats,_which_has_been_Militar_Governor_of_Barcelona_during_its_final_bombing_in_1843,_and_Captain_of_Puerto_Rico,_have_surrounded_Valencia_and_threaten_to_bomb_it_and_stop_the_insurrections_there.;;;;;;;;;;;;;
EVTDESC31733;Our_valiant_troops_have_been_defeated_in_Madrid_after_being_defeated_by_a_sudden_attack_by_federalists._Insurrections_already_have_expanded_to_Málaga_and_other_parts_Spain._We_have_no_hope_left,_we_must_let_them_establish_their_puny_democracy.;;;;;;;;;;;;;
EVTDESC31737;Today_the_Federalists_have_entered_the_King's_residence,_and_not-so-politely_asked_for_peace._We_are_done._¡Arriba_los_Federalistas!;;;;;;;;;;;;;
EVTDESC31738;All_insurrections_have_been_put_down,_and_our_defense_of_Madrid_is_victorious._We_hope_a_similar_scenario_never_happens_again!;;;;;;;;;;;;;
raise_militia_title;Raise a militia;;;;;;;;;;;;;
raise_militia_desc;Our country is too small to raise a regular army, yet we desperately need armed forces. Conscripting peasants into an improvised irregular militia will result in a very disorganized and unprofessional force, but that will have to do. We must simply hope that in the face of danger, such a motley band would not simply melt into desertion. \n\n§RWarning: You have to merge the brigades that are generated by this decision§W;;;;;;;;;;;;;
iasi_national_theatre_title;The Iasi National Theater;;;;;;;;;;;;;
iasi_national_theatre_desc;The first building in Iasi arranged to host theater performances was the "Théâtre des Variétés" (Variety Theater) built in 1832. As the number of local or passing theatrical troupes increased, the building quickly became too small. Thus, the need for a grand theater the likes of which is common in great European cities has arisen. Construction has been proposed to take place in the building which had served as palace to Ionita Sandu Sturdza, ruler of Moldavia from 1822 to 1828. Architect Alexandru Costinescu has made plans for refitting the ground floor into a huge amphitheater surrounded by three rows of loges and crowned with a gallery and large stage.;;;;;;;;;;;;;
german_npolarexp2_title;The German North Polar Expedition;;;;;;;;;;;;;
german_npolarexp2_desc;August Petermann, an expert on cartography and geography has proposed an expedition to the North Pole at a Geographic assembly in Frankfurt organized by the 'Freier Deutscher Hochstift'. Petermann firmly believes in the questionable theory of the open polar sea, concluding that beyond a thin belt of drift ice, the sea surrounding the North Pole is itself devoid of ice. Although Petermann ambitiously hopes that the expedition might reach the pole after clearing the purported ice zone and reaching the open sea, it would still be of great academic value to explore and scientifically analyze the waters and islands of the far North.;;;;;;;;;;;;;
challenger_exped_title;The Challenger Expedition;;;;;;;;;;;;;
challenger_exped_desc;Charles Wyville Thomson, a Scottish natural historian and marine zoologist of the University of Edinburgh and member of the Royal Society of London has requested use of the HMS Challenger to make a scientific circumnavigation of the globe. Goals of the expedition include discovering new species of marine fauna and flora, conducting deep sea soundings, bottom dredges, open water trawls and serial water temperature observations and surveying and exploring Antarctic waters. The ambitious 127,580km journey requiring a crew of 216 lead by 21 officers would certainly be arduous. Experts have predicted 'a great advance in the knowledge of our planet' would be reached by the expedition.;;;;;;;;;;;;;
belgian_spolarexp_title;The Belgian Antarctic Expedition;;;;;;;;;;;;;
belgian_spolarexp_desc;Adrien Victor Joseph de Gerlache de Gomery, a naval officer, is lobbying to purchase the Norwegian-built whaling ship Patria to go on an expedition to Antarctica. He is working together with the Geographical Society of Brussels to raise funds but is still sorely in financing. Subsidizing the expedition would make Belgian national prestige involved in the undertaking and ensure that the potential scientific discoveries to be made in Antarctica would not fail due to lack of funding.;;;;;;;;;;;;;
bw_state_rename_title;Rename Baden-Württemberg;;;;;;;;;;;;;
bw_state_rename_desc;Baden and Württemberg are rightfully $COUNTRY_ADJ$, and should use $COUNTRY_ADJ$ names.;;;;;;;;;;;;;
minsk_state_rename_title;Rename Minsk;;;;;;;;;;;;;
minsk_state_rename_desc;Minsk is rightfully $COUNTRY_ADJ$, and should use $COUNTRY_ADJ$ names.;;;;;;;;;;;;;
grodno_state_rename_title;Rename Grodno;;;;;;;;;;;;;
grodno_state_rename_desc;Grodno is rightfully $COUNTRY_ADJ$, and should use $COUNTRY_ADJ$ names.;;;;;;;;;;;;;
gomel_state_rename_title;Rename Gomel;;;;;;;;;;;;;
gomel_state_rename_desc;Gomel is rightfully $COUNTRY_ADJ$, and should use $COUNTRY_ADJ$ names.;;;;;;;;;;;;;
lepiel_state_rename_title;Rename Lepiel;;;;;;;;;;;;;
lepiel_state_rename_desc;Lepiel is rightfully $COUNTRY_ADJ$, and should use $COUNTRY_ADJ$ names.;;;;;;;;;;;;;
rename_rumelia_title;Rename Rumelia;;;;;;;;;;;;;
rename_rumelia_desc;Rumelia is rightfully $COUNTRY_ADJ$, and should use $COUNTRY_ADJ$ names.;;;;;;;;;;;;;
corse_rename_title;Rename Corsica and Sardinia;;;;;;;;;;;;;
corse_rename_desc;Corsica and Sardinia are rightfully $COUNTRY_ADJ$, and should use $COUNTRY_ADJ$ names.;;;;;;;;;;;;;
eastern_thrace_rename_title;Rename Eastern Thrace;;;;;;;;;;;;;
eastern_thrace_rename_desc;Eastern Thrace is rightfully $COUNTRY_ADJ$, and should use $COUNTRY_ADJ$ names.;;;;;;;;;;;;;
bosnia_renaming_title;Rename Bosnia-Herzegovina;;;;;;;;;;;;;
bosnia_renaming_desc;Bosnia-Herzegovina is rightfully $COUNTRY_ADJ$, and should use $COUNTRY_ADJ$ names.;;;;;;;;;;;;;
DOC_monarchy;Duchy of Columbia;;;;;;;;;;;;;
WAS_dominion;Western Australia;;;;;;;;;;;;;
WAS_monarchy;Western Australia;;;;;;;;;;;;;
TAS_dominion;Van Diemen's Land;;;;;;;;;;;;;
TAS_monarchy;Van Diemen's Land;;;;;;;;;;;;;
SLU_conservative;Konservativnaya partiya;;;;;;;;;;;;;
SLU_liberal;Liberal'naya partiya;;;;;;;;;;;;;
SLU_reactionary;Partiya starogo isteblishmenta;;;;;;;;;;;;;
SLU_radical;Radikal'naya novaya partiya;;;;;;;;;;;;;
SLU_socialist_1;Agrarnaya partiya;;;;;;;;;;;;;
SLU_socialist_2;Proletariatskaya partiya;;;;;;;;;;;;;
SLU_communist;Rabochaya partiya;;;;;;;;;;;;;
SLU_fascist;Panslavyanskaya partiya;;;;;;;;;;;;;
HAW_republic;Hawaii;;;;;;;;;;;;;
HAW_fascist;Hawaiian State;;;;;;;;;;;;;
HAW_communist;Hawaiian Commune;;;;;;;;;;;;;
MS2;Munster;;;;;;;;;;;;;
MS2_ADJ;Munsterian;;;;;;;;;;;;;
ALA_parliamentary_republic;Alawite Republic;;;;;;;;;;;;;
Claim_Grenada_title;Reverse Reconquista;;;;;;;;;;;;;
Claim_Grenada_desc;We must retake our rightful land stolen from us in 1492 and teach those Spanish a lesson!;;;;;;;;;;;;;
Bcme_Grenada_title;Restore Al-Andalus;;;;;;;;;;;;;
Bcme_Grenada_desc;After conquering all our lands before we were expulsed from Granada, we could claim the entirety of Al-Andalus!;;;;;;;;;;;;;
Bcme_Andalus_title;Claim our greatest extent;;;;;;;;;;;;;
Bcme_Andalus_desc;We have reconquered all of our lost lands, and those Spaniards still haven't been fully reconquered. We could try again and claim even more of Spain until they give up.;;;;;;;;;;;;;
bomfim_mahdia_dispute_title;The Pirara Question;;;;;;;;;;;;;
bomfim_mahdia_dispute_desc;In the early 19th century, a territorial dispute began between Portugal and the United Kingdom over the area between the watershed of the Amazon and the Essequibo surrounding the Maú River. Time and time again, tensions have risen over the area due to attempts by our or the British officials to extend administration to the territory, leading to a mutual acceptance of the status quo. Now, the time has come to definitively settle the issue. Proposing an arbitration by the king of Italy should win over the Brits and guarantee a fair outcome.;;;;;;;;;;;;;
Qihezhuo_Rebellion_title;Fund Kata Tiaole;;;;;;;;;;;;;
Qihezhuo_Rebellion_desc;§RGain 2 infamy§! In 1830, Yusuf Khoja attempted to capture Yarkand from the Qing but was beaten back and forced to flee to our lands over the Tian Shan mountains. His revolt was the last in a long chain of conflicts in the region led by members of his bloodline. His oldest son, Yishanhan Khoja, has assumed the title of 'Kata Tiaole', grand prince of the Khojas. He is gathering forces in one last glorious attempt to capture Kashgar for islam but lacks funding. Sponsoring his holy war would be costly but hopefully a decisive blow against Qing rule in Sinkiang.;;;;;;;;;;;;;
sendstudents_qing_title;Send Students to the USA;;;;;;;;;;;;;
sendstudents_qing_desc;By sending several batches of students to America, they can undergo a Western education and bring their knowledge back to China to help modernize the country. The 12-year-olds selected would travel to America and remain for 15 years to complete their studies before returning to assume important positions in our government. §RYou need at least 70% civilization progress, the tooltip lies.§W;;;;;;;;;;;;;
parliament_reconstruction_title;Rebuild the House of Parliament;;;;;;;;;;;;;
parliament_reconstruction_desc;The majority of the Palace of Westminster burned down in 1834 after a bundle of tally sticks caused a stove fire underneath the House of Lords, spreading through the entire complex. We must rebuild the Palace in all its glory--and with the architectural genius Charles Barry having won a public contest for submitting the Palace's new design, we have an opportunity to construct a Parliament building for the ages.;;;;;;;;;;;;;
reform_england_title;Reform England;;;;;;;;;;;;;
reform_england_desc;Now that we have united our region, the time has come to reform England!;;;;;;;;;;;;;
reform_net_title;Reform the Netherlands;;;;;;;;;;;;;
reform_net_desc;Now that we have united our region, the time has come to reform the Netherlands!;;;;;;;;;;;;;
reform_arc_title;Reform the Argentine Confederation;;;;;;;;;;;;;
reform_arc_desc;Now that we have united our region, the time has come to reform the Argentine Confederation!;;;;;;;;;;;;;
form_roman_empire_title;Reform the Roman Empire;;;;;;;;;;;;;
form_roman_empire_desc;Now that we have united all the important cities of our once great empire, the time has come to reform the Roman Empire!;;;;;;;;;;;;;
send_shakespeare_title;Shakespear's Mission to Khiva;;;;;;;;;;;;;
send_shakespeare_desc;Russia has long been scheming to conquer the Khanate of Khiva. While their last attempt in 1717 was pushed back, news has reached us of a large force gathering in Orenburg that is clearly being assembled for a march across the steppe into Khiva. Russia's primary justification for their aggression against the Khanate is their holding of many Russian fishermen captured from the eastern Caspian as slaves. Major d'Arcy Todd of our mission to Herat has suggested sending his political assistant, Richmond Campbell Shakespear, as an emissary to Khiva to attempt to convince the Khan to release the Russian slaves, thus removing the Russian pretext for war. However, we do not know whether Russia will already have invaded Khiva by the time he would arrive, nor whether he would be able to survive the dangerous journey.;;;;;;;;;;;;;
mines_lategame_afg_title;The New Afghan Mining Industry;;;;;;;;;;;;;
mines_lategame_afg_desc;Coal deposits have long been known near Herat, Qonduz, and Balkh as well as iron deposits near Bamyan. Our industry is in desperate need of a new cash cow, and we must prepare whatever natural resources we unearth to trade on the global market.;;;;;;;;;;;;;
india_je_russia_title;The Duhamel Plan;;;;;;;;;;;;;
india_je_russia_desc;General Alexander Osipovich Duhamel proposes a radical response to the war with Britain: an invasion of British India. The plan would involve a primary route through Persia and Afghanistan into India by means of the Khyber Pass, which leads into the Peshawar Valley. Duhamel hopes that Russia could build an alliance with the Sikh Empire and prod the locals into a rebellion against the British, particularly the Muslims of Northern and Western India. The plan also has seven alternate routes that make use of passage through Persia and the Turkic sultanates.;;;;;;;;;;;;;
culture_makassar;Makassarese;Makassarese;Makassarese;;Makassarese;;;;;;;;;
JAMEOPTION;Jérôme Bonaparte will endear us to France.;;;;;;;;;;;;;
JAMEONE;Jérôme as King of Greece?;;;;;;;;;;;;;
JAMEKINGOFGREECE;Jérôme as King of Greece;;;;;;;;;;;;;
JAMECROWNEDKINGOFGREECE;Jérôme Crowned King of Greece;;;;;;;;;;;;;
AGRESSION_WAR_CONQUEST_ANY_NAME_QNG_TAI;The $ORDER$Taiwanese Revolt;;;;;;;;;;;;;
NORMAL_WAR_CONQUEST_ANY_NAME_QNG_TAI;The $ORDER$Taiwanese Revolt;;;;;;;;;;;;;
purchase_taiwan_title;The Formosa Purchase;;;;;;;;;;;;;
purchase_taiwan_desc;Our admirals see great potential for expanding our influence in East Asia. After an expedition to Japan, some of our sailors docked in Keelung, on the Chinese island of Formosa (known in Chinese as Taiwan), to inspect coal deposits and assess their potential for mining. They report that the island is both highly lucrative and easy to defend, making it a perfect colony. It would also counteract the expansion of European markets in Asia--putting us more prominently on the world stage.;;;;;;;;;;;;;
claim_sendakan_title;Claim Sabah;;;;;;;;;;;;;
claim_sendakan_desc;Our influence over the Sulu Sultanate is weakening with the purchase of a foreign colony in northeast Borneo. We must reassert our claims to Sabah, or reach a deal to resolve the situation.;;;;;;;;;;;;;
victoria_lines_title;The Victoria Lines;;;;;;;;;;;;;
victoria_lines_desc;The island of Malta in the Mediterranean Sea is immensely geostrategically valuable to us. Along with Gibraltar, it ensures us a safe port in the Mediterranean on the route to the Suez canal to India. The construction of a line of fortifications between the populated Southeast of the island and the more hilly, defensible Northwest has been proposed. They would be dubbed 'The Victoria Lines', named after our beloved queen.;;;;;;;;;;;;;
AGRESSION_WAR_ADD_TO_SPHERE_NAME_FRA_HAW;The Laplace Affair;;;;;;;;;;;;;
NORMAL_WAR_ADD_TO_SPHERE_NAME_FRA_HAW;The Laplace Affair;;;;;;;;;;;;;
hawaiian_constitution_1840_title;The 1840 Constitution;;;;;;;;;;;;;
hawaiian_constitution_1840_desc;As our nation begins to modernize, our king has decided that it is high time to adopt a formal written constitution of our laws and government. It shall be written in a manner that allows for the common people to have some choice in government, while still giving the majority of the power to the king.;;;;;;;;;;;;;
PLY_fascist;Oceania;;;;;;;;;;;;;
great_mahele_title;Begin the Great Mahele;;;;;;;;;;;;;
great_mahele_desc;The old land management system of ancient times has grown inadequate for our modernizing nation. The arrival of plantations, mills, and industry has clashed with our past system of communal land ownership. We will privatize much of this land, and allow it to be sold to private and foreign interests in order to develop our kingdom.;;;;;;;;;;;;;
hawaiian_constitution_1852_title;The 1852 Constitution;;;;;;;;;;;;;
hawaiian_constitution_1852_desc;Although the 1840 Constitution made great strides to the modernization of our kingdom, we still lag behind the governments of the western powers. Inspired by British and American administration, we shall reform into a proper constitutional monarchy and guarantee suffrage to all.;;;;;;;;;;;;;
construct_haw_medical_title;Build the Queen's Medical Center;;;;;;;;;;;;;
construct_haw_medical_desc;Disease has ravaged our kingdom for decades and killed perhaps half of the native population of our islands. Our king, following a proposal from an American physician, has declared the construction of a grand hospital in our capital in order to halt the spread of disease.;;;;;;;;;;;;;
honolulu_rifles_title;Found the Honolulu Rifles;;;;;;;;;;;;;
honolulu_rifles_desc;In order to protect and maintain internal order in our kingdom, the King has declared the foundation of a new military unit, comprised of Western soldiers, officers, and equipment. These "Honolulu Rifles" shall be the elite troops of our proud army.\n\n§RWarning: You have to merge the brigades that are generated by this decision§W;;;;;;;;;;;;;
annex_palmyra_atoll_title;Annex Palmyra Atoll;;;;;;;;;;;;;
annex_palmyra_atoll_desc;The tiny atoll of Palmyra lies far to the South of our islands. Although not of significant strategic value, sending a contingent to annex it would prevent other powers from encroaching on our territorial waters.;;;;;;;;;;;;;
annex_midway_atoll_title;Annex Midway Atoll;;;;;;;;;;;;;
annex_midway_atoll_desc;The chain of the Hawaiian Islands expands westward across a number of tiny atolls. Chief among these is Kauihelani, or "Midway", a small atoll which may see some use as a fishing outpost or coaling station. We must annex these tiny islands to expand our kingdom.;;;;;;;;;;;;;
hawaiian_constitution_1864_title;The 1864 Constitution;;;;;;;;;;;;;
hawaiian_constitution_1864_desc;In contrast to the reformists kings Kamehameha III & IV, Kamehameha V seeks to return the powers of the monarch to their traditional standing. He proposes a new constitution to increase royal powers and resurrect the abolished office of the Kuhina Nui.;;;;;;;;;;;;;
kahului_railroad_title;The Kahului Railroad;;;;;;;;;;;;;
kahului_railroad_desc;Foreign industrialists have encouraged the construction of small railroads to improve connections between the inland plantations on our islands and the ports. If we begin construction, we can further expand our sugar and fruit production.;;;;;;;;;;;;;
INTERVENEINHAWAII;Our influence in Hawaii has been threatened by a number of factors, including widespread popular support for the Monarchy against foreign investment and development. Luckily, a committee of local business interests has approached us with a proposal to annex the kingdom into our realm, requiring only material support in the overthrow of the Hawaiian queen. While these actions will surely seem uncouth on the world stage, they may be required to secure a proper hold over the Pacific.;;;;;;;;;;;;;
MONARCHYOVERTHROWN;The Committee of Public Safety, backed by local business interests and the $SPHEREMASTER$ navy, have overthrown the Hawaiian monarchy in a frightening coup d'etat. In the Kingdom's place now lies the Hawaiian Republic, a practical puppet state of the $SPHEREMASTER$. Rumor has is that the Committee of Public Safety is preparing plans for annexation...;;;;;;;;;;;;;
build_the_iolani_palace_title;Build The 'Iolani Palace;;;;;;;;;;;;;
build_the_iolani_palace_desc;Our King has recommended the construction of a grand new royal palace in the western style on the site of our current, fitting to the image of our modernizing kingdom. Construction will take resources, but improve the prestige and popularity of our monarchy.;;;;;;;;;;;;;
IOLANIPALACEEVENT;'Iolani Palace has finally been completed. Following a massive investment and foreign contracting, the new building measures 23 meters tall and features an elaborate throne room and is surrounded by gardens and a large public pavilion for use in coronations and other ceremonies.;;;;;;;;;;;;;
reassert_hawaii_RUS_title;Reassert Dominance in Hawai'i;;;;;;;;;;;;;
reassert_hawaii_RUS_desc;§RGain 2 infamy§! Several decades ago the Russian-American Company maintained a series of forts in the islands of Hawaii. Although we were pushed out, the Company has never truly abandoned claim to the resource-rich islands, and have at times approached the government in wishing to reclaim their control over the islands from the native monarchy. Hawaii could prove to be a valuable outpost for our empire...;;;;;;;;;;;;;
RUSFAILSTORETRIBUTE;Our expedition to Hawaii has ultimately not been successful. Including British and American officers, the Hawaiian Army was able to repel many of our landing parties, and those that landed were forced to retreat after several days of pitched battles and stalemates. If we wish to return to the islands, it will have to be with a large scale invasion;;;;;;;;;;;;;
sendstudents_haw_title;Send Students Abroad;;;;;;;;;;;;;
sendstudents_haw_desc;To improve the research capacity of our kingdom, it would be crucial for promising Hawaiian students (especially those from the nobility) to receive a proper education in universities in England and America. We should invest in a study abroad program for our students.\n\n§RYou need at least 70% civilization progress, the tooltip lies.§W;;;;;;;;;;;;;
polynesian_destiny_title;The Polynesian Destiny;;;;;;;;;;;;;
polynesian_destiny_desc;§RGain 3 infamy§! King Kalakaua has an ambitious plan - to unite the tiny kingdoms and islands of Polynesia into a single empire. To begin, we must claim the islands as our rightful territory - we shall let no foreign power lay claim to Polynesia!;;;;;;;;;;;;;
form_polynesia_title;Become Polynesia;;;;;;;;;;;;;
form_polynesia_desc;With the major islands of Polynesia in our grasp, now it is time to forge a new destiny as the Kingdom of Polynesia. Our people must be united under a single banner and a single monarch!;;;;;;;;;;;;;
guhh_polynesia_title;Reunite the Central Pacific;;;;;;;;;;;;;
guhh_polynesia_desc;The islands explored and settled by our ancestors must be united once more. From Madagascar to the West, to Taiwan to the North, to Aotearoa to the South, the Polynesian flag must fly. Let the other powers tremble - Polynesia rules the waves!;;;;;;;;;;;;;
SARAWAKREBELLION;Following the discovery of antimony ore in the Kuching region, where this rebellion is centered, Pangeran Indera Mahkota (a representative of our great Sultanate) began to develop the territory between 1824 and 1830. When antimony production increased, we demanded higher taxes from Sarawak to maximize profit, and this has led to civil unrest and chaos. In 1839 we appointed the uncle of the sultan, Pengiran Muda Hashim, to restore order in the region. However the people of Kuching have found a newfound sympathy with the rebellion, and now go to arms to stop him... May God have mercy on the Sultanate of Brunei.;;;;;;;;;;;;;
SARAWAKREBELLIONGOESWELL;After some battles in the jungle, we have lost Simanggang to the Sarawak Rebellion. Their advance threatens the nearby city of Kuching.;;;;;;;;;;;;;
SARAWAKREBELLIONOCCUPIESBINTULU;After some battles in the jungle, with both camps using it to their advantage, we have lost Bintulu, the province that's nearest to our capital, and now control all those proud Bruneians. After Pengiran Muda Hashim's failure in the war, we could sue for peace to those merciless Sarawakans.;;;;;;;;;;;;;
BRIISHSUPPORTREBELLION;After a campaign of diplomacy in London, the British are helping us defeat the filthy Sultanate of Brunei and reclaim what's ours. This doesn't mean they are our ally, yet we can still use their supplies that to our advantage.;;;;;;;;;;;;;
BRIISHHELPSBRUNEIQUESTION;The entire Sultanate of Brunei is at the moment losing to Sarawak, which has lots of British landowners which bring profit of the antimony ore mined there to the great British Empire. So, to protect our interests we could bring the Sarawak under our inescapable sphere of influence, for them to grow with the British Empire, or help Brunei.;;;;;;;;;;;;;
SIMANGGANGJESARAWAKSWK;Our Raj must expand its territory! We should demand the Sultanate of Brunei cede the region around Limbang to our Raj, or face war.;;;;;;;;;;;;;
SARAWAKWSIMANGGANGYESSWK;The Sultanate of Brunei has wisely given up the territory of Limbang to us, fearing British retribution. Our Raj marches onwards!;;;;;;;;;;;;;
SARAWAKWSIMANGGANGNOSWK;The foolish Sultan of Brunei has refused our demands. The obvious answer is war.;;;;;;;;;;;;;
SARAWAKWSIMANGGANGENG;The 'White Rajah' of Sarawak has requested our support in a territorial dispute against the Sultanate of Brunei. As an Englishman, it would be natural to support Sarawak's claim, but the territory is rather remote.;;;;;;;;;;;;;
SARAWAKWSIMANGGANGWAR;The British have offered support for our rightful cause against the cruel sultan. To war we march, for our claims and conquest!;;;;;;;;;;;;;
SARAWAKWSIMANGGANGWARNOENG;The British have refused support for our rightful cause against the cruel sultan. We can choose either to continue our plans of war, or back down.;;;;;;;;;;;;;
SARAWAKWBINTULUENG;The 'White Rajah' of Sarawak has requested our support in a territorial dispute against the Sultanate of Brunei. As an Englishman, it would be natural to support Sarawak's claim, but the territory is rather remote.;;;;;;;;;;;;;
SARAWAKWBINTULUWAR;The British have offered support for our rightful cause against the cruel sultan. To war we march, for our claims and conquest!;;;;;;;;;;;;;
SARAWAKWBINTULUWARNOENG;The British have refused support for our rightful cause against the cruel sultan. We can choose either to continue our plans of war, or back down.;;;;;;;;;;;;;
SARAWAKWMARUDIENG;The 'White Rajah' of Sarawak has requested our support in a territorial dispute against the Sultanate of Brunei. As an Englishman, it would be natural to support Sarawak's claim, but the territory is rather remote.;;;;;;;;;;;;;
SARAWAKWMARUDIWARYESENG;The British have offered support for our rightful cause against the cruel sultan. To war we march, for our claims and conquest!;;;;;;;;;;;;;
SARAWAKWMARUDIWARNOENG;The British have refused support for our rightful cause against the cruel sultan. We can choose either to continue our plans of war, or back down.;;;;;;;;;;;;;
greater_oregon_title;Claim Greater Oregon;;;;;;;;;;;;;
greater_oregon_desc;While established as a neutral territory between the United States and Canada, our burgeoning republic cannot be neutral forever. We should claim the outlying territories of the region as our own, to allow for further settlement and expansion of our rising nation.;;;;;;;;;;;;;
greater_oregon_electricboogaloo_title;Claim Greater Oregon;;;;;;;;;;;;;
greater_oregon_electricboogaloo_desc;As Oregon rises as a regional power, we should expand our claims even further, to the eastern slopes of the Rocky Mountains in Montana and Wyoming, as well as to the arctic region of Yukon.;;;;;;;;;;;;;
create_pacifica_uor_title;Become Pacifica;;;;;;;;;;;;;
create_pacifica_uor_desc;With our expansion into California, much of our population now lives outside the former Oregon Country. We should seek a new destiny as the Republic of Pacifica, and unite the lands of the west as a single nation.;;;;;;;;;;;;;
greater_pacifica_title;Claim Greater Pacifica;;;;;;;;;;;;;
greater_pacifica_desc;Pacifica has risen as a great power in its own right, and it is just that we claim the whole of the mighty west as part of our mighty nation. Long live Pacifica!;;;;;;;;;;;;;
greater_deseret_title;Claim Greater Deseret;;;;;;;;;;;;;
greater_deseret_desc;With the independence of our proud Theodemocracy, we must claim all the territories of the Great Basin as part of our proud nation. Long live Deseret!;;;;;;;;;;;;;
greater_deseret_electricboogaloo_title;Become The Theodemocracy of Zion;;;;;;;;;;;;;
greater_deseret_electricboogaloo_desc;While our territorial expansion has been successful, there are still additional territories outside the core of Deseret that have proven of interest to Mormon settlers. We should claim these as part of our fair nation.;;;;;;;;;;;;;
Claim_DES_title;Reclaim all of Zion;;;;;;;;;;;;;
Claim_DES_desc;While many years ago the Mormons were exiled from the lands along the Missouri and Mississippi, we have never forgotten our rightful claim over the lands of the ancient Garden of Eden. The misery and pain the Americans had inflected must be avenged - all the land must rise under the banners of Zion!;;;;;;;;;;;;;
deseret_trolling_title;Rename the Holy Sites;;;;;;;;;;;;;
deseret_trolling_desc;Several sites in our newly conquered territories hold great importance in the Book of Mormon. We must rename these to represent the Latter Day Saints control over the Midwest.;;;;;;;;;;;;;
build_new_jerusalem_title;Build New Jerusalem;;;;;;;;;;;;;
build_new_jerusalem_desc;The town currently known as Independence, Missouri was prophesied by Prophet Joseph Smith as being the site of New Jerusalem, the Millennial city to be the capital of Christendom and the site of the future Second Coming. We must fulfill the prophecy and on the site build the grandest city the Earth has ever seen.;;;;;;;;;;;;;
annex_wake_HAW_title;Annex Wake and Marcus Atoll;;;;;;;;;;;;;
annex_wake_HAW_desc;Far to the West of Hawaii lies the tiny atoll known as Wake. Although it was never visited by our ancestors, claiming the small island could be a vital step to securing our influence over the western Pacific from the other powers.;;;;;;;;;;;;;
buy_solomon_HAW_title;Buy Sikaiana;;;;;;;;;;;;;
buy_solomon_HAW_desc;Several decades ago, the small atoll of Sikaiana, a Polynesian enclave within the Solomon Islands, pledged their allegiance to the Hawaiian Crown. Although we have never officially acted on this claim, it has opened up the possibility of purchasing the archipelago from its current colonial owners to expand our influence to the Western Pacific.;;;;;;;;;;;;;
measles_epidemic_a;Measles Epidemic;;;;;;;;;;;;
measles_epidemic_a_desc;There is a horrific epidemic of Measles on our islands, creating a massive population loss - especially among the native Hawaiian residents of our kingdom.;;;;;;;;;;;;
measles_epidemic_b;Measles Epidemic;;;;;;;;;;;;
measles_epidemic_b_desc;There is a horrific epidemic of Measles on our islands, creating a massive population loss - especially among the native Hawaiian residents of our kingdom.;;;;;;;;;;;;
measles_epidemic_c;Measles Epidemic;;;;;;;;;;;;
measles_epidemic_c_desc;There is a horrific epidemic of Measles on our islands, creating a massive population loss - especially among the native Hawaiian residents of our kingdom.;;;;;;;;;;;;
measles_epidemic_d;Measles Epidemic;;;;;;;;;;;;
measles_epidemic_d_desc;There is a horrific epidemic of Measles on our islands, creating a massive population loss - especially among the native Hawaiian residents of our kingdom.;;;;;;;;;;;;
edict_of_toleration;The Edict of Toleration;;;;;;;;;;;;
edict_of_toleration_title;The Edict of Toleration;;;;;;;;;;;;
edict_of_toleration_desc;The Catholic Church, in addition to the various Protestant faiths, must be allowed to preach their religion. The Edict of Toleration allows the free practice of all churches in our kingdom.;;;;;;;;;;;;
the_merry_monarch;The Merry Monarch;;;;;;;;;;;;
the_merry_monarch_desc;King Kalakaua enjoys considerable popularity among the people, and his ambitions for a greater Polynesian kingdom might take our nation to new heights?;;;;;;;;;;;;
the_prince_of_the_people;The Prince of the People;;;;;;;;;;;;
the_prince_of_the_people_desc;King Kalaniana'ole enjoys a large amount of popular support due to his promotion of traditional Hawaiian cultural policies, as well as his steadfast protection of the Hawaiian language;;;;;;;;;;;;
first_red_scare;The First Red Scare;;;;;;;;;;;;
first_red_scare_desc;The federal government has embarked on a covert campaign against communist and soocialist influences in our nation through the creation of the Radical Division. Headed by Director John Edgar Hoover, the Division seeks to destroy communist infiltration internal and external.;;;;;;;;;;;;
VANCOUVERISLANDSPLITMAYBEWAR;The talks with the British have broken down, primarily due to the continuing calls by warmongering politicians. Neither of our options now is very pleasant: either we abandon our claims to Vancouver no matter what some might think, or we press ahead with the claims and brace for eventual war.;;;;;;;;;;;;;
reclaim_dytikos_kafkasos_title;Reclaim Dytikós Káfkasos;;;;;;;;;;;;;
reclaim_dytikos_kafkasos_desc;§RGain 4 infamy§! Seeing as we've restored our westernmost claims, perhaps the Greek rich regions of our formal Caucasian vassal can finally unite with the empire as well.;;;;;;;;;;;;;
reclaim_krimaia_title;Reclaim Krimaía;;;;;;;;;;;;;
reclaim_krimaia_desc;§RGain 3 infamy§! Seeing as we've restored our claims to our formal Caucasian vassal, perhaps the Greek rich regions of Krimaía can finally unite with the empire as well.;;;;;;;;;;;;;
LADOENCLAVEHASTOBEBRITISH;Colonial tensions have mounted over a dispute between British and Belgian colonial borders around the Lado Enclave. With the Belgians threatening to expand their claims over the economically valuable area, we should use our position to push Belgian influence out of Lado and the Sudd.;;;;;;;;;;;;;
LADOENCLAVEWILLBEBRITISH;Britain has demanded that we give up claims to the Lado Enclave, claiming an infringement of their colonial territorial sovereignty. While this is plainly ridiculous, the large stretch of African jungle might not be worth the cost of alienating and potentially going to war against the British Empire.;;;;;;;;;;;;;
LADOENCLAVEISBRITISH;The Belgians have, as expected, conceded to our demands and given up claims over the Lado territory. We have now solidified our control over the exterior regions of Sudd and Uganda.;;;;;;;;;;;;;
LADOENCLAVEISNTBRITISH;Belgium must be led by fools. They have refused to give up claim to the Lado region despite our military posturing. Although a war with Belgium might be disastrous, the influence of Britain on the world stage relies on having the strength to back up our colonial claims.;;;;;;;;;;;;;
lado_enclave_peace_briishswon_title;The Lado Dispute: Peace Treaty;;;;;;;;;;;;;
lado_enclave_peace_briishswon_desc;With our victory against the foolhardy Belgians, we can assert proper British control over the disputed African territories of Lado and Wadelai, as well as parts of the northeastern Congo.;;;;;;;;;;;;;
lado_enclave_peace_belgium_title;The Lado Dispute: Peace Treaty;;;;;;;;;;;;;
lado_enclave_peace_belgium_desc;We have won, against all odds, against the British. Now we must secure and expand our claims in central Africa, so that no power may question the might of our colonial forces again!;;;;;;;;;;;;;
ALASKABOUNDARYWARREFUSED;$FROMCOUNTRY$ has refused to negotiate a settlement concerning the Alaska boundary dispute. They refuse to abandon their claims to the disputed regions in Alaska and we may have to face them on the field of battle. While $FROMCOUNTRY$ is indeed a mighty foe, and the territory in question is quite small, backing down could be a sign of weakness and a humiliation to our citizens.;;;;;;;;;;;;;
THEBRITISHACCEPTALASKANEXTENTION;The $FROMCOUNTRY_ADJ$ have accepted the Committee's decision with only minor disapproval. Our claimed territories in Alaska are now fully and unquestionable within our control.;;;;;;;;;;;;;
ALASKABOUNDARYBALANCEDBRITISHACCEPT;$FROMCOUNTRY$, as expected, has accepted the compromise proposal of the Arbitration Committee. Although we have not gotten everything we wanted, our exact borders in the region are now clearly defined.;;;;;;;;;;;;;
alaska_peace_briishswon_title;The Alaskan Border Dispute: British Victory;;;;;;;;;;;;;
alaska_peace_briishswon_desc;With our victory in the Alaskan War against the Americans, we can now properly assert our claims over the disputed regions of Alaska.;;;;;;;;;;;;
alaska_peace_usawon_title;The Alaskan Border Dispute: USA Victory;;;;;;;;;;;;;
alaska_peace_usawon_desc;With our victory in the Alaskan War against the British, we can now properly assert our claims over the disputed regions of Alaska.;;;;;;;;;;;;
core_eesti_danes_title;Claim Estonia;;;;;;;;;;;;
core_eesti_danes_desc;§RGain 3 infamy§! Now that we have achieved dominance over Scandinavia, the time has finally come to re-establish our claim to the Duchy of Estonia. King Valdemar II defeated the Estonians at the  Battle of Lindanise in 1219, planting the Danish flag firmly on Baltic soil. Our final holdout, the island of Øsel, was lost to Sweden over 400 years later in the 1645 Treaty of Brömsebro.;;;;;;;;;;;;;;
statto_da_mar_title;Claim the Statto da Mar;;;;;;;;;;;;
statto_da_mar_desc;§RGain 3 infamy§! With our position in Dalmatia now secured, we can finally turn our eyes East once more. Venice has been deprived of its overseas dominions for too long. The time has come for us to reclaim our rightful lands! For Venice!;;;;;;;;;;;;;;
founding_atlanta_title;Found Atlanta;;;;;;;;;;;;;
founding_atlanta_desc;With the growth of our railroad system in Georgia, communities have gathered around the terminus of the Western and Atlantic Railroad near the Chattahoochee. Incorporating the area as a new city, Atlanta, will bring prosperity and growth to the as-yet rural region.;;;;;;;;;;;;;
founding_milwaukee_title;Found Milwaukee;;;;;;;;;;;;;
founding_milwaukee_desc;Three small settlements along the shore of Lake Michigan, Juneaustown, Kilbourntown, and Walker's Point, have grown significantly in the past few years. By incorporating these as the city of Milwaukee, we can drive new settlement to Wisconsin.;;;;;;;;;;;;;
lincoln_highway_title;Build the Lincoln Highway;;;;;;;;;;;;;
lincoln_highway_desc;Local business, states, counties, and towns have put together a collection of roadways across the nation. By investing and formalizing these roads into a coast-to-coast 'Lincoln Highway', we can encouraging travel and the growing automotive industry in America.;;;;;;;;;;;;;
INDEPENDENTTEXAS;\n\nTexas has declared its secession from the Union. However, they have opted not to join the Confederacy alongside the other Southern states and claim the restoration of the old Republic of Texas. While this is still a treasonous secession from the Union, an independent Texas may be less of an immediate threat to the union than the surging Confederacy.;;;;;;;;;;;;;
colonize_ambasbay_title;Colonize Ambas Bay;;;;;;;;;;;;;
colonize_ambasbay_desc;Several missionary and trader expeditions to a region known as Ambas Bay in Cameroon have founded a small colony known as Victoria. By officially annexing the area, we can expand proper British influence in the Gulf of Guinea region.;;;;;;;;;;;;;
found_yellowstone_park_title;Found Yellowstone National Park;;;;;;;;;;;;;
found_yellowstone_park_desc;A great stretch of rural wilderness in northwestern Wyoming has been proposed as the site of a grand 'national park'. Known as the Yellowstone Valley, the essentially untouched area is home to volcanic geysers, hot springs, mountain ranges, and a plethora of flora and fauna. Protecting the area would preserve our the natural heritage of our nation.;;;;;;;;;;;;;
yellowstone;Yellowstone National Park;;;;;;;;;;;;;
yellowstone_desc;The National Park in Yellowstone is experiencing a large tourism boom.;;;;;;;;;;;;;
hotsprings_modifier;Hot Springs National Park;;;;;;;;;;;;;
hotsprings_modifier_desc;The National Park in Hot Springs is experiencing a large tourism boom.;;;;;;;;;;;;;
hotsprings_national_park_title;The Hot Springs Natural Reservation;;;;;;;;;;;;;
hotsprings_national_park_desc;The Hot Springs of Arkansas have become a legendary attraction to many across the country, with travelers far and wide arriving to indulge in the steaming hot and supposedly healing waters of the area. Protecting the area by an Act of Congress will help preserve the area for the future and boost development in the area.;;;;;;;;;;;;;
nationalparksservice_title;Found the National Parks Service;;;;;;;;;;;;;
nationalparksservice_desc;While various wilderness areas have been organized under federal protection to preserve their natural beauty, there exists no single agency to manage these areas. The creation of a National Parks Service will allow us to preserve the natural beauty of America for future generations, and provide a valuable tourism opportunity in rural parts of the nation.;;;;;;;;;;;;;
palmerraids_title;The Palmer Raids;;;;;;;;;;;;;
palmerraids_desc;Socialist, Communist, and Anarchist organizing has reached a new wave in America, and elements of law enforcement have proposed in a mass campaign to arrest, try, and deport prominent activists. Although this would be seen as highly undemocratic and an overreach of the federal government's powers by some, it may be required to protect our republic from would-be Communist revolutionaries.;;;;;;;;;;;;;
ANIMETITLE;Animeshon;;;;;;;;;;;;;
SEXUALWISSENSCHAFTTITLE;Institut für Sexualwissenschaft;;;;;;;;;;;;;
HAWAIIANNEXEDBRIISH;The death of the pro-British Queen Emma Kaleleokalani has created a power vacuum in the island kingdom of Hawaii. Several of our foreign ministers have proposed the use of this opportunity to create a British protectorate over the islands, but this may incur some minor grumbling from the other powers with interests in the Pacific region.;;;;;;;;;;;;;
RESTORATIONHAWMONARCHY;After the USA's pacification of our territory, our Monarchy has been restored and the Red, white and blue flies again over the 'Iolani Palace.;;;;;;;;;;;;;
haw_constitution_1893_title;Lili'uokalani's Constitution;;;;;;;;;;;;;
haw_constitution_1893_desc;With our freedom secured, Queen Lili'uokalani has proposed a new constitution for our Kingdom rolling back the Bayonet Constitution and restoring the rights of the 1864 Constitution. Granting women's suffrage, minority rights, greater executive power to the Monarchy, and curtailing the authority of the Big Five, the constitution will be seen as a restoration of Hawaiian sovereignty.;;;;;;;;;;;;;
prospect_venezuela_title;Prospect for Natural Resources;;;;;;;;;;;;;
prospect_venezuela_desc;With our economic destitution following the war of independence against Spain, instability and civil wars, the lack of foreign investment and the inability to acquire loans, we were long unable to search for rumored deposits of valuable veins of iron and coal. Now that we've gained significant standing on the international stage and have sufficient capital to invest in prospecting, perhaps it is time to begin the exploration and exploitation of our underdeveloped resources.;;;;;;;;;;;;;
PIGWARUSAWON;\n\nThe so-called "Pig War" against the British has ended, in our favor. We could take this opportunity to claim the whole of Vancouver Island and the Queen Charlotte Islands, both known for their wealth in timber and minerals.;;;;;;;;;;;;;
PIGWARBRIISHWON;\n\nThe so-called 'Pig War' against the Americans has ended, in our favor. We should take this opportunity to expand our control to the whole of the Puget Sound region, valuable for fishing and agricultural development.;;;;;;;;;;;;;
1886WINTERTITLE;The Winter of 1886–1887;;;;;;;;;;;;;
form_ukrainian_nation_title;Reform Ukraine;;;;;;;;;
form_ukrainian_nation_desc;Now that we have united our region, the time has come to reform Ukraine!;;;;;;;;;;;;;
form_byelorussian_nation_title;Reform Belarus;;;;;;;;;;;;;
form_byelorussian_nation_desc;Now that we have united our region, the time has come to reform Belarus!;;;;;;;;;;;;;
form_portuguese_nation_title;Reform Portugal;;;;;;;;;;;;;
form_portuguese_nation_desc;Now that we have united our region, the time has come to reform Portugal!;;;;;;;;;;;;;
form_lithuanian_nation_title;Reform Lithuania;;;;;;;;;;;;;
form_lithuanian_nation_desc;Now that we have united our region, the time has come to reform Lithuania!;;;;;;;;;;;;;
form_latvian_nation_title;Reform Latvia;;;;;;;;;;;;;
form_latvian_nation_desc;Now that we have united our region, the time has come to reform Latvia!;;;;;;;;;;;;;
form_hungarian_nation_title;Reform Hungary;;;;;;;;;;;;;
form_hungarian_nation_desc;Now that we have united our region, the time has come to reform Hungary!;;;;;;;;;;;;;
form_irish_nation_title;Reform Ireland;;;;;;;;;;;;;
form_irish_nation_desc;Now that we have united our region, the time has come to reform Ireland!;;;;;;;;;;;;;
form_occitan_nation_title;Reform Occitania;;;;;;;;;;;;;
form_occitan_nation_desc;Now that we have united our region, the time has come to reform Occitania!;;;;;;;;;;;;;
form_georgian_nation_title;Reform Georgia;;;;;;;;;;;;;
form_georgian_nation_desc;Now that we have united our region, the time has come to reform Georgia!;;;;;;;;;;;;;
form_azeri_nation_title;Reform Azerbaijan;;;;;;;;;;;;;
form_azeri_nation_desc;Now that we have united our region, the time has come to reform Azerbaijan!;;;;;;;;;;;;;
form_australian_nation_title;Reform Australia;;;;;;;;;;;;;
form_australian_nation_desc;Now that we have united our region, the time has come to reform Australia!;;;;;;;;;;;;;
reform_austria_title;Reform Austria;;;;;;;;;;;;;
reform_austria_desc;Now that we have united our region, the time has come to reform Austria!;;;;;;;;;;;;;
form_french_nation_title;Reform France;;;;;;;;;;;;;
form_french_nation_desc;Now that we have united our region, the time has come to reform France!;;;;;;;;;;;;;
1851COPIAPOOPT;May we recover fully from this tremor.;;;;;;;;;;;;;
1859COPIAPOOPT;¡Dios tenga piedad!;;;;;;;;;;;;;
1893PUNTAARENASOPT;Does Mother Nature ever relent?;;;;;;;;;;;;;
1918COPIAPOOPT;That town is cursed. No one should live there.;;;;;;;;;;;;;
1928TALCAOPT;Why Chile? Why us?;;;;;;;;;;;;;
1902SAMAXIOPT;Have mercy, Lord!;;;;;;;;;;;;;
1838VRANCEAOPT;The earth shakes and we pierce the heavens with our cries of terror!;;;;;;;;;;;;;
1928PLODVIVOPT;God save us. Please.;;;;;;;;;;;;;
SIAM1932OPT;With our own soldiers at our throats, perhaps it is.;;;;;;;;;;;;;
establish_linconia_title;The Chiriquí Project;;;;;;;;;;;;;
establish_linconia_desc;The possibility of founding a black colony in the Chiriquí district of Panama, an outlying part of Colombia, has been proposed in Congress. The area has evidence of very rich coal mines and among the finest harbors in the world. There are, however, several issues: Colombia is a very unstable country that has seen many civil wars. Additionally, the region is disputed with Costa Rica. Both may object to us purchasing the land.;;;;;;;;;;;;;
asakir_i_zaptiye_nizamnamesi_title;Asakir-i Zaptiye Nizamnamesi;;;;;;;;;;;;;
asakir_i_zaptiye_nizamnamesi_desc;Countries across Europe have begun establishing so-called 'gendarmeries', armed forces somewhere between police and army. They are trained for combat and more heavily armed than regular policemen, but never face enemy armies. Organizing such a force would help maintain order in our empire -- especially in the unruly Balkans.;;;;;;;;;;;;;
asakir_i_zaptiye_nizamnamesi_m;Asakir-i Zaptiye Nizamnamesi;;;;;;;;;;;;;
asakir_i_zaptiye_nizamnamesi_m_desc;The Asakir-i Zaptiye Nizamnamesi is our answer to unrest. A force of trained gendarmes, they ensure order in the empire.;;;;;;;;;;;;;
EVTDESC2425353;\n\nLocal_farmers_in_$PROVINCENAME$_are_experiencing_a_boom_in_profits_from_their_sugar_crops._Though_the_province's_agriculture_isn't_yet_fully_specialized_in_sugar,_it_may_be_time_to_change_that._Sugar_is_indeed_a_wildly_profitable_cash_crop,_after_all.;;;;;;;;;;;;;
EVTNAME2425353;Sugarcane takes hold in $PROVINCENAME$;;;;;;;;;;;;;
EVTDESC89755432;\n\nLocal_farmers_in_$PROVINCENAME$_are_experiencing_a_boom_in_profits_from_their_cotton._Though_the_province's_agriculture_isn't_yet_fully_specialized_in_cotton,_it_may_be_time_to_change_that._Cotton_is_indeed_a_wildly_profitable_cash_crop,_after_all.;;;;;;;;;;;;;
EVTNAME89755432;Cotton takes hold in $PROVINCENAME$;;;;;;;;;;;;;
algiers_treaty_port_title;The Algiers Treaty Port;;;;;;;;;;;;;
algiers_treaty_port_desc;Founded as a colony by the Phoenecians to be a commercial outpost, the port of Algiers is today the most important North African seaport providing trade between the rest of Algeria and the Mediterranean. In the 14th century, the port was conquered by the Spanish who were later expelled in 1529, and was instead brought under the control of the Ottomans. During the next 300 years the port would be a major port for the Barbary pirates. If we decide to take the port, we could use it as a staging ground for further expeditions into Africa.;;;;;;;;;;;;;
oran_treaty_port_title;The Oran Treaty Port;;;;;;;;;;;;;
oran_treaty_port_desc;Oran was founded at the beginning of the 10th century by Andalusian merchants as a base for trade with the North African hinterland. Like the port of Algiers, it eventually ended up with the Spanish, who later would lose it to the Ottoman Turks. In 1732 Spain would retake the port, only for it to be abandoned and returned to the Turks following a devastating earthquake in 1790, who would settle a Jewish community in the port-city. Oran is strategically valuable as both the second-largest city of Algeria and the key to the Algerian West.;;;;;;;;;;;;;
multi_effect_evaporator;Multiple-effect Evaporator;;;;;;;;;;;;
multi_effect_evaporator_desc;A multi-effect evaporator is an apparatus consisting of multiple evaporator bodies linked together in such a way as to allow steam produced by boiling the water in one evaporator to boil water in successive evaporators, with only the first evaporator in the sequence requiring an external heating source. The multi-effect evaporator was invented and patented by Louisiana Creole inventor Norbert Rillieux to increase the efficiency of refining sugar from cane juice. In the early 19th century, the primary method of refining cane sugar from juice was the "sugar train" or "Jamaica train," a typically slave-operated process which relied on pouring hot cane juice reduction through a succession of bowls to increase its evaporation rate. Rillieux's multi-effect evaporator displayed vast improvements in safety, efficiency, and cost over contemporary methods, and to this day remains a staple in industrial-scale evaporation for refining products ranging from cane and beet sugar to sea salt and wood pulp.;;;;;;;;;;;;
sugarcane_harvester;Sugarcane Harvester;;;;;;;;;;;;
sugarcane_harvester_desc;A sugarcane harvester is a large piece of agricultural machinery used to harvest and partially process sugarcane. It remains similar in function and design to the combine harvester. Essentially a storage vessel on a truck with a mechanical extension, the machine cuts the stalks at the base, strips the leaves off, and then cuts the cane into segments. These are then deposited into either the on-board container, or a separate vehicle traveling alongside.;;;;;;;;;;;;
rail_skidders;Rail Skidders;;;;;;;;;;;;
rail_skidders_desc;A skidder is any type of heavy vehicle used in a logging operation for pulling cut trees out of a forest in a process called "skidding", in which the logs are transported from the cutting site to a landing. With logging operations moving further into forests and further away from sawmills, the process of skidding has become more cumbersome. However, where forest railways are installed, new rail-based skidders have been introduced that can skid logs to the railroad for loading. They are often high-performance and can skid logs from up to four directions at a time.;;;;;;;;;;;;
EVTNAME31502;Emperor Francis I Dies;;;;;;;;;;;;;
EASTLANDDISASTEROPT;A preventable tragedy...;;;;;;;;;;;;;
claim_pata_gonia_chl_title;Claim Patagonia;;;;;;;;;;;;;
claim_pata_gonia_chl_desc;Ever since we and the Argentine states gained independence from the Spanish, diplomatic relations have been steadily getting more heated over the disputed borders of overlapping territories in Patagonia. We have a valid claim to all of Patagonia, which traces back to the 16th century during which Pedro de Valdivia obtained rights from the Spanish crown to establish a captaincy reaching to the southern tip of Patagonia, at the Strait of Magellan. Valdivia subsequently founded multiple cities throughout southern Chile, intending to reach the Strait of Magellan. If we alleviate concerns with the US regarding shipping rights through the strait, we could secure their neutrality on the matter, which would mean we may press our claim without fear of intervention.;;;;;;;;;;;;;
claim_cuyo_chl_title;Claim Cuyo and the Pampas;;;;;;;;;;;;;
claim_cuyo_chl_desc;In 1765, the Marquis of Grimaldi commissioned royal cartographer Juan de la Cruz Cano y Olmedilla to make a map of South America at a scale of 1/5000000. This map conclusively demonstrates that, under the Spanish crown, it was Chile that controlled the regions of Cuyo and Pampas. With this map in hand, proudly showing Chile's name spread from the Pais de los Pampas and the Provincia de Cuyo to Santiago de Chile, we can perfectly justify claiming these righfully Chilean lands.;;;;;;;;;;;;;
claim_setif_title;Claim our lost lands;;;;;;;;;;;;;
claim_setif_desc;After the Ottoman conquest of Algeria, the perfidious and faithless Algerians to the West launched multiple expeditions to our lands in the East illegally, such as Biskra or Constantine, subsequently losing that precious lands to the Ottomans and relegating ourselves to a rump, meek state. Now, with our prestige regained and Algeria in chaos, we can lay claim to our rightful lands.;;;;;;;;;;;;;
aba_algeria_title;Become Algeria;;;;;;;;;;;;;
aba_algeria_desc;Our great empire has expanded beyond the Atlas, conquering the lands of the Sahara and the fertile plains of the Mediterranean that once belonged to the Beylik of Algeria. After taking Laghwat and eliminating all opposition, we can now become our own Algeria.;;;;;;;;;;;;;
austria_metternich;Klemens von Metternich;;;;;;;;;;;;;
austria_metternich_desc;Klemens von Metternich, the conductor of the Concert of Europe, is the mastermind behind Austrian diplomacy. In the Congress of Vienna of 1815, he shaped the Europe to what it is today. A staunch proponent of absolutism, he works toward the suppressing of liberalism and the maintaining of the ancien regime, making him unpopular among the people.;;;;;;;;;;;;;
freeport_copenhage_title;The Freeport of Copenhagen;;;;;;;;;;;;;
freeport_copenhage_desc;To secure Denmark's role as a trade power in Europe, Copenhagen ought to be made a free trade port. We suggest setting aside a portion of the city for duty-free trade with foreign merchant vessels. This would help us stay economically relevant in the area, in light of the construction of the Kiel Canal and the resulting drawing of trade to Germany.;;;;;;;;;;;;;
SYLLABUSOPT;How much power should one Pope have?;;;;;;;;;;;;;
cardwell_reform_title;Cardwell's Reforms;;;;;;;;;;;;;
cardwell_reform_desc;Recent momentous conflicts prove that war is changing. Gone are the days of gentlemen spending glorified twenty-someodd years in the army, buying their way into the officer rank while exhibiting huge gaps in military knowledge. War Secretary Edward Cardwell proposes completely overhauling the enlistment, promotion, organization, and equipment of the British Army to compete with Prussia's highly professional soldiers. We should follow suit.;;;;;;;;;;;;;
childers_reform_title;Childers' Reforms;;;;;;;;;;;;;
childers_reform_desc;Further reforms to the British Army's organization may be necessary. War Secretary Hugh Childers proposes reorganizing our regiments into two line battalions and two militia battalions as the standard for our military. The line infantry will ensure a strong front in battle, while the militia battalions will provide reserves in the back of the formation. We should also reorganize rifle volunteer corps into battalions we can call on at a moment's notice.;;;;;;;;;;;;;
haidane_reform_title;Haldane's Reforms;;;;;;;;;;;;;
haidane_reform_desc;The British Army lacks a robust expeditionary force, able to be ready for combat at the outbreak of war. War Secretary Richard Haldane wishes to overhaul the British expeditionary units, making them fully organized during peacetime and having reserves to boot. We will reorganize the Volunteer Force and the Yeomanry to fulfill such a role.;;;;;;;;;;;;;
recent_army_reform;Recent Army Reform;;;;;;;;;;;;;
recent_army_reform_desc;Our military is working hard to implement large-scale reforms. We cannot propose any new ones until we have fully implemented these current ones.;;;;;;;;;;;;;
INDIGOREVOLTOPT;This went too far.;;;;;;;;;;;;;
PERUGIANREVOLTOPT;The Pope doesn't answer to the people. He answers to God.;;;;;;;;;;;;;
VATICANECUMENICALCOUNCILOPT;The Church believes and confesses that there is one, true, living God.;;;;;;;;;;;;;
indigo_prov;The Indigo Revolt;;;;;;;;;;;;;
CWITHCEBILLAMARQUES;The Portuguese Reconquest of Inhambane and Lourenço Marques;;;;;;;;;;;;;
THEJEWISHCHRONICLEOPT;Am Yisrael Hai!;;;;;;;;;;;;;
bulgarian_railway_title;Build the Ruse-Varna Railroad Line;;;;;;;;;;;;;
bulgarian_railway_desc;We have received a commission for a railway to connect the cities of Ruse, Pliska, and Varna from an British company, who in turn were rewarded a land grant from our government to build such a line. The benefit to the local population and economy will be great.;;;;;;;;;;;;;
CERRODELAGLORIAOPT;¡Que la gloria quede sin límites!;;;;;;;;;;;;;
rudd_concession_title;The Rudd Concession;;;;;;;;;;;;;
rudd_concession_desc;With recent diamond and gold rushes taking place in Kimberley, Witwatersrand and other areas located south of Lobengula's Kingdom of Matabeleland, many suspect that there may be huge untapped resources to be exploited in his lands. Thus, it has been proposed that we conduct a treaty that gives us exclusive mining rights in his domains. We might even be able to deceitfully sneak in a couple clauses unbeknownst to the natives, a common trick when dealing with Africans who can't read English-language treaties. This could eventually give us justification for annexing Matabeleland.;;;;;;;;;;;;;
warden_line_title;The Warden Line;;;;;;;;;;;;;
warden_line_desc;Captain Henry Douglas Warden, British Resident among the tribes living beyond the Frontier to the North-East, has proposed proclaiming sovereignty over the region of Transorangia, or the land North of the Orange river. The Orange River Sovereignty would allow us to create a new northward buffer towards the Boers and the Sotho, give us new opportunities to exploit possible resources and allow us to expand further.;;;;;;;;;;;;;
bechuanaland_protectorate_title;The Bechuanaland Protectorate;;;;;;;;;;;;;
bechuanaland_protectorate_desc;Scottish missionary John Mackenzie, a Congregationalist of the London Missionary Society, has petitioned our government to send a military expedition into Bechuanaland to establish a protectorate there. He believes that swift action is necessary to prevent peoples like the Bamangwato from being threatened by Boer freebooters encroaching on their territory from the South. Businessmen have also shown interest in the endeavor, as there may be goldfields in Bechuanaland similar to those found nearby.;;;;;;;;;;;;;
PLEDGEOFALLEGIANCEOPT;Long live the Republic!;;;;;;;;;;;;;
antiquities_act_title;The Antiquities Act;;;;;;;;;;;;;
antiquities_act_desc;A bill known as the Antiquities Act has entered Congress. If it were to pass and become a law, it would set aside federal land to create national monuments. This act bases the creation of national monuments on the belief that these lands are "objects of historic and scientific interest." In a time of rapid industrialization and urban growth, our government finds it imperative to stop our most valuable cultural assets from being lost. Call it a blow to capitalism, a step forward for humanity--or both.;;;;;;;;;;;;;
lydenburg_swaziland_line_title;A Border Treaty with Swaziland;;;;;;;;;;;;;
lydenburg_swaziland_line_desc;The Kingdom of Swaziland under Mswati II has been increasingly endangered from all sides. Located between Portuguese Mozambique, the Zulu, our Boer Republic and the British, the Swazi seem destined to be conquered. However, King Mswati II has signalled his willingness to negotiate to diplomatically preserve his domain, as he would inevitably lose on the battlefield. We already conducted a minor border treaty in 1846, which -- though it only roughly delimited our border and Swaziland only ceded us land it had no control over anyway -- shows a willingness to give up land rather than face an invasion. Perhaps the time has come to once again pressure the Swazi into giving up land to our benefit.;;;;;;;;;;;;;
bamangwato_chungus_title;Unite the Tswana;;;;;;;;;;;;;
bamangwato_chungus_desc;The Tswana people have been living in separate tribes as long as we can remember. Batawana, Bamangwato, Bakwena and Bangwaketse, just to name a few. Now that we have militarily ensured our unity, the time has come to integrate one another in perpetuity and proclaim a new Tswana Empire.;;;;;;;;;;;;;
BAPEDIBORDERSTEELPORT;Explain that you could give territory to the Bapedi while still being under your control, as a sort of autonomy;;;;;;;;;;;;;
bapedi_representat;The Pedi Chieftancies;;;;;;;;;;;;;
sesotho_orthography_title;Develop Sesotho Orthography;;;;;;;;;;;;;
sesotho_orthography_desc;As of now, our country lacks a writing system. This slows our development and communication considerably. Thankfully, an opportunity has presented itself: Several missionaries from the Paris Evangelical Missionary Society have arrived in our lands. We could turn them away and prevent them from converting any of our people to their strange religion. Alternatively, if we let them stay, they have informed us that they intend to translate a book that they call the "Bible" into Sesotho, thus giving us a basis to adopt a writing system with.;;;;;;;;;;;;;
homeland_matabele1;Has clicked the "Return to our Homeland" decision;;;;;;;;;;;;;
centralize_gaza1;Has clicked the "Formally annex our Tributaries" decision;;;;;;;;;;;;;
homeland_matabele_title;Return to our Homeland;;;;;;;;;;;;;
homeland_matabele_desc;The invasion of the destructive and merciless Trekkers from the South forced us to flee northward to the lands of the Rozvi Empire. However, our true homeland remained in the South. After licking our wounds and building up a strong army once more, the time came to drive out the Boers once and for all. However, our true homeland is indeed not the land North of the Vaal River. Our great leader, Mzilikazi, a former Zulu lieutenant, originally crossed the Drakensberg Range northward after his relationship with Shaka Zulu soured. Returning to our homeland forevermore therefore means retaking the Zulu heartlands to our South and uniting as one.;;;;;;;;;;;;;
gaza_for_matabele_title;Claim the Gaza Throne;;;;;;;;;;;;;
gaza_for_matabele_desc;§RGain 3 infamy§! When Mzilikazi fled northward, he first crossed through the lands of the Gaza Empire. There, he and his forces were brutally attacked by Emperor Soshangane's army, forcing them to flee West. With our homeland secured, the time has come to punish the perfidious Soshangane and take his domains for ourselves.;;;;;;;;;;;;;
centralize_gaza_title;Formally annex our Tributaries;;;;;;;;;;;;;
centralize_gaza_desc;The tribes in the Northwest of our great empire have long been informal tributaries. Centered around the settlements of Moyo and Massekisse, these decentralized and disorganized tribes need to be integrated into our domains. Otherwise, we are unable to control them and the region may be vulnerable to outside attack.;;;;;;;;;;;;;
homeland_gaza_title;Secure the West;;;;;;;;;;;;;
homeland_gaza_desc;With the North under our control and the Portuguese all but crushed, the time has come to expand West. The Boers and the Zulu have given us much trouble time and time again. To ensure our security and grow our power, we therefore simply must conquer our western borderlands.;;;;;;;;;;;;;
great_zimbabwe_title;Claim Great Zimbabwe;;;;;;;;;;;;;
great_zimbabwe_desc;In our late iron age, we constructed a great city by the name of Great Zimbabwe that still partially stands today. It housed the royal palace of a great kingdom, and is thus the ancestral capital of us Shona. By returning to our legendary roots, we may return to our former glory -- or even surpass it.;;;;;;;;;;;;;
unite_with_potchefstroom_title;Unite with Potchefstroom;;;;;;;;;;;;;
unite_with_potchefstroom_desc;Our fellow Boers have manage to create their own independent nation free from both the British and the natives in the savanna north of the Vaal River, we should come together with our brethren to form a stronger union.;;;;;;;;;;;;;
bemba;Bemba;;;;;;;;;;;;;
lazistan_lazica_title;Claim Lazica;;;;;;;;;;;;;
lazistan_lazica_desc;For centuries, millennia even, our people have had an intimate and inseparable relation with Lazica and its surrounding lands. Now that we have strengthened our position in the Caucasus, we are now able to liberate Lazica from the clutches of the Kartvelians, and free our Laz brethren.;;;;;;;;;;;;;
ZEPPELINLZONEOPT;The marvelous Zeppelin...;;;;;;;;;;;;;
BAZARCHARITEFIRE1897OPT;The 8th Arrondissement burns...;;;;;;;;;;;;;
kefficho;Omotic;;;;;;;;;;;;;
harari;Harari-Gurage;;;;;;;;;;;;;
1917SALVADOREARTHQUAKEOPT;¡El infierno se abre bajo nuestros pies!;;;;;;;;;;;;;
SPAINSURRECTION1841OPT;Crush them!;;;;;;;;;;;;;
SUCESOSJEREZOPT;How do these ideologies grow so much?;;;;;;;;;;;;;
ROCKALLSHIPDEATHOPT;This is a tragedy the likes of which we have never before seen.;;;;;;;;;;;;;
SALVADORCOUP1931OPT;Finally the reigns of government are back in responsible hands.;;;;;;;;;;;;;
SLOVAKIA1848TITLE;The Nauka Reci Slovenskej;;;;;;;;;;;;;
SLOVAKIA1848DESCOPT;Sláva! Šetkím Slovákom!;;;;;;;;;;;;;
dogon;Dogon;;;;;;;;;;;;;
fang;Beti-Pahuin;;;;;;;;;;;;;
pocutia_claim_title;Claim Pocutia;;;;;;;;;;;;;
pocutia_claim_desc;§RGain 3 infamy§! Pocutia, the region in southern Galicia and eastern Carpathian Ruthenia, bounded in the North by the river Dniester, has long been inhabited by Romanians. To achieve a true greater Romania unifying all our people, it must be annexed and integrated into our glorious nation. The area also has considerable coal deposits that would significantly benefit our industry.;;;;;;;;;;;;;
core_backa_serbia_title;Claim Southern Hungary;;;;;;;;;;;;;
core_backa_serbia_desc;§RGain 3 infamy§! The northern regions of Backa and Baranja are often viewed as parts of Hungary due to their historic status as part of the kingdom. However, a large Slavic minority has long inhabited these areas despite continual Hungarian attempts at Magyarization. We must come to the aid of our brethren and liberate them from oppression!;;;;;;;;;;;;;
fra_slavery_no_more_title;The Abolition of Slavery in the French Colonies;;;;;;;;;;;;;
fra_slavery_no_more_desc;At the instigation of Victor Schoelcher, Under-Secretary of State for the Navy and the Colonies and a firm, steadfast advocate for abolition, the provisional government has issued a decree that proclaims slavery to be an attack on human dignity, that destroys the free will of man and suppresses the natural principle of right and duty, and is therefore a flagrant violation of the republican principals of "Liberté, égalité, fraternité". As such, the decree states that slavery in all its forms has been abolished in all French colonies and possessions, all French citizens are forbidden from participating in the practice in any regard and all former slaves are granted the status of citizens of France.;;;;;;;;;;;;;
colonize_nosy_be_title;Colonize Nosy Be;;;;;;;;;;;;;
colonize_nosy_be_desc;The loss of Île de France to The British following the Napoleonic Wars meant that we have lost an important foothold in the Indian Ocean. In need of a replacement for Port-Louis, the Governor of Bourbon Admiral de Hell has planned an expedition to Nosy Be, an island off the northwest coast of Madagascar. The inhabiting Sakalava people are generally involved in the slave trade and should not put up noteworthy resistance.;;;;;;;;;;;;;
national_workshopsmod;The National Workshops;;;;;;;;;;;;;
national_workshopsmod_desc;The National Workshops are an institution used by the Provisional Government to provide employment to the masses affected by the economic depression.;;;;;;;;;;;;;
french_revolution_end_title;The French Constitution of $YEAR$;;;;;;;;;;;;;
french_revolution_end_desc;After months of discussion among members of the provisional government concerning the future French political system, a compromise has been reached. While the revolution was at first quite radical, more moderate and even conservative elements of the population have increased their influence to the extent that the extremists have been outweighed significantly. The new constitution re-affirms the provisional government's policy of universal suffrage. Instead of the right to work, which is strongly desired by the left, the constitution simply grants the unemployed a "right to assistance". Propositions such as the separation of church and state, banning members of the Bonaparte family from running for office and abolishing the death penalty are rejected by the conservatives and thus not included in the constitution.;;;;;;;;;;;;;
no_more_national_workshops_title;Abolish the National Workshops;;;;;;;;;;;;;
no_more_national_workshops_desc;Ulysse Trélat, a moderate member of the provisional government has, with the support of conservative figures outside of government, demanded the end of the National Workshops. The streets of Paris have been re-paved, and the situation of the populace has been somewhat alleviated. They argue that the cost of employing over a hundred thousand people is at this point not worth the results and must therefore be ended. While the radicals in government protest Trélat's demand, it seems that most of France agrees with his sentiment.;;;;;;;;;;;;;
build_bahia_palace_title;Build the Bahia Palace;;;;;;;;;;;;;
build_bahia_palace_desc;Si Musa, the powerful and extremely wealthy Grand Vizier of Morocco, wishes to construct a palace as a personal residence befitting his status in Marrakesh. He plans to bring in the most skilled artisans and materials from all across the land to construct a truly opulent palace, which will include a vast riad garden, that will be the largest, most imposing and most sumptuous in all Morocco! §RConstruction will end in 5 years, and give you research point and prestige buffs.§W;;;;;;;;;;;;;
BAHIAPALACEVENT;\n\nThe Bahia Palace, the largest and most luxurious of its kind in the whole country, has finally been completed! Initially begun by Grand Vizier Si Musa, it was greatly expanded by his son Ba Ahmed after he succeeded his father. The palace now covers a total area of around 8 hectares, with 150 rooms, a number of smaller courtyards and riad gardens to complement the Grand Riad built by Si Musa and its most notable feature, the opulent decorations, which include walls featuring stucco carved with Arabic inscriptions, geometric patterns, arabesques, and muqarnas, floors paved with marble and zellij tiles and cedar-wood ceilings painted with colorful floral patterns, along with the carved and painted wooden canopies of major doorways.;;;;;;;;;;;;;
bardo_military_school_title;Open the Bardo Military School;;;;;;;;;;;;;
bardo_military_school_desc;Our Principal Minister, Chakir Saheb Ettabaâ, has proposed transforming the informal school in the Bardo palace for the Mamluks who trained the royal guards of the Bey into a true military school, as part of plans to reform the Tunisian army to compete with the military superiority of the Christian West. The school will have European instructors and will train the sons of former dignitaries of the Turkish militia of Tunis into becoming the future of the Tunisian army.;;;;;;;;;;;;;
bardo_tunis_modifier;The Bardo Military School;;;;;;;;;;;;;
bardo_tunis_modifier_desc;The Bardo Military School allows us to train our future officers in the latest ways of war and study the latest war technology. However, attracting and retaining the school's European instructors comes at a significant cost to the treasury?;;;;;;;;;;;;;
bardo_school_close_title;Close the Bardo Military School;;;;;;;;;;;;;
bardo_school_close_desc;Despite our prior decision to continue maintaining the Bardo Military School, we must come to realize its immense costs. If our economy is to recover, we must make a sacrifice.;;;;;;;;;;;;;
NEWORLEANSMASSACREOPT;How horrific!;;;;;;;;;;;;;
RUTHENIANCOUNCILOPT;Yet more uppity rabble-rousers...;;;;;;;;;;;;;
WILHELMISURVIVESOPT;The act of a madman!;;;;;;;;;;;;;
antisocialistger_title;The Anti-Socialist Laws;;;;;;;;;;;;;
antisocialistger_desc;With the recent radical attacks on the life of the Emperor, it has become readily apparent that the insidious socialist forces within the Empire, such as the SPD, that inspired these attacks must be curtailed. The proposed law will ban any group or meeting whose aims are to spread social-democratic principles, outlaw trade unions, close several socialist newspapers and ban the display of socialist emblems, and will remain in force for 2 and a half years unless extended.;;;;;;;;;;;;;
1872HURRICANEZANZIBAROPT;Quick, save the ships!;;;;;;;;;;;;;
ORUNGUSPHEREEVENT;Edouard Bouet-Willaumez's Expedition to Mpongweland;;;;;;;;;;;;;
ahmed_bey_naval_reforms_title;Ahmed Bey's Naval Reforms;;;;;;;;;;;;;
ahmed_bey_naval_reforms_desc;Ahmed I, Bey of Tunis, is a man with aspirations for a modernized Tunisia. The former navy, the legacy of the corsairs, was struck down in Greece at the battle of Navarino, in 1827. Ahmed has already taken great steps to rebuild Tunisian naval forces and secure the existence of a modernized army, and he has taken similar steps to modernize the naval forces. In 1841, Tunisia bought its first steamship, which sunk a year later, and was replaced. Italian and French naval advisors roam throughout the coastal regions, scouting out natural harbors and potential naval bases for the Bey's consideration, while the harbors at La Marsa are modernized. Year after year, the trappings of the West pierce closer into the Beylik.;;;;;;;;;;;;;
MAAMMEOPT;Oi maamme, Suomi, synnyinmaa!;;;;;;;;;;;;;
CORINGACYCLONEOPT;It really is cursed.;;;;;;;;;;;;;
MOUNTWHITNEYOPT;Hurrah!;;;;;;;;;;;;;
TRANSYLVANIANMASSACRESOPT;The cycle of bloodshed perpetuates itself.;;;;;;;;;;;;;
mande;Susu-Mende-Kpelle;Susu-Mende-Kpelle;Susu-Mende-Kpelle;;Susu-Mende-Kpelle;;;;;;;;
dyula;Malinke;;;;;;;;;;;;;
east_kwa;Platoid;;;;;;;;;;;;;
NORMAL_DERVISH_CB_WAR_NAME;$ORDER$$FIRST$ Pacification of $SECOND$;;;;;;;;;;;;;
AGRESSION_DERVISH_CB_WAR_NAME;$ORDER$$FIRST$ Pacification of $SECOND$;;;;;;;;;;;;;
dervish_cb;Restore Somalia;;;;;;;;;;;;;
dervish_cb_desc;Acquire Somali territory from $RECIPIENT$;;;;;;;;;;;;;
dervish_cb_short;Pacify $RECIPIENT$;;;;;;;;;;;;;
dervish_cb_setup;Force $RECIPIENT$ to cede Somalia;;;;;;;;;;;;;
NORMAL_SENUSSI_CB_WAR_NAME;$ORDER$$FIRST$ Pacification of $SECOND$;;;;;;;;;;;;;
AGRESSION_SENUSSI_CB_WAR_NAME;$ORDER$$FIRST$ Pacification of $SECOND$;;;;;;;;;;;;;
senussi_cb;Restore Order in the Sahara;;;;;;;;;;;;;
senussi_cb_desc;Acquire Saharan territory from $RECIPIENT$;;;;;;;;;;;;;
senussi_cb_short;Pacify $RECIPIENT$;;;;;;;;;;;;;
senussi_cb_setup;Force $RECIPIENT$ to cede the Sahara;;;;;;;;;;;;;
NORMAL_WAR_TAKE_NATIVE_NAME;$ORDER$$FIRST$ Pacification of $SECOND$;;;;;;;;;;;;;
AGRESSION_WAR_TAKE_NATIVE_NAME;$ORDER$$FIRST$ Pacification of $SECOND$;;;;;;;;;;;;;
acquire_state_native;Great Plains Expansion;;;;;;;;;;;;;
acquire_state_native_desc;Acquire Great Plains territory;;;;;;;;;;;;;
acquire_state_native_short;Pacify $RECIPIENT$;;;;;;;;;;;;;
acquire_state_native_setup;Force $RECIPIENT$ to cede part of the Great Plains;;;;;;;;;;;;;
NORMAL_CONQUEST_SENEGAL_WAR_NAME;$ORDER$$FIRST$ Conquest of the $SECOND$ Senegal;;;;;;;;;;;;;
AGRESSION_CONQUEST_SENEGAL_WAR_NAME;$ORDER$$FIRST$ Conquest of the $SECOND$ Senegal;;;;;;;;;;;;;
conquest_senegal;The Plan of 1854;;;;;;;;;;;;;
conquest_senegal_desc;Enforce the Plan of 1854 on $RECIPIENT$;;;;;;;;;;;;;
conquest_senegal_short;Force another §Ycountry§W to accept the Plan of 1854;;;;;;;;;;;;;
conquest_senegal_setup;Enforce the Plan of 1854 on $RECIPIENT$;;;;;;;;;;;;;
NORMAL_END_JIHAD_WAR_NAME;$ORDER$$FIRST$ End of the $SECOND$ Jihad;;;;;;;;;;;;;
AGRESSION_END_JIHAD_WAR_NAME;$ORDER$$FIRST$ End of the $SECOND$ Jihad;;;;;;;;;;;;;
end_jihad;End the Fula Jihad;;;;;;;;;;;;;
end_jihad_desc;End the Fula Jihad;;;;;;;;;;;;;
end_jihad_short;Force another §Ycountry§W to end the Fula Jihad;;;;;;;;;;;;;
end_jihad_setup;Force $RECIPIENT$ to end the Fula Jihad;;;;;;;;;;;;;
NORMAL_EGYPTIAN_ETHIOPIAN_WAR_NAME;$ORDER$$FIRST$-$SECOND$ War;;;;;;;;;;;;;
AGRESSION_EGYPTIAN_ETHIOPIAN_WAR_NAME;$ORDER$$FIRST$-$SECOND$ War;;;;;;;;;;;;;
egyptian_ethiopian_cb;A Protectorate in the Horn of Africa;;;;;;;;;;;;;
egyptian_ethiopian_cb_desc;Establish a Protectorate on $RECIPIENT$;;;;;;;;;;;;;
egyptian_ethiopian_cb_short;Force another §Ycountry§W to become a Protectorate;;;;;;;;;;;;;
egyptian_ethiopian_cb_setup;Establish a Protectorate on $RECIPIENT$;;;;;;;;;;;;;
NORMAL_EGYPTIAN_ETHIOPIAN2_WAR_NAME;$ORDER$$FIRST$-$SECOND$ War;;;;;;;;;;;;;
AGRESSION_EGYPTIAN_ETHIOPIAN2_WAR_NAME;$ORDER$$FIRST$-$SECOND$ War;;;;;;;;;;;;;
egyptian_ethiopian2_cb;Liberate the $RECIPIENT$ Sudan;;;;;;;;;;;;;
egyptian_ethiopian2_cb_desc;Dismantle $RECIPIENT$'s Empire;;;;;;;;;;;;;
egyptian_ethiopian2_cb_short;Force another §Ycountry§W to liberate the Sudan;;;;;;;;;;;;;
egyptian_ethiopian2_cb_setup;Dismantle $RECIPIENT$'s Empire;;;;;;;;;;;;;
NORMAL_ALGERIA_FRENCH_OTTOS_WAR_NAME;$ORDER$War for Algeria;;;;;;;;;;;;;
AGRESSION_ALGERIA_FRENCH_OTTOS_WAR_NAME;$ORDER$War for Algeria;;;;;;;;;;;;;
algeria_french_ottos_cb;Protect the $RECIPIENT$ Algeria;;;;;;;;;;;;;
algeria_french_ottos_cb_desc;Protect $RECIPIENT$'s Algeria;;;;;;;;;;;;;
algeria_french_ottos_cb_short;Force another §Ycountry§W to concede in Algeria;;;;;;;;;;;;;
algeria_french_ottos_cb_setup;Protect $RECIPIENT$'s Algeria;;;;;;;;;;;;;
algeria_french_ottos_2_cb;Protect the $RECIPIENT$ Algeria;;;;;;;;;;;;;
algeria_french_ottos_2_cb_desc;Protect $RECIPIENT$'s Algeria;;;;;;;;;;;;;
algeria_french_ottos_2_cb_short;Force another §Ycountry§W to concede in Algeria;;;;;;;;;;;;;
algeria_french_ottos_2_cb_setup;Protect $RECIPIENT$'s Algeria;;;;;;;;;;;;;
NORMAL_SORAN_WAR_OTTOS_WAR_NAME;$ORDER$Sorani Liberation of Kurdistan;;;;;;;;;;;;;
AGRESSION_SORAN_WAR_OTTOS_WAR_NAME;$ORDER$Sorani War for Kurdistan;;;;;;;;;;;;;
NORMAL_SORAN_WAR_OTTOS_2_WAR_NAME;$ORDER$Intervention in Soran;;;;;;;;;;;;;
AGRESSION_SORAN_WAR_OTTOS_2_WAR_NAME;$ORDER$Intervention in Soran;;;;;;;;;;;;;
NORMAL_SORAN_WAR_PERSIA_WAR_NAME;$ORDER$Sorani War for Kurdistan;;;;;;;;;;;;;
AGRESSION_SORAN_WAR_PERSIA_WAR_NAME;$ORDER$Sorani War for Kurdistan;;;;;;;;;;;;;
NORMAL_BOHTAN_WAR_TUR_WAR_NAME;$ORDER$Bohtan War for Kurdistan;;;;;;;;;;;;;
AGRESSION_BOHTAN_WAR_TUR_WAR_NAME;$ORDER$Bohtan War for Kurdistan;;;;;;;;;;;;;
NORMAL_SAUDI_WAR_TUR_WAR_NAME;Second Wahabbi-Ottoman War;;;;;;;;;;;;;
AGRESSION_SAUDI_WAR_TUR_WAR_NAME;Second Wahabbi-Ottoman War;;;;;;;;;;;;;
soran_war_ottos_cb;Annex $RECIPIENT$'s Kurdistan;;;;;;;;;;;;;
soran_war_ottos_cb_desc;Annex $RECIPIENT$'s Kurdistan;;;;;;;;;;;;;
soran_war_ottos_cb_short;Force another §Ycountry§W to concede in Kurdistan;;;;;;;;;;;;;
soran_war_ottos_cb_setup;Annex $RECIPIENT$'s Kurdistan;;;;;;;;;;;;;
soran_war_ottos_2_cb;Liberate the $RECIPIENT$ Kurdistan;;;;;;;;;;;;;
soran_war_ottos_2_cb_desc;Liberate $RECIPIENT$'s Kurdistan;;;;;;;;;;;;;
soran_war_ottos_2_cb_short;Force another §Ycountry§W to concede in Kurdistan;;;;;;;;;;;;;
soran_war_ottos_2_cb_setup;Liberate $RECIPIENT$'s Kurdistan;;;;;;;;;;;;;
qajar_soran_cb;Liberate the $RECIPIENT$ Kurdistan;;;;;;;;;;;;;
qajar_soran_cb_desc;Liberate $RECIPIENT$'s Kurdistan;;;;;;;;;;;;;
qajar_soran_cb_short;Force another §Ycountry§W to concede in Kurdistan;;;;;;;;;;;;;
qajar_soran_cb_setup;Liberate $RECIPIENT$'s Kurdistan;;;;;;;;;;;;;
bohtan_tur_cb;Liberate the $RECIPIENT$ Kurdistan;;;;;;;;;;;;;
bohtan_tur_cb_desc;Liberate $RECIPIENT$'s Kurdistan;;;;;;;;;;;;;
bohtan_tur_cb_short;Force another §Ycountry§W to concede in Kurdistan;;;;;;;;;;;;;
bohtan_tur_cb_setup;Liberate $RECIPIENT$'s Kurdistan;;;;;;;;;;;;;
saudi_tur_cb;Liberate the $RECIPIENT$ Arabia;;;;;;;;;;;;;
saudi_tur_cb_desc;Liberate $RECIPIENT$'s Arabia;;;;;;;;;;;;;
saudi_tur_cb_short;Force another §Ycountry§W to concede in Arabia;;;;;;;;;;;;;
saudi_tur_cb_setup;Liberate $RECIPIENT$'s Arabia;;;;;;;;;;;;;
massina_conquer_segu_title;Conquer the Bamana Empire;;;;;;;;;;;;;
massina_conquer_segu_desc;§RGain 3 infamy§! The days of paganism are over! We must pursue a policy of conquest to any kingdom which isn't Sunni in our region to bring about the dominance of Islam. We now will conquer Ségou and raze it to the ground for it to become the new Muslim stronghold of the West!;;;;;;;;;;;;;
dakar_stlouis_railroad_title;Claim the Kayor Coast;;;;;;;;;;;;;
dakar_stlouis_railroad_desc;§RGain 1 infamy§! The Kayor Kingdom of Lat Dior controls the coast between Dakar and Saint Louis, rendering impossible any land connection between them. With the fall of the local monarchies feeling imminent, Lat Dior is no longer powerful to efficiently control its territory, and so we could invade and take it without fierce resistance upon our fire arms. What are we waiting for, then? Let the colonization begin! \n\n§RWarning: You have to merge the brigades that are generated by this decision§W;;;;;;;;;;;;;
trarza_waalo_relations_title;Create an Alliance with Waalo;;;;;;;;;;;;;
trarza_waalo_relations_desc;§GLose 1 infamy§! Our country's shape is war itself. We have warred against the Moroccans, the Sahrawis, the Fula and the Wolof, including our neighbor to the South, Waalo. With its ups and downs, we've almost always had a bad relationship, but one thing other than Islam unites us both -- the Senegal River and its natural resources. Being coveted by the French from Saint Louis, we must seek an unbreakable alliance with our Waalo brothers, one to end the invaders at once!;;;;;;;;;;;;;
plan_of_1854_title; The Plan of 1854;;;;;;;;;;;;;
plan_of_1854_desc;§RGain 4 infamy§! The Plan of 1854 is a plan by the governor of French Senegal Louis Faidherbe which has been put forth in two petitions addressed to Protet signed by the major wholesalers, merchants, and other notables of Saint-Louis, the first in December 1851 and the second in $MONTH$ $YEAR$. This plan calls for us, based in small enclaves on the Atlantic coast at Saint-Louis and at a few other posts along the Senegal River, to become the dominant power in the area rather than one among many, wresting control of the terms and conditions of trade between the French wholesalers and the African producers of exportable agricultural products as acacia gum. The plan calls for the French to fortify more points along the Senegal River to make use of force to end the system of tolls by which the Trarzas profit greatly. It also calls for the French to protect the agricultural population of the left bank of the Senegal River from raids by the Mauritanians and from the possible absorbtion of the Wolof state of Waalo, to Trarza.;;;;;;;;;;;;;
invade_kaabu_title;The Battle of Kansala;;;;;;;;;;;;;
invade_kaabu_desc;The days of paganism are over! We must pursue a policy of conquest to any kingdom which isn't Sunni in our region to bring about the dominance of Islam. We now will conquer Gabu and raze it to the ground for it to become the new Muslim stronghold of the West! \n§GYou need 30% civilization progress to click this decision§W;;;;;;;;;;;;;
kanem_liberation_title;Help Kanem Rule the Kanem-Bornu Empire;;;;;;;;;;;;;
kanem_liberation_desc;The Kanem-Bornu Empire is in disarray. The mai, the ruler which dynasty has reigned for hundreds of years, is being slowly deposed by the Kanemis, a family which raised to power thanks to their defense against the Sokoto jihad some years ago. All of Bornu is now under their control, and the mai has tried to assassinate him for now more than 10 years, all of them in vain. We must help the mai regain its power and recreate its once prestigious empire! If we don't succeed in the war though, we could try to annex Kanem to put them "under our protection". \n§GYou need 25% civilization progress to click this decision§W;;;;;;;;;;;;;
colonize_boffa_title;Colonize Rivières du Sud;;;;;;;;;;;;;
colonize_boffa_desc;Our influence in the region of Grand Guinea has growed in the last years, most notably in the Pongo and Nuñez rivers, where we've signed numerous treaties of trade and protection. It might be time to capitalize on the treaties and take over the Rivières du Sud.;;;;;;;;;;;;;
wassoulou_great_title;Expand to the East;;;;;;;;;;;;;
wassoulou_great_desc;Our empire is now one of the greatest empires that have ever been formed in the South of West Africa, and it can now only grow more. With the Europeans approaching from every direction, it might be time to capitalize on the decline of the kingdoms of the East and grow our empire enough so it is a power to reckon.;;;;;;;;;;;;;
retake_kaarta_title;Retake Kaarta;;;;;;;;;;;;;
retake_kaarta_desc;As Bitòn Coulibaly tightened his control over Ségou, capital of his newly founded Segu Empire, a faction of Ségou Bambara dissatisfied with his rule fled west. In 1753, they founded the kingdom of Kaarta on the homeland of the long-defunct Ghana Empire, taking Nioro as their capital. Kaarta then was and will be Segu!;;;;;;;;;;;;;
al_kuti_annexation_title;Annex Al-Kuti;;;;;;;;;;;;;
al_kuti_annexation_desc;Al-Kuti was founded in the late 1820s by a local ruler of Waddai, whom settled in the south of the kingdom after a search for slaves and granted the zone to Waddai vassaldom. It's possible that the Emirate is now obsolete, as we can now take it over.;;;;;;;;;;;;;
centralize_kbo_title;Centralize Kanem-Bornu;;;;;;;;;;;;;
centralize_kbo_desc;The Kanem-Bornu Empire has always been an empire with a sphere of influence. Hundreds of kings and emirs in our borderlands claim allegiance to our empire, and multiple wars have been caused by the system, most notably the War of Katagum. With the newly gained European weapons, we can now efficiently keep our sphere of influence more tightly controlled and take them over eventually.;;;;;;;;;;;;;
end_the_jihad_kbo_title;End the Sokoto Jihad;;;;;;;;;;;;;
end_the_jihad_kbo_desc;The Sokoto Jihad has now been raging on for decades, and the Fulani have brought destruction (and Islam) to every corner of our region. With their newly found weakness, we can now take them over and install a new Empire, one that won't discriminate on religion or identity. One that won't exploit the Hausa people.;;;;;;;;;;;;;
unite_the_mossi_title;Unite the Mossi;;;;;;;;;;;;;
unite_the_mossi_desc;The Mossi haven't been united for now centuries, and Yenenga's great Mossi Empire is now a distant memory. The legend says the princess Yennenga escaped dressed as a man when she came to the house of a Mandé elephant hunter named Rialé. They had a son named Wédrago who was given that name from the horse that Yennenga used to escape. Wédrago visited his grandfather in Dagomba at the age of fifteen and was given four horses, 50 cows, and a number of Dagomba horseman joined his forces. With these forces, Wédrago conquered the local people, married a woman named Puiriketa who gave him three sons, and built the city of Tenkodogo. The oldest was Diaba Lompo who founded the city of Fada Ngourma. The second son, Rawa, became the ruler of Jatenga. His third son, Zungrana became the ruler in Tenkodogo after Wédrago died. Zungrana married Pouitenga, a woman sent from the king of the Ninisi people, and the resulting intermarriage between the Dagomba, the Mande, the Ninisi, and local peoples became the Mossi people. We must recreate the legend and unite the kingdoms that divide our great people!;;;;;;;;;;;;;
help_muhammad_sharif_title;Support Muhammad al-Sharif's claim to Wadai;;;;;;;;;;;;;
help_muhammad_sharif_desc;Wadai has been in a power struggle with claimant to the throne Muhammad al-Sharif for the past 3 years, and their army has faced unending battles with thousands of casualties. If we support al-Sharif, who was born in Darfur, we may acquire great influence on the Kingdom of Wadai, which is the key to lucrative trade routes to Tripoli. We would be able to extract tribute from the kingdom by permanently installing al-Sharif as our vassal.;;;;;;;;;;;;;
muhammad_sharif;Muhammad al-Sharif;;;;;;;;;;;;;
muhammad_sharif_desc;Our Kolak is currently Muhammad al-Sharif, a warlord originating in Darfur that has taken the throne of Wadai thanks to his knowledge of guerrilla warfare and support granted by the Sultanate of Darfur. Using his extensive knowledge of warfare, our Kolak has launched reforms to modernize the army of Wadai with the goal guiding us towards a brighter future as a regional power.;;;;;;;;;;;;;
betray_darfur_title;Betray Darfur;;;;;;;;;;;;;
betray_darfur_desc;The Fur aren't an united people, and their rulers are weak and pathetic. Though the Sultanate helped Muhammad al-Sharif take the throne of Wadai, we owe them nothing. Being subjugated by Darfur doesn't benefit us, and with our military power they can do little to prevent us from achieving our independence.;;;;;;;;;;;;;
unite_the_songhai_title;Unite the Songhai Empire;;;;;;;;;;;;;
unite_the_songhai_desc;The once powerful Songhai Empire was shattered by the Moroccans coming from the other side of the Sahara, armed with guns we now can access. With the decadence of Morocco, their influence in the Niger river has also diminished, and their control is now minimal. The flag of the Songhai flows once again over Gao, and no one can stop our dream of an empire!;;;;;;;;;;;;;
songhai_jihad_title;Launch a Jihad on Dendi;;;;;;;;;;;;;
songhai_jihad_desc;The Songhai are weak, and their people are pagan. They are the only people that separate us from the great Sokoto Empire, and we must join forces to expulse the Dendi to Songhailand where they belong, and bring Islam once and for all to the region. We hope Sokoto will help us, or winning the war will be hard, as the Dendi cavalry still remember the days of the Songhai Empire, and their tactics still aren't outdated, regardless of guns.;;;;;;;;;;;;;
songhai_jihad_massina_title;Launch a Jihad on Dendi;;;;;;;;;;;;;
songhai_jihad_massina_desc;The Songhai are weak, and their people are pagan. We must join forces with Liptako to expulse the Dendi to Songhailand where they belong, and bring Islam once and for all to the region. Liptako will be launching it first but with our support, or winning the war would be hard for them, as the Dendi cavalry still remember the days of the Songhai Empire, and their tactics still aren't outdated, regardless of guns.;;;;;;;;;;;;;
restore_abu_arish_title;Recreate Abu Arish;;;;;;;;;;;;;
restore_abu_arish_desc;Abu Arish is a kingdom under our influence that once owned the region of the Taiz coast. When we were fighting the Egyptians, the Zaydis took the coast over and came closer to Mecca. We must expulse them from the region and bring them under our thumb!;;;;;;;;;;;;;
start_angola_title;Conquer the Interior of Angola;;;;;;;;;;;;;
start_angola_desc;Despite centuries of European domination of the coast of Angola, the colony's far-flung and vast interior has long eluded our grasp. With growing interest in the territory and recent advances in medicine combating the endemic diseases, we should consider begin extending our rule eastward.;;;;;;;;;;;;
finish_angola_title;Conquer the Interior of Angola;;;;;;;;;;;;;
finish_angola_desc;The interior of Angola has been granted to us by the Great Powers, and we now may take it without international complaints -- it is $COUNTRY_ADJ$ territory!;;;;;;;;;;;;
takeover_lunda_title;Take Over Chokweland;;;;;;;;;;;;;
takeover_lunda_desc;The Lunda Empire, once powerful, is now in decadence. European intervention and the introduction of guns has made its wars more deadly than ever. We are the only state in the region aside from the Great Lakes states that conserve an army capable of conquest, and we could use it to take over Lunda. We once were one of the forming cultures of the Empire, with Chokwes benefiting of the empire, but with its decadence only we can keep intact the greatness of our people!;;;;;;;;;;;;;
mutapa_empire_title;Reform the Mutapa Empire;;;;;;;;;;;;;
mutapa_empire_desc;The Mutapa Empire once spanned all of the Shona peoples, from the coast of Sofala to the highland at the frontier with the Tswana. If we become again the strongest Shona state, we can take the title of the Monomutapa!;;;;;;;;;;;;;
claim_luvale_title;Claim Luvale;;;;;;;;;;;;;
claim_luvale_desc;The Luvale are a mixture of the Lozi, Lunda, Mbundu and Chokwe peoples, and once belonged to our Barotse state. For these reasons, Luvale will always and has always been an integral part of our kingdom.;;;;;;;;;;;;;
centralize_prazos_title;Centralize the Massangano;;;;;;;;;;;;;
centralize_prazos_desc;The Massangano are a series of kingdoms of partial Portuguese descent that are on the banks of the Zambezi river, from Inhambina to Vila de Sena. Some of them are really powerful, and hold great armies, but claim partial allegiance to our state. If we want to keep our expansion in the region, we must take the Massangano and expand on the Zambezi river. Onwards!;;;;;;;;;;;;;
centralize_prazos_songo_title;Conquer the Southern Matakenya;;;;;;;;;;;;;
centralize_prazos_songo_desc;The Matakenya currently own Songo, which is at the end of the land we officially claim for ourselves in the Zambezi River. We need to take such city so we can effectively occupy our claims.;;;;;;;;;;;;;
centralize_cnr_title;Start Centralizing the Bilad as-Siba;;;;;;;;;;;;;
centralize_cnr_desc;The Berber and Bedouin tribes of the interior claim allegiance to our kingdom, but they keep rebelling and being a weakness to our state. The Europeans use this weakness to attack us, and we must end it via exerting real control over our territory. Centralizing will be a costly and slow process, but it will be worth it.\n\n§RYou need at least 55% civilization progress, the tooltip lies.§W;;;;;;;;;;;;;
centralize_cnr_2_b_title;Annex Guelmim;;;;;;;;;;;;;
centralize_cnr_2_b_desc;The Berber and Bedouin tribes of Tarfaya don't claim allegiance to our kingdom, but their northern lands keep rebelling and being a weakness to their state. We must expand to the Draa river and take Guelmim, to find our natural border between the semideserts of Bujadur and the Sahara to the South, and the Atlas Mountains.;;;;;;;;;;;;;
centralize_cnr_2_title;Centralize the Interior;;;;;;;;;;;;;
centralize_cnr_2_desc;The last step to centralize our kingdom is here. The Berber and Bedouins finally are under our state, and Moroccan flags wave over the desert. We have finally centralized Morocco, and brought prosperity to our people. We are now a power to take into account, and colonizing us will be impossible thanks to our great army.;;;;;;;;;;;;;
GWANDUCHANGE;\n\nWith the war at Liptako, our state has changed. Being a part of Sokoto might end up marking our downfall, and independence is tempting. We must hold our breath under the sun of Allah.;;;;;;;;;;;;;
BEIHANCHANGE;\n\nSharif al-Barak ibn 'Abil's Beihan is as powerful as it has been at any point in history. Our plains are fertile, and our power extends to the coast. We hope our kingdom never sinks under the sand of the unending desert.;;;;;;;;;;;;;
ISAAQCHANGE;\n\nFarah Guled, the second Grand Sultan of Isaaq, who lead our forces to victory against the British in the 1827 Battle of Berbera, has passed away. Now, his son, Hassan Farah, has succeeded him as Grand Sultan. The ancient port of Berbera has, in recent years, been fought over between the Ayal Ahmed and Ayal Yunis branches of the Habr Awal clan. As one of his first acts as Grand Sultan, Hassan Farah has brought the warring subclans before a holy relic from the tomb of Aw Barkhadle, one of the companions of the prophet Muhammad, and made them swear to bury all animosity and live as brethren. Thus, Hassan Farah has once again brought peace and good fortune to the Sultanate of Isaaq. May it prosper forevermore!;;;;;;;;;;;;;
OVIMBUNDUCHANGE;\n\nOur power is becoming our weakness. Our state has in its borders a trade route which brings guns and other European goods to the center of the continent, and all products are taxed if they pass through us. The Portuguese, though, are trying to centralize their dominions in Africa, and our trade routes might become a target which we can't get rid of. Under this new sun, we hope we shall prevail.;;;;;;;;;;;;;
TIOCHANGE;\n\nOral tradition holds that we probably settled along the rainy, hot, and humid river valleys of northern and western Congo in the early centuries of the 1st millennium. We suffered during the active slave capture, trade, and export in the 18th and 19th centuries, where "thousands of Mongo people as captured slaves passed through the Zanzibar route by the Arabs". We must survive in this newfound world of greatness and weakness.;;;;;;;;;;;;;
SANGARACHANGE;\n\nOur kingdom is between the prosperous Zulu and the warring Xhosa, with our neighboring British nearing in. Our place in the region, though, grants us the control of the trade routes, and we're slowly becoming a truly powerful kingdom, one to not be left behind in history.;;;;;;;;;;;;;
LUGURUCHANGE;\n\nOur people are settled in the wetlands of Mombasa, and our state is between the prosperous Zanzibar and the warring Unyanyembe and Maasai, making us always be under threat. With the Omani and the Europeans encroaching on the coasts, and the Tanzanian kingdoms preparing for a battle to behold, we can only hope our future isn't sentenced.;;;;;;;;;;;;;
KILWACHANGE;\n\nWe have survived. Our sultanate has reunited in the face of the Omani, and the Swahili won't be taken as easily as the Arabs think. Our army grows strong, and our navy prepares for battle. The Omani shall be defeated and the greatness of the Kilwa Sultanate restored!;;;;;;;;;;;;;
MANDARACHANGE;\n\nOur kingdom is between the always-falling Baguirmi and the powerful Kanem-Bornu Empire. Our sphere of influence is nothing compared to Bornu's, and we are de facto their tributary. We must though keep this status or our sovereignty might fall under Bornu, Waddai or even the Adamawa. Our region's future is uncertain, and we must keep all our numbers.;;;;;;;;;;;;;
conquest_south_wafrica_title;The Conquest of the South;;;;;;;;;;;;;
conquest_south_wafrica_desc;With the slave trade reviving, the search for new slaves has brought the Sahel states to push southwards to previously pagan regions and jungles. With the trade reviving, the states of the Sahel are regaining strength and wielding armies to bring conquest to its neighbors.;;;;;;;;;;;;;
conquest_kassala_title;The Expedition to Taka;;;;;;;;;;;;;
conquest_kassala_desc;The region of Taka, mostly inhabited by nomadic Beja tribesmen, escaped the attentions of the initial 1820 invasion of Sudan, for Sennar was the goal and they did not deviate from the direct route along the Nile. An expedition to the east was indeed suggested to Ismail Pasha, but the Beja had a warlike reputation in Egypt and he decided against it. While Taka paid tribute after the conquest of the Funj Sultanate, this ceased during Khurshid Pasha's term as governor of Sudan in 1838. This prompted the new governor, Ahmad Pasha, to set out with a small army to take control of Taka. When he confronted Sheikh Mohammed Din of the Hadendoa tribe and demanded tribute, he merely produced one tenth of what he had surrendered to Khurshid Pasha. This has enraged Ahmad Pasha, who has now asked us for our blessing to conduct a punitive expedition and found a new fort in the region to collect tribute.;;;;;;;;;;;;;
bring_war_mazrui_title;Invade the Mazrui;;;;;;;;;;;;;
bring_war_mazrui_desc;The Mazrui have ruled Mombasa for a century and a half, having used the Portuguese's occupation of Zanzibar to build a base of power. They then annexed Malindi and territories near Pate, and the island of Pemba. In 1823 we managed to expulse them from Pate and take Pemba, but they still hold considerable power. It is time to send them an ultimatum to end their rebellious existance once and for all.;;;;;;;;;;;;;
conquest_southern_hadendowa_title;The Subjugation of the Southern Hadendowa;;;;;;;;;;;;;
conquest_southern_hadendowa_desc;The Hadendowa, a clan of the southern Beja, have increasingly come under our influence. After the founding of Kassala in 1840, the Hadendowa initially refused to pay tribute, until Ahmed Pasha el Menekli, governor of Sudan, cruelly stamped out resistance in 1844. He wantonly slaughtered and mutilated the tribesmen, practising swordsmanship by trying to cut captives in half in one blow. Despite ending Hadendowa resistance, we have only established permanent control of their lands by constructing new outposts in Tokar, Erkowit and Temerein. To the South, the Beni Amer, an unwieldy tribe sandwiched unhappily between the Hadendowa and the Abyssinians, have come to terms with us and begun paying tribute, seeing the enemy of their enemy as their friend. Thus, our line of control has been extended to the banks of the Baraka river.;;;;;;;;;;;;;
conquest_northernbeja_title;The Subjugation of the Northern Beja;;;;;;;;;;;;;
conquest_northernbeja_desc;The last independent Beja clans remained in and around Salala, in the hilly region of the Nubian Desert. Our army has tried multiple times to build forts in the area, but their resistance and the terrain have made these attempts fail. With them having been increasingly encroached on by our army and their sea access being lost to our control of the coast of the Red Sea, these clans have slowly started to pay tribute in a more consistent way, and have finally let our army build a post near Salala, finishing our conquest of the region.;;;;;;;;;;;;;
occupy_keren_title;The Occupation of Keren;;;;;;;;;;;;;
occupy_keren_desc;Keren was originally a trading settlement on the Ethiopian frontier, laying on an arid highland plain between the Ansaba and Baraka rivers. The town owes its importance to its position on the trade route between Massawa and Sudan. Typically traded goods include cotton cloth from Sudan and ivory, skins, ostrich feathers and maize from Tigre. While forces have set out from the frontier along the Baraka River and looted Keren and its caravans in the past, our men have now finally permanently occupied it, securing the trade route and logistical connection from Massawa to Kassala for good.;;;;;;;;;;;;;
dallol_seized_title;The Seizure of Dallol;;;;;;;;;;;;;
dallol_seized_desc;Dallol is located in the Danakil Depression, an extremely hot, dry region rich in geothermal activity, possessing multiple volcanoes rich in sulfur. At 100m below sea level, the Awash River flows to multiple hypersaline lakes at the bottom of the depression. As these seasonally dry up, large deposits of salt are revealed. This salt has been mined for centuries and traded via caravans with the rest of Ethiopia, bringing large tax revenues to those controlling the trade. With our position on the Eritrean coast well established and Dallol under the control of weak, disorganized Afar clans, the valuable salt deposits are ours for the taking. Thus, an expedition has set out from our holdings and taken possession of Dallol.;;;;;;;;;;;;;
conquest_eastern_desert_title;The Conquest of the Eastern Desert;;;;;;;;;;;;;
conquest_eastern_desert_desc;The Eastern Desert is the part of the Sahara desert located east of the Nile river, consisting of a mountain range which runs parallel to the coast, wide sedimentary plateaus extending from either side of the mountains and the Red Sea coast. While the region had been criss-crossed by trade routes during the Roman period, they fell into disuse and the port cities, including Berenice, became ruins. Between the 7th and 19th centuries, the Eastern Desert was virtually abandoned by all but the nomadic Beja. Now, with the construction of the Suez canal, trade has begun to slowly but surely pick up again, leading to the construction of outposts on the coast.;;;;;;;;;;;;;
bond_of_1844_title;The Bond of $YEAR$;;;;;;;;;;;;;
bond_of_1844_desc;The Fante Confederacy, a state located in the Gold Coast, only survives thanks to our military support. To increase $COUNTRY_ADJ$ influence in the confederacy, our local administration in the city of Cape Coast has made a proposal to the Fante: We would grant them full protection against the Ashanti Empire in return for significant economic concessions.;;;;;;;;;;;;;
conquer_kwavi_title;Conquer the Laikipia;;;;;;;;;;;;;
conquer_kwavi_desc;The Laikipia peoples live to our north, and are in an inevitable conflict with our kingdom. The Kwavi live in lands that once were part of our kingdom, and occupy them illegaly. We must take their territory and bring them where they belong.;;;;;;;;;;;;;
omani_somalia_title;Claim the Somali Coast;;;;;;;;;;;;;
omani_somalia_desc;The coast of the Geledi and Hiraabi has been ruled for centuries by Swahili and Mashriqi people, which act almost independently, some of them even having pacts with us for trade or protection. We should capitalize on these weaknesses and claim the Somali Coast!;;;;;;;;;;;;;
escape_to_matatiele_title;Escape to Matatiele;;;;;;;;;;;;;
escape_to_matatiele_desc;Hlubi is in a state of chaos. Our inhabitants are under constant threats of massacre by our neighbors, and another scenario like the Mfecane would bring chaos to our region and strengthen Xhosa, where the Mfecane brought immigration which was used for slavery and strengthening its army, which doesn't benefit Mpondo. We hope the Mpondo let us move to Matatiele where we could be a powerful ally...;;;;;;;;;;;;;
marota_empire_title;Form the Marota Empire;;;;;;;;;;;;;
marota_empire_desc;Some decades ago, our kingdom encompassed all land between the Venda and the Vaal river, and our people were free and prosperous. The Mfecane though made it collapse, and our people had to leave to the mountains to reorganize to conserve sovereignty, With the outsiders having been expulsed from Mosega, we can now claim what our people deserve!;;;;;;;;;;;;;
swazi_homeland_title;Return to our Homeland;;;;;;;;;;;;;
swazi_homeland_desc;Our people had lived for centuries in Delagoa Bay, and we were forced to the mountains because of the Mfecane, a period of war in Southern Africa which can be situated between 1810 and 1830. Now that we are powerful enough to hold our territory from invasions, we can return to our homeland!;;;;;;;;;;;;;
retake_kaarta1;Has used the 'Retake Kaarta' decision.;;;;;;;;;;;;;
wassoulou_empiree;Has Formed the Wassoulou Empire.;;;;;;;;;;;;;
kaabu_empire_title;Create the Kaabu Empire;;;;;;;;;;;;;
kaabu_empire_desc;Our kingdom has for centuries been a great state and the powerhouse of the region. Thanks to new weapons coming from Europe, we can now expand in all directions to form the Kaabu Empire.;;;;;;;;;;;;;
wassoulou_empire_title;Form the Wassoulou Empire;;;;;;;;;;;;;
wassoulou_empire_desc;Our people can't be limited by the Batè! A local named Samori Turé is building an army to bring greatness to the Mandinka peoples and we should join him!;;;;;;;;;;;;;
wolof_empire_title;Form the Jolof Empire;;;;;;;;;;;;;
wolof_empire_desc;Centuries ago, our people were united under a single banner, the flag of the Jolof Empire. The Jolof Empire fell under internal pressure, and the only kingdom left was the Kingdom of Wolof. With all of the parts of the Empire under our hand, we can now claim its title!;;;;;;;;;;;;;
bambara_empire_title;Form the Bambara Empire;;;;;;;;;;;;;
bambara_empire_desc;After the fall of Timbuktu, our kingdom became too weak to hold the title of Empire. With our territories regained, we can now become the Bambara Empire again!;;;;;;;;;;;;;
senufo_empire_title;Form the Senufo Empire;;;;;;;;;;;;;
senufo_empire_desc;With all territories inhabited by Senufos under our banner, we can form the Senufo Empire!;;;;;;;;;;;;;
akan_empire_title;Form the Akan Empire;;;;;;;;;;;;;
akan_empire_desc;The Akan peoples have been separeted for centuries, and the Ashanti have been keeping it that way with the Fante-Ashanti wars. With our people reunited though, we can now form the Akan Empire.;;;;;;;;;;;;;
umbundu_empire_title;Form the Umbundu Empire;;;;;;;;;;;;;
umbundu_empire_desc;We have lived in our current territory for centuries, but our peoples have never united. If we unite the lands of the Umbundu, we can finally bring the Umbundu under our flag!;;;;;;;;;;;;;
lunda_empire_title;Form the Lunda Empire;;;;;;;;;;;;;
lunda_empire_desc;The Luba-Lunda Empire system is obsolete! We should claim all neighboring lands and put an end to this worthless peace. Long live the Lunda Empire!;;;;;;;;;;;;;
mirambo_empire_title;Mirambo's Unyamwezi Empire;;;;;;;;;;;;;
mirambo_empire_desc;Mirambo is a Nyamwezi king, ruling over lands bordering Tambora, a vassal state of ours. His territorial claims, though, extend further than our territory, and he has a large army under his fist. If we let Mirambo rule our kingdom, we will be able to rule over the whole of the Tabora plateau!;;;;;;;;;;;;;
legacy_of_chwezi_title;Claim the Legacy of the Chwezi Empire;;;;;;;;;;;;;
legacy_of_chwezi_desc;The Chwezi Empire was a mythical empire in the oral traditions of our people and existed before the balkanisation of the kingdoms of the Great Lakes. Now that we have subdued all of the other rulers we can claim their legacy!;;;;;;;;;;;;;
TURKSEXPULSEDOPT;Another step towards the total liberation of Serbia.;;;;;;;;;;;;;
ALBANIANSEXPULSEDOPT;The ethnic cleansing is complete.;;;;;;;;;;;;;
THOMASSTEVENSBIKEOPT;This is an admirable achievement.;;;;;;;;;;;;;
NELLIEBLYCIRCUMNAVIGATIONOPT;This is a remarkable journalistic feat.;;;;;;;;;;;;;
BUL_reactionary;The Nationalist Faction;Nationaliste;Nationalistisch;;Nacionalista;;;;;;;;;
BUL_fascist;The Fascist Faction;Fasciste;Faschistisch;;Fascista;;;;;;;;;
1927GULANGEARTHQUAKEOPT;Horrific.;;;;;;;;;;;;;
1925SANTABARBARAEARTHQUAKEOPT;The loss is large, but we shall rebuild.;;;;;;;;;;;;;
1925CLARKSTONVALLEYEARTHQUAKEOPT;At least nobody died.;;;;;;;;;;;;;
1935QUETTAEARTHQUAKEOPT;We must prepare aid for the survivors.;;;;;;;;;;;;;
1935HELENAEARTHQUAKEOPT;Well shit.;;;;;;;;;;;;;
POTASHALSACE;Potash, or fertilizer potassium, has recently been discovered in southern Alsace while searching for coal deposits. \n\nPotash is primarily used in the production of fertilizer, though it can also be used in the bleaching of textiles, the creation of glass, ceramics, and soap.;;;;;;;;;;;;;
POTASHALSACEOPT;An interesting development.;;;;;;;;;;;;;
1886CHARLESTONEARTHQUAKEOPT;Let us pray that it does not happen again.;;;;;;;;;;;;;
i_am_massina;You Are Massina.;;;;;;;;;;;;;
songhai_jihad1;Liptako Has Used the Decision 'Launch a Jihad on Dendi'.;;;;;;;;;;;;;
inherit_massina_title;Claim the Throne of the Massina;;;;;;;;;;;;;
inherit_massina_desc;The Massina and us had the same objective: unite the region under a same banner, one that had Islam in its center and one that would launch jihad at any pagan country that would be in its path. With our occupation of Massina being finished, we can now claim the Massina Throne on the basis of ideals. We have to bring Allah's name to every corner of the continent, and being separated isn't the way we should go.;;;;;;;;;;;;;
great_anziko_title;Claim Great Yaka;;;;;;;;;;;;;
great_anziko_desc;The Yaka people have been under other states for far too long. Our people have been slaves, we have been borderly, we haven't been important to the great Empires of the region, just a rock to push around. Of course, we will not this continue. With our territories in the West being regained, we finally have the power to be the Empire over the others, a great Yaka Empire. We might, though, see that southwards expansion is what we truly need.;;;;;;;;;;;;;
dominate_over_mande_title;Embrace Pan-Mandism;;;;;;;;;;;;;
dominate_over_mande_desc;The outsiders, coming from the distant land of Europe and their allies, are getting closer and closer to our lands. The states that divide our people, not the Susu or the Bambara, but the Mande people as a whole, must be united under a single flag to keep off the Europeans and unite in our power. The Mande people must be united, and this will be the first step!;;;;;;;;;;;;;
greater_kazembe_title;Embrace Pan-Lunda;;;;;;;;;;;;;
greater_kazembe_desc;The Lunda people and their neighbors have been disunited for far too long! Our region should be united so we can resist the recent arrival of the Europeans.;;;;;;;;;;;;;
greater_bemba_title;Unite the Bemba People;;;;;;;;;;;;;
greater_bemba_desc;Our country is the greatest that it has ever been, but its goal has still not been finalized: uniting the Bemba under a single flag. With the Kazembe out of the picture, now we can start waging war to unite the Bemba, from the Zambezi to the upper coast of the Tanganyika.;;;;;;;;;;;;;
unite_zulu_title;Centralizing our Region through Unity;;;;;;;;;;;;;
unite_zulu_desc;The Mfecane brought too much destruction to our region, with a lot of the population migrating to distant lands and losing contact to their mainland, and this one becoming empty of settlements or great kingdoms as it was before, and other countries taking their place but not being able to use the land for farming and falling weak on the steps on the Europeans. We must unite the region in the face of unity, to end this age of darkness.;;;;;;;;;;;;;
kilwa_empire_title;Expand the Kilwa Empire;;;;;;;;;;;;;
kilwa_empire_desc;Our once great empire had been brought into decadence by Portuguese and Omani incursions into our land and commerce empire. With the Omanis displaced from our rightful lands, we can now safely say the Kilwa Empire has returned!;;;;;;;;;;;;;
nejd_free_title;Force Nejd to Pay Tribute;;;;;;;;;;;;;
nejd_free_desc;We had had a presence in Nejd for more than 10 years, it being more accentuated in Ha'il. With the Nejdi troops weak and trapped in the east of their lands and the Ottoman Empire in disarray, we should try forcing them to pay us tribute once again.;;;;;;;;;;;;;
BATTLEDHANK;\n\nThe Imam of Oman has gained influence of power over the last years, having fought a war against the Nejd and gaining positive relations with Abu Dhabi. He has made a campaign to gain followers and allies to centralize Oman under his rule, but they aren't powerful enough to beat us. With troops amounting just outside the city of Dhank, a bloody battle is on the horizon. Should we escalate further and unite Oman and Muscat or back down?;;;;;;;;;;;;;
port_victoria_wsa_title;Found Port Victoria;;;;;;;;;;;;;
port_victoria_wsa_desc;Tarfaya is a coastal city in the coast of the Tekna, south of Morocco, through which caravans go in the route from Timbuktu to Fez. Building a fort in the city could help us trade with the commercial caravans and Mohamed Bairouk.;;;;;;;;;;;;;
Become_SOUS_title;Become the Kingdom of Sous;;;;;;;;;;;;;
Become_SOUS_desc;With our great victory against the Moroccans, we can now recreate the great Kingdom of Sous!;;;;;;;;;;;;;
ZEMMOURONETITLE;The $YEAR$ Tadla Revolt;;;;;;;;;;;;;
ZEMMOURTWOTITLE;The $YEAR$ Za'ir Revolt;;;;;;;;;;;;;
ZEMMOURTHREETITLE;The $YEAR$ Tadla Revolt;;;;;;;;;;;;;
ZEMMOURFOURTITLE;The $YEAR$ Tadla Revolt;;;;;;;;;;;;;
pact_for_abeokuta_title;Partition Egba with Ijebu;;;;;;;;;;;;;
pact_for_abeokuta_desc;The Egba have been a thorn on our side for now more than a decade, and we have craved their west as much as Ijebu craves Badagry to be theirs. We must regain control over the rebellious provinces of the Egba and partition it under our and Ijebu's rule.;;;;;;;;;;;;;
DAHOMEYBLOCKADETITLE;The $YEAR$ Blockade of Dahomey;;;;;;;;;;;;;
pact_for_ashanti_title;An Exchange with the Netherlands?;;;;;;;;;;;;;
pact_for_ashanti_desc;Our King, Kwaku Dua Panin, has suggested to us that we suggest the following pact to the Netherlands so we gain access to western guns: provide Ashanti recruits, a thousand of whom would join the Dutch East Indies Army within a year in exchange for guns. The soldiers would come from Ho, from our local Ewe regiment. With the prospect of army growth, we hope the Netherlands will provide us with what we need.;;;;;;;;;;;;;
invade_gonma_title;Invade Gonja;;;;;;;;;;;;;
invade_gonma_desc;§RGain 3 infamy§! The countries to our North have repeatedly raided bordertowns for decades, and claim we are a rebellious province of theirs. With the latest raid, we have the casus belli needed to finally bring them down under our rule.;;;;;;;;;;;;;
BUK_radical_1;Taraqqiparvarlar;;;;;;;;;;;;;;
KHI_radical_1;Taraqqiparvarlar;;;;;;;;;;;;;;
KOK_radical_1;Taraqqiparvarlar;;;;;;;;;;;;;;
KYR_radical_1;Taraqqiparvarlar;;;;;;;;;;;;;;
KAZ_radical_1;Taraqqiparvarlar;;;;;;;;;;;;;;
TKM_radical_1;Taraqqiparvarlar;;;;;;;;;;;;;;
kaffa_big_title;Claim Greater Kaffa;;;;;;;;;;;;;;
kaffa_big_desc;Now that our country has been centralized, we can now officially lay claim to our borderlads, which have been controlled by us sporadically over the last centuries but lost to greater states which now are under us. Long live Kaffa!;;;;;;;;;;;;;
join_rabih_azzubayr_title;Create an Empire with Rabih az-Zubayr;;;;;;;;;;;;;;
join_rabih_azzubayr_desc;Rabih az-Zubayr is a warlord from Khartoum which has been raiding our borderlands for now quite some time. Our border forces are barely holding them off, but letting Rabih inside our state to pact an union would stop such attacks and unite both armies into one. \n\n§RWarning: You have to merge the brigades that are generated by this decision§W;;;;;;;;;;;;;;
rabih_azzubayr_title;Claim Bornu;;;;;;;;;;;;;;
rabih_azzubayr_desc;With Kanem, Bornu and Baguirmi weakening due to the encroachment of the European powers, we can now take them for ourselves.;;;;;;;;;;;;;
NGONIMARAVI;Our Confederation is in disarray. 20 years ago, we had to leave our capital in Mankhamba due to internal disputes for the throne of the Maravi and the Chewa, and the city and its surroundings have fallen into disuse, with nomadic tribes taking over the region. Now, with the Ngoni taking over our Chewa neighbor in Mkamanga (which once was ours), they have now started raiding our borderlands, and even taken over part of our land and Mankhamba, which we also claim as ours. We have entered into a war we cannot win. Long live the Maravi Confederation!;;;;;;;;;;;;;
yao_great_title;Expand our Borders;;;;;;;;;;;;;;
yao_great_desc;With the Nguni raids into Maravi proving successful, it gives an opportunity to rise: the slave trade. If we expand our borders towards the coast and the lands of the Maravi, we will be able to rise as the greatest power in the region. Long live the Yao!;;;;;;;;;;;;;
found_mankanba_title;Re-found Mankhamba;;;;;;;;;;;;;;
found_mankanba_desc;The Maravi operated a decentralized political system. With time, the system isolated and weakened the Kalonga, who often had no dependable relations locally. Sometime during the eighteenth century, perhaps due to the growing influence of the Banda clan, the requirement that Undi nominate Kalonga’s successors was no longer enforced which meant that counsellors of the Banda clan at Mankhamba assumed that responsibility. On the surface, it seemed sensible to appoint successors locally. After all, that was how they did it before Undi and Nyangu left. However, times had changed, and this time it did not work smoothly. Its decline there would not have meant much had Mankhamba not been the capital of the Maravi. In this case it did, because it shows that the pottery went into disuse at the site soon after its introduction, an indication that Kalonga and his people abandoned Mankhamba at about that time. Archaeological evidence shows that the site has remained unoccupied ever since.;;;;;;;;;;;;;;
maravi_reclaim_title;Recreate the Maravi Confederation;;;;;;;;;;;;;;
maravi_reclaim_desc;Throughout the eighteenth century, a growing state of instability characterized the political situation in the Maravi empire. As territorial chiefs became increasingly independent, Kalonga’s grip on power and trade became weak. Other ethnic groups were quick to notice that weakness and they took advantage of it. The best known of those ethnic groups were the Yao in northern Mozambique who developed their own trade routes in the region. They became so successful that, by the 1740s, Portuguese merchants along the Indian Ocean coast recognized them as major traders and some foreign merchants encouraged them to trade in slaves as well. With the decadence of the Maravi, they themselves became the slaves that started to be traded by the Yao int he slave markets of Kilwa and Zanzibar, and with the Portuguese until 1833. We should recover the control over the trades that are conducted throughout the region and reform the Maravi to its greatness.;;;;;;;;;;;;;
rinderpest_epizootic_small;Outbreak of Rinderpest;;;;;;;;;;;;;
desc_rinderpest_epizootic_small;An outbreak of rinderpest has broken out in this province, and threatens to spread.;;;;;;;;;;;;;
rinderpest_epizootic_big;Rinderpest Epizootic;;;;;;;;;;;;;
desc_rinderpest_epizootic_big;An epizootic of rinderpest has started in this province, and threatens to spread.;;;;;;;;;;;;;
RINDERPESTDESC;\n\nAn epizootic of the rinderpest virus is striking Africa, killing the majority of our cattle in $PROVINCE$ and starting famines, which are wiping out sizable amounts of the local population.;;;;;;;;;;;;;
1830_NAME;1830 Startdate;;;;;;;;;;;;;
founding_yola_title;Found Yola;;;;;;;;;;;;;
founding_yola_desc;With wars all around us finally lowering in intensity, we can now settle in a new capital in Jimeta.;;;;;;;;;;;;;
no_more_fula_jihad_title;End the Fula Jihad;;;;;;;;;;;;;
no_more_fula_jihad_desc;With our newfound power, we can reach the other Fula jihad states of the West and force them to stop their murders and forced conversion of our fellow brothers in religion.;;;;;;;;;;;;;
unite_with_tooro_title;Unite with the Fula Jihadi states;;;;;;;;;;;;;
unite_with_tooro_desc;Now that we border each other, we can form an union to create the biggest Western Fula Jihad state to date.;;;;;;;;;;;;;
rebel_against_kbo_baguirmi_title;Rebel Against Kanem-Bornu;;;;;;;;;;;;;
rebel_against_kbo_baguirmi_desc;Bornu is too weak to keep us as a vassal, and our kingdom hsa its own sphere of influence and enough manpower to defend against Waddai. We shall revolt and regain what belongs to us.;;;;;;;;;;;;;
leave_sokoto_adw_title;Leave the Sokoto Caliphate;;;;;;;;;;;;;
leave_sokoto_adw_desc;We have been under Sokoto for too long, which has impaired our ability to lauch jihads under our own volition. We shall leave them and fight for our sovereignty and Islam!;;;;;;;;;;;;;
leave_bornu_mandara_title;Leave Kanem-Bornu;;;;;;;;;;;;;
leave_bornu_mandara_desc;We have been under Kanem-Bornu for too long, which has impaired our ability to defend correctly against Adamawa, under our own volition. We shall leave them and fight for our sovereignty!;;;;;;;;;;;;;
sokoto_north_title;Conquer the Northern Hausa;;;;;;;;;;;;;
sokoto_north_desc;In the North we shall find more Hausa states and holdings of the Bornu Emirate, lands which have tried to resist the jihad since its start in 1808. We shall end their resistance and form Emirates in their place!;;;;;;;;;;;;;
sokoto_adamawa_title;Claim Fombina;;;;;;;;;;;;;
sokoto_adamawa_desc;Fombina, meaning south, used to be owned by the Emirate of Adamawa, now in decadence after we took Yola. As we can consider ourselves to be the successors to their state, we shall claim what is ours.;;;;;;;;;;;;;
adamawa_expand_title;Expand the Extent of Our Jihad;;;;;;;;;;;;;
adamawa_expand_desc;Our Jihad has been contained for some years now, as kingdoms fortify in their local mountains and mount revolts against our Lamidos. With our newfound power, we can now lay claim to them and make them Lamidos of our own.;;;;;;;;;;;;;
adamawa_mahdi_title;Settle for the Arrival of the Mahdi;;;;;;;;;;;;;
adamawa_mahdi_desc;Usman emphasized to Adama the importance of anticipating the coming of the Mahdi. Usman believed that the Mahdi would emerge from the east and urged Adama to be vigilant for signs of his appearance. Usman had prophesied that the caliphate's reign would last only until the arrival of the Mahdi, within a span of a hundred years. Sultan Bello (second Sultan of Sokoto) further requested Adama to send spies to "south of Wadai and the south of Fur in the direction of the Nile River" so that the people of the caliphate, on the Mahdi's appearance, could "follow him and give him the oath of allegiance.";;;;;;;;;;;;;
mandara_adamawa_title;Reclaim Our Lands in Adamawa;;;;;;;;;;;;;
mandara_adamawa_desc;Since the start of the Fula Jihads, we had to limit our power to the shores of the Chad and the Mandara Mountains, and ally and subsequently fall into the sphere of influence of Kanem-Bornu. Now we should regain our lands to the South, as the jihad states weaken more and more by the day.;;;;;;;;;;;;;
mandara_baguirmi_title;Claim Baguirmi;;;;;;;;;;;;;
mandara_baguirmi_desc;Baguirmi is a state to our East, which has never really been friendly to us. If we claim Baguirmi for ourselves, we might end such a danger from our future.;;;;;;;;;;;;;
bornu_west_title;Expand to the West;;;;;;;;;;;;;
bornu_west_desc;Our kingdom once owned lands to the West of where we're located, but the Fulani Jihads pushed us to the Chad where we are now. We shall return to the lands which were taken from us!;;;;;;;;;;;;;
tio_loango_title;Take Anziko;;;;;;;;;;;;;
tio_loango_desc;Loango owns part of a region which encompasses most of the modern-day population of the Tio people: Anziku. We should reclaim this territory to reunite our people.;;;;;;;;;;;;;
wadiyawin_title;Victory in Fez!;;;;;;;;;;;;;
wadiyawin_desc;After some bloody battles, we have pacified the Makhzen and instated our rule over Morocco.;;;;;;;;;;;;;
mauritania_morocco_title;Annex Mauritania;;;;;;;;;;;;;
mauritania_morocco_desc;The land of Mauritania has been under our influence for centuries, but we have never been able to control the lands directly due to its geography. Now that we control lands to both sides of Mauritania, we can effectively control the region.;;;;;;;;;;;;;
wara_empire_title;Unite the Sudan in Wara;;;;;;;;;;;;;
wara_empire_desc;Our lands have been occupied by numerous kingdoms, from Darfur to Baguirmi. If we have to become a force to be reckoned with, we have to liberate our neighbor's lands from their oppressors and settle in Wara to create a new empire.;;;;;;;;;;;;;
hail_gettin_centralized_title;Centralize Ha'il;;;;;;;;;;;;;
hail_gettin_centralized_desc;After the defeat of the Diriyah, polities in our north formed confederations of their own, which we rule loosely. We should centralize Ha'il now that we can effectively rule our own territory.;;;;;;;;;;;;;
laudo_alfonso_xiii_title;The Alfonso XIII Award;;;;;;;;;;;;;
laudo_alfonso_xiii_desc;Multiple commissions have tried to determine where our border in Trujillo should fall, but to no avail. With our newfound international support, we have asked a Bourbon king of Spain to arbitrate the issue. After some weeks of discussions, they have ruled in our favor. Viva $COUNTRY$!;;;;;;;;;;;;;
TRUJILLOWHATTITLE;\n\n$FROMCOUNTRY$ Rejects the Alfonso XIII Award;;;;;;;;;;;;;
canas_jerez_title;The Cañas–Jerez Treaty;;;;;;;;;;;;;
canas_jerez_desc;Multiple commissions have tried to determine where our border in Nicoya should fall, but to no avail. With our newfound international support, we have been able to form an arbitration committee with representation from Costa Rica and Nicaragua to arbitrate the issue. After some weeks of discussions, it have ruled in our favor. Viva $COUNTRY$!;;;;;;;;;;;;;
NICOYAWHATTITLE;\n\n$FROMCOUNTRY$ Rejects the Cañas–Jerez Treaty;;;;;;;;;;;;;
hughes_award_title;The Hughes' Award;;;;;;;;;;;;;
hughes_award_desc;Chief of Justice of the United States Charles Hughes has proposed to end the Guatemala-Honduras border dispute once and for all, with a commission from Chile, the United States and Costa Rica. If we accept, we might have a higher chance to get what's ours.;;;;;;;;;;;;;
cauca_reclaim_ecu_title;Claim the Cauca;;;;;;;;;;;;;
cauca_reclaim_ecu_desc;We were forced to relinquish our claims to Cauca, the southern regions of Colombia, in the early 1830s. The treaties though were forced upon us and we should not recognize them as legally binding, just justifications for our neighbors' conquests upon our territories.;;;;;;;;;;;;;
big_chungus_ecu_title;Reclaim Acre and Upper Amazonas;;;;;;;;;;;;;
big_chungus_ecu_desc;With the Cauca under our control, we can now reclaim our borders from the times of Spanish colonization, which involves Acre, Cauca and parts of the Upper Amazon rainforest.;;;;;;;;;;;;;
spanish_metallurgy_title;The Spanish Metallurgy Industry;;;;;;;;;;;;;
spanish_metallurgy_desc;The recent discovery of the Bessemer Process has made the metallurgy industry boom in recent months, with factories being built all over Asturias, the Basque Country and Alicante, and iron mines being opened all over the Southwest and Northwest of Spain.;;;;;;;;;;;;;
borgu_expands_title;Expand the $COUNTRY$ Confederacy;;;;;;;;;;;;;
borgu_expands_desc;The $COUNTRY$ Confederacy has survived the Fulani jihad thanks to its formidable army, and a lot of bordering territories were lost in the struggle for sovereignty. We must retake them and place our rule over them.;;;;;;;;;;;;;
paingazaeighteenthirty_title;Begin Raiding the North;;;;;;;;;;;;;
paingazaeighteenthirty_desc;Having centralized our state on Manjacaze, we now can start raiding northly, to get to the Zambezi River and liberate our brothers in the region.;;;;;;;;;;;;;
upper_gambia_british_title;The Upper Gambia Protectorate;;;;;;;;;;;;;
upper_gambia_british_desc;The Gambia colony, first established on James Island in 1815, has grown bit by bit through territorial acquisitions achieved by concluding treaties with the natives. The lower river is now almost entirely under our control and has seen significant economic development through the establishment of lucrative peanut plantations. Neighboring French Senegal has been expanding at a comparatively voracious pace, and our Gambian colonial officials have come to realize that little time remains to expand into upper Gambia before the French take it for themselves.;;;;;;;;;;;;;
shona_gaza_title;Centralize Our Northern Domains;;;;;;;;;;;;;
shona_gaza_desc;Manyika is a vassal of ours to the North of our state. It has served its purpose of being a buffer between the Portuguese Zambezi and our empire, but now we can proudly say we can face them without any need to have a buffer.;;;;;;;;;;;;;
getzarmadagomba_title;Hire Zarma Mercenaries;;;;;;;;;;;;;
getzarmadagomba_desc;The Zarma from Dendi have been warriors for centuries, fighting off all foreign powers from their land. We should let some enter our country so they can help us defend ourselves.;;;;;;;;;;;;;
iloveyouraintsg_title;Embrace the Prophet of Rain;;;;;;;;;;;;;
iloveyouraintsg_desc;King Monze has been gaining followers all over the region and is known as a Prophet of Rain. He is known to have been able to cause rain and cure sickness. We could turn our kingdom into a Theocracy of Rain, Mvwulabwami.;;;;;;;;;;;;;
invadebatawanamkll_title;Invade baTawana;;;;;;;;;;;;;
invadebatawanamkll_desc;Our cattle have been going down in number due to local plagues, and our people have been massacred to the East. To be able to continue existing, we have to raid the baTawana.;;;;;;;;;;;;;
makolololozi_title;Invade the Lozi;;;;;;;;;;;;;
makolololozi_desc;Our raid against the baTawana has been successful, but we can no longer sustain our population. We need to settle somewhere else, somewhere where there's available farmland and the people there won't resist our rule enough to expulse us. We are lucky, the Lozi to our north are weak, and we could annex their farmland and claim their throne.;;;;;;;;;;;;;
equality_liberia_title;Grant Equal Rights to the Natives;;;;;;;;;;;;;
equality_liberia_desc;The Kru, Susu and other people groups that are not Afro-Liberian are more than 90% of the population, but they are discriminated against by our administration. To become a functioning country, we have to grant them equal rights.;;;;;;;;;;;;;
anglofrenchtreatyafrica_title;The Anglo-French Convention of $YEAR$;;;;;;;;;;;;;
ANGLOFRENCHTREATYAFRICATITLE;The Anglo-French Convention of $YEAR$;;;;;;;;;;;;;
ANGLOFRENCHTREATYAFRICATITLE1;The Anglo-French Convention of $YEAR$: Success;;;;;;;;;;;;;
ANGLOFRENCHTREATYAFRICATITLE2;The Anglo-French Convention of $YEAR$: Failure;;;;;;;;;;;;;
anglofrenchtreatyafrica_desc;Add a loc, pls;;;;;;;;;;;;;
occitan_schooling_title;Occitan Schooling Reform;;;;;;;;;;;;;
occitan_schooling_desc;The French have been oppressing our brothers for far too long. We should claim the region and restore the Occitan language and culture as one of prestige.;;;;;;;;;;;;;
occupy_burgabo_title;Occupy Burgabo;;;;;;;;;;;;;
occupy_burgabo_desc;Burgabo is controlled by different Somali tribes, from the Ogaden to the local Boqow. They are unorganized and they rule in a decentralized manner, not correctly controlling the region. With the European powers encroaching on the continent, Burgabo is an easy prey for us, but also the other colonial powers. We should occupy the city and its surroundings, as the holders of Mombasa and Muqdisho have claimed it since the 1820s and we already hold influence in the region.;;;;;;;;;;;;;
tsonga_larp_title;Unite the Tsonga;;;;;;;;;;;;;
tsonga_larp_desc;The Tsonga people have never been united in a single state, but confederations of various sizes. With the Gaza occupying most of the Tsonga region, the Tsonga have started a new nationalistic movement to regain independence and form a new state. As part of the Tsonga people, we could use this opportunity to form an united Tsonga state.;;;;;;;;;;;;;
wattara_larp_title;Reclaim our lost lands;;;;;;;;;;;;;
wattara_larp_desc;The Kong Empire, named after its capital, also called Wattara Empire after its royal family, has a history that goes back more than 2 centuries. Our peak of power had its borders from the gates of Kumasi and Wadadugu to the approaches of the Niger River. We shall reconquer what's ours!;;;;;;;;;;;;;
buraimi_war_title;The War for Buraimi;;;;;;;;;;;;;
buraimi_war_desc;The Oasis of Buraimi and al-Ain have been under our influence for decades, and they have been taken over in recent years by the Omanis and Abu Dhabians. They constitute a core part of our kingdom and we shall claim them for ourselves!;;;;;;;;;;;;;
conquest_kunduz_title;The Conquest of Kunduz;;;;;;;;;;;;;
conquest_kunduz_desc;§RGain 5 infamy§! Our Emir, Dost Mohammad Khan, aims to expand his influence in Bamiyan and Turkistan. He has proposed to send an American mercenary by the name of Josiah Harlan with an army to conquer the region. Josiah Harlan would ally with local forces and occupy the region, which could serve of great purpose to our kingdom. The region that would be conquered is, of course, Kunduz and its vassals, which have been in decline for now quite some time.;;;;;;;;;;;;;
conquest_hazarajat_title;The Hazarajat Campaign;;;;;;;;;;;;;
conquest_hazarajat_desc;§RGain 3 infamy§! Dost Mohammad Khan has managed to regain control over our state, but Bamyan fell to the Hazara in the chaos. We must subjugate the Hazara and reconquer what's ours. §RDeclare war against Hazarajat§!;;;;;;;;;;;;;
conquest_qalainaw_title;The Qalai-Naw Campaign;;;;;;;;;;;;;
conquest_qalainaw_desc;§RGain 2 infamy§! Dost Mohammad Khan's recent campaign in Hazaristan has thrown the area into chaos. We can use this opportunity to conquer our rightfully claimed lands along the Murghob river.;;;;;;;;;;;;;
conquest_ghur_title;Subjugate The Taymanis;;;;;;;;;;;;;
conquest_ghur_desc;§RGain 1 infamy§! After Yar Mohammad Khan Alakozai’s killing of Kamran Shah Durrani and usurpation of the throne of Herat, Durrani exiles have fled to the ruler of Taiwara, Ibrahim Khan, and plot to retake the Emirate. This has incensed Yar Mohammad Khan, as he now endeavours to conquer Ghur. We must ready the banners and set off for Ghur before it’s too late! §RDeclare war against The Taymani§!;;;;;;;;;;;;;
thosearentyourcores;These are not the attacker's cores;;;;;;;;;;;;;
thosearentyourcores_desc;These are not the attacker's cores;;;;;;;;;;;;;
sokoto_south_title;Bring the Jihad Southwards;;;;;;;;;;;;;
sokoto_south_desc;Abuja has been resisting attempts to peacefully annexing the local Igala kingdoms, vassals of their respective kingdoms, and Nupeland's borderlands are rebellious and raid our bordering emirates. Those lands clearly have to be brought to our jihad to secure our hold on Ilorin. §RDeclare war against Nupe if it exists§!;;;;;;;;;;;;;
sokoto_kontagora_title;Found the Emirate of Kontagora;;;;;;;;;;;;;
sokoto_kontagora_desc;Zuru has been resisting attempts to peacefully annexing the local Borgawa kingdoms. Those lands clearly have to be brought to our jihad to secure our hold on Nupeland.;;;;;;;;;;;;;
claim_kongo_loa_title;Claim Kongo;;;;;;;;;;;;;
claim_kongo_loa_desc;The Northern Bakongo have been oppressed for far too long! The Portuguese and Kongolese have a strong hold on the Southern Bakongo, and have been raiding us for centuries. We should expand southwards and end this menace!;;;;;;;;;;;;;
kilwa_empire_angoche_title;Form the Kilwa Empire;;;;;;;;;;;;;
kilwa_empire_angoche_desc;We had been part of the Kilwa Empire, and our lands became very wealthy thanks to newfound trade routes from the interior of the continent, bringing ivory and slaves. Those days have been over for centuries, but we can still bring them back. With our military reformed and the Portuguese pulling back on their control over trade in the continent, we can now retake what's ours.;;;;;;;;;;;;;
greater_warri_title;Claim Greater Warri;;;;;;;;;;;;;
greater_warri_desc;Our Kingdom has been under the influence of the Aro Confederacy for far too long. We must take the lands of those that have oppressed us and form our own Empire!;;;;;;;;;;;;;
greater_aro_title;Claim Greater Aro;;;;;;;;;;;;;
greater_aro_desc;Our Confederacy has been weakened by its rivals for far too long. We should bring the lands that we have coveted for far too long under our control and finally reaching our goal of a state for all Ibos!;;;;;;;;;;;;;
greater_benin_title;Claim Greater Benin;;;;;;;;;;;;;
greater_benin_desc;Our kingdom has been resisting raids by the Igbo and Yoruba for decades, but we once were an Empire spanning lands that are now controlled by our enemies. We should retake our lands and create a kingdom that will never fall!;;;;;;;;;;;;;
egyptianethiopianwar_title;The $COUNTRY_ADJ$-Ethiopian War;;;;;;;;;;;;;
egyptianethiopianwar_desc;The European colonial powers have been launching expeditions into the interior of Africa for decades, and our own empire seems small compared to their colonial empires. Abyssinia, a state to our south, is considered internationally to be backwards and easily conquerable by a colonial power. We should have a try at it and expand our empire!;;;;;;;;;;;;;
egyptianethiopianwar2_title;Liberate the Sudan;;;;;;;;;;;;;
egyptianethiopianwar2_desc;The European colonial powers have been launching expeditions into the interior of Africa for decades, and our own empire seems small compared to their colonial empires. A state to our north is considered internationally to be less backwards and not easily conquerable by a colonial power. We should have a try at it and expand our empire, teaching them who really is backwards!;;;;;;;;;;;;;
invade_easternhorn_title;The $COUNTRY_ADJ$ Expedition to the Eastern Horn;;;;;;;;;;;;;
invade_easternhorn_desc;§RGain 5 infamy§! As we have started the expedition to Ethiopia, we have brought attention to Harar and Somaliland, which are unclaimed by the colonial powers. We could try to claim them for ourselves!;;;;;;;;;;;;;
shewa_expansion_title;Become the Negus of Shewa, Ifat, the Oromo and the Gurage;;;;;;;;;;;;;
shewa_expansion_desc;In 1828, Sahle Selassie had proclaimed himself Negus of Shewa, Ifat, the Oromo and the Gurage, but revolts, disease and famines made him never use these claims. Within our current position, an expansion to the East, South and West can be achieved, bringing prosperity to our great state.;;;;;;;;;;;;;
blue_sultanate_title;Reform the Blue Sultanate;;;;;;;;;;;;;
blue_sultanate_desc;The Funj Sultanate, also called the Blue Sultanate, was ruled by the Nuba Funj people and represented the biggest power in the region before Egyptian encroachment. The Funj converted to Islam some centuries before it fell to Egypt, but nevertheless we can found a state in its place without their mistakes.;;;;;;;;;;;;;
ilorin_larp_moderate_title;Claim Greater Ilorin;;;;;;;;;;;;;
ilorin_larp_moderate_desc;Our lands have long been controlled by the Pagans and the Sokoto Caliphate, which have oppressed our people. Now that we're an independent nation, we can use this opportunity to liberate our brothers and sisters and convert the Pagans to God's faith. In the name of the Jihad, long live Ilorin!;;;;;;;;;;;;;
ilorin_larp_insane_title;Claim the Throne of the Oyo;;;;;;;;;;;;;
ilorin_larp_insane_desc;With most of the Yoruba being now under our control and them converting to Islam, we could claim the Oyo Empire's throne on the basis of the center of Yoruba power having moved to Ilorin. The Pagan Empire shall give way to ours!;;;;;;;;;;;;;
invade_easterneth_title;Claim Aussa and Harar;;;;;;;;;;;;;
invade_easterneth_desc;§RGain 3 infamy§! The lands to the East of the Ethiopian highlands have long been under the control of Muslim rulers and under the influence of the Ottoman Empire and, more recently, Egypt. With our resurgence as a regional power, we must claim the region for ourselves.;;;;;;;;;;;;;
EVTNAME99108;The Sette Giugno;;;;;;;;;;;;;
EVT99108OPT;A true tragedy!;;;;;;;;;;;;;
launch_jihads_diakhou_title;Convert the Lands West of the Senegal to Islam;;;;;;;;;;;;;
launch_jihads_diakhou_desc;The Kingdoms of Wolof, Saloum and Sine have sizable minorities and, in certain regions, politheist and/or animist majorities. These kingdoms accept these non-believers, and even lets them form part of their aristocracy. We must stop these infidels from governing in the lands of our neighbors, and convert them to the only, true religion - Islam.;;;;;;;;;;;;;
form_oromia_title;Form Oromia;;;;;;;;;;;;;
form_oromia_desc;The Oromo people have inhabited the lands of Ethiopia since 400 years ago, and live all around the region, from the land of the Gumuz to Borana and Harar. With our empire growing, we can no longer be considered a Leqa, but an empire for all Oromo.;;;;;;;;;;;;;
annex_sherbro_title;Annex the Sherbro;;;;;;;;;;;;;
annex_sherbro_desc;The Sherbro people inhabit Sherbro Island and the coasts to its north. With our control and influence over the region expanding, numerous Sherbro chiefs have signed treaties with our authorities so we can establish a protectorate.;;;;;;;;;;;;;
sedhiou_conquest_title;The Occupation of Karabane and Sédhiou;;;;;;;;;;;;;
sedhiou_conquest_desc;Karabane and Sédhiou, located on the mouth of the Casamance River, has been claimed by our administration since the 1820s. The commander of our local navy has left for Casamance in search of a suitable site for the future trading post. The village chief of Kagnout has offered us Sédhiou for 196 francs a year, and our navy is starting to build a fort in Karabane to mantain our hold on the region.;;;;;;;;;;;;;
fogni_conquest_title;The Occupation of Fogni;;;;;;;;;;;;;
fogni_conquest_desc;Bignona, located north of the mouth of the Casamance River, has been claimed by our administration since the 1810s. We now have an opportunity to occupy Bignona, and we must use it.;;;;;;;;;;;;;
rio_grande_bolola_title;The Occupation of the Rio Grande;;;;;;;;;;;;;
rio_grande_bolola_desc;The River 'Rio Grande' is to the South of Bissau, and is inhabited by non-Papel Bak people. We have tried to occupy it since 300 years ago, but our forts have been destroyed or left to their demise time and time again. With the rest of the European colonial powers starting campaigns around Africa, we should try again and occupy Bolola, founding a new fort in its place.;;;;;;;;;;;;;
occupy_oio_title;Occupy the Papel;;;;;;;;;;;;;
occupy_oio_desc;The Papel Kingdom of Bissau has existed since we started occupying the Guinean Coast, and have been too powerful for us to try to annex them - until now. With the newest technology, we finally have an edge over them, and we can occupy Oio without them burning Bissau to the ground.;;;;;;;;;;;;;
occupy_ambriz_title;Occupy Bembe;;;;;;;;;;;;;
occupy_ambriz_desc;The region of Bembe is rich in natural resources, and owned by our ally, the Kingdom of Kongo. Kongo is becoming weaker and weaker with the decadence of the slave trade, and their adaptation to the 'new' trade forcing entire towns to dismantle to turn lands to farming, making their lands unstable. Our settlers in Angola depend upon these natural resources, and we must occupy it to protect our allies in the region.;;;;;;;;;;;;;
france_rabih_title;The Rabih War;;;;;;;;;;;;;
france_rabih_desc;Since we've started bordering the Rabih, they have raided our border forts and refused to sign any treaties with us. Some days ago, a rogue column started a military expedition to Togbao, one of their forts, to try and bring them to submission, and even with heavy losses they managed to kill 48 of the 51 $COUNTRY_ADJ$ soldiers. With these casus belli, we have more than sufficient evidence to prove that Rabih must be pacified.;;;;;;;;;;;;;
conquer_azande_title;Conquer the Southern Azande;;;;;;;;;;;;;
conquer_azande_desc;§RGain 2 infamy§! §R(Pay 50,000¤)§! With the European powers encroaching on their territory in multiple fronts, the Southern Azande try to resist occupation. If we fund a big enough expedition, we might be able to make them do otherwise, and sign a protectorate...;;;;;;;;;;;;;
expand_tanganyika_title;Expand Our Hold On Tanganyika;;;;;;;;;;;;;
expand_tanganyika_desc;The Maasai, Nyamwezi and Ujiji peoples between Zanzibar and Lake Tanganyika are being encroached from the West by colonial expeditions. Their territories have lots of natural resources, and conquering them brinds us the ability to expand more inland, and block the British from obtaining a connection between their colonies.;;;;;;;;;;;;;
help_algeria_resist_title;Help the Algerians Resist;;;;;;;;;;;;;
help_algeria_resist_desc;§RGain 2 infamy§! §R(Pay 50,000¤)§! With the European powers encroaching on our former Regency, Algiers, we must find a way to help them resist the invasions and free the Arab world from Christian attacks. Now that we have secured a route for our resources and armies to be sent to Algeria, we can start helping them.;;;;;;;;;;;;;
expand_to_the_desert_title;The Expansion to the Desert;;;;;;;;;;;;;
expand_to_the_desert_desc;The Libyan Desert has numerous oasis, and has been used for centuries to trade with the Sahel, to the other side of the Sahara. We have influence over most of the oasis in the desert and we might be able to take over their administration, as most of the trade routes there begin in our territory, and the word of Senussi has been heard to the other side of the desert.;;;;;;;;;;;;;
take_over_claims_cyr_title;Claim Our Territories;;;;;;;;;;;;;
take_over_claims_cyr_desc;Our zawiyas, or monasteries, extend all around the Western Arab World. The ones in the Central Sahara and Libya, though, are becoming more and more economical, educational, and military centers, with buildings teaching tactics, fighting skills and using muskets. We may control parts of the Desert between Tobruk and Waddai, that's not where our influence ends. We could use this to our advantage, and unite the Central Sahara against the foreign powers of the North.;;;;;;;;;;;;;
lydenburg_occupy_title;Claim Lydenburg;;;;;;;;;;;;;
lydenburg_occupy_desc;The Trekkers had founded a town named Ohrigstad in the heart of baPedi territory, isolated from Potchefstroom or Zoutpansberg. The town failed due to a malaria epidemic, but Lydenburg was founded some tens of kilometers to the South by the same settlers the next year. The baPedi have become more and more distrustful about the expanding control of the Boers over the region, and it has started fortifying the neighboring lands, almost encircling the town. The settlers have asked our militias for help, but a war against baPedi wouldn't be beneficial to our economy. We could pact with them so they cede the region to us for §R50,000¤§!, but if we do not gather these pounds we will have to fight.;;;;;;;;;;;;;
claim_bapedi_title;Claim the baPedi and Venda;;;;;;;;;;;;;
claim_bapedi_desc;The baPedi and Venda have for centuries lived in the Drakensberg Mountains and the Lowveld, Bushveld and Highveld, but with our arrival to their territory some have escaped to the Drakensberg, where they reorganized and from where they launch raids into our territories. To pacify our borderlands, we'll need to claim the Drakensberg Mountains.;;;;;;;;;;;;;
form_zanzibar_title;Form Zanzibar;;;;;;;;;;;;;
form_zanzibar_desc;Zanzibar has been under Oman for far too long. The Mazrui have strived to unite the coast under its people, and with the final conquest of the last holdouts we can now proudly say we not only claim Zanzibar, we now are Zanzibar. Long live the Zanzibari Coast!;;;;;;;;;;;;;
occupy_kilwa_title;Occupy Kilwa;;;;;;;;;;;;;
occupy_kilwa_desc;The Kilwa Coast is controlled by different coastal tribes, from the Zaramo to the local Swahili. They are unorganized and they rule in a decentralized manner, not correctly controlling the region. With the European powers encroaching on the continent, Kilwa is an easy prey for us, but also the other colonial powers. We should occupy the city and its surroundings, as the holders of Zanzibar and Sudi have claimed it since time immemorial and we already hold influence in the region.;;;;;;;;;;;;;
claim_drakensberg_title;Claim the Drakensberg Mountains;;;;;;;;;;;;;
claim_drakensberg_desc;With our current position in the Drakensberg Mountains, we could consider claiming the entire mountain chain, becoming a state powerful enough to face the powers of the region from the peaks of the Great Drakensberg.;;;;;;;;;;;;;
claim_lowveld_title;Claim the Lowveld, Bushveld and Highveld;;;;;;;;;;;;;
claim_lowveld_desc;We have managed to form the $COUNTRY$, and we now are a power to be reckoned with. As we tower over the plains that surround us, we could integrate them into our great state.;;;;;;;;;;;;;
expedition_dogon_title;Send an Expedition to the Dogon;;;;;;;;;;;;;
expedition_dogon_desc;§R(Pay 60,000¤)§! The Dogon have lived in the Bandiagara Escarpment for centuries, isolated from the rest of the continent in the small valleys with plentiful water. With our power growing all around their territory, we might want to fund an expedition to centralize and annex Dogonland to our state.;;;;;;;;;;;;;
expedition_samo_title;Send an Expedition to Samo;;;;;;;;;;;;;
expedition_samo_desc;§R(Pay 50,000¤)§! Samo is a region that was once part of the Mossi Kingdoms, but control became decentralized, and now the region is governed by the 3 Mossi clans of the northwest. With our power growing all around their territory, we might want to fund an expedition to centralize and annex Samo to our state.;;;;;;;;;;;;;
found_gwandu_title;Create the Gwandu Emirate;;;;;;;;;;;;;
found_gwandu_desc;Kebbi is the last fully-independent Hausa state that hasn't been conquered in our great jihad, and it is as close as it can get from Sakkwato. A slim majority of the Kebbi farmers have still ignored the Word of Allah, and its administration does nothing to change this. To fix this issue and stop the infidel Kebbi government from continuing to opress its Muslim population, we must occupy it and form a new entity, the Gwandu Emirate in its place.;;;;;;;;;;;;;
claim_lunda_ancestry_title;Claim Lunda Ancestry;;;;;;;;;;;;;
claim_lunda_ancestry_desc;The Chewa people's origins are in Malambo, in what is now inhabited by the Luba, and we were forced to emigrate by ethnic groups further north in the 9th century. In the 15th century, we formed the Maravi Confederation in the northern regions of lake Malawi, and from there we became the most powerful country in the known world. If we had not been expelled from our homeland, we would probably have not suffered through what we have, but it also means we have a claim to what is now the Lunda and Luba empires, and as we do we shall overcome our enemies and someday become the Lunda Empire!;;;;;;;;;;;;;
centralize_confederationmli_title;Centralize Our Confederation;;;;;;;;;;;;;
centralize_confederationmli_desc;Our state currently consists of numerous, highly-autonomous states that mostly do not accept our rule, thus our inability to totally control our state. If we fulfill the conditions in the tooltip - just broke the fourth wall-, we might be able to centralize our state. \n\n§RYou need at least 25% westernization progress, the tooltip lies.§W;;;;;;;;;;;;;
centralize_confederationtnd_title;Centralize Our Confederation;;;;;;;;;;;;;
centralize_confederationtnd_desc;Our state currently consists of numerous, highly-autonomous states that mostly do not accept our rule, thus our inability to totally control our state. If we fulfill the conditions in the tooltip - just broke the fourth wall-, we might be able to centralize our state. \n\n§RYou need at least 25% westernization progress, the tooltip lies.§W;;;;;;;;;;;;;
TSHIDHLODHLOBATTLE;\n\nOur people have escaped from the South and the Mfecane, but our fight continues. The Gwangwara, a Ngoni group from the Gaza Empire, have also been forced to escape north, which we shared, and were part of our kingdom until 3 months ago, when a battle broke out between our king M'Mbelwa's forces and the Gwangwara, and we've managed to force them to move east to Songea, south of Uhehe.;;;;;;;;;;;;;
unite_the_nguni_title;Create a Nguni Empire;;;;;;;;;;;;;
unite_the_nguni_desc;We have been able to establish a kingdom in the heart of the continent, far from any great enemy and with a superior army in professionalism and arms. With control over the North of the Chewa Sea, we should be able to establish our Empire, as great as ever!;;;;;;;;;;;;;
invade_tenda_title;Start Conquests North and South;;;;;;;;;;;;;
invade_tenda_desc;§RGain 2 infamy§! Our state has been confined to the Futa Jallon Mountains for decades, and our neigbours to our North and South - the Mayo and Neola Tenda and the Solimana: the last Jallonke state from the people that had humiliated our people for centuries-. To bring the jihad to our Animist neighbors, we must move to bring them into our state: the Tenda would accept being a puppet and ceding Fulbe-plurality regions, but Solimana will refuse any pact...;;;;;;;;;;;;;
occupy_gao_title;Occupy Gao;;;;;;;;;;;;;
occupy_gao_desc;Gao had been the great capital of the Songhai Empire and the Dendi province of the Mali Empire, but since the city has lost power and fallen to little Songhai city-states under constant fear of Tuareg raids. We must occupy Gao to bring them into centralized control and bring Gao to what it once was.;;;;;;;;;;;;;
ghana_empire_title;Recreate the Ghana Empire;;;;;;;;;;;;;
ghana_empire_desc;The Ghana Empire is the first empire we know of in African pre-colonial history, existing from the third century to the thirteenth century, and the people that ruled the empire are the ancestors of the Soninke of Kaarta, Xaaso and Solimana. It is our duty to conquer our lost lands and recreate the Ghana Empire!;;;;;;;;;;;;;
expand_ghana_west_title;Expand Ghana West;;;;;;;;;;;;;
expand_ghana_west_desc;The Ghana Empire had good trade relations with the peoples of the West, where now the Wolof, Western Fulbe and Serer live. The local kingdoms aren't too hostile to us, but to conserve our trade routes and bring new greatness to our Empire we must bring it under our control.;;;;;;;;;;;;;
expand_ghana_east_title;Expand Ghana East;;;;;;;;;;;;;
expand_ghana_east_desc;The regions of Dendi and Kebbi had been enemies to our Empire in the past, but they were strong enough to keep off our armies and keep control over their lands and the trade routes from the Akan gold mines. Wee can revert this error today now that we're the most important power in the continent.;;;;;;;;;;;;;
expand_mossi_around_title;Expand the Mossi Empire;;;;;;;;;;;;;
expand_mossi_around_desc;The Mossi Empire is under repeated attacks by the colonialist powers of the sea, and our region isn't unified enough to resist them. To do so, we must expand in all directions in the spirit of Yennenga's expansion to Wagadugu.;;;;;;;;;;;;;
senegal_is_mali_title;Expand to the Sea;;;;;;;;;;;;;
senegal_is_mali_desc;Mali had a coastline in the Gambia and Senegal rivers to our West, where the Wolof and Western Fulbe people live. It is an integral part of our Empire, and thus we must move to conquer it and bring it under our control.;;;;;;;;;;;;;
denianke_happens_title;Recreate the Empire of Great Fulo;;;;;;;;;;;;;
denianke_happens_desc;The Empire of Great Fulo was a Pulaar Fulbe empire that spanned the Senegal and Gambia rivers, and resisted multiple Islamic jihads by Muslim Fulbe rebel militias until 1776, when it was overthrown by the Imamate of Tooro. With control over the region restored, we can recreate the Empire of the Denianke.;;;;;;;;;;;;;
ROYALMONOPOLY;\n\nThe Portuguese Royal Family had had for a while a monopoly over the ivory trade to Angola, and they were our biggest partner, so we were forced to lower prices and the trade became unprofitable. Now that their monopoly is no longer an issue, we can now recover our control over the trade and increase our production.;;;;;;;;;;;;;
ivory_monopoly;Royal Ivory Monopoly;;;;;;;;;;;;;
recovering_ivory_monopoly;Recovering From a Royal Monopoly;;;;;;;;;;;;;
angoche_content_wow_title;Increase Trade with Europe;;;;;;;;;;;;;
angoche_content_wow_desc;§R(Pay 30,000¤)§! European traders have had commerce with our merchants for centuries at this point, a reality from which we can't readily escape. To keep our administration profitable, we could potentially fund expeditions to hunt ivory and conquer the Marrevoni Lomwe Makwa to our North to establish rubber plantations for the Europeans to purchase.;;;;;;;;;;;;;
trarza_unite_title;Unite with Brakna and Idawish;;;;;;;;;;;;;
trarza_unite_desc;§R(Pay 30,000¤)§! The lands of the Hassane have long been divided between emirates and clans, some of them being Brakna, Shratit, Abkak Taganit and Adrar. In our current position, we would be able to conquer the first three for a cost of §R30,000¤§!, bringing newfound unity to our great people.;;;;;;;;;;;;;
the_antankarana_question_title;Claim the Kingdom of Antankarana;;;;;;;;;;;;;
the_antankarana_question_desc;The Kingdom of Antankarana has long been independent from our rule, and claims to be linguistically and ethnically different to our state. We must show them the error in their ways, and integrate them into a great and prosperous Imerina!;;;;;;;;;;;;;
reforms_selassie_title;Sahle Selassie's Reforms;;;;;;;;;;;;;
reforms_selassie_desc;§R(Pay 70,000¤)§! Sahle Selassie's reign has been full of famines, revolts and epidemics, but he has been trying to round up support for westernizing reforms, both for the people and for expansion of his kingdom. The only negative are its increasing costs, he asks for §R70,000¤§! to be able to start his reforms.;;;;;;;;;;;;;
austerity;Austerity;;;;;;;;;;;;;
austerity_desc;Our country is in an all-out debt crisis, and we must act to fix this hole in our budget.;;;;;;;;;;;;;
missionary_activity_prov;Missionary Activity;;;;;;;;;;;;;
missionary_activity_prov_gone_title;Expulse all Missionary Activity;;;;;;;;;;;;;
missionary_activity_prov_gone_desc;British so called 'missionaries' have been settling on our land and teaching their mistake of a religion to people in our cities, and teaching them how to read and write in their language as a way to 'civilize' us. This is clearly an act of aggression and it must be dealt with accordingly.;;;;;;;;;;;;;
south_american_player_ii;Buff to South American Player;;;;;;;;;;;;;
south_american_player;Buff to South American Player;;;;;;;;;;;;;
witu_protectorate_title;The Witu Protectorate;;;;;;;;;;;;;
witu_protectorate_desc;Our relation with the Witu Emirate has been growing for decades, and with the other powers encroaching on their sovereignty, it might be time to help them survive in this cruel world.;;;;;;;;;;;;;
hehe_war_title;The Hehe War;;;;;;;;;;;;;
hehe_war_desc;The Hehe have grown in power in southwestern Tanganyika for decades, and now they're a power to be reckoned with. As they're one of the last roadblocks to our expansion in the region, we should launch an invasion to end their kingdom once and for all.;;;;;;;;;;;;;
amazon_donotmove;Green Hell;;;;;;;;;;;;;
chibchan;Miskito-Chibchan;;;;;;;;;;;;;
muskogean;Muskogean;;;;;;;;;;;;;
create_indian_confederacy_player_title;Unite the Turtle Islanders by Force;;;;;;;;;;;;;
create_indian_confederacy_player_desc;We have no other choice but to invade our neighbours and expand to face the American oppression of our people once and for all.;;;;;;;;;;;;;
turtle_islanders;Defenders of Turtle Island;;;;;;;;;;;;;
turtle_islanders_desc;We must move to defend from the foreign invaders that occupy our lands.;;;;;;;;;;;;;
utian;Utian;;;;;;;;;;;;;
dene;Dené;;;;;;;;;;;;;
annex_sohar_oma_title;Annex Sohar;;;;;;;;;;;;;
annex_sohar_oma_desc;The Sultanate of Sohar has been an independent Sultanate for decades, since the Wahhabis invaded our homeland and our grip over the western territories became weak. It is ruled by the remainder of the Yarubid family, the dynasty of Oman in the early 18th century, and might be plotting to overthrow our state. Should we annex Sohar once and for all, these issues would be sorted out.;;;;;;;;;;;;;
form_oman_yarubid_title;Form Yarubid Oman;;;;;;;;;;;;;
form_oman_yarubid_desc;Our ruling family was once part of the Yarubids, the dynasty that ruled Oman until the mid-18th century, when it was lost to Muscat. Now, with Muscat under control, we can restore our rightful rule over Oman!;;;;;;;;;;;;;
insane_ADL_title;End the Assimilation and Conversion Policy;;;;;;;;;;;;;
insane_ADL_desc;§GLose 5 infamy§! Our hold onto the Horn of Africa is firm, and we've pacified the polytheists into submission. It might be time to truly settle down and start a new golden age of progress.;;;;;;;;;;;;;
claim_basin_ADL_title;Claim the Region of Adal;;;;;;;;;;;;;
claim_basin_ADL_desc;§RGain 5 infamy§! Adal comprised all lands between Zeyla, Aussa and Harar, and were the center of the Adal Sultanate centuries back. The Sultanate was an example of the greatness of our people, and controlling it again we're able to claim its revival.;;;;;;;;;;;;;
more_war_ADL_title;Bring War to the Infidels;;;;;;;;;;;;;
more_war_ADL_desc;§RGain 10 infamy§! It is our duty and that of the Adal Sultanate to convert the infidels to the only, true religion. As a first step, we must start incursions into their territory and win the favor of the Oromo people, some of which are true Muslims.;;;;;;;;;;;;;
launch_it_ADL_title;Defeat the Habasans;;;;;;;;;;;;;
launch_it_ADL_desc;§RGain 15 infamy§! The Abyssinians have been infidels for too long - they have resisted conversion for centuries and only defeated the first Great Adal through treaties with the once-powerful Portuguese. Now that we control the southern hills and mountains of what they call their homeland, it's time to declare a new empire and bring Abyssinia under our control once and for all. For Islam!;;;;;;;;;;;;;
settle_down_ADL_title;Declare the Caliphate of the Adal;;;;;;;;;;;;;
settle_down_ADL_desc;§RGain 5 infamy§! Adal is now the greatest power in the recent history of Islam, and we must act that way. To encourage further conversions into Islam, it's time to declare a Caliphate in all rights.;;;;;;;;;;;;;
colonize_inner_tibet_title;Conquer the Tibetan Plateau;;;;;;;;;;;;;
colonize_inner_tibet_desc;The Tibetan Plateau is inhabited by various Tibetan peoples, most of them not sedentary, and has been for millenia. With the westernization of our bureaucracy and army, we are now able to control them.;;;;;;;;;;;;;
buy_kashmir_eng_title;Become a British Princely State;;;;;;;;;;;;;
buy_kashmir_eng_desc;Our days as a fully-independent nation are numbered. With the British at our doorstep and our enemies defeated, we might wanna offer something to the British they can't deny - becoming their ally in the region as a princely state, in exchange of control over Kashmir, now under their control.;;;;;;;;;;;;;
ladakhchaos_title;Establish a Puppet State in Ladakh;;;;;;;;;;;;;
ladakhchaos_desc;§RGain 2 infamy§! To keep expanding our domains to the North, we must bring Ladakh under our control and claim it as part of our great state.;;;;;;;;;;;;;
ladakh_larp_title;Claim Western Tibet;;;;;;;;;;;;;
ladakh_larp_desc;§RGain 5 infamy§! As the rightful claimants to Ladakh, we must bring under our control the lands they lost to Tibet in the XVII-XVIII centuries and bring our country to control both sides of the Himalayas!;;;;;;;;;;;;;
dogra_out_now_title;Claim Jammu and Ladakh;;;;;;;;;;;;;
dogra_out_now_desc;§RGain 5 infamy§! The Sikh Empire had for decades ruled Jammu, but a rogue governor took Jammu for himself in the early 1820s, and the territory was lost. Today we're back in a position to establish lasting control over Jammu and its surrounding territoris once and for all.;;;;;;;;;;;;;
claimblackhills_title;Claim the Black Hills;;;;;;;;;;;;;
claimblackhills_desc;The Northern Arapaho have lived for centuries in the Black Hills, a land now mostly inhabited by the Lakota group of the Dakota. We have been allied from time to time with them, but the presence of our brothers isolated from us in their land is becoming more and more untenable. We must reestablish control over the Black Hills and become the great state we used to be!;;;;;;;;;;;;;
cherokeewar_title;Launch a Punitive Expedition against the Cherokee;;;;;;;;;;;;;
cherokeewar_desc;§RGain 2 infamy§! The Cherokee have recently moved into Nabiti in their strategy to escape the American efforts to deport them to the Indian Territory. They raid our border towns as much as the Comanche and bring destruction everywhere they go. We must pacify this enemy and send them to their homeland in Tha'tse.;;;;;;;;;;;;;
claim_eastern_algeria_title;Claim Kabylia, the Chotts and Qusantina;;;;;;;;;;;;;
claim_eastern_algeria_desc;§RGain 2 infamy§! When the Regency of Algiers collapsed, we lost most of our control over the lands east of Kabylia, and wars against the imperial powers of Europe stopped us from reclaiming them. Now that we have the power necessary to launch an invasion east, we should claim those lands for ourselves once more.;;;;;;;;;;;;;
centralize_algiers_title;Centralize Algiers;;;;;;;;;;;;;
centralize_algiers_desc;§R(Pay 49,000¤)§! The lands of the Regency of Algiers have been part of our realm for centuries, but we had had to cede autonomy to local polities due to constant internal conflicts. Now that our state is more or less stable and we hold enough power to centralize, we must do so!;;;;;;;;;;;;;
colonization_america_test_one_title;Test Decision for Native-USA Mechanics;;;;;;;;;;;;;
colonization_america_test_one_desc;DOESN'T HAVE EFFECTS OR USES, WORK IN PROGRESS. This decision is a test on how to use Dynamic Loc to code a new mechanic for the player. It does nothing and it won't close if you click it, you can try it out if you want.;;;;;;;;;;;;;
JULIANAREP;\n\nThe forces of the Riograndense Republic, led by Italian revolutionary Giuseppe Garibaldi, with help from the local population, conquered parts of Santa Catarina, establishing a new republic.;;;;;;;;;;;;;
youarefightingforaraucaright;You are at war for Arauca.;;;;;;;;;;;;;
lpl_1826_constitution_title;Adopt Rivadavia's Constitution;;;;;;;;;;;;;
lpl_1826_constitution_desc;In 1826, the at the time President of the United Provinces of the Río de la Plata and Unitarian Bernardino de la Trinidad González Rivadavia drafted a constitution to centralize La Plata once and for all. The Constitution was sanctioned on the 24th of December of 1826, with it soon proving itself unpopular among the provinces and reigniting the civil war between Unitarian and Federalists. Rivadavia's Constitution would soon die on its craddle, with the civil war it ignited leading to the Federalist takeover of Buenos Aires. \n\nNow that we don't have to worry about Federalist savages anymore, our condition is more favorable, letting us adopt once again the 1826 Constitution, letting the document once again be our binding constitution.;;;;;;;;;;;;;
occupation_of_the_jawiya_desert_title;Occupation of al-Jawiya;;;;;;;;;;;;;
occupation_of_the_jawiya_desert_desc;Our lands in Jawiya remain exposed to raids from tribes in the interior, but our technology had not been enough to establish control over the deserts around the Euphrates, until now.;;;;;;;;;;;;;
DAYRAZZOURTAKENEGY;\n\nOur army has established a fort in the lower Euphrates river to better control the Anizah tribe in al-Jazira, and with it the raids to our newfound control over Syria will be secured.;;;;;;;;;;;;;
DAYRAZZOUNEGY;\n\nWith our war against the Ottomans, the Anizah have taken control of our fort in the Euphrates, named Dayr az-Zour, and restarted raiding to ash-Sham. We'll someday retake it and finish off the raiding once and for all.;;;;;;;;;;;;;
mutanfiq_revolt_title;Revolt Against the Ottoman Empire;;;;;;;;;;;;;
mutanfiq_revolt_desc;The Ottoman Empire is searching for an excuse to annex us, and our autonomy is slowly being stripped from us. We must declare our independence and protect the sovereignty of our state once and for all!;;;;;;;;;;;;;
mutanfiq_annex_title;Annex Muntafiq;;;;;;;;;;;;;
mutanfiq_annex_desc;Muntafiq is an Arab Emirate in the coast of the Persian Gulf, where they control Basrah and the surrounding wetlands and deserts. They have tried multiple times to free themselves from our rule, and they are a roadblock to our great empire's centralization. We must end their autonomy and bring Basrah under our direct rule.;;;;;;;;;;;;;
start_the_trolling_paa_title;Settle Border Disputes with Brazil;;;;;;;;;;;;;
start_the_trolling_paa_desc;With our victory in the Cabanagem, we have the upper hand in any potential border negotiations with Brazil. If we were to fund a diplomatic expedition to Rio de Janeiro, we'd be able to potentially force Brazil to rescind their claims on Pará and Rio Negro. §R(Pay 20,000¤)§W;;;;;;;;;;;;;
finish_the_trolling_paa_title;Claim Ka'aretama;;;;;;;;;;;;;
finish_the_trolling_paa_desc;The actions of the Ka'aretama so called 'republic' have gone too far. They are assimilating our people and destroying the natural order of the Amazon rainforest, completely against our terms in a previous treaty. We must claim the lands of the Amazon rainforest to stop these heinous acts at once!;;;;;;;;;;;;;
getthenativesgoing_paa_title;Encourage Settlement in the River Valleys;;;;;;;;;;;;;
getthenativesgoing_paa_desc;§R(Pay 40,000¤)§! The genocidal acts of the Empire of Brazil and its predecessors forced most of the people that once lived near the Amazon River to migrate elsewhere into the rainforest. With our newfound control over the river valleys and technology, we can recolonize the regions that were stripped from us and bring stability to the region once and for all.;;;;;;;;;;;;;
PAA_tupinamba_schooling_title;Start Schooling in Amerindian Languages;;;;;;;;;;;;;
PAA_tupinamba_schooling_desc;§R(Pay 50,000¤)§! There are many people in our nation that are interested in learning their local Amerindian language, be it to better communicate with their local Amerindian community or to continue their family's language tradition if they never passed it down to them for fear of being repressed by the Brazilian regime and others of its kind. It is only fair that we start a program to facilitate education in these languages and increase proficiency in them across our population.;;;;;;;;;;;;;
PAA_reform_brazil_title;Reform Brazil in Our Image;;;;;;;;;;;;;
PAA_reform_brazil_desc;With the final occupation of the Brazilian lands, we can finally reform Brazil how it was supposed to be - without slavery and open to everyone, with no oppression related to race or religion.;;;;;;;;;;;;;
cocama_larp_quechua_title;Claim The Lands of The Nheengatu, Cocama and Northern Amazonians;;;;;;;;;;;;;
cocama_larp_quechua_desc;§RGain 10 infamy§! (§RBefore 1851 will cause a Quechua revolt in Peruvian lands.§!) The Amerindian peoples of the Andes and its foothills have been oppressed for far too long! We must claim the lands from the Northern Andes to the Amazon River for ourselves to free our brethren from their cruel occupation forevermore.;;;;;;;;;;;;;
bolivia_tupi_thing_title;Claim Mato Grosso and Moxos and Chiquitos;;;;;;;;;;;;;
bolivia_tupi_thing_desc;§RGain 10 infamy§! The lands around and east of the Madeira River are the cradle of the Tupian languages, and many Amerindian nations there remain relatively independent. In contrast, west and south from it, the colonial nations continue to oppress tens of thousands of Amerindians even with our pleas to grant them autonomy. Claiming these lands is the only sensible outcome to react to these injustices.;;;;;;;;;;;;;
tocantins_je_thing_title;Claim The Lands of the Jê;;;;;;;;;;;;;
tocantins_je_thing_desc;§RGain 12.5 infamy§! The Jê and the Tupinamba have never been allies, but this is now changing. Our move for a united Amerindian nation in Pindobetama has caught the attention of numerous Jê nations, and our success has only emboldened them more to join our cause. Today we can safely say an alliance between the Jê and the Tupinamba, though once thought of as impossible, has been forged.;;;;;;;;;;;;;
sur_jeguarani_thing_title;Expand Our Influence into the Guarani and Kaingang Lands;;;;;;;;;;;;;
sur_jeguarani_thing_desc;§RGain 15 infamy§! §R(You'll be able to integrate the resulting state with a separate decision.)§! The lands of Paraguay and Rio Grande Do Sul have long been inhabited by the Xokleng, Guarani and Kaingang nations, of Jê and Tupi backgrounds. They have strong national identities that are compatible with ours, but they want to take the initiative and revolt themselves to have more legitimacy. We will, of course, let them revolt against Brazil and help them in anything that we can so they are successful, as in the end it benefits our movement.;;;;;;;;;;;;;
all_tupinamba_yes_title;Reestablish Our Control Over the Brazilian Coast;;;;;;;;;;;;;
all_tupinamba_yes_desc;§RGain 20 infamy§! The Tupinamba and Guarani peoples colonized what is now considered the Brazilian Coast about 2,000 years ago, when they established agricultural colonies throughout the coast and established relations with the peoples of the interior. Today we are in a position to finally reoccupy these lands and migrate again to these coasts that were promised to us.;;;;;;;;;;;;;
integrate_parana_paa_title;Integrate the Kingdom of the Paraná;;;;;;;;;;;;;
integrate_parana_paa_desc;§RGain 5 infamy§! The Kingdom of Paraná has reached its claimed borders and now covers all land between the rivers Paraguay and Paraná and the coast. Now that we have finished helping them, they should be grateful enough to unite with us, or else a conflict might happen between the two of us. The Amerindians must remain united, and a separate 'Paraná' nation is only a weakness against the foreign actors that want to destroy us.;;;;;;;;;;;;;
PAA_remove_cores_1_title;Integrate Maranhão;;;;;;;;;;;;;
PAA_remove_cores_1_desc;Maranhão has become an inseparable part of our state, indistinguishable to any other region. Its inhabitants speak one of our many Amerindian languages, and the streets are labelled in Lingua Geral. The people of Maranhão sing our anthem and pray to our flag, and over any other nationality, they feel they are part of our country and honor our cause. It is only fair that we instate schooling in the language of the majority and that any and all symbols of the previous regime are substituted for ours, for it is part of the right of our people to be represented.;;;;;;;;;;;;;
PAA_remove_cores_2_title;Integrate Mato Grosso;;;;;;;;;;;;;
PAA_remove_cores_2_desc;Mato Grosso has become an inseparable part of our state, indistinguishable to any other region. Its inhabitants speak one of our many Amerindian languages, and the streets are labelled in Lingua Geral. The people of Mato Grosso sing our anthem and pray to our flag, and over any other nationality, they feel they are part of our country and honor our cause. It is only fair that we instate schooling in the language of the majority and that any and all symbols of the previous regime are substituted for ours, for it is part of the right of our people to be represented.;;;;;;;;;;;;;
PAA_remove_cores_3_title;Integrate Rio Grande do Sul;;;;;;;;;;;;;
PAA_remove_cores_3_desc;Rio Grande do Sul has become an inseparable part of our state, indistinguishable to any other region. Its inhabitants speak one of our many Amerindian languages, and the streets are labelled in Lingua Geral. The people of Rio Grande do Sul sing our anthem and pray to our flag, and over any other nationality, they feel they are part of our country and honor our cause. It is only fair that we instate schooling in the language of the majority and that any and all symbols of the previous regime are substituted for ours, for it is part of the right of our people to be represented.;;;;;;;;;;;;;
PAA_remove_cores_4_title;Integrate São Paulo;;;;;;;;;;;;;
PAA_remove_cores_4_desc;São Paulo has become an inseparable part of our state, indistinguishable to any other region. Its inhabitants speak one of our many Amerindian languages, and the streets are labelled in Lingua Geral. The people of São Paulo sing our anthem and pray to our flag, and over any other nationality, they feel they are part of our country and honor our cause. It is only fair that we instate schooling in the language of the majority and that any and all symbols of the previous regime are substituted for ours, for it is part of the right of our people to be represented.;;;;;;;;;;;;;
PAA_remove_cores_5_title;Integrate the Nordeste;;;;;;;;;;;;;
PAA_remove_cores_5_desc;The Nordeste has become an inseparable part of our state, indistinguishable to any other region. Its inhabitants speak one of our many Amerindian languages, and the streets are labelled in Lingua Geral. The people of the Nordeste sing our anthem and pray to our flag, and over any other nationality, they feel they are part of our country and honor our cause. It is only fair that we instate schooling in the language of the majority and that any and all symbols of the previous regime are substituted for ours, for it is part of the right of our people to be represented.;;;;;;;;;;;;;
PAA_remove_cores_6_title;Integrate Bahia;;;;;;;;;;;;;
PAA_remove_cores_6_desc;Bahia has become an inseparable part of our state, indistinguishable to any other region. Its inhabitants speak one of our many Amerindian languages, and the streets are labelled in Lingua Geral. The people of Bahia sing our anthem and pray to our flag, and over any other nationality, they feel they are part of our country and honor our cause. It is only fair that we instate schooling in the language of the majority and that any and all symbols of the previous regime are substituted for ours, for it is part of the right of our people to be represented.;;;;;;;;;;;;;
PAA_remove_cores_7_title;Integrate Minas Geraes;;;;;;;;;;;;;
PAA_remove_cores_7_desc;Minas Geraes has become an inseparable part of our state, indistinguishable to any other region. Its inhabitants speak one of our many Amerindian languages, and the streets are labelled in Lingua Geral. The people of Minas Geraes sing our anthem and pray to our flag, and over any other nationality, they feel they are part of our country and honor our cause. It is only fair that we instate schooling in the language of the majority and that any and all symbols of the previous regime are substituted for ours, for it is part of the right of our people to be represented.;;;;;;;;;;;;;
PAA_remove_cores_8_title;Integrate Rio de Janeiro;;;;;;;;;;;;;
PAA_remove_cores_8_desc;Rio de Janeiro has become an inseparable part of our state, indistinguishable to any other region. Its inhabitants speak one of our many Amerindian languages, and the streets are labelled in Lingua Geral. The people of Rio de Janeiro sing our anthem and pray to our flag, and over any other nationality, they feel they are part of our country and honor our cause. It is only fair that we instate schooling in the language of the majority and that any and all symbols of the previous regime are substituted for ours, for it is part of the right of our people to be represented.;;;;;;;;;;;;;
get_rid_of_zubayr_title;Annex az-Zubayr;;;;;;;;;;;;;
get_rid_of_zubayr_desc;The rulers of az-Zubayr have been at odds with the Muntafiq for decades, but since 1822 our relations have been extremely strained due to our meddling in a succession dispute. Later in 1827 we were promised by the Ottoman governor that we could annex Zubayr after a letter from the elite of the town asked us to take it, but the az-Zubayr family convinced Bashrah against such an annexation, and the merchants and other inhabitants of Zubayr that signed it were imprisoned. With the weakening of Zubayr by the plagues in recent months, we should be able to take it without much opposition from Bashrah.;;;;;;;;;;;;;
mobilize_tribesmen_title;Mobilise the Tribesmen;;;;;;;;;;;;;
mobilize_tribesmen_desc;Our country is not short of fighters thanks to the semi-independent entities that conform us. We must raise militias from our population to properly defend our nation.;;;;;;;;;;;;;
prepare_now;Preparing for war;;;;;;;;;;;;;
bohtan_reforms_title;Bedir Khan Beg's Reforms;;;;;;;;;;;;;
bohtan_reforms_desc;Bedir Khan Beg is a very powerful ruler, and he exercises total control over Bohtan. Bedir has decided to modernize his state in inspiration from Muhammad Ali's Egypt, modernizing the army and the finances of our state. He also seeks to bring increased security to our state and modernize the bureaucracy, making our taxes more effective.;;;;;;;;;;;;;
triple_alliance_bht_title;Ally with the Principalities;;;;;;;;;;;;;
triple_alliance_bht_desc;The Kurdish Principalities are now mere vassals of the Ottoman State, but this cannot continue. If we ally with each other, we'll be able to exert pressure on the Ottoman Empire and eventually regain independence.;;;;;;;;;;;;;
EVT986504OPTA;The Great Powers won't take this lightly...;;;;;;;;;;;;;
centralize_kurdistan_fr_title;Centralize Kurdistan;;;;;;;;;;;;;
centralize_kurdistan_fr_desc;With the fall of Bohtan and the pacification of the other revolting Kurdish states, we can now finally centralize our possessions in Kurdistan and pacify the region once and for all.;;;;;;;;;;;;;
form_iraq_title;Form Iraq;;;;;;;;;;;;;
form_iraq_desc;Iraq al-Arabi has been disunited for far too long. With the great cities of Iraq under our control, we can finally unite Iraq and bring to it a new golden age!;;;;;;;;;;;;;
claim_khuzestan_title;Claim Khuzestan;;;;;;;;;;;;;
claim_khuzestan_desc;§RGain 4 infamy§! The lands east of the Shatt al-Arabi have been populated by Arabs for centuries, and thinking that it is separate from Iraq al-Arabi is now outdated. We must claim Arabestan and fix this injustice once and for all.;;;;;;;;;;;;;
claim_jazira_title;Claim the Caliphal Province of al-Jazira;;;;;;;;;;;;;
claim_jazira_desc;§RGain 7.5 infamy§! al-Jazira and its capital, al-Mawshil, have long been closely tied to Iraq al-Arabi, and most of the region is populated by Arabs or has an Arab minority. As we seek to expand, the only logical choice is to do so into Jazira.;;;;;;;;;;;;;
claim_syria_title;Claim Syria;;;;;;;;;;;;;
claim_syria_desc;§RGain 12.5 infamy§! As we expand westward, we find the nation of Syria, between the Sinai Peninsula and Adana. As we seek to find natural borders for our nation, the Levant and the Fertile Crescent fit our goals and share our religion, culture, and language.;;;;;;;;;;;;;
claim_iraq_persia_title;Claim Iraq-i Ajami;;;;;;;;;;;;;
claim_iraq_persia_desc;§RGain 12.5 infamy§! The name 'Iraq' comes from the times of the Seljuk Turks, when they ruled both Iraq proper and Jibal - thus, they were addressed as 'sultan al-Iraq.' Following the Mongol invasions, the name Jibal became outdated, and it became known as Iraq-i Ajami, as opposed to Iraq-i Arabi. Now that we are a power to be reckoned with, we can unify the two Iraqs into one nation in honor of the great empires before us.;;;;;;;;;;;;;
irq_accept_kurds_title;Embrace the Kurdish Minority;;;;;;;;;;;;;
irq_accept_kurds_desc;The Kurds are an integral part of Iraq, being a significant part of our population and prominent in cities such as Dijarbekir or Mosul. As we seek to integrate our new lands into our state, we must accept the Kurds as fellow first-class citizens.;;;;;;;;;;;;;
irq_accept_lurish_title;Embrace the Lurish Minority;;;;;;;;;;;;;
irq_accept_lurish_desc;With our conquests in Khuzestan, we have annexed lands that are majoritarily populated by Lurs. As we seek to integrate Luristan into our nation, it is only logical that we accept them as first-class citizens.;;;;;;;;;;;;;
irq_accept_syriac_title;Embrace the Syriac Minority;;;;;;;;;;;;;
irq_accept_syriac_desc;Our state has significant Christian minorities, namely the Assyrians of Kurdistan and the Syriacs of Lebanon. After having declared freedom of religion in our state, we must accept them as first-class citizens.;;;;;;;;;;;;;
irq_accept_persian_title;Embrace the Persian Minority;;;;;;;;;;;;;
irq_accept_persian_desc;With the recent takeover of Iraq-i Ajami, we have annexed multiple regions with a Persian majority. As we seek to integrate Iraq-i Ajami into our nation, it is only logical that we accept them as first-class citizens.;;;;;;;;;;;;;
syr_accept_syriac_title;Embrace the Syriac Minority;;;;;;;;;;;;;
syr_accept_syriac_desc;Our state has significant Christian minorities, namely the Assyrians and Syriacs. After having declared freedom of religion in our state, we must accept them as first-class citizens.;;;;;;;;;;;;;
vassal_independence_double_title;Become Independent from $OVERLORD$;;;;;;;;;;;;;
vassal_independence_double_desc;We must become independent from the nation that oppress us! Our current situation is politically complicated, as we are a vassal of a vassal, but two enemies aren't enough to stop our need for independence.;;;;;;;;;;;;;
debt_viewer_title;Debt Viewer;;;;;;;;;;;;;
debt_viewer_desc;To see how many debt you have left to pay to non-private investors, you can click this button. It will give you an interval of the money that you have to pay, we can't show you the exact amount due to game limitations.;;;;;;;;;;;;;
negotiate_debt_france_hai_title;Renegotiate Our Debt With France;;;;;;;;;;;;;
negotiate_debt_france_hai_desc;Haiti's legacy of debt began shortly after gaining independence from France in 1804. In 1825, France, with warships at the ready, demanded Haiti compensate France for its loss of slaves and its slave colony. In exchange for French recognition of Haiti as a sovereign republic, France demanded payment of 150 million francs. In addition to the payment, France required that Haiti discount its exported goods to them by 50%. This did not succeed, and its first 30 million francs payment necessitated a 24 million francs loan and the seizing of all Haitian assets. After this failure, France was forced to wait for our stabilization, but this keeps worsening our relations. We should try negotiating in the hopes of making our debt lower and being able to end our economic isolation.;;;;;;;;;;;;;
negotiate_debt_france_title;Renegotiate Haiti's Debt;;;;;;;;;;;;;
negotiate_debt_france_desc;Haiti's legacy of debt began shortly after gaining independence from France in 1804. In 1825, France, with warships at the ready, demanded Haiti compensate France for its loss of slaves and its slave colony. In exchange for French recognition of Haiti as a sovereign republic, France demanded payment of 150 million francs. In addition to the payment, France required that Haiti discount its exported goods to them by 50%. This did not succeed, and its first 30 million francs payment necessitated a 24 million francs loan and the seizing of all Haitian assets. After this failure, France was forced to wait for Haiti's stabilization. We should try negotiating in the hopes of making them pay the debt and earn the money we once lost.;;;;;;;;;;;;;
erzurum_treaty_title;The Second Erzurum Treaty;;;;;;;;;;;;;
erzurum_treaty_desc;Tensions have risen again between the Ottoman Empire and Qajar Persia after order has been restored in the Kurdish areas. Border conflicts are now a common occurrence, driving up jingoist sentiment in both courts. Wishing to protect their interests in the region, the United Kingdom and Russia have intervened to find a diplomatic solution to the issues that plagued the area. The proposed treaty includes nine articles treating various issues, from territorial compromises to the status of pilgrims, forever establishing the western concepts of nation and borders in the region.;;;;;;;;;;;;;
battle_of_dhank_title;Invade the Imamate of Oman;;;;;;;;;;;;;
battle_of_dhank_desc;The Imam of Oman has gained considerable influence over the last couple of decades, having fought a war against Nejd and achieved alliances with Abu Dhabi. He has gone on a campaign to gain followers and allies to centralize Oman under his rule, but they aren't powerful enough to beat us. We should declare war on them before the Imam becomes capable of winning against us \n\n§RYou need at least 70% westernization progress, the tooltip lies.§W;;;;;;;;;;;;;
hedjaz_TUR_no_more_cores_title;Illegitimize Turkish Claims On Hedjaz;;;;;;;;;;;;;
hedjaz_TUR_no_more_cores_desc;The Ottoman Empire has claimed Hedjaz illegitimately for far too long. It is our duty to change the international recognition of Ottoman claims and finally solve this injustice.;;;;;;;;;;;;;
hedjaz_TUR_more_cores_title;Reclaim Hedjaz;;;;;;;;;;;;;
hedjaz_TUR_more_cores_desc;When a campaign by one of our enemies caused us to lose our claims in Hedjaz, but now that we have regained our standing in the region and the wider world, we can reclaim the region for ourselves.;;;;;;;;;;;;;
palestine_TUR_no_more_cores_title;Illegitimize Turkish Claims On Palestine;;;;;;;;;;;;;
palestine_TUR_no_more_cores_desc;The Ottoman Empire has claimed Palestine illegitimately for far too long. It is our duty to change the international recognition of Ottoman claims and finally solve this injustice.;;;;;;;;;;;;;
palestine_TUR_more_cores_title;Reclaim Palestine;;;;;;;;;;;;;
palestine_TUR_more_cores_desc;When a campaign by one of our enemies caused us to lose our claims in Palestine, but now that we have regained our standing in the region and the wider world, we can reclaim the region for ourselves.;;;;;;;;;;;;;
lebanon_TUR_no_more_cores_title;Illegitimize Turkish Claims On Mount Lebanon;;;;;;;;;;;;;
lebanon_TUR_no_more_cores_desc;The Ottoman Empire has claimed Mount Lebanon illegitimately for far too long. It is our duty to change the international recognition of Ottoman claims and finally solve this injustice.;;;;;;;;;;;;;
lebanon_TUR_more_cores_title;Reclaim Mount Lebanon;;;;;;;;;;;;;
lebanon_TUR_more_cores_desc;When a campaign by one of our enemies caused us to lose our claims in Mount Lebanon, but now that we have regained our standing in the region and the wider world, we can reclaim the region for ourselves.;;;;;;;;;;;;;
syria_TUR_no_more_cores_title;Illegitimize Turkish Claims On Syria;;;;;;;;;;;;;
syria_TUR_no_more_cores_desc;The Ottoman Empire has claimed Syria illegitimately for far too long. It is our duty to change the international recognition of Ottoman claims and finally solve this injustice.;;;;;;;;;;;;;
syria_TUR_more_cores_title;Reclaim Syria;;;;;;;;;;;;;
syria_TUR_more_cores_desc;When a campaign by one of our enemies caused us to lose our claims in Syria, but now that we have regained our standing in the region and the wider world, we can reclaim the region for ourselves.;;;;;;;;;;;;;
jazira_TUR_no_more_cores_title;Illegitimize Turkish Claims On al-Jazira;;;;;;;;;;;;;
jazira_TUR_no_more_cores_desc;The Ottoman Empire has claimed al-Jazira illegitimately for far too long. It is our duty to change the international recognition of Ottoman claims and finally solve this injustice.;;;;;;;;;;;;;
jazira_TUR_more_cores_title;Reclaim al-Jazira;;;;;;;;;;;;;
jazira_TUR_more_cores_desc;When a campaign by one of our enemies caused us to lose our claims in al-Jazira, but now that we have regained our standing in the region and the wider world, we can reclaim the region for ourselves.;;;;;;;;;;;;;
iraq_TUR_no_more_cores_title;Illegitimize Turkish Claims On Iraq-i Arabi;;;;;;;;;;;;;
iraq_TUR_no_more_cores_desc;The Ottoman Empire has claimed Iraq-i Arabi illegitimately for far too long. It is our duty to change the international recognition of Ottoman claims and finally solve this injustice.;;;;;;;;;;;;;
iraq_TUR_more_cores_title;Reclaim Iraq-i Arabi;;;;;;;;;;;;;
iraq_TUR_more_cores_desc;When a campaign by one of our enemies caused us to lose our claims in Iraq-i Arabi, but now that we have regained our standing in the region and the wider world, we can reclaim the region for ourselves.;;;;;;;;;;;;;
kurdistan_TUR_no_more_cores_title;Illegitimize Turkish Claims On Western Kurdistan;;;;;;;;;;;;;
kurdistan_TUR_no_more_cores_desc;The Ottoman Empire has claimed Western Kurdistan illegitimately for far too long. It is our duty to change the international recognition of Ottoman claims and finally solve this injustice.;;;;;;;;;;;;;
kurdistan_TUR_more_cores_title;Reclaim Western Kurdistan;;;;;;;;;;;;;
kurdistan_TUR_more_cores_desc;When a campaign by one of our enemies caused us to lose our claims in Western Kurdistan, but now that we have regained our standing in the region and the wider world, we can reclaim the region for ourselves.;;;;;;;;;;;;;
asir_help_out_turkce_title;Help Türkçe in Yemen;;;;;;;;;;;;;
asir_help_out_turkce_desc;A general named Türkçe Bilmez is planning to, against the wishes of the Egyptian governor of Hedjaz, enter the Zaydi Imamate with soldiers he gathered in Jeddah. If we were to help him, we'd be able to extend our influence into Yemen and become a greater power in the Arabian Peninsula.;;;;;;;;;;;;;
DAMASCUSNOOOOO;\n\nSince Muhammad Ali instated a draft for all peasants, many Egyptian families have fled to Syria. Muhammad Ali asked for the handover of the Egyptian refugees, but he was told by the Sultan that the peasants were subjects of the Sultan, not slaves of the Pashas, and that they were free to move from one place to another. Egypt soon after declared war, and Palestine welcomed his arrival. Meanwhile, anarchy reigned in Damascus as Selim, the pasha of the region, imposed a light tax on all businesses in the city to 'fix overcrowding,' which caused the workers to rebel. The pasha had an army of nearly two thousand men, but instead of subduing the mob, he took refuge in the citadel, not taking into account the lack of necessary provisions there. The mob burned the palace and besieged the pasha. After six weeks of confinement in the citadel, he made a belated attack. The enraged mob tore him apart, tore apart his entire entourage and family, and dragged his remains from neighborhood to neighborhood.;;;;;;;;;;;;;
arabestan_is_ottoman_title;Force Arabestan to Acknowledge Ottoman Influence;;;;;;;;;;;;;
arabestan_is_ottoman_desc;Arabestan has been just outside our influence for decades, trying to avoid siding with either Tehran or Konstantiniyye. As our relations with the Qajars become more and more strained, we must send our army to al-Muhammarah and finally settle our border in the region and bring Arabestan under our influence.;;;;;;;;;;;;;
ottoman_invasion_jazira_title;Annex Mosul;;;;;;;;;;;;;
ottoman_invasion_jazira_desc;The al-Jalili family has ruled Mosul for a century now, but that hasn't made them more loyal than the rest of the satellites that plague our territories. To properly centralize al-Jazira, we need to annex the domains of the al-Jalili family.;;;;;;;;;;;;;
euphrates_expedition_title;The Euphrates Expedition;;;;;;;;;;;;;
euphrates_expedition_desc;Currently, it takes about 4 months to send mail from England to India. The East India Company has suggested we launch an investigation to see if a faster overland route is possible, using steamboats through the Euphrates River into the Persian Gulf and then on to India. Francis Rawdon Chesney recently ventured into the Euphrates to try and prove it himself, but he had to stop due to conflict in the Middle Euphrates. Regardless, it proves that if we survey the Lower Euphrates, we will be able to see if such a route is possible and shorten our communication lines.;;;;;;;;;;;;; 
nejd_bahrein_title;Pressure Bahrain into Accepting Vassal Status;;;;;;;;;;;;;
nejd_bahrein_desc;Bahrain has long been just outside our grasp - being an island in the middle of the Persian Gulf, it is extremely hard to control without an important fortification or local support. An opportunity, though, has recently arisen. Bashir bin Rahmah, the son of the pirate Rahmah bin Jabir, has suggested that he could be sent to the Utub of Bahrain as a check on his power and would help us achieve the allegiance of Bahrain and Qatar.;;;;;;;;;;;;;
aden_expedition_title;The Aden Expedition;;;;;;;;;;;;;
aden_expedition_desc;§RGain 1 infamy§! Aden is a natural port some tens of nautical miles away from the Bab El Mandeb, the strait that separates the Red Sea from the wider Indian Ocean. It is controlled by the Sultanate of Aden, a powerful sultanate feared by nations around it and rich from the coffee trade. Its strategic position and the failure to take Socotra have made Aden a necessity if we are to continue our influence in the Arabian Peninsula, but it is impossible to take it diplomatically, so we might as well outfit an expedition.;;;;;;;;;;;;;
egypt_bahrein_title;Pressure Bahrain into Accepting Our Influence;;;;;;;;;;;;;
egypt_bahrein_desc;Bahrain is an island in the Persian Gulf that has had ties to both sides of the Gulf for centuries, controlling trade between Qatif and Iran. This strategic position, though, isn't backed by a powerful army, which makes them accept allegiance to a bigger power fairly regularly. In 1831 they accepted being a vassal of the Saudis after some short negotiations in Qatif, which granted them further concessions, which was only broken with a boarding incident and our expedition to Nejd. Now that we control Nejd, we can claim to restore their agreement with Nejd and make them declare allegiance to al-Qahirah.;;;;;;;;;;;;;
1854_firman_title;Pressure the Ottomans Into the 1854 Firman;;;;;;;;;;;;;
1854_firman_desc;§GLose 0.5 infamy§! The Ottoman Empire still allows the trade of slaves legally and systematically, many being part of the Imperial harem. This fact has attracted attention recently in the West, which we could use to pressure the Ottoman Empire into prohibiting the trade in white women. If this succeeded, the Ottoman Empire would be one step closer to outlawing slavery.;;;;;;;;;;;;;
liberate_faisal_title;Liberate Faisal bin Turki Al Saud;;;;;;;;;;;;;
liberate_faisal_desc;After our retreat from Nejd, the Wahhabi lands are back to being the origin of various headaches for the governor of Hedjaz and Duba. Faisal bin Turki, the ruler of Nejd before our intervention in Riyadh, is still held in a prison in al-Qahirah, and in his stay here he has achieved good relations with the governor of Hedjaz, who has recommended we free him. If we were to free him, we would fund his return to Riyadh and let him take the throne there, achieving the impossible - we would have a friendly regime in the Arabian Peninsula without violating any treaties with the Ottoman Empire.;;;;;;;;;;;;;
muntafiq_samawah_title;Occupy Samawah;;;;;;;;;;;;;
muntafiq_samawah_desc;§RGain 2 infamy§! Samawah is controlled by the Khaza'il, a federation of city-states in the Lower Euphrates. They have resisted our attempts to take the region for centuries, but our army is finally ready to end their rule. As a first stage of our conquest, we will force the Khaza'il to become our puppet and annex Samawah from them to keep the allegiance of the Muntafiq to our rule.;;;;;;;;;;;;;
centralize_basra_title;Centralize Eastern Muntafiq Lands;;;;;;;;;;;;;
centralize_basra_desc;The emir of the Muntafiq, Prince Bandar, has long been the ruler of the mouths of the Tigris and the Euphrates, and his loyalty to the Ottoman Empire is undeniable. The lands he holds, though, are too wealthy to be left under a vassal. Bashrah and the wider Lower Tigris are very prosperous agricultural regions with more than three densely populated districts. If we are to continue centralizing our empire, we have to look no further than Bashrah.;;;;;;;;;;;;;
nejd_bahrein_two_title;Take Qatar From Bahrain;;;;;;;;;;;;;
nejd_bahrein_two_desc;The withdrawal of Muhammad Ali of Egypt's forces from the Arabian Peninsula, following the 1840 Convention of London imposed by European powers, has created a political vacuum we must fill. In this light we have tried multiple times to intervene in Bahrain, to no avail. Recently, an emir named Mohammed bin Thani has migrated to al-Bidda in Qatar, where he has unified the Qatari tribes and strengthened the Qatari economy. With this development in Qatar and its distancing from Bahrain, we may be able to finally seize it and eventually Bahrain.;;;;;;;;;;;;;
abu_arish_asir_murder_title;Coup Abu Arish;;;;;;;;;;;;;
abu_arish_asir_murder_desc;Abu Arish has been a thorn in our side for centuries, holding the entrance to Yemen hostage and outside our reach. As our influence grows in the region, we are now able to orchestrate a coup in their capital and swiftly take their emirate. Even if we're able to do this, we should be wary of acting on it while they're being protected by a power bigger than us.;;;;;;;;;;;;;
kill_the_other_arabia_title;Launch An Expedition Against the Shammar;;;;;;;;;;;;;
kill_the_other_arabia_desc;The Shammar tribe has been refusing to join us in our duty to unite the Arabian Peninsula for far too long. It is necessary that we declare war against them to unite the two emirates of the ad-Dahna, Ha'il and Najd. §RYou need at least 70% civilization progress, the tooltip lies.§W;;;;;;;;;;;;;
kill_the_other_arabia_two_title;Launch An Expedition Against the Saudis;;;;;;;;;;;;;
kill_the_other_arabia_two_desc;The Saudi tribe has been refusing to join us in our duty to unite the Arabian Peninsula for far too long. It is necessary that we declare war against them to unite the two emirates of the ad-Dahna, Ha'il and Najd. §RYou need at least 70% civilization progress, the tooltip lies.§W;;;;;;;;;;;;;
anglo_ottoman_convention_title;The Anglo-Ottoman Convention on the Arabian Peninsula;;;;;;;;;;;;;
anglo_ottoman_convention_desc;The Ottoman Empire has competed against our influence in the Arabian Peninsula for decades. With our empire holding strong and theirs weakening by the day, we might be able to diplomatically gain concessions in the Peninsula.;;;;;;;;;;;;;
nejd_core_more_title;Claim the Rub al-Khali;;;;;;;;;;;;;
nejd_core_more_desc;§RGain 3 infamy§! The Rub al-Khali is a sparsely populated desert in the southeastern corner of the Arabian Peninsula. It is at the crossroads of regions such as Nejd, Oman and Yemen, as well as the Trucial States. As this desert is so strategically important, we must claim part of it for ourselves.;;;;;;;;;;;;;
oman_core_more_title;Claim the Rub al-Khali;;;;;;;;;;;;;
oman_core_more_desc;§RGain 3 infamy§! The Rub al-Khali is a sparsely populated desert in the southeastern corner of the Arabian Peninsula. It is at the crossroads of regions such as Nejd, Oman and Yemen, as well as the Trucial States. As this desert is so strategically important, we must claim part of it for ourselves.;;;;;;;;;;;;;
yemen_core_more_title;Claim the Rub al-Khali;;;;;;;;;;;;;
yemen_core_more_desc;§RGain 3 infamy§! The Rub al-Khali is a sparsely populated desert in the southeastern corner of the Arabian Peninsula. It is at the crossroads of regions such as Nejd, Oman and Yemen, as well as the Trucial States. As this desert is so strategically important, we must claim part of it for ourselves.;;;;;;;;;;;;;
kuwait_more_cores_title;Claim Our Southern Lands;;;;;;;;;;;;;
kuwait_more_cores_desc;§RGain 3 infamy§! Manifa has long been under the influence of our traders, and local disagreements have more than once been resolved with mediation by Kuwaiti diplomats. It is only common sense that, in the face of encroachments into these lands by tribes coming from Ha'il and Riyadh, we must claim Manifa and defend our trading posts.;;;;;;;;;;;;;
nejd_british_disputes_oman_title;Resolve Disputes in the Omani Rub al-Khali;;;;;;;;;;;;;
nejd_british_disputes_oman_desc;The Omani Rub al-Khali has long been the subject of dispute between us and our trading partners in Arabia. To continue normalizing relations between our two states, we must set a line in the sand and end all disputes between us.;;;;;;;;;;;;;
nejd_british_disputes_yemen_title;Resolve Disputes in the Yemeni Rub al-Khali;;;;;;;;;;;;;
nejd_british_disputes_yemen_desc;The Yemeni Rub al-Khali has long been the subject of dispute between us and our trading partners in Arabia. To continue normalizing relations between our two states, we must set a line in the sand and end all disputes between us.;;;;;;;;;;;;;
nejd_british_disputes_kuwait_title;Resolve Disputes in Kuwait;;;;;;;;;;;;;
nejd_british_disputes_kuwait_desc;Kuwait has long been the subject of dispute between us and our trading partners in Arabia. To continue normalizing relations between our two states, we must set a line in the sand and end all disputes between us.;;;;;;;;;;;;;
mahra_dhofar_title;Centralize Dhofar;;;;;;;;;;;;;
mahra_dhofar_desc;Dhofar has been our puppet since 1829, when the local pirate state was defeated by a coalition of tribes allied with us. With our power increasing by the day in the region of Dhofar, we may be prepared to annex it.;;;;;;;;;;;;;
asir_core_HDJ_title;Claim Asir;;;;;;;;;;;;;
asir_core_HDJ_desc;§RGain 2 infamy§! Asir is a region that lies to the south of our state and shares cultural ties with both Hedjaz and Yemen. We have long ruled over part of Asir, but our continued existence relies on us occupying Asir and securing our southern flank. Now that we are capable of engaging in such an expedition, we should wait no longer.;;;;;;;;;;;;;
HDJ_core_rassids_title;Punish the Qasimids;;;;;;;;;;;;;
HDJ_core_rassids_desc;§RGain 4 infamy§! During the past four centuries, the Qasimids have caused chaos and instability in the region of Yemen. Their influence in Mamluk politics caused their collapse and fall to the Ottoman Empire, their takeover of Yemen from the Ottomans after it was slow and incomplete, and their instability led to the creation of Kathiri and later the small states of the region east of Aden. We must reunite Yemen under our flag and finally rid the region of those who have done harm to it.;;;;;;;;;;;;;
claim_arabian_peninsula_yemen_title;Claim Yemen;;;;;;;;;;;;;
claim_arabian_peninsula_yemen_desc;To continue in our destiny of controlling the whole Arabian Peninsula, we must claim the lands that lie south of ours. Yemen is a region that includes the regions of Sana'a, Ta'iz, Aden and Hadramawt, and it is one of the most densely populated and rich parts of the peninsula. It had been more or less centralized under a single state until some centuries ago, when the Qasimids and the Ottoman Empire caused chaos in the region. Now that we are powerful enough to win a war against those who have ruined Yemen, we can claim it and take it for ourselves to rid Yemen of its enemies.;;;;;;;;;;;;;
claim_arabian_peninsula_oman_title;Claim Oman;;;;;;;;;;;;;
claim_arabian_peninsula_oman_desc;To continue in our destiny of controlling the whole Arabian Peninsula, we must claim the lands that lie south of ours. The mountains of Oman and the grasslands and deserts that neighbor it have been a point of conflict for much of our era. The mountains are inhabited by the Ibadis, a Muslim sect that is separate from the Sunni and Shia, and this isolation has helped Oman feel separated from the rest of the peninsula for millennia. We must claim Oman and unite it with its neighbors to finally undo this injustice.;;;;;;;;;;;;;
jibal_adharbayjan_aru_title;Claim The Caliphal Provinces of Jibal and Adharbayjan;;;;;;;;;;;;;
jibal_adharbayjan_aru_desc;Thanks to our takeover of the lands of the Arabian Peninsula, the lands further east that once were part of our caliphate now lie in our grasp. The caliphal provinces of Jabal and Adharbayjan were as rebellious as they were rich, but rebellion can be fixed while richness exists forever.;;;;;;;;;;;;;
fars_kirman_aru_title;Claim The Caliphal Provinces of Fars and Kirman;;;;;;;;;;;;;
fars_kirman_aru_desc;Now that Jabal and Adharbayjan are under our control, the next step is taking Fars and Kirman, the two coastal caliphal provinces of modern Qajar Iran. To continue with our destiny to retake all lands once lost by the caliphates, we must claim them.;;;;;;;;;;;;;
khorasan_transoxiana_abb_title;Claim The Caliphal Provinces of Khorasan and Transoxiana;;;;;;;;;;;;;
khorasan_transoxiana_abb_desc;The once-forgotten borders of the caliphates are now close to our extent. Khorasan and Transoxiana were once the frontier of the caliphate and constantly changed hands, but this does not make it less legitimate to take it once again.;;;;;;;;;;;;;
JZR_core_syria_title;Claim Syria;;;;;;;;;;;;;
JZR_core_syria_desc;§RGain 7.5 infamy§! As we expand westward, we find the nation of Syria, between the Sinai Peninsula and Adana. As we seek to find natural borders for our nation, the Levant and the Fertile Crescent fit our goals and share our religion, culture, and language.;;;;;;;;;;;;;
JZR_core_iraq_title;Claim Iraq;;;;;;;;;;;;;
JZR_core_iraq_desc;§RGain 7.5 infamy§! Iraq-i Arabi is a region that is delimited by Luristan and Arabistan to its east, the Arabian deserts to the west, the Gulf to the south, and al-Jazira to the north. To secure our southern flank in the deserts of Arabia, we must control Iraq-i Arabi and bring it under our realm.;;;;;;;;;;;;;
gulf_oman_title;Claim Oman;;;;;;;;;;;;;
gulf_oman_desc;§RGain 7.5 infamy§! In the southern edge of the Gulf lies Oman, home to a sizable Ibadi population. It has had multiple empires and faced off against superior enemies, but they are no match for $COUNTRY$. We must claim their lands to finally control all territory on the eastern coast of the Arabian Peninsula.;;;;;;;;;;;;;
claim_oman_title;Claim Oman;;;;;;;;;;;;;
claim_oman_desc;§RGain 7.5 infamy§! In the southern edge of the Gulf lies Oman, home to a sizable Ibadi population. It has had multiple empires and faced off against superior enemies, but they are no match for $COUNTRY$. We must claim their lands to finally control all territory on the southern coast of the Arabian Peninsula.;;;;;;;;;;;;;
claim_asir_TSI_title;Claim Asir;;;;;;;;;;;;;
claim_asir_TSI_desc;§RGain 2.5 infamy§! Asir is a region that lies to the north of our state and shares cultural ties with both Hedjaz and Yemen. We have long ruled over part of Asir, but our continued existence relies on us occupying Asir and securing our northern flank. Now that we are capable of engaging in such an expedition, we should wait no longer.;;;;;;;;;;;;;
claim_ASI_HDJ_title;Claim the Tihamah;;;;;;;;;;;;;
claim_ASI_HDJ_desc;§RGain 5 infamy§! The Tihamah has long been a subject of dispute by the rulers of Mecca and Asir. When the Sharifate of Mecca was first founded, most of the Tihamah was held by the then rulers of Asir, who kept it for centuries. It is time for us to reclaim the lands we lost to the invaders from the North and finally realize the Asirian dream of influence throughout the whole of the Tihamah and, by extension, Hedjaz.;;;;;;;;;;;;;
claim_ASI_YEM_title;Claim Yemen;;;;;;;;;;;;;
claim_ASI_YEM_desc;§RGain 7.5 infamy§! To our south lies Yemen, home of precious coffee plantations and a large Shia population that has caused turmoil for centuries. The region is very unstable, but with our rise to greatness, they have found their ultimate pacifier. We must claim Yemen and finally reunite the lands of Asir and Yemen into a single state.;;;;;;;;;;;;;
claim_qarmatians_basra_title;Claim The Upper Gulf;;;;;;;;;;;;;
claim_qarmatians_basra_desc;§RGain 5 infamy§! The cities of Basra and Manifa lie north of our state and were once owned by the Qarmatians, a powerful state that controlled the entirety of the Arabian Peninsula's gulf. As our state takes its roots in their legacy, we must reconquer these lands.;;;;;;;;;;;;;
claim_qarmatians_oman_title;Claim Oman;;;;;;;;;;;;;
claim_qarmatians_oman_desc;§RGain 5 infamy§! Oman was once part of the Qarmatians' sphere of influence, and an important part of their power came from the region. With our state taking its roots in the legacy of the Qarmatians, it is only fair that we take the land that once belonged to our forefathers.;;;;;;;;;;;;;
steal_the_black_stone_title;Steal the Black Stone;;;;;;;;;;;;;
steal_the_black_stone_desc;§RGain 100 infamy§! The Black Stone is a stone that is revered by Muslims as an Islamic relic. According to tradition, it dates back to the time of Adam and Eve and has been venerated at the Kaaba since it was set intact into the Kaaba's wall by Muhammad in 605, five years before his first revelation. The ancestors of our state, the Qarmatians, once took the stone in an attack on the city and kept it hostage for years. To honor our roots and challenge the rest of the Muslim world, we might as well try to take it once again.;;;;;;;;;;;;;
kurdistan_khorasan_title;Claim Western Khorasan;;;;;;;;;;;;;
kurdistan_khorasan_desc;Now that we have claimed Media, lands inhabited or once ruled by Kurds still lie east of our state. The entirety of the Za'faranlu Confederacy is still outside our claimed and integrated land, as are the lands of Herat and Mazar that once were ruled by Media. With this expansion, the northern borders of Media will finally be reached.;;;;;;;;;;;;;
start_wahabbi_larp_title;Launch a Jihad Against the Ottoman Empire;;;;;;;;;;;;;
start_wahabbi_larp_desc;§RGain 10 infamy§! The Ottoman Empire has not followed the duties they think a Caliphate should follow and has been keeping infidelities inside Islam for far too long. We must remove the Ottoman Empire from the Arabian Peninsula and finally liberate these lands from the religious chaos the Ottomans have caused.;;;;;;;;;;;;;
