Key;English;French;German;Polish;Spanish;Italian;Swedish;Czech;Hungarian;Dutch;Portuguese;Russian;Finnish;
EVTNAME2037107;Cheating;;;;;;;;;;;;;
EVTDESC2037107;One_of_the_other_players_has_been_cheating,_$FROMCOUNTRY$_has_a_bonus_he_shouldn't_have.;;;;;;;;;;;;;
EVTDESC36898_NEWS_LONG;Princess_Alexandrina_Victoria_of_House_Hanover_has_ascended_to_the_throne_of_The_United_Kingdom_of_Great_Britain_and_Ireland_as_'Queen_Victoria'._Today_a_jubilant_London_crowd_has_escorted_her_to_her_residence_in_the_newly_built_Buckingham_Palace._People_of_all_classes_and_creeds_are_delighted_to_see_the_new_Monarch_take_her_place_as_sovereign_of_the_UK,_and_the_Queen_herself_is_reportedly_looking_forward_to_the_tasks_and_challenges_which_accompany_this_onerous_office._Her_uncle,_King_William_IV,_will_be_greatly_missed_and_fondly_remembered_by_the_British_people.;;Prinzessin_Alexandrina_Victoria_von_Hannover_hat_den_Thron_des_Vereinigten_Königreichs_von_Großbritannien_und_Irland_als_'Königin_Victoria'_bestiegen._Die_jubelnde_Londoner_Menge_eskortierte_sie_zu_ihrer_Residenz_im_neuen_Buckingham_Palace._Menschen_aller_Klassen_und_jeden_Glaubens_freuen_sich_über_die_neue_Monarchin_auf_dem_Thron_Großbritanniens_und_die_Königin_sieht_lt._Berichten_den_Aufgaben_und_Herausforderungen_dieses_ehrbaren_Amtes_freudig_entgegen._Ihr_Vater,_König_George_III._wird_sehr_vermisst_werden_und_dem_britischen_Volk_in_guter_Erinnerung_bleiben.;;;;;;;;;;;
EVTDESC36898_NEWS_MEDIUM;Princess_Alexandrina_Victoria_has_ascended_the_throne_of_The_United_Kingdom_of_Great_Britain_&_Ireland._Today_a_jubilant_crowd_has_escorted_her_to_Buckingham_Palace._People_of_all_classes_and_creeds_are_delighted_and_she_is_looking_forward_to_the_tasks_which_accompany_the_office.;;Prinzessin_Alexandrina_Victoria_hat_den_Thron_des_Vereinigten_Königreichs_von_Großbritannien_und_Irland_bestiegen._Eine_jubelnde_Menge_begleitete_sie_heute_zum_Buckingham_Palace._Sie_sieht_den_Aufgaben_dieses_ehrbaren_Amtes_freudig_entgegen.;;;;;;;;;;;
EVTDESC36898_NEWS_SHORT;Princess_Victoria_of_House_Hanover_has_ascended_the_throne_of_The_United_Kingdom_of_Great_Britain_&_Ireland._People_of_all_classes_and_creeds_are_delighted._King_Willian_IV_will_be_greatly_missed.;;Prinzessin_Victoria_von_Hannover_hat_den_Thron_des_Vereinigten_Königreichs_von_Großbritannien_und_Irland_bestiegen._Menschen_aller_Gruppierungen_jubeln._König_George_wird_vermisst_werden.;;;;;;;;;;;
EVTNAME44360;Louis Riel Gains Public Notice;;;;;;;;;;;;;
EVTDESC44360;The_noted_Louis_Riel_has_become_a_figurehead_amongst_his_people._He_calls_for_increased_rights_for_Metis_people_across_Canada._Unique_among_his_number,_the_young_Riel_has_quickly_risen_to_prominence_due_to_his_eloquent_speech,_his_education,_and_his_earnest_beliefs._Leaving_him_alive_would_be_a_great_example_of_Canada's_freedom_of_speech,_but_the_government_can_pull_a_few_strings_in_order_to_effect_a_policy_beneficial_to_the_status_quo.;;;;;;;;;;;;;
EVTNAME44361;William McDougall;;;;;;;;;;;;;
EVTDESC44361;The_Anglo-Canadian_gentleman_William_McDougall_has_been_proposed_to_be_the_Lieutenant_Governor_of_the_troubled_Rupert's_Land/North_West_Territories._His_invaluable_service_and_experience_in_the_past_puts_him_in_a_prime_position_to_manage_the_territories,_but_some_believe_his_anti-French_and_Anti-Metis_policies_to_be_too_heavy-handed_for_the_troubled_territories.;;;;;;;;;;;;;
EVTNAME44362;The Red River Rebellion;;;;;;;;;;;;;
EVTDESC44362;The_Red_River_Rebellion,_later_referred_to_as_the_First_Riel_Rebellion,_was_a_rebellion_that_occurred_soon_after_Canadian_Confederation._The_Canadian_Government_had_installed_an_anti-French_and_anti-Metis_lieutenant_governor,_William_McDougall,_in_the_newly-bought_North_West_Territory._When_McDougall_sent_surveyors_into_what_would_eventually_be_the_province_of_Manitoba,_the_restless_Metis_inhabitants_sent_their_own_delegation_to_intercept_these_surveyors_and_proclaimed_the_existence_of_the_Metis_Confederation._Historically,_they_established_a_provisional_government_in_the_new_Confederation,_which_the_Canadian_Government_tolerated_while_the_situation_developed.;;;;;;;;;;;;;
EVTNAME44363;The Execution of Thomas Scott;;;;;;;;;;;;;
EVTDESC44363;Thomas_Scott,_an_Orangeman_of_Irish_descent,_was_executed_by_Louis_Riel_during_the_Red_River_Rebellion_for_conspiring_against_the_self-proclaimed_Metis_provisional_government._Historically,_Riel_wished_to_show_the_world_that_the_Metis_peoples_were_demanding_to_be_taken_seriously,_but_the_Canadian_Government_viewed_this_action_by_Riel_as_a_step_too_far_and_outfitted_the_Wolseley_Expedition_to_quell_the_Rebellion._After_conflicts_with_the_Metis,_Louis_Riel_was_captured_and_exiled_to_the_United_States._With_this,_the_Red_River_Rebellion_was_crushed,_but_the_Metis_and_Native_peoples_would_not_soon_forget_this_act.;;;;;;;;;;;;;
EVTNAME44364;The Return of Louis Riel and the Second Riel Rebellion;;;;;;;;;;;;;
EVTDESC44364;After_being_elected_to_parliament_three_times_in_absentia_after_his_exile,_Louis_Riel_returned_to_Canada_in_1884._Using_increased_Metis_and_Native_cohesion,_the_ailing_Riel_managed_to_assemble_a_loose_coalition_to_reattempt_his_rebellion_for_Metis_independence_in_1885._Historically,_this_rebellion_was_a_failure_due_to_internal_strife_amongst_Rebellion_leaders,_an_increasingly_ill_and_megalomaniacal_Riel,_and_increased_Federal_cohesion._Canada_was_no_longer_a_fledgling_nation_just_getting_on_its_feet,_and_quickly_moved_to_wipe_out_Riel_and_his_rebellion.;;;;;;;;;;;;;
EVTNAME44365;Louis Riel's Fate;;;;;;;;;;;;;
EVTDESC44365;Historically,_after_surrendering_to_the_Canadian_forces_after_his_failed_rebellion,_the_Canadian_Government_held_a_quick_trial_in_what_can_be_best_called_a_kangaroo_court._Held_in_a_hostile_city_before_a_jury_of_purely_Anglo-Canadian_Protestant_jurors,_the_Catholic_Metis_Louis_Riel_was_found_guilty_of_treason_and_sentenced_to_death_after_a_trial_lasting_only_five_days._Louis_Riel_refused_to_plea_insanity,_instead_delivering_two_heartfelt_speeches_to_the_court,_and_later_asserting_to_his_lawyer_that_"Life,_without_the_dignity_of_an_intelligent_being,_is_not_worth_having."_Louis_Riel_was_hanged_on_the_18th_of_September,_1885._His_rebellions_and_the_spirit_of_the_Metis_would_largely_die_with_him,_but_in_due_time_he_would_be_remembered_as_a_folk_hero_amongst_White,_Metis,_and_Native_people_alike.;;;;;;;;;;;;;
EVTNAME44366;Quebec Presses for Release!;;;;;;;;;;;;;
EVTDESC44366;Following_the_precedent_of_a_recent_secession,_the_Quebecois_peoples_are_pressing_the_Canadian_Government_for_independence!;;;;;;;;;;;;;
EVTNAME44367;Columbia Presses for Release!;;;;;;;;;;;;;
EVTDESC44367;Following_the_precedent_of_a_recent_secession,_the_Columbian_peoples_are_pressing_the_Canadian_Government_for_independence!;;;;;;;;;;;;;
EVTNAME44368;The Metis Confederation is beyond our grasp!;;;;;;;;;;;;;
EVTDESC44368;The_Metis_Confederation_has_managed_to_gain_independence,_either_through_rebellion_or_external_means.;;;;;;;;;;;;;
EVTNAME44369;Quebec is beyond our grasp!;;;;;;;;;;;;;
EVTDESC44369;Quebec_has_managed_to_gain_independence,_either_through_rebellion_or_external_means.;;;;;;;;;;;;;
EVTNAME44370;Columbia is beyond our grasp!;;;;;;;;;;;;;
EVTDESC44370;Columbia_has_managed_to_gain_independence,_either_through_rebellion_or_external_means.;;;;;;;;;;;;;
EVTNAME203770;Slavery Continues In Our Nation;;;;;;;;;;;;;
EVTDESC203770;Slavery,_that_ever-controversial_policy,_has_continued_on_in_our_nation.;;;;;;;;;;;;;
EVTNAME203800;Anti-Terrorism Coalition Proposed;;;;;;;;;;;;;
EVTDESC203800;A_group_of_wealthy_capitalists_from_your_country_has_come_to_you_after_the_recent_attack_on_the_Statue_of_Liberty._They_propose_an_anti-terrorism_coalition_force_to_protect_our_country_from_any_possible_terrorist_attacks._They_are_all_upstanding_capitalists_and_the_core_of_your_economy,_but_they_also_propose_a_different_option:_technological_progress_and_ethical_flexibility._All_you_need_is_to_give_your_executive_order.;;;;;;;;;;;;;
EVTNAME203801;Secret Conspiracies uncovered!;;;;;;;;;;;;;
EVTDESC203801;After_poking_around_with_your_secret_police,_it_has_come_to_your_attention_that_the_anti-terrorism_force_is_just_a_front_for_a_conspiracy_of_capitalists_who_seek_to_take_control_of_the_nation_and_the_world._When_you_confront_them,_they_very_tactfully_invite_you_to_join_their_secret_organization_and_gain_a_place_in_the_world,_so_long_as_you_help_them_with_their_devious_plans.;;;;;;;;;;;;;
EVTNAME203802;The Conspiracy reaches fruition;;;;;;;;;;;;;
EVTDESC203802;We've_had_to_endure_much,_but_soon_there_will_be_order_again._A_new_age!_Aquinas_spoke_of_the_mythical_city_on_the_hill._Soon_that_city_will_be_a_reality.;;;;;;;;;;;;;
EVTNAME203771;Fascist Takeover of Government!;;;;;;;;;;;;;
EVTNAME203772;Communist Takeover of Government!;;;;;;;;;;;;;
EVTNAME203700;The Republican Coup;;;;;;;;;;;;;
EVTDESC203700;The_end_of_slavery_had_resulted_in_an_explicit_shift_of_support_to_republicanism_by_rich_and_powerful_coffee_farmers_who_held_great_political,_economic_and_social_power_in_the_country._To_avert_a_republican_backlash,_the_government_adopted_a_series_of_credit_and_military_policies_and_reforms_to_appease_the_land_owners._The_measures_made_by_the_government_alarmed_the_civilian_republicans_and_the_Positivists_in_the_military_corps._They_saw_that_it_would_undercut_support_for_their_own_aims,_and_were_emboldened_to_further_action._For_them,_it_had_become_a_case_of_"now_or_never"._Although_there_was_no_desire_in_Brazil_among_the_majority_of_the_population_to_change_the_form_of_government,_the_civilian_republicans_began_pressuring_the_Positivist_officers_to_overthrow_the_monarchy._The_Positivists_launched_a_coup_d'etat_and_tried_to_institute_a_republic_on_November_15,_1889._During_the_whole_ordeal_Pedro_II_showed_no_emotion,_as_if_unconcerned_about_the_outcome._He_only_commented:;;;;;;;;;;;;;
EVTNAME203701;The Golden Law;;;;;;;;;;;;;
EVTDESC203701;The_Lei_Áurea_(Golden_Law)_was_sanctioned_by_Isabel,_Imperial_Princess_of_Brazil,_who_was_regent_at_the_time_while_her_father,_Emperor_Dom_Pedro_II,_was_in_Europe._It_was_signed_on_May_13,_1888_and_was_the_law_that_abolished_slavery_in_Brazil._It_had_only_two_articles._The_succinctness_of_the_law_was_intended_to_make_clear_that_there_were_no_conditions_of_any_kind_to_the_freeing_of_all_slaves._Aside_from_the_activities_of_abolitionists,_there_were_a_number_of_reasons_for_the_signing_of_the_law:_slavery_was_no_longer_profitable,_as_the_wages_of_European_immigrants,_whose_working_conditions_were_poor,_cost_less_than_the_upkeep_of_slaves,_and_the_decline_in_the_arrival_of_new_slaves_-_Brazil_was_the_last_country_in_the_Western_world_to_abolish_slavery._The_Brazilian_government_was_also_under_pressure_from_Britain,_who_sought_to_end_the_slave_trade_in_order_to_expand_production_in_its_own_colonies.;;;;;;;;;;;;;
EVTNAME203702;The Rise of Getulio Vargas;;;;;;;;;;;;;
EVTDESC203702;Vargas_was_born_in_the_state_of_Rio_Grande_do_Sul,_into_a_family_prominent_in_state_politics._By_1922_he_had_risen_rapidly_in_state_politics_and_was_elected_to_the_National_Congress,_in_which_he_served_for_four_years._In_1926_Vargas_became_minister_of_finance_in_the_Cabinet_of_President_Washington_Luís_Pereira_de_Sousa,_a_post_he_retained_until_his_election_as_governor_of_Rio_Grande_do_Sul_in_1928._From_his_position_as_state_governor,_Vargas_campaigned_unsuccessfully_as_reform_candidate_for_the_presidency_of_Brazil_in_1930._While_appearing_to_accept_defeat,_Vargas_in_October_of_that_year_led_the_revolution,_organized_by_his_friends,_that_overthrew_the_oligarchical_republic._For_the_next_15_years_Vargas_assumed_largely_dictatorial_powers,_ruling_most_of_that_time_without_a_congress._He_held_sole_power_as_provisional_president_from_Nov._3,_1930,_until_July_17,_1934,_when_he_was_elected_president_by_the_constituent_assembly.;;;;;;;;;;;;;
EVTNAME203775;The Fascist Movement Arises;;;;;;;;;;;;;
EVTNAME203776;The Fascists Go Openly Public;;;;;;;;;;;;;
EVTNAME203777;Fascist Rallies!;;;;;;;;;;;;;
EVTNAME203805;Greater Denmark rises!;;;;;;;;;;;;;
EVTDESC203805;Given_our_glorious_status_in_the_world,_nationalists_within_our_country_have_taken_it_upon_themselves_to_encourage_a_rebirth_of_our_ancestral_Viking_roots._While_this_has_great_traction_amongst_the_already_nationalistic,_government_intervention_could_give_this_movement_the_push_needed_to_become_a_truly_national_movement._This_will,_of_course,_worry_the_rest_of_the_world,_but_what_are_they_compared_to_the_glory_and_might_of_our_nation?;;;;;;;;;;;;;
EVTNAME66689;Lucky Nations;;;;;;;;;;;;;
EVTDESC66689;Sometimes_in_this_world,_nations_seem_to_be_blessed_by_God_in_certain_periods._Their_leaders_are_brilliant,_their_people_are_hardy,_they_excel_in_warfare,_produce_amazing_works_of_culture,_and_their_economies_boom._Do_we_live_in_such_a_world?_If_Lucky_Nations_are_turned_on,_ten_random_westernized_nations_who_are_not_Great_Powers_and_five_random_non-western_nations_will_be_given_special_bonuses_that_will_enable_them_to_shake_up_the_status_quo_of_the_world_by_giving_them_significant_bonuses.;;;;;;;;;;;;;
EVTNAME38510;Moving the Capital;;;;;;;;;;;;;
EVTDESC38510;In_1840_Said_bin_Sultan,_Sultan_of_Muscat_and_Oman_moved_his_capital_from_the_Omani_city_of_Muscat_to_the_economic_heart_of_his_empire,_the_African_island_of_Zanzibar_in_a_successful_attempt_to_increase_the_amount_of_products_he_could_export_from_the_region.;;;;;;;;;;;;;
EVTNAME11200;Setting the Borders of Italy;;;;;;;;;;;;;
EVTDESC11200;With_our_Union_of_Italy_at_hand,_how_should_we_draw_the_border_between_Austria_and_Italy?;;;;;;;;;;;;;
EVTNAME11201;Petition Austria for Savoie?;;;;;;;;;;;;;
EVTDESC11201;We_have_been_notified_of_Austria's_intent_to_unify_the_Italian_peninsula._Should_we_ask_them_to_cede_control_of_Savoie,_which_possesses_as_sizable_French_population?;;;;;;;;;;;;;
EVTNAME11202;French Claims in Italy;;;;;;;;;;;;;
EVTDESC11202;France_has_expressed_interest_in_our_union_of_Italy._They_ask_for_us_to_return_to_them_Savoie,_which_has_a_sizable_French_population.;;;;;;;;;;;;;
EVTNAME11203;French Claims in Italy;;;;;;;;;;;;;
EVTDESC11203;France_has_expressed_interest_in_our_union_of_Italy._They_ask_for_us_to_return_to_them_Savoie,_which_has_a_sizable_French_population._In_addition,_they_also_demand_Piemonte._If_we_accede_to_both_of_these_demands_our_union_of_Italy_will_surely_been_seen_as_flimsy_excuse_to_divide_Italy_between_us.;;;;;;;;;;;;;
EVTNAME11204;The Papal Question;;;;;;;;;;;;;
EVTDESC11204;How_should_we_deal_with_the_Papal_State_in_our_union_of_Italy?;;;;;;;;;;;;;
EVTNAME11205;Freedom or Subservience?;;;;;;;;;;;;;
EVTDESC11205;Should_we_establish_our_union_of_Italy_as_a_truly_independent_state,_or_as_a_puppet_to_the_Austrian_crown?_Granting_them_independence_would_help_legitimize_the_actions_we've_taken_so_far,_both_in_the_eyes_of_the_other_greater_powers_and_in_the_eyes_of_the_Italian_people.;;;;;;;;;;;;;
EVTNAME11210;Setting the Borders of Italy;;;;;;;;;;;;;
EVTDESC11210;With_our_Union_of_Italy_at_hand,_how_should_we_draw_the_border_between_Austria_and_Italy?;;;;;;;;;;;;;
EVTNAME11211;Ask France to recognize Austrian claims?;;;;;;;;;;;;;
EVTDESC11211;We_have_been_notified_of_France's_intent_to_unify_the_Italian_peninsula._Should_we_ask_them_to_recognize_our_claims_to_the_lands_of_Lombardy-Venice?;;;;;;;;;;;;;
EVTNAME11212;Austrian Claims in Italy;;;;;;;;;;;;;
EVTDESC11212;Austria_has_expressed_interest_in_our_union_of_Italy._They_ask_for_us_to_recognize_their_claim_to_Lombardy-Venice.;;;;;;;;;;;;;
EVTNAME11213;Austrian Claims in Italy;;;;;;;;;;;;;
EVTDESC11213;France_has_recognized_only_our_claims_to_Venice._They_have_dismissed_our_claim_to_Lombardia.;;;;;;;;;;;;;
EVTNAME11214;Austrian Claims in Italy;;;;;;;;;;;;;
EVTDESC11214;France_has_recognized_our_claim_to_Lombardy-Venice.;;;;;;;;;;;;;
EVTNAME11240;South Italy;;;;;;;;;;;;;
EVTDESC11240;Cultural_differences_separate_the_southern_half_of_the_peninsula_from_the_north._Should_Italy_be_split_along_these_lines?_Two_Sicilies_might_govern_the_region_better.;;;;;;;;;;;;;
EVTNAME9988800;$FROMCOUNTRY$'s bid for independence;;;;;;;;;;;;;
EVTDESC9988800;A_diplomat_from_$FROMCOUNTRY$_has_approached_us_with_a_request_to_free_$FROMCOUNTRY$_from_their_oppressive_masters._We_could_attempt_a_coup_that_would_install_an_independent_government_in_$FROMCOUNTRY$,_and_$FROMCOUNTRY$_would_gladly_join_us_in_our_war.;;;;;;;;;;;;;
EVTNAME9988801;$FROMCOUNTRY$ accepts offer.;;;;;;;;;;;;;
EVTDESC9988801;$FROMCOUNTRY$_has_agreed_to_our_offer,_we_must_now_join_them_in_their_war.;;;;;;;;;;;;;
EVTNAME9988802;$FROMCOUNTRY$ declines offer.;;;;;;;;;;;;;
EVTDESC9988802;$FROMCOUNTRY$_has_refused_our_offer.;;;;;;;;;;;;;
EVTNAME9988803;$FROMCOUNTRY$ has altered the deal.;;;;;;;;;;;;;
EVTDESC9988803;$FROMCOUNTRY$_has_accepted_us_under_their_protection._Unfortunately_it_seems_we_will_still_be_a_pawn_to_be_shuffled_between_the_greater_powers.;;;;;;;;;;;;;
EVTNAME188112;General Volkhovski's Landing;;;;;;;;;;;;;
EVTDESC188112;One_of_the_first_events_of_the_restarted_Caucasian_War_was_General_Volkhovski's_landing_in_Circassia,_near_the_modern_town_of_Sochi._Originally_plagued_by_setbacks_due_to_Circassian_resistance_and_poor_organization,_it_was_a_good_start_and_learning_experience_for_the_Russian_armed_forces.;;;;;;;;;;;;;
EVTNAME188113;Conflict at Tepsue;;;;;;;;;;;;;
EVTDESC188113;The_Russians_made_a_large_landing_at_Tepsue_soon_after_the_Caucasian_War_restarted,_intending_to_crush_opposition_in_western_Circassia_after_their_successful_occupation_of_eastern_Circassia_a_decade_earlier._Historically,_the_occupation_was_a_reasonable_success,_yet_casualties_were_very_high_on_both_sides_and_neither_belligerent_forgot_the_lessons_learned_during_this_conflict.;;;;;;;;;;;;;
EVTNAME188114;Colonel Obshevski Gives A Speech;;;;;;;;;;;;;
EVTDESC188114;Historically,_soon_after_the_conflict_at_Tepsue,_Russian_Colonel_Obshevski_gave_a_speech_to_the_local_Circassian_population_about_the_advantages_of_being_under_Russian_control_and_the_virtues_of_not_rebelling_against_their_Russian_masters._The_Circassians_did_not_forget_it,_to_the_detriment_of_the_Russians.;;;;;;;;;;;;;
EVTNAME188115;Imam Shamil Gains Power;;;;;;;;;;;;;
EVTDESC188115;Imam_Shamil_has_gained_power_and_become_the_Imam_of_the_Caucasian_Imamate!_His_frequent_attacks_against_Russian_outposts_throughout_the_region_are_worrisome,_and_a_decision_is_needed_as_to_what_to_do_with_his_resistance_movement.;;;;;;;;;;;;;
EVTNAME188116;United Circassian Offensive;;;;;;;;;;;;;
EVTDESC188116;The_Circassian_resistance_has_managed_to_take_out_our_minor_outposts_through_sneak_attacks,_seizing_supply_depots,_and_what_can_be_termed_guerrilla_warfare._Although_we_have_suffered_much,_our_ready_state_of_alertness_prevented_an_overly_large_massacre_of_our_people_and_has_prevented_our_major_outposts_and_fortresses_from_being_overrun_by_the_Circassians.;;;;;;;;;;;;;
EVTNAME188117;United Circassian Offensive;;;;;;;;;;;;;
EVTDESC188117;Although_we_attempted_to_pull_out_of_our_weaker_outposts,_the_Circassians_have_ambushed_our_traveling_forces_and_seized_our_supplies._Our_larger_outposts_relied_on_these_smaller_reinforcements_to_properly_defend,_and_we_have_suffered_some_losses_in_our_major_military_and_civilian_centers._This_perceived_weakness_has_given_the_Circassians_free_reign_to_massacre_our_people,_and_has_shamed_us_on_a_world_scale.;;;;;;;;;;;;;
EVTNAME188118;Imam Shamil Offers a Truce;;;;;;;;;;;;;
EVTDESC188118;Imam_Shamil_has_stated_his_demands_regarding_the_Caucasus:_independence,_a_return_to_the_status_quo_of_1834,_or_death!_Historically,_the_Imam_and_the_Tsar_agreed_to_a_peace_treaty,_which_was_respected_for_almost_a_decade,_as_it_worked_out_to_both_sides'_advantage._The_Russians_had_been_humiliated_at_the_Caucasus,_but_the_Circassians_could_not_hold_out_much_longer.;;;;;;;;;;;;;
EVTNAME188119;Unrest in the Caucasus;;;;;;;;;;;;;
EVTDESC188119;There_is_increased_unrest_as_of_late,_as_Imam_Shamil_has_begin_a_campaign_of_peaceful_resistance_and_invective,_wanting_independence_for_his_people_and_the_Caucasus.;;;;;;;;;;;;;
EVTNAME188120;Imam Shamil Stands Firm;;;;;;;;;;;;;
EVTDESC188120;Imam_Shamil_has_released_an_ultimatum:_Caucasian_independence_or_indefinite_rebellion._His_troops_have_already_seized_Russian_supply_depots_and_a_few_outposts,_and_as_such_he_has_dishonorably_broken_our_treaty.;;;;;;;;;;;;;
EBTOPTB188120;This is the last straw. Let them go.;;;;;;;;;;;;;
EVTNAME188121;Victories in the Caucasus;;;;;;;;;;;;;
EVTDESC188121;A_string_of_military_and_civil_victories_in_the_Caucasus_has_led_to_the_breaking_of_most_Circassian_resistance!_Imam_Shamil_is_on_the_run_and_the_back_of_the_resistance_is_broken!_It_seems_that_the_war_that_has_raged_for_almost_a_hundred_years_is_almost_over.;;;;;;;;;;;;;
EVTNAME188122;Ethnic Cleansing of the Caucasus;;;;;;;;;;;;;
EVTDESC188122;Historically,_soon_after_major_victories_in_the_Caucasus,_the_Russians_purged_the_area_of_any_undesirable_elements._The_ethnic_cleansing_continued_until_the_1870s,_as_many_natives_of_the_area_were_killed_or_deported_to_the_Ottoman_Empire._Indeed,_the_ethnic_cleansing_of_the_area_has_been_considered_by_many_historians_to_be_the_first_ethnic_cleansing_on_a_modern_scale_and_the_harbinger_of_genocides_as_a_concept.;;;;;;;;;;;;;
EVTNAME188123;Imam Shamil Captured;;;;;;;;;;;;;
EVTDESC188123;Historically,_Imam_Shamil_was_captured_in_1859._The_Russians_allowed_him_to_live,_albeit_under_surveillance_in_Kiev._The_mutual_respect_that_the_Imam_and_the_Tsar_had_for_each_other_helped_quite_a_bit_in_this_aspect,_and_Imam_Shamil_saw_the_war_as_lost_from_this_point._Although_resistance_continued_in_the_Caucasus,_the_ideological_center_of_the_movement_was_removed,_and_the_ideological_foundation_of_the_resistance_foundered._Imam_Shamil_himself_received_permission_from_the_Tsar_to_go_on_the_Hajj_to_Mecca_in_1869._He_briefly_stopped_at_Istanbul_where_he_was_greeted_warmly_by_the_Ottoman_Sultan,_but_continued_on_his_way_to_Mecca._He_died_shortly_after_completing_the_pilgrimage_in_1871,_a_truly_remarkable_figure_in_life.;;;;;;;;;;;;;
EVTNAME188124;The End of the Caucasian War;;;;;;;;;;;;;
EVTDESC188124;The_last_pockets_of_resistance_have_foundered,_the_rebellion_is_leaderless,_tens_of_thousands_lie_dead,_and_the_Circassian/Caucasian_War_has_finally_ended_after_100_years_of_bloodshed._The_people_of_the_Caucasus_now_know_their_place_in_the_Russian_Empire,_but_such_wars_are_not_that_easy_to_forget.;;;;;;;;;;;;;
EVTNAME95671;The Non-German Territories;;;;;;;;;;;;;
EVTDESC95671;Now_that_we_have_fulfilled_our_destiny_and_united_the_German_people_under_one_banner,_the_question_of_our_non-German_lands_remains._There_is_cries_for_independence,_or_at_the_very_least,_increased_autonomy_from_$COUNTRY$._Refusing_will_no_doubt_greatly_upset_the_other_great_powers_as_well_as_our_population._Many_voices_in_Government_say_that_granting_our_non-German_territories_independence_or_even_just_extended_autonomy_is_the_best_course_of_action_in_order_to_minimize_damage_to_our_reputation_on_the_world_stage_as_well_as_satisfying_our_population.;;;;;;;;;;;;;
EVTDESC188718953;The_Hamburg-American_freighter,_Palatia,_Capt._Kopff,_which_arrived_this_morning,_was_the_first_steamer_to_pass_through_the_new_Kiel_canal._The_canal_was_practically_finished,_and_it_was_to_test_the_navigability_that_the_Palatia_was_sent_through._She_touched_bottom_several_times,_but_did_not_stick_fast_and_sustained_no_damage._The_New_York_Times,_June_23,_$YEAR$.;Le_cargo_américain_de_Hambourg,_Palatia,_du_capitaine_Kopff,_qui_est_arrivé_ce_matin,_était_le_premier_vapeur_pour_à_passer_par_le_nouveau_cana_de_Kiel._Le_canal_a_été_pratiquement_fini_et_sait_pour_tester_la_navigabilité_que_le_Palatia_a_été_envoyé_par._Elle_a_touché_le_fond_plusieurs_fois,_mais_n'a_pas_collé_et_n'a_supporté_aucun_dégât._New_York_Times,_le_23_juin_$YEAR$.;The_Hamburg-American_freighter,_Palatia,_Capt._Kopff,_which_arrived_this_morning,_was_the_first_steamer_to_pass_through_the_new_Kiel_canal._The_canal_was_practically_finished,_and_it_was_to_test_the_navigability_that_the_Palatia_was_sent_through._She_touched_bottom_several_times,_but_did_not_stick_fast_and_sustained_no_damage._The_New_York_Times,_June_23,_$YEAR$.;The_Hamburg-American_freighter,_Palatia,_Capt._Kopff,_which_arrived_this_morning,_was_the_first_steamer_to_pass_through_the_new_Kiel_canal._The_canal_was_practically_finished,_and_it_was_to_test_the_navigability_that_the_Palatia_was_sent_through._She_touched_bottom_several_times,_but_did_not_stick_fast_and_sustained_no_damage._The_New_York_Times,_June_23,_$YEAR$.;The_Hamburg-American_freighter,_Palatia,_Capt._Kopff,_which_arrived_this_morning,_was_the_first_steamer_to_pass_through_the_new_Kiel_canal._The_canal_was_practically_finished,_and_it_was_to_test_the_navigability_that_the_Palatia_was_sent_through._She_touched_bottom_several_times,_but_did_not_stick_fast_and_sustained_no_damage._The_New_York_Times,_June_23,_$YEAR$.;The_Hamburg-American_freighter,_Palatia,_Capt._Kopff,_which_arrived_this_morning,_was_the_first_steamer_to_pass_through_the_new_Kiel_canal._The_canal_was_practically_finished,_and_it_was_to_test_the_navigability_that_the_Palatia_was_sent_through._She_touched_bottom_several_times,_but_did_not_stick_fast_and_sustained_no_damage._The_New_York_Times,_June_23,_$YEAR$.;The_Hamburg-American_freighter,_Palatia,_Capt._Kopff,_which_arrived_this_morning,_was_the_first_steamer_to_pass_through_the_new_Kiel_canal._The_canal_was_practically_finished,_and_it_was_to_test_the_navigability_that_the_Palatia_was_sent_through._She_touched_bottom_several_times,_but_did_not_stick_fast_and_sustained_no_damage._The_New_York_Times,_June_23,_$YEAR$.;The_Hamburg-American_freighter,_Palatia,_Capt._Kopff,_which_arrived_this_morning,_was_the_first_steamer_to_pass_through_the_new_Kiel_canal._The_canal_was_practically_finished,_and_it_was_to_test_the_navigability_that_the_Palatia_was_sent_through._She_touched_bottom_several_times,_but_did_not_stick_fast_and_sustained_no_damage._The_New_York_Times,_June_23,_$YEAR$.;;;;;;
EVTDESC185918692;In_the_lakes_and_near_the_sea_dredgers_with_dumpers_were_used_to_excavate_the_canal.;Dans_les_lacs_et_près_des_dragues_de_mer.Des_camions-benne_ont_été_utilisé_pour_creuser_le_canal.;In_the_lakes_and_near_the_sea_dredgers_with_dumpers_were_used_to_excavate_the_canal.;In_the_lakes_and_near_the_sea_dredgers_with_dumpers_were_used_to_excavate_the_canal.;In_the_lakes_and_near_the_sea_dredgers_with_dumpers_were_used_to_excavate_the_canal.;In_the_lakes_and_near_the_sea_dredgers_with_dumpers_were_used_to_excavate_the_canal.;In_the_lakes_and_near_the_sea_dredgers_with_dumpers_were_used_to_excavate_the_canal.;In_the_lakes_and_near_the_sea_dredgers_with_dumpers_were_used_to_excavate_the_canal.;;;;;;
EVTDESC185918694;At_first_digging_the_Suez_Canal_was_done_the_same_way_as_thousands_of_years_ago,_with_forced_labor._Later_dredges_took_over_when_was_discovered_it_was_cheaper_to_artificially_flood_the_terrain_and_dredge_the_canal_instead_of_dry_excavation.;Au_début_la_création_du_Canal_de_Suez__été_fait_la_même_façon_qu'_il_y_a_des_milliers_d'années,_avec_le_travail_forcé._Des_dragues_ont_repris_quand_il_fut_découvert_qu'il_était_moins_cher_d'_inonder_le_terrain_et_draguer_le_canal_au_lieu_de_creuser.;At_first_digging_the_Suez_Canal_was_done_the_same_way_as_thousands_of_years_ago,_with_forced_labor._Later_dredges_took_over_when_was_discovered_it_was_cheaper_to_artificially_flood_the_terrain_and_dredge_the_canal_instead_of_dry_excavation.;At_first_digging_the_Suez_Canal_was_done_the_same_way_as_thousands_of_years_ago,_with_forced_labor._Later_dredges_took_over_when_was_discovered_it_was_cheaper_to_artificially_flood_the_terrain_and_dredge_the_canal_instead_of_dry_excavation.;At_first_digging_the_Suez_Canal_was_done_the_same_way_as_thousands_of_years_ago,_with_forced_labor._Later_dredges_took_over_when_was_discovered_it_was_cheaper_to_artificially_flood_the_terrain_and_dredge_the_canal_instead_of_dry_excavation.;At_first_digging_the_Suez_Canal_was_done_the_same_way_as_thousands_of_years_ago,_with_forced_labor._Later_dredges_took_over_when_was_discovered_it_was_cheaper_to_artificially_flood_the_terrain_and_dredge_the_canal_instead_of_dry_excavation.;At_first_digging_the_Suez_Canal_was_done_the_same_way_as_thousands_of_years_ago,_with_forced_labor._Later_dredges_took_over_when_was_discovered_it_was_cheaper_to_artificially_flood_the_terrain_and_dredge_the_canal_instead_of_dry_excavation.;At_first_digging_the_Suez_Canal_was_done_the_same_way_as_thousands_of_years_ago,_with_forced_labor._Later_dredges_took_over_when_was_discovered_it_was_cheaper_to_artificially_flood_the_terrain_and_dredge_the_canal_instead_of_dry_excavation.;;;;;;
EVTDESC185918695;Today_armed_bedouins_have_started_a_revolt_among_our_workers_at_the_Suez_Canal_and_construction_was_halted_until_further_notice._We_suspect_the_British_are_behind_this,_they_opposed_our_project_from_the_beginning_accusing_us_of_using_slave_labor._The_true_reason_is_ofcourse_that_the_canal_is_a_threat_to_their_strategic_interests._We_have_no_other_choice_but_to_abolish_Corvée_(a_form_of_unpaid_labor)_to_resume_the_project._Unfortunately_this_affair_will_cost_us_dearly,_both_finacially_and_timewise.;Aujourd'hui'hui_les_bédouins_armés_ont_commencé_une_révolte_parmi_nos_ouvriers_au_Canal_de_Suez_et_la_construction_a_été_interrompue_jusqu'à_nouvel_ordre._Nous_soupçonnons_que_les_Anglais_sont_derrière_cela,_ils_se_sont_opposés_à_notre_projet_nous_accusant_depuis_le_début_d'utiliser_une_main-d'œuvre_d'esclave._La_vraie_raison_est_biensur_que_le_canal_est_une_menace_à_leurs_intérêts_stratégiques.Nous_devons_abolir_la_Corvée._Malheureusement_cette_affaire_nous_coûtera_chère_en_temps_et_en_argents;Today_armed_bedouins_have_started_a_revolt_among_our_workers_at_the_Suez_Canal_and_construction_was_halted_until_further_notice._We_suspect_the_British_are_behind_this,_they_opposed_our_project_from_the_beginning_accusing_us_of_using_slave_labor._The_true_reason_is_ofcourse_that_the_canal_is_a_threat_to_their_strategic_interests._We_have_no_other_choice_but_to_abolish_Corvée_(a_form_of_unpaid_labor)_to_resume_the_project._Unfortunately_this_affair_will_cost_us_dearly,_both_finacially_and_timewise.;Today_armed_bedouins_have_started_a_revolt_among_our_workers_at_the_Suez_Canal_and_construction_was_halted_until_further_notice._We_suspect_the_British_are_behind_this,_they_opposed_our_project_from_the_beginning_accusing_us_of_using_slave_labor._The_true_reason_is_ofcourse_that_the_canal_is_a_threat_to_their_strategic_interests._We_have_no_other_choice_but_to_abolish_Corvée_(a_form_of_unpaid_labor)_to_resume_the_project._Unfortunately_this_affair_will_cost_us_dearly,_both_finacially_and_timewise.;Today_armed_bedouins_have_started_a_revolt_among_our_workers_at_the_Suez_Canal_and_construction_was_halted_until_further_notice._We_suspect_the_British_are_behind_this,_they_opposed_our_project_from_the_beginning_accusing_us_of_using_slave_labor._The_true_reason_is_ofcourse_that_the_canal_is_a_threat_to_their_strategic_interests._We_have_no_other_choice_but_to_abolish_Corvée_(a_form_of_unpaid_labor)_to_resume_the_project._Unfortunately_this_affair_will_cost_us_dearly,_both_finacially_and_timewise.;Today_armed_bedouins_have_started_a_revolt_among_our_workers_at_the_Suez_Canal_and_construction_was_halted_until_further_notice._We_suspect_the_British_are_behind_this,_they_opposed_our_project_from_the_beginning_accusing_us_of_using_slave_labor._The_true_reason_is_ofcourse_that_the_canal_is_a_threat_to_their_strategic_interests._We_have_no_other_choice_but_to_abolish_Corvée_(a_form_of_unpaid_labor)_to_resume_the_project._Unfortunately_this_affair_will_cost_us_dearly,_both_finacially_and_timewise.;Today_armed_bedouins_have_started_a_revolt_among_our_workers_at_the_Suez_Canal_and_construction_was_halted_until_further_notice._We_suspect_the_British_are_behind_this,_they_opposed_our_project_from_the_beginning_accusing_us_of_using_slave_labor._The_true_reason_is_ofcourse_that_the_canal_is_a_threat_to_their_strategic_interests._We_have_no_other_choice_but_to_abolish_Corvée_(a_form_of_unpaid_labor)_to_resume_the_project._Unfortunately_this_affair_will_cost_us_dearly,_both_finacially_and_timewise.;Today_armed_bedouins_have_started_a_revolt_among_our_workers_at_the_Suez_Canal_and_construction_was_halted_until_further_notice._We_suspect_the_British_are_behind_this,_they_opposed_our_project_from_the_beginning_accusing_us_of_using_slave_labor._The_true_reason_is_ofcourse_that_the_canal_is_a_threat_to_their_strategic_interests._We_have_no_other_choice_but_to_abolish_Corvée_(a_form_of_unpaid_labor)_to_resume_the_project._Unfortunately_this_affair_will_cost_us_dearly,_both_finacially_and_timewise.;;;;;;
EVTDESC190419144;The_Hay-Bunau-Varilla_treaty_was_an_agreement_between_the_USA_and_the_Panama_granting_exclusive_canal_rights_to_the_USA_across_the_isthmus_of_Panama_in_exchange_for_a_financial_reimbursement_of_10,000,000_plus_an_annuity_of_250,000.;Le_traité_Hay-Bunau-Varilla_était_un_accord_entre_les_USA_et_le_Panama_accordant_des_droits_de_canal_exclusifs_en_USA_à_travers_l'isthme_du_Panama_en_échange_d'un_remboursement_financier_de_10,000,000_plus_une_annuité_de_250,000.;The_Hay-Bunau-Varilla_treaty_was_an_agreement_between_the_USA_and_the_Panama_granting_exclusive_canal_rights_to_the_USA_across_the_isthmus_of_Panama_in_exchange_for_a_financial_reimbursement_of_10,000,000_plus_an_annuity_of_250,000.;The_Hay-Bunau-Varilla_treaty_was_an_agreement_between_the_USA_and_the_Panama_granting_exclusive_canal_rights_to_the_USA_across_the_isthmus_of_Panama_in_exchange_for_a_financial_reimbursement_of_10,000,000_plus_an_annuity_of_250,000.;The_Hay-Bunau-Varilla_treaty_was_an_agreement_between_the_USA_and_the_Panama_granting_exclusive_canal_rights_to_the_USA_across_the_isthmus_of_Panama_in_exchange_for_a_financial_reimbursement_of_10,000,000_plus_an_annuity_of_250,000.;The_Hay-Bunau-Varilla_treaty_was_an_agreement_between_the_USA_and_the_Panama_granting_exclusive_canal_rights_to_the_USA_across_the_isthmus_of_Panama_in_exchange_for_a_financial_reimbursement_of_10,000,000_plus_an_annuity_of_250,000.;The_Hay-Bunau-Varilla_treaty_was_an_agreement_between_the_USA_and_the_Panama_granting_exclusive_canal_rights_to_the_USA_across_the_isthmus_of_Panama_in_exchange_for_a_financial_reimbursement_of_10,000,000_plus_an_annuity_of_250,000.;The_Hay-Bunau-Varilla_treaty_was_an_agreement_between_the_USA_and_the_Panama_granting_exclusive_canal_rights_to_the_USA_across_the_isthmus_of_Panama_in_exchange_for_a_financial_reimbursement_of_10,000,000_plus_an_annuity_of_250,000.;;;;;;
EVTDESC190419145;The_Hay-Bunau-Varilla_treaty_was_an_agreement_between_the_USA_and_the_Panama_granting_exclusive_canal_rights_to_the_USA_across_the_isthmus_of_Panama_in_exchange_for_a_financial_reimbursement_of_10,000,000_plus_an_annuity_of_250,000.;Le_traité_Hay-Bunau-Varilla_était_un_accord_entre_les_USA_et_le_Panama_accordant_des_droits_de_canal_exclusifs_en_USA_à_travers_l'isthme_du_Panama_en_échange_d'un_remboursement_financier_de_10,000,000_plus_une_annuité_de_250,000.;The_Hay-Bunau-Varilla_treaty_was_an_agreement_between_the_USA_and_the_Panama_granting_exclusive_canal_rights_to_the_USA_across_the_isthmus_of_Panama_in_exchange_for_a_financial_reimbursement_of_10,000,000_plus_an_annuity_of_250,000.;The_Hay-Bunau-Varilla_treaty_was_an_agreement_between_the_USA_and_the_Panama_granting_exclusive_canal_rights_to_the_USA_across_the_isthmus_of_Panama_in_exchange_for_a_financial_reimbursement_of_10,000,000_plus_an_annuity_of_250,000.;The_Hay-Bunau-Varilla_treaty_was_an_agreement_between_the_USA_and_the_Panama_granting_exclusive_canal_rights_to_the_USA_across_the_isthmus_of_Panama_in_exchange_for_a_financial_reimbursement_of_10,000,000_plus_an_annuity_of_250,000.;The_Hay-Bunau-Varilla_treaty_was_an_agreement_between_the_USA_and_the_Panama_granting_exclusive_canal_rights_to_the_USA_across_the_isthmus_of_Panama_in_exchange_for_a_financial_reimbursement_of_10,000,000_plus_an_annuity_of_250,000.;The_Hay-Bunau-Varilla_treaty_was_an_agreement_between_the_USA_and_the_Panama_granting_exclusive_canal_rights_to_the_USA_across_the_isthmus_of_Panama_in_exchange_for_a_financial_reimbursement_of_10,000,000_plus_an_annuity_of_250,000.;The_Hay-Bunau-Varilla_treaty_was_an_agreement_between_the_USA_and_the_Panama_granting_exclusive_canal_rights_to_the_USA_across_the_isthmus_of_Panama_in_exchange_for_a_financial_reimbursement_of_10,000,000_plus_an_annuity_of_250,000.;;;;;;
EVTDESC190419146;The_Hay-Bunau-Varilla_treaty_was_an_agreement_between_the_USA_and_the_Panama_granting_exclusive_canal_rights_to_the_USA_across_the_isthmus_of_Panama_in_exchange_for_a_financial_reimbursement_of_10,000,000_plus_an_annuity_of_250,000.;Le_traité_Hay-Bunau-Varilla_était_un_accord_entre_les_USA_et_le_Panama_accordant_des_droits_de_canal_exclusifs_en_USA_à_travers_l'isthme_du_Panama_en_échange_d'un_remboursement_financier_de_10,000,000_plus_une_annuité_de_250,000.;The_Hay-Bunau-Varilla_treaty_was_an_agreement_between_the_USA_and_the_Panama_granting_exclusive_canal_rights_to_the_USA_across_the_isthmus_of_Panama_in_exchange_for_a_financial_reimbursement_of_10,000,000_plus_an_annuity_of_250,000.;The_Hay-Bunau-Varilla_treaty_was_an_agreement_between_the_USA_and_the_Panama_granting_exclusive_canal_rights_to_the_USA_across_the_isthmus_of_Panama_in_exchange_for_a_financial_reimbursement_of_10,000,000_plus_an_annuity_of_250,000.;The_Hay-Bunau-Varilla_treaty_was_an_agreement_between_the_USA_and_the_Panama_granting_exclusive_canal_rights_to_the_USA_across_the_isthmus_of_Panama_in_exchange_for_a_financial_reimbursement_of_10,000,000_plus_an_annuity_of_250,000.;The_Hay-Bunau-Varilla_treaty_was_an_agreement_between_the_USA_and_the_Panama_granting_exclusive_canal_rights_to_the_USA_across_the_isthmus_of_Panama_in_exchange_for_a_financial_reimbursement_of_10,000,000_plus_an_annuity_of_250,000.;The_Hay-Bunau-Varilla_treaty_was_an_agreement_between_the_USA_and_the_Panama_granting_exclusive_canal_rights_to_the_USA_across_the_isthmus_of_Panama_in_exchange_for_a_financial_reimbursement_of_10,000,000_plus_an_annuity_of_250,000.;The_Hay-Bunau-Varilla_treaty_was_an_agreement_between_the_USA_and_the_Panama_granting_exclusive_canal_rights_to_the_USA_across_the_isthmus_of_Panama_in_exchange_for_a_financial_reimbursement_of_10,000,000_plus_an_annuity_of_250,000.;;;;;;
EVTDESC185918696;In_$YEAR$_the_Suez_Canal_Treaty_was_signed_exchanging_canal_rights_for_a_financial_reimbursement_of_10,000,000_plus_an_annuity_of_250,000.;En_$YEAR$_le_Traité_de_Canal_de_Suez_a_été_signé_échangeant_des_droits_de_canal_pour_un_remboursement_financier_de_10,000,000_plus_une_annuité_de_250,000.;In_$YEAR$_the_Suez_Canal_Treaty_was_signed_exchanging_canal_rights_for_a_financial_reimbursement_of_10,000,000_plus_an_annuity_of_250,000.;In_$YEAR$_the_Suez_Canal_Treaty_was_signed_exchanging_canal_rights_for_a_financial_reimbursement_of_10,000,000_plus_an_annuity_of_250,000.;In_$YEAR$_the_Suez_Canal_Treaty_was_signed_exchanging_canal_rights_for_a_financial_reimbursement_of_10,000,000_plus_an_annuity_of_250,000.;In_$YEAR$_the_Suez_Canal_Treaty_was_signed_exchanging_canal_rights_for_a_financial_reimbursement_of_10,000,000_plus_an_annuity_of_250,000.;In_$YEAR$_the_Suez_Canal_Treaty_was_signed_exchanging_canal_rights_for_a_financial_reimbursement_of_10,000,000_plus_an_annuity_of_250,000.;In_$YEAR$_the_Suez_Canal_Treaty_was_signed_exchanging_canal_rights_for_a_financial_reimbursement_of_10,000,000_plus_an_annuity_of_250,000.;;;;;;
EVTDESC185918697;In_$YEAR$_the_Suez_Canal_Treaty_was_signed_exchanging_canal_rights_for_a_financial_reimbursement_of_10,000,000_plus_an_annuity_of_250,000.;En_$YEAR$_le_Traité_de_Canal_de_Suez_a_été_signé_échangeant_des_droits_de_canal_pour_un_remboursement_financier_de_10,000,000_plus_une_annuité_de_250,000.;In_$YEAR$_the_Suez_Canal_Treaty_was_signed_exchanging_canal_rights_for_a_financial_reimbursement_of_10,000,000_plus_an_annuity_of_250,000.;In_$YEAR$_the_Suez_Canal_Treaty_was_signed_exchanging_canal_rights_for_a_financial_reimbursement_of_10,000,000_plus_an_annuity_of_250,000.;In_$YEAR$_the_Suez_Canal_Treaty_was_signed_exchanging_canal_rights_for_a_financial_reimbursement_of_10,000,000_plus_an_annuity_of_250,000.;In_$YEAR$_the_Suez_Canal_Treaty_was_signed_exchanging_canal_rights_for_a_financial_reimbursement_of_10,000,000_plus_an_annuity_of_250,000.;In_$YEAR$_the_Suez_Canal_Treaty_was_signed_exchanging_canal_rights_for_a_financial_reimbursement_of_10,000,000_plus_an_annuity_of_250,000.;In_$YEAR$_the_Suez_Canal_Treaty_was_signed_exchanging_canal_rights_for_a_financial_reimbursement_of_10,000,000_plus_an_annuity_of_250,000.;;;;;;
EVTDESC185918698;In_$YEAR$_the_Suez_Canal_Treaty_was_signed_exchanging_canal_rights_for_a_financial_reimbursement_of_10,000,000_plus_an_annuity_of_250,000.;En_$YEAR$_le_Traité_de_Canal_de_Suez_a_été_signé_échangeant_des_droits_de_canal_pour_un_remboursement_financier_de_10,000,000_plus_une_annuité_de_250,000.;In_$YEAR$_the_Suez_Canal_Treaty_was_signed_exchanging_canal_rights_for_a_financial_reimbursement_of_10,000,000_plus_an_annuity_of_250,000.;In_$YEAR$_the_Suez_Canal_Treaty_was_signed_exchanging_canal_rights_for_a_financial_reimbursement_of_10,000,000_plus_an_annuity_of_250,000.;In_$YEAR$_the_Suez_Canal_Treaty_was_signed_exchanging_canal_rights_for_a_financial_reimbursement_of_10,000,000_plus_an_annuity_of_250,000.;In_$YEAR$_the_Suez_Canal_Treaty_was_signed_exchanging_canal_rights_for_a_financial_reimbursement_of_10,000,000_plus_an_annuity_of_250,000.;In_$YEAR$_the_Suez_Canal_Treaty_was_signed_exchanging_canal_rights_for_a_financial_reimbursement_of_10,000,000_plus_an_annuity_of_250,000.;In_$YEAR$_the_Suez_Canal_Treaty_was_signed_exchanging_canal_rights_for_a_financial_reimbursement_of_10,000,000_plus_an_annuity_of_250,000.;;;;;;
EVTDESC188718955;The_Kiel_Canal_was_finished_in_$YEAR$_and_took_over_9000_workers_8_years_to_build._It_connects_the_North_Sea_to_the_Baltic_sea_and_has_a_length_of_98_kilometers._The_highest_points_lies_at_25_meters_above_sea_level,_total_excavation_amounted_to_100,000,000_cubic_yards_and_the_cost_to_bout_40,000,000_dollars.;Le_canal_de_Kiel_a_été_achevé_en_$YEAR$_et_a_pris_plus_de_9000_travailleurs_8_ans_pour_construire._Il_relie_la_mer_du_Nord_à_la_mer_Baltique_et_a_une_longueur_de_98_kilomètres._Les_points_les_plus_élevés_se_trouve_à_25_mètres_d'altitude,_le_montant_total_des_travaux_d'excavation_à_100.000.000_mètres_cubes_et_le_coût_de_40.000.000_dollars.;The_Kiel_Canal_was_finished_in_$YEAR$_and_took_over_9000_workers_8_years_to_build._It_connects_the_North_Sea_to_the_Baltic_sea_and_has_a_length_of_98_kilometers._The_highest_points_lies_at_25_meters_above_sea_level,_total_excavation_amounted_to_100,000,000_cubic_yards_and_the_cost_to_bout_40,000,000_dollars.;The_Kiel_Canal_was_finished_in_$YEAR$_and_took_over_9000_workers_8_years_to_build._It_connects_the_North_Sea_to_the_Baltic_sea_and_has_a_length_of_98_kilometers._The_highest_points_lies_at_25_meters_above_sea_level,_total_excavation_amounted_to_100,000,000_cubic_yards_and_the_cost_to_bout_40,000,000_dollars.;The_Kiel_Canal_was_finished_in_$YEAR$_and_took_over_9000_workers_8_years_to_build._It_connects_the_North_Sea_to_the_Baltic_sea_and_has_a_length_of_98_kilometers._The_highest_points_lies_at_25_meters_above_sea_level,_total_excavation_amounted_to_100,000,000_cubic_yards_and_the_cost_to_bout_40,000,000_dollars.;The_Kiel_Canal_was_finished_in_$YEAR$_and_took_over_9000_workers_8_years_to_build._It_connects_the_North_Sea_to_the_Baltic_sea_and_has_a_length_of_98_kilometers._The_highest_points_lies_at_25_meters_above_sea_level,_total_excavation_amounted_to_100,000,000_cubic_yards_and_the_cost_to_bout_40,000,000_dollars.;The_Kiel_Canal_was_finished_in_$YEAR$_and_took_over_9000_workers_8_years_to_build._It_connects_the_North_Sea_to_the_Baltic_sea_and_has_a_length_of_98_kilometers._The_highest_points_lies_at_25_meters_above_sea_level,_total_excavation_amounted_to_100,000,000_cubic_yards_and_the_cost_to_bout_40,000,000_dollars.;The_Kiel_Canal_was_finished_in_$YEAR$_and_took_over_9000_workers_8_years_to_build._It_connects_the_North_Sea_to_the_Baltic_sea_and_has_a_length_of_98_kilometers._The_highest_points_lies_at_25_meters_above_sea_level,_total_excavation_amounted_to_100,000,000_cubic_yards_and_the_cost_to_bout_40,000,000_dollars.;;;;;;
EVTDESC185918699;On_November_20,_$YEAR$_Ferdinand_de_Lesseps_erected_a_bronze_bust_of_Waghorn_overlooking_the_mouth_of_the_Suez_Canal_at_the_port_of_Tewfik._On_the_base,_he_inscribed_these_words_of_admiration:_"In_homage_to_the_memory_of_a_generous_though_unfortunate_man,_who_alone,_without_any_help,_by_a_long_series_of_labors_and_heroic_efforts,_practically_demonstrated_and_determined_the_adoption_of_the_postal_route_through_Egypt,_and_the_communication_between_the_East_and_the_West_of_the_world.";_and_this_was_the_originator_and_pioneer_of_the_great_Egyptian_maritime_commerce_completed_by_the_canal_of_the_two_seas.;On_November_20,_$YEAR$_Ferdinand_de_Lesseps_erected_a_bronze_bust_of_Waghorn_overlooking_the_mouth_of_the_Suez_Canal_at_the_port_of_Tewfik._On_the_base,_he_inscribed_these_words_of_admiration:_"In_homage_to_the_memory_of_a_generous_though_unfortunate_man,_who_alone,_without_any_help,_by_a_long_series_of_labors_and_heroic_efforts,_practically_demonstrated_and_determined_the_adoption_of_the_postal_route_through_Egypt,_and_the_communication_between_the_East_and_the_West_of_the_world.";On_November_20,_$YEAR$_Ferdinand_de_Lesseps_erected_a_bronze_bust_of_Waghorn_overlooking_the_mouth_of_the_Suez_Canal_at_the_port_of_Tewfik._On_the_base,_he_inscribed_these_words_of_admiration:_"In_homage_to_the_memory_of_a_generous_though_unfortunate_man,_who_alone,_without_any_help,_by_a_long_series_of_labors_and_heroic_efforts,_practically_demonstrated_and_determined_the_adoption_of_the_postal_route_through_Egypt,_and_the_communication_between_the_East_and_the_West_of_the_world.";On_November_20,_$YEAR$_Ferdinand_de_Lesseps_erected_a_bronze_bust_of_Waghorn_overlooking_the_mouth_of_the_Suez_Canal_at_the_port_of_Tewfik._On_the_base,_he_inscribed_these_words_of_admiration:_"In_homage_to_the_memory_of_a_generous_though_unfortunate_man,_who_alone,_without_any_help,_by_a_long_series_of_labors_and_heroic_efforts,_practically_demonstrated_and_determined_the_adoption_of_the_postal_route_through_Egypt,_and_the_communication_between_the_East_and_the_West_of_the_world.";On_November_20,_$YEAR$_Ferdinand_de_Lesseps_erected_a_bronze_bust_of_Waghorn_overlooking_the_mouth_of_the_Suez_Canal_at_the_port_of_Tewfik._On_the_base,_he_inscribed_these_words_of_admiration:_"In_homage_to_the_memory_of_a_generous_though_unfortunate_man,_who_alone,_without_any_help,_by_a_long_series_of_labors_and_heroic_efforts,_practically_demonstrated_and_determined_the_adoption_of_the_postal_route_through_Egypt,_and_the_communication_between_the_East_and_the_West_of_the_world.";On_November_20,_$YEAR$_Ferdinand_de_Lesseps_erected_a_bronze_bust_of_Waghorn_overlooking_the_mouth_of_the_Suez_Canal_at_the_port_of_Tewfik._On_the_base,_he_inscribed_these_words_of_admiration:_"In_homage_to_the_memory_of_a_generous_though_unfortunate_man,_who_alone,_without_any_help,_by_a_long_series_of_labors_and_heroic_efforts,_practically_demonstrated_and_determined_the_adoption_of_the_postal_route_through_Egypt,_and_the_communication_between_the_East_and_the_West_of_the_world.";On_November_20,_$YEAR$_Ferdinand_de_Lesseps_erected_a_bronze_bust_of_Waghorn_overlooking_the_mouth_of_the_Suez_Canal_at_the_port_of_Tewfik._On_the_base,_he_inscribed_these_words_of_admiration:_"In_homage_to_the_memory_of_a_generous_though_unfortunate_man,_who_alone,_without_any_help,_by_a_long_series_of_labors_and_heroic_efforts,_practically_demonstrated_and_determined_the_adoption_of_the_postal_route_through_Egypt,_and_the_communication_between_the_East_and_the_West_of_the_world.";;;;;;
EVTDESC1859186910;Work_on_the_Suez_Canal_started_in_1859_and_was_completed_in_1869._It_connects_the_Mediterranean_with_the_Red_Sea_and_shortens_the_journey_between_Europa_and_Asia_drastically._More_than_30,000_people_were_working_on_the_canal_at_any_given_moment_and_thousands_of_laborers_died_on_the_project._The_financial_cost_was_over_100,000,000_dollars,_more_than_double_the_initial_estimate.;Les_travaux_sur_le_canal_de_Suez_a_commencé_en_1859_et_s'est_achevé_en_1869._Il_relie_la_Méditerranée_à_la_Mer_Rouge_et_raccourcit_le_trajet_entre_l'Europe_et_l'Asie_de_façon_drastique._Plus_de_30.000_peope_ont_travaillé_sur_le_canal_à_un_moment_donné_et_des_milliers_d'ouvriers_sont_morts_sur_le_projet._Le_coût_financier_a_été_plus_de_100.000.000_dollars,_soit_plus_du_double_de_l'estimation_initiale.;Work_on_the_Suez_Canal_started_in_1859_and_was_completed_in_1869._It_connects_the_Mediterranean_with_the_Red_Sea_and_shortens_the_journey_between_Europa_and_Asia_drastically._More_than_30,000_people_were_working_on_the_canal_at_any_given_moment_and_thousands_of_laborers_died_on_the_project._The_financial_cost_was_over_100,000,000_dollars,_more_than_double_the_initial_estimate.;Work_on_the_Suez_Canal_started_in_1859_and_was_completed_in_1869._It_connects_the_Mediterranean_with_the_Red_Sea_and_shortens_the_journey_between_Europa_and_Asia_drastically._More_than_30,000_people_were_working_on_the_canal_at_any_given_moment_and_thousands_of_laborers_died_on_the_project._The_financial_cost_was_over_100,000,000_dollars,_more_than_double_the_initial_estimate.;Work_on_the_Suez_Canal_started_in_1859_and_was_completed_in_1869._It_connects_the_Mediterranean_with_the_Red_Sea_and_shortens_the_journey_between_Europa_and_Asia_drastically._More_than_30,000_people_were_working_on_the_canal_at_any_given_moment_and_thousands_of_laborers_died_on_the_project._The_financial_cost_was_over_100,000,000_dollars,_more_than_double_the_initial_estimate.;Work_on_the_Suez_Canal_started_in_1859_and_was_completed_in_1869._It_connects_the_Mediterranean_with_the_Red_Sea_and_shortens_the_journey_between_Europa_and_Asia_drastically._More_than_30,000_people_were_working_on_the_canal_at_any_given_moment_and_thousands_of_laborers_died_on_the_project._The_financial_cost_was_over_100,000,000_dollars,_more_than_double_the_initial_estimate.;Work_on_the_Suez_Canal_started_in_1859_and_was_completed_in_1869._It_connects_the_Mediterranean_with_the_Red_Sea_and_shortens_the_journey_between_Europa_and_Asia_drastically._More_than_30,000_people_were_working_on_the_canal_at_any_given_moment_and_thousands_of_laborers_died_on_the_project._The_financial_cost_was_over_100,000,000_dollars,_more_than_double_the_initial_estimate.;Work_on_the_Suez_Canal_started_in_1859_and_was_completed_in_1869._It_connects_the_Mediterranean_with_the_Red_Sea_and_shortens_the_journey_between_Europa_and_Asia_drastically._More_than_30,000_people_were_working_on_the_canal_at_any_given_moment_and_thousands_of_laborers_died_on_the_project._The_financial_cost_was_over_100,000,000_dollars,_more_than_double_the_initial_estimate.;;;;;;
EVTDESC190419147;The_Panama_Canal_joins_the_Atlantic_Ocean_and_the_Pacific_Ocean_replacing_the_long_and_treacherous_route_around_South_America._Construction_was_first_started_by_the_French_but_later_abandoned_due_to_technical_problems,_financial_mismanagement_and_a_high_deathtoll_of_22,000_thanks_to_tropical_diseases._Construction_was_resumed_by_the_USA_who_finished_it_in_$YEAR$._Even_with_medical_advances_more_than_5,000_workers_died_and_total_cost_was_over_600,000,000_dollars.;Le_canal_de_Panama_relie_l'océan_Atlantique_et_l'océan_Pacifique_remplaçant_la_route_longue_et_dangereuse_autour_de_l'Amérique_du_Sud._La_construction_a_été_commencé_en_1880_par_les_Français,_mais_abandonné_par_la_suite_en_raison_de_problèmes_techniques,_la_mauvaise_gestion_financière_et_d'une_mortalité_élevé_de_22.000_Merci_aux_maladies_tropicales._En_1904,_la_construction_fut_reprise_par_les_États-Unis_qui_l'a_terminée_en_1914._Même_avec_les_progrès_médicaux_plus_de_5.000_ouvriers_sont_morts_et_le_coût_total_a_été_de_plus_600_millions_de_dollars.;The_Panama_Canal_joins_the_Atlantic_Ocean_and_the_Pacific_Ocean_replacing_the_long_and_treacherous_route_around_South_America._Construction_was_first_started_by_the_French_but_later_abandoned_due_to_technical_problems,_financial_mismanagement_and_a_high_deathtoll_of_22,000_thanks_to_tropical_diseases._Construction_was_resumed_by_the_USA_who_finished_it_in_$YEAR$._Even_with_medical_advances_more_than_5,000_workers_died_and_total_cost_was_over_600,000,000_dollars.;The_Panama_Canal_joins_the_Atlantic_Ocean_and_the_Pacific_Ocean_replacing_the_long_and_treacherous_route_around_South_America._Construction_was_first_started_by_the_French_but_later_abandoned_due_to_technical_problems,_financial_mismanagement_and_a_high_deathtoll_of_22,000_thanks_to_tropical_diseases._Construction_was_resumed_by_the_USA_who_finished_it_in_$YEAR$._Even_with_medical_advances_more_than_5,000_workers_died_and_total_cost_was_over_600,000,000_dollars.;The_Panama_Canal_joins_the_Atlantic_Ocean_and_the_Pacific_Ocean_replacing_the_long_and_treacherous_route_around_South_America._Construction_was_first_started_by_the_French_but_later_abandoned_due_to_technical_problems,_financial_mismanagement_and_a_high_deathtoll_of_22,000_thanks_to_tropical_diseases._Construction_was_resumed_by_the_USA_who_finished_it_in_$YEAR$._Even_with_medical_advances_more_than_5,000_workers_died_and_total_cost_was_over_600,000,000_dollars.;The_Panama_Canal_joins_the_Atlantic_Ocean_and_the_Pacific_Ocean_replacing_the_long_and_treacherous_route_around_South_America._Construction_was_first_started_by_the_French_but_later_abandoned_due_to_technical_problems,_financial_mismanagement_and_a_high_deathtoll_of_22,000_thanks_to_tropical_diseases._Construction_was_resumed_by_the_USA_who_finished_it_in_$YEAR$._Even_with_medical_advances_more_than_5,000_workers_died_and_total_cost_was_over_600,000,000_dollars.;The_Panama_Canal_joins_the_Atlantic_Ocean_and_the_Pacific_Ocean_replacing_the_long_and_treacherous_route_around_South_America._Construction_was_first_started_by_the_French_but_later_abandoned_due_to_technical_problems,_financial_mismanagement_and_a_high_deathtoll_of_22,000_thanks_to_tropical_diseases._Construction_was_resumed_by_the_USA_who_finished_it_in_$YEAR$._Even_with_medical_advances_more_than_5,000_workers_died_and_total_cost_was_over_600,000,000_dollars.;The_Panama_Canal_joins_the_Atlantic_Ocean_and_the_Pacific_Ocean_replacing_the_long_and_treacherous_route_around_South_America._Construction_was_first_started_by_the_French_but_later_abandoned_due_to_technical_problems,_financial_mismanagement_and_a_high_deathtoll_of_22,000_thanks_to_tropical_diseases._Construction_was_resumed_by_the_USA_who_finished_it_in_$YEAR$._Even_with_medical_advances_more_than_5,000_workers_died_and_total_cost_was_over_600,000,000_dollars.;;;;;;
EVTDESC190419148;Diseases,_particularly_malaria_and_yellow_fever,_were_one_of_the_primary_difficulties_during_construction_of_the_Panama_Canal._More_than_22,000_were_reported_to_have_died_during_the_French_construction_attempt._In_spite_of_medical_advanves,_more_than_5,600_workers_still_died_during_the_American_construction_years.;Diseases,_particulary_malaria_and_yellow_fever,_were_one_of_the_primary_difficulties_during_construction_of_the_Panama_Canal._More_than_22,000_were_reported_to_have_died_during_the_French_construction_attempt._In_spite_of_medical_advanves,_more_than_5,600_workers_still_died_during_the_American_construction_years.;Diseases,_particulary_malaria_and_yellow_fever,_were_one_of_the_primary_difficulties_during_construction_of_the_Panama_Canal._More_than_22,000_were_reported_to_have_died_during_the_French_construction_attempt._In_spite_of_medical_advanves,_more_than_5,600_workers_still_died_during_the_American_construction_years.;Diseases,_particulary_malaria_and_yellow_fever,_were_one_of_the_primary_difficulties_during_construction_of_the_Panama_Canal._More_than_22,000_were_reported_to_have_died_during_the_French_construction_attempt._In_spite_of_medical_advanves,_more_than_5,600_workers_still_died_during_the_American_construction_years.;Diseases,_particulary_malaria_and_yellow_fever,_were_one_of_the_primary_difficulties_during_construction_of_the_Panama_Canal._More_than_22,000_were_reported_to_have_died_during_the_French_construction_attempt._In_spite_of_medical_advanves,_more_than_5,600_workers_still_died_during_the_American_construction_years.;Diseases,_particulary_malaria_and_yellow_fever,_were_one_of_the_primary_difficulties_during_construction_of_the_Panama_Canal._More_than_22,000_were_reported_to_have_died_during_the_French_construction_attempt._In_spite_of_medical_advanves,_more_than_5,600_workers_still_died_during_the_American_construction_years.;Diseases,_particulary_malaria_and_yellow_fever,_were_one_of_the_primary_difficulties_during_construction_of_the_Panama_Canal._More_than_22,000_were_reported_to_have_died_during_the_French_construction_attempt._In_spite_of_medical_advanves,_more_than_5,600_workers_still_died_during_the_American_construction_years.;Diseases,_particulary_malaria_and_yellow_fever,_were_one_of_the_primary_difficulties_during_construction_of_the_Panama_Canal._More_than_22,000_were_reported_to_have_died_during_the_French_construction_attempt._In_spite_of_medical_advanves,_more_than_5,600_workers_still_died_during_the_American_construction_years.;;;;;;
EVTDESC190419149;Picture_showing_a_fumigation_car_eradicating_disease_carrying_mosquitoes._In_$YEAR$_the_mosquito_was_identified_as_the_vector_of_malaria_and_yellow_fever_by_Cuban_physician_and_scientist_Dr._Carlos_Finlay._In_the_second_construction_attempt_of_the_Panama_Canal_widespread_measures_were_taken_to_prevent_diseases_and_working_conditions_improved_considerably.;Picture_showing_a_fumigation_car_eradicating_disease_carrying_mosquitos._In_1881_the_mosquite_was_identified_as_the_vector_of_malaria_and_yellow_fever_by_Cuban_physician_and_scientist_Dr._Carlos_Finlay._In_the_second_construction_attempt_of_the_Panama_Canal_widespread_measures_were_taken_to_prevent_diseases_and_working_conditions_improved_considerably.;Picture_showing_a_fumigation_car_eradicating_disease_carrying_mosquitos._In_1881_the_mosquite_was_identified_as_the_vector_of_malaria_and_yellow_fever_by_Cuban_physician_and_scientist_Dr._Carlos_Finlay._In_the_second_construction_attempt_of_the_Panama_Canal_widespread_measures_were_taken_to_prevent_diseases_and_working_conditions_improved_considerably.;Picture_showing_a_fumigation_car_eradicating_disease_carrying_mosquitos._In_1881_the_mosquite_was_identified_as_the_vector_of_malaria_and_yellow_fever_by_Cuban_physician_and_scientist_Dr._Carlos_Finlay._In_the_second_construction_attempt_of_the_Panama_Canal_widespread_measures_were_taken_to_prevent_diseases_and_working_conditions_improved_considerably.;Picture_showing_a_fumigation_car_eradicating_disease_carrying_mosquitos._In_1881_the_mosquite_was_identified_as_the_vector_of_malaria_and_yellow_fever_by_Cuban_physician_and_scientist_Dr._Carlos_Finlay._In_the_second_construction_attempt_of_the_Panama_Canal_widespread_measures_were_taken_to_prevent_diseases_and_working_conditions_improved_considerably.;Picture_showing_a_fumigation_car_eradicating_disease_carrying_mosquitos._In_1881_the_mosquite_was_identified_as_the_vector_of_malaria_and_yellow_fever_by_Cuban_physician_and_scientist_Dr._Carlos_Finlay._In_the_second_construction_attempt_of_the_Panama_Canal_widespread_measures_were_taken_to_prevent_diseases_and_working_conditions_improved_considerably.;Picture_showing_a_fumigation_car_eradicating_disease_carrying_mosquitos._In_1881_the_mosquite_was_identified_as_the_vector_of_malaria_and_yellow_fever_by_Cuban_physician_and_scientist_Dr._Carlos_Finlay._In_the_second_construction_attempt_of_the_Panama_Canal_widespread_measures_were_taken_to_prevent_diseases_and_working_conditions_improved_considerably.;Picture_showing_a_fumigation_car_eradicating_disease_carrying_mosquitos._In_1881_the_mosquite_was_identified_as_the_vector_of_malaria_and_yellow_fever_by_Cuban_physician_and_scientist_Dr._Carlos_Finlay._In_the_second_construction_attempt_of_the_Panama_Canal_widespread_measures_were_taken_to_prevent_diseases_and_working_conditions_improved_considerably.;;;;;;
EVTDESC1904191410;A_Marion_steam_shovel_excavating_the_Panama_Canal_in_$YEAR$._The_Panama_Canal,_in_particular_the_Culebra_Cut,_not_only_represented_a_challenge_of_excavation_but_also_transportation._John_Steven,_an_American_engineer,_developed_an_intricate_rail_system_to_move_the_dirt_from_the_excavation_site_to_dump_sites._At_the_peak_of_construction_effort,_25,000_men_removed_a_million_cubic_yards_of_material_every_day.;A_Marion_steam_shovel_excavating_the_Panama_Canal_in_1908._The_Panama_Canal,_in_particular_the_Culebra_Cut,_not_only_represented_a_challenge_of_excavation_but_also_transportation._John_Steven,_an_American_engineer,_developed_an_intricate_rail_system_to_move_the_dirt_from_the_excavation_site_to_dump_sites._At_the_peak_of_construction_effort,_25,000_men_removed_a_million_cubic_yards_of_material_every_day.;A_Marion_steam_shovel_excavating_the_Panama_Canal_in_1908._The_Panama_Canal,_in_particular_the_Culebra_Cut,_not_only_represented_a_challenge_of_excavation_but_also_transportation._John_Steven,_an_American_engineer,_developed_an_intricate_rail_system_to_move_the_dirt_from_the_excavation_site_to_dump_sites._At_the_peak_of_construction_effort,_25,000_men_removed_a_million_cubic_yards_of_material_every_day.;A_Marion_steam_shovel_excavating_the_Panama_Canal_in_1908._The_Panama_Canal,_in_particular_the_Culebra_Cut,_not_only_represented_a_challenge_of_excavation_but_also_transportation._John_Steven,_an_American_engineer,_developed_an_intricate_rail_system_to_move_the_dirt_from_the_excavation_site_to_dump_sites._At_the_peak_of_construction_effort,_25,000_men_removed_a_million_cubic_yards_of_material_every_day.;A_Marion_steam_shovel_excavating_the_Panama_Canal_in_1908._The_Panama_Canal,_in_particular_the_Culebra_Cut,_not_only_represented_a_challenge_of_excavation_but_also_transportation._John_Steven,_an_American_engineer,_developed_an_intricate_rail_system_to_move_the_dirt_from_the_excavation_site_to_dump_sites._At_the_peak_of_construction_effort,_25,000_men_removed_a_million_cubic_yards_of_material_every_day.;A_Marion_steam_shovel_excavating_the_Panama_Canal_in_1908._The_Panama_Canal,_in_particular_the_Culebra_Cut,_not_only_represented_a_challenge_of_excavation_but_also_transportation._John_Steven,_an_American_engineer,_developed_an_intricate_rail_system_to_move_the_dirt_from_the_excavation_site_to_dump_sites._At_the_peak_of_construction_effort,_25,000_men_removed_a_million_cubic_yards_of_material_every_day.;A_Marion_steam_shovel_excavating_the_Panama_Canal_in_1908._The_Panama_Canal,_in_particular_the_Culebra_Cut,_not_only_represented_a_challenge_of_excavation_but_also_transportation._John_Steven,_an_American_engineer,_developed_an_intricate_rail_system_to_move_the_dirt_from_the_excavation_site_to_dump_sites._At_the_peak_of_construction_effort,_25,000_men_removed_a_million_cubic_yards_of_material_every_day.;A_Marion_steam_shovel_excavating_the_Panama_Canal_in_1908._The_Panama_Canal,_in_particular_the_Culebra_Cut,_not_only_represented_a_challenge_of_excavation_but_also_transportation._John_Steven,_an_American_engineer,_developed_an_intricate_rail_system_to_move_the_dirt_from_the_excavation_site_to_dump_sites._At_the_peak_of_construction_effort,_25,000_men_removed_a_million_cubic_yards_of_material_every_day.;;;;;;
EVTDESC1904191411;Forty_tons_of_dynamite_destroys_the_last_barrier_between_the_oceans._More_than_600_holes_filled_with_dynamite_were_fired_daily._In_all,_27,000_tonnes_of_dynamite_were_used.;Forty_tons_of_dynamite_destroys_the_last_barrier_between_the_oceans._More_than_600_holes_filled_with_dynamite_were_fired_daily._In_all,_27,000_tonnes_of_dynamite_were_used.;Forty_tons_of_dynamite_destroys_the_last_barrier_between_the_oceans._More_than_600_holes_filled_with_dynamite_were_fired_daily._In_all,_27,000_tonnes_of_dynamite_were_used.;Forty_tons_of_dynamite_destroys_the_last_barrier_between_the_oceans._More_than_600_holes_filled_with_dynamite_were_fired_daily._In_all,_27,000_tonnes_of_dynamite_were_used.;Forty_tons_of_dynamite_destroys_the_last_barrier_between_the_oceans._More_than_600_holes_filled_with_dynamite_were_fired_daily._In_all,_27,000_tonnes_of_dynamite_were_used.;Forty_tons_of_dynamite_destroys_the_last_barrier_between_the_oceans._More_than_600_holes_filled_with_dynamite_were_fired_daily._In_all,_27,000_tonnes_of_dynamite_were_used.;Forty_tons_of_dynamite_destroys_the_last_barrier_between_the_oceans._More_than_600_holes_filled_with_dynamite_were_fired_daily._In_all,_27,000_tonnes_of_dynamite_were_used.;Forty_tons_of_dynamite_destroys_the_last_barrier_between_the_oceans._More_than_600_holes_filled_with_dynamite_were_fired_daily._In_all,_27,000_tonnes_of_dynamite_were_used.;;;;;;
EVTDESC1904191412;Picture_showing_workers_digging_a_small_canal_through_the_Cucaracha_slide,_a_mass_wasting_of_almost_400,000_cubic_meters_of_clay._Constant_landslides_delayed_the_completion_of_the_Panama_Canal_by_nearly_2_years._One_third_of_all_excavated_material_from_the_Culebra_Cut_was_brought_into_the_cut_by_the_landslides.;Picture_showing_workers_digging_a_small_canal_through_the_Cucaracha_slide,_a_mass_wasting_of_almost_400,000_cubic_meters_of_clay._Constant_landslides_delayed_the_completion_of_the_Panama_Canal_by_nearly_2_years._One_third_of_all_excavated_material_from_the_Culebra_Cut_was_brought_into_the_cut_by_the_landslides.;Picture_showing_workers_digging_a_small_canal_through_the_Cucaracha_slide,_a_mass_wasting_of_almost_400,000_cubic_meters_of_clay._Constant_landslides_delayed_the_completion_of_the_Panama_Canal_by_nearly_2_years._One_third_of_all_excavated_material_from_the_Culebra_Cut_was_brought_into_the_cut_by_the_landslides.;Picture_showing_workers_digging_a_small_canal_through_the_Cucaracha_slide,_a_mass_wasting_of_almost_400,000_cubic_meters_of_clay._Constant_landslides_delayed_the_completion_of_the_Panama_Canal_by_nearly_2_years._One_third_of_all_excavated_material_from_the_Culebra_Cut_was_brought_into_the_cut_by_the_landslides.;Picture_showing_workers_digging_a_small_canal_through_the_Cucaracha_slide,_a_mass_wasting_of_almost_400,000_cubic_meters_of_clay._Constant_landslides_delayed_the_completion_of_the_Panama_Canal_by_nearly_2_years._One_third_of_all_excavated_material_from_the_Culebra_Cut_was_brought_into_the_cut_by_the_landslides.;Picture_showing_workers_digging_a_small_canal_through_the_Cucaracha_slide,_a_mass_wasting_of_almost_400,000_cubic_meters_of_clay._Constant_landslides_delayed_the_completion_of_the_Panama_Canal_by_nearly_2_years._One_third_of_all_excavated_material_from_the_Culebra_Cut_was_brought_into_the_cut_by_the_landslides.;Picture_showing_workers_digging_a_small_canal_through_the_Cucaracha_slide,_a_mass_wasting_of_almost_400,000_cubic_meters_of_clay._Constant_landslides_delayed_the_completion_of_the_Panama_Canal_by_nearly_2_years._One_third_of_all_excavated_material_from_the_Culebra_Cut_was_brought_into_the_cut_by_the_landslides.;Picture_showing_workers_digging_a_small_canal_through_the_Cucaracha_slide,_a_mass_wasting_of_almost_400,000_cubic_meters_of_clay._Constant_landslides_delayed_the_completion_of_the_Panama_Canal_by_nearly_2_years._One_third_of_all_excavated_material_from_the_Culebra_Cut_was_brought_into_the_cut_by_the_landslides.;;;;;;
EVTDESC1904191413;Picture_showing_the_Panama_Canal_Company_Liquidation_Court_Trial_in_$CAPITAL$,_$COUNTRY$._The_Panama_Canal_Scandal_was_a_corruption_affair_that_broke_out_in_$COUNTRY$_in_$YEAR$._Close_to_a_billion_francs_were_lost_when_the_government_took_bribes_to_keep_quiet_about_the_Panama_Canal_Company's_financial_troubles,_in_what_is_regarded_as_the_largest_monetary_corruption_scandal_of_the_19th_century.;Picture_showing_the_Panama_Canal_Company_Liquidation_Court_Trial_in_Paris,_France._The_Panama_Canal_Scandal_was_a_corruption_affair_that_broke_out_in_the_French_Third_Republic_in_1892._Close_to_a_billion_francs_were_lost_when_the_government_took_bribes_to_keep_quiet_about_the_Panama_Canal_Company's_financial_troubles,_in_what_is_regarded_as_the_largest_monetary_corruption_scandal_of_the_19th_century.;Picture_showing_the_Panama_Canal_Company_Liquidation_Court_Trial_in_Paris,_France._The_Panama_Canal_Scandal_was_a_corruption_affair_that_broke_out_in_the_French_Third_Republic_in_1892._Close_to_a_billion_francs_were_lost_when_the_government_took_bribes_to_keep_quiet_about_the_Panama_Canal_Company's_financial_troubles,_in_what_is_regarded_as_the_largest_monetary_corruption_scandal_of_the_19th_century.;Picture_showing_the_Panama_Canal_Company_Liquidation_Court_Trial_in_Paris,_France._The_Panama_Canal_Scandal_was_a_corruption_affair_that_broke_out_in_the_French_Third_Republic_in_1892._Close_to_a_billion_francs_were_lost_when_the_government_took_bribes_to_keep_quiet_about_the_Panama_Canal_Company's_financial_troubles,_in_what_is_regarded_as_the_largest_monetary_corruption_scandal_of_the_19th_century.;Picture_showing_the_Panama_Canal_Company_Liquidation_Court_Trial_in_Paris,_France._The_Panama_Canal_Scandal_was_a_corruption_affair_that_broke_out_in_the_French_Third_Republic_in_1892._Close_to_a_billion_francs_were_lost_when_the_government_took_bribes_to_keep_quiet_about_the_Panama_Canal_Company's_financial_troubles,_in_what_is_regarded_as_the_largest_monetary_corruption_scandal_of_the_19th_century.;Picture_showing_the_Panama_Canal_Company_Liquidation_Court_Trial_in_Paris,_France._The_Panama_Canal_Scandal_was_a_corruption_affair_that_broke_out_in_the_French_Third_Republic_in_1892._Close_to_a_billion_francs_were_lost_when_the_government_took_bribes_to_keep_quiet_about_the_Panama_Canal_Company's_financial_troubles,_in_what_is_regarded_as_the_largest_monetary_corruption_scandal_of_the_19th_century.;Picture_showing_the_Panama_Canal_Company_Liquidation_Court_Trial_in_Paris,_France._The_Panama_Canal_Scandal_was_a_corruption_affair_that_broke_out_in_the_French_Third_Republic_in_1892._Close_to_a_billion_francs_were_lost_when_the_government_took_bribes_to_keep_quiet_about_the_Panama_Canal_Company's_financial_troubles,_in_what_is_regarded_as_the_largest_monetary_corruption_scandal_of_the_19th_century.;Picture_showing_the_Panama_Canal_Company_Liquidation_Court_Trial_in_Paris,_France._The_Panama_Canal_Scandal_was_a_corruption_affair_that_broke_out_in_the_French_Third_Republic_in_1892._Close_to_a_billion_francs_were_lost_when_the_government_took_bribes_to_keep_quiet_about_the_Panama_Canal_Company's_financial_troubles,_in_what_is_regarded_as_the_largest_monetary_corruption_scandal_of_the_19th_century.;;;;;;
EVTDESC1904191414;A_caricature_on_the_scandal._It_reads:_"Few_new_toys_this_year:_we're_liquidating_everything_that_remains_of_the_stock_of_jack-in-the-boxes_that_say:_Papa,_-Nana,_-Mama,_-Panama."_A_concluding_picture_of_the_bankruptcy_was_formed_in_$YEAR$._Some_800,000_$COUNTRY_ADJ$_people,_including_15,000_single_women,_had_signed_for_stocks,_bonds_and_founder_shares_from_the_Panama_Canal_Company,_to_the_sum_of_-_the_then_considerable_amount_of_-_approximately_1,8_billion_gold_Francs.;A_caricature_on_the_scandal._It_reads:_"Few_new_toys_this_year:_we're_liquidating_everything_that_remains_of_the_stock_of_jack-in-the-boxes_that_say:_Papa,_-Nana,_-Mama,_-Panama."_A_concluding_picture_of_the_bankruptcy_was_formed_in_1892._Some_800,000_French_people,_including_15,000_single_women,_had_signed_for_stocks,_bonds_and_founder_shares_from_the_Panama_Canal_Company,_to_the_sum_of_-_the_then_considerable_amount_of_-_approximately_1,8_billion_gold_Francs.;A_caricature_on_the_scandal._It_reads:_"Few_new_toys_this_year:_we're_liquidating_everything_that_remains_of_the_stock_of_jack-in-the-boxes_that_say:_Papa,_-Nana,_-Mama,_-Panama."_A_concluding_picture_of_the_bankruptcy_was_formed_in_1892._Some_800,000_French_people,_including_15,000_single_women,_had_signed_for_stocks,_bonds_and_founder_shares_from_the_Panama_Canal_Company,_to_the_sum_of_-_the_then_considerable_amount_of_-_approximately_1,8_billion_gold_Francs.;A_caricature_on_the_scandal._It_reads:_"Few_new_toys_this_year:_we're_liquidating_everything_that_remains_of_the_stock_of_jack-in-the-boxes_that_say:_Papa,_-Nana,_-Mama,_-Panama."_A_concluding_picture_of_the_bankruptcy_was_formed_in_1892._Some_800,000_French_people,_including_15,000_single_women,_had_signed_for_stocks,_bonds_and_founder_shares_from_the_Panama_Canal_Company,_to_the_sum_of_-_the_then_considerable_amount_of_-_approximately_1,8_billion_gold_Francs.;A_caricature_on_the_scandal._It_reads:_"Few_new_toys_this_year:_we're_liquidating_everything_that_remains_of_the_stock_of_jack-in-the-boxes_that_say:_Papa,_-Nana,_-Mama,_-Panama."_A_concluding_picture_of_the_bankruptcy_was_formed_in_1892._Some_800,000_French_people,_including_15,000_single_women,_had_signed_for_stocks,_bonds_and_founder_shares_from_the_Panama_Canal_Company,_to_the_sum_of_-_the_then_considerable_amount_of_-_approximately_1,8_billion_gold_Francs.;A_caricature_on_the_scandal._It_reads:_"Few_new_toys_this_year:_we're_liquidating_everything_that_remains_of_the_stock_of_jack-in-the-boxes_that_say:_Papa,_-Nana,_-Mama,_-Panama."_A_concluding_picture_of_the_bankruptcy_was_formed_in_1892._Some_800,000_French_people,_including_15,000_single_women,_had_signed_for_stocks,_bonds_and_founder_shares_from_the_Panama_Canal_Company,_to_the_sum_of_-_the_then_considerable_amount_of_-_approximately_1,8_billion_gold_Francs.;A_caricature_on_the_scandal._It_reads:_"Few_new_toys_this_year:_we're_liquidating_everything_that_remains_of_the_stock_of_jack-in-the-boxes_that_say:_Papa,_-Nana,_-Mama,_-Panama."_A_concluding_picture_of_the_bankruptcy_was_formed_in_1892._Some_800,000_French_people,_including_15,000_single_women,_had_signed_for_stocks,_bonds_and_founder_shares_from_the_Panama_Canal_Company,_to_the_sum_of_-_the_then_considerable_amount_of_-_approximately_1,8_billion_gold_Francs.;A_caricature_on_the_scandal._It_reads:_"Few_new_toys_this_year:_we're_liquidating_everything_that_remains_of_the_stock_of_jack-in-the-boxes_that_say:_Papa,_-Nana,_-Mama,_-Panama."_A_concluding_picture_of_the_bankruptcy_was_formed_in_1892._Some_800,000_French_people,_including_15,000_single_women,_had_signed_for_stocks,_bonds_and_founder_shares_from_the_Panama_Canal_Company,_to_the_sum_of_-_the_then_considerable_amount_of_-_approximately_1,8_billion_gold_Francs.;;;;;;
EVTDESC1904191415;In_$YEAR$_the_$COUNTRY_ADJ$_sold_their_equipment_to_the_Americans_for_40_million_dollars.;In_1902_the_French_sold_their_equipment_to_the_Americans_for_40_million_dollars.;In_1902_the_French_sold_their_equipment_to_the_Americans_for_40_million_dollars.;In_1902_the_French_sold_their_equipment_to_the_Americans_for_40_million_dollars.;In_1902_the_French_sold_their_equipment_to_the_Americans_for_40_million_dollars.;In_1902_the_French_sold_their_equipment_to_the_Americans_for_40_million_dollars.;In_1902_the_French_sold_their_equipment_to_the_Americans_for_40_million_dollars.;In_1902_the_French_sold_their_equipment_to_the_Americans_for_40_million_dollars.;;;;;;
EVTDESC19049144;In_order_to_build_a_canal_across_the_Panama_isthmus,_we_will_need_to_come_to_an_agreement_with_the_nation_that_controls_it.;;;;;;;;;;;;;
EVTDESC9049145;$FROMCOUNTRY$_has_approached_us_with_a_treaty_to_build_a_canal_across_the_Panama_isthmus._While_this_would_have_economic_benefits_for_$COUNTRY$,_the_$FROMCOUNTRY_ADJ$_negotiators_have_been_incredibly_aggressive--_and_the_terms_they_offer_are_almost_insulting._If_we_agree,_it_will_anger_the_$COUNTRY_ADJ$_people_and_embarrass_our_country._Is_this_the_act_of_a_close_ally?;;;;;;;;;;;;;
EVTDESC9049147;$COUNTRY_ADJ$_negotiators_are_outraged._The_$FROMCOUNTRY_ADJ$_government_has_refused_our_terms,_fair_though_they_were._Some_have_suggested_this_is_hardly_the_act_of_an_$COUNTRY_ADJ$_ally,_and_that_$FROMCOUNTRY$_can_no_longer_be_trusted._They_say_we_should_aid_the_local_rebels_in_the_isthmus_in_setting_up_an_independent_government_of_their_own,_and_that_such_a_nation_would_be_far_more_agreeable.;;;;;;;;;;;;;
EVTDESC9049148;$FROMCOUNTRY$_has_dealt_us_a_treacherous_hand._Believing_the_Panamanians_will_be_far_more_agreeable_to_their_treaty,_they_have_prompted_the_rebels_to_declare_independence_from_$COUNTRY$_and_actively_prevented_us_from_crushing_them._Some_believe_we_should_give_in_and_repair_relations_with_the_$FROMCOUNTRY_ADJ$_while_we_can._Still_others_say_we_should_fight!;;;;;;;;;;;;;
EVTNAME992221;Massacres of Badr Khan;;;;;;;;;;;;;
EVTDESC992221;Badr_Khan_Bey,_A_Hakkari_Kurdish_Amir,_combined_with_other_Kurdish_forces_led_by_Nurallah,_attacked_the_Christian_Assyrians,_intending_to_burn,_kill,_destroy,_and,_if_possible,_exterminate_the_Assyrians_race_from_the_mountains.;;;;;;;;;;;;;
EVT183000DESC;\n\nThe Confederate States of America are offering us our colony of Haiti, to be controlled by our government. This would allow us a stronger presence in the Caribbean and the New World as a whole, so should we accept this offer?;;;;;;;;;;;;;
EVTNAME187000;The Apache Wars;;;;;;;;;;;;;
EVTDESC187000;\n\nIn_order_to_expand_$COUNTRY_ADJ$_hegemony_in_the_former_Native_American_provinces,_there_has_to_be_some_amount_of_integration_or_assimilation._One_group_of_tribes_has_taken_to_this_suggestion_violently,_and_have_begun_organizing_an_uprising.;;;;;;;;;;;;;
EVTDESC187100;\n\nThe_leader_of_the_Apache_rebels,_Geronimo,_has_been_imprisoned_and_the_spirit_of_his_people_has_been_broken._Now,_nothing_prevents_us_from_settling_these_lands_we_have_claimed.;;;;;;;;;;;;;
EVT188000DESC;\n\nAn infestation of boll weevils has struck our cotton crops in $PROVINCENAME$! Farmers are fearing that our supply of cotton won't last with this insect terrorizing our provinces, and many are suggesting that we abandon cotton to focus on different trade goods. Should we follow their advice, or try to recover the cotton?;;;;;;;;;;;;;
EVT189000DESC;\n\nOur country is now a slave state of $FROMCOUNTRY$, and our government now functions solely to operate the mechanisms of the vile slave trade. There is no freedom left in $COUNTRY$.;;;;;;;;;;;;;
BOLLWEEVILMENACE;A New Menace;;;;;;;;;;;;;
MISSFLOODTITLE;Flood on the Mississippi!;;;;;;;;;;;;;
WEEVILINFEST;Boll Weevil Infestation;;;;;;;;;;;;;
WFMURDER;Murder at the World's Fair!;;;;;;;;;;;;;
GALVESTONTITLE;Galveston Hurricane;;;;;;;;;;;;;
FATHERCONSTITUTION;Father of the Constitution;;;;;;;;;;;;;
NYDRAFTRIOTS;New York Draft Riots;;;;;;;;;;;;;
JTOWNFLOOD;The Johnstown Flood;;;;;;;;;;;;;
DONNERPARTY;The Donner Party;;;;;;;;;;;;;
USACENTENNIAL;One Hundred Years of Freedom!;;;;;;;;;;;;;
NRATITLE;The National Rifle Association;;;;;;;;;;;;;
SOUTHERNHSPT;Southern Hospitality;;;;;;;;;;;;;
MARDIGRASTITLE;Festival of Mardi Gras;;;;;;;;;;;;;
NEWORLEANSTITLE;La Nouvelle-Orleans;;;;;;;;;;;;;
BLUESBABYBLUES;Rise of the Blues;;;;;;;;;;;;;
RAGTIMENJAZZ;Ragtime and Jazz;;;;;;;;;;;;;
CENTRALTIMEZONE;Standard Time Adopted;;;;;;;;;;;;;
BARNUMPARTYTENT;The Greatest Show on Earth!;;;;;;;;;;;;;
ELISHAELEVATOR;The Passenger Elevator!;;;;;;;;;;;;;
GERONIMOSURRENDER;Geronimo Surrenders;;;;;;;;;;;;;
SLAVETRADEEND;An End to the Slave Trade;;;;;;;;;;;;;
MASSLABOUROVER;Mass Labor Outlawed;;;;;;;;;;;;;
SLAVETRADEOVERBAD;Slave Trade Ended!;;;;;;;;;;;;;
NEWSLAVES;Newly Arrived Slaves;;;;;;;;;;;;;
NEWSLAVESOPTION;Get them to work.;;;;;;;;;;;;;
SLAVEENDBRITISH;Slavery Ended in $FROMCOUNTRY$!;;;;;;;;;;;;;
EVTDESC187820;With_the_renegade_states_at_our_capital_and_the_White_House_in_ruins,_we_have_no_choice_but_to_move_the_center_of_our_nation_to_somewhere_more_secure._We_could_either_make_Philadelphia_the_capital_once_again,_or_we_could_opt_to_move_to_Boston,_another_historically_important_city.;;;;;;;;;;;;;
EVTDESC187830;The_Confederate_Americans_have_already_pushed_into_our_heartlands,_and_now_they_have_laid_claim_to_our_capital_in_Mexico_City._We_have_no_choice_now_but_to_move_our_administration_to_Morelia,_the_Spanish_colonial_capital_from_before_Mexico's_independence.;;;;;;;;;;;;;
EVTDESC187880;Historically,_Brazil_and_the_Confederate_States_of_America_enjoyed_warm_relations,_even_during_the_Civil_War._Shall_we_foster_an_alliance_between_these_two_nations?;;;;;;;;;;;;;
EVTDESC187900;\n\nWith_the_Civil_War_having_swung_in_favor_of_the_Confederate_States,_there_is_a_growing_secessionist_movement_in_the_city_of_New_York,_with_locals_calling_for_New_York_City_to_leave_the_Union_and_follow_its_own,_independent_path._With_each_passing_day_this_movement_gains_more_popularity,_and_this_certainly_will_cause_a_problem_in_the_future.;;;;;;;;;;;;;
EVTDESC187901;\n\nThe_inevitable_has_come_to_pass._The_city_of_New_York_has_ordered_a_referendum_amongst_the_people,_calling_for_secession_from_the_United_States_of_America._The_results,_legitimate_or_otherwise,_show_that_the_people_of_New_York_are_overwhelmingly_in_favor_of_secession,_and_the_city's_officials_have_made_it_abundantly_clear_that,_should_independence_be_denied,_there_will_be_another_Civil_War_at_hand.;;;;;;;;;;;;;
EVTDESC187902;\n\nWe_are_at_war_for_our_freedom!_This_conflict_will_not_be_an_easy_one,_but_there_certainly_must_be_other_countries_that_can_aid_us_in_achieving_the_independence_that_we_need._Shall_we_seek_them_out,_or_face_American_wrath_alone?;;;;;;;;;;;;;
EVTDESC187903;\n\nCivil_war_rages_in_America,_and_the_people_of_New_York_City_have_requested_that_we_aid_them_in_their_conflict._If_we_choose_to_do_so,_it_may_anger_people_within_our_own_country_who_seek_independence,_and_certainly_the_Americans_will_be_less_than_pleased.;;;;;;;;;;;;;
EVTDESC187904;\n\nDiplomats_from_$FROMCOUNTRY$_have_declared_that_their_nation_is_fully_in_support_of_New_York's_independence,_and_that_we_can_expect_to_see_$FROMCOUNTRY_ADJ$_military_and_economic_aid_in_the_times_to_come.;;;;;;;;;;;;;
NYALLYTITLE;$FROMCOUNTRY$ Stands With Us!;;;;;;;;;;;;;
EVTDESC187905;\n\nAt_last,_we_have_earned_our_independence_from_the_tyranny_of_the_United_States._We_are_free_to_define_our_own_destiny,_to_forge_the_path_we_choose_as_we_march_into_the_future._May_the_light_of_freedom_forever_shine_upon_New_York!;;;;;;;;;;;;;
EVTDESC187916;Dom_Pedro_II,_the_Magnanimous,_has_passed_away_this_morning._The_people_of_Brazil_loved_him_until_the_very_end,_and_his_impeccable_rulership_brought_a_true_golden_age_to_the_Empire_of_Brazil._Working_towards_the_cause_of_abolition_and_civil_freedom,_Dom_Pedro_made_many_influential_friends,_with_his_various_associates,_from_Friedrich_Nietzsche_and_Alexander_Graham_Bell_to_Victor_Hugo_and_Charles_Darwin._An_intellectual_and_a_devoted_emperor,_in_his_later_years_he_found_himself_disappointed_with_the_role_of_a_ruler,_so_perhaps_with_his_passing_he_has_achieved_the_happiness_that_eluded_him_all_his_life._His_last_words_were_'May_God_grant_me_these_last_wishes:_peace_and_prosperity_for_Brazil!';;;;;;;;;;;;;
EVTDESC187917;The_imperial_administration_of_Dom_Pedro_II_has,_with_the_recent_coup_and_overthrow_of_the_government,_been_reduced_to_dust._The_emperor_has_officially_and_willingly_abdicated_the_throne,_and_has_not_tried_to_retake_it_or_resist_the_end_of_the_Empire._Government_of_the_country_is_being_transferred_to_a_council_of_able_governors,_and_the_royal_family_of_Brazil_and_Portugal_are_hereby_exiled_from_this_country_for_ever_more.;;;;;;;;;;;;;
EVTDESC187925;\n\nA_free_man_of_black_ancestry_has_given_a_speech_at_a_national_university._Many_were_impressed_by_his_eloquence_and_the_intelligence_in_his_arguments_against_slavery,_saying_that_"in_a_land_of_freedom,_we_celebrate_the_sight_of_a_man_in_chains"._He_could_become_a_major_force_in_the_cause_of_abolitionism,_and_already_pro-slave_politicians_have_demanded_that_his_speeches_be_censored.;;;;;;;;;;;;;
EVTTITLE187926;Progressive Society in $PROVINCENAME$;;;;;;;;;;;;;
EVTDESC187926;\n\nCapitalists_have_formed_what_they_call_a_"Progressive_Society"_in_$PROVINCENAME$,_hoping_to_bring_an_end_to_slavery._Their_reasoning_is_that_slavery,_as_a_rural,_plantation-based_economic_model,_has_no_place_in_a_nation_attempting_to_industrialize_and_compete_in_the_modern_economy.;;;;;;;;;;;;;
EVTTITLE187930;$PROVINCENAME$ Slaves and Marx;;;;;;;;;;;;;
EVTDESC187930;\n\nIn_the_plantation_fields_of_$PROVINCENAME$,_the_sound_of_"The_Internationale"_can_be_heard_more_loudly_and_frequently_than_old_slave_songs._Many_working_slaves,_having_learned_to_read,_have_also_learned_about_the_philosophies_of_men_like_Karl_Marx,_and_his_vision_of_a_world_without_social_classes._What_they_intend_should_be_obvious,_considering_their_situation_in_our_country.;;;;;;;;;;;;;
EVTTITLE187935;Cheap Labor in $PROVINCENAME$!;;;;;;;;;;;;;
EVTDESC187935;\n\nFactories_dot_the_landscape_where_once_there_used_to_be_plantations_and_farms_that_ran_on_the_blood_and_sweat_of_slaves._In_this_new_$COUNTRY$,_though,_employers_have_begun_hiring_cheap_workers,_often_immigrants,_because_the_cost_of_keeping_slaves_has_become_unsustainable_for_many._Arguments_could_be_made_against_them_that_they_are_sabotaging_the_economy,_but_in_a_free_economy,_they_have_the_right_to_employ_whomever_they_choose.;;;;;;;;;;;;;
EVTDESC187919;\n\nThough_the_Atlantic_slave_trade_has_been_dismantled_by_the_British,_many_traders_in_Brazil_have_found_ways_to_smuggle_slaves_into_our_country._Here_in_$PROVINCENAME$,_new_slaves_have_been_sold_into_plantations;_they_may_improve_our_economy,_but_the_British_may_eventually_catch_on_if_we_don't_put_an_end_to_this.;;;;;;;;;;;;
EVTDESC187921;\n\nIn_order_to_protect_the_scenery_and_nature_of_the_$COUNTRY_ADJ$_wilderness,_a_service_has_been_created_to_allow_the_flora_and_fauna_of_this_country_to_thrive_unhindered._This_National_Parks_Service_will_prevent_the_natural_environment_from_being_unnecessarily_overrun_by_human_development,_and_will_show_to_$COUNTRY$,_her_people,_and_the_world,_the_true_beauty_of_the_wilderness.;;;;;;;;;;;;;
EVTNAME44304;The Assassination of D'Arcy McGee;;;;;;;;;;;;;
EVTDESC44304;\n\nThomas_D'Arcy_McGee,_an_esteemed_Canadian_nationalist,_journalist,_and_politician,_has_been_assassinated_in_Ottawa!_An_Irish_Catholic_plot_is_suspected.;;;;;;;;;;;;;
EVTNAME44307;Klondike Gold Rush;;;;;;;;;;;;;
EVTDESC44307;A_shipment_of_gold_ore_from_the_Dawson_region_has_caused_a_frenzy_all_over_North_America._Miners_are_pouring_into_the_area,_seeking_to_make_a_fortune.;;;;;;;;;;;;;
EVTNAME44308;Robert Service;;;;;;;;;;;;;
EVTDESC44308;There_are_strange_things_done_in_the_midnight_sun\nBy_the_men_who_moil_for_gold\nThe_Arctic_trails_have_their_secret_tales\nThat_would_make_your_blood_run_cold\nThe_Northern_Lights_have_seen_queer_sights\nBut_the_queerest_they_ever_did_see\nWas_the_night_on_the_marge_of_Lake_Lebarge\nI_cremated_Sam_McGee\n\nRobert_Service_was_one_of_the_first_distinctly_Canadian_poets._After_publishing_"The_Songs_of_a_Sourdough",_a_collection_of_poems_inspired_by_his_life_in_the_wake_of_the_Klondike_gold_rush,_he_was_hailed_as_the_"Canadian_Kipling".;;;;;;;;;;;;;
EVTNAME700002;Carlos López Takes Power;;;;;;;;;;;;;
EVTOPT700002A;For the glory of Paraguay!;;;;;;;;;;;;;
EVTOPT700002B;Try to fight for democracy!;;;;;;;;;;;;;
EVTNAME4661006;Bolivian-Argentine Border Treaty;;;;;;;;;;;;;
EVTOPT4661006A;Make the proposal.;;;;;;;;;;;;;
EVTOPT4661006B;We will not renounce our claims.;;;;;;;;;;;;;
EVTOPT4661007A;We agree with their proposal. §GLose 2 infamy§W;;;;;;;;;;;;;
EVTOPT4661007B;We will not renounce our spoils of war. §RGain 5 infamy§W;;;;;;;;;;;;;
EVTNAME4661008;Argentina Agrees;;;;;;;;;;;;;
EVTOPT4661008A;Great news!;;;;;;;;;;;;;
EVTNAME44371;New Capital of the Golden Circle?;;;;;;;;;;;;;
EVTNAME44372;The Motor City;;;;;;;;;;;;;
EVT44372DESC;In 1903, Henry Ford founded the Ford Motor Company. Ford's manufacturing established Detroit's status in the early 20th century as the world's automotive capital. The growth of the auto industry was reflected by changes in businesses throughout the Midwest and nation, and the golden age of Detroit has begun.;;;;;;;;;;;;;
EVTNAME44373;Texas - USA Border Agreement;;;;;;;;;;;;;
EVTDESC44373;\n\nAlthough_we_refused_to_join_the_Union,_and_decided_seek_the_path_of_an_independent_Texas,_good_relations_with_the_United_States_are_important_to_presevre_our_freedom._Selling_Colorado_to_them_might_change_their_oponion_of_us,_and_could_be_the_first_step_of_a_close_relationship_between_the_two_countries.;;;;;;;;;;;;;
EVTNAME44374;Texas - USA Border Agreement;;;;;;;;;;;;;
EVTDESC44374;\n\nTexas_offered_us_Colorado_for_reasonable_price._An_agreement_like_this_might_come_good_to_establish_good_relations_between_our_nations.;;;;;;;;;;;;;
EVTNAME44375;Texas - USA Border Agreement;;;;;;;;;;;;;
EVTDESC44375;\n\nThe_United_States_accepted_our_offer_and_we_sold_them_Colorado.;;;;;;;;;;;;;
EVTNAME44376;Texas - USA Border Agreement;;;;;;;;;;;;;
EVTDESC44376;\n\nThe_United_States_refused_our_offer_to_sell_them_Colorado.;;;;;;;;;;;;;
EVTNAME44377;War of the Pacific;;;;;;;;;;;;;
EVTDESC44377;A_fighting_broke_out_when_Chilean_entrepreneurs_and_mine-owners_in_Antofagasta_Region,_belonging_to_Peru_and_Bolivia,_respectively,_resisted_new_taxes,_the_formation_of_monopoly_companies,_and_other_impositions._We_should_take_advantage_of_this_crisis_to_take_back_our_rightful_clay_and_weaken_Peru_and_Bolivia_in_order_to_strengthen_our_own_strategic_preeminence_on_the_Pacific_Coast.;;;;;;;;;;;;;
EVTNAME16002;Battle of Fort Sumter;;;;;;;;;;;;;
EVTDESC16002;Brig._Gen._Beauregard,_in_command_of_the_provisional_Confederate_forces_at_Charleston,_South_Carolina,_demanded_the_surrender_of_the_Union_garrison_of_Fort_Sumter_in_Charleston_Harbor._Garrison_commander_Anderson_refused._Confederate_batteries_opened_fire_on_the_fort,_which_was_unable_to_reply_effectively._At_2:30_pm,_after_3_days_of_siege,_Major_Anderson_surrendered_Fort_Sumter,_evacuating_the_garrison_on_the_following_day._The_bombardment_of_Fort_Sumter_was_the_opening_engagement_of_the_American_Civil_War.;;;;;;;;;;;;;
EVTNAME45103;The Dominican Independence;;;;;;;;;;;;;
EVT45103OPTA;Viva la República Dominicana!;;;;;;;;;;;;;
EVTNAME90951;Slave Demographics;;;;;;;;;;;;;
EVTDESC90951;With_the_final_heads_counted,_the_slave_owners_of_our_country_reported_to_our_government_the_changes_in_the_slave_population.;;;;;;;;;;;;;
EVTNAME110010;The Great Famine of 1870-1871;;;;;;;;;;;;;
EVTDESC110010;The_great_famine_of_1870-1871_was_arguably_the_most_tragic_event_in_the_modern_economic_and_social_history_of_Persia._Over_wide_areas_of_the_country_almost_no_rain_fell_during_the_winter_of_1869/70_and_in_many_areas_dry-farming_crops_were_wiped_out._The_drought_was_followed_the_next_year_by_a_very_sharp_rise_in_grain_prices._As_one_might_expect_bread_riots_broke_out_and_social_unrest_gripped_the_cities_while_mortality_broke_all_expectations.;;;;;;;;;;;;;
EVT110010OPTA;Profit from it!;;;;;;;;;;;;;
EVT110010OPTB;We cannot afford to do anything.;;;;;;;;;;;;;
EVT110010OPTC;We must save those poor souls at any cost!;;;;;;;;;;;;;
EVTNAME201002;The Gold of the Inca;;;;;;;;;;;;;
EVTDESC201002;The_discovery_of_Machu_Picchu_has_generated_newly_interest_in_affairs_considering_an_archaeological_expedition_in_the_Andes_Mountains._The_legendary_tales_of_hidden_cities,_vast_gold_treasures_and_valuable_artifacts_are_only_an_illusion,_and_an_X_never,_ever_marks_the_spot._However,_prominent_archaeologists_advise,_that_it_could_be_in_our_national_interest_to_examine_the_things_in_the_Andes_carefully...;;;;;;;;;;;;;
EVTNAME201020;A Hidden Chamber;;;;;;;;;;;;;
EVTDESC201020;Our_archaeologists_in_Egypt_have_found_a_tomb,_which_seemed_plundered_by_tomb_raiders._But_when_they_made_further_investigations,_they_found_a_chamber_behind_a_false_wall_-_full_with_ancient_artifacts.;;;;;;;;;;;;;
EVTNAME201003;Archaeological Expedition;;;;;;;;;;;;;
EVTNAME201004;$FROMCOUNTRY$ Gives Access;;;;;;;;;;;;;
EVTNAME201005;$FROMCOUNTRY$ Denies Access;;;;;;;;;;;;;
EVTNAME201006;Presents from $FROMCOUNTRY$;;;;;;;;;;;;;
EVTNAME201007;Archaeological Expedition;;;;;;;;;;;;;
EVTNAME201008;$FROMCOUNTRY$ Gives Access;;;;;;;;;;;;;
EVTNAME201009;$FROMCOUNTRY$ Denies Access;;;;;;;;;;;;;
EVTNAME201010;Archaeological Expedition;;;;;;;;;;;;;
EVTNAME201011;$FROMCOUNTRY$ Gives Access;;;;;;;;;;;;;
EVTNAME201012;$FROMCOUNTRY$ Denies Access;;;;;;;;;;;;;
EVTNAME201013;Archaeological Exhibition;;;;;;;;;;;;;
EVTNAME201014;Archaeological Exhibition;;;;;;;;;;;;;
EVTNAME201015;$COUNTRY$, a Backward Country?;;;;;;;;;;;;;
EVTNAME201017;Local Excavation;;;;;;;;;;;;;
EVTNAME201018;Archaeological Society;;;;;;;;;;;;;
EVTNAME201019;A Famous Archaeologist;;;;;;;;;;;;;
EVTNAME201021;An Old Stele;;;;;;;;;;;;;
EVTNAME201022;Mysterious Maya Pyramid;;;;;;;;;;;;;
EVTNAME201025;Expedition Members Eaten by Dinosaurs?;;;;;;;;;;;;;
EVTNAME201026;El Mirador Discovered;;;;;;;;;;;;;
EVTNAME201027;A Mayan Riddle;;;;;;;;;;;;;
EVTNAME201028;The Idol;;;;;;;;;;;;;
EVTNAME201029;It's a Trap!;;;;;;;;;;;;;
EVTNAME201031;An Evil Frenchman;;;;;;;;;;;;;
EVTNAME201032;Leaving the Pyramid;;;;;;;;;;;;;
EVTNAME201033;An Archive of Cuneiform Tablets;;;;;;;;;;;;;
EVTNAME201034;Sumerian Palace Found;;;;;;;;;;;;;
EVTNAME201035;Mesopotamian Expedition Failed;;;;;;;;;;;;;
EVTNAME201036;The Tower of Babel;;;;;;;;;;;;;
EVTNAME201040;Preparations;;;;;;;;;;;;;
EVTNAME201041;The Expedition Begins;;;;;;;;;;;;;
EVTNAME201042;An Old Bridge;;;;;;;;;;;;;
EVTNAME201043;Crossing the Bridge;;;;;;;;;;;;;
EVTNAME201044;Lost in the Mountains;;;;;;;;;;;;;
EVTNAME201045;Peruvian Sky;;;;;;;;;;;;;
EVTNAME201046;The Crash;;;;;;;;;;;;;
EVTNAME201047;A Temple? A Temple!;;;;;;;;;;;;;
EVTNAME201048;Temple Lost Out of Sight;;;;;;;;;;;;;
EVTNAME201049;The Temple of the Sun;;;;;;;;;;;;;
EVTNAME201050;Breakfast with Llamas;;;;;;;;;;;;;
EVTNAME201051;Weren't We Here Once Before?;;;;;;;;;;;;;
EVTNAME201052;Through the Andes;;;;;;;;;;;;;
EVTNAME201053;Lost in the Andes;;;;;;;;;;;;;
EVTNAME201054;The Temple of the Sun;;;;;;;;;;;;;
EVTNAME201055;War Interrupts Expedition;;;;;;;;;;;;;
EVTNAME201056;Expedition in Peru Responds Again;;;;;;;;;;;;;
EVTNAME201037;Tutankhamun's Tomb Discovered;;;;;;;;;;;;;
EVTDESC201037;The_discovery_of_this_archaeological_sensation_is_an_international_event._What_should_we_do_now,_regarding_the_Great_powers?;;;;;;;;;;;;;
EVTNAME201038;El Mirador Discovered;;;;;;;;;;;;;
EVTNAME201039;The Tower of Babel Discovered;;;;;;;;;;;;;
EVTNAME201058;The Temple of the Sun;;;;;;;;;;;;;
EVTNAME201059;The Labyrinth;;;;;;;;;;;;;
EVTNAME201060;Downstairs;;;;;;;;;;;;;
EVTNAME201061;Upstairs;;;;;;;;;;;;;
EVTNAME201062;It's a Trap!;;;;;;;;;;;;;
EVTNAME201063;The Corridor;;;;;;;;;;;;;
EVTNAME201064;Lost in the Temple;;;;;;;;;;;;;
EVTNAME201065;The Sanctuary;;;;;;;;;;;;;
EVTNAME201066;The Decision;;;;;;;;;;;;;
EVTNAME201067;Temple of the Sun Discovered;;;;;;;;;;;;;
EVTNAME201070;Agamemnon's Mask;;;;;;;;;;;;;
EVTNAME202009;Giuseppe Mazzini;;;;;;;;;;;;;
EVTNAME202012;Mazzini arrested;;;;;;;;;;;;;
EVTNAME202013;Mazzini remains in exile;;;;;;;;;;;;;
EVTNAME202014;Pius IX;;;;;;;;;;;;;
EVTNAME202033;I Promessi Sposi;;;;;;;;;;;;;
EVTNAME202035;Il Canto degli Italiani;;;;;;;;;;;;;
EVTNAME202038;The Legacy of Ugo Foscolo;;;;;;;;;;;;;
EVTNAME202040;The Foscolo crisis;;;;;;;;;;;;;
EVTNAME202041;Foscolo returns!;;;;;;;;;;;;;
EVTNAME202042;First wireless transatlantic transmission;;;;;;;;;;;;;
EVTNAME202046;Macchi M.C.72;;;;;;;;;;;;;
EVTNAME202047;A visit in Venice;;;;;;;;;;;;;
EVTNAME202048;Saint Mark's Campanile;;;;;;;;;;;;;
EVTNAME202049;The Death of Leopardi;;;;;;;;;;;;;
EVTNAME202050;Giosuè Carducci;;;;;;;;;;;;;
EVTNAME202052;Gabriele D'Annunzio;;;;;;;;;;;;;
EVTNAME202053;La Conoscienza di Svevo;;;;;;;;;;;;;
EVTNAME202054;Gioachino Rossini;;;;;;;;;;;;;
EVTNAME202055;Donizetti's Caterina Cornaro;;;;;;;;;;;;;
EVTNAME202056;Cavalleria rusticana;;;;;;;;;;;;;
EVTNAME202057;Fountains of Rome;;;;;;;;;;;;;
EVTNAME202058;Nessun dorma?;;;;;;;;;;;;;
EVTNAME202059;Aida;;;;;;;;;;;;;
EVTNAME202061;Rigoletto;;;;;;;;;;;;;
EVTNAME202063;The Requiem;;;;;;;;;;;;;
EVTNAME202065;Restaurazione;;;;;;;;;;;;;
EVTNAME200001;Der Dom zu Köln;;;;;;;;;;;;;
EVTNAME200002;The Work Resumes;;;;;;;;;;;;;
EVTNAME200003;The Completion of the Cathedral;;;;;;;;;;;;;
EVTNAME200005;The German Anthem;;;;;;;;;;;;;
EVTNAME200008;The Göttinger Seven;;;;;;;;;;;;;
EVTNAME200011;The Famous Göttinger Seven;;;;;;;;;;;;;
EVTNAME200012;The Göttinger Seven Seek Refuge;;;;;;;;;;;;;
EVTNAME200014;Vormärz;;;;;;;;;;;;;
EVTNAME200015;The Kneeling Controversy;;;;;;;;;;;;;
EVTNAME200016;The Era Blittersdorf;;;;;;;;;;;;;
EVTNAME200019;Deutsches Wörterbuch;;;;;;;;;;;;;
EVTNAME200021;Deutschland. Ein Wintermärchen;;;;;;;;;;;;;
EVTNAME200029;Germanistentag 1846;;;;;;;;;;;;;
EVTNAME200031;Germanistentag 1847;;;;;;;;;;;;;
EVTNAME200034;The Constitutional Conflict;;;;;;;;;;;;;
EVTNAME200035;Humboldt's Kosmos;;;;;;;;;;;;;
EVTNAME200036;Robert Schumann;;;;;;;;;;;;;
EVTNAME200037;Felix Mendelssohn Bartholdy;;;;;;;;;;;;;
EVTNAME200038;Franz Liszt;;;;;;;;;;;;;
EVTNAME200039;Johannes Brahms;;;;;;;;;;;;;
EVTNAME200040;Schubert's 'Unfinished';;;;;;;;;;;;;
EVTNAME200041;Johann Strauss;;;;;;;;;;;;;
EVTNAME200042;Gustav Mahler;;;;;;;;;;;;;
EVTNAME200043;Richard Strauss;;;;;;;;;;;;;
EVTNAME200044;Anton Bruckner;;;;;;;;;;;;;
EVTNAME200045;Arnold Schönberg;;;;;;;;;;;;;
EVTNAME200046;Mondnacht;;;;;;;;;;;;;
EVTNAME200047;Carl Spitzweg;;;;;;;;;;;;;
EVTNAME200049;The Weavers of $PROVINCENAME$;;;;;;;;;;;;;
EVTDESC200049;\n\nIn_$PROVINCENAME$,_social,_economical_and_political_problems_are_evident._Upcoming_liberal_ideals_and_emerging_poverty_among_the_traditional_artisans_have_created_a_menacing_conflict_situation._Rumors_do_the_rounds,_that_a_rebellion_will_take_place,_headed_by_the_local_weavers.;;;;;;;;;;;;;
EVTNAME200050;Weavers’ Uprising;;;;;;;;;;;;;
EVTNAME200052;The Weavers;;;;;;;;;;;;;
EVTNAME500001;The Polish Uprising of $YEAR$;;;;;;;;;;;;;
EVTOPT500001A;Suppress them immediately.;;;;;;;;;;;;;
EVTOPT500001C;Let them be free.;;;;;;;;;;;;;
EVTNAME500002;The Polish Uprising;;;;;;;;;;;;;
EVTOPT500002A;Help the Poles in any way we can.;;;;;;;;;;;;;
EVTOPT500002B;Condemn $FROMCOUNTRY$'s action.;;;;;;;;;;;;;
EVTOPT500002C;Stay neutral on the matter.;;;;;;;;;;;;;
EVTOPT500002D;Pronounce our support to $FROMCOUNTRY$.;;;;;;;;;;;;;
EVTNAME500003;The Rebellion is Crushed;;;;;;;;;;;;;
EVTOPT500003A;There will be harsh reprisals.;;;;;;;;;;;;;
EVTOPT500003B;Be lenient with them.;;;;;;;;;;;;;
EVTNAME188128;Christ of Europe;;;;;;;;;;;;;
EVTNAME188129;Greater Poland Uprising;;;;;;;;;;;;;
EVTDESC188129;King_Frederick_William_IV_of_Prussia_amnestied_the_Polish_prisoners,_who_found_a_'Polish_Legion',_and_were_armed_with_weapons_from_the_Royal_Prussian_Arsenal._Speeches_during_the_demonstration_were_made_about_joint_fight_against_Russian_Empire_to_free_Congress_Poland._Inspired_by_the_events_in_Berlin,_a_demonstration_in_Poznañ_was_organized_and_the_authorities_agreed_to_creation_of_delegation_that_would_bring_proposals_of_Polish_side_to_Berlin_and_to_the_Prussian_King._A_Polish_National_Committee,_dominated_by_conservatives_and_liberals,_was_formed._Armed_peasants_and_townspeople_attacked_Prussian_administrative_offices_and_clashed_with_troops._Meanwhile,_the_National_Committee,_which_would_have_been_satisfied_with_autonomy_for_the_duchy,_entered_into_negotiations_with_the_Prussian_authorities,_counting_on_concessions_from_them.;;;;;;;;;;;;;
EVTNAME188130;Galician Administration;;;;;;;;;;;;;
EVTNAME188131;Frédéric Chopin;;;;;;;;;;;;;
EVTNAME188132;The Hungarian Diet of 1839-40;;;;;;;;;;;;;
EVTNAME188133;The Hungarian Diet of 1843-44;;;;;;;;;;;;;
EVTNAME188134;The Hungarian Reform Era;;;;;;;;;;;;;
EVTNAME188135;The Hungarian Revolution of $YEAR$;;;;;;;;;;;;;
EVTNAME188136;Maritime and Colonial League;;;;;;;;;;;;;
EVTNAME188137;Conflict in Hungary;;;;;;;;;;;;;
EVTDESC188137;The_Hungarian_'April_Laws'_ignored_Croatian_autonomy._In_response,_Croatian_leaders_called_for_a_distinct_Croatia_as_a_separate_entity_under_the_Habsburgs._Austria_now_sent_a_new_royal_Ban_to_Croatia,_Josip_Jelacic._He_refused_to_accept_orders_from_the_new_Hungarian_regime,_set_up_his_own_ruling_council_and_widened_the_franchise_to_elect_a_new_Sabor,_which_endorsed_his_actions._Then_he_invaded_Hungary_to_dissolve_the_Hungarian_Government,_without_any_order_by_the_Austrian_throne._We_should_send_Field_Marshall_Count_Franz_Philipp_von_Lamberg_to_Hungary_to_take_personal_control_over_their_armies_and_stop_the_conflict_between_Hungarians_and_Croats.;;;;;;;;;;;;;
EVTNAME188138;Hungarian War of Independence;;;;;;;;;;;;;
EVTDESC188138;The_Croatian_leaders_refused_to_join_us_and_called_for_a_distinct_Croatia_as_a_separate_entity_under_the_Habsburgs._Austria_now_sent_a_new_royal_Ban_to_Croatia,_Josip_Jelacic._He_refused_to_accept_orders_from_us,_set_up_his_own_ruling_council_and_widened_the_franchise_to_elect_a_new_Sabor,_which_endorsed_his_actions._Now_he_is_invading_us_to_dissolve_our_government,_without_any_order_by_the_Austrian_throne!_Austria_sent_Field_Marshall_Count_Franz_Philipp_von_Lamberg_to_take_personal_control_over_our_armies_and_stop_the_conflict_between_us_-_which_means_the_end_of_our_independence.;;;;;;;;;;;;;
EVTNAME188139;Hungarian War of Independence;;;;;;;;;;;;;
EVTDESC188139;Hungary_refused_our_order_and_Field_Marshall_Count_Franz_Philipp_von_Lamberg_was_mobbed_and_viciously_murdered!_We_should_order_the_Hungarian_Diet_dissolved_and_appoint_Jelacic_as_Regent_of_Hungary_to_end_this_rebellion.;;;;;;;;;;;;;
EVTNAME188140;Hungary Surrenders;;;;;;;;;;;;;
EVTDESC188140;Hungary_obeyed_our_order,_and_the_Imperial_court_dissolved_the_Hungarian_Diet_and_appointed_Jelacic_as_Regent._Hungary_became_an_integral_part_of_the_empire_once_again!;;;;;;;;;;;;;
EVTNAME188141;Kossuth's Recruitment Tour;;;;;;;;;;;;;
EVTDESC188141;The_country_is_in_danger!_We_area_facing_critical_hours._There_is_one_question:_Shall_we_lose_our_obtained_rights_and_independence?_Shall_we_surrender_to_the_imperial_eagle?_There_is_one_answer:_NO!_The_Hungarian_government_was_in_serious_military_crisis_due_to_the_lack_of_soldiers,_therefore_they_sent_Kossuth_(a_brilliant_orator)_to_recruit_volunteers_for_the_new_Hungarian_army._While_the_Austrian_armies_were_marching_on_Pest,_Kossuth_went_from_town_to_town_rousing_the_people_to_the_defense_of_the_country,_and_the_popular_force_of_the_Honvéd_was_his_creation.;;;;;;;;;;;;;
EVTNAME188142;Ask for Russian Help;;;;;;;;;;;;;
EVTNAME188143;End of the Hungarian Revolution;;;;;;;;;;;;;
EVTNAME188144;The Balkan War;;;;;;;;;;;;;
EVTNAME188145;The Balkan War;;;;;;;;;;;;;
EVTNAME188146;The Balkan War;;;;;;;;;;;;;
EVTNAME188147;The Balkan War;;;;;;;;;;;;;
EVTNAME188148;Treaty of Bucharest;;;;;;;;;;;;;
EVTNAME188149;Treaty of Bucharest;;;;;;;;;;;;;
EVTNAME188150;Namamugi Incident;;;;;;;;;;;;;
EVTDESC188150;The_Namamugi_Incident_was_a_samurai_assault_on_British_nationals_in_Japan_in_$YEAR$._Four_British_subjects_were_traveling_for_a_jaunt_on_the_Tokaido_road_through_the_village_of_Namamugi_when_they_encountered_armed_retinue_of_Shimazu_Hisamitsu_heading_in_the_other_direction._The_party_continued_to_ride_along_the_side_of_the_road_without_dismounting_until_they_reached_the_main_body_of_the_procession,_which_occupied_the_entire_width_of_the_road._In_Japan,_samurai_had_a_legal_right_to_strike_anyone_who_showed_disrespect._Richardson,_leading_the_Britons,_rode_too_close_to_the_procession_and_did_not_dismount_despite_being_gestured_repeatedly_to_do_so,_and_was_slashed_at_by_one_of_the_Satsuma_bodyguards.The_incident_sparked_a_scare_in_Japan's_foreign_community._Britain_demanded_reparations_from_the_Government_and_from_the_daimyo_of_Satsuma._Satsuma_prevaricated_and_Britain_eventually_engaged_Satsuma_a_year_later_in_Anglo-Satsuma_War.;;;;;;;;;;;;;
EVTNAME188151;Namamugi Incident;;;;;;;;;;;;;
EVTDESC188151;The_Namamugi_Incident_was_a_samurai_assault_on_British_nationals_in_Japan_in_$YEAR$._In_Japan,_samurai_had_a_legal_right_to_strike_anyone_who_showed_disrespect._However,_British_nationals_were_protected_by_Extraterritoriality_under_the_Anglo-Japanese_Friendship_Treaty_and_were_exempt._Richardson,_leading_the_Britons,_rode_too_close_to_the_procession_and_did_not_dismount_despite_being_gestured_repeatedly_to_do_so,_and_was_slashed_at_by_one_of_the_Satsuma_bodyguard._The_incident_sparked_a_scare_in_Japan's_foreign_community._Many_traders_are_appealing_to_our_government_to_take_punitive_action_against_Japan.;;;;;;;;;;;;;
EVTNAME188152;Pels Rijcken;;;;;;;;;;;;;
EVTDESC188152;Gerhard_Christiaan_Coenraad_Pels_Rijcken_was_a_career_officer_of_the_Royal_Dutch_Navy_and_a_politician._From_1855_to_1857,_Pels_Rijcken_was_assigned_as_commandant_of_the_Nagasaki_Naval_Training_Center,_teaching_the_principles_of_a_modern_naval_science_to_samurai_including_Katsu_Kaishu._He_arrived_as_captain_of_the_Gedeh_which_accompanied_the_steam_warship,_the_ZM_SS_Soembing,_a_gift_from_King_William_III_of_the_Netherlands_to_Shogun_Tokugawa_Iesada._Under_the_name_of_Kanko_Maru,_Soembing_was_used_at_the_Nagasaki_Naval_Training_Center_as_a_training_vessel._While_in_Japan,_he_was_promoted_to_commander_in_May_1856._He_was_succeeded_in_this_post_by_Willem_Huyssen_van_Kattendijke_from_1857_and_returned_to_the_Netherlands.;;;;;;;;;;;;;
EVTDESC98859;With_the_arrival_of_the_$COUNTRY_ADJ$_colonial_governor_into_$PROVINCENAME$,_an_effort_has_begun_to_incorporate_$COUNTRY_ADJ$_$STATENAME$_into_the_larger_Caribbean_colony.;;;;;;;;;;;;;
EVTNAME188153;$FROMCOUNTRY$ Applies For Statehood!;;;;;;;;;;;;;
EVTDESC188153;Yesterday_morning_we_received_a_petition_from_the_$FROMCOUNTRY_ADJ$_government,_requesting_statehood_in_the_Caribbean_Federation._A_state_constitution_has_been_submitted,_along_with_maps_defining_the_state's_territorial_boundaries._Common_opinion_seems_to_hold_it_a_forgone_conclusion_that_we_will_accept_this_petition_for_statehood_and_forever_join_$FROMCOUNTRY$_into_our_prosperous_$COUNTRY_ADJ$_state.;;;;;;;;;;;;;
EVTNAME188155;Ultimatum to Serbia;;;;;;;;;;;;;
EVTNAME203925;Bear Flag Revolt;;;;;;;;;;;;;
EVTDESC203925;The_illegal_American_migrants_have_grown_discontent_with_their_lack_of_legal_rights_and_representation._After_hearing_the_news_of_our_war_with_America,_the_settlers_in_California_started_a_revolt,_claiming_the_independence_of_their_so_called_Californian_Republic.;;;;;;;;;;;;;
EVTNAME202015;The Roman Republic;;;;;;;;;;;;;
EVTNAME202017;Pius IX Returns;;;;;;;;;;;;;
EVTNAME202016;The Roman Republic;;;;;;;;;;;;;
EVTDESC202016;Following_the_assassination_of_his_prime_minister_in_$YEAR$,_Pope_Pius_IX_fled_Rome_and_took_refuge_in_the_Kingdom_of_Naples._Giuseppe_Mazzini_and_colleagues_proclaimed_the_end_of_papal_power_and_prepared_a_modern_constitution_for_the_newly_announced_Roman_Republic._Giuseppe_Garibaldi_joined_them_to_organize_its_defense._From_his_fortress_at_Gaeta,_Pius_IX_called_on_the_Catholic_powers_of_Europe_to_send_their_armies_to_restore_him_to_power._We_should_help_the_Pope_to_win_the_support_of_the_Catholics_in_our_country--and_to_keep_Austria_out_of_the_Papal_State.;;;;;;;;;;;;;
EVTNAME203926;California Trail;;;;;;;;;;;;;
EVTDESC203926;Since_the_past_few_years,_more_and_more_American_settlers_have_arrived_to_California,_hoping_for_a_better_life_or_to_try_their_luck--acting_on_rumors_spreading_that_the_mountains_of_California_are_full_of_gold._Some_of_our_generals,_however,_believe_this_could_be_a_sign_of_an_upcoming_American_invasion.;;;;;;;;;;;;;
EVTNAME202000;The Five Days of Milan;;;;;;;;;;;;;
EVTNAME202001;A Sardinian Intervention?;;;;;;;;;;;;;
EVTNAME202002;The Italian War of Independence;;;;;;;;;;;;;
EVTNAME202003;The Fall of Milan;;;;;;;;;;;;;
EVTNAME202004;Austria wins the Italian War of Independence;;;;;;;;;;;;;
EVTNAME202005;The Kingdom of Lombardy-Venetia;;;;;;;;;;;;;
EVTNAME202006;Repubblica di San Marco;;;;;;;;;;;;;
EVTNAME202007;The Serenissima Is Back;;;;;;;;;;;;;
EVTNAME202008;Italian or Venetian?;;;;;;;;;;;;;
EVTNAME202019;Sardinia Wins the Italian War of Independence;;;;;;;;;;;;;
EVTNAME202020;The Status Quo;;;;;;;;;;;;;
EVTNAME202022;Sardinia Remains Stubborn;;;;;;;;;;;;;
EVTNAME202024;Consequences;;;;;;;;;;;;;
EVTNAME188156;$FROMCOUNTRY_ADJ$ Ultimatum;;;;;;;;;;;;;
EVTDESC188156;According_to_the_terms_of_the_ultimatum_delivered,_the_Serbian_government_would_have_to_accept_an_$FROMCOUNTRY_ADJ$_inquiry_into_the_assassination,_notwithstanding_its_claim_that_it_was_already_conducting_its_own_internal_investigation._Serbia_was_also_to_suppress_all_anti-$FROMCOUNTRY_ADJ$_propaganda_and_to_take_steps_to_root_out_and_eliminate_terrorist_organizations_within_its_borders?one_such_organization,_the_Black_Hand,_was_believed_to_have_aided_and_abetted_the_archduke's_killer,_Gavrilo_Princip,_and_his_cohorts,_providing_weapons_and_safe_passage_from_Belgrade_to_Sarajevo._$FROMCOUNTRY$_demanded_an_answer_to_the_note_within_48_hours_-_by_that_time,_however,_anticipating_Serbian_defiance,_Gieslingen_had_already_packed_his_bags_and_prepared_to_leave_the_embassy.;;;;;;;;;;;;;
EVTNAME116303;The Great Drought of $YEAR$;;;;;;;;;;;;;
EVTDESC116303;In_$YEAR$_the_worst_drought_ever_recorded_afflicted_the_Northeast_of_Brazil._The_result_would_be_a_massive_emigration_of_peasants_to_new_areas,_such_as_the_Amazonian_city_of_Manaus_which_was_becoming_wealthy_due_to_the_start_of_the_Rubber_Boom.;;;;;;;;;;;;;
EVTNAME131509;The Czech National Theater;;;;;;;;;;;;;
EVTNAME131510;The Splitting of Charles University;;;;;;;;;;;;;
EVTNAME131511;Theodor Herzl's 'Der Judenstaat';;;;;;;;;;;;;
EVTNAME131512;The Stanczyks;;;;;;;;;;;;;
EVTNAME131513;Josip Juraj Strossmayer and Yugoslavism;;;;;;;;;;;;;
EVTNAME146304;The Influence of Positivism;;;;;;;;;;;;;
EVTNAME146500;The Fortress of Humaitá;;;;;;;;;;;;;
EVTNAME188125;Crusade;;;;;;;;;;;;;
EVTDESC188125;His_Holiness_the_Pope_has_called_for_a_Crusade_to_reclaim_the_Holy_Land_from_the_infidels!_While_many_of_our_faithful_Christians_would_like_us_to_join_this_war,_this_idea_seems_rather_crazy?;;;;;;;;;;;;;
EVTNAME188127;Crusade;;;;;;;;;;;;;
EVTDESC188127;His_Holiness_the_Pope_has_called_for_a_Crusade_to_reclaim_the_Holy_Land_from_the_infidels!_While_many_of_our_faithful_Christians_would_like_us_to_join_this_war,_this_idea_seems_rather_crazy?;;;;;;;;;;;;;
EVTNAME188126;Crusade;;;;;;;;;;;;;
EVTDESC188126;$FROMCOUNTRY$_has_honored_the_Pope's_call_for_crusade!_We_can't_let_these_mad_infidels_take_what's_rightfully_ours!;;;;;;;;;;;;;
EVTNAME36628;The $FROMCOUNTRY_ADJ$ Virgin Islands Offer;;;;;;;;;;;;;
EVTDESC36628;$FROMCOUNTRY_ADJ$_diplomats_have_approached_us_with_an_offer_to_buy_the_Virgin_Islands_from_us._They_seem_to_have_a_lot_of_money_to_back_their_proposal:_they_are_offering_200,000¤_right_now_for_the_islands.;;;;;;;;;;;;;
EVTNAME190461;The Face of Agamemnon;;;;;;;;;;;;;
EVTNAME1904612;The Labyrinth;;;;;;;;;;;;;
EVTNAME1905101;'Homo Neanderthalensis' Discovered;;;;;;;;;;;;;
EVTNAME1905201;'Homo Erectus' Discovered;;;;;;;;;;;;;
EVTNAME1905301;'Australopithecus Africanus' Discovered;;;;;;;;;;;;;
EVTNAME36707;End of the Personal Union;;;;;;;;;;;;;
EVTDESC36707;Our_king_has_died_without_a_male_heir._Our_realm's_inheritance_laws_permit_his_daughter,_Wilhelmina,_to_become_monarch_of_the_Netherlands,_but_Luxembourg's_laws_will_not_allow_her_to_rule._This_means_an_end_to_the_personal_union_between_our_two_nations:_Luxembourg_will_instead_be_ruled_by_the_head_of_another_branch_of_the_House_of_Nassau.;;;;;;;;;;;;;
EVTNAME36938;Publication of Durgeshnandini;;;;;;;;;;;;;
EVTDESC36938;\n\nToday_the_novel_'Durgeshnandini'_was_released_in_the_book_stores_of_Calcutta._The_book,_a_love_story_set_against_the_backdrop_of_Pathan-Mughal_conflicts_in_West_Bengal,_is_written_by_Bankim_Chandra_Chatterjee_and_is_the_first_major_novel_in_Bengali_literature._While_conservatives_in_Bengali_society_might_be_unimpressed_with_its_lucidity,_it_accessibility_is_sure_to_be_a_draw_to_the_people.\n\nBengali_culture_has_been_undergoing_a_sort_of_renaissance_in_recent_decades._Starting_with_the_works_of_Raja_Ram_Mohan_Roy,_an_appreciation_for_the_richness_of_India's_past_has_grown_together_with_an_examination_of_the_impact_of_the_modern_West_upon_it._As_these_elements_blend_together,_reform_movements_are_forming_to_eradicate_native_'superstitions'_(such_as_sati,_caste-division,_and_untouchability).;;;;;;;;;;;;;
EVTNAME210300;Raden Saleh;;;;;;;;;;;;;
EVTDESC210300;Raden_Saleh,_a_Javanese_painter_of_some_renown,_is_visiting_your_court._This_'Eastern_Prince'_is_probably_the_first_oriental_to_be_educated_in_the_modern_European_painting_techniques._His_intriguing_background_and_not_unremarkable_skill_have_made_him_a_much_beloved_court_painter._And_while_he_may_be_most_famous_for_his_portrait_work,_he_has_shown_remarkable_skill_in_painting_landscapes_as_well._Often_depicting_exotic_scenes_from_his_homeland,_offering_an_insight_into_a_world_unknown_to_most_Europeans._Rasen_Saleh's_arrival_at_court_can_only_mean_he_is_looking_for_our_patronage!;;;;;;;;;;;;;
EVTNAME211490;A Historic Kris;;;;;;;;;;;;;
EVTNAME211488;The Etna Expedition Returns;;;;;;;;;;;;;
EVTNAME211481;The Buitenzorg Palace;;;;;;;;;;;;;
EVTNAME210460;Belgian-Dutch Language and Literature Congress;;;;;;;;;;;;;
EVTDESC210460;While_a_large_part_of_our_population_speaks_Dutch,_it_has_never_been_a_very_important_language._At_court,_in_government_and_among_the_bourgeoisie_French_is_'la_langue_preferee',_and_Dutch_is_looked_down_onto_with_some_disdain._This_has_left_precious_little_room_in_our_country_for_the_development_of_the_language._The_situation_is_different_of_course_by_our_neighbor_to_the_north._The_Dutch_have_proven_more_supportive_of_the_Flemish,_and_both_Dutch_and_Flemish_scholars_have_now_come_together_in_Gent_to_discuss_the_language._The_hope_is_to_form_a_more_unified_and_standardized_language,_and_in_imitation_of_German_and_French_efforts,_create_an_extensive_dictionary.;;;;;;;;;;;;;
EVTNAME211590;The Nederlansch Congress;;;;;;;;;;;;;
EVTNAME211497;Vereeniging voor Vrouwenkiesrecht Founded!;;;;;;;;;;;;;
EVTNAME211498;National Women's Crafts Fair;;;;;;;;;;;;;
EVTNAME211591;The Nederlandsch Congres;;;;;;;;;;;;;
EVTNAME211592;The Woordenboek der Nederlandsche Taal;;;;;;;;;;;;;
EVTNAME211593;Nieuw Woordenboek der Nederlandsche Taal;;;;;;;;;;;;;
EVTNAME211601;The Great City Fire of Enschede;;;;;;;;;;;;;
EVTNAME211602;From The Life Of King Gorilla;;;;;;;;;;;;;
EVTNAME211551;Johan Rudolph Thorbecke;;;;;;;;;;;;;
EVTDESC211551;With_the_newly_published_book_'Annotations_to_the_Constitution'_a_young_man_by_the_name_of_Johan_Rudolph_Thorbecke_has_started_making_a_name_for_himself_in_Liberal_circles._The_book,_containing_a_detailed_study_of_the_nature_and_history_of_the_constitution,_has_already_sold_over_1000_copies:_an_exceptionally_large_amount._It_promises_to_be_a_standard_work_on_the_constitution_for_many_years_to_come.;;;;;;;;;;;;;
EVTNAME211550;The Negenmannen;;;;;;;;;;;;;
EVTDESC211550;Disappointed_by_our_lack_of_constitutional_reform,_a_group_of_9_prominent_Liberals_have_come_together_to_propose_their_own_constitution._Led_by_renowned_statesman_Thorbecke,_they_propose,_among_other_things,_a_directly_elected_House_of_Representatives,_based_on_census_suffrage,_full_ministerial_responsibility,_reform_of_the_senate,_and_better_protection_for_the_freedom_of_religion.;;;;;;;;;;;;;
EVTNAME211400;The Cultuurstelsel;;;;;;;;;;;;;
EVTDESC211400;The_wars_with_Belgium,_on_Java_and_on_Sumatra_have_drained_the_treasury,_and_we_are_quickly_heading_toward_financial_ruin._To_increase_the_revenue_from_our_colonies_in_the_East,_a_new_system_called_the_Cultuurstelsel_has_been_proposed,_which_will_require_farmers_to_grow_cash_crops_for_export._Replacing_the_old_Landrente-tax,_which_required_farmers_to_pay_2/5th_of_their_harvest_as_tax,_the_Cultuurstelsel_requires_farmers_to_use_1/5th_of_their_land_to_grow_cash_crops,_mainly_coffee,_tea,_sugar_and_indigo._Farmers_who_cannot_grow_these_crops_on_their_land_are_required_to_provide_the_Herendienst:_60_days_of_free_labor_per_year_to_work_on_government_plantations._Should_the_value_of_crops_exceed_the_previously_paid_Landrente,_the_farmer_is_compensated_accordingly_by_the_Plantloon.;;;;;;;;;;;;;
EVTNAME211403;Overzealous Colonial Officer;;;;;;;;;;;;;
EVTDESC211403;One_of_our_lower_colonial_officers,_an_assistant-resident_in_Western_Java,_has_taken_a_very_zealous_approach_to_his_job._Disturbed_by_the_abuses_of_the_Cultuurstelsel_and_Herendienst_he_found_in_his_regency,_he_accused_the_local_Head_of_severe_abuse_of_power_and_bondage_of_his_subjects._While_of_course_his_position_requires_him_to_reign_in_local_excesses_and_protect_the_populace,_his_primary_concern_should_be_the_protection_of_our_interests!_Currently,_the_authority_of_the_Head_is_sacred_and_unquestionable_to_the_populace._Bringing_him_to_court_might_cause_severe_social_upheaval._As_such,_the_Resident_has_called_the_Assistent-Resident_to_order_and_stopped_the_prosecution_of_the_Head._This_did_not_deter_the_Assistent-Resident._The_case_has_now_reached_the_Governor-General_who_has_to_decided_to_continue_the_prosecution,_and_risk_rebellion,_or_put_a_stop_to_it.;;;;;;;;;;;;;
EVTNAME211404;Disgruntled Colonial Officer;;;;;;;;;;;;;
EVTDESC211404;A_former_colonial_officer_who_left_the_service_after_an_altercation_with_a_local_Regent,_has_now_written_to_you_complaining_about_the_treatment_he_has_received._A_fervent_liberal_and_proponent_of_inlander_rights,_he_claims_to_have_written_a_book_detailing_abuses_committed_by_both_the_colonial_government_and_local_Heads_under_the_Cultuurstelsel._Having_been_reduced_to_poverty_by_his_treatment,_he_is_threatening_to_publish_this_book_unless_he_is_fully_rehabilitated,_which_in_this_case_means:_a_position_of_Regent_on_Java,_full_restoration_of_his_pension,_a_large_advance_and,_most_preposterously,_a_decoration_for_his_"service".;;;;;;;;;;;;;
EVTNAME211405;Multatuli;;;;;;;;;;;;;
EVTDESC211405;I_am_broker_in_coffee,_and_live_on_the_Lauriersgracht_No._37.\nWith_these_words_begins_the_novel_Max_Havelaar,_which_has_by_now_"sent_a_shudder_through_the_land"._The_novel_describes_the_consequences_of_the_colonial_system_in_Java,_in_which_government_and_local_Heads_cooperated_to_enrich_themselves_at_the_expense_of_the_people._In_the_example_of_the_body_of_the_Javanese,_murdered_on_the_orders_of_the_regent,_floating_down_the_river_as_a_present_from_the_sharks_of_the_interior_to_the_sharks_in_the_sea,_after_that_poor_wretch_had_complained_about_the_Regent,_the_"humdrum"_story_of_that_one_buffalo_of_Saidjah's_father,_the_village_in_Lampung_set_ablaze_by_Dutch_forces._Cumulating_in_the_majestic,_almost_terrifying,_final_chord_in_which_Multatuli_exposed_Holland_as_a_"pirate_state"_among_the_nations,_and_conjured_the_king_not_to_tolerate_any_longer_that_more_than_30_million_Javanese_are_maltreated_and_exploited_in_his_name_in_the_"glorious_realm_of_Insulinde,_that_coiled_round_the_Equator_like_a_girdle_of_emerald".;;;;;;;;;;;;;
EVTNAME211409;Java, or How to Manage a Colony;;;;;;;;;;;;;
EVTDESC211409;Long_has_our_colony_on_Java_been_the_envy_of_the_world._The_vast_wealth_provided_by_the_Cultuurstelsel_has_propelled_our_nation_forwards,_and_this_has_not_gone_unnoticed_abroad._In_a_recently_published_book,_called_'Java,_or_How_to_Manage_a_Colony',_the_aptly_named_Englishman_James_Money_described_our_colonial_administration_of_Java,_the_Cultuurstelsel_in_particular,_as_the_example_of_how_a_colony_should_be_run._He_writes_that_a_similar_system_would_solve_many_of_the_problems_facing_British_India_today.;;;;;;;;;;;;;
EVTNAME211411;The Koloniale Kwestie;;;;;;;;;;;;;
EVTDESC211411;A_weighty_responsibility_lies_on_the_people_blessed_with_such_history_as_ours._Contemporaries_and_progeny_might_rightfully_question,_what_we,_sons_of_such_a_dearly_bought_freedom,_have_done_with_this_freedom?_Can_we,_after_three_centuries,_with_a_clean_conscience_and_our_heads_held_high_answer:_We_are_worthy_descendants_of_such_heroes?_Is_it_but_lies_and_slander_that_we_exploit_the_Javanese?\n[...]\nThe_Cultuurstelsel_has_made_our_country_the_disgrace_of_the_world._We_have_surrendered_the_honor_of_being_a_civilized_nation:_for_even_the_Spanish_did_not_treat_our_forefathers_so_unchristian.\nThat_a_moral_nation_pur_sang_like_ours,_which_does_not_rely_on_brute_force_but_moral_superiority_in_international_politics,_should_allow_for_her_subjects_to_be_exploited,_has_started_to_create_a_feeling_of_unease_in_society.;;;;;;;;;;;;;
EVTNAME211900;Maatschappij tot Nut van den Javaan;;;;;;;;;;;;;
EVTDESC211900;A_new_'Society_to_the_Benefit_of_the_Javanese'_has_been_founded_with_to_combat_all_injustice_against_Javanese,_no_matter_the_source._The_society_considers_it_a_great_sin_that,_in_our_name,_Javanese_should_be_exploited._Being_the_foremost_Christian_nation_under_God,_it_should_fall_to_us_to_uplift_the_inlanders!_Perhaps_under_our_guidance_can_the_Javanese_can_do_away_with_their_superstitions_and_join_the_ranks_of_civilized_peoples._The_society_has_started_to_raise_money_to_fund_(Christian)_schools_in_the_East.\nThe_paternalistic_nature_of_the_society,_however,_has_not_fallen_well_with_more_liberal_elements_of_our_society._Multatuli,_perhaps_the_foremost_"friend_of_the_Javanese",_has_published_a_damning_commentary_of_their_work:_"He_who_does_indeed_value_Civilization_does_not_ridicule_her_by_spreading_more_or_less_illustrated_school_books,_prints_and_atlases_to_those_who_he_systematically_exploits,_abuses_and_murders".;;;;;;;;;;;;;
EVTNAME211901;Baron Van Hoevell;;;;;;;;;;;;;
EVTDESC211901;People_of_the_Netherlands,_does_a_bloodguilt_not_burn_on_your_consciousness?_For_two_centuries_has_your_flag_flow_on_Java:_For_two_centuries_you_have_waived_the_scepter_of_domination:_Millions_upon_millions_have_flowed_to_your_treasure_on_the_toiling_of_the_inlanders:_And_you_have_returned_nothing_to_them.\nMember_of_Parliament_Wolter_Robert_baron_van_Hoevell_has_emerged_as_one_of_the_strongest_critics_of_our_colonial_administration_of_Java_and_the_Cultuurstelsel_in_particular._Originally_serving_as_a_minister_in_Batavia,_he_was_forced_to_leave_the_Indies_due_to_his_liberal_and_anti-governmental_tendencies._Very_popular_in_the_Indies:_it_is_said_that_when_he_left,_he_was_sent_of_by_"half_of_Batavia"._As_one_of_the_few_MPs_who_has_actually_visited_the_Indies,_he_can_describe_the_situation_there_with_great_expertise_and_"disturbing_eloquence".;;;;;;;;;;;;;
EVTNAME211418;The Agrarische Wet;;;;;;;;;;;;;
EVTDESC211418;While_vital_for_the_financial_well-being_of_our_nation,_the_Cultuurstelsel_has_its_opponents._Especially_in_liberal_circles_there_is_a_lot_of_criticism_of_the_system._They_view_the_Cultuurstelsel_as_an_inefficient_and_inflexible_economic_system,_unable_to_respond_adequately_to_changing_circumstance._In_their_view_the_East_Indies_would_benefit_from_opening_up_to_private_capital._The_treatment_of_the_Inlanders_is_also_a_point_of_contention._They_hold_the_Cultuurstelsel_as_deeply_immoral,_as_it_denies_the_local_education,_Christianity_and_the_blessings_of_progress._The_Agrarische_Wet_seeks_to_abolish_the_Cultuurstelsel_and_its_governmental_plantations,_and_open_the_East_Indies_up_to_private_investment._Ownership_of_the_land_is_returned_to_the_Inlanders_and_western_individuals_can_lease_lands_from_them_or_the_government.;;;;;;;;;;;;;
EVTNAME211440;The Suikerwet;;;;;;;;;;;;;
EVTDESC211440;The_Agrarische_Wet_has_been_the_first_step_in_abolishing_the_Cultuurstelsel._However_due_its_economic_importance,_the_sugar_industry_had_been_exempted_from_the_Agrarische_Wet._This_never_set_well_with_the_liberal_elements_of_society,_and_they_have_always_pushed_to_end_the_governmental_monopoly_on_sugar._A_bill_has_now_been_brought_to_a_vote_in_parliament_to_this_effect.\nUnder_the_Suikerwet_the_government_relinquishes_its_monopoly_on_sugar,_and_opens_the_sugar_market_to_private_capital,_provided_the_sugar_is_refined_in_Dutch_refineries.;;;;;;;;;;;;;
EVTNAME211441;The Koffiewet;;;;;;;;;;;;;
EVTDESC211441;While_in_the_days_of_the_VOC_spices_such_nutmeg_and_cloves_might_have_been_the_economic_motor_of_the_Indies,_since_the_late_18th_century_coffee_has_been_the_cork_keeping_our_economy_afloat._Therefore,_when_the_Agrarische_Wet_was_passed,_the_coffee_cultures_were_specifically_exempted._This_never_set_right_with_the_liberals_and_other_proponents_of_a_liberal_economy._A_bill_has_now_been_brought_to_a_vote_in_parliament_to_finally_bring_an_end_to_Cultuurstelsel,_and_the_governmental_monopoly_on_the_coffee.;;;;;;;;;;;;;
EVTNAME211445;The Ethische Politiek;;;;;;;;;;;;;
EVTDESC211445;The_Indies_have_always_been_a_profit_center_to_our_nation._While_great_wealth_has_flowed_to_our_great_nation,_the_poor_inlanders_have_seen_little_benefit_from_our_rule._In_fact,_they_have_suffered_dearly_from_abuse_and_exploitation_under_our_rule._Some_would_say_we_have_incurred_a_debt_of_honor_towards_the_inlanders._They_are_proposing_we_follow_a_more_Ethical_Policy_towards_the_inlanders._We_would_take_ethical_responsibility_towards_our_inlander_populace,_and_extend_all_benefits_from_being_part_of_our_great_nation_towards_them.;;;;;;;;;;;;;
EVTNAME211800;The Pill Bandoeng;;;;;;;;;;;;;
EVTDESC211800;Malaria_is_an_ever_present_danger_in_the_tropical_regions_of_the_world._There_are_few_effective_treatments_for_the_disease,_and_those_which_do_exist_are_expensive._Our_control_over_the_production_of_Quinine_from_the_Cinchona_tree_has_given_our_citizens_abundant_and_relatively_cheap_access_to_the_medicine._However,_the_inlander_population_has_been_unable_to_profit_from_this,_and_continues_to_be_ravaged_by_the_disease._A_bill_has_been_proposed_in_parliament_to_fund_the_construction_of_a_large_Quinine_factory_on_Java._This_factory_will_be_specifically_to_supply_the_natives_with_this_important_medicine,_and_extend_the_benefits_of_Dutch_civilization_to_them.;;;;;;;;;;;;;
EVTNAME211801;The School tot Opleiding van Inlandsche Artsen;;;;;;;;;;;;;
EVTDESC211801;We_have_always_kept_medical_professions_in_the_Indies_a_strictly_western_affair._There_have_been_hospitals_and_doctors_for_inlanders,_but_never_any_inlander_doctors_and_physicians._This_has_obviously_had_a_negative_effect_on_the_access_to_modern_medical_care_for_inlanders._Most_are_now_surrendered_to_the_whims_of_the_dukuns,_and_the_magic_and_superstition_they_perpetrate._To_combat_this,_and_improve_the_plight_of_our_colonial_subjects,_it_has_been_suggested_we_start_training_inlanders_in_the_medical_profession.;;;;;;;;;;;;;
EVTNAME555080;Rebel Armament;;;;;;;;;;;;;
EVTDESC555080;The_rebel_armies_around_the_world_have_adopted_new_weapons_and_tactics.;;;;;;;;;;;;;
EVTNAME188158;South American Dreadnought Race;;;;;;;;;;;;;
EVTDESC188158;Because_$FROMCOUNTRY$_lacks_the_capacity_to_construct_the_latest_and_most_powerful_warship_type,_the_dreadnought,_the_$FROMCOUNTRY_ADJ$_government_has_purposed_a_deal_with_us_to_build_their_new_ship._What_should_be_our_answer?;;;;;;;;;;;;;
EVTDESC188159;$FROMCOUNTRY$_has_agreed_to_construct_a_dreadnought_for_us!_The_ship_will_be_delivered_in_2_years.;;;;;;;;;;;;;
EVTDESC188160;$FROMCOUNTRY$_has_declined_to_sign_our_deal_about_constructing_a_dreadnought_for_us.;;;;;;;;;;;;;
EVTDESC188161;The_dreadnought_we_ordered_is_finished_and_arrived_in_one_of_our_naval_bases.;;;;;;;;;;;;;
EVTNAME99400;Resettle Blacks in Liberia;;;;;;;;;;;;;
EVTNAME99402;Afro American Resettlement;;;;;;;;;;;;;
EVTDESC99402;\n\nMany_Afro_American_families_in_$PROVINCENAME$,_having_been_freed,_are_reportedly_planning_on_emigrating_to_Liberia_--_the_newly-established_homeland_for_former_slaves_in_the_Grain_Coast._We_could_force_them_all_to_go,_but_that_might_not_be_a_simple_matter.;;;;;;;;;;;;;
EVTNAME188162;The Chilean Civil War;;;;;;;;;;;;;
EVTNAME188163;Sonderbund;;;;;;;;;;;;;
EVTDESC188163;The_Sonderbund_was_a_league_created_in_1845_in_Switzerland_between_seven_Catholic_and_Conservative_cantons,_in_order_to_protect_their_interests_against_a_centralization_of_power_by_the_Protestant_and_Liberal_cantons._This_alliance_was_concluded_after_the_Federal_Diet,_with_the_approval_of_a_majority_of_cantons,_had_taken_measures_against_the_Catholic_Church._When_Lucerne,_in_retaliation,_recalled_the_Jesuits_the_same_year,_groups_of_armed_radicals_invaded_the_canton,_causing_a_revolt.;;;;;;;;;;;;;
EVTNAME188164;The Sonderbund War;;;;;;;;;;;;;
EVTDESC188164;The_Sonderbund_was_in_violation_of_the_Federal_Treaty_of_1815,_which_expressly_forbade_such_separate_alliances,_and_the_Radical_majority_in_the_Federal_Diet_decided_to_dissolve_the_Sonderbund_in_$YEAR$._The_confederate_army_was_raised_against_the_members_of_the_Sonderbund._The_army_was_composed_of_soldiers_of_all_the_other_states_except_Neuchâtel_and_Appenzell_Innerrhoden_which_had_stayed_neutral._Ticino,_while_a_Catholic_canton,_did_not_join_the_Sonderbund_and_fought_with_the_Protestants._The_war_lasted_for_less_than_a_month,_causing_fewer_than_100_casualties._It_ended_with_the_victory_of...;;;;;;;;;;;;;
EVTNAME188165;The Sicilian Revolution;;;;;;;;;;;;;
EVTDESC188165;The_Congress_of_Vienna_reunited_the_kingdoms_of_Naples_and_Sicily_for_the_first_time_since_the_13th_century_as_the_Bourbon_Kingdom_of_the_Two_Sicilies._The_administration_of_the_island_was_brutal,_corrupt_and_inefficient._Dissatisfaction_spilled_over_into_open_revolution_three_times._In_$YEAR$_political_agitators_in_Palermo_circulated_a_pamphlet_which_called_on_all_Sicilians_to_rise_up_against_the_Bourbons_on_Ferdinand's_birthday._By_the_time_the_Bourbon_troops_arrived_by_sea,_the_revolutionaries_were_in_control_of_the_city_and_then_the_whole_island._As_the_Neapolitan_army_retreated,_those_with_a_more_defined_political_agenda_emerged_as_the_leaders_and_established_committees_in_an_effort_to_channel_and_control_the_momentum_of_the_uprising._They_demanded_that_Ferdinand_restore_the_1812_constitution,_an_appeal_which_attracted_support_from_the_middle_and_upper_classes._In_response,_the_king_offered_local_self-government_on_condition_that_Bourbon_sovereignty_remained,_but_the_revolutionaries_rejected_this_and_insisted_that_Sicily_should_have_complete_independence_from_Naples.;;;;;;;;;;;;;
EVTNAME188166;The Cretan Revolt;;;;;;;;;;;;;
EVTDESC188166;The_island_of_Crete_and_its_Greek_majority_have_been_the_center_of_numerous_revolts_in_recent_years._After_several_failed_attempts_at_union_with_Greece,_the_situation_reached_a_boiling_point._As_tension_ran_high_in_the_island,_and_several_petitions_to_the_Sultan_went_unanswered,_armed_bands_were_formed,_an_the_uprising_was_officially_proclaimed_in_$YEAR$._The_revolt_caused_immediate_sympathy_not_only_in_Greece,_but_also_elsewhere_in_Europe._Rebels_spread_throughout_the_rural_areas_of_Crete_and_have_taken_over_a_good_portion_of_the_island._It_is_now_up_to_us_to_decide_what_happens_to_them.;;;;;;;;;;;;;
EVTNAME188167;The Annexation of Eastern Rumelia;;;;;;;;;;;;;
EVTDESC188167;The_Congress_of_Berlin_left_Bulgaria_divided_into_two_sections:_the_area_north_of_the_Balkan_Mountains_and_Sofia_became_a_widely_autonomous_principality,_Eastern_Rumelia_between_the_Balkan_and_Rhodope_Mountains_gained_semi-autonomous_status_with_an_Ottoman_appointed_Christian_governor._Although_Bulgaria_was_technically_under_the_suzerainty_of_the_Sublime_Porte,_this_was_a_legal_fiction_that_Bulgaria_only_acknowledged_in_a_formal_way_and_acted_largely_as_a_de_facto_independent_state._In_$YEAR$,_a_rebellion_and_coup_in_Eastern_Rumelia,_led_by_Bulgarians,_saw_the_people_proclaim_a_union_with_the_state_of_Bulgaria._According_to_the_Berlin_Treaty_the_Sultan_was_only_allowed_to_send_troops_in_Eastern_Rumelia_at_the_request_of_the_governor,_who_at_the_time_was_a_Bulgarian_patriot_and_made_no_such_request._The_great_powers_seem_indifferent_about_the_whole_situation,_so_it's_up_to_us_to_decide_what_happens_next._Recognizing_the_annexation_would_only_solidify_Bulgaria's_de_facto_independent_status.;;;;;;;;;;;;;
EVTNAME188168;The Balkan League;;;;;;;;;;;;;
EVTNAME188169;The Balkan League;;;;;;;;;;;;;
EVTNAME188170;The Balkan War;;;;;;;;;;;;;
EVTNAME188171;The Treaty of London;;;;;;;;;;;;;
EVTDESC188173;$FROMCOUNTRY$_and_the_Balkan_League_is_currently_at_war_with_the_Ottoman_Empire._After_a_brief_period_of_diplomatic_confusion_we_are_happy_to_have_them_back_in_our_sphere.;;;;;;;;;;;;;
EVTDESC98410;Jewish_families_in_$PROVINCENAME$,_having_originally_arrived_in_$COUNTRY$_as_a_result_of_the_diaspora,_are_reportedly_planning_on_emigrating_to_Israel--_the_newly-established_Jewish_homeland_in_Madagascar._We_could_encourage_them_to_remain,_but_that_might_not_be_a_simple_matter.;;;;;;;;;;;;;
EVTDESC98418;Jewish_families_in_$PROVINCENAME$,_having_originally_arrived_in_$COUNTRY$_as_a_result_of_the_diaspora,_are_reportedly_planning_on_emigrating_to_Israel--_the_newly-established_Jewish_homeland_in_Patagonia._We_could_encourage_them_to_remain,_but_that_might_not_be_a_simple_matter.;;;;;;;;;;;;;
EVTDESC98426;Jewish_families_in_$PROVINCENAME$,_having_originally_arrived_in_$COUNTRY$_as_a_result_of_the_diaspora,_are_reportedly_planning_on_emigrating_to_Israel--_the_newly-established_Jewish_homeland_in_Guiana._We_could_encourage_them_to_remain,_but_that_might_not_be_a_simple_matter.;;;;;;;;;;;;;
EVTDESC98430;Jewish_families_in_$PROVINCENAME$,_having_originally_arrived_in_$COUNTRY$_as_a_result_of_the_diaspora,_are_reportedly_planning_on_emigrating_to_Israel--_the_newly-established_Jewish_homeland_in_Alaska._We_could_encourage_them_to_remain,_but_that_might_not_be_a_simple_matter.;;;;;;;;;;;;;
EVTDESC98438;Jewish_families_in_$PROVINCENAME$,_having_originally_arrived_in_$COUNTRY$_as_a_result_of_the_diaspora,_are_reportedly_planning_on_emigrating_to_Israel--_the_newly-established_Jewish_homeland_in_Uganda._We_could_encourage_them_to_remain,_but_that_might_not_be_a_simple_matter.;;;;;;;;;;;;;
EVTDESC98446;Jewish_families_in_$PROVINCENAME$,_having_originally_arrived_in_$COUNTRY$_as_a_result_of_the_diaspora,_are_reportedly_planning_on_emigrating_to_Israel--_the_newly-established_Jewish_homeland_in_Cyrenaica._We_could_encourage_them_to_remain,_but_that_might_not_be_a_simple_matter.;;;;;;;;;;;;;
EVTDESC98451;Jewish_families_in_$PROVINCENAME$,_having_originally_arrived_in_$COUNTRY$_as_a_result_of_the_diaspora,_are_reportedly_planning_on_emigrating_to_Israel--_the_newly-established_Jewish_homeland_in_Angola._We_could_encourage_them_to_remain,_but_that_might_not_be_a_simple_matter.;;;;;;;;;;;;;
EVTNAME188174;The Uruguayan Civil War;;;;;;;;;;;;;
EVTDESC188174;On_July_18,_1830,_Uruguay_enacted_its_first_constitution._Uruguay's_leaders_fiercely_protected_free_speech_within_the_nation's_parliament--even_when_legislators_voiced_views_that_directly_opposed_those_of_the_president._These_measures_did_not_mean_that_Uruguay's_early_decades_were_easy_or_calm,_however:_in_addition_to_threats_from_its_much_larger_neighbors,_the_young_nation_suffered_from_internal_strife._The_new_constitution_had_made_José_Fructuoso_Rivera_the_country's_first_president._When_his_political_rival,_Manuel_Oribe_became_president_in_1834,_Fructuoso_revolted_against_him._By_the_mid-1830s,_two_fiercely_opposed_political_parties_had_emerged_from_these_internal_struggles._Oribe_headed_a_group_called_the_Blancos,_who_mainly_represented_gauchos,_shepherds,_and_other_rural_citizens._Fructuoso_led_their_opponents,_the_Colorados,_who_were_more_supportive_of_the_residents_of_Montevideo_and_their_business_interests._As_battles_between_the_groups_increased,_the_rivalry_grew_into_a_civil_war.;;;;;;;;;;;;;
EVTNAME188175;The Uruguayan Civil War;;;;;;;;;;;;;
EVTDESC188175;Argentina_has_traditionally_held_the_right_to_intervene_in_Uruguayan_internal_affairs_as_it_sees_fit,_but_in_recent_months_the_liberal_Colorado_government_has_proven_to_be_increasingly_intransigent._The_rebel_leader_of_the_conservative_Blancos,_Manuel_Oribe,_has_approached_us_with_the_offer_of_an_alliance:_place_him_in_power_and_Argentina_has_a_firm_ally_in_Uruguay_once_again.;;;;;;;;;;;;;
EVTNAME188176;The $FROMCOUNTRY_ADJ$ Ultimatum;;;;;;;;;;;;;
EVTDESC188176;After_several_recent_political_conflicts_with_Argentina,_they_have_sent_an_ultimatum:_place_the_rebel_leader_of_the_Blancos_in_charge_of_the_government_or_there_will_be_war._There_are_many_in_the_government_who_feel_that_Argentina_cannot_be_serious._Uruguay_is_no_threat,_and_they_would_risk_angering_Brazil_with_an_invasion?_This_insulting_ultimatum_should_be_refused,_according_to_them.;;;;;;;;;;;;;
EVTNAME188177;Uruguay Rejects the Ultimatum;;;;;;;;;;;;;
EVTDESC188177;The_Uruguayan_government_has_rejected_our_demands._Perhaps_they_underestimate_our_willingness_to_see_this_matter_to_a_swift_end.;;;;;;;;;;;;;
EVTNAME188178;We Must Submit;;;;;;;;;;;;;
EVTDESC188178;We_have_no_choice_but_to_submit_to_the_Argentine_demands._The_Blancos_are_victorious.;;;;;;;;;;;;;
EVTNAME188179;The Colorados Have Surrendered;;;;;;;;;;;;;
EVTDESC188179;The_government_of_Uruguay_has_given_in_to_our_demands.;;;;;;;;;;;;;
EVTNAME46613;The State of Buenos Aires;;;;;;;;;;;;;
EVTDESC46613;Urquiza_was_not_a_unitarian,_but_another_federalist_like_Rosas._Thus,_the_unitarians_did_not_support_him,_but_opposed_him_as_they_did_Rosas._Urquiza's_ambition_to_reduce_the_national_centralism_of_Buenos_Aires_and_promote_a_higher_federalization_of_the_country_generated_conflicts_with_the_unitarians._Urquiza_called_the_San_Nicolás_Agreement,_so_that_all_provinces_agreed_to_convene_the_Constituent_Assembly._This_was_resisted_in_Buenos_Aires,_and_the_unitarians_took_advantage_of_a_temporary_absence_of_Urquiza_from_the_city_and_secede_Buenos_Aires_from_the_confederation._Negotiations_are_underway_since_then,_however_they_are_unwilling_to_give_up_their_demands.;;;;;;;;;;;;;
EVTNAME46614;The Argentine Republic;;;;;;;;;;;;;
EVTDESC46614;General_Urquiza_was_unable_to_defeat_the_Buenos_Aires_rebellion_and_General_Bartolomé_Mitre_has_assumed_control_of_the_government._The_president,_who_had_been_backed_by_Urquiza,_and_all_Federalist_governors_resigned,_and_the_Argentine_Confederation_was_replaced_by_the_Argentine_Republic.;;;;;;;;;;;;;
EVTNAME46615;General Mitre Defeated;;;;;;;;;;;;;
EVTDESC46615;The_rebellion_in_Buenos_Aires_has_been_put_down,_and_both_General_Mitre_and_his_liberal_supporters_have_been_captured_and_executed._Buenos_Aires_has_submitted_to_the_will_of_the_Federalists.;;;;;;;;;;;;;
EVTDESC98897;With_the_arrival_of_the_$COUNTRY_ADJ$_colonial_governor_into_$PROVINCENAME$,_an_effort_has_begun_to_incorporate_$COUNTRY_ADJ$_$STATENAME$_into_the_larger_Equatorial_Guinean_colony.;;;;;;;;;;;;;
EVTNAME44342;The Northwest Territories;;;;;;;;;;;;;
EVTDESC44342;The_land_north_of_the_60th_parallel_is_inhospitable_to_settlers,_but_there_is_a_growing_concern_that_should_the_$COUNTRY_ADJ$_government_not_move_to_fully_claim_the_territory_another_power_will_do_so._It_will_take_considerable_political_capital_to_convince_the_other_world_powers_of_$COUNTRY_ADJ$_dominion_in_the_north,_but_many_feel_we_must_make_the_effort...;;;;;;;;;;;;;
EVTNAME188187;The Federal War;;;;;;;;;;;;;
EVTDESC188187;After_1830,_several_factors_led_to_a_prolonged_period_of_political_instability,_including_social_problems_inherited_from_the_struggle_for_independence,_tensions_among_the_diverse_economic_and_political_groups,_a_succession_of_armed_movements_in_rural_areas,_and_hopes_for_change_in_the_centralist-federalist_model_of_government._The_Conservative_Party_advocated_a_strong_central_government._Its_supporters_consisted_of_the_commercial_elite._The_Liberals_argued_for_greater_regional_autonomy._Their_ranks_consisted_mostly_of_the_remnants_of_the_old_landed_aristocracy_and_of_the_urban_middle_class._After_José_Tadeo_Monagas_was_driven_from_power_by_a_revolution_in_$YEAR$_-_in_which_both_Liberals_and_Conservatives_participated_-_a_new_regime_was_set_up._However,_extreme_conservatives_took_power_and_created_a_more_oppressive_regime_than_that_of_Monagas._The_liberals_responded_in_uprising,_and_war_began._The_civil_war_ended_with...;;;;;;;;;;;;;
EVTNAME188188;The Durand Line;;;;;;;;;;;;;
EVTDESC188188;In_an_effort_to_secure_control_of_the_strategic_Khyber_Pass,_in_$YEAR$,_Great_Britain_dispatched_a_British_diplomat,_Mortimer_Durand,_to_negotiate_an_agreement_to_delineate_the_border_between_the_Emirate_of_Afghanistan_and_British_India._The_agreement_would_result_in_a_frontier_that_runs_from_the_Karakoram_Range_in_the_northeast_running_south_through_the_Spin_Ghar_mountains_before_turning_west_along_the_Chagai_Hills_to_the_border_with_Persia._The_new_border,_dubbed_the_Durand_Line,_would_divide_the_Pashtun_tribal_lands,_a_region_informally_referred_to_as_Pasthunistan_in_two,_with_half_of_the_Pashtun_tribal_region_now_part_of_British_India_and_the_balance_remaining_part_of_Afghanistan._The_Durand_Line_would_also_ensure_that_there_would_be_a_thin_strip_of_Afghanistan_running_to_the_Chinese_border,_thus_separating_the_Russian_Empire_from_British_India.;;;;;;;;;;;;;
EVTNAME188190;Concessions to Italy;;;;;;;;;;;;;
EVTNAME188191;Qatari-Bahraini War;;;;;;;;;;;;;
EVTDESC188191;Qatar_has_been_under_Bahraini_control_since_the_Al_Khalifa_family_captured_the_peninsula_in_1783._The_inhabitants_of_the_peninsula_did_not_feel_attachment_to_their_new_overlords_and_in_$YEAR$_they_rose_up_into_what_turned_into_a_major_rebellion.;;;;;;;;;;;;;
EVTNAME3721123;Louis Napoleon's Coup;;;;;;;;;;;;;
EVTDESC3721123;I_believe,_Louis_Napoleon_wrote,_"that_from_time_to_time,_men_are_created_whom_I_call_volunteers_of_providence,_in_whose_hands_are_placed_the_destiny_of_their_countries._I_believe_I_am_one_of_those_men._If_I_am_wrong,_I_can_perish_uselessly._If_I_am_right,_then_providence_will_put_me_into_a_position_to_fulfill_my_mission."_He_had_seen_the_popular_enthusiasm_for_Napoleon_Bonaparte_when_he_was_in_Paris,_and_he_was_convinced_that,_if_he_marched_to_Paris,_as_Napoleon_Bonaparte_had_done_in_1815_during_the_One_Hundred_Days,_France_would_rise_up_and_join_him._He_began_to_plan_a_coup_against_King_Louis-Philippe._He_planned_for_his_uprising_to_begin_in_Strasbourg._The_colonel_of_a_regiment_was_brought_over_to_the_cause._In_$YEAR$,_Louis_Napoleon_arrived_in_Strasbourg,_in_the_uniform_of_an_officer_of_artillery,_and_rallied_the_regiment_to_his_side._The_prefecture_was_seized,_and_the_prefect_arrested.;;;;;;;;;;;;;
EVTNAME46620;The Triple Alliance;;;;;;;;;;;;;
EVTNAME46621;The Triple Alliance Defeated;;;;;;;;;;;;;
EVTNAME46622;The Triple Alliance Victorious;;;;;;;;;;;;;
EVTNAME46625;The Future of Paraguay;;;;;;;;;;;;;
EVTNAME44828;The Treaty of Guadalupe Hidalgo;;;;;;;;;;;;;
EVTDESC44828;With_a_convincing_enough_victory_over_the_Mexicans,_we_are_able_to_force_them_to_the_negotiating_table_in_order_to_discuss_their_surrendering_of_all_claims_to_land_north_of_the_Rio_Grande--_in_exchange_for_a_fair_price,_of_course.;;;;;;;;;;;;;
EVTNAME46626;The Vásquez Cobo-Martins Treaty;;;;;;;;;;;;;
EVTNAME46627;The Salomón-Lozano Treaty;;;;;;;;;;;;;
EVTNAME975523;Los Altos Declares Independence;;;;;;;;;;;;;
EVTDESC975523;With_rebels_rampant_in_the_south,_it_has_become_next_to_impossible_for_the_government_to_maintain_order_in_Los_Altos._Government_authorities_have_withdrawn_as_locals_have_overtaken_the_capital_in_Quetzaltenango.;;;;;;;;;;;;;
EVTNAME975524;Panama Declares Independence;;;;;;;;;;;;;
EVTDESC975524;With_rebels_in_Costa_Rica_having_already_declared_its_independence_from_the_Federal_Republic,_it_has_become_next_to_impossible_for_the_government_to_maintain_order_in_southern_Panama._Government_authorities_have_withdrawn_as_locals_have_overtaken_the_capital_in_Panama_City.;;;;;;;;;;;;;
EVTNAME975525;Belize Declares Independence;;;;;;;;;;;;;
EVTDESC975525;With_rebels_rampant_in_the_south,_it_has_become_next_to_impossible_for_the_government_to_maintain_order_in_Belize._Government_authorities_have_withdrawn_as_locals_have_overtaken_the_capital_in_Belize.;;;;;;;;;;;;;
EVTNAME975526;Yucatan Declares Independence;;;;;;;;;;;;;
EVTDESC975526;With_rebels_in_Guatemala_having_already_declared_its_independence_from_the_Federal_Republic,_it_has_become_next_to_impossible_for_the_government_to_maintain_order_in_Yucatan._Government_authorities_have_withdrawn_as_locals_have_overtaken_the_capital_in_Mérida.;;;;;;;;;;;;;
EVTDESC2652;According_to_our_peace_treaty_with_$FROMCOUNTRY$,_we_must_dismantle_our_factories_and_cancel_all_constructions_and_recruitments_in_the_affected_states.;;;;;;;;;;;;;
EVTNAME188192;$YEAR$ Mount Lebanon Civil War;;;;;;;;;;;;;
EVTDESC188192;A_major_Maronite_peasant_uprising_began_in_Keserwan_against_their_Druze_overlords,_spilling_into_the_surrounding_countryside._This_has_prompted_mass_infighting_between_two_religious_sects,_with_thousands_of_Druze_and_Christians_dead_already,_and_the_Maronites_massacred_in_the_streets._The_international_community_has_now_taken_notice_and_demands_we_do_something_about_this,_but_it_is_up_to_us_to_decide.;;;;;;;;;;;;;
EVTNAME980081;Principality of Transylvania;;;;;;;;;;;;;
EVTDESC980081;The_Transylvanian_Diet_has_voted_for_affiliation_with_Hungary._With_the_subsequent_Austro-Hungarian_Compromise,_the_centuries-long_autonomous_status_of_Hungarian_nobility,_Székelys_and_Transylvanian_Saxons_ended_and_the_Grand_Principality_of_Transylvania_was_incorporated_into_Hungary_proper_within_the_Dual_Monarchy.;;;;;;;;;;;;;
EVTNAME2661;Our New Colonial Master;;;;;;;;;;;;;
EVTDESC2661;As_a_result_of_the_treaty_with_$FROMCOUNTRY$,_our_colonial_territory_is_now_under_the_control_of_another_great_power.;;;;;;;;;;;;;
EVTNAME2662;Our New Colony;;;;;;;;;;;;;
EVTDESC2662;The_colonial_territory_of_$FROMCOUNTRY$_is_now_under_our_control.;;;;;;;;;;;;;
EVTNAME188193;The Transylvanian Question;;;;;;;;;;;;;
EVTDESC188193;Transylvania_has_been_a_topic_of_long_dispute_between_Hungary_and_Romania._Hungarian-Romanian_relations_are_at_a_boiling_point,_but_luckily_$FROMCOUNTRY$_has_intervened_to_stop_an_impending_war._They_are_offering_us_an_arbitration_to_decide_the_future_of_Transylvania._If_we_do_agree,_however,_there_is_a_chance_we_could_lose_everything_we_have_now.;;;;;;;;;;;;;
EVTDESC188194;Hungary_and_Romania_have_both_asked_for_$COUNTRY_ADJ$_arbitration--it_is_up_to_us_now_to_decide_the_fate_of_Transylvania._We_should_be_able_to_come_up_with_a_fair_compromise_by_carefully_examining_geographic,_economic_and_ethnic_maps--or_ultimately_we_can_decide_which_country_is_more_valuable_to_us.;;;;;;;;;;;;;
EVTDESC188195;$FROMCOUNTRY$_has_decided_that_all_of_Transylvania_belongs_to_Hungary._This_is_certainly_not_the_result_we_were_hoping_for,_but_we_have_no_choice_but_to_accept_it--for_now,_at_least.;;;;;;;;;;;;;
EVTDESC188196;Our_sphere_owner_has_decided_that_all_of_Transylvania_belongs_to_us!_This_is_more_than_we_had_dared_hope_for._Truly_a_great_day_in_our_glorious_nation's_history!;;;;;;;;;;;;;
EVTDESC188197;$FROMCOUNTRY$_has_decided_that_all_of_Transylvania_belongs_to_Romania._This_is_certainly_not_the_result_we_were_hoping_for,_but_we_have_no_choice_but_to_accept_it--for_now,_at_least.;;;;;;;;;;;;;
EVTDESC188199;$FROMCOUNTRY$_has_decided_to_split_Transylvania_in_half._This_is_certainly_not_the_result_we_were_hoping_for,_but_we_have_no_choice_but_to_accept_it--for_now,_at_least.;;;;;;;;;;;;;
EVTNAME36983;Fate of the Franklin Expedition;;;;;;;;;;;;;
EVTDESC36983;In_$YEAR$,_a_document_has_been_found_in_a_cairn_left_by_Captain_Crozier_and_Captain_Fitzjames,_who_were_informing_the_Admiralty_that_Franklin_had_died,_and_the_remaining_survivors_were_heading_south_towards_the_Back_River_as_the_ships_had_been_trapped_in_the_ice_for_years._John_Rae_discovered_further_evidence_of_the_expedition's_fate._Rae_met_an_Inuk_who_told_him_of_a_party_of_35_to_40_white_men_who_had_died_of_starvation_near_the_mouth_of_the_Back_River._Other_Inuit_confirmed_this_story,_which_included_reports_of_cannibalism_among_the_dying_sailors._The_Inuit_showed_Rae_many_objects_that_were_identified_as_having_belonged_to_Franklin_and_his_men._It_seems_like_the_expedition_had_suffered_a_fate_as_terrible_as_the_imagination_can_conceive.;;;;;;;;;;;;;
EVTNAME36984;Franklin Expedition Found;;;;;;;;;;;;;
EVTDESC36984;In_$YEAR$,_survivors_of_the_Franklin_Expedition_have_been_found_near_the_Back_River._The_men_were_starving_and_suffering_from_serious_lead_poisoning,_which_probably_contributes_to_a_shocking_claim_they_made_about_a_giant_polar_bear_chasing_and_killing_them._Although_Franklin_himself_and_most_of_his_men_had_died,_finding_the_last_remaining_survivors_is_truly_a_great_miracle.;;;;;;;;;;;;;
EVTNAME46628;The Venezuelan Crisis of $YEAR$;;;;;;;;;;;;;
EVTNAME188201;The Kosovan Question;;;;;;;;;;;;;
EVTNAME188209;The Slovakian Question;;;;;;;;;;;;;
EVTNAME99401;Emperor Norton;;;;;;;;;;;;;
EVTNAME188217;The Vojvodinan Question;;;;;;;;;;;;;
EVTNAME188225;The Dobrudjan Question;;;;;;;;;;;;;
EVTNAME188233;The Eastern Macedonian Question;;;;;;;;;;;;;
EVTNAME187911;The Aberdeen Act;;;;;;;;;;;;;
EVTNAME187913;Escaped Slaves;;;;;;;;;;;;;
EVTDESC187913;\n\nEscaped_slaves_have_formed_a_Quilombo_in_this_province,_a_settlement_made_up_of_ex-slaves_in_hard-to-reach_places._It_might_be_some_time_before_we_can_root_them_out.;;;;;;;;;;;;;
EVTNAME187906;Union Restored;;;;;;;;;;;;;
EVTDESC187906;\n\nThe_independence_movement_in_New_York_has_been_defeated,_and_their_secession_annulled._Already_the_people_of_New_York_are_rejoining_their_true_countrymen_in_celebration.;;;;;;;;;;;;;
EVTNAME187907;Declaration of Independence;;;;;;;;;;;;;
EVTDESC187907;\n\nThe_independence_movement_in_New_York_has_been_defeated,_and_their_secession_annulled._Already_the_people_of_New_York_are_rejoining_their_true_countrymen_in_celebration.;;;;;;;;;;;;;
EVTDESC188241;$FROMCOUNTRY$_has_refused_our_generous_offer.;;;;;;;;;;;;;
EVTNAME37246;The Sale of Luxembourg;;;;;;;;;;;;;
EVTDESC37246;Luxembourg_has_been_a_vassal_of_the_Netherlands_since_the_Treaty_of_London,_and_recently_France_has_offered_to_buy_the_small_duchy_from_us_for_250,000¤._An_offer_like_this_would_certainly_help_our_financial_situation._What_should_be_our_answer?;;;;;;;;;;;;;
EVTNAME37248;The Luxembourg Crisis;;;;;;;;;;;;;
EVTDESC37248;Luxembourg_has_been_a_vassal_of_the_Netherlands_since_the_Treaty_of_London._Recently_France_has_offered_to_buy_the_small_duchy_from_King_William_III_of_the_Netherlands_who,_being_in_deep_financial_trouble,_has_accepted_the_offer._Luxembourg_has_a_sizeable_German_population,_and_as_the_leading_force_of_the_German_unification_it_is_our_duty_to_protect_all_Germans.;;;;;;;;;;;;;
EVTDESC37250;$FROMCOUNTRY$_has_opposed_our_attempt_to_buy_Luxembourg_from_the_Netherlands._They_are_threatening_France_with_war_if_we_don't_back_down._What_should_we_do?;;;;;;;;;;;;;
EVTDESC37251;Despite_our_objections,_France_has_refused_to_back_down_and_annexed_Luxembourg._We_have_no_choice_but_to_declare_war_now.;;;;;;;;;;;;;
EVTNAME37252;General Boulanger;;;;;;;;;;;;;
EVTDESC37252;A_graduate_of_the_Saint-Cyr_Military_Academy,_Georges_Boulanger_entered_the_army_in_1856_and_saw_service_in_Italy,_Algeria,_Indochina,_and_the_Franco-German_War._Wounded_in_suppressing_the_Paris_Commune,_he_was_appointed_brigadier_general_and_director_of_infantry._Two_years_later_he_was_appointed_to_command_the_army_in_North_Africa_but_was_recalled_because_of_differences_of_opinion_with_the_governor_of_the_protectorate._Returning_to_Paris,_he_began_to_take_part_in_politics_and_in_$YEAR$_he_entered_the_government_as_minister_of_war._He_won_popularity_in_the_army_through_various_reforms_(improvement_of_soldiers'_food_and_living_conditions,_and_so_on),_heavy_expenditures_on_the_army,_and_his_aggressive_hostility_towards_Germany._Boulanger_talked_of_avenging_the_defeat_that_France_had_suffered_in_the_conflict_with_the_Germans--which_earned_him_the_nickname_Général_Revanche--and_he_won_some_distinguished_adherents_by_his_denunciation_of_party_divisions_and_corruption.;;;;;;;;;;;;;
EVTNAME37253;The Rise of Boulangism;;;;;;;;;;;;;
EVTDESC37253;Boulanger_began_to_receive_unsolicited_electoral_support_in_special_elections_for_the_Chamber_of_Deputies._The_government_feared_his_support_and_assigned_him_to_an_obscure_military_outpost._He_gained_notoriety_by_his_bold_attacks_on_the_government,_his_demands_for_a_dissolution_of_the_Chamber_of_Deputies,_and_for_a_revision_of_the_constitution._He_was_deprived_of_his_command_in_$YEAR$_for_coming_to_Paris_twice_without_leave,_and_his_name_was_removed_from_the_army_list._He_was,_however,_almost_at_once_elected_to_the_chamber_for_the_Nord._The_radical_socialists,_who_seek_a_more_democratic_republic,_joined_hands_with_the_Royalists_and_the_Bonapartists,_who_hope_for_the_overthrow_of_the_republic,_in_pledging_him_their_support_and_thus_making_him_a_tool_in_the_hands_of_groups_hostile_to_the_existing_republican_dispensation._A_coup_d'état_seems_probable_and_desirable_among_his_supporters:_Boulanger_has_now_become_a_threat_to_the_parliamentary_republic.;;;;;;;;;;;;;
EVTNAME37254;Boulanger's Coup d'Etat;;;;;;;;;;;;;
EVTDESC37254;The_big_opportunity_for_Boulanger_came_in_$YEAR$_when_he_was_elected_in_Paris_by_an_overwhelming_majority._The_victory_was_clinched_by_the_royalist_and_radical_socialist_voters_all_casting_ballots_against_the_republic_as_constituted._A_crowd_around_30,000_of_his_supporters_gathered_outside_the_restaurant_where_Boulanger_and_his_committee_awaited_the_election_results._Urged_by_enthusiasts,_the_crowd_and_several_within_his_closest_circle_called_upon_Boulanger_to_lead_a_march_to_the_presidential_palace_and_stage_a_coup._There_is_nothing_we_can_do_to_stop_him_if_he_decides_to_seize_the_opportunity.;;;;;;;;;;;;;
EVTNAME37255;The Fate of Boulanger;;;;;;;;;;;;;
EVTDESC37255;Boulanger's_refusal_to_lead_the_coup_gave_his_enemies_the_time_they_needed_to_strike_back._Ernest_Constans,_the_Minister_of_the_Interior,_decided_to_investigate_the_matter,_and_attacked_the_League_of_Patriots_using_the_law_banning_the_activities_of_secret_societies._Shortly_afterward_the_French_government_issued_a_warrant_for_Boulanger's_arrest_for_conspiracy_and_treasonable_activity._To_the_astonishment_of_his_supporters,_he_fled_Paris_before_it_could_be_executed,_going_first_to_Brussels_and_then_to_London._The_Parliament_stripped_him_of_his_immunity_from_prosecution,_the_French_Senate_condemned_him_and_his_supporters,_Rochefort,_and_Count_Dillon_for_treason,_sentencing_all_three_to_deportation_and_confinement._After_his_flight,_support_for_him_dwindled,_and_the_Boulangists_were_defeated_in_the_elections._Boulanger_himself_returned_to_the_Ixelles_Cemetery_in_Brussels_to_commit_suicide_by_a_bullet_to_the_head_on_the_grave_of_his_mistress.;;;;;;;;;;;;;
EVTNAME37256;Boulanger's Constitutional Revision;;;;;;;;;;;;;
EVTDESC37256;After_defeating_all_resistance_and_successfully_consolidating_his_power,_Boulanger_could_finally_focus_on_his_promised_constitutional_revision._The_problem_is_his_groups_of_supporters_all_have_different_ideas_of_what_this_new_constitution_should_be:_the_radical_socialists_seek_a_a_stronger_republican_government_capable_of_achieving_social_reforms,_the_Orléanists_want_a_constitutional_monarchy_under_the_Count_of_Paris,_while_the_Bonapartists_want_to_restore_the_French_Empire._Of_course_he_could_always_listen_to_the_voices_who_say_he_is_the_only_one_capable_of_restoring_France_to_its_former_glory...;;;;;;;;;;;;;
EVTNAME10412;The Paris Commune;;;;;;;;;;;;;
EVTDESC10412;During_the_Franco-German_War,_the_people_of_Paris_have_prepared_for_an_eventual_siege_and_bought_canons,_manned_by_the_citizens_of_the_town._The_government,_fighting_off_the_Germans,_asked_for_the_weapons_to_be_seized_and_fitted_with_French_soldiers,_eventually_going_eastward_and_making_Paris_defenseless._As_the_tension_escalated,_a_large_part_of_the_population_has_formed_an_autonomous_collectivity_inside_the_city,_based_on_communist_ideas_of_equality_and_council-based_governing._While_the_government_stalled,_the_dissent_grew_and_now_other_cities_share_similar_situations._A_council_was_formed_inside_the_"Commune_of_Paris",_taking_progressive_decisions_directly_inspired_by_socialist_and_communist_theories._While_still_preparing_for_war,_they_have_arranged_a_society_with_free_press,_women_participation,_mandatory_education_and_welfare.;;;;;;;;;;;;;
EVTNAME188244;Statue of Liberty Destroyed!;;;;;;;;;;;;;
EVTNAME188245;The $YEAR$ Manifesto;;;;;;;;;;;;;
EVTDESC188245;\n\nThe_$YEAR$_Manifesto_declared_that_Russian_law_is_the_law_of_the_land,_and_Finland_has_to_pledge_allegiance_to_Russian_law._The_Diet_was_essentially_downgraded_to_a_state_assembly_and_that_Finland_is_a_province_of_Russia,_ignoring_its_autonomy._The_Finnish_Army_as_a_whole_will_be_dissolved_and_Finns_will_be_forced_to_serve_in_the_Russian_army._The_governor-general_of_Finland_has_threatened_a_military_invasion_and_siege_if_the_senate_would_oppose_these_changes.;;;;;;;;;;;;;