Key;English;French;German;Polish;Spanish;Italian;Swedish;Czech;Hungarian;Dutch;Portuguese;Russian;Finnish;
EVTNAME97084;The Andean War in the Pacific;;;;;;;;;;;;;
EVT97084OPTA;We shall not interfere.;;;;;;;;;;;;;
EVT97084OPTB;We already picked a side.;;;;;;;;;;;;;
EVTNAME90058;The Schleswig War;;;;;;;;;;;;;
EVTDESC90058;\n\nThe_Danish_are_fighting_the_Germans_in_their_intervention_in_Schleswig._Helping_our_Scandinavian_brothers_will_help_strengthen_the_bound_between_our_countries,_while_failing_to_help_them_might_gravely_hamper_our_efforts_for_an_united_Scandinavia.;;;;;;;;;;;;;
EVT90058OPTA;We will help.;;;;;;;;;;;;;
EVT90058OPTB;We will not get involved.;;;;;;;;;;;;;
EVTNAME199073;Tea Plantations in $PROVINCENAME$;;;;;;;;;;;;;
EVTDESC199073;\n\nWith_his_servant_Wang_walking_five_paces_ahead_to_announce_his_arrival,_Robert_Fortune,_dressed_in_his_mandarin_garb,_entered_the_gates_of_a_green_tea_factory._Wang_began_to_supplicate_frantically._Would_the_master_of_the_factory_allow_an_inspection_from_a_visitor,_an_honored_and_wise_official_who_had_traveled_from_a_far_province_to_see_how_such_glorious_tea_was_made?_In_1848,_the_British_East_India_Company_sent_Robert_Fortune_on_a_trip_to_China's_interior,_an_area_forbidden_to_foreigners._Fortune's_mission_was_to_steal_the_secrets_of_tea_horticulture_and_manufacturing._The_Scotsman_donned_a_disguise_and_headed_into_the_Wu_Si_Shan_hills_in_a_bold_act_of_corporate_espionage._The_results_can_be_seen_today_in_$PROVINCE$,_where_the_first_tea_plantations_are_yielding_their_first_harvest.;;;;;;;;;;;;;
EVTNAME44157;The Oregon War;;;;;;;;;;;;;
EVT6044157OPTA;The Americans will be defeated!;;;;;;;;;;;;;
EVTNAME11002;The $MONARCHTITLE$'s Speech;;;;;;;;;;;;;
EVTNAME11001;The Dissolution of the $COUNTRY_ADJ$ Upper House;;;;;;;;;;;;;
EVTNAME169002;Forceful Revocation of Directive No 1;;;;;;;;;;;;;
EVTDESC169002;\n\nSweeping_changes_took_place_in_$CAPITAL$_that_led_to_the_forceful_revocation_of_Directive_No_1.;;;;;;;;;;;;;
EVT169002OPTA;New beginnings for the $COUNTRY_ADJ$ people.;;;;;;;;;;;;;
EVTNAME169001;Hundreds of Thousands Killed in $COUNTRY_ADJ$-led Massacre;;;;;;;;;;;;;
EVTDESC169001;\n\nDuring_my_few_days_of_service_in_this_government_I've_learned_of_a_few_secrets_and_have_come_across_something_interesting._The_deportation_order_was_issued_through_official_channels_by_the_minister_of_the_interior_and_sent_to_the_provinces._Following_this_order_the_Central_Committee_circulated_its_own_ominous_order_to_all_parties_to_allow_the_gangs_to_carry_out_their_wretched_task._Thus_the_gangs_were_in_the_field,_ready_for_their_atrocious_slaughter..._The_'mission'_in_the_circular_was:_to_attack_the_convoys_and_massacre_the_population..._I_am_ashamed_as_a_$COUNTRY_ADJ$._What_a_stain_on_the_reputation_of_$COUNTRY$,_these_criminal_people...\nThe_first-hand_report_of_a_$COUNTRY_ADJ$_defector_made_the_newspapers_headlines_of_one_of_the_Great_Powers._Soon,_more_evidence_started_to_appear:_in_$CAPITAL$,_senior_government_officials_scramble_to_contain_the_damage_of_the_damning_report.;;;;;;;;;;;;;
EVT169001OPTA;This does not improve our image.;;;;;;;;;;;;;
EVTNAME169000;Mass Graves Found in $STATENAME$;;;;;;;;;;;;;
EVTDESC169000;\n\nMass_graves_where_found_in_$PROVINCENAME$,_the_bloody_result_of_a_$COUNTRY_ADJ$_purge_against_its_perceived_enemies._Throughout_the_whole_of_$STATENAME$,_the_situation_is_the_same._In_$CAPITAL$,_$COUNTRY_ADJ$_authorities_are_denying_any_knowledge_of_this_while_they_try_to_suppress_this_information_leaking_outside_of_$COUNTRY$._They_say_it_would_damage_the_$COUNTRY_ADJ$_reputation_and_is_best_to_deal_with_these_matters_internally._An_ongoing_government_investigation_has_failed_to_find_any_culprits.;;;;;;;;;;;;;
EVT169000OPTA;Who could be responsible for such an abomination?;;;;;;;;;;;;;
constitutional_crisis;Constitutional Crisis;;;;;;;;;;;;;
constitutional_crisis_desc;Constitutional rules were broken, leaving both Houses and the government in a bad position.;;;;;;;;;;;;;
EVTNAME6016818;Constitutional Crisis;;;;;;;;;;;;;
EVTDESC6016818;\n\nCountless_have_quietly,_orderly,_soberly,_peaceably_but_firmly_asked_of_their_rulers_to_do_justice:_and_their_rulers_have_turned_a_deaf_ear_to_that_protest._Countless_asked_permission_to_detail_their_wrongs,_and_enforce_their_claims_for_RIGHT,_and_the_'House'_has_resolved_they_should_not_be_heard!_Countless_of_the_slave-class_have_held_out_the_olive_branch_of_peace_and_sought_the_principle_of_EQUALITY_BEFORE_THE_LAW_-_and_the_privileged_have_refused_to_enter_into_a_treaty!_The_same_class_is_to_be_a_slave_class_still._The_assumption_of_inferiority_is_still_to_be_maintained._The_people_are_not_to_be_free.\nWhen_the_$COUNTRY_ADJ$_monarch_promised_the_people_the_right_to_vote,_they_were_expecting_their_voices_to_be_heard_-_instead,_the_monarch_overruled_the_election_results._In_$CAPITAL$,_a_crowd_clamors_for_their_rights_to_be_respected._This_blatant_disregard_of_the_$COUNTRY_ADJ$_constitution_is_spreading_unrest,_locking_the_government_and_damaging_our_international_reputation.;;;;;;;;;;;;;
EVT6016818OPTA;Ignore the rabble-rousers.;;;;;;;;;;;;;
EVTNAME33045;The $FROMCOUNTRY_ADJ$ Waning Influence;;;;;;;;;;;;;
EVTDESC33045;\n\n$FROMCOUNTRY$_is_removing_their_diplomats_from_$CAPITAL$_and_scaling_down_their_diplomatic_operations_in_$COUNTRY$._The_reason_seems_to_be_the_nascent_North_German_Federation_and_the_$FROMCOUNTRY_ADJ$_desire_to_maintain_good_relations_with_them._It_seems_like_the_future_of_Germany_lies_at_the_hands_of_the_North_German_Federation.;;;;;;;;;;;;;
EVT33045OPTA;What does the future hold?;;;;;;;;;;;;;
EVTNAME33044;The Peace of $CAPITAL$;;;;;;;;;;;;;
EVTDESC33044;\n\nIt_seems_the_creation_of_a_Northern-led_German_state_is_inevitable._With_the_formation_of_the_North_German_Federation,_out_position_as_the_main_power_in_Germany_is_quickly_waning._We_can_accept_this_change_and_try_to_work_together_with_the_North_German_Federation,_or_we_can_try_and_resist_this_change.;;;;;;;;;;;;;
EVT33044OPTA;It's time we look eastwards and to the Balkans.;;;;;;;;;;;;;
EVT33044OPTB;Never! Germany should be under $COUNTRY_ADJ$ rule.;;;;;;;;;;;;;
EVTNAME85032;Korean Monarchy Flees to Pyongyang;;;;;;;;;;;;;
EVTDESC85032;\n\nOur_forces_raided_Seoul_but_the_Joseon_monarchs_where_nowhere_to_be_found._They_fled_north_to_Pyongyang_and_vowed_to_fight_the_$COUNTRY_ADJ$_forces_to_the_end.;;;;;;;;;;;;;
EVT85032OPTA;Crush the Joseon!;;;;;;;;;;;;;
EVTNAME96124;Kuwait Becomes a $FROMCOUNTRY_ADJ$ Protectorate;;;;;;;;;;;;;
EVT961224PTA;Perfidious $FROMCOUNTRY_ADJ$!;;;;;;;;;;;;;
EVTNAME96123;Establishing a Protectorate Over Kuwait;;;;;;;;;;;;;
EVT961223PTA;We will offer our generous protection.;;;;;;;;;;;;;
EVT96123OPTB;We don't want to get involved.;;;;;;;;;;;;;
EVTNAME96122;Encroaching Foreign Influence;;;;;;;;;;;;;
EVT96122OPTA;Send an envoy to the Great Power.§R(Game Over for player)§W;;;;;;;;;;;;;
EVT96122OPTB;We don't need anyone.;;;;;;;;;;;;;
EVTNAME37244;$FROMCOUNTRY_ADJ$ Ultimatum Over Savoy;;;;;;;;;;;;;
EVTDESC37244;\n\nSavoy,_Savoie_or_Savoia_is_a_region_that_historically_straddled_the_frontiers_between_France_and_Italy._Despite_being_under_$COUNTRY_ADJ$_rule_for_centuries,_$FROMCOUNTRY$_claims_that_tens_of_thousands_of_$FROMCOUNTRY_ADJ$_citizens_are_living_in_Savoy_and_have_no_voice_in_$CAPITAL$._They_argue_that_the_region_would_have_fairer_rulers_under_$FROMCOUNTRY_ADJ$_administration_and_demand_that_we_hand_over_control_to_them.;;;;;;;;;;;;;
EVT37244OPTA;Savoy is an integral part of $COUNTRY$.;;;;;;;;;;;;;
EVT37244OPTB;We don't want to strain our relations with the $FROMCOUNTRY_ADJ$.;;;;;;;;;;;;;
EVT44330OPTD;No, and don't ask me again.;;;;;;;;;;;;;
EVTNAME91170;The Embassy is a Success!;;;;;;;;;;;;;
EVT91170OPTA;Fabulous!;;;;;;;;;;;;;
EVTNAME91171;The Embassy Fails, Japanese Delegation Shunned;;;;;;;;;;;;;
EVT91171OPTA;This is an outrage!;;;;;;;;;;;;;
EVTNAME91172;The Embassy is a Success!;;;;;;;;;;;;;
EVT91172OPTA;An absolute miracle!;;;;;;;;;;;;;
EVTNAME91173;The Embassy Misses its Mark;;;;;;;;;;;;;
EVT91173OPTA;You win some, you lose some.;;;;;;;;;;;;;
EVTNAME91174;The Embassy to America Succeeds!;;;;;;;;;;;;;
EVT91174OPTA;Excellent!;;;;;;;;;;;;;
EVTNAME91175;The Embassy to America Fails.;;;;;;;;;;;;;
EVT91175OPTA;What a load of nonsense!;;;;;;;;;;;;;
EVTNAME91176;The Embassy to Europe Has Been Terminated!;;;;;;;;;;;;;
EVT91176OPTA;Figures.;;;;;;;;;;;;;
EVTNAME91177;The Second Embassy to Europe Has Been Terminated!;;;;;;;;;;;;;
EVT91177OPTA;Figures.;;;;;;;;;;;;;
EVTNAME91178;The Embassy to America Has Been Terminated!;;;;;;;;;;;;;
EVT91178OPTA;Figures.;;;;;;;;;;;;;
EVTNAME91179;The Normanton Incident;;;;;;;;;;;;;
EVT91179OPTA;We'd best tread lightly and get Britain on our good side.;;;;;;;;;;;;;
EVT91179OPTB;Britain will not get away with this.;;;;;;;;;;;;;
EVT91179OPTC;We should request an end to extraterritoriality.;;;;;;;;;;;;;
EVTNAME91180;Japan Opens Diplomacy over Normanton Incident;;;;;;;;;;;;;
EVT91180OPTA;Smart choice!;;;;;;;;;;;;;
EVTNAME91181;Japan Acts Belligerant after Normanton Incident;;;;;;;;;;;;;
EVT91181OPTA;They are welcome to try.;;;;;;;;;;;;;
EVTNAME91182;Japan Petitions for End to Extraterritoriality;;;;;;;;;;;;;
EVT91182OPTA;This was a tragedy. We will grant Japan their wish.;;;;;;;;;;;;;
EVT91182OPTB;One does not simply ask Britain to respect their sovereignty.;;;;;;;;;;;;;
EVTNAME91183;Britain Cancels Extraterritoriality!;;;;;;;;;;;;;
EVT91183OPTA;Nippon banzai!;;;;;;;;;;;;;
EVTNAME91184;Britain Upholds Extraterritoriality;;;;;;;;;;;;;
EVT91184OPTA;What a bunch of cheating scoundrels.;;;;;;;;;;;;;
EVTNAME91185;The Harris Treaty;;;;;;;;;;;;;
EVT91185OPTA;Once again, we have little choice.;;;;;;;;;;;;;
EVT91185OPTB;They will have to take their trading rights from our cold, dead hands!;;;;;;;;;;;;;
EVTNAME91186;Japan Accepts the Harris Treaty;;;;;;;;;;;;;
EVT91186OPTA;Good on them.;;;;;;;;;;;;;
EVTNAME91187;Japan Refuses the Harris Treaty;;;;;;;;;;;;;
EVT91187OPTA;And we will oblige! §RGain 2 infamy§W;;;;;;;;;;;;;
EVT91187OPTB;Such a war isn't worth it.;;;;;;;;;;;;;
EVTNAME961000;$COUNTRY_ADJ$-$FROMCOUNTRY_ADJ$ Colonial Treaty;;;;;;;;;;;;;
EVTNAME9712004;Joining Forces with $FROMCOUNTRY$;;;;;;;;;;;;;
EVT9712004OPTA;We welcome them with open arms.;;;;;;;;;;;;;
EVTNAME971203;$FROMCOUNTRY$'s Shifting Allegiance;;;;;;;;;;;;;
EVT971203OPTA;We accept their pledge.;;;;;;;;;;;;;
EVT971203OPTB;Can we really trust someone who betrays their masters so easily?;;;;;;;;;;;;;
EVTNAME971202;$FROMCOUNTRY$'s Betrayal;;;;;;;;;;;;;
EVT971202OPTA;Damn them!;;;;;;;;;;;;;
EVTNAME971201;A Shift in the Balance of $COUNTRY_ADJ$ Politics;;;;;;;;;;;;;
EVT971201OPTA;We should look for new overlords.;;;;;;;;;;;;;
EVT971201OPTB;This is the opportunity we needed to free ourselves from our shackles.;;;;;;;;;;;;;
EVT971201OPTC;We should join forces with our brethren. §R(Game Over for player)§W;;;;;;;;;;;;;
EVT971201OPTD;We have faith in our protectors.;;;;;;;;;;;;;
EVTNAME22592;Forts Close in $STATENAME$;;;;;;;;;;;;;
EVTDESC22592;\n\nIf_one_in_$YEAR$_were_to_look_at_the_state_of_the_$COUNTRY_ADJ$_line_of_defenses_in_$PROVINCENAME$,_what_they_would_see_is_a_multitude_of_abandoned_bases_and_unmanned_fortifications_occupied_only_by_squatters._A_fortification_is_something_tricky_to_maintain_-_not_only_it_needs_regular_assessment_of_the_integrity_of_walls_and_gates,_but_also_a_constant_supply_of_new_armaments,_supplies_and_tools_for_repair._If_one_of_these_ingredients_are_missing,_the_structures_become_useless_and_the_military_corps_are_powerless_to_stop_decay_from_setting_in._After_several_years_of_hardship,_what_is_seen_in_$STATENAME$_is_this_picture,_a_consequence_of_the_disastrous_bankruptcy_that_is_crushing_$COUNTRY$.;;;;;;;;;;;;;
EVTNAME22591;Overgrown Railways in $STATENAME$;;;;;;;;;;;;;
EVTDESC22591;\n\nWhat_once_was_one_of_the_arteries_of_$COUNTRY_ADJ$_industry,_the_railway_in_$PROVINCENAME$_fell_into_such_disrepair_that_its_path_is_barely_visible_and_its_tracks_are_unusable._Economic_recession_has_hit_$STATENAME$_harshly_for_the_last_years_and_without_money_from_$CAPITAL$_being_invested,_most_of_the_railways_in_$STATENAME$_are_in_such_a_state_that_they_will_need_to_be_rebuilt_to_become_train-worthy_again.;;;;;;;;;;;;;
EVTNAME6016817;$COUNTRY_ADJ$ Imperialism in $FROMCOUNTRY$;;;;;;;;;;;;;
EVTDESC6016817;\n\nWe_have_a_colonial_claim_in_the_$FROMCOUNTRY$_region,_that_is,_in_all_states_in_that_region._It_is,_most_likely,_an_excuse:_some_old_ruler_passed_away,_stopping_infighting_and_killing,_unpaid_debts,_harassment_of_$COUNTRY_ADJ$_citizens_and_merchants._No_matter_the_reason,_what_matters_is_that_we_have_a_new_reason_to_expand_$COUNTRY_ADJ$_influence_in_$FROMCOUNTRY$'s_region_and_bring_it_in_the_fold.\n\n§RThis_event_is_to_warn_that_the_Imperialism_CB_is_available_for_you_in_one_or_more_of_the_following_country_regions:_Mozambique,_Algiers,_Yemen,_Indonesia,_Laos,_Cambodia,_Burma,_Vietnam_or_Malaysia._The_CB_doesn't_need_to_be_constructed,_gives_0.5_to_2_infamy_and_has_a_random_truce_from_1_to_5_years._This_event_will_not_appear_again._The_region_is_one_you_have_a_stake_in_-_you_already_own_a_province_or_own_a_nearby_province.;;;;;;;;;;;;;
EVT6016817OPTA;March to $FROMCOUNTRY$!;;;;;;;;;;;;;
EVTNAME22590;$PROVINCENAME$ Old Naval Base;;;;;;;;;;;;;
EVTDESC22590;\n\nA_half_abandoned_leviathan_stuck_in_the_coast._That_is_how_locals_in_$PROVINCENAME$_describe_the_decrepit_facilities_of_the_old_naval_base_that_used_to_be_a_local_asset_strategically_important_for_the_$COUNTRY_ADJ$_government._In_truth,_the_naval_base_has_been_in_decline_for_a_long_while_and_the_government_defaulting_is_just_the_rock_bottom._Hit_with_a_severe_economic_recession_in_$YEAR$,_$COUNTRY_ADJ$_politicians_in_$CAPITAL$_have_no_money_to_spend_on_repairing_and_maintaining_non-essential_staff_and_facilities.;;;;;;;;;;;;;
EVT22590OPTA;The $COUNTRY_ADJ$ will rise again.;;;;;;;;;;;;;
EVTNAME2571;$FROMCOUNTRY_ADJ$ Living Space;;;;;;;;;;;;;
EVTDESC2571;\n\nIn_line_with_their_ideology,_the_$FROMCOUNTRY_ADJ$_government_is_making_overt_aggressive_gestures_and_statements_over_our_lands_in_a_bid_to_tout_their_ideology_to_the_$FROMCOUNTRY_ADJ$_people._They_claim_$COUNTRY_ADJ$_territories_are_part_of_their_"living_space",_raising_tensions_in_the_region_and_worrying_senior_figures_in_$CAPITAL$_that_a_war_with_$FROMCOUNTRY$_is_looming._They_may_be_bluffing,_but_that_is_not_a_sure_thing_until_war_breaks_out.;;;;;;;;;;;;;
EVTNAME70006;$COUNTRY_ADJ$ Non-organized Territories;;;;;;;;;;;;;
EVTNAME199072;Production in Equatorial Guinea;;;;;;;;;;;;;
EVTNAME1990731;Production in Liberia;;;;;;;;;;;;;
EVTNAME199071;Production in Cambodia;;;;;;;;;;;;;
EVTDESC199071;Now_that_Cambodia_is_fully_in_our_hands,_the_opportunity_to_shift_its_production_out_of_agriculture_for_the_internal_market_to_an_exportation-driven_model_was_put_forward_by_several_$COUNTRY_ADJ$_companies._In_$CAPITAL$,_discussions_began_with_several_companies_putting_forward_proposals_on_what_to_focus_and_what_to_incentive._From_the_jungles_of_South_East_Asia,_a_new_era_for_agriculture_in_the_Cambodia_provinces_are_dawning_-_one_where_rice_and_rubber_will_play_a_vital_role,_but_one_that_we_can_steer.;;;;;;;;;;;;;
EVTNAME199070;Production in Laos;;;;;;;;;;;;;
EVTDESC199070;Now_that_Laos_is_fully_in_our_hands,_the_opportunity_to_shift_its_production_out_of_agriculture_for_the_internal_market_to_an_exportation-driven_model_was_put_forward_by_several_$COUNTRY_ADJ$_companies._In_$CAPITAL$,_discussions_began_with_several_companies_putting_forward_proposals_on_what_to_focus_and_what_to_incentive._From_the_jungles_of_South_East_Asia,_a_new_era_for_agriculture_in_the_Laos_provinces_are_dawning.;;;;;;;;;;;;;
EVTNAME199069;Production in Malaysia;;;;;;;;;;;;;
EVTDESC199069;Now_that_Malaysia_is_fully_westernized,_the_opportunity_to_shift_its_production_out_of_agriculture_for_the_internal_market_to_an_exportation-driven_model_was_put_forward_by_several_$COUNTRY_ADJ$_companies._In_$CAPITAL$,_discussions_began_with_several_companies_putting_forward_proposals_on_what_to_focus_and_what_to_incentive._From_the_jungles_of_South_East_Asia,_a_new_era_for_agriculture_in_the_Malay_provinces_are_dawning.;;;;;;;;;;;;;
EVTNAME16461;The Back to Africa Movement Succeeds;;;;;;;;;;;;;
EVTDESC16461;The_$COUNTRY_ADJ$_Colonization_Society_announced_today_in_$CAPITAL$_that,_thanks_to_the_help_of_the_$COUNTRY_ADJ$_government,_their_task_of_repatriating_Africans_was_a_resounding_success_-__there's_isn't_a_single_African_in_$COUNTRY_ADJ$_core_territory._Many_of_the_so-called_democratic_countries_condemned_our_methods_but_their_effectiveness_was_tested_and_proved.;;;;;;;;;;;;;
EVTNAME16460;$PROVINCENAME$'s African Community;;;;;;;;;;;;;
EVTDESC16460;With_the_"Back_to_Africa"_act_in_full_force,_police_in_$PROVINCENAME$_have_been_trying_to_round_all_African-$COUNTRY_ADJ$_they_can_for_the_forceful_resettlement._Many,_however,_are_hiding_in_the_country_side_or_escape_during_transportation_to_port._An_underground_network_of_support_to_avoid_the_resettlement_is_also_rumored_to_be_operating_in_$STATENAME$._This_means_that,_despite_the_best_efforts_of_the_$COUNTRY_ADJ$_police,_our_efforts_to_resettle_the_African_community_in_$PROVINCENAME$_might_fail.;;;;;;;;;;;;;
EVTNAME33043;Ostflucht;;;;;;;;;;;;;
EVTDESC33043;The_Ostflucht_(flight_from_the_East)_is_the_name_being_given_to_the_migration_of_Germans_and_Poles_from_the_eastern_parts_of_Germany_to_more_industrialized_regions_in_central_and_western_Germany._The_causes_of_this_migration_are_still_being_studied,_with_the_most_preeminent_of_the_scholars_being_one_Max_Weber,_but_it's_theorized_that_a_drop_in_attractiveness_to_migrate_to_America_combined_with_an_increased_demand_for_industrial_workforce_in_other_parts_of_Germany,_increased_birth-rates_among_the_poles_and_poverty_in_East_Germany_are_the_main_driving_factors_for_this_phenomenon._With_no_signs_of_abating,_politicians_in_$CAPITAL$_are_scrambling_to_pass_legislation_to_mitigate_its_effects_including_limiting_sale_of_estates_to_Germans_only.;;;;;;;;;;;;x_;
EVT33043OPTA;How many more can come?;;;;;;;;;;;;;
EVTNAME971205;Instability in $COUNTRY$;;;;;;;;;;;;;
EVTDESC971205;As_the_Johor_Empire_fell_apart_with_the_loss_of_the_Riau-Lingga_territories,_the_successor_states_and_the_rump_Johor_Sultanate_were_beset_by_adversities._Piracy,_wars,_succession_crisis_and_internal_strife_meant_that_the_monarchs_in_the_Malay_region_were_under_constant_threat_of_losing_their_power,_or_worse._This_is_no_exception_for_$COUNTRY$,_where_our_most_senior_advisors_now_concocted_a_plan_to_reach_out_to_a_foreign_power_as_a_mean_to_increase_stability.;;;;;;;;;;;;;
EVT971205OPTA;Put the plan in motion.;;;;;;;;;;;;;
EVTNAME971206;The $FROMCOUNTRY_ADJ$ Sultan's Request;;;;;;;;;;;;;
EVTDESC971206;As_the_Johor_Empire_fell_apart_with_the_loss_of_the_Riau-Lingga_territories,_the_successor_states_and_the_rump_Johor_Sultanate_were_beset_by_adversities._Piracy,_wars,_succession_crisis_and_internal_strife_meant_that_the_monarchs_in_the_Malay_region_were_under_constant_threat_of_losing_their_power,_or_worse._In_$YEAR$_the_Sultan_of_$FROMCOUNTRY$_went_to_$CAPITAL$_seeking_recognition_of_the_$COUNTRY_ADJ$_rulers_over_his_sultanate_as_well_as_some_form_of_recognition_of_$FROMCOUNTRY$'s_independence_with_a_treaty_of_friendship._The_Sultanate_was_shaken_by_internal_and_external_threats_and_the_once_proud_kingdom_is_now_a_shell_of_its_former_self,_weak_and_fragile._By_accepting_the_Sultan's_request,_signing_a_friendship_treaty_and_formally_crowning_him_as_the_$FROMCOUNTRY_ADJ$_Sultan_we_will_be_able_to_establish_a_protectorate_over_$FROMCOUNTRY$.;;;;;;;;;;;;;
EVT971206OPTA;We will gladly extend our graces to $FROMCOUNTRY$.;;;;;;;;;;;;;
EVT971206OPTB;We have no interest in $FROMCOUNTRY$ politics.;;;;;;;;;;;;;
EVTNAME96096;$COUNTRY_ADJ$ $FROMCOUNTRY$;;;;;;;;;;;;;
EVTNAME70005;$COUNTRY_ADJ$ Dismantlement;;;;;;;;;;;;;
EVT70005OPTA;Damn them!;;;;;;;;;;;;;
EVTNAME6016816;The Long War;;;;;;;;;;;;;
EVTDESC6016816;We've_been_too_long_in_a_war._The_international_community_at_large_suspects_that_our_war_is_an_extermination_campaign_against_our_enemies,_and_one_after_the_other_they_move_to_condemn_it._In_$CAPITAL$,_support_for_the_long_war_is_slowly_draining_for_the_last_few_years_as_the_$COUNTRY_ADJ$_people_are_turning_more_and_more_against_it.;;;;;;;;;;;;;
EVT6016816OPTA;We need to wrap this up immediately.;;;;;;;;;;;;;
EVTNAME13250;$FROMCOUNTRY$ Free-Trade!;;;;;;;;;;;;;
EVTNAME12020;The Girl from the Coal Pits;;;;;;;;;;;;;
EVTDESC12020;\n\nThe_coal_laden_tub_must_have_weighed_heavily_on_her_body,_fragile_and_worn_from_many_years_of_arduous_labor_in_the_coal_pits,_for_her_feet_could_no_longer_carry_her._There,_in_the_dark,_where_the_shafts_go_countless_fathoms_deep,_she_slipped_and_fell.'\n\nAnother_young_girl_has_lost_her_life_in_a_coal_mining_accident_in_one_of_our_provinces,_and_the_particular_tragedy_of_the_case_has_received_national_attention.;;;;;;;;;;;;;
EVTNAME12030;Production Shortfalls;;;;;;;;;;;;;
EVTDESC12030;\n\nOne_of_our_munitions_factories_has_experienced_a_severe_shortfall_in_production_over_the_past_three_months,_which_has_gone_unreported_for_fear_of_causing_alarm_among_investors_and_local_industrial_magnates._By_covering_the_factory's_losses_with_materials_from_the_national_stockpile,_we_could_be_perceived_as_saving_local_jobs.;;;;;;;;;;;;;
EVTNAME12050;Tea Weighing Station Robbed;;;;;;;;;;;;;
EVTDESC12050;\n\nThe_central_tea_weighing_station_in_one_of_our_tea_producing_provinces_has_been_held_up_by_armed_thugs._Some_locals_speculate_that_harsh_times_in_the_province_might_have_provoked_local_farmers,_tired_of_seeing_local_distributors_and_retailers_eating_away_at_their_profits,_to_rob_the_station._Whatever_the_cause_may_be,_we_need_to_address_the_situation.;;;;;;;;;;;;;
EVTNAME12060;Feed The Hungry Soldiers;;;;;;;;;;;;;
EVTDESC12060;\n\nWhile_the_war_rages,_every_can_that_rolls_off_the_production_line_from_a_local_'Canned_Food_&_Preservatives_Ltd.'_is_as_important_as_a_cannonball_or_a_rifle._The_food_is_reportedly_excellent,_and_very_popular_among_our_soldiers._So_popular,_in_fact,_that_the_General_Staff_has_commissioned_another_massive_order_from_the_factory.;;;;;;;;;;;;;
EVTNAME12070;Old Canned Food;;;;;;;;;;;;;
EVTDESC12070;\n\nThe_Quartermaster_General_reports_the_discovery_of_a_forgotten_cache_of_canned_foodstuffs_in_an_army_stockpile_in_$PROVINCENAME$._The_content_of_the_cans_is_still,_despite_being_several_years_old,_apparently_quite_edible._What_should_we_do_with_the_15_tonnes_of_canned_food?;;;;;;;;;;;;;
EVTNAME12080;Bovine Fever;;;;;;;;;;;;;
EVTNAME12090;Death in the Silk Fields;;;;;;;;;;;;;
EVTDESC12090;\n\nThe_cocoons_shrivel_and_die,_and_what_little_thread_there_is_on_them_fails_to_coagulate_properly,_and_unravels_at_the_slightest_breeze._Something_is_awry_in_the_silk_fields,_and_even_our_best_chemists_have_not_been_able_to_find_a_cure_for_the_disease_that_plagues_our_farms._Local_silk_farmers_are_outraged,_and_call_upon_the_government_to_act.;;;;;;;;;;;;;
EVTNAME12100;A Cure!;;;;;;;;;;;;;
EVTDESC12100;\n\nA_chemist_of_no_small_renown_has_invented_a_cure_for_the_disease_that_has_been_plaguing_our_silk_farms_and,_even_better,_with_government_support_the_cure_could_be_exported_to_all_our_provinces,_should_more_of_them_be_affected_by_this_nasty_illness.;;;;;;;;;;;;;
EVTNAME12110;In Them Old Cotton Fields;;;;;;;;;;;;;
EVTDESC12110;\n\nThe_cotton_produced_in_one_of_our_provinces_is_of_the_highest_possible_quality_and_strength._So_strong,_in_fact,_is_the_cotton,_that_the_white_balls_harvested_there_have_begun_building_quite_a_reputation_for_themselves_as_being_some_of_the_best_available_in_the_world._The_reputation_has_built_for_quite_some_time,_and_local_farmers_have_begun_taking_pride_in_the_fact_that,_in_the_world_of_cotton,_$COUNTRY_ADJ$_cotton_is_a_byword_for_quality.;;;;;;;;;;;;;
EVTNAME12120;Iron and Blood;;;;;;;;;;;;;
EVTDESC12120;\n\nNot_by_speeches_and_votes_of_the_majority,_are_the_great_questions_of_the_time_decided,_but_by_iron_and_blood.'\n-Otto_von_Bismarck\n\nA_new,_rich_lode_of_minerals_has_been_discovered_in_the_$PROVINCENAME$_mine._While_the_vein_is_rich,_it_is_also_located_on_a_perilous_depth_that_is_just_beyond_the_reach_of_our_present_mining_technology._We_could_attempt_to_extract_the_ore,_but_doing_so_will_carry_with_it_a_cost_in_lives_and_blood.;;;;;;;;;;;;;
EVTNAME12130;Cottage Industry;;;;;;;;;;;;;
EVTDESC12130;\n\nThe_wool_district_in_one_of_our_provinces_became_a_hub_of_activity_lately,_as_more_and_more_little_cottage_weaveries_are_springing_up_across_the_province._While_the_folk_in_the_province_have_always_been_known_as_a_thrifty_kind,_the_ready_access_to_some_of_the_world's_best_wool_might_also_explain_this_flurry_of_activity.;;;;;;;;;;;;;
EVTNAME12140;Clipper Boom;;;;;;;;;;;;;
EVTDESC12140;\n\nThe_wharves,_quays,_and_drydocks_in_one_of_our_provinces_are_abuzz_with_the_rings_of_hammers_and_the_songs_of_saws,_as_the_local_factory_struggles_to_keep_up_with_new_orders_for_clipper_ships_that_are_pouring_in_from_all_over_the_world._Efficient_work_processes_and_management,_combined_with_excellent_craftsmanship_and_seamanship,_have_led_the_province_to_produce_more_and_better_ships_than_during_any_year_previous!_Perhaps_this_is_the_time_to_rest_on_the_laurels,_but,_then_again,_the_future_is_always_an_uncertainty.;;;;;;;;;;;;;
EVTNAME12150;Boiler Explodes!;;;;;;;;;;;;;
EVTNAME12160;Standard Local Cement;;;;;;;;;;;;;
EVTDESC12160;\n\nOne_of_our_provinces_has_been_making_quite_a_name_for_itself_in_the_cement_industry_over_the_past_few_years._What_started_out_as_smalltime_production_in_a_family_business_has_now_grown_to_an_industry_big_enough_to_support_the_entire_province,_and_the_name_'Standard_$COUNTRY_ADJ$_Cement'_is_becoming_a_household_name._$COUNTRY_ADJ$_cement_recipes_are_being_admired_and_imitated_across_the_world!;;;;;;;;;;;;;
EVTNAME12170;Dyeworks Accident;;;;;;;;;;;;;
EVTDESC12170;\n\nSeveral_workers_died_today_at_the_one_of_our_dyeworks,_when_an_industrial_sized_tub_of_hot_dye_accidentally_spilled_out_over_the_workshop_floor_and_the_unsuspecting_workers._Locals_are_upset_about_the_incident,_claiming_that_the_poor_safety_regulations_in_the_hot_and_dangerous_workplace_are_to_blame_for_the_accident,_and_are_urging_the_government_to_take_action._As_rescue_workers_left_the_scene,_several_workshop_employees_were_left_dying.;;;;;;;;;;;;;
EVTNAME12180;Cistern Explodes!;;;;;;;;;;;;;
EVTDESC12180;\n\nA_fuel_cistern_in_one_of_our_refineries_exploded_today_for_reasons_yet_unknown,_and_the_lives_of_seven_workers_were_claimed_in_the_ensuing_conflagration,_along_with_thousands_of_dollars_worth_in_company_property._The_refinery_owner_has_washed_his_hands_of_any_responsibility_for_the_accident,_claiming_instead_that_government_safety_inspections_have_been_lacking.;;;;;;;;;;;;;
VTNAME12190;Overproduction at the Refinery;;;;;;;;;;;;;
EVTDESC12190;\n\nOne_of_our_refineries_has_been_doing_well_lately,_with_production_exceeding_expected_quotas_by_several_thousand_gallons._Due_to_storage_problems,_the_refinery_owner_has_approached_the_government_with_a_deal_to_buy_the_fuel_at_a_steep_discount._We_could_either_buy_the_fuel_ourselves,_or_turn_him_down_and_wait_for_him_to_float_the_cheap_fuel_on_the_market._The_local_impact_of_cheap_fuel_should_make_the_locals_fairly_happy,_but_we_could_probably_use_the_fuel_ourselves.;;;;;;;;;;;;;
EVTNAME12200;Tragedy at the Mine;;;;;;;;;;;;;
EVTDESC12200;\n\nAnother_tragic_day_for_our_laborers_today,_as_an_accident_was_reported_as_having_claimed_several_lives_in_one_of_our_iron_mines._Several_workers_have_been_reported_injured,_and_some_are_still_missing._A_faulty_support_beam_in_the_mine_collapsed_to_cause_the_accident,_reports_say._The_incident_is_bound_to_raise_at_least_a_local_debate_on_working_conditions_in_our_mines.;;;;;;;;;;;;;
EVTNAME12210;The Old Man and The Sea;;;;;;;;;;;;;
EVTDESC12210;\n\nA_fisherman_off_the_$COUNTRY_ADJ$_coast_has_brought_in_an_enormous_catch_today._His_trawler_is_practically_teeming_with_the_riches_of_the_richest_of_oceans_as_he_anchors_in_the_harbor,_and_fairly_soon_other_fishermen_are_able_to_repeat_his_example._The_fishing_is_unusually_good_of_the_$COUNTRY_ADJ$_this_year,_it_seems.;;;;;;;;;;;;;
EVTNAME12220;All the Tea in $COUNTRY$;;;;;;;;;;;;;
EVTDESC12220;\n\nThe_tea_harvest_is_unusually_large_this_year,_and_nowhere_is_it_larger_than_in_$COUNTRY$._Everywhere_one_ventures,_sacks_and_sacks_again_stand_lined_up,_brimming_with_freshly_picked_leaves_of_wonderfully_smelling_tea._This_harvest_will_probably_set_us_straight_for_years_if_we're_capable_of_leveraging_it_right._Should_we_let_the_farmers_keep_an_extra_portion_of_the_harvest,_let_our_merchants_sell_it_for_profit,_or_should_we_stockpile_it_for_later_use?;;;;;;;;;;;;;
EVTNAME12230;$COUNTRY_ADJ$ Radio;;;;;;;;;;;;;
EVTDESC12230;\n\nA_local_radio_station_is_facing_a_shortage_of_radio_components_for_their_transmitters,_and_have_been_forced_to_cease_broadcasts_until_the_situation_is_resolved._Local_authorities_have_suggested_lending_some_of_the_government's_radio_components_to_the_station,_as_it_fears_that_the_local_populace_will_be_alarmed_by_a_lack_of_news_from_the_front.;;;;;;;;;;;;;
EVTNAME12240;In The Drunk Tank;;;;;;;;;;;;;
EVTDESC12240;\n\nMore_and_more_social,_religious_and_educational_institutions_in_$COUNTRY$,_primarily_from_the_educated_middle_classes,_are_coming_to_see_the_influence_of_alcohol_on_our_society_as_a_moral_and_social_wrong._Pointing_at_the_effects_and_costs_in_terms_of_broken_homes,_windows_and_spirits,_they_urge_temperance,_with_some_even_going_so_far_as_to_support_calls_for_outright_prohibition._Brewery_owners_in_one_of_our_provinces_are_concerned_by_the_development,_and_wish_to_see_their_future_privilege_to_sell_and_manufacture_alcohol_guaranteed.;;;;;;;;;;;;;
EVTNAME12260;Elegant Furniture;;;;;;;;;;;;;
EVTDESC12260;\n\n'Mayhaps_this_chair,_madame?_Made_from_the_finest_Brazilian_Mahogany,_inlaid_with_delicate_Nubian_patterns_of_Kenyan_ivory._Observe_the_rich_marbling_on_the_leather._You_won't_find_another_one_like_it_in_all_of_$COUNTRY$!'\n\nRising_standards_of_living_in_$COUNTRY$_have_caused_an_upswing_in_the_demand_for_better_and_more_elegant_furniture._As_people's_homes_are_beautified,_it_only_makes_sense_that_the_offices_of_government_are,_likewise,_upgraded_to_better_conform_to_modern_standards.;;;;;;;;;;;;;
EVTNAME12270;Changing Fashions;;;;;;;;;;;;;
EVTDESC12270;\n\nDisaster_has_struck_our_luxury_clothes_factory_in_one_of_our_provinces,_where_several_shipments_have_been_canceled_over_the_past_few_weeks._The_reason_for_the_cancellations_seems_to_be_that_the_clothes,_quite_simply,_aren't_selling_all_that_well,_and_no_wonder,_the_cut_is_wrong,_and_the_buttons_look_almost_clownishly_large._Strange,_they_seemed_so_nice_last_season.;;;;;;;;;;;;;
EVTNAME12280;Moldy Clothing;;;;;;;;;;;;;
EVTDESC12280;\n\nWater_has_seeped_into_a_factory_warehouse_in_one_of_our_provinces,_damaging_several_shipping_crates'_worth_of_clothing._The_clothing_has_been_infected_by_a_pungent_smelling_mold_of_some_kind,_and_while_it_doesn't_look_so_bad,_the_fiber_in_the_cloth_reeks_of_cellar_and_stale_water._We_might_be_able_to_salvage_the_clothes,_but_there_is_some_doubt_as_to_whether_anyone_would_want_to_use_them.;;;;;;;;;;;;;
EVTNAME21528;The Year of Abundance;;;;;;;;;;;;;
EVTDESC21528;'Here_is_the_best_pasturage_in_the_world_-_for_a_lean_beast_grows_fat_here_in_ten_days._Wild_game_of_every_sort_abounds._There_are_great_quantities_of_wild_sheep_of_huge_size_amid_sublime_plains_and_fine_fields_that_yield_bountiful_harvests_of_wheat_and_every_other_kind_of_grain.'\n\n_$YEAR$_was_an_especially_bountiful_year_with_excellent_climate_and_rainfall,_making_the_latest_harvest_something_to_behold._The_effects_of_this_perfect_climate_will_be_felt_for_a_while_and_translate_to_higher_agricultural_output.;;;;;;;;;;;;;
EVTNAME199068;Production in $COUNTRY_ADJ$ Rwanda;;;;;;;;;;;;;
EVTDESC1990681;$COUNTRY_ADJ$_in_$COUNTRY_ADJ$_Burundi;;;;;;;;;;;;;
EVTDESC1990681;$COUNTRY_ADJ$_Burundi_has_just_been_declared_a_colony._The_$COUNTRY_ADJ$_government_commissioned_charters_and_maps_to_assess_the_economic_potential_of_the_colony_and_in_$CAPITAL$_several_companies_expressed_their_interest_in_opening_new_plantations_as_new_territories_are_charted._Now_with_the_charters_almost_complete_and_with_the_new_colonial_organization_in_place,_the_$COUNTRY_ADJ$_companies_interested_in_developing_new_business_are_drawing_plans_to_expand_their_business.\nIn_Rwanda-Burundi_there's_potential_for_tobacco,_coffee_and_tea_production_potential,_as_well_forestry_products._We_can_leave_the_companies_with_their_own_plans_or_we_can_choose_to_guide_them_to_better_serve_the_interests_of_the_people_of_$COUNTRY$.;;;;;;;;;;;;;
EVTNAME199067;Production in $COUNTRY_ADJ$ Zimbabwe;;;;;;;;;;;;;
EVTNAME199066;Production in $COUNTRY_ADJ$ Madagascar;;;;;;;;;;;;;
EVTNAME199065;Production in $COUNTRY_ADJ$ Guine-Bissau;;;;;;;;;;;;;
EVTNAME199064;Production in Indonesia;;;;;;;;;;;;;
EVTNAME199063;Production in $COUNTRY_ADJ$ Dahomey;;;;;;;;;;;;;
EVTNAME199062;Production in $COUNTRY_ADJ$ Upper Volta;;;;;;;;;;;;;
EVTNAME199061;Production in $COUNTRY_ADJ$ Ghana;;;;;;;;;;;;;
EVTNAME199060;Production in $COUNTRY_ADJ$ Sudan;;;;;;;;;;;;;
EVTNAME199059;Production in $COUNTRY_ADJ$ Bechuanaland;;;;;;;;;;;;;
EVTNAME199058;Production in $COUNTRY_ADJ$ Uganda;;;;;;;;;;;;;
EVTNAME199074;Production in $COUNTRY_ADJ$ Somalia;;;;;;;;;;;;;
EVTNAME199057;Production in $COUNTRY_ADJ$ Mozambique;;;;;;;;;;;;;
EVTNAME199056;Production in $COUNTRY_ADJ$ Angola;;;;;;;;;;;;;
EVTNAME199055;Production in $COUNTRY_ADJ$ Nyasaland;;;;;;;;;;;;;
EVTNAME199054;Production in $COUNTRY_ADJ$ Ubangi-Shari;;;;;;;;;;;;;
EVTNAME199053;Production in $COUNTRY_ADJ$ Mali;;;;;;;;;;;;;
EVTNAME199052;Production in $COUNTRY_ADJ$ Tanganyika;;;;;;;;;;;;;
EVTNAME199051;Production in $COUNTRY_ADJ$ Kenya;;;;;;;;;;;;;
EVTNAME199050;Production in $COUNTRY_ADJ$ Zambia;;;;;;;;;;;;;
EVTNAME199049;Production in $COUNTRY_ADJ$ Congo Free State;;;;;;;;;;;;;
EVTNAME199048;Production in $COUNTRY_ADJ$ Congo;;;;;;;;;;;;;
EVTNAME199047;Production in $COUNTRY_ADJ$ Gabon;;;;;;;;;;;;;
EVTNAME199046;Production in $COUNTRY_ADJ$ Cameroon;;;;;;;;;;;;;
EVTNAME199045;Production in $COUNTRY_ADJ$ Chad;;;;;;;;;;;;;
EVTNAME199044;Production in $COUNTRY_ADJ$ Niger;;;;;;;;;;;;;
EVTNAME199043;Production in $COUNTRY_ADJ$ Senegal;;;;;;;;;;;;;
EVTNAME199042;Production in $COUNTRY_ADJ$ Guinea;;;;;;;;;;;;;
EVTNAME199041;Production in $COUNTRY_ADJ$ Sierra Leone;;;;;;;;;;;;;
EVTNAME96098;Colonial Dismantlement;;;;;;;;;;;;;
EVTDESC96098;The_bastards_that_are_forcing_the_humiliating_dismantlement_of_our_colonial_empire_are_still_not_done_with_it._We_can_only_watch_as_our_colonial_possessions_are_torn_away.;;;;;;;;;;;;;
EVTNAME96099;$FROMCOUNTRY$'s Refusal;;;;;;;;;;;;;
EVTNAME96097;The $FROMCOUNTRY_ADJ$ Ultimatum;;;;;;;;;;;;;
EVTNAME96095;The Fate of $COUNTRY$;;;;;;;;;;;;;
EVT96095OPTA;Will freedom last?;;;;;;;;;;;;;
EVTNAME199040;Production in $COUNTRY_ADJ$ Ivory Coast;;;;;;;;;;;;;
EVTNAME11000;Regency;;;;;;;;;;;;;
EVTNAME199039;Production in $COUNTRY_ADJ$ Togo;;;;;;;;;;;;;
EVTNAME955194;$FROMCOUNTRY$ Cedes Congo Territory;;;;;;;;;;;;;
EVTDESC955194;The_$FROMCOUNTRY_ADJ$_government_has_decided_to_abide_by_the_West_Africa_Conference_rules_and_recognized_our_claim_to_the_Congo._They_are_now_withdrawing_their_troops_from_the_heart_of_Africa_and_transferring_all_their_territories_in_the_Congo_region_to_our_rule.;;;;;;;;;;;;;
EVT955194OPTA;The Conference's deliberation must be respected.;;;;;;;;;;;;;
EVTNAME955193;Congo Territories;;;;;;;;;;;;;
EVTDESC955193;The_West_African_Conference_recognized_the_Congo_as_a_territory_of_another_nation._We,_however,_have_the_effective_control_of_large_parts_of_what_the_Conference_recognized_as_de_jure_Congo_land._Therefore,_we_are_bound_to_return_this_land_to_the_rightful_owners.;;;;;;;;;;;;;
EVT955193OPTA;We will do what we are bound to do.;;;;;;;;;;;;;
EVT955193OPTB;We don't recognize their claims.;;;;;;;;;;;;;
EVTNAME955192;The Congo Colony;;;;;;;;;;;;;
EVTDESC955192;The_$COUNTRY_ADJ$_explorers_are_back_and_they_charted_all_the_region_that_will_belong_to_our_new_colony_-_the_Congo_Free_State._Our_ships_and_army_are_ready_to_begin_the_effective_occupation_of_the_heart_of_Africa.;;;;;;;;;;;;;
EVT955192OPTA;Onwards to Congo!;;;;;;;;;;;;;
EVTNAME325462;Finnish Independence;;;;;;;;;;;;;
EVTDESC325462;Having_acquired_their_independence_from_their_former_overlords,_the_Finnish_government_is_now_quickly_establishing_embassies_and_contacts_with_other_government_in_search_of_support_of_their_claim_of_being_a_free,_sovereign_nation_home_to_all_Finnish_people._This_doesn't_bode_well_for_us,_as_we_need_to_decide_right_here_and_now_if_we_recognize_their_claim_-_and_consequentially_forfeit_any_claims_we_might_have_in_Finland_-_or_we_reassert_our_claims_and_face_painting_a_jingoistic_picture_of_our_nation.;;;;;;;;;;;;;
EVT325462OPTA;We recognize their independence.;;;;;;;;;;;;;
EVT325462OPTB;Finland is an integral part of $COUNTRY$.;;;;;;;;;;;;;
EVTNAME60142;The Failure of the District System;;;;;;;;;;;;;
EVTDESC60142;Our_country_tried_to_implement_a_district_system_where_each_state_had_two_representatives_in_the_upper_house._Due_to_a_low_amount_of_states,_legislators_were_having_trouble_with_the_new_system_and_instead_pushed_to_pass_a_proportional_representation_reform.;;;;;;;;;;;;;
EVTNAME46301;Jogo Bonito;;;;;;;;;;;;;
totalitarian_government;Totalitarian Government;;;;;;;;;;;;;
EVTNAME37242;The Founding of $COUNTRY_ADJ$ Gabon;;;;;;;;;;;;;
EVTDESC37242;A_treaty_signed_between_a_$COUNTRY_ADJ$_admiral_and_the_sovereign_mpongwè_Rapontchombo,_on_February_9,_1839,_allowed_us_to_gradually_extend_our_influence_on_the_coast_of_Gabon._In_early_$YEAR$_a_military_post_was_created_in_the_estuary_of_the_Komo_river_and_the_capital_of_the_colonial_region_was_founded_by_former_slaves_freed_from_a_slave_ship._The_capital_is_linked_to_the_incident_of_the_Brazilian_slave_ship_Ilizia._Indeed,_following_the_capture_of_this_slaver_ship,_$COUNTRY_ADJ$_authorities_decided_to_release_them_in_a_village_near_the_Komo_garrison._Thus,_the_name_of_the_colonial_capital_was_chosen_to_express_the_freedom_acquired_by_these_slaves.;;;;;;;;;;;;;
EVT37242OPTA;Abolitionism pays off.;;;;;;;;;;;;;
EVT37242OPTB;We won't spend any money in a backward hole.;;;;;;;;;;;;;
EVTNAME955207;The Eritrean Award;;;;;;;;;;;;;
EVTDESC955207;The_latest_Great_Power_conference_that_set_the_rules_for_the_division_of_Africa_has_awarded_us_the_whole_region_of_Eritrea._$FROMCOUNTRY$_hold_lands_there_and_they_chose_to_cooperate_with_us_and_abide_for_the_will_of_the_Conference.;;;;;;;;;;;;;
EVTNAME955206;The Eritrean Question;;;;;;;;;;;;;
EVTDESC955206;The_latest_Great_Power_conference_that_set_the_rules_for_the_division_of_Africa_has_awarded_the_owner_of_Assab_the_whole_region_of_Eritrea._We_hold_lands_there_and_thus_have_two_choices:_we_can_defy_the_will_of_the_Conference,_risking_war,_or_we_can_cooperate_with_the_other_Great_Powers.;;;;;;;;;;;;;
EVT955206OPTA;The land belongs to them.;;;;;;;;;;;;;
EVT955206OPTB;They can come and take it.;;;;;;;;;;;;;
EVTNAME955205;The $COUNTRY_ADJ$ Advance;;;;;;;;;;;;;
EVTDESC955205;Ever_since_the_sale_of_Assab_we_have_been_slowly_extending_our_influence_in_the_region_of_Eritrea._The_territories_neighboring_our_lands_in_the_region_are_now_suffering_from_much_unrest,_presenting_the_perfect_opportunity_for_us_to_further_$COUNTRY_ADJ$_interests_-_and_lands_-_in_Eritrea.;;;;;;;;;;;;;
EVT955205OPTA;Eritrea will be ours.;;;;;;;;;;;;;
EVTNAME199036;A Mountain of Coal;;;;;;;;;;;;;
EVTDESC199036;\n\nProspectors_in_$PROVINCENAME$_struck_coal_today_while_looking_for_precious_metals._While_not_exactly_what_they_were_looking_for,_several_$COUNTRY_ADJ$_companies_already_expressed_interested_in_the_commercial_exploration_of_the_newfound_vein.;;;;;;;;;;;;;
EVTNAME199075;Sulfur found in $PROVINCENAME$;;;;;;;;;;;;;
EVTNAME955204;The Gabu Purchase;;;;;;;;;;;;;
EVTDESC955204;$FROMCOUNTRY$_approached_us_with_an_offer_to_buy_Gabu._They_claim_it_as_part_of_the_principle_of_effective_occupation,_delineated_in_Article_34_of_the_Great_Powers_conference_about_West_Africa_but_they_were_lenient_and_didn't_take_de_facto_control_of_the_land._Some_countries_see_legitimacy_in_the_$COUNTRY_ADJ$_claims_and_this_can_escalate_in_a_conflict_but_no_one_is_exerting_pressure_on_us_to_sign_a_deal.;;;;;;;;;;;;;
EVTNAME955203;The Scramble for Africa;;;;;;;;;;;;;
EVTDESC955203;The_Great_Powers_organized_a_conference_in_the_$FROMCOUNTRY_ADJ$_capital_to_establish_several_protocols_and_rules_for_the_occupation_of_Africa_and_the_abolition_of_slavery_in_the_dark_continent._We_have_claims_on_African_regions_and_if_we_don't_act_on_them,_based_on_the_principle_of_effective_occupation,_these_same_Great_Powers_might_try_to_occupy_our_rightful_lands.;;;;;;;;;;;;;
EVT955203OPTA;And act we shall.;;;;;;;;;;;;;
EVTDESC955202;A_dispute_arose_with_$FROMCOUNTRY$_over_our_colonial_borders_in_Senegal_and_Guinea._$FROMCOUNTRY_ADJ$_citizens_poured_through_the_border_and_are_now_living_in_Ziguinchor_province._According_to_the_principles_of_effective_occupation_established_in_Conference_of_Berlin,_the_territory_belong_to_us._But_it_has_been_under_partial_rule_of_another_nation_for_a_long_time_and_thus_the_dispute_arose._The_$FROMCOUNTRY_ADJ$_government_approached_us_and_proposed_an_exchange_-_they_will_pay_us_an_indemnity_in_exchange_of_a_complete_forfeit_of_all_our_claims_on_Ziguinchor.;;;;;;;;;;;;;
EVTNAME199038;Production in $COUNTRY_ADJ$ Nigeria;;;;;;;;;;;;;
EVTNAME199037;The Race for Fertilizers;;;;;;;;;;;;;
EVTDESC199037;England_is_robbing_all_other_countries_of_the_conditions_of_their_fertility._Already,_in_her_eagerness_for_bones,_she_has_turned_up_the_battlefields_of_Leipzig_and_Waterloo._Already_from_the_catacombs_of_Sicily_she_has_carried_away_the_skeletons_of_many_successive_generations._Like_a_vampire_she_hangs_upon_the_neck_of_Europe,_nay,_of_the_entire_world,_and_sucks_the_heartblood_from_nations_without_a_thought_of_justice_towards_them,_without_a_shadow_of_lasting_advantage_for_herself.\nAs_the_competition_for_phosphates_and_sulfurs_for_fertilizer_production_heats_up,_several_$COUNTRY_ADJ$_geologists_report_finding_a_new_source_of_the_desired_product_in_$PROVINCENAME$.;;;;;;;;;;;;;
EVTNAME1141;First Oil Well Built;;;;;;;;;;;;;
EVTDESC1141;Despite_being_known_by_native_Americans,_the_first_commercial_oil_extraction_operation_in_the_world_started_in_$YEAR$_in_the_province_of_$PROVINCENAME$._A_group_of_$COUNTRY_ADJ$_entrepreneurs_and_a_few_chemists_managed_to_distill_kerosene_from_oil,_for_use_in_fueling_lamps,_and_proceeded_to_acquire_a_farm_near_a_natural_occurring_source_of_oil._They_set_up_a_few_drilling_wells_and_operation_is_quickly_expanding,_proving_to_be_wildly_popular,_with_some_people_even_believing_the_black_liquid_has_medicinal_properties.;;;;;;;;;;;;;
EVTNAME199035;Mining Boom in $PROVINCENAME$;;;;;;;;;;;;;
EVTDESC199035;\n\nIron_mining_is_on_the_rise_in_$PROVINCENAME$,_leading_to_a_good_part_of_the_population_abandoning_previous_economical_activities_in_favor_of_prospecting_and_extracting_iron._Meanwhile,_in_other_parts_of_$COUNTRY$,_new_sources_of_income_are_discovered_or_explored.;;;;;;;;;;;;;
EVTNAME46306;The Balaiada;;;;;;;;;;;;;
EVTNAME46305;The Cabanagem Aftermath;;;;;;;;;;;;;
EVT96216OPTA;A greater destiny awaits!;;;;;;;;;;;;;
EVT96215OPTA;Outrageous!;;;;;;;;;;;;;
EVTNAME22581;Cabinet Discusses Trade Policy;;;;;;;;;;;;;
EVTNAME46610103;The Tacna-Arica Arbitration;;;;;;;;;;;;;
EVT46610103OPTA;Tacna belongs to Peru.;;;;;;;;;;;;;
EVT46610103OPTB;Tacna belongs to Chile.;;;;;;;;;;;;;
EVTNAME46610102;The $YEAR$ Treaty of $CAPITAL$;;;;;;;;;;;;;
EVT46610102OPTA;We agree. Let's put our differences behind. §GLose 2 infamy§W;;;;;;;;;;;;;
EVT46610102OPTB;We will never negotiate with these thieves. §RGain 1 infamy§W;;;;;;;;;;;;;
EVTNAME810008;$FROMCOUNTRY$ Agrees to Help;;;;;;;;;;;;;
EVTNAME810003;The $CAPITAL$ Convention of $YEAR$;;;;;;;;;;;;;
EVTNAME810004;The Sound Toll Is Abolished;;;;;;;;;;;;;
EVTNAME810005;The Sounds Dues;;;;;;;;;;;;;
EVTNAME810006;$FROMCOUNTRY$ Refuses to Contribute;;;;;;;;;;;;;
EVTNAME810007;The $FROMCOUNTRY_ADJ$ Stand Defiant;;;;;;;;;;;;;
EVTNAME167000;Druze Revolt;;;;;;;;;;;;;
EVT167000OPTA;Stop this revolt by any means necessary.;;;;;;;;;;;;;
EVTNAME167010;Conflict on Mount Lebanon;;;;;;;;;;;;;
EVT167010OPTA;This petty conflict does not concern us.;;;;;;;;;;;;;
EVT167010OPTB;We must stop this conflict before it is too late.;;;;;;;;;;;;;
EVTNAME167020;$YEAR$ Mount Lebanon Civil War;;;;;;;;;;;;;
EVT167020OPTA;Send forces to restore peace and draft regulation to prevent this from happening again.;;;;;;;;;;;;;
EVT167020OPTB;Unfortunately, we are unable to intervene at this time.;;;;;;;;;;;;;
EVTNAME167030;Hauran Druze Rebellion;;;;;;;;;;;;;
EVT167030OPTA;Very well.;;;;;;;;;;;;;
EVTNAME168000;Mount Lebanon Silk Boom;;;;;;;;;;;;;
EVT168000OPTA;Great.;;;;;;;;;;;;;
EVTNAME168010;Mount Lebanon Silk Bust;;;;;;;;;;;;;
EVT168010OPTA;Damn.;;;;;;;;;;;;;
EVTNAME168020;Ancient Ruins in Baalbeck;;;;;;;;;;;;;
EVT168020OPTA;Great!;;;;;;;;;;;;;
EVTNAME168030;Missionaries in Beirut;;;;;;;;;;;;;
EVT168030OPTA;Great!;;;;;;;;;;;;;
EVTNAME168050;Qatar Requests Protection;;;;;;;;;;;;;
EVT168050OPTA;Promise them protection.;;;;;;;;;;;;;
EVT168050OPTB;We cannot guarantee protection.;;;;;;;;;;;;;
EVTNAME168060;Qatari Unrest;;;;;;;;;;;;;
EVT168060OPTA;Blast!;;;;;;;;;;;;;
EVTNAME168070;Qatar Desires Independence;;;;;;;;;;;;;
EVT168070OPTA;Qatar will be independent.;;;;;;;;;;;;;
EVT168070OPTB;Abolish direct rule but require their loyalty. §RGain 5 infamy§W;;;;;;;;;;;;;
EVT168070OPTC;They chose their fate years ago. §RGain 7.5 infamy§W;;;;;;;;;;;;;
EVTNAME110080;$FROMCOUNTRY$ Seeks Protection;;;;;;;;;;;;;
EVT110080OPTA;We welcome our new subjects.;;;;;;;;;;;;;
EVT110080OPTB;They can fend off for themselves.;;;;;;;;;;;;;
EVTNAME6016814;Removing Party Loyalty;;;;;;;;;;;;;
EVT6016814OPTA;As it should be.;;;;;;;;;;;;;
EVTNAME97082;Crisis in the Pacific;;;;;;;;;;;;;
EVT97082OPTA;Prepare for war. §RGain 2 infamy§W;;;;;;;;;;;;;
EVT97082OPTB;Bid our time. §RGain 2 infamy§W;;;;;;;;;;;;;
EVT97082OPTC;We don't need any of this. Let sleeping dogs lie. §GLose 4 infamy§W;;;;;;;;;;;;;
EVTNAME97081;An End to the Silver Rush;;;;;;;;;;;;;
EVT97081OPTA;Darn.;;;;;;;;;;;;;
EVTNAME9990001;Territorial Integration;;;;;;;;;;;;;
EVTNAME9990003;The Company Refuse;;;;;;;;;;;;;
EVTNAME9990004;The Company Agrees;;;;;;;;;;;;;
EVTNAME9990005;The End of British India;;;;;;;;;;;;;
EVTNAME9990006;The British Crown Defeated;;;;;;;;;;;;;
EVTNAME9990008;The End of the East India Company;;;;;;;;;;;;;
EVTNAME9990010;A New Toy;;;;;;;;;;;;;
EVT9990010OPTA;Neat!;;;;;;;;;;;;;
EVT9990007OPTA;This simply will not stand.;;;;;;;;;;;;;
EVT9990008OPTA;Let's see them try it!;;;;;;;;;;;;;
EVT9990008OPTB;We will abide by their wishes.;;;;;;;;;;;;;
EVTNAME9990016;The Formation of the East India Company;;;;;;;;;;;;;
EVTDESC9990016;The_East_India_Company_is_the_colonial_administration_in_British_India.;;;;;;;;;;;;;
EVTDESC15310;\n\nAs_she_makes_her_way_through_the_city,_dodging_shadows_as_if_they_were_$COUNTRY_ADJ$_soldiers,_the_illuminated_clock-tower_of_the_church_seems_to_glare_at_her_like_a_mean,_infected_yellow_eye._She's_already_late,_but_class_is_still_in_session.\n\nAn_underground_university_has_formed_in_$PROVINCENAME$,_providing_higher_education_despite_the_ban_on_minority_languages_in_academia.;;;;;;;;;;;;;
EVTNAME90141;The $FROMCOUNTRY_ADJ$-$COUNTRY_ADJ$ $CAPITAL$ Treaty of $YEAR$;;;;;;;;;;;;;
EVT90141OPTA;They will have their land. §GLose 1 infamy§W;;;;;;;;;;;;;
EVT90141OPTB;No deal. §RGain 2 infamy§W;;;;;;;;;;;;;
EVT13370OPTA;For the glory of the Qing dynasty!;;;;;;;;;;;;;
EVT13365OPTA;The land belongs to us!;;;;;;;;;;;;;
EVT13365OPTB;Disavow all knowledge of their activities.;;;;;;;;;;;;;
EVTDESC12080;\n\nA_strange_fever_has_erupted_among_the_livestock_in_$PROVINCENAME$,_and_the_livestock_are_reported_dying_en_masse._The_veterinarian_at_the_local_garrison_has_been_criss-crossing_the_province_trying_to_what_little_can_be_done_to_stave_off_the_effects_of_this,_apparently_quite_contagious,_disease._While_the_disease_itself_will_eventually_dissipate,_the_question_of_reimbursement_for_hundreds_of_ruined_farmers_and_their_families_still_requires_attention.;;;;;;;;;;;;;
EVTNAME31100;The Discovery of Troy;;;;;;;;;;;;;
EVTNAME21527;The $YEAR$ $PROVINCENAME$ Earthquake;;;;;;;;;;;;;
EVTDESC21527;Countless_gained_the_open_streets_before_the_final_crash_came._Walls_fell_to_the_right_of_them,_roofs_crashed_to_the_left_of_them,_cornices_and_chimneys_toppled_before_them,_while_death_stalked_in_their_wake_to_destroy_any_who_hesitated_or_paused._Other_countless_were_too_late_or_were_held_prisoners_of_jammed_doors_and_fallen_stairways.\nIn_$YEAR$_an_earthquake_struck_$PROVINCENAME$,_greatly_damaging_buildings._While_$COUNTRY_ADJ$_authorities_are_still_counting_the_injured_and_calculating_the_damage_costs,_relief_and_aid_is_slowly_arriving.;;;;;;;;;;;;;
EVTNAME46800;The Lost City of the Incas;;;;;;;;;;;;;
EVTNAME30089;The Armenian Community in $PROVINCENAME$;;;;;;;;;;;;;
EVTDESC30089;\n\nDue_to_incentives_and_new_legislation_passed_by_the_Armenian_government,_the_Armenians_in_our_lands_are_leaving_for_their_newly_established_nation._We_could_try_and_match_these_incentives_to_make_them_stay,_or_we_can_simply_let_them_go_and_return_from_their_diaspora.;;;;;;;;;;;;;
EVTNAME60141;Trade Unions Legalized;;;;;;;;;;;;;
EVTNAME21500;The Tunguska Event;;;;;;;;;;;;;
EVTNAME5000000;The Turkish Constitution;;;;;;;;;;;;;
EVT5000000OPTA;We have no choice but to accept it.;;;;;;;;;;;;;
EVT5000000OPTB;We refuse the Turkish outrageous demands.;;;;;;;;;;;;;
EVTNAME97121;The $PROVINCENAME$ Massacre;;;;;;;;;;;;;
EVTDESC97121;\n\nBesieged_forces_and_civilians_in_$PROVINCENAME$_were_unprepared_for_an_extended_siege_and_surrendered_to_rebel_forces_under_Nana_Sahib,_in_return_for_a_safe_passage_to_Allahabad._However,_under_ambiguous_circumstances,_their_evacuation_turned_into_a_massacre,_and_most_of_the_men_were_killed._As_a_$COUNTRY_ADJ$_rescue_force_approached_$PROVINCENAME$,_120_$COUNTRY_ADJ$_women_and_children_captured_by_the_rebel_forces_were_killed_in_what_came_to_be_known_as_the_$PROVINCENAME$_Massacre,_their_remains_being_thrown_down_a_nearby_well_in_an_attempt_to_hide_the_evidence._Following_the_discovery_of_the_massacre,_the_outraged_$COUNTRY_ADJ$_forces_engaged_in_widespread_retaliation_against_captured_rebel_soldiers_and_local_civilians._The_murders_greatly_embittered_the_$COUNTRY_ADJ$_rank-and-file_against_the_rebels_and_inspired_the_war_cry_"Remember_$PROVINCENAME$!";;;;;;;;;;;;;
EVT97121OPTA;Remember $PROVINCENAME$!;;;;;;;;;;;;;
EVTNAME160000;Threat From The South;;;;;;;;;;;;;
EVTDESC160000;Each_day_tensions_with_the_southern_states_are_increasing,_to_the_point_some_believe_war_is_inevitable._While_the_government_tries_to_ease_tensions,_the_South_seem_to_be_preparing_for_war_and_there_are_some_talks_of_outright_disobeying_the_government_of_the_United_States_in_the_South,_with_a_parallel_army_and_administration_being_built._While_these_rumors_remain_just_that,_a_fragile_peace_remains.;;;;;;;;;;;;;
EVTNAME443040;The End of the State of Emergency;;;;;;;;;;;;;
EVT443040OPTA;$COUNTRY$ perseveres.;;;;;;;;;;;;;
EVTNAME443039;The $FROMCOUNTRY_ADJ$ Awakening;;;;;;;;;;;;;
EVT443039OPTA;$FROMCOUNTRY_ADJ$ traitors!;;;;;;;;;;;;;
EVTNAME90963;$FROMCOUNTRY$ Refuses to Send Missionaries;;;;;;;;;;;;;
EVT90963OPTA;Maybe we will have better luck next time.;;;;;;;;;;;;;
EVTNAME90962;$FROMCOUNTRY_ADJ$ Missionaries;;;;;;;;;;;;;
EVT90962OPTA;Leave them to do their work.;;;;;;;;;;;;;
EVTNAME90961;$FROMCOUNTRY$ Requests Missionaries;;;;;;;;;;;;;
EVT90961OPTA;Send them over.;;;;;;;;;;;;;
EVT90961OPTB;It's too risky.;;;;;;;;;;;;;
EVTNAME90960;Requesting a Missionary;;;;;;;;;;;;;
EVT90960OPTA;Contact a Catholic government.;;;;;;;;;;;;;
EVT90960OPTB;Contact a Protestant government.;;;;;;;;;;;;;
EVT90960OPTC;Contact an Orthodox government.;;;;;;;;;;;;;
EVT90960OPTD;Contact a Sunni government.;;;;;;;;;;;;;
EVT90960OPTE;We changed our mind.;;;;;;;;;;;;;
EVTNAME36964;Our Claims Over Sekondi;;;;;;;;;;;;;
EVT36964OPTA;Damn.;;;;;;;;;;;;;
EVTNAME36963;Claims Over $PROVINCENAME$;;;;;;;;;;;;;
EVT36963OPTA;We have peace once again.;;;;;;;;;;;;;
peaceful_transition_to_japan;Peaceful Transition to Japan;;;;;;;;;;;;;
EVTNAME19040;Excavation Rights Requested;;;;;;;;;;;;;
EVTNAME19041;$FROMCOUNTRY$ Grants Excavation Permit;;;;;;;;;;;;;
EVTNAME19042;$FROMCOUNTRY$ Refuses Excavation Permit;;;;;;;;;;;;;
ezo_republic;Ezo Republic;;;;;;;;;;;;;
EVTNAME36981;The Suez Canal Company;;;;;;;;;;;;;
EVT36981OPTA;We may soon see the canal completed.;;;;;;;;;;;;;
EVTNAME46610101;The Treaty of Petrópolis;;;;;;;;;;;;;
EVT46610101OPTA;Sounds like a good deal, we agree. §GLose 2 infamy§W;;;;;;;;;;;;;
EVT46610101OPTB;No, Acre is a rightful part of $COUNTRY$. §RGain 1 infamy§W;;;;;;;;;;;;;
EVTNAME986519;Rebellion in $COUNTRY_ADJ$ Enclave;;;;;;;;;;;;;
EVTDESC986519;\n\nThe_enclave_of_$PROVINCENAME$_was_overran_by_foreign_nationals,_in_a_rebellion_that_annexed_the_province_to_another_country._The_lack_of_direct_land_access_to_these_place_was_the_main_factor_for_the_rebellion_and_as_$COUNTRY_ADJ$_authority_weakened,_our_troops_were_not_capable_of_stopping_the_mass_uprising.;;;;;;;;;;;;;
EVT986519OPTA;A minor setback.;;;;;;;;;;;;;
EVTNAME46610100;The García Ortiz-Mangabeira Treaty;;;;;;;;;;;;;
EVT46610100OPTA;Let this be a sign of friendship and cooperation between our countries. §GLose 5 infamy§W;;;;;;;;;;;;;
EVT46610100OPTB;We will never cede an inch of $COUNTRY_ADJ$ territory. §RGain 1 infamy§W;;;;;;;;;;;;;
EVTNAME111001;The Coronation of Tewodros II;;;;;;;;;;;;;
EVT111001OPTA;Long may he reign.;;;;;;;;;;;;;
EVTNAME111000;Kassa Hailu;;;;;;;;;;;;;
EVT111000OPTA;He will soon become the lord of $COUNTRY$.;;;;;;;;;;;;;
EVT111000OPTB;We will resist Kassa Hailu's power grab.;;;;;;;;;;;;;
EVTNAME36914;The Great Britain;;;;;;;;;;;;;
EVTNAME325461;The $FROMCOUNTRY_ADJ$ - $COUNTRY_ADJ$ Accord;;;;;;;;;;;;;
EVTDESC325461;In_1584_the_Uzbeks_conquered_the_region_known_as_Badakhshan,_and_it_remained_under_local_Uzbek_mirs_(leaders)_until_1822,_when_Morad_Beg_of_Konduz_overran_it._The_region_is_claimed_by_Afghans,_Uzbeks_and_Tajiks._There_has_been_some_diplomatic_talks_with_$FROMCOUNTRY_ADJ$_officials_that_want_to_sign_a_border_treaty,_to_delineate_a_clear_border_between_our_countries_and_to_stabilize_the_region._This_accord_would_the_set_Panj_River_as_part_of_the_$FROMCOUNTRY_ADJ$-$COUNTRY_ADJ$_border_separating_$COUNTRY_ADJ$_Badakhshan_from_$FROMCOUNTRY_ADJ$_Badakhshan_in_the_Pamirs.;;;;;;;;;;;;;
EVT325461OPTA;Sign the accord.;;;;;;;;;;;;;
EVT325461OPTB;This doesn't interest us.;;;;;;;;;;;;;
EVTNAME110029;The Persian Cossack Brigade;;;;;;;;;;;;;
EVT110029OPTA;Wonderful!;;;;;;;;;;;;;
EVTNAME110030;Persian Constitutional Revolution;;;;;;;;;;;;;
EVTDESC110030;$MONARCHTITLE$,_our_authoritarian_power_has_come_through_and_our_people_are_tired._The_masses_are_in_the_street,_asking_for_heads_to_roll_and_change_to_come,_agitated_by_various_members_of_different_castes_-_religious_ulama,_rich_bazaari_and_disgruntled_aristocrats_as_well_as_radical_thinkers_-_that_we,_for_too_long,_encouraged_by_all_the_privileges_given_and_motivated_by_the_brutality_of_our_repression._The_Enghelab-e_Mashruteh,_the_Revolution,_opened_the_way_for_cataclysmic_change_in_Persia,_heralding_the_modern_era._It_saw_a_period_of_unprecedented_debate_in_a_burgeoning_press,_created_new_opportunities_and_opened_up_seemingly_boundless_possibilities_for_the_future_of_Persia._Many_different_groups_fought_to_shape_the_course_of_the_Revolution,_and_all_sections_of_society_were_ultimately_to_be_in_some_way_changed_by_it._How_shall_we_react?;;;;;;;;;;;;;
EVT110030OPTA;Suppress this. Now!;;;;;;;;;;;;;
EVT110030OPTB;Let's hear what they have to say.;;;;;;;;;;;;;
EVTNAME110031;Protests, Strikes and Fights;;;;;;;;;;;;;
EVTDESC110031;We_have_sent_the_troops_again_and_again_to_quell_the_protests_but_the_human_waves_seem_endless._Now,_everywhere_in_the_country_elites_are_demonstrating_and_striking._Reports_of_fights_with_the_police_arrive_to_our_ears._In_order_to_avoid_the_country_slipping_into_anarchy,_most_regional_commanders_decided_to_have_the_army_intervene._This,_of_course,_only_serve_to_further_motivate_the_rebels._In_the_capital,_the_opposition__-_led_by_bazaari_and_ulama_once_again_-_sought_sanctuary_in_a_mosque_in_Tehran._Forcing_it_would_risk_provoking_popular_support_to_their_cause._In_the_meantime,_southern_tribes,_bandits_and_armed_groups_tear_our_country_apart,_citing_the_protests_as_their_motivation.;;;;;;;;;;;;;
EVT110031OPTA;No one can hide!;;;;;;;;;;;;;
EVT110031OPTB;Keep focusing on the insurrection.;;;;;;;;;;;;;
EVT110031OPTC;It's time for negotiations.;;;;;;;;;;;;;
EVTNAME110032;Persecutions;;;;;;;;;;;;;
EVTDESC110032;Orders_have_been_given_to_all_officers_of_the_military_apparatus:_no_quarter._We_have_to_put_down_this_rebellion_before_it_gets_out_of_hand._In_the_city,_this_means_curfew_and_dispersing_the_crowds_wherever_they_may_appear_-_with_the_occasional_victims_of_course._In_the_countryside..._we_have_to_be_much_more_persuasive._You_don't_want_the_details_$MONARCHTITLE$._Let's_just_say_even_the_next_generation_will_not_dare_raise_against_us._The_Cossack_Brigade_has_been_particularly_effective_-_maybe_too_much_so:_word_is_starting_to_get_out_of_the_country_and_our_reputation_is_getting_tarnished._If_it's_the_price_to_pay..._Or_shall_we_slow_down?;;;;;;;;;;;;;
EVT110032OPTA;Grand Scale Massacre.;;;;;;;;;;;;;
EVT110032OPTB;Surgical strikes.;;;;;;;;;;;;;
EVT110032OPTC;It's time for negotiations.;;;;;;;;;;;;;
EVTNAME110033;Refugees in the Embassy;;;;;;;;;;;;;
EVTDESC110033;Our_leadership_decided_to_cut_the_head_of_the_snake._Sadly,_the_rampant_incompetence_and_corruption_of_our_administration_let_the_word_loose_and_the_opposition's_leaders_sought_refuge_in_a_foreign_Great_Power_embassy!_The_fields_of_the_gigantic_mansion_are_filled_with_tents_where_emissaries,_clerics,_businessmen_and_tribe_leaders_exchange,_seemingly_safe_from_our_reach._We_are_assured_that_they_are_just_fomenting_their_next_move_to_strike_us_down!_On_the_other_hand,_any_actions_would_be_perceived_very_badly_and_our_diplomatic_ties_could_suffer_to_the_point_of_a_war_we_may_not_afford._Foreign_powers_are_offering_us_to_step_down_in_an_obvious_violation_of_sovereignty._What_should_we_do?;;;;;;;;;;;;;
EVT110033OPTA;Break down the gates. Seize the diplomats. Kill everyone else.;;;;;;;;;;;;;
EVT110033OPTB;It's time for negotiations.;;;;;;;;;;;;;
EVTNAME110034;The Last March;;;;;;;;;;;;;
EVTDESC110034;The_rebels_are_spread_too_thin._We_have_showed_times_and_times_again_that_we_are_ready_to_keep_our_power_and_that_none_shall_question_it._Most_of_their_leaders_dead,_their_military_efforts_down_and_popular_support_slowly_winding_away._This_is_over._Our_country_can_now_step_into_the_path_of_greatness_that_is_rightfully_yours._One_last_thing_remains_before_we_achieve_our_destiny._The_remains_of_the_opposition_have_decided_for_one_last_plea,_one_last_effort_and_they're_ready_to_pay_for_it_with_their_life._They_are_going_to_march_in_the_capital..._A_non-violent_march_on_the_siege_of_the_government.;;;;;;;;;;;;;
EVT110034OPTA;Shoot! Shoot them all down!;;;;;;;;;;;;;
EVT110034OPTB;It has gone too far.;;;;;;;;;;;;;
EVTNAME110035;A New Majiles!;;;;;;;;;;;;;
EVTDESC110035;The_opposition_accepts_to_start_negotiating_with_us_and_exposing_their_demands..._at_one_condition._Before_the_negotiations_even_begin,_they_want_the_establishment_of_a_untainted_Majiles,_a_Parliament._They_want_their_leaders_to_be_nominated_and_that_Parliament_be_given_the_right_to_oversee_our_regime's_actions._They_want_their_right_to_meet,_exchange_and_discuss_be_respected._They_want_the_location_itself_be_deemed_sacred_and_protected_from_any_intervention_of_the_police_or_the_army._They_want_those_demands_to_be_unconditionally_accepted_and_sworn_on_the_Holy_Book_in_front_of_entire_population..._This_is_dangerous._They_are_powerful_and_influent_groups:_refusing_could_lead_us_to_unlimited_repression_but_accepting_means_we_cannot_step_back_once_we're_in.;;;;;;;;;;;;;
EVT110035OPTA;We have no choice but too accept...;;;;;;;;;;;;;
EVT110035OPTB;Unacceptable!;;;;;;;;;;;;;
EVTNAME110036;Negotiations;;;;;;;;;;;;;
EVTDESC110036;Negotiating_with_the_ulama_appeared_to_be_easy_enough:_in_the_grand_scale_of_the_Revolution,_they_agreed_to_let_the_other_groups_represent_the_secular_interests._Their_leaders_thus_worry_about_the_spirituality_of_Persia_and_demand_improvements._Not_only_do_they_want_us_to_implement_the_Sharia_Law_at_state_level,_but_they_demand_to_be_in_charge_of_its_implementation._This_could_anger_the_more_liberal_rebels_and_cost_a_healthy_sum_of_money...;;;;;;;;;;;;;
EVT110036OPTA;Accept.;;;;;;;;;;;;;
EVT110036OPTB;Refuse.;;;;;;;;;;;;;
EVTNAME110037;Negotiations;;;;;;;;;;;;;
EVTDESC110037;The_bazaari's_demands_were_simple_enough:_they_want_the_possibility_to_translate_their_economic_power_on_the_political_scene._For_that_purpose,_they_have_elected_to_adopt_the_Western_system_of_unions,_which_would_allow_them_to_organize_in_order_to_pressure_the_regime._Written_word_of_the_establishment_and_protection_of_this_right_has_to_be_given_to_them,_as_well_as_a_promise_to_raise_the_tariffs_in_order_to_better_protect_the_national_market._This_doesn't_sound_well...;;;;;;;;;;;;;
EVT110037OPTA;Accept.;;;;;;;;;;;;;
EVT110037OPTB;Compromise.;;;;;;;;;;;;;
EVT110037OPTC;Refuse.;;;;;;;;;;;;;
EVT110037OPTD;Put the foot down.;;;;;;;;;;;;;
EVTNAME110038;Negotiations;;;;;;;;;;;;;
EVTDESC110038;The_Socialists_are_hard_at_it_but_they're_divided._While_we_ignored_the_more_radicals,_the_so-called_'reformists'_are_open_to_discussion._They_claim_to_be_mostly_interested_in_the_well-being_of_the_poorest_strata_of_our_society,_as_we_are,_after_all.;;;;;;;;;;;;;
EVT110038OPTA;Accept.;;;;;;;;;;;;;
EVT110038OPTB;Refuse.;;;;;;;;;;;;;
EVTNAME110039;Negotiations;;;;;;;;;;;;;
EVTDESC110039;The_liberals_demands_are_quite_simple:_they_want_the_freedom_of_press,_the_freedom_of_expression._They_are_convinced_that,_once_those_rights_are_achieved,_everything_else_will_come._Thus_everything_else_comes_second_and_they_will_become_untouchable._While_we_laugh_at_their_naivety,_we_must_remember_that_they_are_one_of_the_most_influent_group._But_sacrificing_our_control_of_the_media_is_a_risky_move...;;;;;;;;;;;;;
EVT110039OPTA;Accept.;;;;;;;;;;;;;
EVT110039OPTB;Compromise.;;;;;;;;;;;;;
EVT110039OPTC;Refuse.;;;;;;;;;;;;;
EVT110039OPTD;Put the foot down.;;;;;;;;;;;;;
EVTNAME110040;Negotiations;;;;;;;;;;;;;
EVTDESC110040;Now_for_the_most_delicate_part_of_our_duty:_deal_with_the_minorities._The_recent_troubles_woke_them_up_and_they're_ready_to_rise,_would_we_make_a_bad_move._They_want_autonomy,_almost_self-rule._Increased_decentralization_allied_with_added_rights,_giving_them_pressure_on_the_regime_would_be_an_unprecedented_move,_one_hard_to_revert._On_the_other_hand,_they_are_most_certainly_the_most_dangerous_groups_of_them_all:_all_our_borderlands_could_unilaterally_separate_if_we_do_not_cave_in...;;;;;;;;;;;;;
EVT110040OPTA;Accept.;;;;;;;;;;;;;
EVT110040OPTB;Compromise.;;;;;;;;;;;;;
EVT110040OPTC;Refuse.;;;;;;;;;;;;;
EVT110040OPTD;Put the foot down.;;;;;;;;;;;;;
EVTNAME110041;Negotiations;;;;;;;;;;;;;
EVTDESC110041;Some_people_joined_the_Revolution_because_they_were_convinced_that_the_current_regime_doesn't_represent_the_best_interests_of_the_nation._Those_people_want_to_see_the_foreigners_kicked_out_and_the_country_regain_its_independence._We_could_appease_to_the_Nationalists_by_seizing_foreign_investments_we_have_ignored_in_the_past_and_effectively_nationalizing_it,_but_that_would_greatly_anger_other_countries_and_put_us_at_risk_of_an_armed_intervention...;;;;;;;;;;;;;
EVT110041OPTA;Accept.;;;;;;;;;;;;;
EVT110041OPTB;Refuse.;;;;;;;;;;;;;
EVTNAME110042;The Constitution of $YEAR$;;;;;;;;;;;;;
EVTDESC110042;A_new_era_for_the_Orient_begins._An_era_of_Light,_coming_out_of_years_of_Darkness._An_era_in_which_Persia_shall_shine_like_the_Sun._After_months_of_strikes,_protests,_demonstrations_and_even_armed_insurrections,_our_country_is_finally_at_peace._It_is_a_new_country_for_a_world_that_is_now_reborn._The_new_'Majiles'_-_the_Parliament_-_worked_hard,_pushing_negotiations_on_many_issues_against_the_central_authority._Their_fight_ends_now_with_he_establishment_of_the_so-called_'Constitution_of_$YEAR$'._Each_faction_elect_their_leaders,_but_the_status-quo_is_fragile_and_window_is_open_for_a_take-over._Who_shall_lead_the_Light?;;;;;;;;;;;;;
EVT110042OPTA;The aristocrats and the Shah! This is Persia!;;;;;;;;;;;;;
EVT110042OPTB;The ulamas will keep our values and traditions.;;;;;;;;;;;;;
EVT110042OPTC;The bazaari are the economic heart of our nation.;;;;;;;;;;;;;
EVT110042OPTD;The radicals know you cannot stop progress.;;;;;;;;;;;;;
EVT110042OPTE;The current regime will maintain stability.;;;;;;;;;;;;;
EVTNAME110043;A New Capital For A New Persia;;;;;;;;;;;;;
EVT110043OPTA;Tehran has served us well.;;;;;;;;;;;;;
EVT110043OPTB;Qom, the religious capital of our faith.;;;;;;;;;;;;;
EVT110043OPTC;Tabriz, its wealth will assure prosperity.;;;;;;;;;;;;;
EVT110043OPTD;Isfahan, our population center.;;;;;;;;;;;;;
EVT110043OPTE;Shiraz, the cultural heart of our nation.;;;;;;;;;;;;;
EVTNAME110044;Disband the Persian Cossack Brigade.;;;;;;;;;;;;;
EVTDESC110044;With_the_end_of_the_times_of_troubles_comes_the_question_of_accountability._It_appears_the_most_bloody_unit_that_took_part_in_the_repression_was_the_Persian_Cossack_Brigade._Not_only_do_they_surpass_everyone_by_the_quantity,_but_also_by_the_sheer_intensity_of_their_massacres._This_comes_as_a_shock_as_it_used_to_be_the_most_elite_troop_of_the_country_but_it_seems_like_Caucasians_have_the_thirst_for_bloodshed_rushing_through_their_veins._Now_we_have_no_choice_but_to_disband_it_and_put_their_leaders_to_trial.;;;;;;;;;;;;;
EVT110044OPTA;They cannot be forgiven, we won't take the risk.;;;;;;;;;;;;;
EVTNAME110060;The Bear Flag Revolt;;;;;;;;;;;;;
EVT110060OPTA;American saboteurs, that is all! Down with them!;;;;;;;;;;;;;
EVT110060OPTB;We cannot afford that at the moment... Let them go.;;;;;;;;;;;;;
EVT110060OPTC;Long live the Republic of California!;;;;;;;;;;;;;
EVTNAME110062;The Union calls!;;;;;;;;;;;;;
EVTDESC110062;Our_situation_is_not_that_good._The_treasury_is_low,_the_morale_is_down_and_everything_is_lacking,_from_ammunition_to_food_supplies._Things_could_be_better._Lesser_men_would_have_given_up_by_now._But_not_us._Hope_still_remain,_in_our_hearts_and_in_our_minds._Today,_hope_came_in_the_form_of_a_letter:_an_offer_from_the_US_government_to_join_the_glorious_Union!_Already,_the_troops_are_coming_to_take_over_our_forts,_on_their_way_to_Mexico,_and_senators_in_Washington_are_congratulating_themselves._They_have_no_doubts_as_to_our_answer_and_it_seems_like_our_destiny_is_already_written.;;;;;;;;;;;;;
EVTNAME110063;California agreed to join the Union!;;;;;;;;;;;;;
EVTDESC110063;Our_letter_was_received_today_with_cheer_and_joy_in_California_as_our_brethren_officially_accepted_the_offer_we_sent_before_singing_to_the_glory_of_the_Union._The_troops_are_taking_over_the_forts_and_militias_are_joining_our_battalions_while_the_Mexican_army_flees_before_us!_This_calls_for_a_toast:_to_our_Manifest_Destiny!;;;;;;;;;;;;;
EVT110063OPTA;Glorious!;;;;;;;;;;;;;
EVT110063OPTB;On second thought, let them be.;;;;;;;;;;;;;
EVTNAME110064;California refused to join the Union!;;;;;;;;;;;;;
EVTDESC110064;How_dare_they!_Those_we_called_our_brothers_declined_our_magnanimous_offer_to_join_us_in_glory!_They_called_to_their_ridiculous_flag,_an_absurd_sense_of_"pride"_for_their_barren_lands,_empty_deserts_and_deadly_mountains._This_idiocy_reveals_what_we_should_have_realized_a_long_time_ago:_they_have_become_more_Mexican_than_American!_Thus,_they_shall_share_their_fate._Our_next_move_is_obvious.;;;;;;;;;;;;;
EVT110064OPTA;Indeed.;;;;;;;;;;;;;
EVT110064OPTB;Let them be.;;;;;;;;;;;;;
EVTNAME110065;The California Compromise;;;;;;;;;;;;;
EVTDESC110065;It_seems_like_our_brothers_in_California_have_become_infatuated_with_the_land..._or_the_natives._Instead_of_making_the_right_and_obvious_choice_of_accepting_to_join_us_in_eternal_glory,_they_came_with_a_counter-offer._Ah!_They_want_autonomy._They_want_the_right_to_self-govern._They_reject_the_federal_government_of_Washington,_a_land_they_say,_which_is_as_far_to_them_as_Great-Britain_was_to_our_ancestors._This_empty_rhetoric_is_an_obvious_cover_for_ambitious_and_greedy_local_elites_wanting_to_hoard_power_and_wealth._Still,_in_the_current_situation,_it_could_prove_worthwhile..._or_not.;;;;;;;;;;;;;
EVT110065OPTA;It wasn't a question.;;;;;;;;;;;;;
EVT110065OPTB;Agree to a compromise.;;;;;;;;;;;;;
EVT110065OPTC;Let them be.;;;;;;;;;;;;;
EVTNAME110053;Victorio is dead!;;;;;;;;;;;;;
EVT110053OPTA;He got what was coming!;;;;;;;;;;;;;
EVTNAME110073;The Golden Stool;;;;;;;;;;;;;
EVT110073OPTA;What a nice trinket!;;;;;;;;;;;;;
EVT110073OPTB;Let them have it. §GLose 1 infamy§W;;;;;;;;;;;;;
EVTNAME110081;The Paulet Affair;;;;;;;;;;;;;
EVT110081OPTA;Support Paulet! §RGain 5 infamy§W;;;;;;;;;;;;;
EVT110081OPTB;Demand compensation. §RGain 1 infamy§W;;;;;;;;;;;;;
EVT110081OPTC;Drop the case entirely. §GLose 1 infamy§W;;;;;;;;;;;;;
EVTNAME110078;From Hell;;;;;;;;;;;;;
EVT110078OPTA;Grim news.;;;;;;;;;;;;;
EVTNAME110079;Jack the Ripper Caught!;;;;;;;;;;;;;
EVTDESC110079;It_was_one_of_the_Physicians-in-Ordinary_to_HM_Queen_Victoria,_Sir_William_Withey_Gull,_1st_Baronet_of_Brook_Street._It_comes_as_a_shocking_news_and_a_blow_to_the_prestige_of_the_Crown,_but_the_evidences_are_undeniable._It_seems_the_crimes_could_even_lead_to_a_higher_conspiracy_in_the_government_incriminating_the_Freemasons!_Some_state_that_Gull_caught_syphilis_in_the_West_Indies_while_touring_the_world_in_his_late_teens_and_it_was_this_illness_that_brought_on_a_state_of_insanity_which_led_to_the_murders._We_have_to_know_the_end_of_this_story!;;;;;;;;;;;;;
EVT110079OPTA;My congratulations to Scotland Yard!;;;;;;;;;;;;;
EVT110079OPTB;This is not getting out of this room.;;;;;;;;;;;;;
EVTNAME110074;Coronation of Pedro II;;;;;;;;;;;;;
EVT110074OPTA;Long live!;;;;;;;;;;;;;
EVTNAME110075;The Death of Pedro II;;;;;;;;;;;;;
EVT110075OPTA;He will be missed.;;;;;;;;;;;;;
EVT110075OPTB;Maybe we should abolish the monarchy.;;;;;;;;;;;;;
EVTNAME110056;The H. L. Hunley;;;;;;;;;;;;;
EVT110056OPTA;Give them more than they estimated.;;;;;;;;;;;;;
EVT110056OPTB;Give them the amount estimated.;;;;;;;;;;;;;
EVT110056OPTC;Give them less than they estimated.;;;;;;;;;;;;;
EVT110056OPTD;We have more urgent affairs.;;;;;;;;;;;;;
EVTNAME110057;The H. L. Hunley - Success!;;;;;;;;;;;;;
EVT110057OPTA;Nothing can stop the Dixie spirit!;;;;;;;;;;;;;
EVTNAME110058;The H. L. Hunley - Mixed results...;;;;;;;;;;;;;
EVT110058OPTA;Progress is built on failure.;;;;;;;;;;;;;
EVTNAME110059;The H. L. Hunley - Failure.;;;;;;;;;;;;;
EVT110059OPTA;I knew it! Do not trust loony adventurers!;;;;;;;;;;;;;
EVTNAME110050;Demokrasi Terpimpin;;;;;;;;;;;;;
EVT110050OPTA;Yes! On with Nas-A-Kom!;;;;;;;;;;;;;
EVT110050OPTB;No! The Republic must thrive!;;;;;;;;;;;;;
EVT110050OPTC;Everything is fine as is.;;;;;;;;;;;;;
EVTNAME110051;Konfrontasi;;;;;;;;;;;;;
EVT110051OPTA;We should seek appeasement. §GLose 3 infamy§W;;;;;;;;;;;;;
EVT110051OPTB;Kalimantan is rightfully ours. §RGain 5 infamy§W;;;;;;;;;;;;;
EVT110051OPTC;The Malays should all be part of Indonesia! §RGain 10 infamy§W;;;;;;;;;;;;;
EVTNAME110054;The Adventures of Pinocchio;;;;;;;;;;;;;
EVT110054OPTA;A fine tale for children! And only for children.;;;;;;;;;;;;;
EVTNAME100019;The $FROMCOUNTRY_ADJ$ Column;;;;;;;;;;;;;
EVT100019OPTA;We cannot risk war.;;;;;;;;;;;;;
EVT100019OPTB;Decapitate the envoys and mount their heads at the gates of Ashkhabad.;;;;;;;;;;;;;
EVTNAME16459;The Dust Bowl;;;;;;;;;;;;;
EVTNAME16190;Border Ruffians;;;;;;;;;;;;;
EVTNAME16200;Bleeding $STATENAME$;;;;;;;;;;;;;
EVTDESC16200;\n\nBorder_Ruffians_and_Free-Staters_are_skirmishing_over_the_issue_of_slavery_in_$PROVINCENAME$,_and_the_events_have_started_to_rack_up_a_death_toll._The_conflicts_will_be_known_to_posterity_as_Bleeding_$STATENAME$,_raising_national_awareness_over_the_slavery_issue.;;;;;;;;;;;;;
EVTNAME16180;Free Staters;;;;;;;;;;;;;
EVTNAME16150;Copperheads;;;;;;;;;;;;;
EVTNAME16140;Underground Railroads;;;;;;;;;;;;;
EVTNAME16120;Abolitionist Pamphlets;;;;;;;;;;;;;
EVTNAME16130;Fugitive Slave;;;;;;;;;;;;;
EVTNAME16100;American Anti-Slavery Society;;;;;;;;;;;;;
EVTNAME16090;Knights of The Golden Circle;;;;;;;;;;;;;
EVTNAME16030;A Southern Belle;;;;;;;;;;;;;
EVTNAME1010034;Enclosures;;;;;;;;;;;;;
EVT1010034OPTA;Ok.;;;;;;;;;;;;;
EVTNAME38506;The End of Slavery in $PROVINCENAME$;;;;;;;;;;;;;
EVTDESC38506;\n\nIn_the_mid-19th_century_as_many_as_50,000_slaves_passed_annually_through_$PROVINCENAME$._The_city_was_a_bustling_center_of_slave_trade,_acting_as_a_hub_of_the_greater_regional_network._However,_the_richness_and_the_money_slave_trade_brought_to_$PROVINCENAME$_have_faded_away_as_the_ban_on_slavery_has_come_into_force.;;;;;;;;;;;;;
EVT38506OPTA;It's for the best.;;;;;;;;;;;;;
EVTNAME315004;How I Found Livingstone;;;;;;;;;;;;;
EVTNAME60150;The End of Female Suffrage;;;;;;;;;;;;;
EVTNAME90950;The $FROMCOUNTRY_ADJ$ Nationalization Program;;;;;;;;;;;;;
EVTNAME90909;The Liaodong Lease;;;;;;;;;;;;;
EVT90909OPTA;We don't want to anger our $FROMCOUNTRY_ADJ$ friends, do we?;;;;;;;;;;;;;
EVT90909OPTB;They will have to take it from our cold, dead hands.;;;;;;;;;;;;;
EVTNAME70002;$FROMCOUNTRY$ Goes Bankrupt!;;;;;;;;;;;;;
EVTNAME70003;$FROMCOUNTRY$ Defaults in Defiance of our Military!;;;;;;;;;;;;;
EVTNAME70004;$FROMCOUNTRY$ Defaults!;;;;;;;;;;;;;
EVTNAME36980;The $FROMCOUNTRY_ADJ$ Seize the Canal;;;;;;;;;;;;;
EVT36980OPTA;Damn $FROMCOUNTRY_ADJ$ vultures!;;;;;;;;;;;;;
EVTNAME6016813;The $COUNTRY_ADJ$ Regime;;;;;;;;;;;;;
EVTDESC6016813;\n\nWhile_our_liberators_have_a_theocratic_government,_our_people_would_never_accept_this_kind_of_rule_and_a_more_secular_government_was_put_in_charge.;;;;;;;;;;;;;
EVTDESC60168131;Long_live_the_king_of_$COUNTRY$!;;;;;;;;;;;;;
EVT6016813OPTA;It's for the best.;;;;;;;;;;;;;
EVTNAME36898;The Ascension of Queen Victoria;;;;;;;;;;;;;
EVTNAME986518;The Albania Population Exchange;;;;;;;;;;;;;
EVTNAME986517;The Bosnia Population Exchange;;;;;;;;;;;;;
EVTNAME986516;The Montenegro Population Exchange;;;;;;;;;;;;;
EVTNAME986515;The Southern Serbia Population Exchange;;;;;;;;;;;;;
EVTNAME986514;The Macedonia Population Exchange;;;;;;;;;;;;;
EVTNAME986513;The Dobrudja Population Exchange;;;;;;;;;;;;;
EVTNAME986512;The Bulgaria Population Exchange;;;;;;;;;;;;;
EVTNAME986511;The Eastern Rumelia Population Exchange;;;;;;;;;;;;;
EVTNAME986510;Eastern Macedonia and the Aegean Population Exchange;;;;;;;;;;;;;
EVTNAME986508;The Thessaly Population Exchange;;;;;;;;;;;;;
EVTDESC986508;The_$FROMCOUNTRY_ADJ$_government_approached_us_with_a_proposal:_to_settle_our_borders_and_to_try_and_end_our_long_time_animosities,_to_avoid_any_future_confrontations,_we_should_sign_a_treaty_of_friendship_and_exchange_our_rightful_populations,_supporting_them_in_their_resettlement_and_guaranteeing_no_harm_may_befall_then.;;;;;;;;;;;;;
EVTNAME986509;The Southern Macedonia Population Exchange;;;;;;;;;;;;;
EVT986508OPTA;It's time for them to come home.;;;;;;;;;;;;;
EVT986508OPTB;No deal, $COUNTRY_ADJ$ are living in their rightful lands.;;;;;;;;;;;;;
EVTNAME29904;Mechanized Mining;;;;;;;;;;;;;
EVTNAME29900;The First Tractor in $STATENAME$;;;;;;;;;;;;;
EVTNAME6016811;End of $COUNTRY$ International Zone;;;;;;;;;;;;;
EVT6016811OPTA;We didn't need it anyway.;;;;;;;;;;;;;
EVTNAME971200;Coffee Rust in $PROVINCENAME$;;;;;;;;;;;;;
PEBRINE;\n\n'Pepper disease' or pébrine, a disease of silkworms caused by protozoan microsporidian parasites has spread to $PROVINCENAME$. The parasite is passed down from adult moths to their eggs. Hatching infected larvae become covered in brown dots and are unable to spin silkworm thread, dying before they can undergo metamorphosis to moths. Unable to harvest silk, many farmers have been left no other choice but to switch to new ways of making a living.;;;;;;;;;;;;;
EVTDESC971200;\n\nA_devastating_disease_is_quickly_spreading_through_$PROVINCENAME$_coffee_plantations._Nicknamed_'Devastating_Emily'_but_popularly_known_as_coffee_rust,_how_the_disease_reached_$PROVINCENAME$_or_where_it_came_from_remains_unknown._The_coffee_leaves_are_quickly_covered_by_a_orangeish_or_yellowish_powder_-_giving_the_disease_its_'rust'_name_-_and_soon_the_plant_dies._With_entire_plantations_destroyed,_the_farmers_are_changing_their_crops_to_other_cash_crops_to_avoid_going_out_of_business.;;;;;;;;;;;;;
EVT971200OPTA;At least they will turn a profit again.;;;;;;;;;;;;;
EVTNAME90959;$COUNTRY_ADJ$ Military;;;;;;;;;;;;;
EVTNAME90908;The $FROMCOUNTRY_ADJ$ Demand;;;;;;;;;;;;;
EVT90908OPTA;We have no choice but comply.;;;;;;;;;;;;;
EVT90908OPTB;They will have to take it from our cold, dead hands.;;;;;;;;;;;;;
EVTNAME15250;The $PROVINCECULTURE$ Rite;;;;;;;;;;;;;
EVTDESC15250;\n\nUp_until_now,_$PROVINCECULTURE$_priests_and_teachers_in_$PROVINCENAME$_have_been_allowed_to_conduct_religious_and_educational_services_in_their_own_tongue._This_generosity_on_our_part_has_apparently_been_excessive,_since_the_privilege_has_been_used_to_spread_anti-$COUNTRY_ADJ$_propaganda_among_the_$PROVINCERELIGION$_congregations_and_schools_in_$PROVINCENAME$._We_could_issue_an_edict_to_the_effect_that_all_religious_and_educational_services_must_be_rendered_in_the_official_language_of_the_state,_but_this_will_exasperate_the_clergy_and_the_intellectuals._Should_we?;;;;;;;;;;;;;
EVTNAME15040;The Professor;;;;;;;;;;;;;
EVTDESC15040;\n\nAnd_let_the_$COUNTRY_ADJ$_know_that_we_do_not_sit_idly_by_while_they_cull_the_students_out_of_our_institutions.'\n\nA_local_professor_in_$PROVINCENAME$_has_been_preaching_national_resistance_against_our_rule,_and_he_is_but_a_symptom_of_a_broader_disease._In_fact,_much_of_the_$PROVINCENAME$_intellectuals_have_been_acting_uppity_lately.;;;;;;;;;;;;;
EVTNAME90907;The Sino-$FROMCOUNTRY_ADJ$ Treaty of $CAPITAL$;;;;;;;;;;;;;
EVT90907OPTA;It's just a small village anyway.;;;;;;;;;;;;;
EVT90907OPTB;We will not be bullied in an unequal treaty.;;;;;;;;;;;;;
EVTNAME2570;$COUNTRY_ADJ$ Living Space!;;;;;;;;;;;;;
DISABLE_UNIT_TECH;Disables;;;;;;;;;;;;;
EVTNAME6016812;The Commissioned $FROMCOUNTRY_ADJ$ Warship Arrives;;;;;;;;;;;;;
EVT6016812OPTA;A fine addition for our navy.;;;;;;;;;;;;;
EVTNAME955201;The Luhonono Purchase;;;;;;;;;;;;;
EVT955201OPTA;We agree to their terms.;;;;;;;;;;;;;
EVT955201OPTB;Our lands are not for sale.;;;;;;;;;;;;;
EVTNAME955200;Conquest of Luhonono;;;;;;;;;;;;;
EVT955200OPTA;Nothing will hinder our colonization efforts.;;;;;;;;;;;;;
EVTNAME49518;The Treaty of Simulambuko;;;;;;;;;;;;;
EVT49518OPTA;It's not a big deal anyway.;;;;;;;;;;;;;
EVT49518OPTB;We will make sure they won't be able to violate our sphere again. §RGain 2 infamy§W;;;;;;;;;;;;;
agreed_to_tangier_protocol;Agreed to the Tangier Protocol;;;;;;;;;;;;;
EVTNAME81002217;The Tangier Protocol Fails;;;;;;;;;;;;;
EVTNAME81002216;The Tangier International Zone;;;;;;;;;;;;;
EVTNAME81002215;The Tangier Protocol;;;;;;;;;;;;;
EVTNAME111100;The $FROMCOUNTRY_ADJ$ Demands;;;;;;;;;;;;;
EVT111100OPTA;We have no choice but to abide.;;;;;;;;;;;;;
EVT111100OPTB;They will take it from our cold, dead hands.;;;;;;;;;;;;;
EVTNAME97120;Unification of Laos;;;;;;;;;;;;;
EVT97120OPTA;We will answer the call!;;;;;;;;;;;;;
EVT97120OPTB;We will remain independent.;;;;;;;;;;;;;
EVTNAME955191;Revolution in $COUNTRY$;;;;;;;;;;;;;
EVT955191OPTA;We will run it as a colony.;;;;;;;;;;;;;
EVT955191OPTB;We will continue the philanthropic work.;;;;;;;;;;;;;
EVT955191OPTC;Let them be free.;;;;;;;;;;;;;
EVTNAME955190;Civilizing Congo;;;;;;;;;;;;;
EVT955190OPTA;Our work in the Congo is almost done.;;;;;;;;;;;;;
EVTNAME955189;The Congo Colony;;;;;;;;;;;;;
EVT955189OPTA;A new era begins for the Congo.;;;;;;;;;;;;;
EVTNAME14670;The Heart of Darkness;;;;;;;;;;;;;
EVTNAME955187;Statesmanship in the Congo;;;;;;;;;;;;;
EVT955187OPTA;The Congolese WILL meet their production quotas.;;;;;;;;;;;;;
EVT955187OPTB;We don't need to push them too hard.;;;;;;;;;;;;;
EVT955187OPTC;A little philanthropic work never hurt anybody.;;;;;;;;;;;;;
EVTNAME37707;Madoz's Confiscations;;;;;;;;;;;;;
EVTNAME955186;The Congo's Destiny;;;;;;;;;;;;;
EVT955186OPTA;The Congo will be ruled as the $MONARCHTITLE$'s private property for our benefit.;;;;;;;;;;;;;
EVT955186OPTB;We don't need to keep the facade anymore, annex the Congo. Deal with the natives. §RGain 5 infamy§W;;;;;;;;;;;;;
EVT955186OPTC;The Congo Free State is a philanthropic endeavor. §GLose 1 infamy§W;;;;;;;;;;;;;
EVT955186OPTD;Onwards to $COUNTRY_ADJ$ Congo! §BPlay as the Congo§W;;;;;;;;;;;;;
EVT955186OPTE;Onwards to Bakongo's Congo! §BPlay as the Congo§W;;;;;;;;;;;;;
EVTNAME955185;The Conference Ultimatum;;;;;;;;;;;;;
EVT955185OPTA;We will abide to their deliberation. §GLose 1 infamy§W;;;;;;;;;;;;;
EVT955185OPTB;They will have to take it from us. §RGain 5 infamy§W;;;;;;;;;;;;;
EVTNAME19356;A War To End All Wars;;;;;;;;;;;;;
EVTDESC19356_NEWS_LONG;It_has_become_increasingly_clear_that_we_have_entered_a_new_era_of_unprecedented_warfare._The_conflicts_of_our_time_are_no_longer_mere_local_issues,_but_instead_reach_every_corner_of_the_world._Considering_the_ever_increasing_stakes_and_the_terrifying_impact_of_these_hostilities_on_the_nations_involved,_there_is_no_longer_any_need_for_restrain.;;;;;;;;;;;;;
EVTDESC19356_NEWS_MEDIUM;It_has_become_increasingly_clear_that_we_have_entered_a_new_era_of_unprecedented_warfare._The_conflicts_of_our_time_are_no_longer_mere_local_issues,_but_instead_reach_every_corner_of_the_world._Considering_the_ever_increasing_stakes_and_the_terrifying_impact_of_these_hostilities_on_the_nations_involved,_there_is_no_longer_any_need_for_restrain.;;;;;;;;;;;;;
EVTDESC19356_NEWS_SHORT;It_has_become_increasingly_clear_that_we_have_entered_a_new_era_of_unprecedented_warfare.;;;;;;;;;;;;;
EVTNAME955184;The Congo Question;;;;;;;;;;;;;
EVT955184OPTA;We urge them to reconsider.;;;;;;;;;;;;;
EVTNAME955183;The $COUNTRY_ADJ$ Congo;;;;;;;;;;;;;
EVT955183OPTA;A great day for the $COUNTRY_ADJ$ people.;;;;;;;;;;;;;
EVTNAME955182;The Congo Conference;;;;;;;;;;;;;
EVT955182OPTA;We will vote for $FROMCOUNTRY$.;;;;;;;;;;;;;
EVT955182OPTB;We have our own plans for the Congo. We will vote against it.;;;;;;;;;;;;;
EVT955182OPTC;We don't wish to partake in this discussion.;;;;;;;;;;;;;
EVTNAME315003;The Scottish Resurgence;;;;;;;;;;;;;
EVTNAME45104;Dominican War of Independence!;;;;;;;;;;;;;
EVTNAME45105;Plebiscite on Dominican Independence;;;;;;;;;;;;;
EVT45105OPTA;Seems like everything is in order.;;;;;;;;;;;;;
EVT45105OPTB;Denounce the plebiscite.;;;;;;;;;;;;;
EVTNAME17455;End of Reconstruction;;;;;;;;;;;;;
EVTNAME986507;The Istanbul Massacre;;;;;;;;;;;;;
EVT986507OPTA;A necessary sacrifice. §RGain 2 infamy§W;;;;;;;;;;;;;
EVTNAME23485;The Thirty-second Nobel Prize In Physics;;;;;;;;;;;;;
EVTNAME23483;The Thirty-first Nobel Prize In Physics;;;;;;;;;;;;;
EVTNAME23482;The Thirtieth Nobel Prize In Physics;;;;;;;;;;;;;
EVTNAME23480;The Twenty-ninth Nobel Prize In Physics;;;;;;;;;;;;;
EVTNAME23479;The Twenty-eighth Nobel Prize In Physics;;;;;;;;;;;;;
EVTNAME23478;The Twenty-seventh Nobel Prize In Physics;;;;;;;;;;;;;
EVTNAME23477;The Twenty-sixth Nobel Prize In Physics;;;;;;;;;;;;;
EVTNAME23476;The Twenty-fifth Nobel Prize In Physics;;;;;;;;;;;;;
EVTNAME23475;The Twenty-fourth Nobel Prize In Physics;;;;;;;;;;;;;
EVTNAME23474;The Twenty-third Nobel Prize In Physics;;;;;;;;;;;;;
EVTNAME23473;The Twenty-second Nobel Prize In Physics;;;;;;;;;;;;;
EVTNAME23472;The Twenty-first Nobel Prize In Physics;;;;;;;;;;;;;
EVTNAME23471;The Twentieth Nobel Prize In Physics;;;;;;;;;;;;;
EVTNAME23470;The Nineteenth Nobel Prize In Physics;;;;;;;;;;;;;
EVTNAME23469;The Eighteenth Nobel Prize In Physics;;;;;;;;;;;;;
EVTNAME23468;The Seventeenth Nobel Prize In Physics;;;;;;;;;;;;;
EVTNAME23467;The Sixteenth Nobel Prize In Physics;;;;;;;;;;;;;
EVTNAME23466;This Year Nobel Prize In Physics;;;;;;;;;;;;;
EVTNAME23465;The Fifteenth Nobel Prize In Physics;;;;;;;;;;;;;
EVTNAME23464;The Fourteenth Nobel Prize In Physics;;;;;;;;;;;;;
EVTNAME23463;The Thirteenth Nobel Prize In Physics;;;;;;;;;;;;;
EVTNAME23462;The Twelfth Nobel Prize In Physics;;;;;;;;;;;;;
EVTNAME23461;The Eleventh Nobel Prize In Physics;;;;;;;;;;;;;
EVTNAME23460;The Tenth Nobel Prize In Physics;;;;;;;;;;;;;
EVTNAME23459;The Ninth Nobel Prize In Physics;;;;;;;;;;;;;
EVTNAME23458;The Eighth Nobel Prize In Physics;;;;;;;;;;;;;
EVTNAME23457;The Seventh Nobel Prize In Physics;;;;;;;;;;;;;
EVTNAME23456;The Sixth Nobel Prize In Physics;;;;;;;;;;;;;
EVTNAME23451;The First Nobel Prize In Physics;;;;;;;;;;;;;
EVTNAME23452;The Second Nobel Prize In Physics;;;;;;;;;;;;;
EVTNAME23453;The Third Nobel Prize In Physics;;;;;;;;;;;;;
EVTNAME23454;The Fourth Nobel Prize In Physics;;;;;;;;;;;;;
EVTNAME23455;The Fifth Nobel Prize In Physics;;;;;;;;;;;;;
EVT4661009OPTA;Lima will be the new capital.;;;;;;;;;;;;;
EVT4661009OPTB;Cusco, the old imperial city.;;;;;;;;;;;;;
EVT4661009OPTC;A new Tacna will be founded as the capital.;;;;;;;;;;;;;
EVT4661009OPTD;Sucre is an important city.;;;;;;;;;;;;;
EVTNAME33042;A New Capital for Our Nation?;;;;;;;;;;;;;
EVT33042OPTA;Wien, the capital of the Habsburgs.;;;;;;;;;;;;;
EVT33042OPTB;Aachen, the capital of Charlemagne.;;;;;;;;;;;;;
EVT33042OPTC;Leipzig, in honor to the Battle of Nations.;;;;;;;;;;;;;
EVT33042OPTD;Frankfurt, the capital of the old German Confederation.;;;;;;;;;;;;;
EVT33042OPTE;Berlin, the capital of the Hohenzollerns.;;;;;;;;;;;;;
EVTNAME80128;Dungan Revolt in Tsinghai;;;;;;;;;;;;;
EVT80128OPTA;Crush the rebels!;;;;;;;;;;;;;
EVTNAME36717;The Restoration of Brussels;;;;;;;;;;;;;
EVT36717OPTA;Good.;;;;;;;;;;;;;
EVTNAME315002;The Ashanti Incident;;;;;;;;;;;;;
EVTNAME37241;The Battle of Logandème;;;;;;;;;;;;;
EVT37241OPTA;These occupied areas can't be found in any map. §RGain 3 infamy§W;;;;;;;;;;;;;
EVT37241OPTB;Fire Faidherbe.;;;;;;;;;;;;;
EVTNAME90906;$COUNTRY_ADJ$ Diplomats Harassed;;;;;;;;;;;;;
EVT90906OPTA;We will not take this insult.;;;;;;;;;;;;;
EVTNAME90905;Foreigner Attacked;;;;;;;;;;;;;
EVT90905OPTA;This will not bode well for us.;;;;;;;;;;;;;
EVTNAME325460;The Russian Manifesto of $YEAR$;;;;;;;;;;;;;
EVT325460OPTA;We have no option but to comply.;;;;;;;;;;;;;
EVT325460OPTB;We will fight for our freedom to the last man.;;;;;;;;;;;;;
EVTNAME97091;Transferring Sovereignty;;;;;;;;;;;;;
EVT97091OPTA;Great!;;;;;;;;;;;;;
EVTNAME955181;The Senegal-Guinea Border Treaty;;;;;;;;;;;;;
EVT955181OPTA;The deal seems fair.;;;;;;;;;;;;;
EVT955181OPTB;We would never agree to such proposal.;;;;;;;;;;;;;
EVTNAME60055559;The $COUNTRY_ADJ$ - $FROMCOUNTRY_ADJ$ Border Treaty;;;;;;;;;;;;;
EVT60055559OPTA;This sounds like a good idea. §GLose 2 infamy§W;;;;;;;;;;;;;
EVT60055559OPTB;No deal.;;;;;;;;;;;;;
EVTNAME16458;The $COUNTRY_ADJ$ - $FROMCOUNTRY_ADJ$ Treaty;;;;;;;;;;;;;
EVTNAME36626;Breakdown in Negotiations;;;;;;;;;;;;;
EVTNAME97119;The Death of the Last Mughal Emperor;;;;;;;;;;;;;
EVT97119OPTA;May he rest in peace.;;;;;;;;;;;;;
EVTNAME36225;The $FROMCOUNTRY_ADJ$ Virgin Islands Offer;;;;;;;;;;;;;
EVTNAME36627;The St. Barths Question;;;;;;;;;;;;;
EVTNAME36625;St. Barths Referendum;;;;;;;;;;;;;
EVTNAME36623;The St. Barth's Referendum;;;;;;;;;;;;;
EVTNAME36624;The St. Barth's Question;;;;;;;;;;;;;
EVTNAME110023;Takht-i Tavus, The Peacock Throne.;;;;;;;;;;;;;
EVTDESC110023;Persia,_the_cradle_of_human_civilization._For_many_years,_since_the_foreigners_first_appeared_on_our_shores,_our_nation_has_been_sailing_in_the_wake_of_powers_greater_than_and_beyond_our_own._With_our_recent_ascension_to_Great_Power_status_the_tides_of_fortune_have_turned._From_now_on_let_the_winds_repulse_and_break_any_foreign_foot_that_dares_step_over_the_sacred_ground_of_the_Great_Power_of_Persia!;;;;;;;;;;;;;
EVTNAME120013;The Christmas Meeting of $YEAR$;;;;;;;;;;;;;
EVTNAME956582;The Assassination of the $COUNTRY_ADJ$ Resident;;;;;;;;;;;;;
EVT956582OPTA;Send a punitive expedition.;;;;;;;;;;;;;
EVT956582OPTB;Let it go.;;;;;;;;;;;;;
EVTNAME956581;Assassination of the Foreign Resident;;;;;;;;;;;;;
EVT956581OPTA;Good Riddance.;;;;;;;;;;;;;
EVT956581OPTB;Apologize and ask for another Resident.;;;;;;;;;;;;;
EVTNAME956580;The Foundation of Johor Bahru;;;;;;;;;;;;;
EVT956580OPTA;These cities have much to grow.;;;;;;;;;;;;;
EVTNAME110016;Topple the Qajar Dynasty;;;;;;;;;;;;;
EVT110016OPTA;An occasion we can't afford to miss. §RGain 2 infamy§W;;;;;;;;;;;;;
EVT110016OPTB;Not worth it.;;;;;;;;;;;;;
EVTNAME110020;Tobacco Protest;;;;;;;;;;;;;
EVT110020OPTA;Let's build the Persia of tomorrow together. Make a deal with the Ulama.;;;;;;;;;;;;;
EVT110020OPTB;The state must be independent.;;;;;;;;;;;;;
EVTNAME110021;The Ulama Agree;;;;;;;;;;;;;
EVT110021OPTA;In the name of the Prophet, we agree.;;;;;;;;;;;;;
EVT110021OPTB;We do not abide to their pressure!;;;;;;;;;;;;;
EVTNAME110022;The Ulama Propose a Compromise;;;;;;;;;;;;;
EVT110022OPTA;This is for the greater good.;;;;;;;;;;;;;
EVT110022OPTB;We cannot be bought!;;;;;;;;;;;;;
EVT110022OPTC;They shall submit or pay the price.;;;;;;;;;;;;;
EVTNAME110028;The Bazaari Support the Ulama;;;;;;;;;;;;;
EVT110028OPTA;We cannot take it...;;;;;;;;;;;;;
EVT110028OPTB;We can take it!;;;;;;;;;;;;;
EVT110028OPTC;Put. This. Down.;;;;;;;;;;;;;
EVTNAME110011;The founding of the APOC;;;;;;;;;;;;;
EVT110011OPTA;Yes, this will be beneficial to both of us.;;;;;;;;;;;;;
EVT110011OPTB;No! Foreigners out!;;;;;;;;;;;;;
EVTNAME100018;Kaveh;;;;;;;;;;;;;
EVTDESC100018;A_nationalist_diplomat_going_by_the_name_of_Hassan_Taqizadeh_has_opened_a_new_publication_with_friends_of_his_to_support_our_cause_to_modernize_the_country._It_is_called_"Kaveh"._This_journal_emphasizes_the_need_for_national_independence,_and_internal_reforms,_especially_secular_and_educational_ones._Among_Kaveh's_topics_are_public_education,_equality_for_women,_the_need_for_a_strong_central_government_and_to_control_the_tribes,_and_advocacy_of_sports_and_more_translations_from_Western_languages._This_seems_like_a_good_initiative_but_could_get_out_of_hand._What_should_we_do?;;;;;;;;;;;;;
EVT100018OPTA;They'll write what we tell them to write.;;;;;;;;;;;;;
EVT100018OPTB;Just keep an eye on it.;;;;;;;;;;;;;
EVT100018OPTC;Freedom is the heart of a great country.;;;;;;;;;;;;;
EVTNAME36224;The Danish India;;;;;;;;;;;;;
EVTNAME16457;$FROMCOUNTRY_ADJ$ Government Breaks Down the Negotiations;;;;;;;;;;;;;
EVTNAME16456;$FROMCOUNTRY_ADJ$ Government Refuses to Negotiate;;;;;;;;;;;;;
EVTNAME16455;$FROMCOUNTRY_ADJ$ Government Agrees to a Compromise;;;;;;;;;;;;;
EVTNAME16454;$FROMCOUNTRY_ADJ$ Government Agrees to Full Demands;;;;;;;;;;;;;
EVTDESC16454;\n\nThe_$FROMCOUNTRY_ADJ$_government_agreed_to_sell_the_full_lands_envisioned_by_our_leaders._The_state_Sonora_will_be_fully_in_our_control,_besides_Tucson_and_Animas,_the_native_reparations_question_is_settled_and_we_have_enough_land_for_the_transcontinental_railway._The_anti-slavery_bloc_and_the_racial_purists,_however,_won't_be_happy_by_the_acquisition_of_such_a_large_stretch_of_land.;;;;;;;;;;;;;
EVTNAME16453;The Gadsden Proposal;;;;;;;;;;;;;
EVTNAME32555;$FROMCOUNTRY_ADJ$ Ultimatum;;;;;;;;;;;;;
EVT32555OPTA;If they want it, they can try to come and get it.;;;;;;;;;;;;;
EVT32555OPTB;We can't risk war.;;;;;;;;;;;;;
EVTNAME32554;$FROMCOUNTRY_ADJ$ Reparations;;;;;;;;;;;;;
EVT32554OPTA;Fair enough.;;;;;;;;;;;;;
EVT32554OPTB;Never, the territory is rightfully ours.;;;;;;;;;;;;;
EVTNAME32553;$FROMCOUNTRY$ Crisis of $YEAR$;;;;;;;;;;;;;
EVT32553OPTA;Demand compensation.;;;;;;;;;;;;;
EVT32553OPTB;Demand the territory back.;;;;;;;;;;;;;
EVT32553OPTC;Let it go.;;;;;;;;;;;;;
EVTNAME441295;Whitehorse and Down;;;;;;;;;;;;;
EVT441295OPTA;Might as well.;;;;;;;;;;;;;
EVT441290OPTB;Not worth our time.;;;;;;;;;;;;;
EVT441290OPTA;Manifest Destiny is the way forward! §RGain 3 infamy§W;;;;;;;;;;;;;
EVT441295OPTB;The Americans will not dictate our colonial holdings.;;;;;;;;;;;;;
EVTNAME900023;The Báb's Execution;;;;;;;;;;;;;
EVT900023OPTA;Fire again and dump their remains outside the gates of the town to be eaten by animals.;;;;;;;;;;;;;
EVT900023OPTB;Maybe we were misguided in this. Let him go.;;;;;;;;;;;;;
EVTNAME900022;The Báb;;;;;;;;;;;;;
EVT900022OPTA;Apostate!;;;;;;;;;;;;;
EVTNAME971711;The Rise of Basque and Catalan Nationalism;;;;;;;;;;;;;
EVT971711OPTA;Long Live the $MONARCHTITLE$!;;;;;;;;;;;;;
EVTNAME3697014;The Rulers of Arabia;;;;;;;;;;;;;
EVT3697014OPTA;We should have good relations with our neighbors.;;;;;;;;;;;;;
EVT3697014OPTB;There's no need for this.;;;;;;;;;;;;;
EVTNAME315001;The End of the $PROVINCENAME$ Gold Rush;;;;;;;;;;;;;
EVTDESC315001;\n\nSeveral_mines_in_$PROVINCENAME$_have_been_drying_up,_stopping_production_altogether_or_reducing_it_so_much_as_not_to_be_relevant_anymore._Other_locations_are_being_prospected_for_gold_and_the_old_gold_provinces_are_changing_their_production,_leading_to_a_severe_change_in_the_production_and_demographics_of_the_area.;;;;;;;;;;;;;
EVTNAME33040;An Industrialized Society;;;;;;;;;;;;;
EVT33040OPTA;But that won't slow $COUNTRYNAME$ down.;;;;;;;;;;;;;
EVTNAME37240;The Mokrani Revolt;;;;;;;;;;;;;
EVT37240OPTA;They will be put down.;;;;;;;;;;;;;
EVTNAME113901;The Welcome Stranger;;;;;;;;;;;;;
EVTNAME6016809;The Thaw;;;;;;;;;;;;;
EVT6016809PTA;No more ideological persecution.;;;;;;;;;;;;;
EVTNAME900020;A Silver Age;;;;;;;;;;;;;
EVT900020OPTA;Long Live The King!;;;;;;;;;;;;;
EVTNAME900021;Assassination of the Shah;;;;;;;;;;;;;
EVT900021OPTA;Horror!;;;;;;;;;;;;;
EVTNAME34616;The Neuchatel Crisis;;;;;;;;;;;;;
EVTDESC34616;In_$YEAR$,_the_Neuchatel_question_threatens_to_spark_a_crisis._In_the_canton_there_was_an_unsuccessful_pro-Prussian_coup_d'etat_conducted_by_loyalist_aristocrats_under_the_leadership_of_members_of_the_family_of_Pourtalès._When_its_leaders_were_arrested,_Frederick_William_appealed_to_the_Swiss_Federal_Council_for_their_release._The_Swiss_are_persisting_that_the_rebels_must_be_brought_to_trial_and_meanwhile,_the_Prussians_are_preparing_for_war._We_must_try_to_find_a_diplomatic_solutions_for_this_crisis.;;;;;;;;;;;;;
EVTNAME34615;The Neuchatel Crisis;;;;;;;;;;;;;
EVTNAME34614;Neuchatel Lost;;;;;;;;;;;;;
EVTNAME34613;The Neuchatel Revolution of $YEAR$;;;;;;;;;;;;;
EVTNAME952517;The Limburg Crisis;;;;;;;;;;;;;
EVT952517OPTA;German violation of Dutch territory will not be tolerated.;;;;;;;;;;;;;
EVT952517OPTB;We don't want to get involved.;;;;;;;;;;;;;
EVTNAME81002214;Titanic Maiden Voyage a Success;;;;;;;;;;;;;
EVT81002214OPTA;A glorious day to our nation.;;;;;;;;;;;;;
EVTNAME81002213;Titanic Sinks!;;;;;;;;;;;;;
EVT81002213OPTA;Our nation mourns those who died.;;;;;;;;;;;;;
EVTNAME986506;Sovereignty Over Egypt;;;;;;;;;;;;;
EVT986506OPTA;Damn.;;;;;;;;;;;;;
EVTNAME97118;The Chitrali Offer;;;;;;;;;;;;;
EVTDESC97118;The_Prince_of_Chitral,_worried_about_Afghan_raiding_tribes_and_ambitions_in_his_land,_plagued_by_strife_in_the_royal_family,_approached_us_and_asked_us_for_protection._We_can_make_the_prince_merely_a_figure_head,_grant_him_our_protection_but_let_him_some_self_rule_or_reject_the_offer_altogether.;;;;;;;;;;;;;
EVT97118OPTA;He will be a figurehead.;;;;;;;;;;;;;
EVT97118OPTB;Let him keep some freedom.;;;;;;;;;;;;;
EVT97118OPTC;We have no interest in helping him.;;;;;;;;;;;;;
EVTNAME95661;The $COUNTRY_ADJ$ - Siamese Treaty of $YEAR$;;;;;;;;;;;;;
EVT95661OPTA;Laos is ours.;;;;;;;;;;;;;
EVTNAME95660;The Paknam Incident;;;;;;;;;;;;;
EVT95660OPTA;We will see this through.;;;;;;;;;;;;;
EVT95660OPTB;Lift up the siege and let it go.;;;;;;;;;;;;;
EVTNAME95659;The Black Flag Army in Luang Prabang;;;;;;;;;;;;;
EVT95659OPTA;We won't leave them helpless..;;;;;;;;;;;;;
EVT95659OPTB;We have no interest in helpsing them. §GLose 1 infamy§W;;;;;;;;;;;;;
EVT3697013OPTA;Intervention is necessary.;;;;;;;;;;;;;
EVT3697013OPTB;Outfit an expedition right now.;;;;;;;;;;;;;
EVT3697013OPTC;Don't intervene.;;;;;;;;;;;;;
EVTNAME3697012;The Bahrain-Qatar War;;;;;;;;;;;;;
EVT3697012OPTA;Unite the tribes and march for Doha!;;;;;;;;;;;;;
EVTNAME3697011;The $YEAR$ Sikkim Incident;;;;;;;;;;;;;
EVT3697011OPTA;Outfit a punitive expedition.;;;;;;;;;;;;;
EVT3697011OPTB;Bide our time.;;;;;;;;;;;;;
EVTNAME90958;The Gold Mines in $PROVINCENAME$;;;;;;;;;;;;;
EVTDESC90958;We_worked_our_gold_mines_in_$PROVINCENAME$_to_exhaustion_and_now_the_workers_can't_find_any_more_veils._Slowly,_the_mines_were_abandoned_and_the_workers_settled_as_farmers._;;;;;;;;;;;;;
EVTNAME971204;The Padri War;;;;;;;;;;;;;
EVT971204OPTA;Glory to the Dutch.;;;;;;;;;;;;;
EVTNAME986505;The Fall of Bedr Khan;;;;;;;;;;;;;
EVT986505OPTA;Order has been restored.;;;;;;;;;;;;;
EVTNAME90957;Bukharan Claims on Kandahar;;;;;;;;;;;;;
EVTNAME700016;Paraguay Curbed;;;;;;;;;;;;;
EVTOPT700016A;Let there be peace in South America.;;;;;;;;;;;;;
EVTOPT700016B;We will never give up our claims.;;;;;;;;;;;;;
EVTNAME986503;Great Powers Demand We Pacify Bohtan;;;;;;;;;;;;;
EVT986503OPTA;We need to act now, or consequences will be greater.;;;;;;;;;;;;;
EVT986503OPTB;We will not be coerced into action.;;;;;;;;;;;;;
EVT986503OPTC;For Bohtan! §BPlay as Bohtan, starts the war§W;;;;;;;;;;;;;
EVTNAME97123;The $FROMCOUNTRY_ADJ$ - $COUNTRY_ADJ$ Treaty of $YEAR$;;;;;;;;;;;;;
EVT97123OPTA;We agree.;;;;;;;;;;;;;
EVT97123OPTB;No, both are an integral part of our country.;;;;;;;;;;;;;
EVTNAME97122;The Thai Border;;;;;;;;;;;;;
EVT97122OPTA;Try to strike a deal.;;;;;;;;;;;;;
EVT97122OPTB;Don't bother.;;;;;;;;;;;;;
EVTNAME986502;The United Principalities;;;;;;;;;;;;;
EVTDESC986502;\n\nWith_the_unification_of_Wallachia_and_Moldavia,_the_status_of_the_new_country_-_calling_itself_Romania_-_changed,_and_they_got_more_freedom_to_govern_their_territory_as_they_please.;;;;;;;;;;;;;
EVT986502OPTA;But they are still bound to us.;;;;;;;;;;;;;
EVTNAME5001001;Trans-Siberian Railway;;;;;;;;;;;;;
EVTNAME5001002;Trans-Siberian Railway;;;;;;;;;;;;;
EVTNAME5001003;Trans-Siberian Railway;;;;;;;;;;;;;
EVTNAME5001004;Trans-Siberian Railway;;;;;;;;;;;;;
EVTNAME5001005;The Manchurian Railway;;;;;;;;;;;;;
EVTNAME5001006;The Manchurian Railway;;;;;;;;;;;;;
EVT5001006OPTA;Great!;;;;;;;;;;;;;
EVTNAME971710;The $FROMCOUNTRY_ADJ$ - $COUNTRY_ADJ$ Treaty of $YEAR$;;;;;;;;;;;;;
EVT971710OPTA;As it should be.;;;;;;;;;;;;;
EVTNAME971700;The Moroccan Question;;;;;;;;;;;;;
EVT971700OPTA;We accept. §GLose 1 infamy§W;;;;;;;;;;;;;
EVT971700OPTB;We must decline.;;;;;;;;;;;;;
EVT98641OPTB;Let's seize the moment and declare war.;;;;;;;;;;;;;
EVTNAME443038;The Slavery Decree of $YEAR$;;;;;;;;;;;;;
EVTNAME443037;The Colonial Slavery Decree of $YEAR$;;;;;;;;;;;;;
EVT443036OPTA;Make no distinctions, every serf is equal.;;;;;;;;;;;;;
EVTNAME443036;The Homeland Slavery Decree of $YEAR$;;;;;;;;;;;;;
EVT443036OPTB;Only the serfs that are not of part our heritage.;;;;;;;;;;;;;
EVTNAME443035;The Abolition of Serfdom;;;;;;;;;;;;;
EVT443035OPTA;Only in the homeland.;;;;;;;;;;;;;
EVT443035OPTB;Only in the overseas provinces and colonies.;;;;;;;;;;;;;
EVT443035OPTC;Everywhere through our nation.;;;;;;;;;;;;;
EVTNAME3697010;The Afghan-British Settlement of $YEAR$;;;;;;;;;;;;;
EVT3697010OPTA;We agree. §GLose 2 infamy§W;;;;;;;;;;;;;
EVT3697010OPTB;We won't give up our claims.;;;;;;;;;;;;;
EVTNAME6016808;The Bukovinan Protectorate;;;;;;;;;;;;;
EVTDESC6016808;With_the_recent_enclave_in_Bukovina_formed,_we_have_no_option_but_to_grant_them_greater_autonomy_to_rule_themselves.;;;;;;;;;;;;;
EVT6016808PTA;Damn.;;;;;;;;;;;;;
EVTNAME325500;Organizing Kazakhstan;;;;;;;;;;;;;
EVTNAME32549;Organizing Uzbekistan;;;;;;;;;;;;;
EVTNAME32548;Organizing Turkmenistan;;;;;;;;;;;;;
EVTNAME32547;Organizing Kyrgyzstan;;;;;;;;;;;;;
EVTNAME32546;Organizing Tajikistan;;;;;;;;;;;;;
EVTDESC32546;The_peoples_of_Central_Asia_are_spread_in_a_vast_territory,_divided_in_feuding_tribes,_often_nomadic,_and_unorganized_Khanates_that_are_frequently_belligerent_to_each_other._Our_bureaucracy_is_working_hard_to_put_an_end_to_this_chaos,_to_organize_these_tribes_and_bring_civilization_and_order_to_these_places,_and_now_this_paid_off:_we_just_managed_to_organize_the_administration_of_one_of_these_places,_though_the_influx_of_immigrants_and_the_modernization_that_we_brought_are_awakening_the_nationalism_in_these_people.;;;;;;;;;;;;;
EVT32546OPTA;Everything in its place.;;;;;;;;;;;;;
EVTNAME443034;A Country Mobilized;;;;;;;;;;;;;
EVT443034OPTA;These are just harmless exercises.;;;;;;;;;;;;;
EVTNAME3697009;Gulab Singh's Proposal;;;;;;;;;;;;;
EVT3697009OPTA;It's a nice proposal, we accept. §GLose 1.5 infamy§W;;;;;;;;;;;;;
EVT3697009OPTB;We will try our hand at administrating it anyway.;;;;;;;;;;;;;
EVTNAME31500001;The Future of the United Baltic Provinces;;;;;;;;;;;;;
EVTNAME6016807;Occitania;;;;;;;;;;;;;
EVTDESC6016807;Setting_up_pops.;;;;;;;;;;;;;
EVT6016807PTA;Done.;;;;;;;;;;;;;
EVTNAME952516;The Limburg Question;;;;;;;;;;;;;
EVT952516OPTA;Glory to $COUNTRY$!;;;;;;;;;;;;;
EVTNAME952515;Germany claims Limburg;;;;;;;;;;;;;
EVT952515OPTA;Damn $FROMCOUNTRY_ADJ$.;;;;;;;;;;;;;
EVTNAME952514;The Duchy of Limburg;;;;;;;;;;;;;
EVT952514OPTA;Let it go. We recognized the territory as part of the Netherlands. §GLose 1 infamy§W;;;;;;;;;;;;;
EVT952514OPTB;A state that once was part of the Confederation is a part of our country. §RGain 4 infamy§W;;;;;;;;;;;;;
EVTNAME952513;The End of the German Confederation;;;;;;;;;;;;;
EVT952513OPTA;No Great Power would agree to a German claim.;;;;;;;;;;;;;
EVTNAME500005;United Poland;;;;;;;;;;;;;
EVTDESC500005;As_the_Polish_State_we_need_to_protect_all_our_citizens_in_the_west._Polish_people_lived_in_Poznan,_Silesia,_Pomerelia_and_Luzica_for_centuries_and_these_parts_are_a_rightful_and_core_part_of_our_country.;;;;;;;;;;;;;
EVTOPT500005A;For a united Poland!;;;;;;;;;;;;;
EVTNAME500004;A Polish State;;;;;;;;;;;;;
EVTOPT500004A;We will unite!;;;;;;;;;;;;;
EVTOPT500004B;We enjoy independence too much.;;;;;;;;;;;;;
EVTNAME443033;$FROMCOUNTRY_ADJ$ Revolution;;;;;;;;;;;;;
EVTNAME443032;The Counter-Revolutionaries;;;;;;;;;;;;;
EVT443032OPTA;We will not be kept down.;;;;;;;;;;;;;
EVTNAME32536;The Russian Border In Central Asia;;;;;;;;;;;;;
EVT32536OPTA;Glory to Russia!;;;;;;;;;;;;;
EVTNAME443031;$FROMCOUNTRY$ Bourgeois Smash the Revolution;;;;;;;;;;;;;
EVTNAME443030;The Storm of the $CAPITAL$ Palace;;;;;;;;;;;;;
EVT443030OPTA;Proletariat of the world, unite!;;;;;;;;;;;;;
EVT443030OPTB;$COUNTRY$, Whole, Great and Free!;;;;;;;;;;;;;
EVTNAME443029;Communist Rally in $FROMCOUNTRY$;;;;;;;;;;;;;
EVTNAME443028;The Red Storm;;;;;;;;;;;;;
EVTNAME443027;$FROMCOUNTRY$ Fascist Coup Fails;;;;;;;;;;;;;
EVT443027OPTA;Instability in $FROMCOUNTRY$ will not be tolerated.;;;;;;;;;;;;;
EVT443027OPTB;We will intervene eventually.;;;;;;;;;;;;;
EVT443027OPTC;We better let things in $FROMCOUNTRY$ calm down.;;;;;;;;;;;;;
EVTNAME443026;The $CAPITAL$ Battle;;;;;;;;;;;;;
EVT443026OPTA;All within the state, nothing outside the state, nothing against the state.;;;;;;;;;;;;;
EVT443026OPTB;We will fight the Fascists to the last man.;;;;;;;;;;;;;
EVTNAME443025;Fascist Demonstrations in $FROMCOUNTRY$;;;;;;;;;;;;;
EVT443025OPTA;Arm them and get the secret police to undermine the $FROMCOUNTRY_ADJ$ government.;;;;;;;;;;;;;
EVT443025OPTB;We are not interested in $FROMCOUNTRY_ADJ$ internal affairs.;;;;;;;;;;;;;
EVTNAME96093;The French Border;;;;;;;;;;;;;
EVT96093OPTA;Well deserved.;;;;;;;;;;;;;
EVTNAME15100;Landowners Incite The Peasantry;;;;;;;;;;;;;
EVTDESC15100;\n\n'So_take_arms!_Impoverished,_starved_and_hungry_brethren_of_$PROVINCENAME$._In_name_of_our_Lord_and_in_defense_of_eternal_rights,_let_us_drive_the_occupiers_out_of_our_native_land!'_Local_landowners_in_$PROVINCENAME$_are_arguing_revolution_against_our_rule._We_could_confront_them_now,_but_then_again_it_might_be_better_to_wait_for_another_opportunity.;;;;;;;;;;;;;
EVTNAME443024;The Black Shirts Parade;;;;;;;;;;;;;
EVT443024OPTA;This can't end well.;;;;;;;;;;;;;
EVTNAME90956;Chinese Immigration;;;;;;;;;;;;;
EVTDESC90956;\n\nHong_Kong_is_turning_in_a_large,_bustling_city._Merchants_from_all_over_the_world_come_to_Hong_Kong_to_trade_and_the_wealth_moved_in_the_city_attracted_people_from_all_over_China.;;;;;;;;;;;;;
EVTNAME90954;The $PROVINCENAME$ Treaty Port;;;;;;;;;;;;;
EVTDESC90954;\n\nIn_this_part_are_the_ten_main_markets,_though_besides_these_there_are_a_vast_number_of_others_in_the_different_parts_of_town._They_are_all_squares_of_half_a_mile_to_the_side,_and_along_their_front_passes_the_main_street,_which_is_40_paces_in_width,_and_runs_straight_from_end_to_end_of_the_city,_crossing_many_bridges._At_every_four_miles_of_its_length_comes_one_of_those_great_squares_of_two_miles_in_compass._In_each_of_the_squares_is_held_a_market_three_days_a_week,_frequented_by_40,000_or_50,000_persons,_who_bring_there_for_sale_every_possible_necessity_of_life._All_the_ten_market_places_are_encompassed_by_lofty_houses,_and_below_these_shops_is_where_all_sorts_of_crafts_are_carried_on,_and_all_sorts_of_wares_are_on_sale,_including_spices,_jewels_and_pearls._\n_$PROVINCENAME$_is_bustling_with_traders,_merchants_buy_and_sell_opium,_making_fortunes,_and_traders_from_all_over_China_come_to_trade,_bringing__their_servants_and_laborers_to_run_shops_or_carry_goods.;;;;;;;;;;;;;
EVTDESC90955;\n\nWith_our_administration_of_$PROVINCENAME$,_we_abolished_opium_trade_and_expelled_the_old_foreign_administration._As_a_result_of_these_harsh_policies,_trade_fell_considerably_and_many_Europeans_vessels_don't_stop_in_$PROVINCENAME$_anymore.;;;;;;;;;;;;;
EVTNAME96092;Saint Pierre & Miquelon;;;;;;;;;;;;;
EVT96092OPTA;We will govern the island.;;;;;;;;;;;;;
EVTNAME37239;The Loss of Alsace-Lorraine;;;;;;;;;;;;;
EVT37239OPTA;Our lands will be returned.;;;;;;;;;;;;;
EVT37239OPTB;There's no need for war.;;;;;;;;;;;;;
EVTNAME900041;The Emperor's Acclamation;;;;;;;;;;;;;
EVT900041OPTA;He will pay for his insolence.;;;;;;;;;;;;;
EVT900041OPTB;Every dog is allowed one bite.;;;;;;;;;;;;;
EVT900041OPTC;Let him go and let him keep his Muslims subjects.;;;;;;;;;;;;;
EVT900041OPTD;Order the troops to move immediately.;;;;;;;;;;;;;
EVTNAME330039;The German Compromise;;;;;;;;;;;;;
EVTDESC330039;$MONARCHTITLE$_had_to_make_compromises_during_the_German_unification_to_guarantee_all_duchies_would_stay_in_and_not_try_to_break_away_from_the_Union._In_exchange,_they_were_granted_increased_autonomy.;;;;;;;;;;;;;
EVT330039OPTA;They will stay in the Union.;;;;;;;;;;;;;
EVTNAME3697008;British Alaska;;;;;;;;;;;;;
EVTNAME3697007;British Columbia;;;;;;;;;;;;;
EVT3697007OPTA;So be it. §GLose 1 infamy§W;;;;;;;;;;;;;
EVT3697007OPTB;We have other plans for it.;;;;;;;;;;;;;
EVTNAME95521;Turkmenia is Lost;;;;;;;;;;;;;
EVTDESC95521;We_exercised_control_and_had_tenuous_claims_over_the_Turkmenia_region._We_never_managed_to_establish_a_firm_control_over_the_Turkmen_nomads_and_now_that_we_lost_the_region_entirely,_we_find_that_our_claims_in_the_region_are_slowing_being_forgotten_by_the_Great_Powers.;;;;;;;;;;;;;
EVT95521OPTA;Damn.;;;;;;;;;;;;;
EVTNAME325107;Imam Shamil Is Captured;;;;;;;;;;;;;
EVT325107OPTA;Peace is restored.;;;;;;;;;;;;;
EVTNAME325108;Imam Shamil Escapes;;;;;;;;;;;;;
EVT325108OPTA;We will root him out eventually.;;;;;;;;;;;;;
EVTNAME18561;Celebration in $CAPITAL$;;;;;;;;;;;;;
EVT18561OPTA;Appease the masses.;;;;;;;;;;;;;
EVT18561OPTB;Let the world see our greatness.;;;;;;;;;;;;;
EVTNAME185100;Military Parade;;;;;;;;;;;;;
EVT185100OPTA;Let our neighbors fear our might!;;;;;;;;;;;;;
EVT185100OPTB;Let the people witness our strength!;;;;;;;;;;;;;
EVTNAME18507;The Price of Freedom;;;;;;;;;;;;;
EVT18507OPTA;These demonstrations cannot be allowed.;;;;;;;;;;;;;
EVT18507OPTB;Leave them alone... for now.;;;;;;;;;;;;;
EVTNAME185600;Annals of the Past;;;;;;;;;;;;;
EVT185600OPTA;They must remember their place.;;;;;;;;;;;;;
EVTNAME18535;Onward to Tomorrow;;;;;;;;;;;;;
EVT18535OPTA;We should be thankful for our blessings.;;;;;;;;;;;;;
EVTNAME95520;al-Hadj Umar Tall of the Tukulor people;;;;;;;;;;;;;
EVTDESC95520;Umar_Tall,_one_of_the_people_called_Tukulor,_returned_from_the_Hajj_in_1836_with_the_titles_of_al-Hadj_and_caliph_of_the_Tijaniyya_brotherhood_of_the_Sudan._After_a_long_stay_in_Fouta-Toro,_he_moved_to_Dinguiraye._This_became_the_staging_ground_for_his_$YEAR$_jihad._Umar_Tall_struck_out_against_our_weakened_empire_with_great_success_-_taking_first_Kaarta_and_then_Segou._Umar_Tall's_mujahideen_readily_defeated_our_forces,_seizing_Ségou_itself_and_declaring_an_end_to_the_Bambara_Empire_(which_effectively_became_part_of_the_Tukulor_Empire).;;;;;;;;;;;;;
EVT95520OPTA;How the might have fallen.;;;;;;;;;;;;;
EVT95520OPTB;Onwards to the Tukulor! §BPlay as the Tukulor Empire§W;;;;;;;;;;;;;
EVTNAME986500;$FROMCOUNTRY$ Ultimatum;;;;;;;;;;;;;
EVTDESC986500;The_$FROMCOUNTRY_ADJ$_government,_exercising_its_power_as_our_overlords,_are_sending_an_ultimatum_informing_us_that_they_are_ending_local_rule_and_are_going_to_centralize_the_administration._They_are_sending_a_governor_to_oversee_our_territory_and_urge_us_to_abide_to_a_peaceful_transition.;;;;;;;;;;;;;
EVT986500OPTA;We have no choice but agree.;;;;;;;;;;;;;
EVT986500OPTB;We will fight to the last men for our Independence.;;;;;;;;;;;;;
EVTNAME60055558;The Croatian-Hungarian Settlement;;;;;;;;;;;;;
EVT60055558OPTA;At least this issue is settled.;;;;;;;;;;;;;
EVTNAME443023;The Religions Of The Far East;;;;;;;;;;;;;
EVTNAME443022;The Religions Of The Far East In The Mainland;;;;;;;;;;;;;
EVT443021OPTA;The Shinto.;;;;;;;;;;;;;
EVT443021OPTB;The Mahayana.;;;;;;;;;;;;;
EVT443021OPTC;The Animists.;;;;;;;;;;;;;
EVT443021OPTD;The Yazidi.;;;;;;;;;;;;;
EVT443021OPTE;All of them.;;;;;;;;;;;;;
EVTNAME443021;The Religions Of The Far East In The Colonies;;;;;;;;;;;;;
EVTDESC443021;The_religions_of_the_Far_East_seem_to_be_the_source_of_our_problems,_and_the_data_we_got_about_the_recent_actions_of_our_government_against_these_groups_is_now_ready._What_groups_were_those?;;;;;;;;;;;;;
EVTNAME443020;Shintoism, Mahayana, Yazidi and Animists In Our Empire;;;;;;;;;;;;;
EVTNAME443016;Buddhism, Hinduism and Sikhism In Our Empire;;;;;;;;;;;;;
EVTNAME443012;Muslims and Jews In Our Empire;;;;;;;;;;;;;
EVT443017OPTA;The Sikh.;;;;;;;;;;;;;
EVT443017OPTB;The Gelugpa.;;;;;;;;;;;;;
EVT443017OPTC;The Theravada.;;;;;;;;;;;;;
EVT443017OPTD;The Hindu.;;;;;;;;;;;;;
EVT443017OPTE;All of them.;;;;;;;;;;;;;
EVTNAME443017;The Oriental Religions;;;;;;;;;;;;;
EVTDESC443017;The_Oriental_religions_seem_to_be_the_source_of_our_problems,_and_the_data_we_got_about_the_recent_actions_of_our_government_against_these_groups_is_now_ready._What_groups_were_those?;;;;;;;;;;;;;
EVTNAME443013;The Abrahamic Question;;;;;;;;;;;;;
EVTDESC443013;The_middle_eastern_religions_in_our_realm_seem_to_be_the_source_of_our_problems,_and_the_data_we_got_about_the_recent_actions_of_our_government_against_these_groups_is_now_ready._What_groups_were_those?;;;;;;;;;;;;;
EVT443013OPTA;The Sunni.;;;;;;;;;;;;;
EVT443013OPTB;The Shiite.;;;;;;;;;;;;;
EVT443013OPTC;The Jews.;;;;;;;;;;;;;
EVT443013OPTD;The Ibadis.;;;;;;;;;;;;;
EVT443009OPTE;All of them.;;;;;;;;;;;;;
EVTNAME443009;The Christian Question;;;;;;;;;;;;;
EVTDESC443009;Christians_in_our_realm_seem_to_be_the_source_of_our_problems,_and_the_data_we_got_about_the_recent_actions_of_our_government_against_these_groups_is_now_ready._What_groups_were_those?;;;;;;;;;;;;;
EVT443009OPTA;The Catholics.;;;;;;;;;;;;;
EVT443009OPTB;The Protestants.;;;;;;;;;;;;;
EVT443009OPTC;The Orthodox.;;;;;;;;;;;;;
EVT443009OPTD;The Coptics.;;;;;;;;;;;;;
EVTNAME443008;Christianity In Our Empire;;;;;;;;;;;;;
EVTDESC443008;Now_we_are_looking_for_data_about_specific_regions_in_our_empire._Where_should_we_look_for_the_data?;;;;;;;;;;;;;
EVT443008OPTA;In the colonies.;;;;;;;;;;;;;
EVT443008OPTB;In the mainland.;;;;;;;;;;;;;
EVT443008OPTC;Everywhere.;;;;;;;;;;;;;
EVTNAME90953;The Algerian Claims;;;;;;;;;;;;;
EVTNAME325106;The Caucasian Rebellion;;;;;;;;;;;;;
EVT325106OPTA;Damn these rebels.;;;;;;;;;;;;;
EVT325106OPTB;They are too troublesome to keep fighting. Let them be free.;;;;;;;;;;;;;
EVTNAME90101;Broken Promises;;;;;;;;;;;;;
EVTNAME700015;The End of the Carlos Era;;;;;;;;;;;;;
EVTDESC700015;The_government_of_Paraguay_recently_changed_and_as_a_result_Solano_Lopez_lost_its_power._His_reforms_and_policies_were_canceled_by_the_transitional_government.;;;;;;;;;;;;;
EVTOPT700015A;They weren't good anyway.;;;;;;;;;;;;;
EVTNAME96173;Sicilian Revolution of $YEAR$;;;;;;;;;;;;;
EVTNAME441268;36"30' or War!;;;;;;;;;;;;;
EVTNAME441267;End of Homesteading;;;;;;;;;;;;;
EVTNAME95658;Kota Bahru Founded;;;;;;;;;;;;;
EVTDESC95658;\n\nKota_Bharu_was_established_by_Sultan_Muhammad_II_of_Kelantan_in_$YEAR$_as_Kelantan's_capital._Prior_to_this_date,_Kota_Bharu_was_known_as_Kuala_Kelantan._Before_Kota_Bharu_assumed_the_role,_the_Kelantanese_capital_was_Kota_Kubang_Labu.;;;;;;;;;;;;;
EVT95658OPTA;Glory to Kelantan!;;;;;;;;;;;;;
EVTNAME325105;The Circassian Rebellion;;;;;;;;;;;;;
EVT325105OPTA;Put down this rebellion.;;;;;;;;;;;;;
EVT325105OPTB;We recognize the Circassian Independence.;;;;;;;;;;;;;
EVTNAME325104;The Circassian Diaspora;;;;;;;;;;;;;
EVT325104OPTA;Finally, Russia is at peace. §RGain 1 infamy§W;;;;;;;;;;;;;
EVT325104OPTB;Try to stop the collateral damage. We recognize their struggle.;;;;;;;;;;;;;
EVTNAME32535;The $YEAR$ Rebellion in $PROVINCENAME$;;;;;;;;;;;;;
EVTDESC32535;\n\nIn_$YEAR$,_without_regard_to_local_conditions,_the_$COUNTRY_ADJ$_government_ordered_$PROVINCENAME$_peasants_to_cultivate_potatoes_and_to_pay_their_taxes_in_$COUNTRY_ADJ$_cash._$PROVINCENAME$_still_maintained_a_primarily_natural_economy_based_on_corn_and_millet._Rumors_began_to_spread_among_the_peasants_that_money_payments_would_soon_be_required_and_that_peasants_would_be_drafted_into_the_army._When_the_tax_collections_began,_the_peasants_of_the_community_resisted_and_took_to_arms._The_disturbances_spread_through_all_$PROVINCENAME$_and_soon_the_rebels_had_almost_7,200_men_in_their_ranks._They_took_control_of_most_fortified_points_in_the_province_and_blocked_roads_leading_to_the_key_cities.;;;;;;;;;;;;;
EVT32535OPTA;Damn these peasants.;;;;;;;;;;;;;
EVTNAME96091;Eupen-Malmedy goes to $COUNTRY$;;;;;;;;;;;;;
EVT96091OPTA;Rightful Punishment.;;;;;;;;;;;;;
EVTNAME32534;End of the Tzar's Rule;;;;;;;;;;;;;
EVT32534OPTA;Keep the monarchy. Look for a monarch from a good royal family.;;;;;;;;;;;;;
EVT32534OPTB;Declare Finland a Republic.;;;;;;;;;;;;;
EVTNAME96172;The Altar of the Fatherland is Completed;;;;;;;;;;;;;
EVTNAME50003;A City Flourishes;;;;;;;;;;;;;
EVTNAME98649;The Fall of the Metropolitan Regime;;;;;;;;;;;;;
EVT98649OPTA;Long Live the King!;;;;;;;;;;;;;
EVT98649OPTB;The Prince-Bishopric will remain as it is.;;;;;;;;;;;;;
EVTNAME97117;Instability on the Northwest Frontier;;;;;;;;;;;;;
EVT97117OPTA;Crush them!.;;;;;;;;;;;;;
EVTNAME952512;The Jihad Ends in $PROVINCENAME$;;;;;;;;;;;;;
EVTDESC952512;\n\nAs_$PROVINCENAME$_returns_to_Islamic_hands,_the_flames_of_the_Jihad_start_to_die_down.;;;;;;;;;;;;;
EVT952512OPTA;Allah be praised!;;;;;;;;;;;;;
EVTNAME952511;The Aceh Jihad;;;;;;;;;;;;;
EVT952511OPTA;We will quell this rebellion.;;;;;;;;;;;;;
EVTNAME952510;The Siak Treaty of $YEAR$;;;;;;;;;;;;;
EVT952510OPTA;A pity.;;;;;;;;;;;;;
EVTNAME952509;The Siak Treaty of $YEAR$;;;;;;;;;;;;;
EVTNAME952508;The Siak Treaty of $YEAR$;;;;;;;;;;;;;
EVT952508OPTA;Control over Siak is worth abandoning Borneo.;;;;;;;;;;;;;
EVT952508OPTB;We can get a better deal than that §RGain 3 infamy§W;;;;;;;;;;;;;
EVTNAME952507;The $FROMCOUNTRY_ADJ$ Refuse;;;;;;;;;;;;;
EVT952507OPTA;They will regret this.;;;;;;;;;;;;;
EVT952506OPTB;We can't afford war with $FROMCOUNTRY$;;;;;;;;;;;;;
EVT952505OPTB;Such a great diplomatic victory!;;;;;;;;;;;;;
EVTNAME952506;$FROMCOUNTRY$ intervenes!;;;;;;;;;;;;;
EVTNAME952505;Aceh is ours!;;;;;;;;;;;;;
EVTNAME952504;The Dutch threaten Aceh!;;;;;;;;;;;;;
EVT952504OPTA;We have no choice but to let Aceh go.;;;;;;;;;;;;;
EVT952504OPTB;We won't let our allies be conquered like that! §RGain 3 infamy§W;;;;;;;;;;;;;
EVTNAME952503;The Dutch Proposal;;;;;;;;;;;;;
EVT952503OPTA;Let them have it, we don't need anything in exchange.;;;;;;;;;;;;;
EVT952503OPTB;Their possessions in the Gold Coast would make a nice deal.;;;;;;;;;;;;;
EVT952503OPTC;Any colony will do.;;;;;;;;;;;;;
EVT952503OPTD;Aceh is not for sale.;;;;;;;;;;;;;
EVTNAME952502;The Jambi Sultanate;;;;;;;;;;;;;
EVT952502OPTA;The Jambi must be brought into the fold. §RGain 1.5 infamy§W;;;;;;;;;;;;;
EVTNAME952501;The Sultanates Refuse;;;;;;;;;;;;;
EVT952501OPTA;This requires immediate action.;;;;;;;;;;;;;
EVT952501OPTB;It's better to forgive and forget.;;;;;;;;;;;;;
EVTNAME6016803;Serfs Freed in $COUNTRY$;;;;;;;;;;;;;
EVTDESC6016803;In_$YEAR$,_the_serfs_in_$COUNTRY$_were_freed_by_the_government._The_question_remains,_however,_to_who_the_lands_the_serfs_worked_on_belong._The_aristocracy_claims_the_land_is_theirs_and_the_serfs_should_find_their_own_lands,_while_the_serfs_argue_that_the_land_is_theirs_by_the_right_of_use.;;;;;;;;;;;;;
EVTNAME952500;The Dutch Demand;;;;;;;;;;;;;
EVT952500OPTA;We have no choice but to surrender.;;;;;;;;;;;;;
EVT952500OPTB;We will fight to the last man.;;;;;;;;;;;;;
EVTNAME60168006;$PROVINCENAME$ Goes Dark;;;;;;;;;;;;;
EVTDESC60168006;Reports_came_in_today_that_street_lights_and_lines_in_$PROVINCENAME$_have_been_badly_damaged_during_the_skirmishes_that_happened_with_enemy_troops._Lines_and_poles_have_been_hit_by_artillery_fire,_damaged_by_bullets_or_had_the_supply_purposely_cut,_the_poles_dug_and_knocked_down_in_an_attempt_to_turn_the_fight_in_their_favor_and_hide_their_position.;;;;;;;;;;;;;
EVT60168006OPTA;Define a rebuilding plan.;;;;;;;;;;;;;
EVTNAME60168005;Sabotage in $PROVINCENAME$;;;;;;;;;;;;;
EVTDESC60168005;\n\nA_locomotive_hurriedly_passed_by_the_$PROVINCENAME$_railroad_during_dusk_while_human_silhouettes_snuck_out_of_the_railroad._They_hit_the_wooden_keys_used_to_hold_the_rails_in_chairs_with_a_hammer,_diverting_the_train_to_a_more_sinuous_track_while_forward_other_figures_moved_objects_in_the_rail._The_train_was_wrecked_by_putting_objects_on_the_high_rail_at_a_curve,_and_contained_tons_of_supplies_for_our_troops_fighting_in_the_province._Later_on_that_night,_one_of_our_railroad_bridges_in_$PROVINCENAME$_was_burned_to_the_ground,_with_no_culprits_found._These_actions_are_believed_to_be_the_work_of_the_enemy_and_severely_crippled_our_railroad_network.;;;;;;;;;;;;;
EVT60168005OPTA;A minor setback.;;;;;;;;;;;;;
EVTNAME60168004;$PROVINCENAME$ Fort Damaged;;;;;;;;;;;;;
EVTDESC60168004;\n\nBullets_whistled_as_the_morning_came_in_$PROVINCENAME$._Enemy_soldiers_engaged_our_troops_in_the_roads,_their_drums_hoaring_in_the_distance._Our_local_fort_was_spearheading_the_defense,_soldiers_taking_turns_crouching_to_reload_and_standing_up_to_fire_at_the_enemies._A_group_of_enemy_saboteurs_snuck_in_one_of_the_fort_walls_and_managed_to_blew_it_up_with_explosives,_severely_damaging_the_fort's_structure.;;;;;;;;;;;;;
EVT60168004OPTA;We shall rebuild.;;;;;;;;;;;;;
EVTNAME98648;The Selling of Zeyla;;;;;;;;;;;;;
EVTDESC98648;_After_the_Egyptians_withdrew_from_the_Yemeni_seaboard_in_1841,_Haj_Ali_Shermerki,_a_successful_and_ambitious_Somali_merchant,_is_offering_to_purchase_executive_rights_over_Zeila.;;;;;;;;;;;;;
EVT98648OPTA;Agree.;;;;;;;;;;;;;
EVT98648OPTB;We need the city more.;;;;;;;;;;;;;
EVTNAME3697006;The Pioneer Column;;;;;;;;;;;;;
EVT3697006OPTA;For $COUNTRY$!;;;;;;;;;;;;;
EVT3697006OPTB;To our pioneers!;;;;;;;;;;;;;
EVTNAME5000059;Sanctions Lifted;;;;;;;;;;;;;
EVTDESC5000059;After_our_defeat_and_the_imposed_restrictions_in_our_nation's_military,_the_great_powers_are_more_keen_to_lift_up_the_trade_restrictions_they_put_in_place.;;;;;;;;;;;;;
EVTOPT5000059A;That's for the best.;;;;;;;;;;;;;
EVTOPT5000002A;The Poles will get their freedom.;;;;;;;;;;;;;
EVTOPT5000002B;We should be loyal subjects.;;;;;;;;;;;;;
EVTNAME60055557;The Serfdom Question;;;;;;;;;;;;;
EVT60055557OPTA;Give the lands to the freed serfs.;;;;;;;;;;;;;
EVT60055557OPTB;The land belongs to the aristocracy.;;;;;;;;;;;;;
EVT60055557OPTC;Distribute the lands to the serfs, but pay a compensation to the nobility.;;;;;;;;;;;;;
EVT60055557OPTD;This is not the time to abolish serfdom.;;;;;;;;;;;;;
EVTNAME32533;The Retreat;;;;;;;;;;;;;
EVT32533OPTA;Drat.;;;;;;;;;;;;;
EVTNAME32532;Manchus Expelled from Outer Manchuria;;;;;;;;;;;;;
EVT32532OPTA;For the Glory of $COUNTRY$!;;;;;;;;;;;;;
EVTNAME232000000;The Source of the Nile Discovered?;;;;;;;;;;;;;
EVTNAME441277;The Liberian Claims;;;;;;;;;;;;;
EVTNAME441266;The Colony of Liberia;;;;;;;;;;;;;
EVTNAME98647;The King of Fur and the King of Slaves;;;;;;;;;;;;;
EVT98647OPTA;They will pay for this.;;;;;;;;;;;;;
EVT98647OPTB;Let it go.;;;;;;;;;;;;;
equatoria_annex_title;The Conquest of Equatoria;;;;;;;;;;;;;
equatoria_annex_desc;The lack of formal authority in South Sudan, which was claimed by Egypt, was filled in the 1850s by a set of powerful merchant princes. In the east Muhammad Ahmad al-Aqqad controlled much land, but the most powerful was Al-Zubayr Rahma Mansur who came to control the Bahr el Ghazal and other parts of South Sudan. Al-Zubayr was a merchant from Khartoum, who hired his own private army and marched south. He set up a network of trading forts known as zaribas through the region, and from these forts controlled local trade. To manage the trade al-Zubayr needed labor, and thus also began to capture a significant number of slaves. To his mercenary force he conscripted a large slave army.;;;;;;;;;;;;;
EVT98646OPTA;We need to put up with him for now.;;;;;;;;;;;;;
EVTNAME98645;The Mahdist Revolt Succeeds;;;;;;;;;;;;;
EVT98645OPTA;Barbarians.;;;;;;;;;;;;;
EVT98645OPTB;Long Live the Caliph! §BPlay as Sudan§W (Merge the troops);;;;;;;;;;;;;
EVTNAME955180;$FROMCOUNTRY$ Refuses;;;;;;;;;;;;;
EVT955180OPTA;They will regret this.;;;;;;;;;;;;;
EVTNAME955179;$FROMCOUNTRY$ Accepts;;;;;;;;;;;;;
EVT955179OPTA;All hail $COUNTRY$! §R(Pay or owe 50,000¤)§W;;;;;;;;;;;;;
EVTNAME955178;$FROMCOUNTRY$ Demand;;;;;;;;;;;;;
EVT955178OPTA;We accept.;;;;;;;;;;;;;
EVT955178OPTB;We don't need their help.;;;;;;;;;;;;;
EVTNAME955177;Hegemony Over the Nile;;;;;;;;;;;;;
EVT955177OPTA;Sudan needs to be under our direct control.;;;;;;;;;;;;;
EVT955177OPTB;There's no need to act.;;;;;;;;;;;;;
EVTNAME49517;The Death of Soshangane;;;;;;;;;;;;;
EVT49517OPTA;Let us extend the $COUNTRY_ADJ$ Empire.;;;;;;;;;;;;;
EVTNAME49516;Lourenço Marques;;;;;;;;;;;;;
EVT49516OPTA;Lourenço Marques was once ours, and it shall be again!;;;;;;;;;;;;;
EVTNAME49515;The Mozambique Company;;;;;;;;;;;;;
EVTDESC49515;The_Mozambique_Company_was_a_Portuguese_company_established_in_$YEAR$_with_a_capital_stock_of_about_5_million_dollars_obtained_from_financiers_from_Germany,_the_United_Kingdom_and_South_Africa._Isaacman_and_Isaacman_report_that_the_firm_was_capitalized_at_40,000_pounds,_and_that_British_and_French_capital_quickly_predominated._The_company_got_a_concession_to_explore_the_area_of_Mossurize_for_a_period_of_50_years._Around_the_same_time,_Portuguese_landholder_and_imperialist_Joaquim_Carlos_Paiva_de_Andrada_established_a_base_at_a_river_mouth_in_the_Sofala_province,_bringing_the_old_and_unmanned_forts_in_the_coast_of_Sofala_back_to_use_and_cementing_Portuguese_control_in_the_region.;;;;;;;;;;;;;
EVT49515OPTA;Great news!;;;;;;;;;;;;;
EVTNAME49514;The Sultanate of Mataka;;;;;;;;;;;;;
EVT49514OPTA;This can't stand.;;;;;;;;;;;;;
EVT49514OPTB;Maybe we shouldn't mess with them.;;;;;;;;;;;;;
EVTNAME3697005;The Canadian Border;;;;;;;;;;;;;
EVTDESC3697005;\n\nWith_other_nations_bordering_the_territory_we_claim_in_Canada,_the_safer_course_is_to_control_the_empty_bordering_provinces_so_we_can_be_sure_the_territorial_integrity_of_Canada_will_not_be_violated.;;;;;;;;;;;;;
EVT3697003OPTA;We need to protect our interests.;;;;;;;;;;;;;
EVTNAME441255;Fort Vancouver;;;;;;;;;;;;;
EVTNAME34612;The Constitution of Prussia;;;;;;;;;;;;;
EVTNAME96171;The Duchy of Lucca;;;;;;;;;;;;;
EVTNAME16452;The Abolition of Slavery;;;;;;;;;;;;;
EVTDESC16452;Section_1._Neither_slavery_nor_involuntary_servitude,_except_as_a_punishment_for_crime_whereof_the_party_shall_have_been_duly_convicted,_shall_exist_within_the_United_States,_or_any_place_subject_to_their_jurisdiction.\n_Section_2._Congress_shall_have_power_to_enforce_this_article_by_appropriate_legislation.\n\nWith_the_end_of_the_war,_the_Congress_has_drafted_the_Thirteenth_Amendment_to_the_United_States_Constitution,_dealing_with_the_formal_abolition_of_Slavery._Pro_abolitionist_figures_argue_that_it_will_transform_our_"half_slave_and_half_free"_country_to_one_in_which_the_constitutionally_guaranteed_"blessings_of_liberty"_would_be_extended_to_the_entire_populace,_including_the_former_slaves_and_their_descendants.;;;;;;;;;;;;;
EVTNAME33039;The Invasion of the Rhine;;;;;;;;;;;;;
EVTNAME33038;The Invasion of the Rhine;;;;;;;;;;;;;
EVT33039OPTA;For the greater good of Germany, we stand together.;;;;;;;;;;;;;
EVT33038OPTB;Our path is not together.;;;;;;;;;;;;;
EVT33038OPTC;For Germany! §BPlay as the North German Federation§W;;;;;;;;;;;;;
EVT33039OPTB;North and South should walk together!;;;;;;;;;;;;;
EVT33038OPTA;The Rhine is German!;;;;;;;;;;;;;
EVTNAME33037;The Rhine Question;;;;;;;;;;;;;
EVT33037OPTA;The Rhine is France's natural eastern border. §RGain 5 infamy§W;;;;;;;;;;;;;
EVT33037OPTB;Send an apology to the Germans. §GLose 2 infamy§W;;;;;;;;;;;;;
EVT33037OPTC;Let's go a step beyond that claim.;;;;;;;;;;;;;
EVTNAME33036;Lüderitz Bay;;;;;;;;;;;;;
EVTDESC33036;First_discovered_by_Europeans_in_1487_by_the_Portuguese_explorer_Bartolomeu_Dias,_the_small_coastal_area_known_as_Angra_Pequena_was_made_into_a_trading_station_by_German_trader_Adolf_Lüderitz_in_1883_who_renamed_it_Lüderitz_and_concluded_treaties_with_the_neighboring_chiefs,_who_ceded_large_tracts_of_country_to_the_newcomers._Under_the_belief_that_Britain_was_about_to_claim_the_area_as_a_protectorate,_Lüderitz_transferred_his_rights_over_Angra_Pequena_on_$YEAR$_to_the_German_Government,_which_renamed_it_to_Lüderitzbucht_(Lüderitz_Bay)._Our_advisor_now_defend_establishing_a_colony_further_north,_in_the_place_the_natives_call_Otjozondjii,_known_in_German_as_Swakopmund.;;;;;;;;;;;;;
EVT33036OPTA;This will help us gain a foothold in the region.;;;;;;;;;;;;;
EVTNAME3697002;German Ambitions in Africa;;;;;;;;;;;;;
EVTDESC3697002;The_Germans_have_been_making_more_and_more_frequent_expeditions_to_west_Africa_near_Cape_Colony._Each_passing_day,_they_found_cities_and_name_places._If_we_are_to_forestall_German_ambitions_in_the_region_and_to_ensure_safe_passage_of_British_ships_around_the_Cape,_we_need_to_secure_Ezorongondo.;;;;;;;;;;;;;
EVT3697002OPTA;It's for the best.;;;;;;;;;;;;;
EVTNAME19355;Great Wars;;;;;;;;;;;;;
EVTNAME4433;Article 1: The Enemies of $COUNTRY$;;;;;;;;;;;;;
EVTDESC4433;One_way_or_another_--_I_will_tell_you_quite_openly_--_we_must_finish_them_off._The_$MONARCHTITLE$_put_it_into_words_once:_should_they_succeed_in_setting_off_another_war,_then_the_blood_sacrifice_shall_not_be_made_only_by_the_peoples_driven_into_war,_but_then_they_will_have_met_their_end..._But_what_should_be_done_with_them?_In_$CAPITAL$_we_were_told:_why_are_you_making_all_this_trouble?_We_don't_want_them_either!_Gentlemen,_I_must_ask_you_to_steel_yourselves_against_all_considerations_of_compassion...\nA_new_decree_by_the_$COUNTRY_ADJ$_$MONARCHTITLE$_takes_aim_at_the_perceived_enemies_of_the_party_and_the_state._This_decree_strips_them_of_citizenship_and_several_rights._Now_as_the_$MONARCHTITLE$_prepares_to_sign_the_decree_singling_out...;;;;;;;;;;;;;
EVTNAME4434;Article 2: Setting Up the Interment Camps;;;;;;;;;;;;;
EVTDESC4434;Order_of_Protective_Custody:_Based_on_Article_2_of_the_Decree_of_the_$COUNTRY_ADJ$_$MONARCHTITLE$_for_the_Protection_of_People_and_State_of_$YEAR$,_you_are_taken_into_protective_custody_in_the_interest_of_public_security_and_order._Reason:_Suspicion_of_activities_inimical_toward_the_State."\nA_dispatch_came_from_$CAPITAL$._The_$COUNTRY_ADJ$_secret_police_is_looking_to_establish_internment_camps_for_the_enemies_of_the_$COUNTRY_ADJ$_people,_based_on_a_recent_decree_by_our_leader._The_question_of_where_these_camps_will_be_set_up,_however,_is_still_up_for_a_decision.;;;;;;;;;;;;;
EVTNAME4432;The Walvis Bay;;;;;;;;;;;;;
EVTDESC4432;More_and_more_people_flock_to_Ezorongondo_and_they_started_calling_it,_in_every_language,_the_Whale_Bay_or_Walvis_Bay.;;;;;;;;;;;;;
EVTNAME85031;Foreign Claims;;;;;;;;;;;;;
EVT85031OPTA;That issue is settled, at last.;;;;;;;;;;;;;
EVTNAME44124;The Massachusetts Child Labor Act;;;;;;;;;;;;;
EVTNAME4431;The Workers' Revolution;;;;;;;;;;;;;
EVTNAME44123;The Wagon Train of $YEAR$;;;;;;;;;;;;;
EVTNAME34610;The Great Fire of $YEAR$ in Hamburg;;;;;;;;;;;;;
EVTNAME95519;The Mfecane;;;;;;;;;;;;;
EVTDESC95519;Around_1821,_the_Zulu_general_Mzilikazi_of_the_Khumalo_clan_defied_Zulu_king_Shaka,_and_set_up_his_own_kingdom._He_quickly_made_many_enemies,_not_only_with_the_Zulu_king,_but_also_with_the_Boers,_Griqua_and_Tswana._Defeats_in_several_clashes_convinced_Mzilikazi_to_move_north_towards_Swaziland._Going_north_and_then_inland_westward_along_the_watershed_between_the_Vaal_and_the_Limpopo_rivers,_Mzilikazi_and_his_followers,_the_AmaNdebele,_(called_Matabele_in_English)_established_an_Ndebele_state._During_this_period,_the_Matabele_left_a_trail_of_destruction_in_their_wake._Roughly_starting_from_1826_to_$YEAR$,_widespread_killings_and_devastation_were_ordered_to_remove_all_opposition._Mzilikazi_reorganized_the_territory_to_establish_the_new_Ndebele_order._The_death_toll_has_never_been_satisfactorily_determined,_but_the_whole_region_became_nearly_depopulated.;;;;;;;;;;;;;
EVT95519OPTA;For the new Ndebele order!;;;;;;;;;;;;;
EVTNAME98262;Diamonds Discovered!;;;;;;;;;;;;;
EVT98262OPTA;Great!!;;;;;;;;;;;;;
EVTNAME95518;Matabele Is Overrun by $FROMCOUNTRY$!;;;;;;;;;;;;;
EVT95518OPTA;At least we didn't lose everything.;;;;;;;;;;;;;
EVTNAME95517;The Flight of Mzilikazi;;;;;;;;;;;;;
EVT95517OPTA;Worrying news.;;;;;;;;;;;;;
EVTNAME95516;$COUNTRY$ Modernization;;;;;;;;;;;;;
EVTDESC95516;With_the_modernization_of_$COUNTRY$,_our_country_military_suffered_profound_changes_in_tactics_and_equipment._Our_old_military_tactics_are_all_but_ineffective.;;;;;;;;;;;;;
EVT95516OPTA;These new weapons will suffice anyway.;;;;;;;;;;;;;
EVTNAME95515;The Zulu Military;;;;;;;;;;;;;
EVTDESC95515;While_not_modernized_with_firearms,_military_innovations_such_as_the_assegai,_the_age-grade_regimental_system_and_encirclement_tactics_helped_make_the_Zulu_one_of_the_most_powerful_nations_in_southern_and_south-eastern_Africa.;;;;;;;;;;;;;
EVT95515OPTA;For $COUNTRY$!;;;;;;;;;;;;;
EVTNAME98643;The Rise of the Senusiyya;;;;;;;;;;;;;
EVT98643OPTA;He thinks he can run from $COUNTRY$?;;;;;;;;;;;;;
EVT98643OPTB;Long Live the Senusiyya! §BPlay as the Senusiyya§W;;;;;;;;;;;;;
EVTNAME16300;Uncle Tom's Cabin;;;;;;;;;;;;;
EVTDESC60170;We_studied_and_observed_and_now_we_have_the_means_to_organize,_train_and_fund_rebels_and_separatists_in_other_countries._We_can_use_this_to_our_advantage,_to_push_our_agenda,_to_create_flashpoints_in_other_nations_and,_with_luck,_create_crisis_that_will_be_solved_on_our_favor.;;;;;;;;;;;;;
EVT60170OPTA;Let's get to work.;;;;;;;;;;;;;
EVTNAME14005;The $YEAR$ Elections;;;;;;;;;;;;;
EVTNAME14005_sub;The Government Position on National Issues;;;;;;;;;;;;;
EVTDESC14005;This_year_elections_have_started_and_we_can_closely_follow_the_campaign_to_make_sure_the_issues_in_our_best_interests_grow_or_we_can_forfeit_the_campaigns_and_let_the_chips_fall_where_they_may.;;;;;;;;;;;;;
EVTNAME97684;The End of the Republic of Ezo;;;;;;;;;;;;;
EVT97684OPTA;Long live the Emperor!;;;;;;;;;;;;;
EVTNAME97683;The Republic of Ezo;;;;;;;;;;;;;
EVT97683OPTA;A worrying development.;;;;;;;;;;;;;
EVT97683OPTB;Long live the Shogun! §BPlay as Ezo§W;;;;;;;;;;;;;
EVTNAME97682;Enomoto's Request;;;;;;;;;;;;;
EVT97682OPTA;Unfortunately, this cannot be allowed.;;;;;;;;;;;;;
EVT97682OPTB;Tell them we agree to their proposal.;;;;;;;;;;;;;
EVT97682OPTC;They are free to do as they wish, we renounce any claims on Ezo.;;;;;;;;;;;;;
EVT97682OPTD;Long live the Shogun!;;;;;;;;;;;;;
EVTNAME4420;Cabinet Discusses War;;;;;;;;;;;;;
EVTNAME44120;Moral Crusaders;;;;;;;;;;;;;
EVTNAME97167;The Moroccan Incident;;;;;;;;;;;;;
EVT97167OPTA;Intervene eventually.;;;;;;;;;;;;;
EVT97167OPTB;Let it go.;;;;;;;;;;;;;
EVTNAME97168;The Treaty of Wad-Ras;;;;;;;;;;;;;
EVTDESC97168;The_forces_of_Sultan_Muhammad_IV_of_Morocco_are_broken,_we_won_the_war._Our_diplomats_worked_day_and_night_to_broker_the_surrender_terms_of_Morocco.\nThe_Sultan_agreed_to_give_us_the_city_of_Ifni_and_renounce_his_claim_on_Melilla,_besides_paying_war_reparations._They_are_completely_beaten_and_we_could_push_and_claim_the_whole_region_of_Agadir_but_such_deal_wouldn't_be_seen_as_fair_by_the_world_or_by_the_Moroccans,_who_would_probably_withdraw_their_diplomats_and_revoke_the_current_agreed_deal.;;;;;;;;;;;;;
EVT97168PTA;We have a deal.;;;;;;;;;;;;;
EVT97168PTB;Push for the whole region.;;;;;;;;;;;;;
EVT97168PTC;We only need them to renounce their claims.;;;;;;;;;;;;;
EVT97168PTD;We only need the reparations.;;;;;;;;;;;;;
EVTNAME37238;The Iron Gates;;;;;;;;;;;;;
EVT37238OPTA;Enter into their mountains and burn their villages and harvests. §RGain 2-3.5 infamy§W;;;;;;;;;;;;;
EVT37238OPTB;We will let it go for the time being. §GLose 1 infamy§W;;;;;;;;;;;;;
EVTNAME98642;The Shilluk Kingdom;;;;;;;;;;;;;
EVT98642OPTA;Onwards, to Fashoda!;;;;;;;;;;;;;
EVT98642OPTB;Let it go. They are harmless.;;;;;;;;;;;;;
EVTNAME98641;The Fate of the Zaydi Imamate;;;;;;;;;;;;;
EVT98641OPTA;We will drive the Rassids out of Yemen.;;;;;;;;;;;;;
EVTNAME500058;International Enemy;;;;;;;;;;;;;
EVTDESC500058;Even_though_large_tracts_of_land_and_many_old_and_famous_States_have_fallen_or_may_fall_into_the_grip_of_the_$COUNTRY_ADJ$_and_all_the_odious_apparatus_of_their_rule,_we_shall_not_flag_or_fail._We_shall_go_on_to_the_end._We_shall_fight_in_Europe,_we_shall_fight_on_the_seas_and_oceans,_we_shall_fight_with_growing_confidence_and_growing_strength,_we_shall_defend_our_land_and_the_people_of_our_planet,_whatever_the_cost_may_be._We_shall_fight_on_the_beaches,_we_shall_fight_on_the_landing_grounds,_we_shall_fight_in_the_fields_and_in_the_streets,_we_shall_fight_in_the_hills,_we_shall_never_surrender,_and_if,_which_I_do_not_for_a_moment_believe,_this_land_or_a_large_part_of_it_were_subjugated_and_starving,_then_our_Empire_beyond_the_seas,_armed_and_guarded_by_our_Fleet,_would_carry_on_the_struggle,_until,_in_God's_good_time,_the_New_World,_with_all_its_power_and_might,_steps_forth_to_the_rescue_and_the_liberation_of_the_old.\n\nWith_this_speech_the_great_powers_finished_their_assembly_and_vowed_to_stop_us_using_any_means_they_can.;;;;;;;;;;;;;
EVTOPT500058A;Bring them on.;;;;;;;;;;;;;
EVTNAME500059;The Swiss Partition;;;;;;;;;;;;;
EVTOPT500059A;Excellent! §GLose 3.5 infamy§W;;;;;;;;;;;;;
EVT13015OPTA;Ignore it.;;;;;;;;;;;;;
EVT13015OPTB;Shut it down and confiscate the contraband.;;;;;;;;;;;;;
EVTNAME13016;Smugglers Sell Opium;;;;;;;;;;;;;
EVT13016OPTA;Shut down the ring immediately.;;;;;;;;;;;;;
EVT13016OPTB;Do whatever it takes to eliminate this menace.;;;;;;;;;;;;;
EVT13020OPTA;Ignore them.;;;;;;;;;;;;;
EVT13020OPTB;Round them up and execute them.;;;;;;;;;;;;;
EVTNAME13021;Missionaries Executed in $FROMCOUNTRY$;;;;;;;;;;;;;
EVT13021OPTA;This cannot be permitted.;;;;;;;;;;;;;
EVT13021OPTB;There is nothing we can do.;;;;;;;;;;;;;
EVT13030OPTA;They are welcome to stay.;;;;;;;;;;;;;
EVT13030OPTB;Send them home.;;;;;;;;;;;;;
EVTNAME13031;Grievous Insults!;;;;;;;;;;;;;
EVT13031OPTA;Force of arms must be considered.;;;;;;;;;;;;;
EVT13031OPTB;We must respect and tolerate the differences between our respective cultures.;;;;;;;;;;;;;
EVTNAME13051;Smugglers Dodge Trade Restrictions;;;;;;;;;;;;;
EVT13051OPTA;Ignore them.;;;;;;;;;;;;;
EVT13051OPTB;Do whatever it takes to uproot them.;;;;;;;;;;;;;
EVTDESC13061;\n\nThe_use_of_opium_in_a_neighboring_province_has_now_spread_to_the_inland._Farmers_and_laborers_throughout_$STATENAME$_fail_to_turn_up_for_work,_and_entire_fields_fall_fallow,_as_the_people_slip_further_and_further_down_into_the_mists_of_consuming_dependence.;;;;;;;;;;;;;
EVTNAME13185;An Invitation Arrives;;;;;;;;;;;;;
EVT13185OPTA;Attend the function.;;;;;;;;;;;;;
EVT13185OPTB;Refuse. We don't need their methods.;;;;;;;;;;;;;
EVTNAME13186;$FROMCOUNTRY_ADJ$ Influence;;;;;;;;;;;;;
EVT13186OPTA;We'll gladly support this initiative.;;;;;;;;;;;;;
EVT13186OPTB;They have our permission to continue, but we can offer no support.;;;;;;;;;;;;;
EVT13186OPTC;This is not in our best interest.;;;;;;;;;;;;;
EVTNAME13202;$FROMCOUNTRY_ADJ$ Relations;;;;;;;;;;;;;
EVTDESC13240_NEW;The_oil_lamp_flickered,_casting_an_orange,_sooty_glow_across_the_moist_brown_of_the_cargo_hold._The_average_ship_docking_in_$COUNTRY$_carried_very_little_to_raise_an_eyebrow,_but_years_of_being_fooled_and_fooled_again_by_foreign_merchants,_trying_to_dodge_some_excise_or_other,_had_left_him_with_a_sixth_sense_for_when_things_were_out_of_order._A_rat_scurrying_between_some_crates_tipped_him_off._A_sweet,_pungent_scent_too_familiar_not_to_be_alluring._Opium._A_cargo_hold_full_of_opium.;;;;;;;;;;;;;
EVT13202OPTA;We will defend our interests. §RGain 2 infamy§W;;;;;;;;;;;;;
EVT13202OPTB;We will not go to war over this.;;;;;;;;;;;;;
EVTNAME37710;Carlism Prevails;;;;;;;;;;;;;
EVT37710OPTA;Long live the true King!;;;;;;;;;;;;;
EVTNAME37711;The First Carlist War;;;;;;;;;;;;;
EVT37711OPTA;Carlos will bring Spain to ruin!;;;;;;;;;;;;;
EVT37711OPTB;Put him on the throne! §RCarlist path§!;;;;;;;;;;;;;
EVTNAME37712;The Defeat of the Carlists;;;;;;;;;;;;;
EVT37712OPTA;That is a relief.;;;;;;;;;;;;;
EVTNAME37713;Return of the Carlists;;;;;;;;;;;;;
EVT37713OPTA;Do whatever it takes to hunt them down.;;;;;;;;;;;;;
EVT37713OPTB;Let them talk.;;;;;;;;;;;;;
EVTNAME37714;Carlist Sympathies;;;;;;;;;;;;;
EVTDESC37714;\n\nIt_seems_that_sympathies_for_the_Carlists_among_the_locals_in_$PROVINCENAME$_have_been_increasing._Reports_have_it_that_another_rebel_cell_has_been_established,_and_that_a_campaign_of_resistance_against_Spanish_authorities_has_begun.;;;;;;;;;;;;;
EVT37714OPTA;This is not good news.;;;;;;;;;;;;;
EVTNAME37715;Carlist Cell Discovered!;;;;;;;;;;;;;
EVTDESC37715;\n\nThe_Carlist_cell_in_$PROVINCENAME$_has_been_found!_After_a_battle_with_authorities,_the_majority_of_the_rebels_have_been_either_captured_or_executed._We_have_found_good_information_in_their_base,_including_the_names_of_many_of_their_supporters_throughout_$PROVINCENAME$.;;;;;;;;;;;;;
EVT37715OPTA;Excellent work!;;;;;;;;;;;;;
EVTNAME37716;The Christinos Prevail!;;;;;;;;;;;;;
EVT37716OPTA;Long live the Queen!;;;;;;;;;;;;;
EVTNAME37717;Rise of the Christinos;;;;;;;;;;;;;
EVT37717OPTA;Do whatever it takes to hunt them down.;;;;;;;;;;;;;
EVT37717OPTB;Let them talk.;;;;;;;;;;;;;
EVTNAME37718;Christino Sympathies;;;;;;;;;;;;;
EVTDESC37718;\n\nIt_seems_that_sympathies_for_the_Christinos_among_the_locals_in_$PROVINCENAME$_have_been_increasing._Reports_have_it_that_another_rebel_cell_has_been_established,_and_that_a_campaign_of_resistance_against_Spanish_authorities_has_begun.;;;;;;;;;;;;;
EVT37718OPTA;This is not good news.;;;;;;;;;;;;;
EVTNAME37719;Christino Cell Discovered!;;;;;;;;;;;;;
EVTDESC37719;\n\nThe_Christino_cell_in_$PROVINCENAME$_has_been_found!_After_a_battle_with_authorities,_the_majority_of_the_rebels_have_been_either_captured_or_executed._We_have_found_good_information_in_their_base,_including_the_names_of_many_of_their_supporters_throughout_$PROVINCENAME$.;;;;;;;;;;;;;
EVT37719OPTA;Excellent work!;;;;;;;;;;;;;
EVTNAME37720;The Glorious Revolution;;;;;;;;;;;;;
EVTNAME137720;The Constitution of 1869;;;;;;;;;;;;;
EVT46872844OPTA;Give the crown to Prince Amadeo of Savoy.;;;;;;;;;;;;;
EVT46872844OPTB;Give the crown to Prince Leopold of Hohenzollern.;;;;;;;;;;;;;
EVT46872844OPTC;Prince Alfonso shall rule no matter the opposition.;;;;;;;;;;;;;
EVTNAME37721;The Spanish Succession;;;;;;;;;;;;;
EVT37721OPTA;A German prince on the Spanish throne? Outrageous!;;;;;;;;;;;;;
EVTNAME37722;King Leopold of Spain;;;;;;;;;;;;;
EVTDESC46872844;The_death_of_Leopoldo_O'Donnell_has_eroded_Queen_Isabella's_support,_to_the_point_where_a_movement_to_overthrow_her_has_rapidly_developed._A_mutiny_by_naval_officers_in_Cadiz_has_provided_the_spark_for_a_widespread_revolt_against_Isabella's_rule._Her_chief_minister_and_generals_have_deserted_her,_and_Isabella_was_forced_to_flee_into_exile._For_the_moment,_Spain_stands_without_a_ruler,_and_the_provisional_government_argues_over_what_its_next_step_should_be._Some_favor_abandoning_the_monarchy_altogether.;;;;;;;;;;;;;
EVT37722OPTA;We will not accept this. §RGain 1 infamy§W;;;;;;;;;;;;;
EVT37722OPTB;There is nothing we can do.;;;;;;;;;;;;;
EVTNAME37725;King Leopold Assassinated!;;;;;;;;;;;;;
EVT37725OPTA;Declare the Spanish Republic!;;;;;;;;;;;;;
EVT37725OPTB;Give the throne to Prince Alfonso.;;;;;;;;;;;;;
EVTNAME37730;The Abdication of Amadeo;;;;;;;;;;;;;
EVT37730OPTA;Declare the Spanish Republic!;;;;;;;;;;;;;
EVT37730OPTB;Give the throne to Prince Alfonso.;;;;;;;;;;;;;
EVTNAME37735;The Pavía Coup;;;;;;;;;;;;;
EVTNAME37736;The Bourbon Restoration;;;;;;;;;;;;;
EVTNAME37740;The Treaty of Paris, $YEAR$;;;;;;;;;;;;;
EVTDESC37740;We_are_losing_the_war_with_$FROMCOUNTRY$,_and_it's_only_a_matter_of_time_before_we're_forced_to_submit_to_a_humiliating_defeat._The_$FROMCOUNTRY_ADJ$_government_has_made_it_clear_it_considers_our_colonial_holdings_to_be_beyond_our_ability_to_control,_and_is_willing_to_purchase_them_for_a_'fair'_price._Failure_to_submit_to_their_demands_will_mean_the_war_dragging_on_to_its_inevitable_conclusion.;;;;;;;;;;;;;
EVT37740OPTA;Give them what they want.;;;;;;;;;;;;;
EVT37740OPTB;We refuse! Let them fight for it!;;;;;;;;;;;;;
EVTNAME37741;The Treaty of Paris;;;;;;;;;;;;;
EVT37741OPTA;Excellent!;;;;;;;;;;;;;
EVTNAME37742;$FROMCOUNTRY$ Has Refused!;;;;;;;;;;;;;
EVT37742OPTA;Make no additional demands.;;;;;;;;;;;;;
EVT37742OPTB;They will regret this. Lay claim to their colonies. §RGain 5 infamy§W;;;;;;;;;;;;;
EVTNAME37743;Carlist Propaganda;;;;;;;;;;;;;
EVTDESC37743;\n\nThe_Carlists_have_been_spreading_their_propaganda_into_neighboring_$PROVINCENAME$,_and_reports_have_it_that_their_lies_are_finding_a_ready_audience_among_the_locals._We_can_put_a_stop_to_their_efforts,_though_not_without_being_rather_indiscriminate_in_our_arrests_and_reprisals_among_$PROVINCENAME$'s_poor._Still,_radical_measures_may_be_called_for_in_order_to_stop_the_Carlists_from_gaining_headway_here.;;;;;;;;;;;;;
EVT37743OPTA;Do whatever it takes to stop them.;;;;;;;;;;;;;
EVT37743OPTB;Let them talk.;;;;;;;;;;;;;
EVTNAME37744;Christino Propaganda;;;;;;;;;;;;;
EVTDESC37744;\n\nThe_Christinos_have_been_spreading_their_propaganda_into_neighboring_$PROVINCENAME$,_and_reports_have_it_that_their_lies_are_finding_a_ready_audience_among_the_locals._We_can_put_a_stop_to_their_efforts,_though_not_without_being_rather_indiscriminate_in_our_arrests_and_reprisals_among_$PROVINCENAME$'s_poor._Still,_radical_measures_may_be_called_for_in_order_to_stop_the_Christinos_from_gaining_headway_here.;;;;;;;;;;;;;
EVT37744OPTA;Do whatever it takes to stop them.;;;;;;;;;;;;;
EVT37744OPTB;Let them talk.;;;;;;;;;;;;;
EVTNAME37745;Moroccan Border Dispute;;;;;;;;;;;;;
EVTDESC37745;A_heated_dispute_has_arisen_between_the_Moroccans_and_our_government_over_the_boundaries_of_our_holdings_in_Melilla._Some_believe_the_Moroccans_are_attempting_to_gain_sympathy_from_the_French,_but_we_have_it_on_good_authority_that_there_will_be_no_aid_coming_for_them._Now_may_be_the_time_for_us_to_exert_some_of_our_authority_over_this_African_upstart.;;;;;;;;;;;;;
EVT37745OPTA;We shall teach them a lesson.;;;;;;;;;;;;;
EVT37745OPTB;This must be resolved peacefully.;;;;;;;;;;;;;
EVT37750OPTA;Give them what they want.;;;;;;;;;;;;;
EVT37750OPTB;We refuse! Let them fight for it!;;;;;;;;;;;;;
EVTNAME37751;We Have Lost The War;;;;;;;;;;;;;
EVT37751OPTA;Calm the people. We do not want more war.;;;;;;;;;;;;;
EVT37751OPTB;Fan the flames while we can. §RGain 10 infamy§W;;;;;;;;;;;;;
EVT36943OPTA;All in the name of progress.;;;;;;;;;;;;;
EVTNAME36950;The Danish Gold Coast;;;;;;;;;;;;;
EVT36950OPTA;We agree to the sale.;;;;;;;;;;;;;
EVT36950OPTB;There's no need for conflict with the Ashanti.;;;;;;;;;;;;;
EVTNAME36955;Conflict with Burma;;;;;;;;;;;;;
EVT36955OPTA;We must defend British interests. §RGain 2 infamy§W;;;;;;;;;;;;;
EVT36955OPTB;It is better for Burma to remain an ally.;;;;;;;;;;;;;
EVTNAME36960;The Gold Coast Treaty;;;;;;;;;;;;;
EVT36960OPTA;We will sign the treaty.;;;;;;;;;;;;;
EVT36960OPTB;We refuse. Sekondi is ours.;;;;;;;;;;;;;
EVTNAME36961;The Dutch Have Agreed;;;;;;;;;;;;;
EVT36961OPTA;Excellent. §R(Pay or owe 200,000¤)§W;;;;;;;;;;;;;
EVTNAME36962;The Dutch Have Refused;;;;;;;;;;;;;
EVT36962OPTA;Then we shall leave it at that.;;;;;;;;;;;;;
EVT36962OPTB;Then we must consider using force. §RGain 2 infamy§W;;;;;;;;;;;;;
EVTNAME36965;The Lagos Slave Trade;;;;;;;;;;;;;
EVT36965OPTA;Send in our ships!;;;;;;;;;;;;;
EVT36965OPTB;This is too costly a venture. §GLose 2 infamy§W;;;;;;;;;;;;;
EVTNAME36966;$FROMCOUNTRY$ Seizes Lagos!;;;;;;;;;;;;;
EVT36966OPTA;What can we do? We must submit.;;;;;;;;;;;;;
EVT36966OPTB;If they want a war, we'll give them one!;;;;;;;;;;;;;
EVTNAME36967;Pirates in the Arab Coast;;;;;;;;;;;;;
EVTDESC36967;\n\nIn_1838,_under_Muhsin_bin_Fadl,_the_Sultanate_of_Lahej_ceded_194_sq._km_(75_sq._miles)_including_Aden_to_the_British_East_India_Company._Pirate_presence_in_the_area,_however,_is_disrupting_our_trade._Due_to_that,_the_British_Crown_is_planning_to_land_Royal_Marines_at_Aden_to_secure_the_territory_and_stop_attacks_by_pirates_against_British_ships_to_India._\n_The_Sultan_of_Lahej_will_not_be_happy.;;;;;;;;;;;;;
EVT36967OPTA;Who gives a hooch about the sultan anyway?;;;;;;;;;;;;;
EVTNAME36968;Poverty in Ireland;;;;;;;;;;;;;
EVTDESC36968;The_Duke_of_Wellington,_a_Tory,_is_known_to_have_said:_"There_never_was_a_country_in_which_poverty_existed_to_the_extent_that_it_exists_in_Ireland."_\n_\n_Kohl,_a_German_visitor_to_Ireland_in_the_early_19th_century,_while_traveling_through_rural_Ireland,_remarked:_"Now_I_have_seen_Ireland,_it_seems_to_me_that_the_poorest_among_the_Letts,_the_Estonians_and_the_Finlanders_lead_a_life_of_comparative_luxury.";;;;;;;;;;;;;
EVT36968OPTA;Drat.;;;;;;;;;;;;;
EVTNAME36970;The Suez Canal Company;;;;;;;;;;;;;
EVT36970OPTA;Allow them to have as much money as they want. §R(Pay or owe 500,000¤)§W;;;;;;;;;;;;;
EVT36970OPTB;Invest a little more than they asked for. §R(Pay or owe 400,000¤)§W;;;;;;;;;;;;;
EVT36970OPTC;Give them as much as they asked for. §R(Pay or owe 300,000¤)§W;;;;;;;;;;;;;
EVT36970OPTD;Invest a little less than they asked for. §R(Pay or owe 275,000¤)§W;;;;;;;;;;;;;
EVT36970OPTE;Invest the minimum amount §R(Pay or owe 250,000¤)§W;;;;;;;;;;;;;
EVT36971OPTA;Allow them to have as much money as they want. §R(Pay or owe 4,500,000¤)§W;;;;;;;;;;;;;
EVT36971OPTB;Invest a little more than they asked for. §R(Pay or owe 4,000,000¤)§W;;;;;;;;;;;;;
EVT36971OPTC;Give them as much as they asked for. §R(Pay or owe 3,500,000¤)§W;;;;;;;;;;;;;
EVT36971OPTD;Invest a little less than they asked for. §R(Pay or owe 3,000,000¤)§W;;;;;;;;;;;;;
EVT36971OPTE;Invest the minimum amount §R(Pay or owe 2,500,000¤)§W;;;;;;;;;;;;;
EVTNAME36971;Suez Canal Finished;;;;;;;;;;;;;
EVT369710OPTA;Glory for $COUNTRY$!;;;;;;;;;;;;;
EVTNAME36972;Our Ship Crosses the Suez;;;;;;;;;;;;;
EVT36972OPTA;As it should be.;;;;;;;;;;;;;
EVTNAME36973;Our Ship Crosses the Suez;;;;;;;;;;;;;
EVT36973OPTA;They will not like this.;;;;;;;;;;;;;
EVTNAME36974;$FROMCOUNTRY$ crosses the Suez;;;;;;;;;;;;;
EVT36974OPTA;$FROMCOUNTRY$ robbed us from our rightful glory!;;;;;;;;;;;;;
EVTNAME36975;Intervention in Egypt?;;;;;;;;;;;;;
EVT36975OPTA;We must protect our investment. §RGain 3 infamy§W;;;;;;;;;;;;;
EVT36975OPTB;There is no need for us to act. §GLose 1 infamy§W;;;;;;;;;;;;;
EVTNAME36976;The Construction of the Kiel Canal;;;;;;;;;;;;;
EVT36976OPTA;Give them more than they estimated. §R(Pay or owe 125,000¤)§W;;;;;;;;;;;;;
EVT36976OPTB;Give them the amount estimated. §R(Pay or owe 95,000¤)§W;;;;;;;;;;;;;
EVT36976OPTC;Give them less than they estimated. §R(Pay or owe 75,000¤)§W;;;;;;;;;;;;;
EVTNAME36977;The Kiel Canal is Finished;;;;;;;;;;;;;
EVT36977OPTA;The canal will greatly help $COUNTRY$.;;;;;;;;;;;;;
EVTNAME36978;Construction of the Panama Canal;;;;;;;;;;;;;
EVT36978OPTA;Allow them to have as much money as they need. §R(Pay or owe 500,000¤)§W;;;;;;;;;;;;;
EVT36978OPTB;Invest a little more than they asked for. §R(Pay or owe 450,000¤)§W;;;;;;;;;;;;;
EVT36978OPTC;Give them as much as they asked for. §R(Pay or owe 350,000¤)§W;;;;;;;;;;;;;
EVT36978OPTD;Invest a little less than they asked for. §R(Pay or owe 300,000¤)§W;;;;;;;;;;;;;
EVT36978OPTE;Invest the minimum amount possible. §R(Pay or owe 250,000¤)§W;;;;;;;;;;;;;
EVTNAME36979;The Construction of the Panama Canal is Finished;;;;;;;;;;;;;
EVT36979OPTA;This will surely help our power projection.;;;;;;;;;;;;;
EVTDESC36982;Our_recent_conquest_of_Suez_led_us_to_take_over_the_construction_of_the_Suez_Canal._While_the_resources_of_the_former_owner_are_in_the_site_and_work_on_the_Canal_had_started_already,_the_construction_will_suffer_a_delay_thanks_to_some_damage_on_the_site_and_the_chaos_and_disorganization_that_arose_from_this_ownership_change.;;;;;;;;;;;;;
EVTNAME97150;The Talambó Incident;;;;;;;;;;;;;
EVT97150OPTA;Issue an apology and hope for the best.;;;;;;;;;;;;;
EVT97150OPTB;This is a local matter. It has nothing to do with Spain.;;;;;;;;;;;;;
EVT97151OPTA;That time has passed. Accept the apology and move on.;;;;;;;;;;;;;
EVT97151OPTB;$FROMCOUNTRY$ must be brought into line.;;;;;;;;;;;;;
EVT97152OPTA;There is no point in pursuing the matter. §GLose 2 infamy§W;;;;;;;;;;;;;
EVT97152OPTB;$FROMCOUNTRY$ must be brought into line. §RGain 2 infamy§W;;;;;;;;;;;;;
EVTNAME97153;The Spanish Royal Commissary;;;;;;;;;;;;;
EVTDESC97153;A_Spanish_deputy_by_the_name_of_Eusebio_de_Salazar_y_Mazaredo_has_arrived_to_negotiate_with_the_$COUNTRY_ADJ$_government_regarding_the_Talambó_incident._The_problem,_however,_is_that_he_carries_with_him_the_title_of_Royal_Commissary._This_is_a_title_reserved_for_officials_dealing_with_Spanish_colonies,_not_ambassadors_to_sovereign_nations._This_is_a_deliberate_insult_to_$COUNTRY$!;;;;;;;;;;;;;
EVTNAME97155;Submitting to Spain;;;;;;;;;;;;;
EVT97155OPTA;Our time shall come again.;;;;;;;;;;;;;
EVTNAME97156;$FROMCOUNTRY$ Submits;;;;;;;;;;;;;
EVT97156OPTA;They've been taught their lesson.;;;;;;;;;;;;;
EVT97156OPTB;Set up a viceroyalty to rule in our name.;;;;;;;;;;;;;
EVTNAME97160;The Return of the Imperialists;;;;;;;;;;;;;
EVT97160OPTA;We do not want to get involved.;;;;;;;;;;;;;
EVT97160OPTB;Inform the Spanish they are not welcome.;;;;;;;;;;;;;
EVTNAME97161;$FROMCOUNTRY$ Protests;;;;;;;;;;;;;
EVT97161OPTA;So be it.;;;;;;;;;;;;;
EVTNAME97165;Appeal to America?;;;;;;;;;;;;;
EVT97165OPTA;No. We will stand on our own.;;;;;;;;;;;;;
EVT97165OPTB;Ask the Americans for help.;;;;;;;;;;;;;
EVTNAME97166;$FROMCOUNTRY$ Requests Aid;;;;;;;;;;;;;
EVT97166OPTA;$FROMCOUNTRY$ is on its own.;;;;;;;;;;;;;
EVT97166OPTB;Give them the alliance.;;;;;;;;;;;;;
EVTNAME97050;The Peru-Bolivian Confederation;;;;;;;;;;;;;
EVT97050OPTA;Assemble the Army of the North!;;;;;;;;;;;;;
EVT97050OPTB;We can coexist with this new nation...;;;;;;;;;;;;;
EVTNAME97055;End of the Confederation?;;;;;;;;;;;;;
EVT97055OPTA;So must it be. §GLose 2 infamy§W;;;;;;;;;;;;;
EVT97055OPTB;Never! The Confederation lives on! §RGain 2 infamy§W;;;;;;;;;;;;;
EVTNAME97060;The Uruguayan Crisis;;;;;;;;;;;;;
EVT97060OPTA;Send an ultimatum. Flores will be President. §RGain 2 infamy§W;;;;;;;;;;;;;
EVT97060OPTB;Uruguay is not worth it. §GLose 2 infamy§W;;;;;;;;;;;;;
EVTNAME97061;The $FROMCOUNTRY_ADJ$ Ultimatum;;;;;;;;;;;;;
EVT97061OPTA;We reject the Brazilian ultimatum.;;;;;;;;;;;;;
EVT97061OPTB;We cannot risk war with Brazil.;;;;;;;;;;;;;
EVTNAME97062;Uruguay Rejects the Ultimatum;;;;;;;;;;;;;
EVT97062OPTA;War it is. §RGain 2 infamy§W;;;;;;;;;;;;;
EVT97062OPTB;We will not push the matter further.;;;;;;;;;;;;;
EVTNAME97065;We Must Submit;;;;;;;;;;;;;
EVT97065OPTA;Let's see how they fare with Brazil looking over their shoulder.;;;;;;;;;;;;;
EVTNAME97066;The Blancos Have Surrendered;;;;;;;;;;;;;
EVTOPT97066A;Excellent!;;;;;;;;;;;;;
EVTNAME97090;The Argentina-Chile Border Treaty;;;;;;;;;;;;;
EVT97090OPTA;Sign the treaty.;;;;;;;;;;;;;
EVT97090OPTB;There is no need for such an agreement.;;;;;;;;;;;;;
EVTNAME97085;Conquest of the Desert;;;;;;;;;;;;;
EVT97085OPTA;For the glory of $COUNTRY$!;;;;;;;;;;;;;
EVTNAME97086;The Pacification of Patagonia;;;;;;;;;;;;;
EVT97086OPTA;Excellent!;;;;;;;;;;;;;
EVTNAME97080;Occupation of Araucania;;;;;;;;;;;;;
EVTDESC97080;$COUNTRY_ADJ$_forces_have_occupied_more_of_the_lands_in_the_southern_continent._The_pacification_of_the_local_natives_is_ongoing.;;;;;;;;;;;;;
EVT97080OPTA;For the glory of $COUNTRY$!;;;;;;;;;;;;;
EVTNAME97076;Settling Tarauaca;;;;;;;;;;;;;
EVTDESC97076;The_jungles_of_Tarauaca_lie_in_the_heart_of_the_Amazon,_and_rightfully_belong_to_$COUNTRY$._Currently_there_are_$COUNTRY_ADJ$_settlers_eager_for_the_opportunity_to_settle_the_region_and_have_asked_for_the_funds_to_assist_them,_though_advisors_say_this_may_cause_problems_with_neighboring_states_who_also_claim_the_territory.;;;;;;;;;;;;;
EVTOPT97076A;We will settle the Amazon.;;;;;;;;;;;;;
EVTOPT97076B;Ignore Tarauaca. It's not worth it.;;;;;;;;;;;;;
EVTNAME97075;The Era of Conservatism;;;;;;;;;;;;;
EVTOPT97075A;Viva El Presidente!;;;;;;;;;;;;;
EVTNAME97070;La Carta de la Esclavitud;;;;;;;;;;;;;
EVTOPT97070A;Flores will step down.;;;;;;;;;;;;;
EVTOPT97070B;We must keep order in Ecuador.;;;;;;;;;;;;;
EVTNAME500057;Swiss Banking;;;;;;;;;;;;;
EVTDESC500057;Swiss_mercenaries_brought_home_funds_from_their_contracts_that_helped_Swiss_banks_begin._Banking_began_in_the_eighteenth_century_by_way_of_the_riches_of_merchants_and_Wegelin_&_Co.,_established_in_1741,_is_the_oldest_bank_in_our_nation._Now,_in_the_beginning_of_a_new_era,_some_of_our_clients_wish_to_draw_some_money_from_their_accounts.;;;;;;;;;;;;;
EVTOPT500057A;Nothing we can't afford.;;;;;;;;;;;;;
EVTNAME46303;War of the Farrapos;;;;;;;;;;;;;
EVTDESC46303;Porto_Alegre_is_under_Brazilian_control_once_again._The_gauchos,_however,_have_promised_to_continue_their_rebellion_against_what_they_consider_unfair_rule_from_the_throne._It_may_prove_difficult_in_the_coming_years_to_keep_the_region_calm.;;;;;;;;;;;;;
EVT46303OPTA;They will submit or suffer the consequences.;;;;;;;;;;;;;
EVTNAME4660099;Urquiza's Statement;;;;;;;;;;;;;
EVTDESC4660099;\n\nIt_is_the_will_of_the_entrerriano_people_to_resume_the_exercise_of_the_powers_inherent_in_its_territorial_sovereignty_and_currently_delegated_to_His_Excellency_the_Governor_and_Captain_General_of_Buenos_Aires,_for_the_cultivation_of_external_relations_and_general_direction_of_peace_and_war_of_the_Argentine_Confederation,_under_the_quadrilateral_treaty_of_the_coastal_provinces_dated_January_4,_1831._\n_Until_now,_the_governor_of_the_Province_of_Buenos_Aires,_Juan_Manuel_de_Rosas,_had_all_the_government_power_and_exercised_all_external_relations_in_the_provinces_of_the_Confederation._Each_year_Rosas_presented_his_resignation,_knowing_it_would_be_rejected._This_statement_consisted_of_Urquiza's_effective_acceptance_of_the_resignation_of_Rosas_by_the_Province_of_Entre_Rios,_who_was_resuming_its_ability_to_conduct_its_trade_and_external_relations_with_other_nations_until_such_constitution_of_a_republic_was_formalized.;;;;;;;;;;;;;
EVTOPT4660099A;Death to the enemies of national organization!;;;;;;;;;;;;;
EVTOPT4660098B;We better stay on the Confederation side. §BPlay as the Argentine Confederation§W;;;;;;;;;;;;;
EVTOPT4660098C;Bide our time.;;;;;;;;;;;;;
EVTNAME46605;The Argentine Confederation;;;;;;;;;;;;;
EVTDESC46605;\n\nUnrest_is_stirring_against_the_Rosas_dictatorship_in_Argentina,_with_liberals_demanding_a_constitution_and_a_transition_to_democratic_rule._Justo_José_de_Urquiza,_the_governor_of_Entre_Rios,_has_approached_the_$COUNTRY_ADJ$_government_and_asked_us_to_support_an_uprising_should_Rosas_refuse_the_liberal_demands._The_help_we_would_give_would_be_to_install_a_democratic_government_in_Argentina,_not_to_support_a_free_Entre-Rios.;;;;;;;;;;;;;
EVTOPT46605A;We will support the uprising when it comes.;;;;;;;;;;;;;
EVTOPT46605B;We cannot offer aid.;;;;;;;;;;;;;
EVTNAME46610;The Constitutional Demand;;;;;;;;;;;;;
EVTDESC46610;\n\nIt_is_the_will_of_the_entrerriano_people_to_resume_the_exercise_of_the_powers_inherent_in_its_territorial_sovereignty_and_currently_delegated_to_His_Excellency_the_Governor_and_Captain_General_of_Buenos_Aires,_for_the_cultivation_of_external_relations_and_general_direction_of_peace_and_war_of_the_Argentine_Confederation,_under_the_quadrilateral_treaty_of_the_coastal_provinces_dated_January_4,_1831._Until_now,_the_governor_of_Buenos_Aires,_Juan_Manuel_de_Rosas,_had_all_the_government_power_and_exercised_all_external_relations_for_the_Confederation._Each_year_he_presented_his_resignation,_knowing_it_would_be_rejected._Urquiza's_statement_was_the_effective_acceptance_of_the_resignation_of_Rosas_by_the_Province_of_Entre_Rios,_who_was_resuming_its_ability_to_conduct_its_trade_and_external_relations_with_other_nations_until_such_constitution_of_a_republic_was_formalized._Neighboring_governments_might_support_Urquiza,_and_should_he_rise_up_in_rebellion,_they_will_intervene_on_his_behalf.;;;;;;;;;;;;;
EVTOPT46610A;We welcome the republic.;;;;;;;;;;;;;
EVTOPT46610B;Deny and warn them that this is rebellion.;;;;;;;;;;;;;
EVTOPT46610C;We fight with Buenos Aires! §BPlay as Buenos Aires§W;;;;;;;;;;;;;
EVTNAME46611;The Argentine Constitution of $YEAR$;;;;;;;;;;;;;
EVTDESC46611;\n\nWith_Rosas_unable_to_defeat_the_Entre_Rios_rebellion,_General_Urquiza_has_assumed_temporary_control_of_the_government._Meeting_with_liberals_in_Santa_Fe,_they_have_drawn_up_a_new_constitution_to_the_Argentine_Constitution._The_province_of_Buenos_Aires_is_displeased_and_vows_to_resist_while_the_former_Governor_and_President,_Juan_Manuel_de_Rosas,_was_forced_to_flee_the_country_and_is_now_exiled_in_the_United_Kingdom._Bartolome_Mitre_assumed_Buenos_Aires_in_his_stead.;;;;;;;;;;;;;
EVTNAME46612;Rosas is Victorious;;;;;;;;;;;;;
EVTDESC46612;\n\nThe_rebellion_in_the_provinces_of_the_Argentine_confederation_have_been_put_down,_and_both_General_Urquiza_and_his_supporters_have_been_captured_and_executed._The_Argentine_provinces_have_submitted_to_the_will_of_Buenos_Aires,_and_Rosas_reigns_supreme,_the_sole_judge_on_the_fate_of_Argentina.;;;;;;;;;;;;;
EVTOPT46612A;Unite Argentina!;;;;;;;;;;;;;
EVTOPT46612B;Let's continue as a Federation.;;;;;;;;;;;;;
EVTNAME4661001;Rosas Answer;;;;;;;;;;;;;
EVTDESC4661001;\n\nThe_governor_of_Buenos_Aires_and_president_of_the_Confederation,_Juan_Manuel_de_Rosas,_refused_our_constitutional_demand._Furthermore,_he_denied_we_have_the_right_to_conduct_external_relations_ourselves_and_warned_that_any_attempt_to_do_so_will_be_seen_as_rebellion.;;;;;;;;;;;;;
EVTOPT4661001A;Take control of Corrientes. Declare war on Rosas.;;;;;;;;;;;;;
EVTOPT4661001B;There is no option but submit to his will.;;;;;;;;;;;;;
EVTDESC4661002;\n\nWith_the_defeat_of_the_Confederation_armies,_General_Urquiza_took_control_of_the_government,_marching_triumphant_into_Buenos_Aires.;;;;;;;;;;;;;
EVTOPT4661002A;Great!;;;;;;;;;;;;;
EVTNAME4661003;The National Organization;;;;;;;;;;;;;
EVTOPT4661003A;Reform into the promised Democracy!;;;;;;;;;;;;;
EVTOPT4661003B;All power to the President!;;;;;;;;;;;;;
EVTOPT4661003C;Declare a Monarchy.;;;;;;;;;;;;;
EVTOPT4661003D;Keep things as they are.;;;;;;;;;;;;;
EVTNAME4661005;King Rosas the First;;;;;;;;;;;;;
EVTOPT4661005A;He shall reign with absolute power!;;;;;;;;;;;;;
EVTOPT4661005B;The king shall delegate some powers.;;;;;;;;;;;;;
EVTOPT4661005C;The monarchy will be a democratic one.;;;;;;;;;;;;;
EVTNAME4661004;Corrientes and Entre-Rios;;;;;;;;;;;;;
EVTDESC4661004;The_provinces_of_Corrientes_and_Entre-Rios_long_have_been_close._Now,_with_the_rebellion_of_Corrientes_and_our_conquest_of_the_province,_the_governor_of_Entre_Rios_made_several_political_moves_that_brought_the_province_under_his_influence.;;;;;;;;;;;;;
EVTOPT4661004A;That shouldn't be too much trouble.;;;;;;;;;;;;;
EVTNAME4661010;Paraguay Declares Independence;;;;;;;;;;;;;
EVT4661010PTA;We recognize the right of the Paraguayans to rule themselves. §GLose 1 infamy§W;;;;;;;;;;;;;
EVT4661010PTB;Never! Paraguay will always be part of Argentina. §RGain 10 infamy§W;;;;;;;;;;;;;
EVTNAME700013;Recognizing Paraguay's Independence;;;;;;;;;;;;;
EVTNAME4661011;Argentina Reunited;;;;;;;;;;;;;
EVTDESC4661011;\n\nAfter_years_of_strife_and_secession,_Argentina_is_finally_reunited._We_must_decide_once_and_for_all_whether_to_be_a_confederal_or_federal_state._Argentina's_future_hangs_in_the_balance,_as_our_decision_will_decide_our_destiny_forevermore.;;;;;;;;;;;;;
EVT4661011PTA;Declare the Argentine Republic!;;;;;;;;;;;;;
EVT4661011PTB;Stay as a Confederation.;;;;;;;;;;;;;
EVTNAME4661012;Negotiations with the Confederation;;;;;;;;;;;;;
EVTOPT700013A;We recognize Paraguay's independence.;;;;;;;;;;;;;
EVTOPT700013B;We refuse to recognize their independence.;;;;;;;;;;;;;
EVTNAME700014;The Death of Carlos Lopez;;;;;;;;;;;;;
EVTOPT700014A;Long may he rule!;;;;;;;;;;;;;
EVTNAME97666;The Rebellion is Over;;;;;;;;;;;;;
EVT97666OPTA;Then it is done.;;;;;;;;;;;;;
EVTNAME97680;The Sakhalin Question;;;;;;;;;;;;;
EVT97680OPTA;Demand the island, or it is war! §RGain 5 infamy§W;;;;;;;;;;;;;
EVT97680OPTB;This is not in our interests at this time.;;;;;;;;;;;;;
EVTNAME97681;The $FROMCOUNTRY_ADJ$ Demand;;;;;;;;;;;;;
EVT97681OPTA;The islands aren't worth a war.;;;;;;;;;;;;;
EVT97681OPTB;Of course we will fight for the motherland!;;;;;;;;;;;;;
EVTNAME97676;War With $FROMCOUNTRY$!;;;;;;;;;;;;;
EVT97676OPTA;We shall resist!;;;;;;;;;;;;;
EVTNAME97677;The Korean Question;;;;;;;;;;;;;
EVT97677OPTA;We should take advantage while we can. §RGain 5 infamy§W;;;;;;;;;;;;;
EVT97677OPTB;This is not in our best interest.;;;;;;;;;;;;;
EVTNAME97678;The Formosa Question;;;;;;;;;;;;;
EVT97678OPTA;Demand the island, or it is war!;;;;;;;;;;;;;
EVT97678OPTB;This is not in our interests.;;;;;;;;;;;;;
EVTNAME97679;The $FROMCOUNTRY_ADJ$ Demand;;;;;;;;;;;;;
EVT97679OPTA;We cannot fight them.;;;;;;;;;;;;;
EVT97679OPTB;This insult cannot be borne!;;;;;;;;;;;;;
EVT97627OPTA;This is most unfortunate.;;;;;;;;;;;;;
EVTNAME97630;The Death of Emperor Komei;;;;;;;;;;;;;
EVT97630OPTA;We welcome the new emperor.;;;;;;;;;;;;;
EVTNAME97635;Opposition to the Bakufu;;;;;;;;;;;;;
EVT97635OPTA;We will seek allies among the southern tozama.;;;;;;;;;;;;;
EVT97635OPTB;We will seek allies among the northern fudai.;;;;;;;;;;;;;
EVT97636OPTA;Perhaps it is time for a change.;;;;;;;;;;;;;
EVTDESC97637;\n\nThere_is_a_growing_restlessness_among_the_daimyo,_with_some_whispering_that_the_Tokugawa_Shogunate_has_grown_weak_and_is_unable_to_deal_with_the_encroachment_of_foreign_powers._We_have_received_word_that_the_Shogunate_has_consulted_with_the_fudai_daimyo,_perhaps_seeking_new_allies._This_is_hardly_unexpected,_though_the_tozama_agree_this_makes_it_clear_that_the_Shogunate_is_not_the_future_of_Japan.;;;;;;;;;;;;;
EVT97637OPTA;Perhaps it is time for a change.;;;;;;;;;;;;;
EVTNAME97640;The Meiji Rebellion;;;;;;;;;;;;;
EVT97640OPTA;We shall support the Emperor!;;;;;;;;;;;;;
EVT97640OPTB;We shall support the Shogun!;;;;;;;;;;;;;
EVT97641OPTA;The Emperor steps beyond his place!;;;;;;;;;;;;;
EVTDESC97642;The_$FROMCOUNTRY_ADJ$_clan_has_made_a_bold_move:_they_have_declared_they_intend_to_see_the_emperor_restored_to_rule_over_all_of_Japan._We_have_little_choice,_as_they_have_forced_our_hand._Either_we_rise_up_against_the_Shogun_now,_or_the_Shogun_will_assume_we_are_behind_the_rebellion_even_if_we_are_not._The_time_has_come_to_fight!;;;;;;;;;;;;;
EVT97642OPTA;Then fight we shall!;;;;;;;;;;;;;
EVTNAME97645;We Are Defeated;;;;;;;;;;;;;
EVT97645OPTA;The Boshin War is over.;;;;;;;;;;;;;
EVTNAME97646;The Meiji Restoration;;;;;;;;;;;;;
EVT97646OPTA;A victory for all of Japan!;;;;;;;;;;;;;
EVT97647OPTA;Of course we will comply.;;;;;;;;;;;;;
EVT97647OPTB;Never! We will fight to become the new Shogun!;;;;;;;;;;;;;
EVTNAME97648;A New Capital in the East?;;;;;;;;;;;;;
EVT97648OPTA;We will move the capital to Edo.;;;;;;;;;;;;;
EVT97648OPTB;The capital shall remain in Kyoto.;;;;;;;;;;;;;
EVTNAME97650;We Are Defeated;;;;;;;;;;;;;
EVT97650OPTA;The Boshin War is over.;;;;;;;;;;;;;
EVTNAME97651;Tokugawa Victory;;;;;;;;;;;;;
EVT97651OPTA;A victory for all of Japan!;;;;;;;;;;;;;
EVT97652OPTA;Of course we will comply.;;;;;;;;;;;;;
EVT97652OPTB;Never! We will fight on!;;;;;;;;;;;;;
EVTNAME97660;The Taisho Era;;;;;;;;;;;;;
EVT97660OPTA;Support the Taisho Democracy movement.;;;;;;;;;;;;;
EVT97660OPTB;These demonstrations are disruptive and unwanted.;;;;;;;;;;;;;
EVTNAME97661;The Shogunate Westernizes;;;;;;;;;;;;;
EVT97661OPTA;Then change we must.;;;;;;;;;;;;;
EVTNAME97665;The Satsuma Rebellion;;;;;;;;;;;;;
EVTNAME97670;The Northern Islands;;;;;;;;;;;;;
EVT97665OPTA;This cannot be allowed!;;;;;;;;;;;;;
EVT97665OPTB;We cannot afford a war.;;;;;;;;;;;;;
EVT97670OPTA;We must claim the northern islands.;;;;;;;;;;;;;
EVTNAME97673;The Path of Progress;;;;;;;;;;;;;
EVT97673OPTA;So shall it be.;;;;;;;;;;;;;
EVTNAME97674;The Line of Advantage;;;;;;;;;;;;;
EVT97674OPTA;So shall it be.;;;;;;;;;;;;
EVTNAME97675;China in Chaos;;;;;;;;;;;;;
EVT97675OPTA;We should take advantage while we can. §RGain 3 infamy§W;;;;;;;;;;;;;
EVT97675OPTB;This is not in our best interest.;;;;;;;;;;;;;
EVTNAME97600;Sakoku;;;;;;;;;;;;;
EVTDESC97600;\n\nMeaning_'locked_country',_Sakoku_was_the_foreign_relations_policy_of_Japan_instituted_by_the_Tokugawa_Shogunate_in_the_17th_century,_with_no_foreigner_allowed_to_enter_the_country_on_pain_of_death._While_some_contact_with_westerners_was_permitted_in_the_south,_at_the_Dejima_trade_enclave_in_particular,_such_contact_was_strictly_regulated_and_kept_Japan_in_a_state_of_isolation_from_the_rest_of_the_world.;;;;;;;;;;;;;
EVT97600OPTA;This is the proper way for Japan.;;;;;;;;;;;;;
EVTNAME97601;Rangaku;;;;;;;;;;;;;
EVTDESC97601;Meaning_'Western_Learning',_Rangaku_referred_to_the_body_of_knowledge_developed_by_Japan_through_its_contacts_with_the_Dutch_enclave_at_Dejima._Despite_the_enforced_isolation_of_the_nation,_this_policy_of_learning_allowed_western_influences_to_spread_--_particularly_in_the_southern_domains_of_Satsuma_and_Choshu.;;;;;;;;;;;;;
EVT97601OPTA;To resist the westerners, we must learn their ways.;;;;;;;;;;;;;
EVTNAME21130;The Great Tenpo Famine;;;;;;;;;;;;;
EVT21130OPTA;May the next bountiful harvest come soon.;;;;;;;;;;;;;
EVTNAME21131;The End of the Great Tenpo Famine;;;;;;;;;;;;;
EVT21131OPTA;Inari be praised!;;;;;;;;;;;;
EVTNAME21132;A Western Nation Proposes a "Treaty of Amity and Commerce";;;;;;;;;;;;
EVT21132OPTA;See what they want and get their navy to leave us alone.;;;;;;;;;;;;
EVT21132OPTB;We are not scared of them.;;;;;;;;;;;;
EVTNAME21133;Japan accepts the Treaty of Amity and Commerce;;;;;;;;;;;;
EVT21133OPTA;Wonderful!;;;;;;;;;;;;
EVTNAME21134;Japan rejects the Treaty of Amity and Commerce;;;;;;;;;;;;
EVT21134OPTA;Is there anything war doesn't solve? §RGain 2 infamy§W;;;;;;;;;;;;
EVT21134OPTB;This isn't worth our time.;;;;;;;;;;;;
EVTNAME21135;France Proposes a "Treaty of Amity and Commerce";;;;;;;;;;;;
EVT21135OPTA;Accept their terms.;;;;;;;;;;;;
EVT21135OPTB;Refuse.;;;;;;;;;;;;
EVTNAME21136;Japan Accepts the Treaty of Amity and Commerce;;;;;;;;;;;;
EVT21136OPTA;Wonderful!;;;;;;;;;;;;
EVTNAME21137;Japan Rejects the Treaty of Amity and Commerce;;;;;;;;;;;;
EVT21137OPTA;Is there anything war doesn't solve? §RGain 2 infamy§W;;;;;;;;;;;;
EVT21137OPTB;This isn't worth our time.;;;;;;;;;;;;
EVTNAME21138;Formation of the Shinsengumi;;;;;;;;;;;;
EVT21138OPTA;This is our ace in the hole.;;;;;;;;;;;;;
EVTNAME21139;Shinsengumi Patrols Arrive;;;;;;;;;;;;
EVTDESC21139;\n\nThe_Shogun_has_dispatched_an_elite_police_force_known_as_the_Shinsengumi_to_Kyoto_in_order_to_deal_with_pro-Imperial_activity._They_have_recently_been_reorganized_after_it_was_found_that_their_former_leader,_Kiyokawa_Hachiro,_was_an_Imperial_sympathizer._The_new_force_is_masterful_in_warfare_and_brutal_in_their_tactics._They_mean_to_strike_terror_in_the_hearts_of_anyone_who_opposes_the_Shogun.;;;;;;;;;;;;
EVT21139OPTA;We will retaliate soon enough.;;;;;;;;;;;;
EVTNAME21140;We have Crushed the Shinsengumi;;;;;;;;;;;;
EVT21140OPTA;A devastating blow!;;;;;;;;;;;;;`
EVTNAME21141;The Shinsengumi Crushed in Battle;;;;;;;;;;;;
EVT21141OPTA;A terrible loss.;;;;;;;;;;;;
EVTNAME21142;"Ee ja nai ka?";;;;;;;;;;;;
EVT21142OPTA;We will punish them if they step out of line.;;;;;;;;;;;;;
EVTNAME21143;The Morrison Incident;;;;;;;;;;;;
EVT21143OPTA;We stand by our military's actions.;;;;;;;;;;;;
EVT21143OPTB;This was a terrible misunderstanding.;;;;;;;;;;;;
EVTNAME21144;The Morrison Incident;;;;;;;;;;;;
EVT21144OPTA;This is an outrage!;;;;;;;;;;;;
EVT21144OPTB;We were wrong not to be more careful.;;;;;;;;;;;;
EVTNAME21145;The Morrison Incident;;;;;;;;;;;;
EVT21145OPTA;This better not happen again.;;;;;;;;;;;;
EVTNAME21146;The Otsu Incident;;;;;;;;;;;;
EVT21146OPTA;The perpetrator deserved all he got.;;;;;;;;;;;;
EVT21146OPTB;This is our chance to prepare for inevitable war.;;;;;;;;;;;;
EVTNAME21147;The Otsu Incident;;;;;;;;;;;;
EVT21147OPTA;The perpetrator deserved all he got.;;;;;;;;;;;;
EVT21147OPTB;This is our chance to secretly prepare for inevitable war.;;;;;;;;;;;;
EVTNAME21148;Attempted Assassination of Tsesarevich Nikolay in Japan;;;;;;;;;;;;
EVT21148OPTA;We will eventually forgive them. Eventually.;;;;;;;;;;;;
EVT21148OPTB;For every millisecond the sword was raised against Nicolay, 100,000 Japanese dead.;;;;;;;;;;;;
EVTNAME97605;Kurofune;;;;;;;;;;;;;
EVT97605OPTA;We have little choice but to agree.;;;;;;;;;;;;;
EVT97605OPTB;Never! We will fight the Americans if we must.;;;;;;;;;;;;;
EVTNAME97606;Commodore Perry Successful;;;;;;;;;;;;;
EVT97606OPTA;Well done!;;;;;;;;;;;;;
EVTNAME97607;The Japanese Are Defiant!;;;;;;;;;;;;;
EVT97607OPTA;War it is!;;;;;;;;;;;;;
EVT97607OPTB;We cannot afford a war on the other side of the Pacific.;;;;;;;;;;;;;
EVTNAME97608;Japanese Surrender?;;;;;;;;;;;;;
EVT97608OPTA;It seems we have little choice.;;;;;;;;;;;;;
EVT97608OPTB;We will hold out!;;;;;;;;;;;;;
EVTNAME97609;The Japanese Have Surrendered;;;;;;;;;;;;;
EVT97609OPTA;Excellent!;;;;;;;;;;;;;
EVTNAME97610;The Japanese Have Refused!;;;;;;;;;;;;;
EVT97610OPTA;An unfortunate choice.;;;;;;;;;;;;;
EVTNAME97615;Sonno Joi;;;;;;;;;;;;;
EVT97615OPTA;Japan must not descend into anarchy.;;;;;;;;;;;;;
EVTNAME97616;$PROVINCENAME$ Incident;;;;;;;;;;;;;
EVTDESC97616;\n\nThere_has_been_an_incident_in_$PROVINCENAME$_where_samurai,_acting_under_the_political_slogan_of_'Sonno_Joi',_have_committed_violence_against_foreigners_conducting_business_in_$STATENAME$._The_incident_has_affected_the_$COUNTRY$'s_relations_with_foreign_powers,_as_well_as_incited_locals_into_riot.;;;;;;;;;;;;;
EVT97616OPTA;This disruption is growing worse!;;;;;;;;;;;;;
EVTNAME97617;Order to Expel the Barbarians;;;;;;;;;;;;;
EVT97617OPTA;A dangerous and reckless act.;;;;;;;;;;;;;
EVT97618OPTA;$COUNTRY$ supports the Emperor.;;;;;;;;;;;;;
EVT97618OPTB;This is a dangerous and reckless act.;;;;;;;;;;;;;
EVTNAME97620;The Death of Iesada;;;;;;;;;;;;;
EVT97620OPTA;We will support the tozama and make Yoshinobu Shogun.;;;;;;;;;;;;;
EVT97620OPTB;The fudai are Tokugawa allies. Iemochi will be Shogun.;;;;;;;;;;;;;
EVTNAME97621;Tokugawa Yoshinobu is Shogun;;;;;;;;;;;;;
EVTNAME97623;Tokugawa Iemochi is Shogun;;;;;;;;;;;;;
EVT97623OPTA;We shall see.;;;;;;;;;;;;;
EVT97624OPTA;A good sign indeed.;;;;;;;;;;;;;
EVTNAME97625;Sakuradamon Incident;;;;;;;;;;;;;
EVT97625OPTA;A compromise is clearly required.;;;;;;;;;;;;;
EVT97625OPTB;No! There will be no compromise with traitors!;;;;;;;;;;;;;
EVTNAME98400;The Jewish Diaspora;;;;;;;;;;;;;
EVTNAME98405;The Jewish Homeland;;;;;;;;;;;;;
EVT98400OPTA;We welcome all who wish to come.;;;;;;;;;;;;;
EVTDESC98405;\n\nJewish_families_in_$PROVINCENAME$,_having_originally_arrived_in_$COUNTRY$_as_a_result_of_the_diaspora,_are_reportedly_planning_on_emigrating_to_Israel_--_the_newly-established_Jewish_homeland_in_the_Palestine._We_could_encourage_them_to_remain,_but_that_might_not_be_a_simple_matter.;;;;;;;;;;;;;
EVTNAME10120_NEW;$COUNTRY_ADJ$ Herald;;;;;;;;;;;;;
EVTNAME10155;Pan-Nationalist Fervor;;;;;;;;;;;;;
EVT10155OPTA;Long live $CULTURE_GROUP_UNION$!;;;;;;;;;;;;;
EVTNAME10205;Fighting in the Streets;;;;;;;;;;;;;
EVT10205OPTA;Punish the liberals.;;;;;;;;;;;;;
EVT10205OPTB;Punish the reactionaries.;;;;;;;;;;;;;
EVT10205OPTC;The fighting simply has to stop.;;;;;;;;;;;;;
EVTNAME10190_NEW;Fiery Sermon in $PROVINCENAME$;;;;;;;;;;;;;
EVTNAME10200_NEW;Liberal Insurrection in $PROVINCENAME$;;;;;;;;;;;;;
EVTNAME10210_NEW;Liberal Revolt in $PROVINCENAME$;;;;;;;;;;;;;
EVTNAME10215;Inspired Nationalists;;;;;;;;;;;;;
EVT10215OPTA;Revolution is like the plague.;;;;;;;;;;;;;
EVTNAME10216;Nationalist Fervor in $PROVINCENAME$;;;;;;;;;;;;;
EVTDESC10216;\n\nNationalists_in_$PROVINCENAME$,_inspired_by_the_wave_of_liberalism_throughout_$COUNTRY$,_have_risen_up._Agitators_are_running_through_the_streets_waving_flags_and_calling_for_their_brethren_to_fight_for_freedom._Responding_with_violence_could_inflame_the_entire_state,_but_$COUNTRY_ADJ$_officials_agree_that_this_cannot_be_allowed_to_continue.;;;;;;;;;;;;;
EVT10216OPTA;Crush them.;;;;;;;;;;;;;
EVT10216OPTB;Make promises of reform.;;;;;;;;;;;;;
EVTDESC10170_NEW;\n\nLike_rats_carrying_contagious_diseases,_the_preachers_of_modernity_move_effortlessly_back_and_forth_across_our_borders._Liberal_agitation_has_spread_to_$PROVINCENAME$_from_a_neighboring_province_and_is_now_threatening_to_inflame_the_entire_state._We_might_want_to_send_some_troops_here.;;;;;;;;;;;;;
EVTDESC10200_NEW;\n\n'Death_to_the_$MONARCHTITLE$!',_a_hoarse_voice_cries._The_streets_in_$PROVINCENAME$_have_come_alive._A_local_injustice,_or_the_perception_of_one,_have_animated_the_unwashed_masses_into_rebellion_against_our_rule_and_threatens_to_spread_to_the_rest_of_the_state._The_revolt_is_still_small_enough_that_its_future_course_has_not_been_set_in_stone,_and_leniency_might_avert_it,_but_perhaps_it_is_best_to_put_our_foot_down_firmly_to_set_an_example?;;;;;;;;;;;;;
EVTNAME10221;Chartist Rally in Kennington Common;;;;;;;;;;;;;
EVT10221OPTA;Implement the People's Charter.;;;;;;;;;;;;;
EVT10221OPTB;Shut them down.;;;;;;;;;;;;;
EVT98405OPTA;Whoever wishes to go may leave.;;;;;;;;;;;;;
EVT98405OPTB;Give them incentives to stay.;;;;;;;;;;;;;
EVTNAME10225;Hungarian Revolution of $YEAR$;;;;;;;;;;;;;
EVT10225OPTA;We will restore order!;;;;;;;;;;;;;
EVT10225OPTB;We have no choice but to let them go.;;;;;;;;;;;;;
EVT10225OPTC;Throw off Habsburg rule! §BPlay as Hungary§W;;;;;;;;;;;;;
EVTNAME10226;Freedom At Last!;;;;;;;;;;;;;
EVT10226OPTA;A new age has begun!;;;;;;;;;;;;;
EVTNAME10227;The Hungarian Question;;;;;;;;;;;;;
EVT10227OPTA;Hungary belongs to Austria.;;;;;;;;;;;;;
EVT10227OPTB;We must pursue reconciliation. §GLose 2 infamy§W;;;;;;;;;;;;;
EVTNAME10228;Constitutional Reform;;;;;;;;;;;;;
EVT10228OPTA;We have little choice.;;;;;;;;;;;;;
EVT10228OPTB;Some limited freedoms are acceptable, but no more.;;;;;;;;;;;;;
EVT10228OPTC;Never! Shut the liberals down!;;;;;;;;;;;;;
EVTNAME10229;The $COUNTRY_ADJ$ Uprising;;;;;;;;;;;;;
EVT10229OPTA;Give them limited reforms, if it pleases them.;;;;;;;;;;;;;
EVT10229OPTB;Make promises, but work to undermine them.;;;;;;;;;;;;;
EVTNAME16401;$FROMCOUNTRY$ Applies For Statehood!;;;;;;;;;;;;;
EVT16401OPTA;We accept.;;;;;;;;;;;;;
EVT16401OPTB;We refuse.;;;;;;;;;;;;;
EVTNAME16500;Second Constitutional Convention;;;;;;;;;;;;;
EVT16500OPTA;The convention will move forward.;;;;;;;;;;;;;
EVT16500OPTB;The constitution shall not be amended to appease abolitionists.;;;;;;;;;;;;;
EVTNAME16501;Dissatisfaction in the North;;;;;;;;;;;;;
EVT16501OPTA;And what will this achieve, exactly?;;;;;;;;;;;;;
EVTDESC16505;\n\nTalk_of_secession_from_the_Union_can_be_heard_on_the_streets_of_$PROVINCENAME$._In_fact,_all_over_$STATENAME$_there_is_talk_of_secession,_fueled_by_outrage_over_the_changes_to_the_American_constitution_which_have_stripped_states_of_their_equality._Local_sentiments_seem_to_be_turning_towards_the_south_even_though_$STATENAME$_is_not_a_slave_state.;;;;;;;;;;;;;
EVTDESC16506;\n\nTalk_of_secession_from_the_Union_can_be_heard_on_the_streets_of_$PROVINCENAME$._In_fact,_all_over_$STATENAME$_there_is_talk_of_secession,_as_liberals_spread_loud_complaints_over_their_dissatisfaction_with_the_deadlock_in_the_senate._They_speak_of_a_new_Union_based_in_the_north,_based_on_the_true_freedom_the_founding_fathers_intended.;;;;;;;;;;;;;
EVTNAME16510;The Free States of America;;;;;;;;;;;;;
EVT16510OPTA;We support the Free Americans! §BPlay as the FSA§W;;;;;;;;;;;;;
EVT16510OPTB;The rebels shall be dealt with swiftly and mercilessly.;;;;;;;;;;;;;
EVTNAME16515;The Union Sundered;;;;;;;;;;;;;
EVT16515OPTA;All of America will be retaken. We swear it.;;;;;;;;;;;;;
EVTNAME97550;The Federal Republic;;;;;;;;;;;;;
EVTNAME97551;Costa Rica Declares Independence;;;;;;;;;;;;;
EVTDESC97551;With_rebels_in_Nicaragua_having_already_declared_its_independence_from_the_Federal_Republic,_it_has_become_next_to_impossible_for_the_government_to_maintain_order_in_southern_Costa_Rica._Government_authorities_have_withdrawn_as_locals_have_overtaken_the_capital_in_San_Jose.;;;;;;;;;;;;;
EVTNAME97552;Nicaragua Declares Independence;;;;;;;;;;;;;
EVTDESC97552;With_rebels_in_Honduras_having_already_declared_its_independence_from_the_Federal_Republic,_it_has_become_next_to_impossible_for_the_government_to_maintain_order_in_Nicaragua._Government_authorities_have_withdrawn_as_locals_have_overtaken_the_capital_in_Managua.;;;;;;;;;;;;;
EVTNAME975521;Honduras Declares Independence;;;;;;;;;;;;;
EVTDESC975521;With_rebels_rampant_in_the_south,_it_has_become_next_to_impossible_for_the_government_to_maintain_order_in_Honduras._Government_authorities_have_withdrawn_as_locals_have_overtaken_the_capital_in_Comayagua.;;;;;;;;;;;;;
EVTNAME975522;El Salvador Declares Independence;;;;;;;;;;;;;
EVTDESC975522;With_rebels_rampant_in_the_south,_it_has_become_next_to_impossible_for_the_government_to_maintain_order_in_El_Salvador._Government_authorities_have_withdrawn_as_locals_have_overtaken_the_capital_in_San_Salvador.;;;;;;;;;;;;;
EVT975521OPTA;The republic must live on!;;;;;;;;;;;;;
EVTNAME97553;Order Restored in El Salvador;;;;;;;;;;;;;
EVTDESC97553;The_government_has_managed_to_restore_order_in_the_El_Salvador_region._Officials_in_San_Salvador_have_re-dedicated_themselves_to_the_future_of_the_union.;;;;;;;;;;;;;
EVTNAME97554;Order Restored in Honduras;;;;;;;;;;;;;
EVTDESC97554;The_government_has_managed_to_restore_order_in_the_Honduras_region._Officials_in_Comayagua_have_re-dedicated_themselves_to_the_future_of_the_union.;;;;;;;;;;;;;
EVTNAME97555;Order Restored in Nicaragua;;;;;;;;;;;;;
EVTDESC97555;The_government_has_managed_to_restore_order_in_the_Nicaragua_region._Officials_in_Managua_have_re-dedicated_themselves_to_the_future_of_the_union.;;;;;;;;;;;;;
EVTNAME97556;Order Restored in Costa Rica;;;;;;;;;;;;;
EVTDESC97556;The_government_has_managed_to_restore_order_in_the_Costa_Rica_region._Officials_in_San_Jose_have_re-dedicated_themselves_to_the_future_of_the_union.;;;;;;;;;;;;;
EVT97556OPTA;Excellent news!;;;;;;;;;;;;;
EVTNAME97560;End of the Republic?;;;;;;;;;;;;;
EVT97560OPTA;We will continue fighting to preserve the republic!;;;;;;;;;;;;;
EVT97560OPTB;The republic must end.;;;;;;;;;;;;;
EVTNAME32550;The Belize Purchase?;;;;;;;;;;;;;
EVT32550OPTA;We gladly accept.;;;;;;;;;;;;;
EVT32550OPTB;We refuse.;;;;;;;;;;;;;
EVTNAME32551;$FROMCOUNTRY$ Accepts!;;;;;;;;;;;;;
EVT32551OPTA;Excellent.;;;;;;;;;;;;;
EVTNAME32552;$FROMCOUNTRY$ Declines!;;;;;;;;;;;;;
EVT32552OPTA;Hm, I see.;;;;;;;;;;;;;
EVTNAME975600;The War Must End;;;;;;;;;;;;;
EVT975600OPTA;So must it be.;;;;;;;;;;;;;
EVTNAME975610;The Secession of Costa Rica;;;;;;;;;;;;;
EVTDESC975610;Costa_Rica_has_seceded_from_the_Federal_Republic,_sparking_renewed_unrest_elsewhere_in_the_union.;;;;;;;;;;;;;
EVT975610OPTA;Order must be restored!;;;;;;;;;;;;;
EVT975610OPTB;Let them go.;;;;;;;;;;;;;
EVTNAME97559;The Secession of Nicaragua;;;;;;;;;;;;;
EVTDESC97559;Nicaragua_has_seceded_from_the_Federal_Republic,_sparking_renewed_unrest_elsewhere_in_the_union.;;;;;;;;;;;;;
EVTNAME97558;The Secession of Honduras;;;;;;;;;;;;;
EVTDESC97558;Honduras_has_seceded_from_the_Federal_Republic,_sparking_renewed_unrest_elsewhere_in_the_union.;;;;;;;;;;;;;
EVTNAME97557;The Secession of El Salvador;;;;;;;;;;;;;
EVTDESC97557;El_Salvador_has_seceded_from_the_Federal_Republic,_sparking_renewed_unrest_elsewhere_in_the_union.;;;;;;;;;;;;;
EVTNAME16425;Little Bighorn;;;;;;;;;;;;;
EVTNAME16445;Apache Raiders;;;;;;;;;;;;;
EVTDESC16445;\n\nLocal_native_groups_are_raiding_our_settlements_in_$PROVINCENAME$.;;;;;;;;;;;;;
EVT16445OPTA;Blast them!;;;;;;;;;;;;;
EVTNAME44122;Webster-Ashburton Treaty;;;;;;;;;;;;;
EVT44122OPTA;Great!;;;;;;;;;;;;;
EVT44122OPTB;The US does not compromise. §RGain 4 infamy§W;;;;;;;;;;;;;
EVTNAME44125;The Western Territories;;;;;;;;;;;;;
EVTDESC44125;Mexico_is_not_properly_utilizing_the_lands_between_ours_and_the_Pacific._It_is_our_destiny_to_bring_American_rule_and_prosperity_to_all_of_North_America,_and_our_responsibility_to_take_these_lands_from_Mexico_so_they_may_flourish._To_avoid_further_war_with_Mexico,_we_should_approach_their_government_and_see_if_they_will_consider_selling_these_lands_to_us.;;;;;;;;;;;;;
EVTNAME44126;The $FROMCOUNTRY$ want California!;;;;;;;;;;;;;
EVT44126OPTA;No. That land is rightfully ours.;;;;;;;;;;;;;
EVT44126OPTB;We cannot afford for this to escalate.;;;;;;;;;;;;;
EVTNAME44127;Mexico Has Refused!;;;;;;;;;;;;;
EVT44127OPTB;We shall surrender our claims.;;;;;;;;;;;;;
EVTNAME44140;The Northern Alaska Purchase;;;;;;;;;;;;;
EVTNAME44141;$FROMCOUNTRY$ Has Refused;;;;;;;;;;;;;
EVTNAME44142;$FROMCOUNTRY$ Has Agreed;;;;;;;;;;;;;
EVTNAME44145;The Hawaiian Islands Purchase;;;;;;;;;;;;;
EVT44145OPTA;Sell the territory.;;;;;;;;;;;;;
EVT44145OPTB;Never! We got there first.;;;;;;;;;;;;;
EVT44146OPTA;A foolish move.;;;;;;;;;;;;;
EVT44147OPTA;A wise move. §R(Pay or owe 500,000¤)§W;;;;;;;;;;;;;
EVTNAME44150;54-40 or Fight!;;;;;;;;;;;;;
EVT44150OPTA;All of Oregon belongs to the United States. §RGain 5 infamy§W;;;;;;;;;;;;;
EVT44150OPTB;Open further negotiations with the British.;;;;;;;;;;;;;
EVT44150OPTC;If a border along the Columbia River helps us avoid war, so be it.;;;;;;;;;;;;;
EVTNAME44151;The Columbia District;;;;;;;;;;;;;
EVT441511OPTA;We will agree to create a buffer state. §GLose 2 infamy§W;;;;;;;;;;;;;
EVT44151OPTA;We will agree to split the territory between us. §GLose 2 infamy§W;;;;;;;;;;;;;
EVT44151OPTC;We will agree to split the territory between us. §GLose 3 infamy§W;;;;;;;;;;;;;
EVT44151OPTB;We will not allow a former colony to threaten our interests. §RGain 5 infamy§W;;;;;;;;;;;;;
EVTNAME44152;The Oregon Treaty;;;;;;;;;;;;;
EVT44152OPTA;This will settle the matter once and for all.;;;;;;;;;;;;;
EVTNAME44153;Oregon Negotiations Break Down;;;;;;;;;;;;;
EVT44153OPTA;Abandon our claims.;;;;;;;;;;;;;
EVT44153OPTB;Press ahead with our claims.;;;;;;;;;;;;;
EVTNAME44154;American Claims in Columbia;;;;;;;;;;;;;
EVTNAME44155;Oregon Country is Ours;;;;;;;;;;;;;
EVT44154OPTA;Let them have Columbia. It is not worth fighting over.;;;;;;;;;;;;;
EVT44154OPTB;We will not allow a former colony to threaten our interests.;;;;;;;;;;;;;
EVT44155OPTA;A grand day for Manifest Destiny!;;;;;;;;;;;;;
EVTNAME44156;Compromise Along Columbia River;;;;;;;;;;;;;
EVT44156OPTA;All's well that ends well.;;;;;;;;;;;;;
EVT44156OPTB;The United Kingdom demands Columbia in its entirety! §RGain 5 infamy§W;;;;;;;;;;;;;
EVTNAME95026;Liberian Independence;;;;;;;;;;;;;
EVTDESC95026;The_Liberian_colony_was_founded_as_a_homeland_for_freed_American_slaves_by_the_American_Colonization_Society._Now_that_Liberia_is_considered_a_financial_drain_on_its_resources,_the_ACS_is_urging_Liberia_to_proclaim_independence_and_find_its_own_destiny.;;;;;;;;;;;;;
EVT95026OPTA;Proclaim independence.;;;;;;;;;;;;;
EVT95026OPTB;We value American protection.;;;;;;;;;;;;;
EVTDESC95027;The_Liberian_colony_was_founded_as_a_homeland_for_freed_American_slaves_by_the_American_Colonization_Society._Now_that_Liberia_is_considered_a_financial_drain_on_its_resources,_the_ACS_has_convinced_Liberia_to_request_its_independence_from_the_$COUNTRY_ADJ$_government.;;;;;;;;;;;;;
EVT95027OPTA;Grant them independence.;;;;;;;;;;;;;
EVT95027OPTB;This is not in our interests.;;;;;;;;;;;;;
EVTNAME95028;$FROMCOUNTRY$ Has Refused;;;;;;;;;;;;;
EVTDESC95028;Despite_the_urging_of_the_ACS,_the_$FROMCOUNTRY_ADJ$_has_denied_$COUNTRY_ADJ$_independence.;;;;;;;;;;;;;
EVT95028OPTA;Outrageous!;;;;;;;;;;;;;
EVTNAME44805;Antonio López de Santa Anna;;;;;;;;;;;;;
EVT44805OPTA;The rebels shall be brought to their knees.;;;;;;;;;;;;;
EVTNAME44810;Rebellion in $STATENAME$;;;;;;;;;;;;;
EVTDESC44810;\n\nMalcontents_in_$STATENAME$_have_risen_up_in_defiance_of_the_government,_demanding_a_return_to_democratic_rule!;;;;;;;;;;;;;
EVT44810OPTA;More rebel scum?!;;;;;;;;;;;;;
EVTNAME44815;Texas Recaptured!;;;;;;;;;;;;;
EVT44815OPTA;That will teach them.;;;;;;;;;;;;;
EVTNAME44820;The Republic of the Rio Grande;;;;;;;;;;;;;
EVTNAME44821;The Yucatan Republic;;;;;;;;;;;;;
EVTNAME44822;Join the United Provinces?;;;;;;;;;;;;;
EVT44822OPTA;Join them.;;;;;;;;;;;;;
EVT44822OPTB;We shall remain independent.;;;;;;;;;;;;;
EVTNAME44825;The Treaty of Guadalupe Hidalgo;;;;;;;;;;;;;
EVT44825OPTA;We agree to their proposal.;;;;;;;;;;;;;
EVT44825OPTB;We refuse!;;;;;;;;;;;;;
EVTNAME44826;$FROMCOUNTRY$ Has Agreed;;;;;;;;;;;;;
EVT44826OPTA;A wise move. §R(Pay or owe 100,000¤)§W;;;;;;;;;;;;;
EVTNAME44827;$FROMCOUNTRY$ Has Refused;;;;;;;;;;;;;
EVT44827OPTA;A foolish move.;;;;;;;;;;;;;
EVTNAME44830;Execution of Emperor Maximilian;;;;;;;;;;;;;
EVT44830OPTA;It was bound to happen.;;;;;;;;;;;;;
EVTNAME44835;The Plan of Tuxtepec;;;;;;;;;;;;;
EVT44835OPTA;Never!;;;;;;;;;;;;;
EVT44835OPTB;We welcome El Presidente!;;;;;;;;;;;;;
EVTNAME44840;Santa Anna Captured!;;;;;;;;;;;;;
EVT44840OPTA;Force him to sign the treaty.;;;;;;;;;;;;;
EVT44840OPTB;Execute him.;;;;;;;;;;;;;
EVT44841OPTA;Honor the treaty and negotiate for Santa Anna's return.;;;;;;;;;;;;;
EVT44841OPTB;Call a ceasefire -- for now.;;;;;;;;;;;;;
EVT44841OPTC;Continue the war. Let the Americans do as they wish. §RGain 5 infamy§W;;;;;;;;;;;;;
EVTNAME44842;The Treaties of Velasco;;;;;;;;;;;;;
EVT44842OPTA;Victory for Texas!;;;;;;;;;;;;;
EVTNAME44843;Ceasefire With Mexico;;;;;;;;;;;;;
EVT44843OPTA;This will have to do.;;;;;;;;;;;;;
EVTNAME44844;Mexico Ignores the Treaties;;;;;;;;;;;;;
EVT44844OPTA;Appeal to the Americans for help.;;;;;;;;;;;;;
EVT44844OPTB;We will fight this out on our own.;;;;;;;;;;;;;
EVTNAME44845;War With Mexico!;;;;;;;;;;;;;
EVTNAME44846;The Texan Diplomat;;;;;;;;;;;;;
EVT44846OPTA;Tell them we will do what we can.;;;;;;;;;;;;;
EVT44846OPTB;They are on their own.;;;;;;;;;;;;;
EVTNAME96100;The Arab Revolt;;;;;;;;;;;;;
EVT96100OPTA;Put them down.;;;;;;;;;;;;;
EVT96100OPTB;Perhaps self-governance will make them happy?;;;;;;;;;;;;;
EVTNAME96101;$COUNTRY_ADJ$ Self-Rule;;;;;;;;;;;;;
EVT96101OPTA;They think this will make us happy?;;;;;;;;;;;;;
EVT96102OPTA;We shall see.;;;;;;;;;;;;;
EVTNAME96105;End of the Arab Revolt;;;;;;;;;;;;;
EVT96105OPTA;Excellent news!;;;;;;;;;;;;;
EVTNAME96106;Arab Uprising in $PROVINCENAME$;;;;;;;;;;;;;
EVTDESC96106;\n\nWe_have_received_word_of_an_uprising_that_has_occurred_in_$PROVINCENAME$._A_group_of_Mashriqi_tribesman_attacked_the_local_$COUNTRY_ADJ$_garrison,_and_were_quickly_put_down._The_$PROVINCENAME$_governor_made_a_point_of_displaying_their_bodies,_hoping_that_would_discourage_others_from_following_suit._It_hasn't._Arab_outrage_has_been_fanned_throughout_$STATENAME$.;;;;;;;;;;;;;
EVT96106OPTA;Reprimand the governor. This cannot get out of hand.;;;;;;;;;;;;;
EVT96106OPTB;Put this down quickly.;;;;;;;;;;;;;
EVTNAME96110;The House of Saud Returns;;;;;;;;;;;;;
EVT96110OPTA;A fruitless rebellion against our rule.;;;;;;;;;;;;;
EVTNAME96115;The Rule of Hedjaz;;;;;;;;;;;;;
EVT96115OPTA;We fear the Ottomans more.;;;;;;;;;;;;;
EVT96115OPTB;We side with Egypt.;;;;;;;;;;;;;
EVTNAME96120;The House of Rashid;;;;;;;;;;;;;
EVT96120OPTA;So must it be!;;;;;;;;;;;;;
EVTNAME96121;The House of Saud;;;;;;;;;;;;;
EVT96121OPTA;So must it be!;;;;;;;;;;;;;
EVTNAME97170;The Mahdist Uprising;;;;;;;;;;;;;
EVT97170OPTA;Khartoum may not fall.;;;;;;;;;;;;;
EVTNAME97171;Mahdists in $PROVINCENAME$;;;;;;;;;;;;;
EVTDESC97171;Followers_of_the_Mahdi_have_struck_again,_this_time_in_the_province_of_$PROVINCENAME$._The_religious_leader's_jihad_against_foreigners_has_sparked_a_local_rebellion,_one_that_the_authorities_have_had_a_difficult_time_putting_down.;;;;;;;;;;;;;
EVT97171OPTA;Put down the uprising at once!;;;;;;;;;;;;;
EVTNAME98725;The Call for Arab Unity;;;;;;;;;;;;;
EVT98725OPTA;We will lead the Arab world!;;;;;;;;;;;;;
EVTNAME95260;The Disunited States;;;;;;;;;;;;;
EVT95260OPTA;Unacceptable!;;;;;;;;;;;;;
EVTNAME95261;The Sons of Liberty;;;;;;;;;;;;;
EVTDESC95261;\n\nA_group_calling_themselves_the_Sons_of_Liberty_has_secretly_formed_in_$PROVINCENAME$,_advocating_either_the_overthrow_of_the_totalitarian_American_regime_or_the_secession_of_$STATENAME$_from_the_Union._American_law-enforcement_is_doing_its_best_to_hunt_down_these_traitors.;;;;;;;;;;;;;
EVT95261OPTA;Do anything possible to crush them.;;;;;;;;;;;;;
EVT95261OPTB;Hunt them... quietly.;;;;;;;;;;;;;
EVTNAME95262;The Union Reborn!;;;;;;;;;;;;;
EVT95262OPTA;The Founding Fathers would be proud.;;;;;;;;;;;;;
EVTNAME95265;The Philadelphia Convention;;;;;;;;;;;;;
EVTNAME95266;The Congress of $STATENAME$;;;;;;;;;;;;;
EVTDESC95266;\n\nA_group_of_politicians_has_gathered_in_$PROVINCENAME$,_issuing_a_declaration_that_the_state_of_$STATENAME$_would_hereby_secede_from_the_Union_and_join_with_the_Free_States_of_America.;;;;;;;;;;;;;
EVT95266OPTA;An outrage!;;;;;;;;;;;;;
EVTNAME95267;The New Confederacy;;;;;;;;;;;;;
EVTDESC95268;\n\nA_group_of_politicians_has_gathered_in_$PROVINCENAME$,_issuing_a_declaration_that_the_state_of_$STATENAME$_would_hereby_secede_from_the_Union_and_join_with_the_Confederate_States_of_America.;;;;;;;;;;;;;
EVTNAME95269;The Secession of Oregon;;;;;;;;;;;;;
EVTDESC95270;\n\nA_group_of_politicians_has_gathered_in_$PROVINCENAME$,_issuing_a_declaration_that_the_state_of_$STATENAME$_would_hereby_secede_from_the_Union_and_join_with_the_Oregon_Country.;;;;;;;;;;;;;
EVTNAME95271;The Colorado Convention;;;;;;;;;;;;;
EVTDESC95272;\n\nA_group_of_politicians_has_gathered_in_$PROVINCENAME$,_issuing_a_declaration_that_the_state_of_$STATENAME$_would_hereby_secede_from_the_Union_and_join_with_the_Colorado_Republic.;;;;;;;;;;;;;
EVTNAME95273;The Chicago Convention;;;;;;;;;;;;;
EVTDESC95274;\n\nA_group_of_politicians_has_gathered_in_$PROVINCENAME$,_issuing_a_declaration_that_the_state_of_$STATENAME$_would_hereby_secede_from_the_Union_and_join_with_the_New_American_Alliance.;;;;;;;;;;;;;
EVTNAME95275;The Dakota Republic;;;;;;;;;;;;;
EVTDESC95276;\n\nA_group_of_politicians_has_gathered_in_$PROVINCENAME$,_issuing_a_declaration_that_the_state_of_$STATENAME$_would_hereby_secede_from_the_Union_and_join_with_the_Dakota_Republic.;;;;;;;;;;;;;
EVTNAME95277;The Pueblo Republic;;;;;;;;;;;;;
EVTNAME95278;The Mormon Convention;;;;;;;;;;;;;
EVTNAME95279;The Convention of San Francisco;;;;;;;;;;;;;
EVTNAME95280;The Texas Secession;;;;;;;;;;;;;
EVTNAME95281;The Convention of Boston;;;;;;;;;;;;;
EVTNAME95282;The Alaskan Convention;;;;;;;;;;;;;
EVTNAME95283;The Honolulu Convention;;;;;;;;;;;;;
EVTNAME95200;Turkmen Nationalism;;;;;;;;;;;;;
EVTDESC95200;A_wave_of_nascent_nationalism_has_begun_stirring_among_the_Turkmen_peoples_under_$COUNTRY_ADJ$_rulership._While_the_notion_of_a_Turkmenian_state_is_still_a_new_concept,_the_possibility_exists_for_it_to_spread_and_even_lead_to_full_rebellion_in_time._We_must_watch_this_carefully.;;;;;;;;;;;;;
EVT95200OPTA;Preposterous!;;;;;;;;;;;;;
EVTNAME95201;Kazakh Nationalism;;;;;;;;;;;;;
EVTDESC95201;A_wave_of_nascent_nationalism_has_begun_stirring_among_the_Kazakh_peoples_under_$COUNTRY_ADJ$_rulership._While_the_notion_of_a_Kazakh_state_is_still_a_new_concept,_the_possibility_exists_for_it_to_spread_and_even_lead_to_full_rebellion_in_time._We_must_watch_this_carefully.;;;;;;;;;;;;;
EVTNAME95205;Uzbek Nationalism;;;;;;;;;;;;;
EVTDESC95205;A_wave_of_nascent_nationalism_has_begun_stirring_among_the_Uzbek_peoples_under_$COUNTRY_ADJ$_rulership._While_the_notion_of_a_single_Uzbek_state_is_still_a_new_concept,_the_possibility_exists_for_it_to_spread_and_even_lead_to_full_rebellion_in_time._We_must_watch_this_carefully.;;;;;;;;;;;;;
EVTNAME95206;Reclaiming Uzbek Lands;;;;;;;;;;;;;
EVTDESC95206;The_$COUNTRY_ADJ$_people_are_clamoring_for_all_Uzbeks_to_be_united_under_our_flag.;;;;;;;;;;;;;
EVT95206OPTA;So must it be!;;;;;;;;;;;;;
EVTNAME95210;Tajik Nationalism;;;;;;;;;;;;;
EVTDESC95210;A_wave_of_nascent_nationalism_has_begun_stirring_among_the_Tajik_peoples_under_$COUNTRY_ADJ$_rulership._While_the_notion_of_a_Tajik_state_is_still_a_new_concept,_the_possibility_exists_for_it_to_spread_and_even_lead_to_full_rebellion_in_time._We_must_watch_this_carefully.;;;;;;;;;;;;;
EVTNAME95215;Kyrgyz Nationalism;;;;;;;;;;;;;
EVTDESC95215;A_wave_of_nascent_nationalism_has_begun_stirring_among_the_Kyrgyz_peoples_under_$COUNTRY_ADJ$_rulership._While_the_notion_of_a_modern_Kyrgyz_state_is_still_a_new_concept,_the_possibility_exists_for_it_to_spread_and_even_lead_to_full_rebellion_in_time._We_must_watch_this_carefully.;;;;;;;;;;;;;
EVTNAME95216;Reclaiming Kyrgyz Lands;;;;;;;;;;;;;
EVTDESC95216;The_$COUNTRY_ADJ$_people_are_clamoring_for_all_Kyrgyz_to_be_united_under_our_flag.;;;;;;;;;;;;;
EVTNAME45102;La Trinitaria;;;;;;;;;;;;;
EVT45102OPTA;This will not do.;;;;;;;;;;;;;
EVT36709OPTA;We will surrender our claims. §GLose 4 infamy§W;;;;;;;;;;;;;
EVT36709OPTB;We do not require outside mediation. §RGain 2 infamy§W;;;;;;;;;;;;;
EVTNAME36710;The Treaty of London;;;;;;;;;;;;;
EVT36710OPTA;We agree to their terms. §GLose 2 infamy§W;;;;;;;;;;;;;
EVT36710OPTB;We refuse. §RGain 2 infamy§W;;;;;;;;;;;;;
EVTNAME36711;Belgium Has Signed the Treaty;;;;;;;;;;;;;
EVT36711OPTA;Then it is done.;;;;;;;;;;;;;
EVTNAME36712;Belgium Has Refused the Treaty;;;;;;;;;;;;;
EVTDESC36712;The_Belgian_government_has_refuse_the_terms_of_the_Treaty_of_London._This_is_a_foolish_move_that_only_opens_up_the_possibility_of_more_war,_but_it_seems_the_Belgians_will_not_be_moved.;;;;;;;;;;;;;
EVTNAME36715;The Fall of Amsterdam;;;;;;;;;;;;;
EVT36715OPTA;We must surrender.;;;;;;;;;;;;;
EVT36715OPTB;We shall never give up!;;;;;;;;;;;;;
EVTNAME36716;The Dutch Surrender;;;;;;;;;;;;;
EVT36716OPTA;We accept their surrender.;;;;;;;;;;;;;
EVT36716OPTB;Let us demand concessions. §RGain 10 infamy§W;;;;;;;;;;;;;
EVT36716OPTC;We must continue the war! §RGain 8 infamy§W;;;;;;;;;;;;;
EVTNAME44303;Pacification of the Metis;;;;;;;;;;;;;
EVT44303OPTA;This is good news.;;;;;;;;;;;;;
EVTNAME44305;Rebellions of $YEAR$;;;;;;;;;;;;;
EVT44305OPTA;These radicals must not be allowed to run rampant.;;;;;;;;;;;;;
EVTNAME44306;Lord Durham's Report;;;;;;;;;;;;;
EVT44306OPTA;Pass the Act of Union.;;;;;;;;;;;;;
EVT44306OPTB;We will not appease radical liberals.;;;;;;;;;;;;;
EVTNAME44310;The Charlottetown Conference;;;;;;;;;;;;;
EVT44310OPTA;Allow the union.;;;;;;;;;;;;;
EVT44310OPTB;This is not in our best interests.;;;;;;;;;;;;;
EVTNAME44315;The Canadian Dominion;;;;;;;;;;;;;
EVT44315OPTA;This can only be good for the empire. §GLose 3 infamy§W;;;;;;;;;;;;;
EVT44315OPTB;No, they shall remain under our direct control.;;;;;;;;;;;;;
EVT44315OPTC;Onwards to Canada! §BPlay as Canada§W §GLose 5 infamy§W;;;;;;;;;;;;;
EVTNAME44316;The Dominion of Quebec;;;;;;;;;;;;;
EVT44316OPTC;Onwards to Quebec! §BPlay as Quebec§W §GLose 3 infamy§W;;;;;;;;;;;;;
EVTNAME44317;The Maritime Dominion;;;;;;;;;;;;;
EVT44317OPTC;Onwards to the Maritimes! §BPlay as the Maritimes§W §GLose 3 infamy§W;;;;;;;;;;;;;
EVTNAME44318;The Dominion of British Columbia;;;;;;;;;;;;;
EVT44318OPTA;Onwards to Columbia! §BPlay as Columbia§W §GLose 3 infamy§W;;;;;;;;;;;;;
EVTNAME44320;The Rupert's Land Act of $YEAR$;;;;;;;;;;;;;
EVT44320OPTA;Offer them the land. §GLose 3 infamy§W;;;;;;;;;;;;;
EVT44320OPTB;This is not in our interests.;;;;;;;;;;;;;
EVT44321OPTA;Of course we will agree!;;;;;;;;;;;;;
EVT44321OPTB;We cannot afford this.;;;;;;;;;;;;;
EVTNAME44322;The Rupert's Land Act Fails!;;;;;;;;;;;;;
EVT44322OPTA;This cannot be borne!;;;;;;;;;;;;;
EVTNAME44325;$FROMCOUNTRY$ Asks To Join Confederation;;;;;;;;;;;;;
EVT44325OPTA;Of course they are welcome.;;;;;;;;;;;;;
EVT44325OPTB;We have no interest in this.;;;;;;;;;;;;;
EVTNAME44350;The British Columbian Dominion;;;;;;;;;;;;;
EVT44350OPTA;We will allow it.;;;;;;;;;;;;;
EVT44350OPTB;This is not in our best interests.;;;;;;;;;;;;;
EVTNAME44339;The Northwest Territories;;;;;;;;;;;;;
EVTNAME44351;The British Columbian Proposal;;;;;;;;;;;;;
EVT44351OPTA;We accept their proposal.;;;;;;;;;;;;;
EVT44351OPTB;Such a railway would be too expensive.;;;;;;;;;;;;;
EVTNAME44355;First Stage of the CNR;;;;;;;;;;;;;
EVTDESC44355;The_first_stage_of_the_Canadian_National_Railway,_linking_Winnipeg_to_the_Atlantic_Coast,_has_been_completed._Now_work_must_begin_on_the_second_stage,_which_will_be_considerably_more_difficult.;;;;;;;;;;;;;
EVT44355OPTA;Progress must continue!;;;;;;;;;;;;;
EVTNAME44357;The CNR Completed!;;;;;;;;;;;;;
EVTNAME49501;Reforming the Kalmar Union;;;;;;;;;;;;;
EVTNAME49502;$FROMCOUNTRY$ Has Refused!;;;;;;;;;;;;;
EVTNAME49503;Form a Customs Union?;;;;;;;;;;;;;
EVTNAME49504;Form a Political Union?;;;;;;;;;;;;;
EVTNAME49505;Norway Asks For Independence;;;;;;;;;;;;;
EVT49505OPTA;We support their right to self-determination.;;;;;;;;;;;;;
EVT49505OPTB;We will not grant this request. Our people share a common history and future.;;;;;;;;;;;;;
EVTNAME49506;Norway Demands Independence;;;;;;;;;;;;;
EVT49506OPTA;We will let them go. §GLose 10 infamy§W;;;;;;;;;;;;;
EVT49506OPTB;This will be a splendid little war.;;;;;;;;;;;;;
EVTNAME49507;Finnish Independence;;;;;;;;;;;;;
EVT49507OPTA;We will be better off without them.;;;;;;;;;;;;;
EVT49507OPTB;Finland is an integral part of our empire.;;;;;;;;;;;;;
EVTNAME49508;Danish Independence;;;;;;;;;;;;;
EVT49508OPTA;They have a right to form their own kingdom.;;;;;;;;;;;;;
EVT49508OPTB;How dare they challenge our authority!;;;;;;;;;;;;;
EVT49510OPTB;Reopen the Diet of Finland. §GLose 1 infamy§W;;;;;;;;;;;;;
EVTNAME49509;The Leadership of Kalmar;;;;;;;;;;;;;
EVT49509OPTA;Well, shucks.;;;;;;;;;;;;;
EVTNAME32509_NEW;The Alaskan Purchase;;;;;;;;;;;;;
EVT32509OPTA;Make the offer. §R(Pay or owe 100,000¤)§W;;;;;;;;;;;;;
EVT32509OPTB;We don't need it.;;;;;;;;;;;;;
EVTNAME32510_NEW;The Alaskan Purchase;;;;;;;;;;;;;
EVTNAME32512;Intervention in Hungary?;;;;;;;;;;;;;
EVT32510OPTA;Sell it.;;;;;;;;;;;;;
EVT32510OPTB;Refuse, but find another buyer.;;;;;;;;;;;;;
EVT32510OPTC;We have changed our mind. Alaska is not for sale.;;;;;;;;;;;;;
EVTNAME32511;Russia Agrees;;;;;;;;;;;;;
EVT32511OPTA;We welcome this new addition.;;;;;;;;;;;;;
EVT32512OPTA;The Hungarians must be crushed!;;;;;;;;;;;;;
EVT32512OPTB;Let the Austrians deal with them.;;;;;;;;;;;;;
EVTNAME32513;The Caucasian War;;;;;;;;;;;;;
EVT32513OPTA;Order shall be restored. §RDO NOT CLICK WITH OPEN POP MENU§W;;;;;;;;;;;;;
EVTNAME32514;Russia Refuses;;;;;;;;;;;;;
EVT32514OPTA;How disappointing.;;;;;;;;;;;;;
EVTNAME32515;The Treaty of Tartu;;;;;;;;;;;;;
EVT32515OPTA;Sign the treaty. §GLose 3 infamy§W;;;;;;;;;;;;;
EVT32515OPTB;We refuse to give concessions to a former subject. §RGain 3 infamy§W;;;;;;;;;;;;;
EVTNAME32516;Russia Has Refused;;;;;;;;;;;;;
EVT32516OPTA;Surrender Viipuri to the Russians.;;;;;;;;;;;;;
EVT32516OPTB;Never! We shall seek allies elsewhere.;;;;;;;;;;;;;
EVTNAME32520;The Eastern Islands;;;;;;;;;;;;;
EVT32520OPTA;We must claim the eastern islands.;;;;;;;;;;;;;
EVTNAME32521;The Treaty of Shimoda;;;;;;;;;;;;;
EVTNAME32522;Trouble in Sakhalin;;;;;;;;;;;;;
EV32522OPTA;Legalize the status quo. §GLose 2 infamy§W;;;;;;;;;;;;;
EV32522OPTB;Propose the territorial exchange.;;;;;;;;;;;;;
EV32522OPTC;Demand all of Sakhalin. §RGain 3 infamy§W;;;;;;;;;;;;;
EVT32523OPTA;Splendid!;;;;;;;;;;;;;
EVT32524OPTA;We agree to the exchange of territories.;;;;;;;;;;;;;
EVT32524OPTB;We insist on the status quo!;;;;;;;;;;;;;
EVT32525OPTA;We must give in to their demands.;;;;;;;;;;;;;
EVT32525OPTB;We insist on the status quo!;;;;;;;;;;;;;
EVTNAME32526;Refused!;;;;;;;;;;;;;
EVT32526OPTA;We must back down and preserve the peace.;;;;;;;;;;;;;
EVT32526OPTB;Those fools! This means WAR!;;;;;;;;;;;;;
EVTNAME32527;Treaty of Saint Petersburg;;;;;;;;;;;;;
EVT32527OPTA;May our empires prosper in peace!;;;;;;;;;;;;;
EVT32528OPTA;Blast!;;;;;;;;;;;;;
EVT32529OPTA;A proud day for Japan!;;;;;;;;;;;;;
EVT32530OPTA;A proud day for Russia!;;;;;;;;;;;;;
EVTNAME80101;$FROMCOUNTRY$ Accepts;;;;;;;;;;;;;
EVT80101OPTA;Good news!;;;;;;;;;;;;;
EVTNAME80102;$FROMCOUNTRY$ Defies Us!;;;;;;;;;;;;;
EVT80102OPTA;This cannot stand.;;;;;;;;;;;;;
EVTNAME80103;The Amban's Demand;;;;;;;;;;;;;
EVT80103OPTA;We have no choice but to comply.;;;;;;;;;;;;;
EVT80103OPTB;Never! They must take it from us!;;;;;;;;;;;;;
EVTNAME80104;$FROMCOUNTRY$ Defies the Emperor!;;;;;;;;;;;;;
EVT80104OPTA;This cannot be permitted!;;;;;;;;;;;;;
EVTNAME80110;The Convention of Peking;;;;;;;;;;;;;
EVT80110OPTA;We have no choice but to accept.;;;;;;;;;;;;;
EVT80110OPTB;Reject their outrageous demands.;;;;;;;;;;;;;
EVTNAME80115;The Russian Protectorate;;;;;;;;;;;;;
EVT80115OPTA;We accept their offer.;;;;;;;;;;;;;
EVT80115OPTB;$COUNTRY$ shall not submit!;;;;;;;;;;;;;
EVTNAME80116;$FROMCOUNTRY$ Has Refused;;;;;;;;;;;;;
EVT80116OPTA;So be it.;;;;;;;;;;;;;
EVTNAME90017;The Hungarian Question;;;;;;;;;;;;;
EVT90017OPTA;This is unnecessary.;;;;;;;;;;;;;
EVT90017OPTB;Give them greater autonomy. §GLose 5 infamy§W;;;;;;;;;;;;;
EVT90017OPTC;Never!;;;;;;;;;;;;;
EVTNAME90018;The Lombardy Question;;;;;;;;;;;;;
EVTNAME90019;The Croatian Question;;;;;;;;;;;;;
EVTNAME90020;The Slovenian Question;;;;;;;;;;;;;
EVTNAME90021;The Bohemian Question;;;;;;;;;;;;;
EVTNAME90022;The Slovakian Question;;;;;;;;;;;;;
EVTNAME90025;Tunisian Independence;;;;;;;;;;;;;
EVT90025OPTA;Let them go. §GLose 2 infamy§W;;;;;;;;;;;;;
EVT90025OPTB;Tunisia is part of the Empire!;;;;;;;;;;;;;
EVTNAME90029;Bulgarian Independence?;;;;;;;;;;;;;
EVTNAME90030;Albanian Independence?;;;;;;;;;;;;;
EVTNAME90031;Bosnian Independence?;;;;;;;;;;;;;
EVTNAME90032;Iraqi Independence?;;;;;;;;;;;;;
EVTNAME90033;Independence for Crete?;;;;;;;;;;;;;
EVT90037OPTA;For $COUNTRY_ADJ$ glory!;;;;;;;;;;;;;
EVTNAME90041;Galician Slaughter;;;;;;;;;;;;;
EVTDESC90041;Polish_peasants_in_Austrian-held_Galicia_have_risen_up_and_slaughtered_wealthy_landowners,_leading_to_calls_by_nobility_within_the_Free_City_of_Krakow_for_a_larger_uprising._Many_in_Austria_are_seeing_this_as_a_reason_to_end_Krakow's_independence_once_and_for_all.;;;;;;;;;;;;;
EVT90041OPTA;An outrage!;;;;;;;;;;;;;
EVT90041OPTB;A diplomatic solution is best.;;;;;;;;;;;;;
EVTNAME36215_NEW;Home Rule for Iceland;;;;;;;;;;;;;
EVT36215OPTA;We will grant their request. §GLose 3 infamy§W;;;;;;;;;;;;;
EVT36215OPTB;They shall remain under our direct control.;;;;;;;;;;;;;
EVTNAME95095;The Norwegian Plebiscite;;;;;;;;;;;;;
EVT95095OPTA;We will grant their request. §GLose 2 infamy§W;;;;;;;;;;;;;
EVT95095OPTB;The time for negotiations is over. §RGain 1 infamy§W;;;;;;;;;;;;;
EVTNAME49510;The Grand Duchy of Finland;;;;;;;;;;;;;
EVTNAME98100;The Ladder Conspiracy;;;;;;;;;;;;;
EVTDESC98100;The_treatment_of_slaves_in_Cuba_has_become_increasingly_harsh_after_recent_unrest,_culminating_in_the_so-called_'Ladder_Conspiracy'_which_relates_to_a_method_of_torture_involving_tying_a_slave_to_a_ladder_and_whipping_them_until_they_confess_or_die._Reformists_in_the_colony_have_been_calling_for_a_change_in_Spanish_policy_and_an_end_to_the_slave_trade_there._Failure_to_do_so_could_result_in_more_uprisings,_but_bowing_to_such_pressure_could_have_serious_repercussions_back_home.;;;;;;;;;;;;;
EVT98100OPTA;Support the reforms;;;;;;;;;;;;;
EVT98100OPTB;There shall be no reforms;;;;;;;;;;;;;
EVTNAME98105;The Grito de Yara;;;;;;;;;;;;;
EVT98105OPTA;They will not get away with this!;;;;;;;;;;;;;
EVT98105OPTB;Give them home rule. §GLose 5 infamy§W;;;;;;;;;;;;;
EVTNAME90110;The Manifesto de Montecristi;;;;;;;;;;;;;
EVT90110OPTA;This could be trouble;;;;;;;;;;;;;
EVTNAME90115;The Maine Incident;;;;;;;;;;;;;
EVT90115OPTA;Remember the Maine!;;;;;;;;;;;;;
EVT90115OPTB;We have no desire for war.;;;;;;;;;;;;;
EVTNAME90120;The Propaganda Movement;;;;;;;;;;;;;
EVT90120OPTA;Allow it to exist;;;;;;;;;;;;;
EVT90120OPTB;We cannot let the seeds of revolution grow;;;;;;;;;;;;;
EVTNAME90125;The Katipunan;;;;;;;;;;;;;
EVT90125OPTA;Find the rebels and crush them.;;;;;;;;;;;;;
EVT90125OPTB;Give the Philippines home rule. §GLose 3 infamy§W;;;;;;;;;;;;;
EVT90125OPTC;Give them what they want. §GLose 5 infamy§W;;;;;;;;;;;;;
EVTDESC90130;With_the_recent_unrest_in_Cuba,_the_prospect_of_the_Spanish_government_possibly_selling_the_island_to_the_United_States_has_arisen._Should_we_attempt_to_pursue_negotiations?;;;;;;;;;;;;;
EVTNAME90132;The Spanish Have Refused;;;;;;;;;;;;;
EVT90132OPTA;Too bad.;;;;;;;;;;;;;
EVTNAME90133;Cuba is Ours;;;;;;;;;;;;;
EVT90133OPTA;Wonderful!;;;;;;;;;;;;;
EVTNAME90135;The Grito de Lares;;;;;;;;;;;;;
EVTNAME90140;The Intentona de Yauco;;;;;;;;;;;;;
EVT90140OPTA;Find these rebels and crush them;;;;;;;;;;;;;
EVT90140OPTB;Grant the island autonomy §GLose 2 infamy§W;;;;;;;;;;;;;
EVT90135OPTA;An outrage!;;;;;;;;;;;;;
EVT90135OPTB;Give them autonomy. §GLose 2 infamy§W;;;;;;;;;;;;;
EVTNAME98007;Hungarian Revolutionaries;;;;;;;;;;;;;
EVT98007OPTA;Give them what they want.;;;;;;;;;;;;;
EVT98007OPTB;We will not bow before rabble.;;;;;;;;;;;;;
EVTNAME98008;Czech Radicals Attempt Coup;;;;;;;;;;;;;
EVT98008OPTA;We will not give in to insurrection.;;;;;;;;;;;;;
EVTNAME90016;Archduke Ferdinand Assassinated;;;;;;;;;;;;;
EVT90016OPTA;This is an outrage!;;;;;;;;;;;;;
EVT90016OPTB;We cannot let this come to war.;;;;;;;;;;;;;
EVTNAME20110;Natives in $STATENAME$;;;;;;;;;;;;;
EVTDESC20110;\n\nA_recent_demonstration_in_$PROVINCENAME$_has_brought_attention_to_the_plight_of_natives_in_$STATENAME$,_namely_to_their_oppression_by_the_$COUNTRY_ADJ$_government_and_their_demands_for_independence._If_something_isn't_done_soon_we_may_be_facing_intervention_by_foreign_powers.;;;;;;;;;;;;;
EVT20110OPTA;Silence the troublemakers. Immediately. §RGain 2 infamy§W;;;;;;;;;;;;;
EVT20110OPTB;Work with these people to solve their issues.;;;;;;;;;;;;;
EVTNAME20111;Trouble in $STATENAME$;;;;;;;;;;;;;
EVTDESC20111;\n\nA_recent_riot_in_$PROVINCENAME$_has_brought_a_great_deal_of_attention_to_$STATENAME$_--_the_kind_that_would_normally_prompt_the_great_powers_to_consider_intervention._It_seems,_however,_that_the_demands_for_independence_by_'uncivilized'_peoples_has_largely_fallen_on_deaf_ears._News_of_the_trouble_has_faded_away_as_quickly_as_it_began.;;;;;;;;;;;;;
EVT20111OPTA;Good. We need no interference in $STATENAME$.;;;;;;;;;;;;;
EVTNAME20112;Long Memories;;;;;;;;;;;;;
EVTDESC20112;\n\nWhile_recent_trouble_in_$STATENAME$_has_raised_the_specter_of_foreign_intervention_once_again,_there_are_many_who_remember_the_last_crisis_over_$STATENAME$'s_people_as_if_it_were_yesterday._Try_as_they_might,_the_world_is_simply_not_ready_to_listen_to_them_again_--_yet.;;;;;;;;;;;;;
EVT20112OPTA;This? Again?;;;;;;;;;;;;;
EVTNAME20115;Incident in $STATENAME$;;;;;;;;;;;;;
EVTDESC20115;\n\nA_demonstration_by_$PROVINCECULTURE$_citizens_in_$PROVINCENAME$_quickly_got_out_of_hand_as_$COUNTRY_ADJ$_soldiers_shot_into_the_crowd_to_disperse_it._A_riot_ensued,_and_several_protesters_were_slain._Throughout_$STATENAME$,_the_reaction_has_been_one_of_outrage_--_and_there_is_an_effort_by_some_$PROVINCECULTURE$_malcontents_to_draw_the_attention_of_the_world,_just_one_more_example_of_$COUNTRY$'s_disregard_for_peace_and_civilized_behavior_--_or_so_they'll_say.;;;;;;;;;;;;;
EVT20115OPTA;Let the world think what it likes.;;;;;;;;;;;;;
EVT20115OPTB;Suppress this. Now.;;;;;;;;;;;;;
EVTNAME38505;Death of the Sultan;;;;;;;;;;;;;
EVT38505OPTA;One son shall rule Oman, and the other Zanzibar.;;;;;;;;;;;;;
EVT38505OPTB;Never! Oman must remain united!;;;;;;;;;;;;;
EVT38505OPTC;Zanzibar could use an Omani ruler. §BPlay as Zanzibar§W;;;;;;;;;;;;;
EVT38505OPTD;Onwards to Swahili Zanzibar! §BPlay as Zanzibar§W;;;;;;;;;;;;;
EVTNAME38500;A New Capital?;;;;;;;;;;;;;
EVTNAME97000;The Revolution of Maria da Fonte;;;;;;;;;;;;;
EVT97000OPTA;This will come to nothing.;;;;;;;;;;;;;
EVTNAME97001;Peasant Revolt in $PROVINCENAME$;;;;;;;;;;;;;
EVTDESC97001;\n\nThe_Maria_de_Fonte_rebellion_has_spread_to_$PROVINCENAME$,_with_the_lower_classes_rising_up_in_opposition_to_the_ruling_government._Many_are_calling_for_the_government's_resignation,_and_there_are_signs_that_Queen_Maria_II_may_engineer_a_coup_to_restore_order.;;;;;;;;;;;;;
EVT97001OPTA;That is not going to happen.;;;;;;;;;;;;;
EVTNAME97002;End of the Revolution;;;;;;;;;;;;;
EVT97002OPTA;I told you it would come to nothing.;;;;;;;;;;;;;
EVTNAME97003;The Emboscada;;;;;;;;;;;;;
EVT97003OPTA;There may be trouble ahead.;;;;;;;;;;;;;
EVTNAME97006;The Occupation of Angola;;;;;;;;;;;;;
EVT97006OPTA;For the glory of $COUNTRYNAME$!;;;;;;;;;;;;;
EVTNAME97007;The Occupation of Mozambique;;;;;;;;;;;;;
EVTNAME97008;Zanzibar Purchase;;;;;;;;;;;;;
EVT97008OPTA;Accept the offer.;;;;;;;;;;;;;
EVT97008OPTB;Reject the offer.;;;;;;;;;;;;;
EVTNAME97009;Mombasa Purchase;;;;;;;;;;;;;
EVTNAME97010;The $COUNTRY_ADJ$ Colonies;;;;;;;;;;;;;
EVT97010OPTA;We have no choice.;;;;;;;;;;;;;
EVT97010OPTB;They will have to pry them from our fingers!;;;;;;;;;;;;;
EVTNAME97011;$FROMCOUNTRY$ Has Agreed To Our Terms;;;;;;;;;;;;;
EVT97011OPTA;They will get over it.;;;;;;;;;;;;;
EVTNAME97012;$FROMCOUNTRY$ Has Refused Our Ultimatum!;;;;;;;;;;;;;
EVT97012OPTA;Foolish!;;;;;;;;;;;;;
EVTNAME97015;Regicide of King Carlos I;;;;;;;;;;;;;
EVT97015OPTA;A national tragedy!;;;;;;;;;;;;;
EVTNAME97020;The Republican Coup D'Etat;;;;;;;;;;;;;
EVT97020OPTA;Long live the Republic!;;;;;;;;;;;;;
EVT97020OPTB;Try to keep power with the monarchy!;;;;;;;;;;;;;
EVTNAME49511;Portuguese Mozambique;;;;;;;;;;;;;
EVTDESC49511;We_must_strive_to_consolidate_our_hold_on_Mozambique._For_the_glory_of_Portugal!;;;;;;;;;;;;;
EVT49511OPTA;We shall consider it.;;;;;;;;;;;;;
EVT49511OPTB;This is not in our interests.;;;;;;;;;;;;;
EVTNAME44330;The Dominion of Newfoundland;;;;;;;;;;;;;
EVT44330OPTA;This can only be good for the empire. §GLose 5 infamy§W;;;;;;;;;;;;;
EVT44330OPTB;No, they shall remain under our direct control.;;;;;;;;;;;;;
EVT44330OPTC;Onwards to Newfoundland! §BPlay as Newfoundland§W §GLose 3 infamy§W;;;;;;;;;;;;;
EVTNAME44331;The Status of Newfoundland;;;;;;;;;;;;;
EVT44331OPTA;We shall rejoin England as a full colony once more.;;;;;;;;;;;;;
EVT44331OPTB;We shall prevail.;;;;;;;;;;;;;
EVTNAME44332;The Australian Dominion;;;;;;;;;;;;;
EVT44332OPTC;Onwards to Australia! §BPlay as Australia§W §GLose 3 infamy§W;;;;;;;;;;;;;
EVTNAME44333;The New Zealand Dominion;;;;;;;;;;;;;
EVT44333OPTC;Onwards to New Zealand! §BPlay as New Zealand§W §GLose 3 infamy§W;;;;;;;;;;;;;
EVTNAME44334;The South African Dominion;;;;;;;;;;;;;
EVT44334OPTC;Onwards to South Africa! §BPlay as South Africa§W §GLose 3 infamy§W;;;;;;;;;;;;;
EVTNAME44335;$COUNTRY_ADJ$ Territories;;;;;;;;;;;;;
EVT44335OPTA;Make the request.;;;;;;;;;;;;;
EVT44335OPTB;No. They won't return them anyhow.;;;;;;;;;;;;;
EVTNAME44336;$FROMCOUNTRY_ADJ$ Territories;;;;;;;;;;;;;
EVT44336OPTA;Yes. They will make for a stronger ally.;;;;;;;;;;;;;
EVT44336OPTB;No. $FROMCOUNTRY$ has all the land it needs.;;;;;;;;;;;;;
EVTNAME44337;$FROMCOUNTRY$ Has Agreed;;;;;;;;;;;;;
EVT44337OPTA;Hurrah!;;;;;;;;;;;;;
EVTNAME44338;$FROMCOUNTRY$ Has Refused;;;;;;;;;;;;;
EVT44338OPTA;Bastards!;;;;;;;;;;;;;
EVT44339OPTA;We must claim the Great White North.;;;;;;;;;;;;;
EVTNAME44340;The Alaskan Dominion;;;;;;;;;;;;;
EVT44340OPTA;Allow it to join the Canadian Confederation.;;;;;;;;;;;;;
EVT44340OPTB;Grant it autonomy as a Dominion. §GLose 3 infamy§W;;;;;;;;;;;;;
EVT44340OPTC;It shall remain a $COUNTRY_ADJ$ colony.;;;;;;;;;;;;;
EVT44340OPTD;Onwards to Alaska! §BPlay as Alaska§W §GLose 3 infamy§W;;;;;;;;;;;;;
EVTNAME44341;The Southern Rhodesia Dominion;;;;;;;;;;;;;
EVT44341OPTC;Onwards to Rhodesia!;;;;;;;;;;;;;
EVTNAME96165;Italian Unification;;;;;;;;;;;;;
EVTNAME96170;Il Risorgimento;;;;;;;;;;;;;
EVTDESC96170;\n\n$COUNTRY$_has_become_the_center_of_Italian_nationalism,_its_people_calling_out_for_unification._Italian_flags_are_flying_in_the_streets_of_$CAPITAL$,_and_we_must_decide_if_we_wish_to_support_this_call_and_bring_all_of_Italy_peacefully_under_our_banner._If_we_refuse,_our_people_will_be_upset..._and_it's_unlikely_the_opportunity_will_arise_again.;;;;;;;;;;;;;
EVTNAME90038;The Pact of Plombières;;;;;;;;;;;;;
EVTDESC90038_NEWS_LONG;According_to_reports,_the_French_government_has_been_approached_by_a_Sardinian_envoy_--_the_Count_of_Cavour_--_who_has_made_an_interesting_proposal:_an_alliance_to_make_war_against_Austria,_gaining_Sardinia_the_Austrian-held_provinces_of_Lombardy_and_paving_the_way_for_Italian_unification._In_exchange,_Sardinia_would_hand_over_Savoy_and_Nice_to_France.;;;;;;;;;;;;;
EVTDESC90038_NEWS_MEDIUM;According_to_reports,_the_French_government_has_been_approached_by_a_Sardinian_envoy_--_the_Count_of_Cavour_--_who_has_made_an_interesting_proposal:_an_alliance_to_make_war_against_Austria,_gaining_Sardinia_the_Austrian-held_provinces_of_Lombardy_and_paving_the_way_for_Italian_unification.;;;;;;;;;;;;;
EVT90038OPTA;We will agree to the pact. §RGain 3 infamy§W;;;;;;;;;;;;;
EVT90038OPTB;This is not in France's best interest.;;;;;;;;;;;;;
EVTNAME96160;Union with Sardinia;;;;;;;;;;;;;
EVT96160OPTA;Viva Italia!;;;;;;;;;;;;;
EVTNAME96161;Failure of Plombières;;;;;;;;;;;;;
EVT96161OPTA;Unfortunate.;;;;;;;;;;;;;
EVT96165OPTA;This is a threat to $COUNTRY$.;;;;;;;;;;;;;
EVT96165OPTB;We must reconcile with Italy.;;;;;;;;;;;;;
EVTNAME35305;The Guerra di Libia;;;;;;;;;;;;;
EVTDESC35305;The_lands_of_Tripoli_and_Cyrenaica_once_belonged_to_Italy,_and_should_again._We_deserve_a_place_in_the_sun!;;;;;;;;;;;;;
EVT35305OPTA;For the glory of Italia!;;;;;;;;;;;;;
EVT35305OPTB;This is not the time.;;;;;;;;;;;;;
EVTNAME33006;Trade For Heligoland?;;;;;;;;;;;;;
EVT33006OPTA;We agree.§R(If Mombasa isn't owned, pay or owe 100,000¤)§W;;;;;;;;;;;;;
EVT33006OPTB;We refuse.;;;;;;;;;;;;;
EVTNAME33007;Germany Agrees;;;;;;;;;;;;;
EVT33007OPTA;Excellent!;;;;;;;;;;;;;
EVTNAME33008;Germany Has Refused;;;;;;;;;;;;;
EVT33008OPTA;Too bad.;;;;;;;;;;;;;
EVTNAME33009;For the Glory of Germany;;;;;;;;;;;;;
EVT33009OPTA;Begin the war!;;;;;;;;;;;;;
EVT33009OPTB;Renounce our claims.;;;;;;;;;;;;;
EVTNAME33010;Alsace-Lorraine is Lost;;;;;;;;;;;;;
EVT33010OPTA;Never! We shall regain it... one day.;;;;;;;;;;;;;
EVT33010OPTB;Renounce our claims.;;;;;;;;;;;;;
EVTNAME33015;We are at War;;;;;;;;;;;;;
EVT33015OPTA;Let's make sure we have everyone.;;;;;;;;;;;;;
EVTNAME33016;Call Allies Cleanup;;;;;;;;;;;;;
EVT33016OPTA;Let's keep this clean.;;;;;;;;;;;;;
EVTNAME33020;The League of Three Emperors;;;;;;;;;;;;;
EVT33020OPTA;We will agree to the alliance.;;;;;;;;;;;;;
EVT33020OPTB;We have no interest in this.;;;;;;;;;;;;;
EVTNAME33025;The Spanish Pacific;;;;;;;;;;;;;
EVT33025OPTA;Agree to sell them.;;;;;;;;;;;;;
EVT33025OPTB;We are not interested.;;;;;;;;;;;;;
EVTNAME33026;The $COUNTRY_ADJ$-$FROMCOUNTRY_ADJ$ Treaty of $YEAR$;;;;;;;;;;;;;
EVT33026OPTA;Excellent.;;;;;;;;;;;;;
EVTNAME33027;The Spanish Have Refused!;;;;;;;;;;;;;
EVT33027OPTA;Then we must consider the use of force.;;;;;;;;;;;;;
EVT33027OPTB;Let it go. §GLose 1 infamy§W;;;;;;;;;;;;;
EVTNAME33030;The German East Africa Company;;;;;;;;;;;;;
EVTDESC33030;The_Society_for_German_Colonization_has_been_attempting_to_colonize_the_Zanzibar_coast_for_several_years_now,_having_formed_the_German_East_Africa_company_and_signed_several_treaties_with_Swahili_tribes._It_now_seems_they_are_facing_difficulty_with_rebellions_and_have_asked_us_to_step_in._The_Sultan_of_Zanzibar_will_doubtlessly_object_if_we_do,_as_he_claims_authority_over_the_coast_--_even_if_his_actual_authority_is_minimal_--_but_so_what_if_he_does?_This_may_be_an_interesting_opportunity.;;;;;;;;;;;;;
EVT33030OPTA;Claim the coast as a $COUNTRY_ADJ$ colony.;;;;;;;;;;;;;
EVT33030OPTB;We have no interest in this.;;;;;;;;;;;;;
EVTNAME33031;German Warships!;;;;;;;;;;;;;
EVT33031OPTA;An outrage! We refuse!;;;;;;;;;;;;;
EVT33031OPTB;It seems we have no choice.;;;;;;;;;;;;;
EVTNAME33035;The New Challenger;;;;;;;;;;;;;
EVT33035OPTA;Unacceptable!;;;;;;;;;;;;;
EVTNAME98200;The Great Boer Trek;;;;;;;;;;;;;
EVT98200OPTA;We shall see.;;;;;;;;;;;;;
EVTNAME98205;Invasion of the Laagers;;;;;;;;;;;;;
EVT98205OPTA;We must drive them from our lands! §RGain 5 infamy§W;;;;;;;;;;;;;
EVT98205OPTB;There is no choice but to appease them.;;;;;;;;;;;;;
EVTNAME98206;The Battle of Blood River;;;;;;;;;;;;;
EVT98206OPTA;They are colonial subjects, no more.;;;;;;;;;;;;;
EVT120001OPTA;They are part of $COUNTRY$!;;;;;;;;;;;;;
EVT98206OPTB;The Boers will stand on their own, if they can. §GLose 2 infamy§W;;;;;;;;;;;;;
EVTNAME98207;The Natalia Republic;;;;;;;;;;;;;
EVTDESC120002;The_Boers_which_have_trekked_eastward_into_Zulu_lands_have_reached_a_surprising_settlement_with_the_natives:_they_have_staked_out_permanent_borders_for_their_new_colony,_and_done_so_in_relative_peace._Knowing_the_existence_of_$COUNTRY$,_they_have_decided_to_petition_for_entry_into_our_union.;;;;;;;;;;;;;
EVT120002OPT1;A great honor;;;;;;;;;;;;;
EVT98207OPTB;Allow them to find their own way. §GLose 2 infamy§W;;;;;;;;;;;;;
EVT98207OPTC;Onwards to Natal! §BPlay as Natal§W §GLose 2 infamy§W;;;;;;;;;;;;;
EVTNAME98210;$COUNTRY_ADJ$ Rule of Natal;;;;;;;;;;;;;
EVT98210OPTA;We will annex the Natal.;;;;;;;;;;;;;
EVT98210OPTB;Let them go. §GLose 3 infamy§W;;;;;;;;;;;;;
EVTNAME98211;Natalian Independence!;;;;;;;;;;;;;
EVT98211OPTA;We will maintain good relations with the British.;;;;;;;;;;;;;
EVT98211OPTB;The Boer will find their own way -- without help.;;;;;;;;;;;;;
EVTNAME98212;The Annexation of Natalia;;;;;;;;;;;;;
EVT98212OPTA;We will not submit to British rule!;;;;;;;;;;;;;
EVT98212OPTB;We have no choice. We cannot fight the British.;;;;;;;;;;;;;
EVTNAME98213;The Boers Have Refused!;;;;;;;;;;;;;
EVT98213OPTA;War it is!;;;;;;;;;;;;;
EVT98213OPTB;Natalia is not worth fighting over. §GLose 3 infamy§W;;;;;;;;;;;;;
EVTNAME98215;The Founding of Winburg;;;;;;;;;;;;;
EVT98215OPTA;An interesting development.;;;;;;;;;;;;;
EVT98215OPTB;Onwards to the Orange Free State! §BPlay as Oranje§W;;;;;;;;;;;;;
EVT98220OPTB;Onwards to Potchefstroom! §BPlay as Potchefstroom§W;;;;;;;;;;;;;
EVTNAME98216;The Boers Overtake the Orange Valley;;;;;;;;;;;;;
EVT98216OPTA;There will be a reckoning.;;;;;;;;;;;;;
EVTNAME98220;The Potchefstroom Republic;;;;;;;;;;;;;
EVTNAME98221;The Boers Overtake the Transvaal;;;;;;;;;;;;;
EVTNAME98225;The Boer Exodus;;;;;;;;;;;;;
EVTDESC98225;\n\nWith_'the_Great_Trek'_underway,_many_of_the_Boers_are_eager_to_leave_$PROVINCENAME$_behind_and_travel_to_either_the_Transvaal_or_the_Oranje_Free_State_where_they_feel_they_will_be_free_to_pursue_their_own_interests.;;;;;;;;;;;;;
EVT98225OPTA;Whoever wishes to go may leave.;;;;;;;;;;;;;
EVT98225OPTB;Give them incentives to stay.;;;;;;;;;;;;;
EVTNAME98227;The Dorsland Trek;;;;;;;;;;;;;
EVTDESC98227;\n\nWith_'the_Great_Trek'_underway,_many_of_the_Boers_are_eager_to_leave_$PROVINCENAME$_behind_and_establish_new_homes_outside_of_$COUNTRY_ADJ$_rule._The_Dorsland_Trek_(Thirstland_Trek)_was_the_collective_name_of_a_series_of_explorations_undertaken_by_Boer_settlers_to_South-West_Africa_rather_than_to_the_Orange_Free_State_and_the_South_African_Republic.;;;;;;;;;;;;;
EVTNAME98230;Sand River Convention;;;;;;;;;;;;;
EVT98230OPTA;We will abide by their demands.;;;;;;;;;;;;;
EVT98230OPTB;We will be independent on our own terms.;;;;;;;;;;;;;
EVTNAME98231;Orange River Convention;;;;;;;;;;;;;
EVTNAME98236;Kimberley Gold Rush;;;;;;;;;;;;;
EVT98235OPTA;They are proving to be a nuisance.;;;;;;;;;;;;;
EVTNAME98240;The South African Union ;;;;;;;;;;;;;
EVT98240OPTA;This is for the best.;;;;;;;;;;;;;
EVTNAME98241;Appeal From $FROMCOUNTRY$;;;;;;;;;;;;;
EVT98241OPTA;We will agree to help.;;;;;;;;;;;;;
EVT98241OPTB;$FROMCOUNTRY$ is on its own.;;;;;;;;;;;;;
EVTNAME98245;Annexation of the Transvaal;;;;;;;;;;;;;
EVT98245OPTA;They will submit, or else! §RGain 3 infamy§W;;;;;;;;;;;;;
EVT98245OPTB;We will not press the matter. §GLose 2 infamy§W;;;;;;;;;;;;;
EVTNAME98246;The Anglo-Boer War;;;;;;;;;;;;;
EVT98246OPTA;We fight with Transvaal!;;;;;;;;;;;;;
EVT98246OPTB;Transvaal is on its own.;;;;;;;;;;;;;
EVTNAME98247;South Africa is Lost;;;;;;;;;;;;;
EVT98247OPTA;Let us reconcile with the Boers.;;;;;;;;;;;;;
EVT98247OPTB;Never! There will be a reckoning.;;;;;;;;;;;;;
EVTNAME98248;The Treaty of Vereeniging;;;;;;;;;;;;;
EVT98248OPTA;That's good to hear.;;;;;;;;;;;;;
EVT98249OPTA;We shall accept their surrender nevertheless.;;;;;;;;;;;;;
EVTNAME98250;Border Dispute with the Zulu;;;;;;;;;;;;;
EVT98250OPTA;We have no choice. §RGain 2 infamy§W;;;;;;;;;;;;;
EVT98250OPTB;Back down.;;;;;;;;;;;;;
EVTNAME98255;Conflict with the Xhosa;;;;;;;;;;;;;
EVTDESC98255;Once_again,_conflict_with_the_native_Xhosa_has_flared_into_violence_in_our_Cape_Colony._A_band_of_Xhosa_warriors_spilled_across_the_border,_stealing_cattle_and_burning_down_a_host_of_British_farmsteads._Colonial_citizens_are_demanding_that_the_governor_take_action.;;;;;;;;;;;;;
EVT98255OPTA;This is beyond the pale!;;;;;;;;;;;;;
EVTNAME98256;The Final Straw;;;;;;;;;;;;;
EVT98256OPTA;Then so must it be. §RGain 2 infamy§W;;;;;;;;;;;;;
EVT98256OPTB;We will influence their government instead. §GLose 2 infamy§W;;;;;;;;;;;;;
EVTNAME98260;Walvis Bay;;;;;;;;;;;;;
EVT98260OPTA;A fine idea!;;;;;;;;;;;;;
EVT98260OPTB;It's not worth it.;;;;;;;;;;;;;
EVTNAME98261;The Northern Cape Colony;;;;;;;;;;;;;
EVT98261OPTA;This is necessary.;;;;;;;;;;;;;
EVT98261OPTB;We have other plans.;;;;;;;;;;;;;
EVTNAME85000;Catholics Slain in Korea;;;;;;;;;;;;;
EVT85000OPTA;This cannot go unpunished.;;;;;;;;;;;;;
EVT85000OPTB;We cannot afford to escalate the matter.;;;;;;;;;;;;;
EVTNAME85001;$FROMCOUNTRY$ Demands Retribution;;;;;;;;;;;;;
EVT85001OPTA;The Koreans are on their own.;;;;;;;;;;;;;
EVT85001OPTB;We will not abandon the Koreans!;;;;;;;;;;;;;
EVTNAME85002;$FROMCOUNTRY$ Abandons $COUNTRY$;;;;;;;;;;;;;
EVT85002OPTA;Outrageous!;;;;;;;;;;;;;
EVT85002OPTB;We must maintain good relations with the Qing, no matter what.;;;;;;;;;;;;;
EVTNAME85003;$FROMCOUNTRY$ Abandons Korea;;;;;;;;;;;;;
EVT85003OPTA;Excellent news!;;;;;;;;;;;;;
EVTNAME85004;$FROMCOUNTRY$ Will Defend $COUNTRY$;;;;;;;;;;;;;
EVT85004OPTA;That is a relief.;;;;;;;;;;;;;
EVTNAME85005;$FROMCOUNTRY$ Will Defend Korea;;;;;;;;;;;;;
EVT85005OPTA;Then war it is!;;;;;;;;;;;;;
EVT85005OPTB;We will not push the matter further.;;;;;;;;;;;;;
EVTNAME85010;The Ganghwa Incident;;;;;;;;;;;;;
EVT85010OPTA;Demand an apology as well as the treaty.;;;;;;;;;;;;;
EVT85010OPTB;This is not in our interest.;;;;;;;;;;;;;
EVT85011OPTA;There is nothing we can do. Sign the treaty.;;;;;;;;;;;;;
EVT85011OPTB;Never! Let them do their worst!;;;;;;;;;;;;;
EVT85012OPTA;Outrageous!;;;;;;;;;;;;;
EVTNAME85013;$FROMCOUNTRY$ Has Agreed;;;;;;;;;;;;;
EVT85013OPTA;Excellent.;;;;;;;;;;;;;
EVTNAME85014;$FROMCOUNTRY$ Has Refused!;;;;;;;;;;;;;
EVT85014OPTA;So be it.;;;;;;;;;;;;;
EVTNAME85015;Korean Surrender;;;;;;;;;;;;;
EVT85015OPTA;It seems we have little choice.;;;;;;;;;;;;;
EVTNAME85020;Tonghak Rebellion;;;;;;;;;;;;;
EVT85020OPTA;This cannot be allowed!;;;;;;;;;;;;;
EVTNAME85021;Tonghak Rebellion Ended;;;;;;;;;;;;;
EVT85025OPTA;We must intervene in Korea.;;;;;;;;;;;;;
EVT85025OPTB;They are on their own.;;;;;;;;;;;;;
EVTNAME85026;$FROMCOUNTRY$ Intervenes in Korea;;;;;;;;;;;;;
EVT85026OPTA;Overthrow the Korean government. §RGain 5 infamy§W;;;;;;;;;;;;;
EVT85026OPTB;This is not the time to act. §GLose 2 infamy§W;;;;;;;;;;;;;
EVTNAME85027;$FROMCOUNTRY_ADJ$ Forces Enter Seoul;;;;;;;;;;;;;
EVT85027OPTA;An outrage!;;;;;;;;;;;;;
EVT85027OPTB;Retreat to Pyongyang and prepare to strike back. §R(War)§W;;;;;;;;;;;;;
EVT85028OPTA;War it is!;;;;;;;;;;;;;
EVT85028OPTB;This is not the time to act.;;;;;;;;;;;;;
EVTNAME85029;Chinese Intervene in Korea;;;;;;;;;;;;;
EVTNAME98620;Christian Oppression;;;;;;;;;;;;;
EVTDESC98620;The_Ottoman_government_had_a_number_of_policies_regarding_the_treatment_of_Christians_within_the_Empire_which_were_considered_oppressive:_the_capitulation_tax,_known_as_the_Jizya,_as_well_as_controls_over_Christians_which_did_not_permit_them_to_become_soldiers_or_hold_public_office._It_was_not_until_the_Hatt-i_Humayun_in_1856_--_also_known_as_the_Imperial_Reform_Edict,_part_of_the_Tanzimat_Reforms_--_that_things_actually_began_to_improve_for_minorities.;;;;;;;;;;;;;
EVT98620OPTA;This is how it must be.;;;;;;;;;;;;;
EVTNAME98625;The Kanûn-i Esâsî;;;;;;;;;;;;;
EVT98625OPTA;Tradition will be maintained.;;;;;;;;;;;;;
EVT98625OPTB;Implement the reforms.;;;;;;;;;;;;;
EVTNAME98626;The Empire in Crisis;;;;;;;;;;;;;
EVT98626OPTA;Order must be restored. Abrogate the constitution.;;;;;;;;;;;;;
EVT98626OPTB;Reform must move forward, no matter the cost.;;;;;;;;;;;;;
EVTNAME98630;Inspired Nationalists;;;;;;;;;;;;;
EVT98630OPTA;This cannot be permitted.;;;;;;;;;;;;;
EVTNAME98635;The Young Turks;;;;;;;;;;;;;
EVT98635OPTA;We cannot allow them to spread unrest.;;;;;;;;;;;;;
EVT98635OPTB;Let them talk.;;;;;;;;;;;;;
EVTNAME98636;Turkish Nationalism;;;;;;;;;;;;;
EVT98636OPTA;This is unacceptable!;;;;;;;;;;;;;
EVTNAME98640;End of the Ottoman Dynasty;;;;;;;;;;;;;
EVT98640OPTA;Long live $COUNTRY$!;;;;;;;;;;;;;
EVTNAME97500;Sovereign Authority in the Holy Land;;;;;;;;;;;;;
EVT97500OPTA;Russia protects the Holy Land, not France.;;;;;;;;;;;;;
EVT97500OPTB;We will agree to the French demands.;;;;;;;;;;;;;
EVTNAME97501;$FROMCOUNTRY$ Refuses Our Claim;;;;;;;;;;;;;
EVT97501OPTA;Pressure them into accepting.;;;;;;;;;;;;;
EVT97501OPTB;Abandon our claim before this goes further.;;;;;;;;;;;;;
EVTNAME97502;French Escalation;;;;;;;;;;;;;
EVT97502OPTA;We must give in to the French.;;;;;;;;;;;;;
EVT97502OPTB;Never! Let them come, if they dare!;;;;;;;;;;;;;
EVT97503OPTA;We are the protectors of Eastern Christians, not the French.;;;;;;;;;;;;;
EVTNAME97504;$FROMCOUNTRY$ Has Agreed;;;;;;;;;;;;;
EVT97504OPTA;Excellent.;;;;;;;;;;;;;
EVTNAME97505;French Authority in the Holy Land;;;;;;;;;;;;;
EVT97505OPTA;This will surely lead to trouble.;;;;;;;;;;;;;
EVT97506OPTA;We intend to stay out of the conflict.;;;;;;;;;;;;;
EVT97506OPTB;We will protect our interests.;;;;;;;;;;;;;
EVTNAME97507;The War is Lost;;;;;;;;;;;;;
EVT97507OPTA;A dark day for the Ottoman Empire.;;;;;;;;;;;;;
EVT97507OPTB;Never! There is still a chance!;;;;;;;;;;;;;
EVTNAME97508;The $FROMCOUNTRY_ADJ$ Surrender;;;;;;;;;;;;;
EVT97508OPTA;We accept.;;;;;;;;;;;;;
EVT97508OPTB;We refuse. The war continues.;;;;;;;;;;;;;
EVTNAME97509;The Russians Have Accepted;;;;;;;;;;;;;
EVT97509OPTA;A great relief.;;;;;;;;;;;;;
EVT97512OPTA;There shall be a reckoning. §R(Pay or owe 250,000¤)§W;;;;;;;;;;;;;
EVTNAME97510;The Treaty of Paris;;;;;;;;;;;;;
EVT97510OPTA;Give them Izmail.;;;;;;;;;;;;;
EVT97510OPTB;Never! They will have to take it from us! §RGain 10 infamy§W;;;;;;;;;;;;;
EVTNAME97511;Stand Down;;;;;;;;;;;;;
EVT97511OPTA;It's about time!;;;;;;;;;;;;;
EVTNAME97515;Romanian Independence;;;;;;;;;;;;;
EVT97515OPTA;We shall declare our independence.;;;;;;;;;;;;;
EVT97515OPTB;No, it is too risky.;;;;;;;;;;;;;
EVT97516OPTA;We will assist the Romanians.;;;;;;;;;;;;;
EVT97516OPTB;We are not interested.;;;;;;;;;;;;;
EVTNAME97517;The Russians Have Agreed;;;;;;;;;;;;;
EVTNAME97518;The Russians Have Refused;;;;;;;;;;;;;
EVTNAME97520;Romania Is Free!;;;;;;;;;;;;;
EVT97520OPTA;Give them Izmail, as promised.;;;;;;;;;;;;;
EVT97520OPTB;Betray them. They don't deserve it. §RGain 3 infamy§W;;;;;;;;;;;;;
EVTNAME97521;The War Has Failed;;;;;;;;;;;;;
EVT97521OPTA;A dark day for Romania.;;;;;;;;;;;;;
EVT97525OPTA;How dare they!;;;;;;;;;;;;;
EVT97525OPTB;Let Romania go. We cannot afford a war.;;;;;;;;;;;;;
EVT97526OPTA;They want war? We'll give them war.;;;;;;;;;;;;;
EVTNAME95610;The Great Game;;;;;;;;;;;;;
EVT95610OPTA;It remains a possibility. §RGain 1 infamy§W;;;;;;;;;;;;;
EVT95610OPTB;This is not in our interests.;;;;;;;;;;;;;
EVT95610OPTC;Never bring this up again.;;;;;;;;;;;;;
EVTDESC95611;Advisers_to_the_$COUNTRY_ADJ$_government_are_warning_that_the_British_will_continue_their_northward_expansion._If_we_do_not_press_south,_Russia_will_soon_have_its_southern_borders_exposed_to_European_invasion._It_does_us_no_good_to_allow_the_British_complete_hegemony_over_Central_Asia._Something_must_be_done!;;;;;;;;;;;;;
EVTNAME95612;The Great Game Comes To $COUNTRY$;;;;;;;;;;;;;
EVT95612OPTA;This is not good.;;;;;;;;;;;;;
EVTNAME95613;$FROMCOUNTRY_ADJ$ Border Incident;;;;;;;;;;;;;
EVT95613OPTA;Use the excuse to attack. §RGain 3 infamy§W;;;;;;;;;;;;;
EVT95613OPTB;Accept their apology.;;;;;;;;;;;;;
EVTNAME95614;Peace With $FROMCOUNTRY$;;;;;;;;;;;;;
EVT95614OPTA;That is a relief.;;;;;;;;;;;;;
EVTNAME95615;Russian Takeover;;;;;;;;;;;;;
EVT95615OPTA;So be it.;;;;;;;;;;;;;
EVTNAME95616;The $FROMCOUNTRY_ADJ$ Doctrine;;;;;;;;;;;;;
EVT95616OPTA;Assume control of $FROMCOUNTRY$.;;;;;;;;;;;;;
EVT95616OPTB;Leave them be.;;;;;;;;;;;;;
EVTNAME37227;Corsican Rebellion;;;;;;;;;;;;;
EVT37227OPTA;An outrage!;;;;;;;;;;;;;
EVTNAME37228;Rebellion in Crete;;;;;;;;;;;;;
EVTNAME37229;Rebellion in Cyprus;;;;;;;;;;;;;
EVTNAME37219_NEW;Persecution of French Missionaries;;;;;;;;;;;;;
EVTDESC37219_NEW;The_Paris_Foreign_Missions_Society_has_been_actively_spreading_Catholicism_in_Asia_for_many_years_now,_but_they_have_encountered_considerable_persecution_at_the_hands_of_Asian_authorities._In_Dai_Nam,_the_execution_of_several_missionaries_has_prompted_the_society_to_ask_the_French_government_for_diplomatic_intervention._This_has_gone_nowhere,_leaving_us_with_little_choice_but_to_consider_armed_intervention.;;;;;;;;;;;;;
EVTNAME37230;The Kingdom of Pomare;;;;;;;;;;;;;
EVT37230OPTA;We will approve the treaty. §RGain 2 infamy§W;;;;;;;;;;;;;
EVT37230OPTB;We have no interest in the Pacific. §GLose 2 infamy§W;;;;;;;;;;;;;
EVTNAME37235;The Algerian Rebellion;;;;;;;;;;;;;
EVTDESC37235;Not_long_ago,_Algerian_bitterness_towards_Ottoman_rule_made_them_almost_welcome_French_intervention._Our_colonization_of_Algiers_and_the_northern_coast,_however,_has_given_rise_to_a_resistance_under_the_leadership_of_Emir_Abdelkader_al-Djezairi._The_man_has_united_the_Maghrebi_tribes,_and_now_has_launched_attacks_on_several_colonial_settlements.;;;;;;;;;;;;;
EVT37235OPTA;This must be dealt with immediately.;;;;;;;;;;;;;
EVT37235OPTB;It would be better to parley with the Emir.;;;;;;;;;;;;;
EVT37235OPTC;Do not bother me with this again.;;;;;;;;;;;;;
EVTNAME10400;The French Revolution of $YEAR$;;;;;;;;;;;;;
EVT10400OPTA;Liberté! Égalité! Fraternité!;;;;;;;;;;;;;
EVTNAME10401;The Presidential Election;;;;;;;;;;;;;
EVT10401OPTA;Napoleon shall be the rightful president.;;;;;;;;;;;;;
EVT10401OPTB;Rig the election. Cavaignac must win.;;;;;;;;;;;;;
EVTNAME11109;The Creation of Greater Finland;;;;;;;;;;;;;
EVT11109OPTA;We will answer the call!;;;;;;;;;;;;;
EVT11109OPTB;We will remain independent.;;;;;;;;;;;;;
EVTNAME10402;Napoleon Wins Election!;;;;;;;;;;;;;
EVT10402OPTA;This may not end well.;;;;;;;;;;;;;
EVTNAME10405;Louis-Napoleon's Coup d'Etat;;;;;;;;;;;;;
EVT10405OPTA;Vive le Second Empire!;;;;;;;;;;;;;
EVTNAME10410;Emperor Napoleon Deposed;;;;;;;;;;;;;
EVT10410OPTA;Vive la Troisième République!;;;;;;;;;;;;;
EVT10410OPTB;Favor the Count of Chambord!;;;;;;;;;;;;;
EVT10410OPTC;Favor the Count of Paris!;;;;;;;;;;;;;
EVTNAME10411;The Death of Napoleon;;;;;;;;;;;;;
EVT10411OPTA;Louis-Napoléon IV is the rightful heir.;;;;;;;;;;;;;
EVT10411OPTB;Restore the Bourbon dynasty!;;;;;;;;;;;;;
EVT10411OPTC;End the monarchy!;;;;;;;;;;;;;
EVTNAME1010010;The Harvest of $YEAR$;;;;;;;;;;;;;
EVTNAME1010011;The Great Irish Famine;;;;;;;;;;;;;
EVT1010011OPTA;Do whatever it takes to help them.;;;;;;;;;;;;;
EVT1010011OPTB;Give them what aid we can.;;;;;;;;;;;;;
EVT1010011OPTC;We must not interfere in the markets.;;;;;;;;;;;;;
EVTNAME1010012;Irish Famine Spreads;;;;;;;;;;;;;
EVTDESC1010012;\n\nThe_blight_affecting_the_Irish_potato_crop_has_spread_to_$STATENAME$._With_the_local_harvest_quickly_failing,_the_effects_are_already_being_felt_--_poor_Irish_peasants_are_walking_the_streets_of_$PROVINCENAME$,_begging_for_government_aid_which_never_arrives,_and_many_are_obviously_considering_making_their_way_to_the_New_World_out_of_desperation.;;;;;;;;;;;;;
EVT1010012OPTA;Our choice has been made.;;;;;;;;;;;;;
EVTDESC1010013;\n\nThe_blight_affecting_the_Irish_potato_crop_has_spread_to_$STATENAME$._With_the_local_harvest_quickly_failing,_the_effects_are_already_being_felt_--_poor_Irish_peasants_are_walking_the_streets_of_$PROVINCENAME$,_barely_subsisting_on_the_limited_cornmeal_handouts_offered_by_the_government,_and_many_are_obviously_considering_making_their_way_to_the_New_World_out_of_desperation.;;;;;;;;;;;;;
EVTDESC1010014;\n\nThe_blight_affecting_the_Irish_potato_crop_has_spread_to_$STATENAME$._With_the_local_harvest_quickly_failing,_the_effects_are_already_being_felt_--_in_$PROVINCENAME$,_the_Irish_are_gathering_in_large_crowds_to_receive_aid_sent_by_the_British_government._While_they_are_grateful,_times_are_still_incredibly_difficult_and_it's_clear_many_are_considering_leaving_Ireland_to_take_their_chances_in_the_New_World.;;;;;;;;;;;;;
EVTNAME1010015;The Young Irelander Rebellion;;;;;;;;;;;;;
EVT1010015OPTA;Outrageous!;;;;;;;;;;;;;
EVTNAME1010016;Ireland's Opportunity;;;;;;;;;;;;;
EVTDESC1010016;\n\nNot_content_to_wait_until_the_dust_of_the_war_has_settled,_nationalists_in_Ireland_have_taken_to_the_streets_of_$PROVINCENAME$_to_call_for_the_end_of_$COUNTRY_ADJ$_rule._With_our_forces_engaged_elsewhere,_their_calls_have_quickly_swept_across_all_of_$STATENAME$.;;;;;;;;;;;;;
EVT1010016OPTA;When the war is done, there shall be consequences.;;;;;;;;;;;;;
EVTNAME1010020;The Irish Republican Brotherhood;;;;;;;;;;;;;
EVT1010020OPTA;Perhaps the time has come to examine the Irish situation.;;;;;;;;;;;;;
EVTNAME1010021;Fenians in $PROVINCENAME$;;;;;;;;;;;;;
EVTDESC1010021;\n\nWe've_received_reports_that_the_Irish_Republican_Brotherhood_has_been_active_in_$PROVINCENAME$,_spreading_propaganda_and_generally_stirring_up_agitation_against_the_$COUNTRY_ADJ$_government._The_constabulary_in_$STATENAME$_has_been_actively_hunting_these_nationalists_down,_but_considering_many_within_the_constabulary_are_Irish_themselves_the_process_has_not_been_simple.;;;;;;;;;;;;;
EVT1010021OPTA;This is a serious issue.;;;;;;;;;;;;;
EVTNAME1010022;Fenian Revolt in $PROVINCENAME$;;;;;;;;;;;;;
EVTDESC1010022;\n\nThe_Irish_Republican_Brotherhood_has_stirred_up_local_resentment_in_$PROVINCENAME$,_resulting_in_several_riots_and_a_renewed_campaign_against_$COUNTRY_ADJ$_rule_in_Ireland.;;;;;;;;;;;;;
EVT1010022OPTA;This simply makes things far more difficult.;;;;;;;;;;;;;
EVTNAME1010023;The Easter Rising;;;;;;;;;;;;;
EVTDESC1010023;\n\nIn_an_event_organized_by_the_Irish_Republican_Brotherhood,_a_group_of_Irish_nationalists_seized_key_locations_in_the_city_of_$PROVINCENAME$_on_Easter_Monday,_kicking_off_the_most_significant_uprising_in_Ireland_since_the_rebellion_of_1798.;;;;;;;;;;;;;
EVT1010023OPTA;This calls for decisive action.;;;;;;;;;;;;;
EVT1010023OPTB;Due process must be followed, no matter the cost.;;;;;;;;;;;;;
EVTNAME1010024;The Sinn Féin Demand;;;;;;;;;;;;;
EVT1010024OPTA;We will not be negotiated with at gunpoint.;;;;;;;;;;;;;
EVT1010024OPTB;Grant them independence.;;;;;;;;;;;;;
EVTNAME1010025;The Anglo-Irish Treaty;;;;;;;;;;;;;
EVT1010025OPTA;They shall become an autonomous Dominion.;;;;;;;;;;;;;
EVT1010025OPTB;They shall become a free ally. §GLose 3 infamy§W;;;;;;;;;;;;;
EVT1010025OPTC;They are part of $COUNTRY$. Annex them. §RGain 5 infamy§W;;;;;;;;;;;;;
EVTNAME1010030;Charles Stewart Parnell;;;;;;;;;;;;;
EVT1010030OPTA;Keep him contained. We don't want trouble.;;;;;;;;;;;;;
EVT1010030OPTB;Encourage him. He'll do good work.;;;;;;;;;;;;;
EVTNAME1010031;The $STATENAME$ Volunteers;;;;;;;;;;;;;
EVTDESC1010031;\n\nWith_Charles_Stewart_Parnell_putting_forward_his_Home_Rule_agenda,_$COUNTRY_ADJ$_citizens_in_$PROVINCENAME$_have_become_increasingly_concerned_that_they_might_end_up_in_an_independent_Irish_state_--_one_dominated_by_Irish_Catholics_in_Dublin._They_have_begun_actively_campaigning_to_ensure_this_doesn't_happen.;;;;;;;;;;;;;
EVT1010031OPTA;Yet more trouble in Ireland?;;;;;;;;;;;;;
EVTNAME1010032;Irish Home Rule;;;;;;;;;;;;;
EVT1010032OPTA;Pass the bill and give them Home Rule. §GLose 3 infamy§W;;;;;;;;;;;;;
EVT1010032OPTB;There shall be no independence for Ireland.;;;;;;;;;;;;;
EVT1010032OPTC;Onward to Ireland! §BPlay as Ireland§W §GLose 3 infamy§W;;;;;;;;;;;;;
EVTNAME1010033;Kitty O'Shea;;;;;;;;;;;;;
EVT1010033OPTA;Unfortunate. For the Irish, I mean.;;;;;;;;;;;;;
EVTNAME90050;The Annexation of Schleswig;;;;;;;;;;;;;
EVTDESC90050;The_duchies_of_Schleswig_and_Holstein_have_long_been_united_and_considered_indivisible_under_the_Danish_crown,_but_a_question_of_royal_claim_to_the_duchies_combined_with_the_Holsteinian_desire_to_join_in_the_larger_German_Confederation_to_the_south_has_led_to_considerable_difficulty_for_King_Frederick_VII._The_treatment_of_Danish_people_in_Schleswig_living_under_Holsteinian_domination_has_led_to_a_call_for_the_duchy_to_be_incorporated_into_$COUNTRY$_proper._This_is_unlikely_to_be_looked_on_favorably_by_the_conservative_German_aristocracy_in_Holstein.;;;;;;;;;;;;;
EVT90050OPTA;Schleswig is a part of $COUNTRY$.;;;;;;;;;;;;;
EVTNAME900500;The Schleswig-Holstein War;;;;;;;;;;;;;
EVT900500OPTA;Too late to turn back now.;;;;;;;;;;;;;
EVTNAME90051;The Annexation of Schleswig;;;;;;;;;;;;;
EVT90051OPTA;Schleswig-Holstein is German.;;;;;;;;;;;;;
EVTNAME90052;Schleswig-Holstein Under Our Control;;;;;;;;;;;;;
EVT90052OPTA;Schleswig-Holstein will be restored. §GLose 3 infamy§W;;;;;;;;;;;;;
EVT90052OPTB;Holstein may go, but Schleswig is $COUNTRY_ADJ$. §RGain 2 infamy§W;;;;;;;;;;;;;
EVT90052OPTC;We will not bow to pressure. §RGain 5 infamy§W;;;;;;;;;;;;;
EVTNAME90053;The November Constitution;;;;;;;;;;;;;
EVT90053OPTA;Sign the constitution. §RGain 3 infamy§W;;;;;;;;;;;;;
EVT90053OPTB;Do not sign the constitution.;;;;;;;;;;;;;
EVTNAME90054;The Schleswig-Holstein Question;;;;;;;;;;;;;
EVTDESC900054;The_secessionist_movement_of_the_large_German_majority_in_Holstein_and_southern_Schleswig_was_suppressed_in_the_First_Schleswig_War_,_but_the_movement_continued_throughout_the_1850s_and_1860s,_as_Denmark_attempted_to_integrate_the_Duchy_of_Schleswig_into_the_Danish_kingdom_whilst_proponents_of_German_unification_expressed_the_wish_to_include_the_Danish-ruled_duchies_of_Holstein_and_Schleswig_in_a_Greater_Germany.\n\nKing_Christian_IX_of_Denmark_has_signed_the_so-called_"November_constitution"_establishing_a_shared_law_of_succession_and_a_common_parliament_for_both_Schleswig_and_Denmark._This_is_a_direct_violation_of_the_London_Protocol_which_ended_the_first_Schlewsig_War,_the_German_Confederation_must_take_action_against_the_Danes.;;;;;;;;;;;;;
EVT90054OPTA;This cannot be permitted. §RGain 2 infamy§W;;;;;;;;;;;;;
EVT90054OPTB;We can do nothing.;;;;;;;;;;;;;
EVTNAME900054;The Second Schleswig War;;;;;;;;;;;;;
EVTDESC9000954;The_situation_in_Schleswig_is_tense,_but_without_fighting_-_Danish_forces_control_the_north_bank_of_the_Eider_River_and_German_forces_the_south_bank._Austria_and_Prussia_have_declared_furthermore_to_take_action_against_Denmark_without_regard_to_decisions_of_the_German_Confederation._Prussian_Prime_Minister_Otto_Von_Bismarck_has_issued_an_ultimatum_demanding_that_the_November_Constitution_should_be_abolished_within_48_hours._Given_the_short_deadline,_this_is_politically_impossible,_and_the_demand_has_consequently_rejected._It_seems_that_war_is_inevitable.;;;;;;;;;;;;;
EVT900054OPTA;We will be victorious!;;;;;;;;;;;;;
EVT90055OPTA;Our mastery of Germany awaits!;;;;;;;;;;;;;
EVT90056OPTA;How DARE they!;;;;;;;;;;;;;
EVTNAME90057;Look to $FROMCOUNTRY$?;;;;;;;;;;;;;
EVT90057OPTA;Maybe a $FROMCOUNTRY_ADJ$ future is better.;;;;;;;;;;;;;
EVT90057OPTB;We are better off as we are now.;;;;;;;;;;;;;
EVTNAME95250;The White Rajah;;;;;;;;;;;;;
EVT95250OPTA;We will recognize the Rajah;;;;;;;;;;;;;
EVT95250OPTB;Sarawak is ours!;;;;;;;;;;;;;
EVTNAME95251;The Dutch East Indies;;;;;;;;;;;;;
EVT95251OPTA;It remains a possibility. §RGain 2 infamy§W;;;;;;;;;;;;;
EVT95251OPTB;This is not in our interests.;;;;;;;;;;;;;
EVTNAME95255;$FROMCOUNTRY_ADJ$ Unification;;;;;;;;;;;;;
EVT95255OPTA;We will answer the call!;;;;;;;;;;;;;
EVT95255OPTB;We will remain independent;;;;;;;;;;;;;
EVTNAME97125;Flores Purchase;;;;;;;;;;;;;
EVT97125OPTA;Accept the offer. §R(Pay or owe 50,000¤)§W;;;;;;;;;;;;;
EVT97125OPTB;Reject the offer.;;;;;;;;;;;;;
EVTNAME98800;$STATENAME$ Colonial Incorporation;;;;;;;;;;;;;
EVTDESC98800;With_the_arrival_of_the_$COUNTRY_ADJ$_colonial_governor_into_$PROVINCENAME$,_an_effort_has_begun_to_incorporate_$COUNTRY_ADJ$_$STATENAME$_into_the_larger_Nigerian_colony.;;;;;;;;;;;;;
EVTDESC97130;\n\nWith_the_arrival_of_the_$COUNTRY_ADJ$_colonial_governor_into_$PROVINCENAME$,_an_effort_has_begun_to_incorporate_$COUNTRY_ADJ$_$STATENAME$_into_the_larger_Indonesian_colonial_administration.;;;;;;;;;;;;;
EVT97130OPTA;An excellent development!;;;;;;;;;;;;;
EVTDESC98805;With_the_arrival_of_the_$COUNTRY_ADJ$_colonial_governor_into_$PROVINCENAME$,_an_effort_has_begun_to_incorporate_$COUNTRY_ADJ$_$STATENAME$_into_the_larger_Togolese_colony.;;;;;;;;;;;;;
EVTDESC98806;With_the_arrival_of_the_$COUNTRY_ADJ$_colonial_governor_into_$PROVINCENAME$,_an_effort_has_begun_to_incorporate_$COUNTRY_ADJ$_$STATENAME$_into_the_larger_Gambian_colony.;;;;;;;;;;;;;
EVTDESC98807;With_the_arrival_of_the_$COUNTRY_ADJ$_colonial_governor_into_$PROVINCENAME$,_an_effort_has_begun_to_incorporate_$COUNTRY_ADJ$_$STATENAME$_into_the_larger_Ivorian_colony.;;;;;;;;;;;;;
EVTDESC98810;With_the_arrival_of_the_$COUNTRY_ADJ$_colonial_governor_into_$PROVINCENAME$,_an_effort_has_begun_to_incorporate_$COUNTRY_ADJ$_$STATENAME$_into_the_larger_Sierra_Leonean_colony.;;;;;;;;;;;;;
EVTDESC98815;With_the_arrival_of_the_$COUNTRY_ADJ$_colonial_governor_into_$PROVINCENAME$,_an_effort_has_begun_to_incorporate_$COUNTRY_ADJ$_$STATENAME$_into_the_larger_Guinean_colony.;;;;;;;;;;;;;
EVTDESC98820;With_the_arrival_of_the_$COUNTRY_ADJ$_colonial_governor_into_$PROVINCENAME$,_an_effort_has_begun_to_incorporate_$COUNTRY_ADJ$_$STATENAME$_into_the_larger_Senegalese_colony.;;;;;;;;;;;;;
EVTDESC98822;With_the_arrival_of_the_$COUNTRY_ADJ$_colonial_governor_into_$PROVINCENAME$,_an_effort_has_begun_to_incorporate_$COUNTRY_ADJ$_$STATENAME$_into_the_larger_Algerian_colony.;;;;;;;;;;;;;
EVTDESC98825;With_the_arrival_of_the_$COUNTRY_ADJ$_colonial_governor_into_$PROVINCENAME$,_an_effort_has_begun_to_incorporate_$COUNTRY_ADJ$_$STATENAME$_into_the_larger_Nigerien_colony.;;;;;;;;;;;;;
EVTDESC98830;With_the_arrival_of_the_$COUNTRY_ADJ$_colonial_governor_into_$PROVINCENAME$,_an_effort_has_begun_to_incorporate_$COUNTRY_ADJ$_$STATENAME$_into_the_larger_Chadian_colony.;;;;;;;;;;;;;
EVTDESC98835;With_the_arrival_of_the_$COUNTRY_ADJ$_colonial_governor_into_$PROVINCENAME$,_an_effort_has_begun_to_incorporate_$COUNTRY_ADJ$_$STATENAME$_into_the_larger_Cameroonian_colony.;;;;;;;;;;;;;
EVTDESC98837;With_the_arrival_of_the_$COUNTRY_ADJ$_colonial_governor_into_$PROVINCENAME$,_an_effort_has_begun_to_incorporate_$COUNTRY_ADJ$_$STATENAME$_into_the_larger_Gabonese_colony.;;;;;;;;;;;;;
EVTDESC98840;With_the_arrival_of_the_$COUNTRY_ADJ$_colonial_governor_into_$PROVINCENAME$,_an_effort_has_begun_to_incorporate_$COUNTRY_ADJ$_$STATENAME$_into_the_larger_Congolese_colony.;;;;;;;;;;;;;
EVTDESC98845;With_the_arrival_of_the_$COUNTRY_ADJ$_colonial_governor_into_$PROVINCENAME$,_an_effort_has_begun_to_incorporate_$COUNTRY_ADJ$_$STATENAME$_into_the_larger_Free_Congo_State_colony.;;;;;;;;;;;;;
EVTDESC98852;With_the_arrival_of_the_$COUNTRY_ADJ$_colonial_governor_into_$PROVINCENAME$,_an_effort_has_begun_to_incorporate_$COUNTRY_ADJ$_$STATENAME$_into_the_larger_Central_African_colony.;;;;;;;;;;;;;
EVTDESC98858;With_the_arrival_of_the_$COUNTRY_ADJ$_colonial_governor_into_$PROVINCENAME$,_an_effort_has_begun_to_incorporate_$COUNTRY_ADJ$_$STATENAME$_into_the_larger_Sudanese_colony.;;;;;;;;;;;;;
EVTDESC98860;With_the_arrival_of_the_$COUNTRY_ADJ$_colonial_governor_into_$PROVINCENAME$,_an_effort_has_begun_to_incorporate_$COUNTRY_ADJ$_$STATENAME$_into_the_larger_Zambian_colony.;;;;;;;;;;;;;
EVTDESC98865;With_the_arrival_of_the_$COUNTRY_ADJ$_colonial_governor_into_$PROVINCENAME$,_an_effort_has_begun_to_incorporate_$COUNTRY_ADJ$_$STATENAME$_into_the_larger_Kenyan_colony.;;;;;;;;;;;;;
EVTDESC98870;With_the_arrival_of_the_$COUNTRY_ADJ$_colonial_governor_into_$PROVINCENAME$,_an_effort_has_begun_to_incorporate_$COUNTRY_ADJ$_$STATENAME$_into_the_larger_Tanganyikan_colony.;;;;;;;;;;;;;
EVTDESC98875;With_the_arrival_of_the_$COUNTRY_ADJ$_colonial_governor_into_$PROVINCENAME$,_an_effort_has_begun_to_incorporate_$COUNTRY_ADJ$_$STATENAME$_into_the_larger_Malian_colony.;;;;;;;;;;;;;
EVTDESC98880;With_the_arrival_of_the_$COUNTRY_ADJ$_colonial_governor_into_$PROVINCENAME$,_an_effort_has_begun_to_incorporate_$COUNTRY_ADJ$_$STATENAME$_into_the_larger_Libyan_colony.;;;;;;;;;;;;;
EVTDESC98883;With_the_arrival_of_the_$COUNTRY_ADJ$_colonial_governor_into_$PROVINCENAME$,_an_effort_has_begun_to_incorporate_$COUNTRY_ADJ$_$STATENAME$_into_the_larger_Zanzibar_colony.;;;;;;;;;;;;;
EVTDESC98884;With_the_arrival_of_the_$COUNTRY_ADJ$_colonial_governor_into_$PROVINCENAME$,_an_effort_has_begun_to_incorporate_$COUNTRY_ADJ$_$STATENAME$_into_the_larger_Angolan_colony.;;;;;;;;;;;;;
EVTDESC98885;With_the_arrival_of_the_$COUNTRY_ADJ$_colonial_governor_into_$PROVINCENAME$,_an_effort_has_begun_to_incorporate_$COUNTRY_ADJ$_$STATENAME$_into_the_larger_Mozambican_colony.;;;;;;;;;;;;;
EVTDESC98890;With_the_arrival_of_the_$COUNTRY_ADJ$_colonial_governor_into_$PROVINCENAME$,_an_effort_has_begun_to_incorporate_$COUNTRY_ADJ$_$STATENAME$_into_the_larger_Mauretanian_colony.;;;;;;;;;;;;;
EVTDESC98891;With_the_arrival_of_the_$COUNTRY_ADJ$_colonial_governor_into_$PROVINCENAME$,_an_effort_has_begun_to_incorporate_$COUNTRY_ADJ$_$STATENAME$_into_Morocco.;;;;;;;;;;;;;
EVTDESC98892;With_the_arrival_of_the_$COUNTRY_ADJ$_colonial_governor_into_$PROVINCENAME$,_an_effort_has_begun_to_incorporate_$COUNTRY_ADJ$_$STATENAME$_into_the_larger_Ghanaian_colony.;;;;;;;;;;;;;
EVTDESC98893;With_the_arrival_of_the_$COUNTRY_ADJ$_colonial_governor_into_$PROVINCENAME$,_an_effort_has_begun_to_incorporate_$COUNTRY_ADJ$_$STATENAME$_into_the_larger_Burkinabe_colony.;;;;;;;;;;;;;
EVTDESC98895;With_the_arrival_of_the_$COUNTRY_ADJ$_colonial_governor_into_$PROVINCENAME$,_an_effort_has_begun_to_incorporate_$COUNTRY_ADJ$_$STATENAME$_into_the_larger_Ugandan_colony.;;;;;;;;;;;;;
EVTNAME90060;The Eastern Question;;;;;;;;;;;;;
EVT90060OPTA;We will host the Congress.;;;;;;;;;;;;;
EVT90060OPTB;This is unnecessary.;;;;;;;;;;;;;
EVTNAME90061;Planning for the Congress;;;;;;;;;;;;;
EVT90061OPTA;The Ottoman Empire must be kept strong.;;;;;;;;;;;;;
EVT90061OPTB;Stability in the Balkans is most important.;;;;;;;;;;;;;
EVTNAME90062;$FROMCOUNTRY$ Calls for Congress;;;;;;;;;;;;;
EVT90062OPTA;Our representatives shall attend.;;;;;;;;;;;;;
EVTNAME90063;$FROMCOUNTRY$ Calls for Congress;;;;;;;;;;;;;
EVTNAME90064;$FROMCOUNTRY$ Calls for Congress;;;;;;;;;;;;;
EVT90064OPTA;We will not risk our relationship with the Ottomans for this.;;;;;;;;;;;;;
EVTNAME900640;The Cyprus Convention;;;;;;;;;;;;;
EVT900640OPTA;Make the offer.;;;;;;;;;;;;;
EVT900640OPTB;We have no interest in this.;;;;;;;;;;;;;
EVT900641OPTA;Agree to the deal.;;;;;;;;;;;;;
EVT900641OPTB;No. Cyprus is not a bargaining chip.;;;;;;;;;;;;;
EVTNAME900642;The Deal is Struck;;;;;;;;;;;;;
EVT900642OPTA;We shall do our best.;;;;;;;;;;;;;
EVTNAME900643;The Ottomans Have Refused;;;;;;;;;;;;;
EVT900643OPTA;We accept their decision.;;;;;;;;;;;;;
EVT900643OPTB;Then they shall receive no support from us whatsoever.;;;;;;;;;;;;;
EVTNAME900645;The Bosnian Issue;;;;;;;;;;;;;
EVT900645OPTA;Make the claim at the Congress. §RGain 3 infamy§W;;;;;;;;;;;;;
EVT900645OPTB;We have no interest in Bosnia. §GLose 1 infamy§W;;;;;;;;;;;;;
EVTNAME900646;The Croatian Issue;;;;;;;;;;;;;
EVT900646OPTA;Make the claim at the Congress. §RGain 3 infamy§W;;;;;;;;;;;;;
EVT900646OPTB;We have no interest in Croatia. §GLose 1 infamy§W;;;;;;;;;;;;;
EVTNAME90065;The Congress of $CAPITAL$: Keep the Empire Strong;;;;;;;;;;;;;
EVT90065OPTA;This is how it must be.;;;;;;;;;;;;;
EVTNAME90066;The Congress of $CAPITAL$: Stabilize the Balkans;;;;;;;;;;;;;
EVTNAME90067;The Demands of the Congress;;;;;;;;;;;;;
EVT90067OPTA;We will abide by their demands.;;;;;;;;;;;;;
EVT90067OPTB;Never! $COUNTRY$ will not be ordered about!;;;;;;;;;;;;;
EVTNAME90068;The Demands of the Congress;;;;;;;;;;;;;
EVTNAME90069;$FROMCOUNTRY$ Agrees to the Demands;;;;;;;;;;;;;
EVT90069OPTA;Good to hear.;;;;;;;;;;;;;
EVTNAME90070;$FROMCOUNTRY$ Agrees to the Demands;;;;;;;;;;;;;
EVTNAME90071;$FROMCOUNTRY$ Defies the Congress;;;;;;;;;;;;;
EVT90071OPTA;They will pay for this.;;;;;;;;;;;;;
EVT90071OPTB;We have no desire to push this further.;;;;;;;;;;;;;
EVTNAME900700;Giving Up Cyprus;;;;;;;;;;;;;
EVT900700OPTA;We will abide by our agreement.;;;;;;;;;;;;;
EVT900700OPTB;Their help was worthless! Forget it!;;;;;;;;;;;;;
EVTNAME900701;The Cyprus Lease;;;;;;;;;;;;;
EVT900701OPTA;Excellent.;;;;;;;;;;;;;
EVTNAME900702;$FROMCOUNTRY$ Reneges;;;;;;;;;;;;;
EVT900702OPTA;Then we shall take it whether they like it or not!;;;;;;;;;;;;;
EVT900702OPTB;It's not worth fighting over.;;;;;;;;;;;;;
EVTNAME900705;The Bosnian Stewardship;;;;;;;;;;;;;
EVT900705OPTA;Excellent!;;;;;;;;;;;;;
EVT900705OPTB;Never mind.;;;;;;;;;;;;;
EVTNAME900706;The Croatian Stewardship;;;;;;;;;;;;;
EVTNAME900710;$FROMCOUNTRY_ADJ$ Allies;;;;;;;;;;;;;
EVT900710OPTA;Absolutely.;;;;;;;;;;;;;
EVT900710OPTB;We have no interest in influencing $FROMCOUNTRY$.;;;;;;;;;;;;;
EVTNAME900712;Influence in $FROMCOUNTRY$;;;;;;;;;;;;;
EVTNAME900715;Legacy of the Congress;;;;;;;;;;;;;
EVT900715OPTA;So be it.;;;;;;;;;;;;;
EVTNAME152009872;$COUNTRY_ADJ$ Coup?;;;;;;;;;;;;;
EVT152009872OPTA;This could mean trouble down the line.;;;;;;;;;;;;;
EVTNAME152009873;The $COUNTRY_ADJ$ Military Coup;;;;;;;;;;;;;
EVT152009873OPTA;The army shall rule $COUNTRY$ for now.;;;;;;;;;;;;;
EVT152009873OPTB;We will not stand for military rule in $COUNTRY$!;;;;;;;;;;;;;
EVT95639OPTA;This does not bode well.;;;;;;;;;;;;;
EVTNAME95640;Persecution of French Missionaries;;;;;;;;;;;;;
EVT95640OPTA;Demand Cochinchina, or it is war.;;;;;;;;;;;;;
EVT95640OPTB;We will continue on the diplomatic path. §GLose 2 infamy§W;;;;;;;;;;;;;
EVTNAME95641;The $FROMCOUNTRY_ADJ$ Demand;;;;;;;;;;;;;
EVT95641OPTA;Turn over Cochinchina. There is nothing we can do.;;;;;;;;;;;;;
EVT95641OPTB;They are a paper tiger. Let them come, if they dare.;;;;;;;;;;;;;
EVTNAME95642;$FROMCOUNTRY$ Has Refused;;;;;;;;;;;;;
EVT95642OPTA;Then war it is.;;;;;;;;;;;;;
EVTNAME95645;The Suzerainty of Cambodia;;;;;;;;;;;;;
EVT95645OPTA;Ask for Foreign protection.;;;;;;;;;;;;;
EVT95645OPTB;Throw out the Thai! We will risk war.;;;;;;;;;;;;;
EVTNAME95646;The King of Cambodia;;;;;;;;;;;;;
EVTDESC95647;Cambodia_has_been_under_Vietnamese_control_since_our_war_with_Siam._Now_it_seems_the_Cambodia_king_has_approached_the_Foreigners_and_asked_for_protection,_and_the_Foreigners_have_agreed_to_offer_it._They_are_demanding_control_over_Cambodia,_on_threat_of_war.;;;;;;;;;;;;;
EVT95646OPTA;Demand Cambodia from the Vietnamese.;;;;;;;;;;;;;
EVT95646OPTB;Cambodia is on its own.;;;;;;;;;;;;;
EVT95647OPTA;Surrender Cambodia.;;;;;;;;;;;;;
EVT95647OPTB;This cannot be permitted!;;;;;;;;;;;;;
EVTNAME95648;Dai Nam Has Refused;;;;;;;;;;;;;
EVT95648OPTA;War it is.;;;;;;;;;;;;;
EVTNAME95649;$FROMCOUNTRY$ Has Refused;;;;;;;;;;;;;
EVT95649OPTA;Then we declare our freedom. We shall risk war.;;;;;;;;;;;;;
EVT95649OPTB;Then we do nothing.;;;;;;;;;;;;;
EVTNAME95650;$COUNTRY_ADJ$ Indochina;;;;;;;;;;;;;
EVT95650OPTA;It remains a possibility. §RGain 2 infamy§W;;;;;;;;;;;;;
EVT95650OPTB;This is not in our interests.;;;;;;;;;;;;;
EVT95650OPTC;Never bring this up again.;;;;;;;;;;;;;
EVT95652OPTA;We have no choice. Surrender the territory.;;;;;;;;;;;;;
EVT95652OPTB;Never! They will have to take it from us!;;;;;;;;;;;;;
EVTNAME95653;$FROMCOUNTRY$ Has Refused;;;;;;;;;;;;;
EVT95653OPTA;A foolish move.;;;;;;;;;;;;;
EVTNAME95654;$FROMCOUNTRY$ Has Agreed.;;;;;;;;;;;;;
EVT95654OPTA;A wise move.;;;;;;;;;;;;;
EVTNAME95655;The Unequal Treaty;;;;;;;;;;;;;
EVT95655OPTA;Give them what they want.;;;;;;;;;;;;;
EVT95655OPTB;That will solve nothing!;;;;;;;;;;;;;
EVTNAME95656;The Dai Viet Emperor Agrees;;;;;;;;;;;;;
EVT95656OPTA;Excellent!;;;;;;;;;;;;;
EVTNAME95657;The Dai Viet Emperor has Refused!;;;;;;;;;;;;;
EVT95657OPTA;An unfortunate choice.;;;;;;;;;;;;;
EVTNAME185;$COUNTRY_ADJ$ Prohibition?;;;;;;;;;;;;;
EVT185OPTA;Support the movement.;;;;;;;;;;;;;
EVT185OPTB;Nonsense. They take this too far.;;;;;;;;;;;;;
EVTNAME186;$COUNTRY_ADJ$ Libertines;;;;;;;;;;;;;
EVT186OPTA;There is no need for such action.;;;;;;;;;;;;;
EVT186OPTB;Some restraint is best.;;;;;;;;;;;;;
EVTNAME18210;The Right to Vote;;;;;;;;;;;;;
EVT18210OPTA;Let the bill pass.;;;;;;;;;;;;;
EVT18210OPTB;That will cause too many problems.;;;;;;;;;;;;;
EVT18210OPTC;Don't bring this up again.;;;;;;;;;;;;;
EVTNAME18215;Party Loyalty?;;;;;;;;;;;;;
EVT18215OPTA;We must have unity in the government.;;;;;;;;;;;;;
EVT18215OPTB;No. Let the government rule as it desires.;;;;;;;;;;;;;
EVTNAME18220;The Right to Information;;;;;;;;;;;;;
EVTNAME18225;The Right to Gather;;;;;;;;;;;;;
EVT18225OPTA;They are right. We cannot abide this sort of rabble-rousing.;;;;;;;;;;;;;
EVT18225OPTB;No, the rules shall stay as they are.;;;;;;;;;;;;;
EVTNAME18230;Rights of the Opposition;;;;;;;;;;;;;
EVTNAME98600;$COUNTRY_ADJ$ Independence?;;;;;;;;;;;;;
EVT98600OPTA;We will make the request.;;;;;;;;;;;;;
EVT98600OPTB;There is no point.;;;;;;;;;;;;;
EVTNAME98605;$FROMCOUNTRY_ADJ$ Independence?;;;;;;;;;;;;;
EVT98605OPTA;Grant $FROMCOUNTRY$ its freedom.;;;;;;;;;;;;;
EVT98605OPTB;Refuse them.;;;;;;;;;;;;;
EVTNAME98606;$FROMCOUNTRY$ Has Refused;;;;;;;;;;;;;
EVT98606OPTA;How unfortunate.;;;;;;;;;;;;;
EVTNAME98607;$COUNTRY$ Granted Independence;;;;;;;;;;;;;
EVT98607OPTA;We are most fortunate.;;;;;;;;;;;;;
EVTNAME98610;$FROMCOUNTRY$ Demands Independence;;;;;;;;;;;;;
EVT98610OPTA;Then it is war!;;;;;;;;;;;;;
EVT98610OPTB;We shall let them go. For now.;;;;;;;;;;;;;
EVTNAME98611;Must We Fight Alone?;;;;;;;;;;;;;
EVT98611OPTA;Attempt to find allies quietly. §RGain 3 infamy§W;;;;;;;;;;;;;
EVT98611OPTB;There is no need for this.;;;;;;;;;;;;;
EVTNAME98612;$FROMCOUNTRY_ADJ$ Independence?;;;;;;;;;;;;;
EVT98612OPTA;Agree to the alliance.;;;;;;;;;;;;;
EVT98612OPTB;No, this is too risky.;;;;;;;;;;;;;
EVTNAME98613;$FROMCOUNTRY$ Has Agreed;;;;;;;;;;;;;
EVT98613OPTA;It gives us hope.;;;;;;;;;;;;;
EVTNAME98614;$FROMCOUNTRY$ Has Refused;;;;;;;;;;;;;
EVT98614OPTA;Bah!;;;;;;;;;;;;;
EVTNAME90075;The Fate of Egypt;;;;;;;;;;;;;
EVT90075OPTA;We shall see.;;;;;;;;;;;;;
EVTNAME90076;The Oriental Crisis;;;;;;;;;;;;;
EVT90076OPTA;Egypt is part of the Empire!;;;;;;;;;;;;;
EVT90076OPTB;We are willing to negotiate a settlement.;;;;;;;;;;;;;
EVTNAME90077;Negotiations with the Empire;;;;;;;;;;;;;
EVT90077OPTA;We agree to the proposal.;;;;;;;;;;;;;
EVT90077OPTB;Never! We reject all Ottoman influence in Egypt!;;;;;;;;;;;;;
EVTNAME90078;Egypt Has Agreed;;;;;;;;;;;;;
EVT90078OPTA;This is for the best. §GLose 5 infamy§W;;;;;;;;;;;;;
EVTNAME90079;Egypt Has Refused;;;;;;;;;;;;;
EVT90079OPTA;So must it be.;;;;;;;;;;;;;
EVTNAME90080;The Egyptian Levant;;;;;;;;;;;;;
EVT90080OPTA;Glory to Egypt!;;;;;;;;;;;;;
EVTNAME90081;Egypt Defeated;;;;;;;;;;;;;
EVT90081OPTA;Restrict their lands and power.;;;;;;;;;;;;;
EVT90081OPTB;We shall rule them directly. §RGain 15 infamy§W;;;;;;;;;;;;;
EVTNAME90082;Rebellion Against $COUNTRY_ADJ$ Rule;;;;;;;;;;;;;
EVTDESC90082;\n\nAn_uprising_in_$PROVINCENAME$_has_gained_popularity_throughout_the_region,_spreading_the_unrest_throughout_all_of_$STATENAME$._Local_authorities_have_moved_swiftly_in_an_attempt_to_keep_the_violence_contained.;;;;;;;;;;;;;
EVT90082OPTA;Put down the uprising at once!;;;;;;;;;;;;;
EVTNAME90083;Anger Over Egyptian Defeat;;;;;;;;;;;;;
EVT90083OPTA;We will give in to their demands.;;;;;;;;;;;;;
EVT90083OPTB;The government will not submit to reactionaries!;;;;;;;;;;;;;
EVTNAME90084;$FROMCOUNTRY$ Refuses Egyptian Surrender;;;;;;;;;;;;;
EVT90084OPTA;Withdraw our support for the Ottomans.;;;;;;;;;;;;;
EVT90084OPTB;We will continue our current path.;;;;;;;;;;;;;
EVTNAME90085;The Oriental Crisis;;;;;;;;;;;;;
EVT90085OPTA;Support the Empire;;;;;;;;;;;;;
EVT90085OPTB;The Ottomans are on their own;;;;;;;;;;;;;
EVTNAME90086;$FROMCOUNTRY$ Supports the Empire;;;;;;;;;;;;;
EVT90086OPTA;Excellent!;;;;;;;;;;;;;
EVTNAME90087;The Fall of Egypt;;;;;;;;;;;;;
EVT90087OPTA;We will submit to the Turks.;;;;;;;;;;;;;
EVT90087OPTB;Never! We hold out!;;;;;;;;;;;;;
EVTNAME90088;The Egyptian Surrender;;;;;;;;;;;;;
EVT90088OPTA;We accept their surrender. §RPrevents annexing Egypt§W;;;;;;;;;;;;;
EVT90088OPTB;There will be no peace!;;;;;;;;;;;;;
EVTNAME90089;End of the Oriental Crisis;;;;;;;;;;;;;
EVT90089OPTA;Make peace. We did what we went to do.;;;;;;;;;;;;;
EVT90089OPTB;We will continue as we are.;;;;;;;;;;;;;
EVTNAME90090;The Oriental Crisis;;;;;;;;;;;;;
EVT90090OPTA;Support the Egyptians;;;;;;;;;;;;;
EVT90090OPTB;We shall remain neutral;;;;;;;;;;;;;
EVTNAME90091;$FROMCOUNTRY$ Supports the Egyptians;;;;;;;;;;;;;
EVT90091OPTA;We hope they will not intervene;;;;;;;;;;;;;
EVT90091OPTB;This is an affront to $COUNTRY$;;;;;;;;;;;;;
EVTNAME90092;$FROMCOUNTRY$ Supports the Egyptians;;;;;;;;;;;;;
EVT90092OPTA;$FROMCOUNTRY$ must back down;;;;;;;;;;;;;
EVT90092OPTB;We do not seek conflict with the $FROMCOUNTRY_ADJ$;;;;;;;;;;;;;
EVTNAME90093;$FROMCOUNTRY$ Demands Withdrawal;;;;;;;;;;;;;
EVT90093OPTA;We withdraw our support of Egypt;;;;;;;;;;;;;
EVT90093OPTB;We will not back down!;;;;;;;;;;;;;
EVT90094OPTA;There is nothing more to be done.;;;;;;;;;;;;;
EVT90094OPTB;We have too much at stake to back down now.;;;;;;;;;;;;;
EVT96200OPTA;A greater destiny awaits!;;;;;;;;;;;;;
EVTNAME800150;Pan-Nationalists Victorious!;;;;;;;;;;;;;
EVTNAME800151;$COUNTRY_ADJ$ Patriots;;;;;;;;;;;;;
EVTNAME97100;$PROVINCECULTURE$ Rebellion in $STATENAME$;;;;;;;;;;;;;
EVTDESC97100;\n\nA_dispute_between_local_$PROVINCECULTURE$_leaders_and_$COUNTRY_ADJ$_officials_in_$PROVINCENAME$_has_exploded_into_a_riot,_and_the_violence_quickly_spread_throughout_$STATENAME$._The_$COUNTRY_ADJ$_army_is_stamping_out_the_rebellion_as_best_it_can,_but_fears_persist_that_this_could_develop_into_a_much_larger_problem_if_it_continues.;;;;;;;;;;;;;
EVT97100OPTA;Unacceptable!;;;;;;;;;;;;;
EVTNAME97105;Rebellion Against Foreign Rule;;;;;;;;;;;;;
EVTNAME90040;The Sepoy Rebellion;;;;;;;;;;;;;
EVT90040OPTA;This could mean trouble.;;;;;;;;;;;;;
EVTNAME97110;The Stirrings of Indian Nationalism;;;;;;;;;;;;;
EVT97110OPTA;Interesting.;;;;;;;;;;;;;
EVT97111OPTA;This could be trouble.;;;;;;;;;;;;;
EVTNAME97115;Death of the Maharajah;;;;;;;;;;;;;
EVT97115OPTA;We mourn the Maharajah's passing.;;;;;;;;;;;;;
EVT97116OPTA;Instability in the Punjab is unacceptable.;;;;;;;;;;;;;
EVT97116OPTB;We will step in and make the Punjab stable again. §RGain 3.5 infamy§W;;;;;;;;;;;;;
EVTNAME97124;$COUNTRY$ Granted Independence;;;;;;;;;;;;;
EVTNAME800050;The Power of Tradition;;;;;;;;;;;;;
EVT800050OPTA;Long live the true $COUNTRY$!;;;;;;;;;;;;;
EVTNAME800051;The New $COUNTRY_ADJ$ Order;;;;;;;;;;;;;
EVT800051OPTA;The $COUNTRY_ADJ$ destiny awaits!;;;;;;;;;;;;;
EVTNAME800052;The New Communist Regime;;;;;;;;;;;;;
EVT800052OPTA;The proletariat has prevailed!;;;;;;;;;;;;;
EVTNAME800053;A New Order in $COUNTRY$;;;;;;;;;;;;;
EVT800053OPTA;Down with the elites!;;;;;;;;;;;;;
EVTNAME800054;The New Liberal Regime;;;;;;;;;;;;;
EVT800054OPTA;Freedom has prevailed!;;;;;;;;;;;;;
EVTNAME810055;$COUNTRY_ADJ$ Independence!;;;;;;;;;;;;;
EVT810055OPTA;A new future for $COUNTRY$!;;;;;;;;;;;;;
EVTNAME810056;The New Socialist Regime;;;;;;;;;;;;;
EVT810056OPTA;The working class is triumphant!;;;;;;;;;;;;;
EVTNAME810057;The Colonial Regime Overthrown!;;;;;;;;;;;;;
EVTNAME800055;Rebellion in $FROMCOUNTRY$!;;;;;;;;;;;;;
EVTNAME800056;Rebellion in our ally!;;;;;;;;;;;;;
EVTNAME800060;The Proletariat Cause;;;;;;;;;;;;;
EVTNAME800061;The Spread of Fascism;;;;;;;;;;;;;
EVTNAME800062;The Spread of Radicalism;;;;;;;;;;;;;
EVTNAME800063;The Cause of Freedom;;;;;;;;;;;;;
EVTNAME800064;We Were Discovered;;;;;;;;;;;;;
EVTNAME800065;Diplomatic Incident;;;;;;;;;;;;;
EVTNAME800066;Workers of the World;;;;;;;;;;;;;
EVTNAME800067;$FROMCOUNTRY_ADJ$ Envoy Arrives;;;;;;;;;;;;;
EVTNAME800068;Workers of the World;;;;;;;;;;;;;
EVTNAME800069;The $COUNTRY_ADJ$ Destiny;;;;;;;;;;;;;
EVTNAME800070;The $COUNTRY_ADJ$ Destiny;;;;;;;;;;;;;
EVTNAME800071;The Radical Agenda;;;;;;;;;;;;;
EVTNAME800072;The Radical Agenda;;;;;;;;;;;;;
EVTNAME800073;The Light of Democracy;;;;;;;;;;;;;
EVTNAME800074;The Light of Democracy;;;;;;;;;;;;;
EVTNAME800075;A Communist Summit?;;;;;;;;;;;;;
EVTNAME800076;The $FROMCOUNTRY_ADJ$ Summit;;;;;;;;;;;;;
EVTNAME800077;$COUNTRY_ADJ$-$FROMCOUNTRY_ADJ$ Summit of $YEAR$ a Success!;;;;;;;;;;;;;
EVTNAME800078;$COUNTRY_ADJ$-$FROMCOUNTRY_ADJ$ Summit of $YEAR$;;;;;;;;;;;;;
EVTNAME800079;$COUNTRY_ADJ$-$FROMCOUNTRY_ADJ$ Summit of $YEAR$ a Disaster!;;;;;;;;;;;;;
EVTDESC800079;The_summit_in_$CAPITAL$_went_very_poorly._There_are_too_many_issues_between_our_nations,_and_$FROMCOUNTRY_ADJ$_diplomats_left_in_a_huff._Our_relations_have_suffered_as_a_result.;;;;;;;;;;;;;
EVTNAME800080;$FROMCOUNTRY$ Has Refused;;;;;;;;;;;;;
EVTNAME800081;A Fascist Summit?;;;;;;;;;;;;;
EVTNAME800082;A Radical Summit?;;;;;;;;;;;;;
EVTNAME800083;A Summit of Equals;;;;;;;;;;;;;
EVTNAME800084;Diplomatic Incident;;;;;;;;;;;;;
EVTNAME800085;Diplomatic Incident;;;;;;;;;;;;;
EVTNAME800086;Diplomatic Incident;;;;;;;;;;;;;
EVTNAME800087;Diplomatic Incident;;;;;;;;;;;;;
EVTNAME800088;Incident in $FROMCOUNTRY$;;;;;;;;;;;;;
EVTNAME800089;Insult from $FROMCOUNTRY$!;;;;;;;;;;;;;
EVTNAME800090;$FROMCOUNTRY$ Does Not Accept;;;;;;;;;;;;;
EVTNAME800091;$FROMCOUNTRY$ Accepts;;;;;;;;;;;;;
EVTNAME800092;$FROMCOUNTRY$ Enraged;;;;;;;;;;;;;
EVTNAME800093;$FROMCOUNTRY$ Backs Down;;;;;;;;;;;;;
EVTNAME800094;Diplomatic Incident;;;;;;;;;;;;;
EVTNAME800095;Diplomatic Incident;;;;;;;;;;;;;
EVTNAME800096;Diplomatic Incident;;;;;;;;;;;;;
EVTNAME800097;Diplomatic Incident;;;;;;;;;;;;;
EVTNAME800147;Sepoy Rebels Force Concessions;;;;;;;;;;;;;
EVT800147OPTA;We have no choice but to comply.;;;;;;;;;;;;;
EVTNAME800148;$FROMCOUNTRY$ Driven Out;;;;;;;;;;;;;
EVT800148OPTA;We never liked $FROMCOUNTRY$ anyhow.;;;;;;;;;;;;;
EVTNAME800149;Rebels Storm $CAPITAL$!;;;;;;;;;;;;;
EVT800149OPTA;We have no choice but to comply.;;;;;;;;;;;;;
EVTNAME97700;Patriot Rebellion!;;;;;;;;;;;;;
EVT97700OPTA;We welcome their return.;;;;;;;;;;;;;
EVT97700OPTB;It is too risky.;;;;;;;;;;;;;
EVTNAME800152;Provinces Brought Under Control;;;;;;;;;;;;;
EVT800152OPTA;That is a relief.;;;;;;;;;;;;;
EVT800055OPTA;Let them go. §GLose 1 infamy§W;;;;;;;;;;;;;
EVT800055OPTB;We will salvage what influence we can.;;;;;;;;;;;;;
EVT800055OPTC;We will restore order in our vassal! §RGain 2 infamy§W;;;;;;;;;;;;;
EVT800056OPTA;They're not worth it.;;;;;;;;;;;;;
EVT800056OPTB;We will press our claim. §RGain 1 infamy§W;;;;;;;;;;;;;
EVT97562OPTA;We have little choice.;;;;;;;;;;;;;
EVTNAME97565;Call For Help!;;;;;;;;;;;;;
EVT97566OPTA;We will do what we can.;;;;;;;;;;;;;
EVT97566OPTB;They must stand on their own.;;;;;;;;;;;;;
EVTNAME97567;Danger Passed;;;;;;;;;;;;;
EVTNAME97561;Rebels in $CAPITAL$;;;;;;;;;;;;;
EVTDESC97561;With_our_forces_off_valiantly_facing_the_enemy,_rebels_have_taken_advantage_of_the_situation_and_stormed_$CAPITAL$._They_have_taken_over_the_$COUNTRY_ADJ$_government_and_already_done_a_great_deal_of_damage_in_order_to_drive_out_foreign_influence_in_$COUNTRY$._Without_the_forces_to_oppose_them,_there_is_little_we_can_do.;;;;;;;;;;;;;
EVTNAME97562;$CAPITAL$ Burns;;;;;;;;;;;;;
EVTNAME97566;Trouble in $FROMCOUNTRY$;;;;;;;;;;;;;
EVTNAME97570;Native Unrest in $STATENAME$;;;;;;;;;;;;;
EVTDESC97570;\n\nNow_that_$COUNTRY$_is_free,_native_$COUNTRY_ADJ$_citizens_are_beginning_to_protest_against_the_colonial_regime_that_still_remains._Foreigners_still_hold_the_highest_positions_in_the_government,_and_have_a_privileged_status_in_comparison_to_those_they_once_ruled_over_as_a_colony._In_$PROVINCENAME$,_the_recent_arrest_of_a_native_for_trespassing_on_the_estate_of_a_foreigner_has_led_to_riots_--_and_dissension_has_spread_throughout_all_of_$STATENAME$.;;;;;;;;;;;;;
EVT97570OPTA;They are $COUNTRY_ADJ$ citizens, not 'foreigners'.;;;;;;;;;;;;;
EVTNAME17710;Communist Propaganda;;;;;;;;;;;;;
EVTNAME17715;The Common Man;;;;;;;;;;;;;
EVTNAME17720;Communist Riot;;;;;;;;;;;;;
EVTNAME17730;Communists in $PROVINCENAME$;;;;;;;;;;;;;
EVTDESC17730;\n\nA_communist_demonstration_in_the_streets_of_$PROVINCENAME$,_with_shouts_decrying_the_state_of_workers_in_$COUNTRY$,_has_gained_the_communists_a_great_deal_of_attention_and_sympathy_throughout_$STATENAME$._Attempting_to_crack_down_on_these_agitators_may_only_cause_the_demonstrations_to_turn_into_violence.;;;;;;;;;;;;;
EVT17710OPTA;Crack down on this menace.;;;;;;;;;;;;;
EVT17710OPTB;Let them talk.;;;;;;;;;;;;;
EVT17715OPTA;Crack down on these radicals.;;;;;;;;;;;;;
EVT17715OPTB;Keep the problem localized.;;;;;;;;;;;;;
EVT17720OPTA;We cannot allow this talk to spread.;;;;;;;;;;;;;
EVT17720OPTB;This must not come to violence.;;;;;;;;;;;;;
EVT17730OPTA;Crack down on the communists.;;;;;;;;;;;;;
EVT17730OPTB;Let them demonstrate.;;;;;;;;;;;;;
EVTNAME800100;$COUNTRY_ADJ$ Patriots;;;;;;;;;;;;;
EVT800100OPTA;We must free our brethren.;;;;;;;;;;;;;
EVT800100OPTB;It's too risky.;;;;;;;;;;;;;
EVTNAME800101;$FROMCOUNTRY$ Spreading Dissent;;;;;;;;;;;;;
EVT800101OPTA;We will not tolerate this.;;;;;;;;;;;;;
EVT800101OPTB;Let it slide.;;;;;;;;;;;;;
EVTNAME800102;We Have Been Discovered;;;;;;;;;;;;;
EVT800102OPTA;Let them come! §RGain 2 infamy§W;;;;;;;;;;;;;
EVTNAME97175;Chaos in $STATENAME$;;;;;;;;;;;;;
EVTDESC97175;\n\nThe_rebellion_in_$STATENAME$_has_been_going_on_for_far_too_long,_and_we_are_in_danger_of_losing_control_of_the_colony_entirely._Local_militants_in_$PROVINCENAME$_have_gone_so_far_as_to_declare_their_nation's_independence..._and_while_that_isn't_yet_true,_as_$STATENAME$'s_state_of_chaos_is_still_far_too_widespread,_it's_an_embarrassment_to_$COUNTRY$_and,_given_enough_time,_the_militants_might_gain_enough_control_to_earn_the_colony's_independence.;;;;;;;;;;;;;
EVT97175OPTA;This cannot be allowed.;;;;;;;;;;;;;
EVTNAME97180;Return of Our Lands;;;;;;;;;;;;;
EVT97180OPTA;We will assume control.;;;;;;;;;;;;;
EVT97180OPTB;It is too risky.;;;;;;;;;;;;;
EVTNAME97181;Colonial Uprising in $STATENAME$;;;;;;;;;;;;;
EVTDESC97181;\n\nWe_have_lost_control_of_the_situation_in_$STATENAME$._The_rebels_have_gained_sufficient_control_that_they_have_ejected_the_$COUNTRY_ADJ$_governors_and_declared_their_independence..._for_now.;;;;;;;;;;;;;
EVT97181OPTA;We'll be back.;;;;;;;;;;;;;
EVTNAME97182;Free of Colonial Control!;;;;;;;;;;;;;
EVTNAME97185;Order Restored in $STATENAME$;;;;;;;;;;;;;
EVTDESC97185;\n\nWe_have_restored_order_to_our_colony_in_$STATENAME$..._at_least_for_the_moment.;;;;;;;;;;;;;
EVT97185OPTA;About time!;;;;;;;;;;;;;
EVTNAME81002212;$COUNTRY_ADJ$ Neutrality;;;;;;;;;;;;;
EVT81002212OPTA;We must remain Neutral!;;;;;;;;;;;;;
EVT81002212OPTB;We must discard our Neutrality.;;;;;;;;;;;;;
EVTNAME19365;The Restoration of $COUNTRY$;;;;;;;;;;;;;
EVT19365OPTA;We will approach our protector.;;;;;;;;;;;;;
EVT19365OPTB;We will leave the matter alone for now.;;;;;;;;;;;;;
EVTNAME19366;The Restoration of $FROMCOUNTRY$;;;;;;;;;;;;;
EVT19366OPTA;Tell them we shall consider it.;;;;;;;;;;;;;
EVT19366OPTB;We cannot afford such a conflict.;;;;;;;;;;;;;
EVTNAME19367;$FROMCOUNTRY$ Has Agreed;;;;;;;;;;;;;
EVT19367OPTA;Then there is hope. §RGain 3 infamy§W;;;;;;;;;;;;;
EVTNAME19368;$FROMCOUNTRY$ Has Refused;;;;;;;;;;;;;
EVT19368OPTA;$FROMCOUNTRY_ADJ$ cowards!;;;;;;;;;;;;;
EVTNAME19370;The $FROMCOUNTRY_ADJ$ Overlords;;;;;;;;;;;;;
EVT19370OPTA;A sad day for $COUNTRY$.;;;;;;;;;;;;;
EVTNAME19301;The Dream Is Over;;;;;;;;;;;;;
EVTNAME19015;Allies or Enemies?;;;;;;;;;;;;;
EVT19015OPTA;Definitely.;;;;;;;;;;;;;
EVT19015OPTB;Not yet.;;;;;;;;;;;;;
EVTNAME19016;Great Power Influence in $COUNTRY$;;;;;;;;;;;;;
EVT19016OPTA;We welcome our new allies.;;;;;;;;;;;;;
EVTNAME19017;Questioning Our Alliance;;;;;;;;;;;;;
EVT19017OPTA;Let us change this arrangement.;;;;;;;;;;;;;
EVTNAME19018;Alliance Broken!;;;;;;;;;;;;;
EVT19018OPTA;Ah, blast.;;;;;;;;;;;;;
EVT19019OPTA;But we really need that alliance!;;;;;;;;;;;;;
EVT19200OPTA;We cannot afford an immediate response to this insult.;;;;;;;;;;;;;
EVT19200OPTB;If it's a war they want...;;;;;;;;;;;;;
EVTNAME37236;The Construction of the Eiffel Tower;;;;;;;;;;;;;
EVT37236OPTA;Invest more than is planned. §R(Pay or owe 40,000¤)§W;;;;;;;;;;;;;
EVT37236OPTB;Invest what is planned. §R(Pay or owe 30,000¤)§W;;;;;;;;;;;;;
EVT37236OPTC;Invest the minimum possible. §R(Pay or owe 20,000¤)§W;;;;;;;;;;;;;
EVTNAME37237;The Eiffel Tower Is Finished;;;;;;;;;;;;;
EVT37237OPTA;Vive la Tour Eiffel!;;;;;;;;;;;;;
EVTNAME3697000;The Construction of the Clock Tower;;;;;;;;;;;;;
EVTNAME3697001;The Clock Tower Is Finished;;;;;;;;;;;;;
EVT3697001OPTA;A proud day for the $COUNTRY_ADJ$.;;;;;;;;;;;;;
EVTNAME95500;The $CAPITAL$ Conference of $YEAR$;;;;;;;;;;;;;
EVT95500OPTA;We must civilize all of Africa.;;;;;;;;;;;;;
EVTNAME95501;The Scramble for Africa;;;;;;;;;;;;;
EVTDESC95501;A_conference_has_been_held_in_$FROMCOUNTRY$,_attended_by_all_colonial_powers,_to_discuss_the_regulation_of_colonization_and_trade_in_Africa._A_general_agreement_has_been_reached,_formalizing_the_scramble_for_the_African_continent._After_this_point,_any_civilized_country_will_largely_be_seen_as_justified_in_aggression_towards_unwesternized_African_nations.;;;;;;;;;;;;;
EVTNAME95502;The Age of Colonialism;;;;;;;;;;;;;
EVT95502OPTA;This bodes ill for $COUNTRY$.;;;;;;;;;;;;;
EVTNAME95503;$COUNTRY$ in the Modern Age;;;;;;;;;;;;;
EVT95503OPTA;$COUNTRY$ shall endure.;;;;;;;;;;;;;
EVTNAME95504;The $COUNTRY_ADJ$ Jihad;;;;;;;;;;;;;
EVT95504OPTA;For the glory of Allah!;;;;;;;;;;;;;
EVTNAME95505;Imperialism Comes to $COUNTRY$;;;;;;;;;;;;;
EVT95505OPTA;We have no choice but to submit.;;;;;;;;;;;;;
EVT95505OPTB;Throw the Europeans out!;;;;;;;;;;;;;
EVTNAME95506;The $FROMCOUNTRY_ADJ$ Protectorate;;;;;;;;;;;;;
EVT95506OPTA;We will not force ourselves upon $FROMCOUNTRY$. §GLose 1 infamy§W;;;;;;;;;;;;;
EVT95506OPTB;Let us establish a protectorate. §RGain 2 infamy§W;;;;;;;;;;;;;
EVTNAME95507;Nationals Expelled from $FROMCOUNTRY$;;;;;;;;;;;;;
EVT95507OPTA;How unwise of them.;;;;;;;;;;;;;
EVT95507OPTB;We will not force ourselves upon $FROMCOUNTRY$.;;;;;;;;;;;;;
EVTNAME95508;The Sale of Assab;;;;;;;;;;;;;
EVT95508OPTA;Push for direct control. §RGain 2 infamy§W;;;;;;;;;;;;;
EVT95508OPTB;We have no interest in Assab. §GLose 1 infamy§W;;;;;;;;;;;;;
EVT95509OPTA;Assab belongs to $COUNTRY$!;;;;;;;;;;;;;
EVTNAME95510;Rebellion in Eritrea;;;;;;;;;;;;;
EVT95510OPTA;This cannot be allowed!;;;;;;;;;;;;;
EVT95510OPTB;Let it go.;;;;;;;;;;;;;
EVTNAME95511;Colonial Ambition;;;;;;;;;;;;;
EVT95511OPTA;We must act at once!;;;;;;;;;;;;;
EVTNAME95514;The $FROMCOUNTRY$ Imperialists;;;;;;;;;;;;;
EVT95514OPTA;Oh no!;;;;;;;;;;;;;
EVTNAME98655;Hungarians Agree to Federation;;;;;;;;;;;;;
EVTDESC98655;After_much_discussion_and_deliberation,_the_Hungarians_have_agreed_to_expand_the_Austro-Hungarian_union_into_a_federation_with_the_other_Danubian_cultures_even_if_it_means_giving_up_some_of_their_traditional_claims_to_those_lands._We_may_now_proceed_to_propose_the_union_to_other_local_governments_with_full_confidence_that_both_our_governments_are_behind_it.;;;;;;;;;;;;;
EVT98655OPTA;Excellent news!;;;;;;;;;;;;;
EVTNAME98656;The Hungarian Counter-Proposal;;;;;;;;;;;;;
EVTDESC98656;After_much_discussion_and_deliberation,_the_Hungarians_have_agreed_to_expand_the_Austro-Hungarian_union_into_a_federation_with_the_other_Danubian_cultures..._on_one_condition:_that_they_be_elevated_to_a_fully_autonomous_state_tied_to_the_federation_only_in_matters_of_foreign_relations._We_can_ignore_their_proposal,_but_not_without_causing_a_great_deal_of_discontent_among_the_Hungarian_people._Sadly,_this_appears_to_be_as_far_as_their_government_will_go_on_the_matter.;;;;;;;;;;;;;
EVT98656OPTA;Then we end it here. This is not an option.;;;;;;;;;;;;;
EVT98656OPTB;We agree. Hungary will be a vassal state of the new federation.;;;;;;;;;;;;;
EVT98661OPTB;We agree. Czechia will be a vassal state of the new federation.;;;;;;;;;;;;;
EVT98656OPTC;We will ignore their counter-proposal. The federation shall proceed.;;;;;;;;;;;;;
EVTNAME98657;The Hungarians Refuse Federation;;;;;;;;;;;;;
EVTDESC98657;After_much_discussion_and_deliberation,_the_Hungarians_have_outright_refused_the_proposed_federation._They_do_not_wish_to_lose_their_equal_standing_with_the_Austrian_government,_and_see_no_benefit_in_surrendering_claims_to_their_traditional_territories._We_can_ignore_their_refusal_and_proceed_with_the_federation_anyhow,_but_not_without_upsetting_the_Hungarian_people_greatly.;;;;;;;;;;;;;
EVT98657OPTA;Then we end it here. The federation will not come to be.;;;;;;;;;;;;;
EVT98657OPTB;No matter. The federation shall proceed regardless.;;;;;;;;;;;;;
EVT98666OPTA;We agree. Transylvania will be a vassal state of the new federation.;;;;;;;;;;;;;
EVT98671OPTA;We agree. Croatia will be a vassal state of the new federation.;;;;;;;;;;;;;
EVT98676OPTA;We agree. Slovenia will be a vassal state of the new federation.;;;;;;;;;;;;;
EVT98681OPTA;We agree. Slovakia will be a vassal state of the new federation.;;;;;;;;;;;;;
EVT98686OPTA;We agree. Galicia-Lodomeria will be a vassal state of the new federation.;;;;;;;;;;;;;
EVTNAME98660;Czechs Agree to Federation;;;;;;;;;;;;;
EVTDESC98660;After_much_discussion_and_deliberation,_the_Czechs_have_agreed_to_the_proposed_Danubian_Federation_without_reservation.;;;;;;;;;;;;;
EVTNAME98661;The Czech Counter-Proposal;;;;;;;;;;;;;
EVTDESC98661;After_much_discussion_and_deliberation,_the_Czechs_have_agreed_to_the_proposed_Danubian_Federation..._on_one_condition:_that_they_be_elevated_to_a_fully_autonomous_state_tied_to_the_federation_only_in_matters_of_foreign_relations._We_can_ignore_their_proposal,_but_not_without_causing_a_great_deal_of_discontent_among_the_Czech_people._Sadly,_this_appears_to_be_as_far_as_they_will_go_on_the_matter.;;;;;;;;;;;;;
EVTNAME98662;The Czechs Refuse Federation;;;;;;;;;;;;;
EVTDESC98662;After_much_discussion_and_deliberation,_the_Czechs_have_outright_refused_the_proposed_federation._We_can_ignore_their_refusal_and_proceed_with_the_federation_anyhow,_but_not_without_upsetting_the_Czech_people_greatly.;;;;;;;;;;;;;
EVTNAME98665;Romanians Agree to Federation;;;;;;;;;;;;;
EVTDESC98665;After_much_discussion_and_deliberation,_the_Romanians_have_agreed_to_the_proposed_Danubian_Federation_without_reservation.;;;;;;;;;;;;;
EVTNAME98666;The Romanian Counter-Proposal;;;;;;;;;;;;;
EVTDESC98666;After_much_discussion_and_deliberation,_the_Romanians_have_agreed_to_the_proposed_Danubian_Federation..._on_one_condition:_that_they_be_elevated_to_a_fully_autonomous_state_tied_to_the_federation_only_in_matters_of_foreign_relations._We_can_ignore_their_proposal,_but_not_without_causing_a_great_deal_of_discontent_among_the_Romanian_people._Sadly,_this_appears_to_be_as_far_as_they_will_go_on_the_matter.;;;;;;;;;;;;;
EVTNAME98667;The Romanians Refuse Federation;;;;;;;;;;;;;
EVTDESC98667;After_much_discussion_and_deliberation,_the_Romanians_have_outright_refused_the_proposed_federation._We_can_ignore_their_refusal_and_proceed_with_the_federation_anyhow,_but_not_without_upsetting_the_Romanian_people_greatly.;;;;;;;;;;;;;
EVTNAME98670;Croatians Agree to Federation;;;;;;;;;;;;;
EVTDESC98670;After_much_discussion_and_deliberation,_the_Croatians_have_agreed_to_the_proposed_Danubian_Federation_without_reservation.;;;;;;;;;;;;;
EVTNAME98671;The Croatian Counter-Proposal;;;;;;;;;;;;;
EVTDESC98671;After_much_discussion_and_deliberation,_the_Croatians_have_agreed_to_the_proposed_Danubian_Federation..._on_one_condition:_that_they_be_elevated_to_a_fully_autonomous_state_tied_to_the_federation_only_in_matters_of_foreign_relations._We_can_ignore_their_proposal,_but_not_without_causing_a_great_deal_of_discontent_among_the_Croatian_people._Sadly,_this_appears_to_be_as_far_as_they_will_go_on_the_matter.;;;;;;;;;;;;;
EVTNAME98672;The Croatians Refuse Federation;;;;;;;;;;;;;
EVTDESC98672;After_much_discussion_and_deliberation,_the_Croatians_have_outright_refused_the_proposed_federation._We_can_ignore_their_refusal_and_proceed_with_the_federation_anyhow,_but_not_without_upsetting_the_Croatian_people_greatly.;;;;;;;;;;;;;
EVTNAME98675;Slovenes Agree to Federation;;;;;;;;;;;;;
EVTDESC98675;After_much_discussion_and_deliberation,_the_Slovenes_have_agreed_to_the_proposed_Danubian_Federation_without_reservation.;;;;;;;;;;;;;
EVTNAME98676;The Slovene Counter-Proposal;;;;;;;;;;;;;
EVTDESC98676;After_much_discussion_and_deliberation,_the_Slovenes_have_agreed_to_the_proposed_Danubian_Federation..._on_one_condition:_that_they_be_elevated_to_a_fully_autonomous_state_tied_to_the_federation_only_in_matters_of_foreign_relations._We_can_ignore_their_proposal,_but_not_without_causing_a_great_deal_of_discontent_among_the_Slovene_people._Sadly,_this_appears_to_be_as_far_as_they_will_go_on_the_matter.;;;;;;;;;;;;;
EVTNAME98677;The Slovenes Refuse Federation;;;;;;;;;;;;;
EVTDESC98677;After_much_discussion_and_deliberation,_the_Slovenes_have_outright_refused_the_proposed_federation._We_can_ignore_their_refusal_and_proceed_with_the_federation_anyhow,_but_not_without_upsetting_the_Slovene_people_greatly.;;;;;;;;;;;;;
EVTNAME98680;Slovakians Agree to Federation;;;;;;;;;;;;;
EVTDESC98680;After_much_discussion_and_deliberation,_the_Slovakians_have_agreed_to_the_proposed_Danubian_Federation_without_reservation.;;;;;;;;;;;;;
EVTNAME98681;The Slovakian Counter-Proposal;;;;;;;;;;;;;
EVTDESC98681;After_much_discussion_and_deliberation,_the_Slovakians_have_agreed_to_the_proposed_Danubian_Federation..._on_one_condition:_that_they_be_elevated_to_a_fully_autonomous_state_tied_to_the_federation_only_in_matters_of_foreign_relations._We_can_ignore_their_proposal,_but_not_without_causing_a_great_deal_of_discontent_among_the_Slovakian_people._Sadly,_this_appears_to_be_as_far_as_they_will_go_on_the_matter.;;;;;;;;;;;;;
EVTNAME98682;The Slovakians Refuse Federation;;;;;;;;;;;;;
EVTDESC98682;After_much_discussion_and_deliberation,_the_Slovakians_have_outright_refused_the_proposed_federation._We_can_ignore_their_refusal_and_proceed_with_the_federation_anyhow,_but_not_without_upsetting_the_Slovakian_people_greatly.;;;;;;;;;;;;;
EVTNAME98685;Polish Agree to Federation;;;;;;;;;;;;;
EVTDESC98685;After_much_discussion_and_deliberation,_the_Polish_have_agreed_to_the_proposed_Danubian_Federation_without_reservation.;;;;;;;;;;;;;
EVTNAME98686;The Polish Counter-Proposal;;;;;;;;;;;;;
EVTDESC98686;After_much_discussion_and_deliberation,_the_Polish_have_agreed_to_the_proposed_Danubian_Federation..._on_one_condition:_that_they_be_elevated_to_a_fully_autonomous_state_tied_to_the_federation_only_in_matters_of_foreign_relations._We_can_ignore_their_proposal,_but_not_without_causing_a_great_deal_of_discontent_among_the_Polish_people._Sadly,_this_appears_to_be_as_far_as_they_will_go_on_the_matter.;;;;;;;;;;;;;
EVTNAME98687;The Polish Refuse Federation;;;;;;;;;;;;;
EVTDESC98687;After_much_discussion_and_deliberation,_the_Polish_have_outright_refused_the_proposed_federation._We_can_ignore_their_refusal_and_proceed_with_the_federation_anyhow,_but_not_without_upsetting_the_Polish_people_greatly.;;;;;;;;;;;;;
EVTNAME98690;Czechs Celebrate the New Federation!;;;;;;;;;;;;;
EVTDESC98690;Czech_citizens_have_gathered_in_cities_throughout_the_country_to_celebrate_the_federation_and_their_newly-acquired_equal_status_within_it.;;;;;;;;;;;;;
EVT98690OPTA;We welcome our Czech brothers.;;;;;;;;;;;;;
EVTNAME98691;Romanians Celebrate the New Federation!;;;;;;;;;;;;;
EVTDESC98691;Romanian_citizens_have_gathered_in_cities_throughout_the_country_to_celebrate_the_federation_and_their_newly-acquired_equal_status_within_it.;;;;;;;;;;;;;
EVT98691OPTA;We welcome our Romanian brothers.;;;;;;;;;;;;;
EVTNAME98692;Croatians Celebrate the New Federation!;;;;;;;;;;;;;
EVTDESC98692;Croatian_citizens_have_gathered_in_cities_throughout_the_country_to_celebrate_the_federation_and_their_newly-acquired_equal_status_within_it.;;;;;;;;;;;;;
EVT98692OPTA;We welcome our Croatian brothers.;;;;;;;;;;;;;
EVTNAME98693;Slovenes Celebrate the New Federation!;;;;;;;;;;;;;
EVTDESC98693;Slovene_citizens_have_gathered_in_cities_throughout_the_country_to_celebrate_the_federation_and_their_newly-acquired_equal_status_within_it.;;;;;;;;;;;;;
EVT98693OPTA;We welcome our Slovene brothers.;;;;;;;;;;;;;
EVTNAME98694;Slovakians Celebrate the New Federation!;;;;;;;;;;;;;
EVTDESC98694;Slovakian_citizens_have_gathered_in_cities_throughout_the_country_to_celebrate_the_federation_and_their_newly-acquired_equal_status_within_it.;;;;;;;;;;;;;
EVT98694OPTA;We welcome our Slovakian brothers.;;;;;;;;;;;;;
EVTNAME98695;Poles Celebrate the New Federation!;;;;;;;;;;;;;
EVTDESC98695;Polish_citizens_have_gathered_in_cities_throughout_the_country_to_celebrate_the_federation_and_their_newly-acquired_equal_status_within_it.;;;;;;;;;;;;;
EVT98695OPTA;We welcome our Polish brothers.;;;;;;;;;;;;;
EVTNAME98700;The New Hungarian State;;;;;;;;;;;;;
EVTDESC98700;Citizens_gathered_in_the_Hungarian_capital_today_to_celebrate_its_beginning_as_a_new_state,_autonomous_but_still_tied_to_the_federation.;;;;;;;;;;;;;
EVT98700OPTA;We shall march into the future together.;;;;;;;;;;;;;
EVTNAME98701;The New Bohemian State;;;;;;;;;;;;;
EVTDESC98701;Citizens_gathered_in_the_Bohemian_capital_today_to_celebrate_its_beginning_as_a_new_state,_autonomous_but_still_tied_to_the_federation.;;;;;;;;;;;;;
EVTNAME98702;The New Transylvanian State;;;;;;;;;;;;;
EVTDESC98702;Citizens_gathered_in_the_Transylvanian_capital_today_to_celebrate_its_beginning_as_a_new_state,_autonomous_but_still_tied_to_the_federation.;;;;;;;;;;;;;
EVTNAME98703;The New Croatian State;;;;;;;;;;;;;
EVTDESC98703;Citizens_gathered_in_the_Croatian_capital_today_to_celebrate_its_beginning_as_a_new_state,_autonomous_but_still_tied_to_the_federation.;;;;;;;;;;;;;
EVTNAME98704;The New Slovene State;;;;;;;;;;;;;
EVTDESC98704;Citizens_gathered_in_the_Slovene_capital_today_to_celebrate_its_beginning_as_a_new_state,_autonomous_but_still_tied_to_the_federation.;;;;;;;;;;;;;
EVTNAME98705;The New Slovakian State;;;;;;;;;;;;;
EVTDESC98705;Citizens_gathered_in_the_Slovakian_capital_today_to_celebrate_its_beginning_as_a_new_state,_autonomous_but_still_tied_to_the_federation.;;;;;;;;;;;;;
EVTNAME98706;The New Polish State;;;;;;;;;;;;;
EVTDESC98706;Citizens_gathered_in_the_Galician-Lodomerian_capital_today_to_celebrate_its_beginning_as_a_new_state,_autonomous_but_still_tied_to_the_federation.;;;;;;;;;;;;;
EVTNAME98710;The Hungarian Rebellion;;;;;;;;;;;;;
EVTDESC98710;Resentment_has_been_brewing_among_Hungarians_ever_since_the_federation's_formation._Their_leaders_have_been_loudly_proclaiming_that_they_gave_no_approval_for_this_violation_of_their_constitutional_rights,_and_that_German_officials_proceeded_regardless_of_Hungarian_concerns._In_some_cities,_the_protests_have_even_become_violent_and_authorities_report_difficulty_in_keeping_things_under_control.;;;;;;;;;;;;;
EVT98710OPTA;This must be kept under control.;;;;;;;;;;;;;
EVTNAME98711;The Czech Rebellion;;;;;;;;;;;;;
EVTDESC98711;Resentment_has_been_brewing_among_the_Czechs_ever_since_the_federation's_formation._Their_leaders_have_been_loudly_proclaiming_that_German_officials_proceeded_regardless_of_Czech_concerns._In_some_cities,_the_protests_have_even_become_violent_and_authorities_report_difficulty_in_keeping_things_under_control.;;;;;;;;;;;;;
EVTNAME98712;The Romanian Rebellion;;;;;;;;;;;;;
EVTDESC98712;Resentment_has_been_brewing_among_the_Romanians_ever_since_the_federation's_formation._Their_leaders_have_been_loudly_proclaiming_that_German_officials_proceeded_regardless_of_Romanian_concerns._In_some_cities,_the_protests_have_even_become_violent_and_authorities_report_difficulty_in_keeping_things_under_control.;;;;;;;;;;;;;
EVTNAME98713;The Croatian Rebellion;;;;;;;;;;;;;
EVTDESC98713;Resentment_has_been_brewing_among_the_Croatians_ever_since_the_federation's_formation._Their_leaders_have_been_loudly_proclaiming_that_German_officials_proceeded_regardless_of_Croatian_concerns._In_some_cities,_the_protests_have_even_become_violent_and_authorities_report_difficulty_in_keeping_things_under_control.;;;;;;;;;;;;;
EVTNAME98714;The Slovene Rebellion;;;;;;;;;;;;;
EVTDESC98714;Resentment_has_been_brewing_among_the_Slovenes_ever_since_the_federation's_formation._Their_leaders_have_been_loudly_proclaiming_that_German_officials_proceeded_regardless_of_Slovene_concerns._In_some_cities,_the_protests_have_even_become_violent_and_authorities_report_difficulty_in_keeping_things_under_control.;;;;;;;;;;;;;
EVTNAME98715;The Slovakian Rebellion;;;;;;;;;;;;;
EVTDESC98715;Resentment_has_been_brewing_among_the_Slovakians_ever_since_the_federation's_formation._Their_leaders_have_been_loudly_proclaiming_that_German_officials_proceeded_regardless_of_Slovakian_concerns._In_some_cities,_the_protests_have_even_become_violent_and_authorities_report_difficulty_in_keeping_things_under_control.;;;;;;;;;;;;;
EVTNAME98716;The Polish Rebellion;;;;;;;;;;;;;
EVTDESC98716;Resentment_has_been_brewing_among_the_Polish_ever_since_the_federation's_formation._Their_leaders_have_been_loudly_proclaiming_that_German_officials_proceeded_regardless_of_Polish_concerns._In_some_cities,_the_protests_have_even_become_violent_and_authorities_report_difficulty_in_keeping_things_under_control.;;;;;;;;;;;;;
EVTNAME98720;End of the Federation;;;;;;;;;;;;;
EVT98720OPTA;We shall become Austria once more.;;;;;;;;;;;;;
EVT98720OPTB;Never! The Federation lives on!;;;;;;;;;;;;;
EVTNAME98722;Independence!;;;;;;;;;;;;;
EVT98722OPTA;Let the war begin!;;;;;;;;;;;;;
EVT98723OPTA;It's about time!;;;;;;;;;;;;;
EVTNAME98724;The Danubian Civil War;;;;;;;;;;;;;
EVT98724OPTA;The time has come to fight!;;;;;;;;;;;;;
EVT98724OPTB;We will remain with the federation.;;;;;;;;;;;;;
EVTNAME199034;Grain Farms in $PROVINCENAME$;;;;;;;;;;;;;
EVTDESC199034;\n\nUnemployment_among_workers_in_$PROVINCENAME$_is_high,_but_a_possible_bright_spot_is_the_emergence_of_several_new_grain_farms._Local_officials_are_suggesting_that_the_$COUNTRY_ADJ$_support_the_farms_and_allow_them_to_become_$PROVINCENAME$'s_new_major_industry.;;;;;;;;;;;;;
EVT199034OPTA;We will encourage the grain farms.;;;;;;;;;;;;;
EVT199034OPTB;No -- $PROVINCENAME$'s current production is too valuable.;;;;;;;;;;;;;
EVT199022OPTA;They should get to work immediately.;;;;;;;;;;;;;
EVT199033OPTA;We will encourage the ranches.;;;;;;;;;;;;;
EVT199032OPTA;We will encourage the lumberjacks.;;;;;;;;;;;;;
EVT199030OPTA;We will encourage the fisheries.;;;;;;;;;;;;;
EVTNAME199005;Prospector Strikes Coal!;;;;;;;;;;;;;
EVTDESC199005;We_have_reports_from_$PROVINCENAME$_that_a_new_vein_of_coal_has_been_discovered,_and_considering_the_unemployment_in_$PROVINCENAME$_this_might_prove_to_be_a_boon_indeed.;;;;;;;;;;;;;
EVTNAME199006;Prospector Strikes Copper!;;;;;;;;;;;;;
EVTDESC199006;We_have_reports_from_$PROVINCENAME$_that_a_new_vein_of_copper_has_been_discovered,_and_considering_the_unemployment_in_$PROVINCENAME$_this_might_prove_to_be_a_boon_indeed.;;;;;;;;;;;;;
EVTNAME199007;Prospector Strikes Iron!;;;;;;;;;;;;;
EVTDESC199007;We_have_reports_from_$PROVINCENAME$_that_a_new_vein_of_iron_has_been_discovered,_and_considering_the_unemployment_in_$PROVINCENAME$_this_might_prove_to_be_a_boon_indeed.;;;;;;;;;;;;;
EVTNAME199008;Prospector Strikes Lead!;;;;;;;;;;;;;
EVTDESC199008;We_have_reports_from_$PROVINCENAME$_that_a_new_vein_of_lead_has_been_discovered,_and_considering_the_unemployment_in_$PROVINCENAME$_this_might_prove_to_be_a_boon_indeed.;;;;;;;;;;;;;
EVTNAME199009;Prospector Strikes Sulfur!;;;;;;;;;;;;;
EVTDESC199009;We_have_reports_from_$PROVINCENAME$_that_a_new_vein_of_sulfur_has_been_discovered,_and_considering_the_unemployment_in_$PROVINCENAME$_this_might_prove_to_be_a_boon_indeed.;;;;;;;;;;;;;
EVTNAME199015;Cash Crops;;;;;;;;;;;;;
EVTDESC199015;Considering_the_levels_of_unemployment_in_$PROVINCENAME$,_local_landowners_have_begun_a_movement_to_switch_to_the_production_of_cash_crops_--_in_this_case_cotton,_which_appears_to_suited_to_the_local_terrain._Whether_such_a_plan_would_help_$PROVINCENAME$_in_the_long_run_is_unknown,_but_the_landowners_are_asking_for_the_government's_assistance_in_promoting_cotton_production.;;;;;;;;;;;;;
EVTDESC199016;Considering_the_levels_of_unemployment_in_$PROVINCENAME$,_local_landowners_have_begun_a_movement_to_switch_to_the_production_of_cash_crops_--_in_this_case_tea,_which_appears_to_suited_to_the_local_terrain._Whether_such_a_plan_would_help_$PROVINCENAME$_in_the_long_run_is_unknown,_but_the_landowners_are_asking_for_the_government's_assistance_in_promoting_tea_production.;;;;;;;;;;;;;
EVTDESC199017;Considering_the_levels_of_unemployment_in_$PROVINCENAME$,_local_landowners_have_begun_a_movement_to_switch_to_the_production_of_cash_crops_--_in_this_case_spices,_which_appears_to_suited_to_the_local_terrain._Whether_such_a_plan_would_help_$PROVINCENAME$_in_the_long_run_is_unknown,_but_the_landowners_are_asking_for_the_government's_assistance_in_promoting_spice_production.;;;;;;;;;;;;;
EVTDESC199018;\n\nConsidering_the_levels_of_unemployment_in_$PROVINCENAME$,_local_landowners_have_begun_a_movement_to_switch_to_the_production_of_cash_crops_--_in_this_case_sheep_and_wool,_which_appears_to_suited_to_the_local_terrain._Whether_such_a_plan_would_help_$PROVINCENAME$_in_the_long_run_is_unknown,_but_the_landowners_are_asking_for_the_government's_assistance_in_promoting_wool_production.;;;;;;;;;;;;;
EVTDESC199019;\n\nConsidering_the_levels_of_unemployment_in_$PROVINCENAME$,_local_landowners_have_begun_a_movement_to_switch_to_the_production_of_cash_crops_--_in_this_case_fruit,_which_appears_to_suited_to_the_local_terrain._Whether_such_a_plan_would_help_$PROVINCENAME$_in_the_long_run_is_unknown,_but_the_landowners_are_asking_for_the_government's_assistance_in_promoting_fruit_production.;;;;;;;;;;;;;
EVTDESC199020;Considering_the_levels_of_unemployment_in_$PROVINCENAME$,_local_landowners_have_begun_a_movement_to_switch_to_the_production_of_cash_crops_--_in_this_case_tobacco,_which_appears_to_suited_to_the_local_terrain._Whether_such_a_plan_would_help_$PROVINCENAME$_in_the_long_run_is_unknown,_but_the_landowners_are_asking_for_the_government's_assistance_in_promoting_tobacco_production.;;;;;;;;;;;;;
EVTDESC199021;Considering_the_levels_of_unemployment_in_$PROVINCENAME$,_local_landowners_have_begun_a_movement_to_switch_to_the_production_of_cash_crops_--_in_this_case_coffee,_which_appears_to_suited_to_the_local_terrain._Whether_such_a_plan_would_help_$PROVINCENAME$_in_the_long_run_is_unknown,_but_the_landowners_are_asking_for_the_government's_assistance_in_promoting_coffee_production.;;;;;;;;;;;;;
EVTDESC199022;Considering_the_levels_of_unemployment_in_$PROVINCENAME$,_local_landowners_have_begun_a_movement_to_switch_to_the_production_of_cash_crops_--_in_this_case_silk,_which_appears_to_suited_to_the_local_terrain._Whether_such_a_plan_would_help_$PROVINCENAME$_in_the_long_run_is_unknown,_but_the_landowners_are_asking_for_the_government's_assistance_in_promoting_silk_production.;;;;;;;;;;;;;
EVTDESC199023;Considering_the_levels_of_unemployment_in_$PROVINCENAME$,_local_landowners_have_begun_a_movement_to_switch_to_the_production_of_cash_crops_--_in_this_case_sugar,_which_appears_to_suited_to_the_local_terrain._Whether_such_a_plan_would_help_$PROVINCENAME$_in_the_long_run_is_unknown,_but_the_landowners_are_asking_for_the_government's_assistance_in_promoting_sugar_production.;;;;;;;;;;;;;
EVTNAME199030;Fisheries in $PROVINCENAME$;;;;;;;;;;;;;
EVTDESC199030;\n\nUnemployment_among_workers_in_$PROVINCENAME$_is_high,_and_many_have_begun_turning_to_the_sea_to_eke_out_a_living._Local_officials_are_suggesting_that_the_$COUNTRY_ADJ$_support_them.;;;;;;;;;;;;;
EVTNAME43646423;Decline of Trade in $PROVINCENAME$;;;;;;;;;;;;;
EVTDESC43646423;\n\nCities_such_as_$PROVINCENAME$_which_have_been_a_great_source_of_income_for_our_state_for_years_are_now_falling_in_decadence:_the_markets_of_$PROVINCENAME$_were_once_rich_and_full_of_people,_but_now_they_are_only_a_shell_of_their_former_self._With_our_trading_posts_now_not_giving_enough_income_for_the_population_of_$PROVINCENAME$_to_survive_in_its_current_position,_many_have_begun_turning_to_fishing_and_farming_to_eke_out_a_living.;;;;;;;;;;;;;
EVTDESC43423442;\n\nCities_such_as_$PROVINCENAME$_which_have_been_a_great_source_of_income_for_our_state_for_years_are_now_falling_in_decadence:_the_markets_of_$PROVINCENAME$_were_once_rich_and_full_of_slaves,_but_now_their_trade_is_becoming_less_and_less_profitable_for_the_fall_in_demand...;;;;;;;;;;;;;
EVTNAME43646424;Decline of Mining in $PROVINCENAME$;;;;;;;;;;;;;
EVTDESC43646424;\n\nOur_gold_mines_in_$PROVINCENAME$_are_running_dry._With_the_prospect_of_losing_their_source_of_income,_part_of_the_regional_working_force_has_switched_to_farming._Should_we_close_the_mines?;;;;;;;;;;;;;
EVTNAME199031;Lumber yards in $PROVINCENAME$;;;;;;;;;;;;;
EVTDESC199031;\n\nUnemployment_among_workers_in_$PROVINCENAME$_is_high,_but_a_possible_bright_spot_is_the_emergence_of_several_lumber_yards._Local_officials_are_suggesting_that_the_$COUNTRY_ADJ$_support_the_lumber_yards_and_allow_them_to_become_$PROVINCENAME$'s_new_major_industry.;;;;;;;;;;;;;
EVTNAME199032;Tropical Lumber yards in $PROVINCENAME$;;;;;;;;;;;;;
EVTDESC199032;\n\nUnemployment_among_workers_in_$PROVINCENAME$_is_high,_but_a_possible_bright_spot_is_the_emergence_of_several_tropical_lumber_yards._Local_officials_are_suggesting_that_the_$COUNTRY_ADJ$_support_the_lumber_yards_and_allow_them_to_become_$PROVINCENAME$'s_new_major_industry.;;;;;;;;;;;;;
EVTNAME199033;Ranches in $PROVINCENAME$;;;;;;;;;;;;;
EVTDESC199033;\n\nUnemployment_among_workers_in_$PROVINCENAME$_is_high,_but_a_possible_bright_spot_is_the_emergence_of_several_cattle_ranches._Local_officials_are_suggesting_that_the_$COUNTRY_ADJ$_support_the_ranches_and_allow_them_to_become_$PROVINCENAME$'s_new_major_industry.;;;;;;;;;;;;;
EVT800060OPTA;Spread the word! §RMay lead to 1 infamy§W;;;;;;;;;;;;;
EVT800060OPTB;It's too risky.;;;;;;;;;;;;;
EVT800064OPTA;We shall see if this leads to anything.;;;;;;;;;;;;;
EVT800065OPTA;There will be consequences!;;;;;;;;;;;;;
EVT800065OPTB;We protest this outrage!;;;;;;;;;;;;;
EVT800065OPTC;It's only propaganda.;;;;;;;;;;;;;
EVTNAME800012;Intervention in $FROMCOUNTRY$?;;;;;;;;;;;;;
EVTNAME800013;$FROMCOUNTRY$ Declares Independence;;;;;;;;;;;;;
EVTNAME800014;$FROMCOUNTRY$ Declares Independence;;;;;;;;;;;;;
EVTNAME800015;$FROMCOUNTRY$ Refuses to Intervene;;;;;;;;;;;;;
EVTNAME800016;Intervention Failed;;;;;;;;;;;;;
EVTNAME800017;Free At Great Cost;;;;;;;;;;;;;
EVTNAME800018;Free At Last!;;;;;;;;;;;;;
EVTNAME800021;Attempted Coup in $FROMCOUNTRY$;;;;;;;;;;;;;
EVTNAME800022;Attempt Thwarted;;;;;;;;;;;;;
EVTNAME800023;$FROMCOUNTRY$ Freed At Great Cost;;;;;;;;;;;;;
EVTNAME800024;$FROMCOUNTRY$ is Free!;;;;;;;;;;;;;
EVT800012OPTA;We shall make the attempt. §RGain 3 infamy§W;;;;;;;;;;;;;
EVT800012OPTB;No, it is too risky.;;;;;;;;;;;;;
EVT800013OPTA;There will be hell to pay!;;;;;;;;;;;;;
EVT800013OPTB;Punish the meddler only.;;;;;;;;;;;;;
EVT800013OPTC;We must salvage our relationship with $FROMCOUNTRY$.;;;;;;;;;;;;;
EVT800015OPTA;Too bad.;;;;;;;;;;;;;
EVT800016OPTA;We shall see.;;;;;;;;;;;;;
EVT800018OPTA;Hurrah!;;;;;;;;;;;;;
EVT800021OPTA;Punish the meddler!;;;;;;;;;;;;;
EVT800021OPTB;Let it pass.;;;;;;;;;;;;;
EVT800022OPTA;Oops!;;;;;;;;;;;;;
EVT800023OPTA;Whew!;;;;;;;;;;;;;
EVT800024OPTA;Excellent! §RGain 1 infamy§W;;;;;;;;;;;;;
EVTNAME96135;We Cannot Abide This;;;;;;;;;;;;;
EVT96135OPTA;They must be stopped!;;;;;;;;;;;;;
EVTNAME96140;Join the War Effort?;;;;;;;;;;;;;
EVT96140OPTA;We must do our part.;;;;;;;;;;;;;
EVTNAME96145;Our Enemy is Defeated;;;;;;;;;;;;;
EVT96145OPTA;It's about time.;;;;;;;;;;;;;
EVTNAME96146;The War is Over;;;;;;;;;;;;;
EVT96146OPTA;We're glad that's over!;;;;;;;;;;;;;
EVTNAME60080;Voting Rights Rescinded;;;;;;;;;;;;;
EVT60080OPTA;Long Live the President!;;;;;;;;;;;;;
EVT60090OPTA;Long Live the Bourgeois!;;;;;;;;;;;;;
EVT60100OPTA;The Workers have prevailed!;;;;;;;;;;;;;
EVT60110OPTA;The $COUNTRY_ADJ$ Destiny!;;;;;;;;;;;;;
EVT60160OPTA;Hurrah for $COUNTRY$!;;;;;;;;;;;;;
EVTNAME60165;Emergency Measures;;;;;;;;;;;;;
EVT60165OPTA;So be it.;;;;;;;;;;;;;
EVTNAME60166;More Emergency Measures;;;;;;;;;;;;;
EVTNAME60167;Tax Relief;;;;;;;;;;;;;
EVT60167OPTA;We are so relieved.;;;;;;;;;;;;;
EVTNAME60110;Voting Rights Rescinded;;;;;;;;;;;;;
EVTNAME60010;Military Coup d'Etat;;;;;;;;;;;;;
EVT60010OPTA;This is only temporary until the crisis passes.;;;;;;;;;;;;;
EVTNAME60020;Radicals Seize Power;;;;;;;;;;;;;
EVTNAME60030;Fascist Coup D'Etat;;;;;;;;;;;;;
EVT60030OPTA;Our destiny awaits.;;;;;;;;;;;;;
EVTNAME60000;Communists Seize Power;;;;;;;;;;;;;
EVTNAME98651;$FROMCOUNTRY$ Has Refused;;;;;;;;;;;;;
EVT98651OPTA;Then we shall claim them by force.;;;;;;;;;;;;;
EVT98651OPTB;We have no plans to integrate $FROMCOUNTRY$ forcibly.;;;;;;;;;;;;;
EVTNAME98650;$FROMCOUNTRY_ADJ$ Unification!;;;;;;;;;;;;;
EVT98650OPTA;We will accept the union.;;;;;;;;;;;;;
EVT98650OPTB;We have no interest in becoming part of $FROMCOUNTRY$.;;;;;;;;;;;;;
EVTNAME11122;The Slavic Union;;;;;;;;;;;;;
EVTNAME11120;Slavic Unification;;;;;;;;;;;;;
EVT11120OPTA;We will answer the call!;;;;;;;;;;;;;
EVT11120OPTB;We will remain independent.;;;;;;;;;;;;;
EVTNAME11121;$FROMCOUNTRY$ Has Refused;;;;;;;;;;;;;
EVT11121OPTA;We will accept their decision.;;;;;;;;;;;;;
EVT11121OPTB;Willingly or not, they will join. §RGain 10 infamy§W;;;;;;;;;;;;;
EVTNAME11115;The Greater Slavic Union;;;;;;;;;;;;;
EVTDESC11115;Many_within_$COUNTRY$_have_always_considered_it_a_dream_to_form_a_greater_union_of_the_Slavic_peoples,_one_spanning_all_of_the_Balkans_and_uniting_them_under_a_common_flag._Such_a_nation_would_be_far_better_suited_at_resisting_the_encroachment_of_foreign_powers_into_the_region._Now_seems_like_the_perfect_opportunity_for_$COUNTRY$_to_form_such_a_union._Do_we_proceed_with_the_creation_of_Yugoslavia,_or_let_the_dream_die_here?;;;;;;;;;;;;;
EVT11115OPTA;We will attempt to form the union.;;;;;;;;;;;;;
EVT11115OPTB;We have no interest in this at present. Another time.;;;;;;;;;;;;;
EVT11115OPTC;Never bring this up again.;;;;;;;;;;;;;
EVTNAME11110;A North German Union?;;;;;;;;;;;;;
EVT11110OPTA;Attempt to form the North German Confederation. §RGain 10 infamy§W;;;;;;;;;;;;;
EVT11110OPTB;We have no interest in this.;;;;;;;;;;;;;
EVTNAME11105;$FROMCOUNTRY$ has United!;;;;;;;;;;;;;
EVT11105OPTA;No need for those cores!;;;;;;;;;;;;;
EVTNAME11104;Revolution in $FROMCOUNTRY$!;;;;;;;;;;;;;
EVT11104OPTA;We welcome their fealty.;;;;;;;;;;;;;
EVT11104OPTB;We do not wish to risk trouble.;;;;;;;;;;;;;
EVTNAME11106;The $FROMCOUNTRY_ADJ$ Proposal;;;;;;;;;;;;;
EVTNAME880130;Reactionary Party Rocked by Scandal;;;;;;;;;;;;;
EVTNAME880140;Conservative Party Rocked by Scandal;;;;;;;;;;;;;
EVTNAME880150;Liberal Party Rocked by Scandal;;;;;;;;;;;;;
EVTNAME880160;Radical Party Rocked by Scandal;;;;;;;;;;;;;
EVTNAME880170;Socialist Party Rocked by Scandal;;;;;;;;;;;;;
EVTNAME880180;Communist Party Rocked by Scandal;;;;;;;;;;;;;
EVTNAME880190;Fascist Party Rocked by Scandal;;;;;;;;;;;;;
EVTNAME880200;Grave Consequences;;;;;;;;;;;;;
EVTNAME880210;New Evidence Worsens Scandal;;;;;;;;;;;;;
EVTNAME999000;National Debate: Trade Policy;;;;;;;;;;;;;
EVTDESC999000;The_intensive_election_campaign_has_reached_the_boiling_point_in_$COUNTRY$,_where_a_fierce_trade_policy_debate_pits_the_friends_of_free_trade_against_the_pals_of_protectionism_in_a_rough_rumble-and-tumble_to_determine_the_future_of_our_nation's_traders._Free-traders_argue_that_goods_must_be_allowed_to_freely_cross_all_borders,_while_protectionists_argue_that_our_nation's_fragile_industries_need_protection_from_dangerous_foreign_competition_threatening_to_undo_them._Which_path_will_$COUNTRY$_tread,_as_it_decides_on:_Free_trade,_or_Protectionism?;;;;;;;;;;;;;
EVTNAME999001;National Debate: Economic Policy;;;;;;;;;;;;;
EVTDESC999001;The_debate_had_been_going_on_for_several_hours,_when_a_candidate_stepped_forward_and_presented_arguments_for_their_cause_which_silenced_all_opponents.;;;;;;;;;;;;;
EVTNAME999002;National Debate: Religious Policy;;;;;;;;;;;;;
EVTDESC999002;'The_morality_and_virtue_of_our_people_have_started_to_decline!'_This_statement_caused_much_stir_among_the_debaters_of_toleration_and_religious_plurality._They_have_started_to_question_the_country's_view_on_religion.;;;;;;;;;;;;;
EVTNAME999003;National Debate: Citizenship Policy;;;;;;;;;;;;;
EVTDESC999003;Two_debaters_are_arguing_heatedly_about_their_views._The_rest_of_the_hall_sits_dumbfounded_when_words_like_aliens,_minorities,_ethnic_and_cultural_groups_are_thrown_between_the_two._One_wish_that_immigrants_should_adapt_to_the_dominant_culture_while_the_other_believes_that_they_should_retain_their_cultural_heritage.;;;;;;;;;;;;;
EVTNAME999004;National Debate: War Policy;;;;;;;;;;;;;
EVTDESC999004;Patriots_and_pacifists_are_fighting_in_the_town_house,_using_words_to_hurt_and_kill_their_enemies._A_long_since_dead_and_buried_dispute_between_$COUNTRY$_and_its_neighbor_has_once_again_shown_its_ugly_head._Patriots_wish_to_invade_the_country_while_pacifists_believe_that_there_are_other_ways_to_resolve_the_dispute.;;;;;;;;;;;;;
EVTNAME999010;The Political Campaign Of $YEAR$;;;;;;;;;;;;;
EVTNAME999020;Calm Elections;;;;;;;;;;;;;
EVTDESC999020;The_remaining_election_campaign_of_$YEAR$_has_been_unusually_quiet._The_political_parties_have_had_no_pressing_issues_which_have_gripped_the_country's_attention,_and_the_election_seems_to_be_passing_without_any_national_debates_or_events.;;;;;;;;;;;;;
EVTNAME999021;Violent Elections;;;;;;;;;;;;;
EVTDESC999021;The_election_campaign_of_$YEAR$_has_been_unusually_violent._Only_a_few_days_after_the_campaign_had_begun,_the_first_incidents_started._Strikes_occurred_in_several_large_factories,_with_incidents_of_street_fighting_in_most_major_cities._Paramilitary_groups_have_threatened_voters_of_opposing_ideologies,_while_radicals_have_staged_attacks_on_political_enemies._The_$COUNTRY_ADJ$_police_are_tirelessly_to_get_the_situation_under_control,_but_it_looks_as_if_$COUNTRY$_is_in_for_a_contentious_election.;;;;;;;;;;;;;
EVTNAME999022;Riots!;;;;;;;;;;;;;
EVTNAME999030;Surge Of Socialism;;;;;;;;;;;;;
EVTNAME999031;Surge Of Communism;;;;;;;;;;;;;
EVTNAME999032;Surge Of Fascism;;;;;;;;;;;;;
EVTNAME999033;Surge Of Liberalism;;;;;;;;;;;;;
EVTNAME999034;The Radicals;;;;;;;;;;;;;
EVTNAME999035;The Social Liberals;;;;;;;;;;;;;
EVTDESC999035;A_new_breed_of_$COUNTRY_ADJ$_liberals_has_become_very_active_in_the_current_election_--_educated_liberals_who_believe_equally_in_both_social_and_political_reform._They_have_been_actively_campaigning_for_people_to_support_both,_and_have_been_attracting_a_lot_of_attention.;;;;;;;;;;;;;
EVTNAME999036;Reactionary Surge;;;;;;;;;;;;;
EVTNAME999037;Surge of Conservatism;;;;;;;;;;;;;
EVTNAME999040;National Debate: Voting Rights;;;;;;;;;;;;;
EVTNAME999041;Voting Rights Discussion;;;;;;;;;;;;;
EVTNAME999042;Voting Rights Discussion;;;;;;;;;;;;;
EVTNAME999043;Voting Rights Discussion;;;;;;;;;;;;;
EVTNAME999044;Right In The Face;;;;;;;;;;;;;
EVTNAME999045;Election Fraud!;;;;;;;;;;;;;
EVTNAME999046;Request For Privacy;;;;;;;;;;;;;
EVTNAME999049;National Debate: Unemployment;;;;;;;;;;;;;
EVTNAME999050;Unemployment Issues;;;;;;;;;;;;;
EVTNAME999055;The Child Labor Issue;;;;;;;;;;;;;
EVTDESC999055;A_recent_mine_accident_that_led_to_the_deaths_of_five_children,_all_laborers_working_under_the_$COUNTRY_ADJ$_child_labor_laws,_has_led_to_a_national_debate_over_the_issue._Children_wearing_protest_signs_have_shown_up_at_political_debates,_causing_quite_a_stir_and_raising_the_question_over_whether_the_government_should_consider_reform.;;;;;;;;;;;;;
EVTNAME999056;The Rights of Minorities;;;;;;;;;;;;;
EVTDESC999056;A_demonstration_by_minorities_in_$CAPITAL$,_denouncing_the_fact_that_'universal_suffrage'_in_$COUNTRY$_does_not_include_them,_has_drawn_attention_throughout_the_country_and_sparked_debates_over_whether_minorities_should_be_given_the_right_to_vote._Reactionaries_are_incensed_at_the_idea,_claiming_that_only_'true'_$COUNTRY_ADJ$_citizens_should_decide_its_government.;;;;;;;;;;;;;
EVTNAME999057;The Immigration Issue;;;;;;;;;;;;;
EVTDESC999057;Immigration_has_long_been_a_thorny_issue_in_$COUNTRY$,_with_many_citizens_maintaining_the_opinion_that_allowing_too_many_foreigners_into_the_country_leads_to_chaos_and_unemployment._$COUNTRY$_should_be_for_the_$COUNTRY_ADJ$_people,_and_no_others._Despite_this,_the_plight_of_immigrants_who_are_longing_to_be_reunited_with_family_currently_located_elsewhere_has_received_a_great_deal_of_attention_in_the_current_election._There_have_been_demonstrations_by_liberals_in_$CAPITAL$_calling_for_immigration_reform.;;;;;;;;;;;;;
EVTNAME999060;War Dominates the Election;;;;;;;;;;;;;
EVTNAME999061;Talk of War;;;;;;;;;;;;;
EVTNAME999065;The Slavery Debate;;;;;;;;;;;;;
EVT880130OPTA;Outrageous!;;;;;;;;;;;;;
EVT880200OPTA;A bad way to start an election.;;;;;;;;;;;;;
EVT880210OPTA;Things do not bode well.;;;;;;;;;;;;;
EVT800066OPTA;This is for the best.;;;;;;;;;;;;;
EVT800066OPTB;This is unnecessary.;;;;;;;;;;;;;
EVT800067OPTA;We accept $FROMCOUNTRY$'s proposal.;;;;;;;;;;;;;
EVT800067OPTB;We are not interested.;;;;;;;;;;;;;
EVT800075OPTA;Call for the summit.;;;;;;;;;;;;;
EVT800076OPTA;We are eager to attend the summit.;;;;;;;;;;;;;
EVT800076OPTB;We will go, but we promise nothing.;;;;;;;;;;;;;
EVT800076OPTC;We're not interested right now.;;;;;;;;;;;;;
EVT800077OPTA;Wonderful news!;;;;;;;;;;;;;
EVT800078OPTA;Maybe next time.;;;;;;;;;;;;;
EVT800080OPTA;An insult?;;;;;;;;;;;;;
EVT800084OPTA;This was not our intent.;;;;;;;;;;;;;
EVT800084OPTB;They have only themselves to blame.;;;;;;;;;;;;;
EVT800088OPTA;Not good enough! §RGain 2 infamy§W;;;;;;;;;;;;;
EVT800088OPTB;That will have to do.;;;;;;;;;;;;;
EVT800089OPTA;They will learn their error.;;;;;;;;;;;;;
EVT800089OPTB;We will not be provoked.;;;;;;;;;;;;;
EVT800090OPTA;We shall see.;;;;;;;;;;;;;
EVT800091OPTA;Good.;;;;;;;;;;;;;
EVT800092OPTA;Let them come!;;;;;;;;;;;;;
EVT800093OPTA;Too bad.;;;;;;;;;;;;;
EVT800094OPTA;This could be trouble.;;;;;;;;;;;;;
EVT800094OPTB;Try to make amends.;;;;;;;;;;;;;
EVT800098OPTA;It's unfortunate.;;;;;;;;;;;;;
EVTNAME31510;A Greater Austrian Destiny?;;;;;;;;;;;;;
EVTNAME31511;Limited Autonomy for $COUNTRY$;;;;;;;;;;;;;
EVTNAME31515;The Greater Germany Question;;;;;;;;;;;;;
EVTNAME31516;$FROMCOUNTRY$ Petitions to Join Germany;;;;;;;;;;;;;
EVTNAME31518;$FROMCOUNTRY$ Refuses German Unity!;;;;;;;;;;;;;
EVTNAME31521;The Dissolution of $COUNTRY$;;;;;;;;;;;;;
EVT31510OPTA;We will give up nothing to form Germany. §RGain 40 infamy§W;;;;;;;;;;;;;
EVT31510OPTB;Give limited autonomy to our non-German states. §RGain 20 infamy§W;;;;;;;;;;;;;
EVT31510OPTC;Give independence to our non-German states. §RGain 10 infamy§W;;;;;;;;;;;;;
EVT31510OPTD;$COUNTRY$ won't become Germany. §GLose 5 infamy§W (Centralize the Habsburg Empire);;;;;;;;;;;;;
EVT31511OPTA;Excellent!;;;;;;;;;;;;;
EVTNAME31512;Independence From $FROMCOUNTRY$!;;;;;;;;;;;;;
EVT31515OPTA;We will join Greater Germany, no matter what.;;;;;;;;;;;;;
EVT31515OPTB;We shall give our non-German states independence before joining Germany.;;;;;;;;;;;;;
EVT31515OPTC;Our path does not lie with Germany. §GLose 5 infamy§W;;;;;;;;;;;;;
EVT31516OPTA;Greater Germany, all of it, is our destiny. §RGain 40 infamy§W;;;;;;;;;;;;;
EVT31516OPTB;$FROMCOUNTRY$'s non-German states will first have independence. §RGain 20 infamy§W;;;;;;;;;;;;;
EVT31516OPTC;Such a union is too risky. We refuse their offer. §GLose 5 infamy§W;;;;;;;;;;;;;
EVT31518OPTA;Greater Germany is our destiny. §RGain 10 infamy§W;;;;;;;;;;;;;
EVT31518OPTB;We will accept the $FROMCOUNTRY_ADJ$ decision. §GLose 5 infamy§W;;;;;;;;;;;;;
EVT31519OPTA;We agree to $FROMCOUNTRY_ADJ$'s conditions for joining Germany. §RGain 20 infamy§W;;;;;;;;;;;;;
EVT31519OPTB;We refuse their offer. §GLose 5 infamy§W;;;;;;;;;;;;;
EVTNAME31520;Unification with Germany;;;;;;;;;;;;;
EVT31521OPTA;Oh no!;;;;;;;;;;;;;
EVTNAME31522;The Breakup of $FROMCOUNTRY$;;;;;;;;;;;;;
EVT31522OPTA;We welcome their return.;;;;;;;;;;;;;
EVT31523OPTA;It's about time!;;;;;;;;;;;;;
EVT31530OPTA;We will petition to join Germany.;;;;;;;;;;;;;
EVT31531OPTA;Such a union is too risky. §GLose 5 infamy§W;;;;;;;;;;;;;
EVTNAME800098;$COUNTRY_ADJ$ Citizens Attacked in $FROMCOUNTRY$;;;;;;;;;;;;;
EVTNAME2560;The Buffer State;;;;;;;;;;;;;
EVT2560OPTA;Enough is enough.;;;;;;;;;;;;;
EVTNAME2600;$STATENAME$ Integration;;;;;;;;;;;;;
EVTDESC2600;\n\n$COUNTRY$_has_maintained_control_over_$STATENAME$_for_us_to_consider_the_possibility_of_integrating_it_into_$COUNTRY$_as_a_whole._There_are_$COUNTRY_ADJ$_flags_waving_in_$PROVINCENAME$,_flown_by_$COUNTRY_ADJ$_citizens,_so_it_does_not_seem_so_far-fetched_an_idea_that_$STATENAME$_be_eventually_considered_$COUNTRY_ADJ$_territory_by_the_world_at_large.;;;;;;;;;;;;;
EVTNAME2605;$PROVINCENAME$ Integrated into $COUNTRY$;;;;;;;;;;;;;
EVTDESC2605;\n\n$COUNTRY$_has_controlled_$PROVINCENAME$_for_a_long_time_--_long_enough_for_those_within_$PROVINCENAME$_to_truly_consider_themselves_$COUNTRY_ADJ$_citizens,_and_for_the_rest_of_the_world_to_consider_the_$COUNTRY_ADJ$_claim_to_the_province_to_be_legitimate_as_well._Though_there_are_still_some_unhappy_with_the_development,_$PROVINCENAME$_is_now_considered_an_integral_part_of_$COUNTRY$.;;;;;;;;;;;;;
EVTNAME2610;$STATENAME$ Assimilation;;;;;;;;;;;;;
EVTDESC2610;\n\n$STATENAME$_is_considered_$COUNTRY_ADJ$_territory_--_that_is_only_in_dispute_by_those_neighbors_who_still_have_recognized_claims_on_the_area,_and_who_maintain_that_many_within_$STATENAME$_consider_themselves_citizens_of_their_country_and_not_ours._The_first_step_in_rendering_their_claim_invalid_would_be_to_enact_a_policy_that_encourages_the_assimilation_of_all_people_within_$STATENAME$..._they_should_be_$COUNTRY_ADJ$_citizens,_and_hold_no_other_nationality_above_ours.;;;;;;;;;;;;;
EVTNAME2611;Assimilation Policies Rescinded;;;;;;;;;;;;;
EVTNAME2615;Flags Burned in $PROVINCENAME$;;;;;;;;;;;;;
EVTDESC2615;\n\nA_demonstration_in_$PROVINCENAME$_turned_violent_as_minorities_held_up_$COUNTRY_ADJ$_flags_and_burned_them_--_a_demonstration_of_their_rejection_of_our_attempts_to_assimilate_them_into_$COUNTRY$._Authorities_broke_up_the_demonstration,_but_there_continues_to_be_a_growing_discontent_in_the_area._The_turmoil_has_even_spread_to_other_citizens,_who_have_begun_calling_on_the_$COUNTRY_ADJ$_government_to_end_its_assimilation_policies_and_let_the_minority_groups_be.;;;;;;;;;;;;;
EVTNAME2616;Incident in $PROVINCENAME$;;;;;;;;;;;;;
EVTDESC2616;\n\nThe_recent_arrest_of_a_foreign_national_in_$PROVINCENAME$_has_led_to_a_diplomatic_incident._Many_of_the_minorities_within_$PROVINCENAME$_claim_that_the_man_was_arrested_solely_because_he_opposed_the_$COUNTRY_ADJ$_assimilation_policies,_and_was_trying_to_spread_word_of_a_peaceful_resistance._The_$COUNTRY_ADJ$_authorities_say_the_man's_interest_was_not_peaceful_in_the_least,_and_they_suspect_he_in_fact_works_for_one_of_our_neighbors_with_a_claim_on_$PROVINCENAME$._Whatever_the_truth,_the_reaction_has_not_been_peaceful_in_the_least_--_riots_are_expected,_and_authorities_say_to_be_wary_of_rebellion_in_the_area.;;;;;;;;;;;;;
EVTNAME2620;Flags Flying in $PROVINCENAME$!;;;;;;;;;;;;;
EVTDESC2620;\n\nA_parade_has_recently_taken_place_in_$PROVINCENAME$,_with_the_$COUNTRY_ADJ$_flag_flying_high_--_and_being_held_by_people_who,_until_very_recently,_likely_wouldn't_have_considered_themselves_$COUNTRY_ADJ$_citizens_at_all._$PROVINCENAME$_is_still_claimed_by_another_country,_but_the_acceptance_of_$PROVINCENAME$'s_people_is_going_a_long_way_towards_making_elimination_of_that_an_inevitable_fact.;;;;;;;;;;;;;
EVTNAME2625;$PROVINCENAME$ Assimilated!;;;;;;;;;;;;;
EVTDESC2625;\n\nThe_$COUNTRY_ADJ$_flag_is_the_only_one_that_can_now_be_found_flying_in_the_streets_of_$PROVINCENAME$._At_long_last,_it_can_be_considered_$COUNTRY_ADJ$_and_only_$COUNTRY_ADJ$_territory._Even_those_who_are_members_of_other_cultures_no_longer_consider_themselves_truly_part_of_our_neighbors_--_much_as_those_neighbors_might_be_unhappy_with_the_situation.;;;;;;;;;;;;;
EVTNAME2626;Claims in $FROMCOUNTRY$;;;;;;;;;;;;;
EVTNAME2650;$FROMCOUNTRY_ADJ$ Lands;;;;;;;;;;;;;
EVTNAME2651;The $FROMCOUNTRY_ADJ$ Demand;;;;;;;;;;;;;
EVTNAME2660;Our Lands Returned;;;;;;;;;;;;;
EVT2600OPTA;We should begin integrating $STATENAME$. §RGain 2 infamy§W;;;;;;;;;;;;;
EVT2600OPTB;Let $STATENAME$ remain separate, for now.;;;;;;;;;;;;;
EVTNAME2601;Integration Canceled in $STATENAME$;;;;;;;;;;;;;
EVTDESC2601;\n\nThere_is_no_longer_a_need_to_justify_a_claim_in_$STATENAME$,_since_it_already_exists.;;;;;;;;;;;;;
EVT2601OPTA;So be it.;;;;;;;;;;;;;
EVT2605OPTA;Long live $COUNTRY$!;;;;;;;;;;;;;
EVT2610OPTA;Begin assimilating $STATENAME$. §RGain 2 infamy§W;;;;;;;;;;;;;
EVT2610OPTB;This will only cause more conflict.;;;;;;;;;;;;;
EVT2611OPTA;So be it!;;;;;;;;;;;;;
EVTNAME2612;Assimilation Canceled in $STATENAME$;;;;;;;;;;;;;
EVTDESC2612;\n\nThere_is_no_longer_a_need_for_the_assimilation_policies_currently_underway_in_$STATENAME$.;;;;;;;;;;;;;
EVT2612OPTA;It was worth the effort.;;;;;;;;;;;;;
EVT2615OPTA;The assimilation must continue!;;;;;;;;;;;;;
EVT2615OPTB;Abandon assimilation in $STATENAME$.;;;;;;;;;;;;;
EVT2616OPTA;Unfortunate.;;;;;;;;;;;;;
EVT2620OPTA;Well done, $PROVINCENAME$!;;;;;;;;;;;;;
EVT2626OPTA;There is nothing we can do.;;;;;;;;;;;;;
EVT2626OPTB;We will not stand for this!;;;;;;;;;;;;;
EVT2650OPTA;Damn.;;;;;;;;;;;;;
EVTDESC98900;With_the_arrival_of_the_$COUNTRY_ADJ$_colonial_governor_into_$PROVINCENAME$,_an_effort_has_begun_to_incorporate_$COUNTRY_ADJ$_$STATENAME$_into_the_larger_South_African_colonial_administration.;;;;;;;;;;;;;
EVTDESC98905;With_the_arrival_of_the_$COUNTRY_ADJ$_colonial_governor_into_$PROVINCENAME$,_an_effort_has_begun_to_incorporate_$COUNTRY_ADJ$_$STATENAME$_into_the_larger_colonial_administration_of_Rupert's_Land.;;;;;;;;;;;;;
EVT2660OPTA;Only keep territories with our cores. Return the rest.;;;;;;;;;;;;;
EVT2660OPTB;We will keep everything we've gained.;;;;;;;;;;;;;
EVT98800OPTA;An excellent development!;;;;;;;;;;;;;
EVTNAME98300;War-Time Election;;;;;;;;;;;;;
EVTNAME98301;Violent Elections;;;;;;;;;;;;;
EVTNAME98302;Anger Against the Government;;;;;;;;;;;;;
EVTNAME98303;Contentious Election;;;;;;;;;;;;;
EVTNAME98304;Government Supporters Rally;;;;;;;;;;;;;
EVTNAME98305;Orderly Election;;;;;;;;;;;;;
EVTNAME98310;Conservatives Declare Victory!;;;;;;;;;;;;;
EVTNAME98311;Socialists Declare Victory!;;;;;;;;;;;;;
EVTNAME98312;Liberals Declare Victory!;;;;;;;;;;;;;
EVTNAME98313;Communists Declare Victory!;;;;;;;;;;;;;
EVTNAME98314;Fascists Declare Victory!;;;;;;;;;;;;;
EVTNAME98315;Reactionaries Declare Victory!;;;;;;;;;;;;;
EVTNAME98316;Radicals Declare Victory!;;;;;;;;;;;;;
EVTNAME98317;Social Liberals Declare Victory!;;;;;;;;;;;;;
EVTDESC98317;The_$COUNTRY_ADJ$_election_has_ended,_with_the_leader_of_the_social_liberal_party_declaring_victory_from_the_steps_of_the_presidential_palace_in_$CAPITAL$.;;;;;;;;;;;;;
EVT98300OPTA;We must maintain stability even in a time of war.;;;;;;;;;;;;;
EVT98301OPTA;This is unfortunate.;;;;;;;;;;;;;
EVT98302OPTA;We shall see.;;;;;;;;;;;;;
EVT98310OPTA;The $COUNTRY_ADJ$ people have spoken.;;;;;;;;;;;;;
EVTNAME11380019;Constitutional Crisis;;;;;;;;;;;;;
EVTDESC11380019;In_a_surprise_election_win,_the_fascists_have_taken_power_in_the_government._Technically_they_are_allowed_to_do_so,_and_their_party_has_not_been_banned._There_are_concerns,_however,_that_their_ultimate_goal_is_to_take_over_the_$COUNTRY_ADJ$_government_and_that_this_election_win_is_just_the_first_step_in_doing_so._Some_are_even_suggesting_the_possibility_of_voter_fraud._Regardless,_the_$COUNTRY_ADJ$_people_have_spoken..._and_the_monarchy_must_decide_whether_to_intervene_and_refuse_the_fascists_their_mandate_as_many_expect._Failure_to_intervene_means_admitting_that_they_have_no_power_and_thus_relinquishing_all_control_over_the_government.;;;;;;;;;;;;;
EVTDESC11380020;In_a_surprise_election_win,_the_communists_have_taken_power_in_the_government._Technically_they_are_allowed_to_do_so,_and_their_party_has_not_been_banned._There_are_concerns,_however,_that_their_ultimate_goal_is_to_take_over_the_$COUNTRY_ADJ$_government_and_that_this_election_win_is_just_the_first_step_in_doing_so._Some_are_even_suggesting_the_possibility_of_voter_fraud._Regardless,_the_$COUNTRY_ADJ$_people_have_spoken..._and_the_monarchy_must_decide_whether_to_intervene_and_refuse_the_communists_their_mandate_as_many_expect._Failure_to_intervene_means_admitting_that_they_have_no_power_and_thus_relinquishing_all_control_over_the_government.;;;;;;;;;;;;;
EVTDESC11380021;In_a_surprise_election_win,_the_radicals_have_taken_power_in_the_government._Technically_they_are_allowed_to_do_so,_and_their_party_has_not_been_banned._There_are_concerns,_however,_that_their_ultimate_goal_is_to_take_over_the_$COUNTRY_ADJ$_government_and_that_this_election_win_is_just_the_first_step_in_doing_so._Some_are_even_suggesting_the_possibility_of_voter_fraud._Regardless,_the_$COUNTRY_ADJ$_people_have_spoken..._and_the_monarchy_must_decide_whether_to_intervene_and_refuse_these_radical_republicans_their_mandate_as_many_expect._Failure_to_intervene_means_admitting_that_they_have_no_power_and_thus_relinquishing_all_control_over_the_government.;;;;;;;;;;;;;
EVT11380022OPTA;This cannot be allowed. The Liberals shall rule instead.;;;;;;;;;;;;;
EVT11380022OPTB;This cannot be allowed. The Conservatives shall rule instead.;;;;;;;;;;;;;
EVT11380022OPTC;This cannot be allowed. The Socialists shall rule instead.;;;;;;;;;;;;;
EVT11380022OPTD;Enough is enough. The people clearly cannot be trusted to do what is best for $COUNTRY$.;;;;;;;;;;;;;
EVT999060OPTA;We will encourage the jingoists.;;;;;;;;;;;;;
EVT999060OPTB;We've no reason to get involved.;;;;;;;;;;;;;
EVT999060OPTC;That's enough of this rabble-rousing.;;;;;;;;;;;;;
EVT999065OPTA;Support the Abolitionists.;;;;;;;;;;;;;
EVT999065OPTB;Let the debate take its course.;;;;;;;;;;;;;
EVT999065OPTC;We will not reform the slavery laws.;;;;;;;;;;;;;
EVT80121OPTA;The rebels must be destroyed!;;;;;;;;;;;;;
EVT80123OPTA;But for how long?;;;;;;;;;;;;;
EVT80125OPTA;The rebels must be destroyed!;;;;;;;;;;;;;
EVT80125OPTB;Out with the Manchu! §BPlay as Sinkiang§W;;;;;;;;;;;;;
EVT80125OPTC;Independence for the Hui! §BPlay as the Hui§W;;;;;;;;;;;;;
EVT80126OPTA;Victory is ours!;;;;;;;;;;;;;
EVT80120OPTA;Send in troops to quell the violence.;;;;;;;;;;;;;
EVT80120OPTB;We will tolerate this for now.;;;;;;;;;;;;;
EVTNAME80120;Hui Unrest in $STATENAME$;;;;;;;;;;;;;
EVTDESC80120;\n\nThough_tolerant_of_religious_practices,_the_Hui_Muslims_in_$PROVINCENAME$_are_resentful_of_discrimination_by_the_Qing_government._Unrest_in_the_province_has_stirred_up_anti-Manchu_sentiment,_even_among_non-Muslims._The_violence_is_threatening_to_spread_throughout_all_of_$STATENAME$.;;;;;;;;;;;;;
EVTNAME80121;Panthay Rebellion;;;;;;;;;;;;;
EVTNAME80122;Panthay Rebellion Crushed;;;;;;;;;;;;;
EVTNAME80123;Panthay Rebellion Victorious!;;;;;;;;;;;;;
EVTNAME80125;The Dungan Revolt;;;;;;;;;;;;;
EVTNAME80126;Dungan Revolt Crushed;;;;;;;;;;;;;
EVTNAME80127;Dungan Revolt Victorious!;;;;;;;;;;;;;
EVT90904OPTA;This cannot be borne!;;;;;;;;;;;;;
EVT90904OPTB;Allow them to leave. We will not oppose them.;;;;;;;;;;;;;
EVTNAME90904;The $FROMCOUNTRY_ADJ$ Rebellion;;;;;;;;;;;;;
EVTNAME160001;Anarchy in the South;;;;;;;;;;;;;
EVTNAME1600010;The Taiping Rebellion;;;;;;;;;;;;;
EVTDESC1600010;It_is_as_we_feared_--_the_so-called_'Heavenly_Kingdom'_has_assumed_control_of_lands_in_the_south,_and_any_attempts_by_the_local_governors_to_resume_authority_have_failed._It_is_an_embarrassment_to_the_prestige_of_the_Imperial_throne_that_we_must_deign_to_recognize_that_these_rebels_exist_and_must_be_dealt_with_once_and_for_all._Some_are_even_beginning_to_question_the_Mandate_of_Heaven_if_such_a_threat_is_possible._If_we_do_not_act,_however,_the_rebels_will_surely_gain_control_over_not_only_the_south_but_perhaps_all_of_China.;;;;;;;;;;;;;
EVTNAME160002;Taiping Rebellion Defeated;;;;;;;;;;;;;
EVTNAME160003;Truce With the Heavenly Kingdom;;;;;;;;;;;;;
EVTNAME160004;Truce With the Manchu;;;;;;;;;;;;;
EVTNAME160006;The War Against Taiping;;;;;;;;;;;;;
EVTNAME160007;The War Against the Manchu;;;;;;;;;;;;;
EVTNAME160008;The Taiping Are Victorious!;;;;;;;;;;;;;
EVTNAME160009;The Heavenly Kingdom;;;;;;;;;;;;;
EVTNAME160011;The Female Shortage;;;;;;;;;;;;;
EVTNAME160012;Taiping Missionaries in $STATENAME$;;;;;;;;;;;;;
EVTDESC160012;\n\nWe_have_received_reports_of_Christian_missionaries_in_$PROVINCENAME$,_followers_of_the_so-called_'Heavenly_Kingdom'._Their_actions_would_not_be_so_objectionable_if_they_were_not_also_preaching_sedition_against_the_Manchu_--_and,_far_worse,_though_provincial_governors_have_attempted_to_halt_the_missionaries_this_has_only_seemed_to_stir_up_support_for_them_even_further._There_are_sightings_of_their_pamphlets_all_over_$STATENAME$_now!;;;;;;;;;;;;;
EVTNAME160013;Anti-Manchu Sentiment;;;;;;;;;;;;;
EVTDESC160013;\n\nTo_many_people_in_China,_the_Qing_Dynasty_is_seen_as_ineffective_and_corrupt,_ruled_by_Manchu_foreigners._Bitter_hatred_has_been_stirring,_particularly_in_the_south._This_is_especially_true_in_$STATENAME$,_where_there_are_reports_of_rioting_after_a_recent_confrontation_between_locals_and_Manchu_officials.;;;;;;;;;;;;;
EVTNAME164504;Hong Xiuquan;;;;;;;;;;;;;
EVTNAME160016;Yang Xiuqing;;;;;;;;;;;;;
EVTNAME160017;Pro-Christian Riots in $STATENAME$!;;;;;;;;;;;;;
EVTDESC160017;\n\nFollowers_of_the_'Heavenly_Kingdom'_are_causing_further_problems_in_the_south._They_are_already_heavily_fortified_within_$PROVINCENAME$,_and_many_Qing_advisors_consider_it_completely_beyond_our_control._Anarchy_seems_rampant,_and_all_throughout_$STATENAME$_these_rebels_are_shouting_treason._Can_nobody_do_something_about_this?;;;;;;;;;;;;;
EVTNAME160020;The Taiping Sect Spreads!;;;;;;;;;;;;;
EVTDESC160020;\n\nThe_followers_of_the_so-called_'Heavenly_Kingdom'_have_spread_their_influence_even_further._According_to_officials_in_$STATENAME$,_the_Christian_rebels_have_been_spotted_in_$PROVINCENAME$_and_sentiment_against_the_Qing_Dynasty_is_on_the_rise_throughout_the_entire_state.;;;;;;;;;;;;;
EVTNAME160025;The Death of Hong Xiuquan;;;;;;;;;;;;;
EVT160025OPTA;Establish a new dynasty under Hong Tianguifu.;;;;;;;;;;;;;
EVT160025OPTB;The Qing Dynasty must rule once more.;;;;;;;;;;;;;
EVT160025OPTC;Let the army rule Taiping.;;;;;;;;;;;;;
EVT160025OPTD;Keep the Theocracy.;;;;;;;;;;;;;
EVTNAME160026;Retreat to Formosa;;;;;;;;;;;;;
EVTNAME160501;Missionaries in $PROVINCENAME$;;;;;;;;;;;;;
EVTDESC160501;Christian_missionaries_are_stirring_up_trouble_in_southern_China,_handing_out_pamphlets_in_an_effort_to_gain_converts._This_would_not_be_so_objectionable_were_the_pamphlet_not_also_preaching_sedition_against_the_Qing_Dynasty._The_fact_that_so_many_in_$PROVINCENAME$_are_willing_to_listen_to_these_fools_is_worrying.;;;;;;;;;;;;;
EVTNAME160502;Anti-Manchu Sentiment;;;;;;;;;;;;;
EVTDESC160502;To_many_people_in_China,_the_Qing_Dynasty_is_seen_as_ineffective_and_corrupt,_ruled_by_Manchu_foreigners._Bitter_hatred_has_been_stirring,_particularly_in_the_south._This_is_especially_true_in_$PROVINCENAME$,_where_there_are_reports_of_rioting_after_a_recent_confrontation_between_locals_and_Manchu_officials.;;;;;;;;;;;;;
EVTNAME1605020;The Death of Hong Xiuquan;;;;;;;;;;;;;
EVTDESC1605020;After_a_period_of_self-enforced_isolation,_Hong_Xiuquan_has_died_--_some_say_of_poison,_others_of_illness._Regardless_of_the_cause,_the_nation_has_been_thrown_into_mourning_for_their_beloved_leader._Hong_Xiuquan's_son,_Hong_Tianguifu,_is_ready_to_step_into_his_father's_role_as_leader,_but_there_are_some_who_fear_he_will_be_unsuitable._They_are_advocating_a_restoration_of_the_Qing_dynasty._Others_say_that_$COUNTRY$_must_become_a_republic,_in_emulation_of_western_powers._Whether_$COUNTRY$_is_ready_for_such_a_change_is_difficult_to_say.;;;;;;;;;;;;;
EVTNAME16050214;Retreat to Taiwan;;;;;;;;;;;;;
EVTNAME16050215;Victory over the Kuomintang;;;;;;;;;;;;;
EVTNAME162503;The Taiping Sect Spreads!;;;;;;;;;;;;;
EVTDESC162503;The_followers_of_the_so-called_'Heavenly_Kingdom'_have_infested_yet_another_province._According_to_officials_in_$PROVINCENAME$,_followers_of_Hong_Xiuquan_have_been_spotted_and_sentiment_against_the_Qing_Dynasty_is_on_the_rise.;;;;;;;;;;;;;
EVTNAME164503;The Heavenly Kingdom;;;;;;;;;;;;;
EVTDESC164503;A_troublemaker_has_arisen_in_the_southern_lands._According_to_reports,_this_man_claims_to_have_received_a_vision_to_the_effect_that_he_is_the_younger_brother_of_Jesus_Christ_and_was_sent_to_rid_China_of_the_corrupt_Manchu_Qing_Dynasty_rulers._He_has_been_winning_converts_to_Christianity,_and_it_seems_there_are_many_willing_to_listen_to_his_words_of_sedition_and_join_his_so-called_'Heavenly_Kingdom'.;;;;;;;;;;;;;
EVTNAME164505;Yang Xiuqing;;;;;;;;;;;;;
EVTDESC164505;Reports_have_arrived_at_the_palace_that_a_firewood_seller_has_taken_to_walking_the_South_lands,_claiming_to_speak_with_the_voice_of_God._Regardless_of_his_seeming_madness,_the_man_has_proven_very_effective_at_spreading_the_word_of_the_so-called_'Heavenly_Kingdom'.;;;;;;;;;;;;;
EVTNAME164599;The Xinhai Revolution;;;;;;;;;;;;;
EVTNAME164600;The Tongmenghui;;;;;;;;;;;;;
EVTNAME164601;Revolutionary Uprising in $STATENAME$;;;;;;;;;;;;;
EVTDESC164601;\n\nRevolutionaries_seeking_to_bring_down_the_$COUNTRY_ADJ$_monarchy_have_been_stirring_up_a_revolt_in_$STATENAME$._The_incident_appears_to_have_begun_in_$PROVINCENAME$,_after_a_demonstration_by_local_workers_turned_violent._Though_authorities_have_already_moved_in,_the_damage_is_done._What_remains_is_to_determine_how_we_react_to_this_outrageous_provocation.;;;;;;;;;;;;;
EVTNAME164602;Boxers in $STATENAME$;;;;;;;;;;;;;
EVTDESC164602;Members_of_the_proto-nationalist_Yihetuan_Movement,_also_known_as_the_Boxers,_have_staged_an_uprising_in_$PROVINCENAME$._While_the_uprising_was_initially_put_down_by_$COUNTRY_ADJ$_forces,_news_of_the_movement's_presence_has_spread_throughout_$STATENAME$_and_already_there_are_more_reports_of_clashes.;;;;;;;;;;;;;
EVT160001OPTA;Crush them!;;;;;;;;;;;;;
EVT160001OPTB;Out with the Manchu! §BPlay as the Taiping§W;;;;;;;;;;;;;
EVT160002OPTA;Victory is ours!;;;;;;;;;;;;;
EVT160003OPTA;Unacceptable!;;;;;;;;;;;;;
EVT160004OPTA;Hooray!!;;;;;;;;;;;;;
EVT160006OPTA;The war must continue!;;;;;;;;;;;;;
EVT160006OPTB;We cannot afford the repercussions of a draft.;;;;;;;;;;;;;
EVT160007OPTB;We are not ready to wage such a war.;;;;;;;;;;;;;
EVT160012OPTA;Collect the pamphlets and silence these missionaries -- now.;;;;;;;;;;;;;
EVT160012OPTB;We shall tolerate this, for now.;;;;;;;;;;;;;
EVT160013OPTA;This cannot be tolerated!;;;;;;;;;;;;;
EVT160015OPTA;He is of no consequence.;;;;;;;;;;;;;
EVT160017OPTA;This is starting to be a problem.;;;;;;;;;;;;;
EVT160020OPTA;Hmm, that's worrying.;;;;;;;;;;;;;
EVT160026OPTA;It seems we have little choice. §BPlay as Taiwan§W;;;;;;;;;;;;;
EVTNAME99000;The Righteous Harmony Society;;;;;;;;;;;;;
EVTNAME99001;Boxers in $STATENAME$;;;;;;;;;;;;;
EVTDESC99001;\n\nAn_attack_upon_a_foreign_merchant_in_$PROVINCENAME$_has_signaled_the_arrival_of_the_Boxer_movement_to_$STATENAME$._Already_the_flags_of_the_Righteous_Harmony_Society_have_been_spotted,_their_followers_recruiting_fellow_Chinese_to_support_the_Qing_government_in_their_struggle.;;;;;;;;;;;;;
EVTNAME99005;Attack on Foreigners in $STATENAME$;;;;;;;;;;;;;
EVTDESC99005;\n\nThroughout_all_of_$STATENAME$,_the_Boxers_are_attacking_western_influence._Smugglers,_missionaries,_opium_peddlers,_anyone_they_can_apprehend_is_being_slain_or_forced_to_flee_for_their_lives._We_have_a_choice:_either_look_the_other_way,_risking_anger_from_the_great_powers_for_these_'atrocities',_or_send_in_forces_to_suppress_the_Boxers_and_risk_the_anger_of_our_own_people.;;;;;;;;;;;;;
EVTNAME99006;Boxer Atrocities in $FROMCOUNTRY$;;;;;;;;;;;;;
EVTNAME99010;Boxers Attack Legation Quarter!;;;;;;;;;;;;;
EVTNAME99011;Boxers Attack $COUNTRY_ADJ$ Legation;;;;;;;;;;;;;
EVTNAME99015;The Boxer Protocol;;;;;;;;;;;;;
EVT99000OPTA;We shall remain silent... for now.;;;;;;;;;;;;;
EVT99001OPTA;Should we be alarmed?;;;;;;;;;;;;;
EVT99005OPTA;Look the other way.;;;;;;;;;;;;;
EVT99005OPTB;Suppress them. The westerners must not be harmed.;;;;;;;;;;;;;
EVT99006OPTA;This cannot be tolerated.;;;;;;;;;;;;;
EVT99010OPTA;Declare support for the Boxers.;;;;;;;;;;;;;
EVT99010OPTB;Protect the foreign legations.;;;;;;;;;;;;;
EVT99011OPTA;This calls for intervention.;;;;;;;;;;;;;
EVT99011OPTB;We will do nothing.;;;;;;;;;;;;;
EVT99015OPTA;We have little option.;;;;;;;;;;;;;
EVT99016OPTA;Agree to the protocol.;;;;;;;;;;;;;
EVT99016OPTB;We will continue our war §RGain 5 infamy§W;;;;;;;;;;;;;
EVT164599OPTA;The Beiyang Army will keep order in China.;;;;;;;;;;;;;
EVT164599OPTB;The Kuomintang will lead the republic.;;;;;;;;;;;;;
EVT164600OPTA;Try to work with these societies.;;;;;;;;;;;;;
EVT164600OPTB;Crush them. This will not be tolerated.;;;;;;;;;;;;;
EVT164601OPTA;Root them out. This cannot be permitted.;;;;;;;;;;;;;
EVT164601OPTB;Make minor reforms to appease the revolutionaries.;;;;;;;;;;;;;
EVTNAME1645091;The Mandate of Heaven;;;;;;;;;;;;;
EVT1645091OPTA;Of course.;;;;;;;;;;;;;
EVTNAME1645092;Loss of the Mandate of Heaven;;;;;;;;;;;;;
EVT1645092OPTA;Oh no!;;;;;;;;;;;;;
EVT1316175OPTA;The barbarians will learn to bow.;;;;;;;;;;;;;
EVT1316175OPTB;Avoid angering the barbarians.;;;;;;;;;;;;;
EVT1316176OPTA;Is this emperor a madman?;;;;;;;;;;;;;
EVT1316176OPTB;We cannot afford a war at the moment.;;;;;;;;;;;;;
EVT1316180OPTA;They shall receive a chilly reception in our court.;;;;;;;;;;;;;
EVT1316180OPTB;This is not the time to provoke them.;;;;;;;;;;;;;
EVT164507OPTA;But we haven't cleared up after last time yet.;;;;;;;;;;;;;
EVT164508OPTA;Not again!;;;;;;;;;;;;;
EVTNAME1316080;The Opium Trade in China;;;;;;;;;;;;;
EVTOPT1316080;This cannot be allowed.;;;;;;;;;;;;;
EVT1316081OPTA;Demand they be handed over!;;;;;;;;;;;;;
EVT1316081OPTB;We cannot fight the British.;;;;;;;;;;;;;
EVT131709OPTA;This may be just the excuse we need. §RGain 3 infamy§W;;;;;;;;;;;;;
EVT131709OPTB;Leave the Chinese alone. §R(Pay or owe 50,000¤)§W;;;;;;;;;;;;;
EVT1316082OPTA;Give them what they want.;;;;;;;;;;;;;
EVT1316082OPTB;Never! We shall not submit!;;;;;;;;;;;;;
EVT1316084OPTA;An unfortunate choice.;;;;;;;;;;;;;
EVT1316090OPTA;Make the deal with the $FROMCOUNTRY_ADJ$.;;;;;;;;;;;;;
EVT1316090OPTB;No. We will keep what we have now.;;;;;;;;;;;;;
EVT1316091OPTB;Forget it. We will keep what we have.;;;;;;;;;;;;;
EVT1316092OPTA;Every dog has its day.;;;;;;;;;;;;;
EVT1316182OPTB;We have other things to do. §R(Pay or owe 50,000¤)§W;;;;;;;;;;;;;
EVT131711OPTA;We agree to their terms.;;;;;;;;;;;;;
EVT131711OPTB;We refuse.;;;;;;;;;;;;;
maine_incident;Maine Incident;;;;;;;;;;;;;
EVT131713OPTA;We are pleased.;;;;;;;;;;;;;
EVT131714OPTA;Unfortunate.;;;;;;;;;;;;;
EVT131715OPTA;They will serve $COUNTRY$. Or else.;;;;;;;;;;;;;
EVT131720OPTA;This is becoming worrisome.;;;;;;;;;;;;;
EVT131730OPTA;$COUNTRY$ shall be restored!;;;;;;;;;;;;;
EVT131735OPTA;We will side with the Kuomintang.;;;;;;;;;;;;;
EVT131735OPTB;We will side with the Beiyang.;;;;;;;;;;;;;
EVT131735OPTC;We will remain neutral.;;;;;;;;;;;;;
EVT131736OPTA;We will fight for Communist China.;;;;;;;;;;;;;
EVT131737OPTA;The Beiyang must fight for the greater glory of China.;;;;;;;;;;;;;
EVT131739OPTA;He shall pay for this betrayal!;;;;;;;;;;;;;
EVT131740OPTA;Join the forces of Nationalist China.;;;;;;;;;;;;;
EVT131740OPTB;Abandon the Kuomintang.;;;;;;;;;;;;;
EVT131741OPTA;Together we shall triumph!;;;;;;;;;;;;;
EVT131742OPTA;For the good of all China.;;;;;;;;;;;;;
EVT131742OPTB;Now is not the time.;;;;;;;;;;;;;
EVT131745OPTA;$COUNTRY$ shall submit.;;;;;;;;;;;;;
EVT131745OPTB;We accept Beijing's rule but will maintain our independence.;;;;;;;;;;;;;
EVT131745OPTC;$COUNTRY$ shall never surrender!;;;;;;;;;;;;;
EVT131746OPTA;Good luck with that.;;;;;;;;;;;;;
EVT16050214OPTA;It seems we have little choice.;;;;;;;;;;;;;
EVT16050215OPTA;Victory is ours!;;;;;;;;;;;;;
EVTNAME16050220;$COUNTRY$ Is Lost;;;;;;;;;;;;;
EVT16050220OPTA;A dark day.;;;;;;;;;;;;;
EVTNAME16050221;$FROMCOUNTRY$ Surrenders;;;;;;;;;;;;;
EVT16050221OPTA;Excellent.;;;;;;;;;;;;;
EVTNAME16050222;The Civil War Drags On;;;;;;;;;;;;;
EVTNAME16050223;Truce With $FROMCOUNTRY$?;;;;;;;;;;;;;
EVT16050223OPTA;Indeed.;;;;;;;;;;;;;
EVTNAME1316081;The Kowloon Incident;;;;;;;;;;;;;
EVTNAME1316082;The Unequal Treaty;;;;;;;;;;;;;
EVTDESC1316082;The_war_with_$FROMCOUNTRY$_is_not_going_well._These_damnable_foreigners_are_in_our_lands_and_blockading_our_ports,_and_to_the_embarrassment_of_our_government_there_seems_to_be_little_we_can_do_to_stop_them._$FROMCOUNTRY_ADJ$_diplomats_have_approached_us_to_negotiate_a_'fair'_settlement._While_we_could_drag_the_war_on_and_see_if_the_$FROMCOUNTRY_ADJ$_have_the_wherewithal_to_finish_their_assault,_it_might_be_in_our_best_interest_to_give_them_a_concession_port_and_reparations._Indeed,_this_might_even_help_us_in_some_ways,_though_the_loss_to_our_prestige_would_be_considerable.;;;;;;;;;;;;;
EVTNAME1316083;$FROMCOUNTRY$ Agrees;;;;;;;;;;;;;
EVTDESC1316083;The_$FROMCOUNTRY_ADJ$_rulership_has_signed_our_peace_treaty,_granting_us_a_concession_port_on_their_coast_as_well_as_reparations._This_has_improved_relations_between_our_countries_tremendously,_and_should_go_a_long_way_to_ensuring_$COUNTRY_ADJ$_influence_in_China_remains_strong.;;;;;;;;;;;;;
EVTNAME1316084;$FROMCOUNTRY$ has Refused!;;;;;;;;;;;;;
EVTNAME1316085;The Treaty of Shimonoseki;;;;;;;;;;;;;
EVTNAME1316086;$FROMCOUNTRY$ Agrees;;;;;;;;;;;;;
EVTNAME1316176;$COUNTRY_ADJ$ Envoy Ejected;;;;;;;;;;;;;
EVTNAME1316180;Empire of the Great Qing;;;;;;;;;;;;;
EVTNAME1316181;The Arrow Incident;;;;;;;;;;;;;
EVT1316181OPTA;Punish the pirates!;;;;;;;;;;;;;
EVT1316181OPTB;Relent to the British demands.;;;;;;;;;;;;;
EVTNAME131709;The Kowloon Incident;;;;;;;;;;;;;
EVTNAME131710;The Unequal Treaty;;;;;;;;;;;;;
EVTNAME131711;The Simla Convention;;;;;;;;;;;;;
EVTNAME131713;$FROMCOUNTRY$ Has Agreed;;;;;;;;;;;;;
EVTNAME131714;$FROMCOUNTRY$ Has Refused;;;;;;;;;;;;;
EVTNAME131715;The New Army;;;;;;;;;;;;;
EVTNAME131720;Spread of Anhui Influence;;;;;;;;;;;;;
EVTDESC131720;\n\nWarlord_influence_has_begun_to_spread_into_$STATENAME$._These_generals_are_still_loyal_to_$COUNTRY$,_but_it_is_becoming_increasingly_apparent_that_they_are_taking_control_of_a_significant_portion_of_the_country._Officials_in_$CAPITAL$_are_alarmed.;;;;;;;;;;;;;
EVTNAME131721;Spread of Guangdong Influence;;;;;;;;;;;;;
EVTNAME131722;Spread of Guangxi Influence;;;;;;;;;;;;;
EVTNAME131723;Spread of Hunan Influence;;;;;;;;;;;;;
EVTNAME131724;Spread of Fengtien Influence;;;;;;;;;;;;;
EVTNAME131725;Spread of Ma Influence;;;;;;;;;;;;;
EVTNAME131726;Spread of Yunnan Influence;;;;;;;;;;;;;
EVTNAME131727;Spread of Shanxi Influence;;;;;;;;;;;;;
EVTNAME131728;Spread of Sichuan Influence;;;;;;;;;;;;;
EVTNAME131729;Spread of Xinjiang Influence;;;;;;;;;;;;;
EVTNAME131730;The Warlord Era;;;;;;;;;;;;;
EVTNAME131735;The Struggle for China;;;;;;;;;;;;;
EVTNAME131736;The Guominjun Clique;;;;;;;;;;;;;
EVTNAME131740;Leader of the Kuomintang;;;;;;;;;;;;;
EVTNAME131741;$FROMCOUNTRY$ Joins the Kuomintang;;;;;;;;;;;;;
EVTNAME131742;The War of Reunification;;;;;;;;;;;;;
EVTNAME131743;War with $FROMCOUNTRY$!;;;;;;;;;;;;;
EVTNAME131745;Chinese Reunification;;;;;;;;;;;;;
EVTNAME131746;The Island of Formosa;;;;;;;;;;;;;
EVTNAME1316089;The $FROMCOUNTRY_ADJ$ Victory;;;;;;;;;;;;;
EVTNAME1316090;The Treaty of Shimonoseki;;;;;;;;;;;;;
EVTNAME1316091;The Unequal Treaty;;;;;;;;;;;;;
EVTNAME1316092;The Unequal Treaty;;;;;;;;;;;;;
EVTNAME152009874;The Destruction of the Eiffel Tower;;;;;;;;;;;;;
EVT152009874OPTA;A dark day for $COUNTRY$.;;;;;;;;;;;;;
EVTNAME152009875;The Fall of the Palace of Westminster;;;;;;;;;;;;;
EVT36967OPTB;Declare war now! §RGain 1 infamy§W;;;;;;;;;;;;;
EVTNAME1000;Socialists;;;;;;;;;;;;;
EVTNAME1001;The First International;;;;;;;;;;;;;
EVTNAME1002;Radicals;;;;;;;;;;;;;
EVTDESC1002;'Instead_of_the_state_controlling_the_law_enforcement,_the_courts_and_the_national_defense,_the_different_law_systems_should_be_provided_by_voluntarily-founded_private_competitors._Money_should_be_privately_and_competitively_provided_in_an_open_market_and_personal_and_economic_activities_should_be_regulated_by_the_natural_laws_of_the_market_and_through_private_law_rather_than_through_politics.'\n\n_A_group_of_liberals_disgruntled_with_their_lack_of_economic_freedom,_and_the_pace_of_parliamentary_reform,_have_formed_a_new_faction_in_$COUNTRY_ADJ$_politics._The_Radicals_are_the_revolutionary_avantgarde_of_the_liberal_ideology,_and_they_will_not_hesitate_to_use_whatever_means_necessary_to_see_their_ideas_of_freedom_and_free_trade_instituted_both_in_$COUNTRY$_and_abroad.;;;;;;;;;;;;;
EVTNAME32537;The Rise of Mysticism;;;;;;;;;;;;;
EVT32537OPTA;Imaginary things can't hurt the nation.;;;;;;;;;;;;;
EVT32537OPTB;Mysticism? In *my* Imperial Russia?;;;;;;;;;;;;;
EVTNAME32538;The Tzar's Son Falls Ill;;;;;;;;;;;;;
EVT32538OPTA;Well, I will be damned.;;;;;;;;;;;;;
EVTNAME32539;Intrigue in the Russian Court;;;;;;;;;;;;;
EVT32539OPTA;What nonsense is this? Rasputin proved to be a good man time and again.;;;;;;;;;;;;;
EVT32539OPTB;Something must be done about him.;;;;;;;;;;;;;
EVTNAME32540;Rasputin's Exile;;;;;;;;;;;;;
EVT32540OPTA;No one will miss him.;;;;;;;;;;;;;
EVTNAME32541;Russia Goes to War;;;;;;;;;;;;;
EVT32541OPTA;The Tzar will lead Russia to glory in the battlefield.;;;;;;;;;;;;;
EVTNAME32542;Rasputin's Telegram;;;;;;;;;;;;;
EVT32542OPTA;...;;;;;;;;;;;;;
EVT32542OPTB;Quick, send orders to protect Rasputin!;;;;;;;;;;;;;
EVTNAME32543;Rasputin's Assassination;;;;;;;;;;;;;
EVT32543OPTA;A gruesome end.;;;;;;;;;;;;;
EVTNAME32544;The Communist Plot;;;;;;;;;;;;;
EVTNAME32545;Attempt on Rasputin's Life;;;;;;;;;;;;;
EVT32545OPTA;At least he will live the rest of his life in peace.;;;;;;;;;;;;;
EVTNAME1003;The Third Way;;;;;;;;;;;;;
EVTNAME900000;The Libyan Question;;;;;;;;;;;;;
EVT900000OPTA;We will send an ultimatum to the Turks.;;;;;;;;;;;;;
EVT900000OPTB;We have no interest in colonial affairs at this time.;;;;;;;;;;;;;
EVTNAME900001;Italians Demand Libya!;;;;;;;;;;;;;
EVT900001OPTA;We will permit Italian influence in Libya while keeping it as a protectorate.;;;;;;;;;;;;;
EVT900001OPTB;This is nonsense. We will not let these fools bully us.;;;;;;;;;;;;;
EVTNAME900002;Turks Suggest a Compromise;;;;;;;;;;;;;
EVT900002OPTA;Fine. We agree.;;;;;;;;;;;;;
EVT900002OPTB;Is this some kind of joke? We demand full control over Libya! §RGain 3 infamy§W;;;;;;;;;;;;;
EVTNAME900005;The Italians Agree to Our Compromise;;;;;;;;;;;;;
EVT900005OPTA;Very well.;;;;;;;;;;;;;
EVTNAME900006;Italians Refuse Deal;;;;;;;;;;;;;
EVT900006OPTA;Allah will grant us victory. To battle!.;;;;;;;;;;;;;
EVT900006OPTB;We concede.;;;;;;;;;;;;;
EVTNAME900007;Turks Refuse!;;;;;;;;;;;;;
EVT900007OPTA;To arms!;;;;;;;;;;;;;
EVT900007OPTB;Bide our time.;;;;;;;;;;;;;
EVTNAME900008;The Turkish Concession;;;;;;;;;;;;;
EVT900008OPTA;Great!;;;;;;;;;;;;;
EVT900008OPTB;Let's take Rhodes too. §RGain 1 infamy§W;;;;;;;;;;;;;
EVTNAME900009;The Treaty of Ouchy;;;;;;;;;;;;;
EVT900109OPTA;Viva Italia!;;;;;;;;;;;;;
EVT900009OPTA;We have no need for Rhodes.;;;;;;;;;;;;;
EVT900009OPTB;The island shall be ours! §RGain 2 infamy§W;;;;;;;;;;;;;
EVTNAME900010;The Ottoman Empire Prevails;;;;;;;;;;;;;
EVT900010OPTA;Allahu Akbar!;;;;;;;;;;;;;
EVTNAME6016819;Demobilizing Westernized Country;;;;;;;;;;;;;
EVTDESC6016819;Demobilizing_Westernized_Country.;;;;;;;;;;;;;
EVT6016819OPTA;Everything will be alright.;;;;;;;;;;;;;
EVTNAME500060;The Grand Campaign.;;;;;;;;;;;;;
EVTDESC500060;Let's_change_a_few_things_that_can't_be_done_outside_events_or_are_easier_to_do_through_here.;;;;;;;;;;;;;
EVTOPT500060A;Done.;;;;;;;;;;;;;
EVTNAME123456;The Russian Civil War;;;;;;;;;;;;;
EVT_8023300_NAME;The $PARTY$ Conference of $YEAR$ ;;;;;;;;;;;;;
EVT_8023300_DESC;While all members of the $COUNTRY_ADJ$ leadership are loyal, some are beginning to stray from traditional communism. For a while, we have purged these revisionist elements, but these new ideas are subtle, and some secretly envy the success of the West. It is time to stop ignoring these ideas and have an earnest discussion about the path $COUNTRY$ is to take to achieve socialism. Broadly, there are three ideas about this: to continue as we have been, to adopt some free market reforms, or to adopt limited democratic elements. We have gathered our people, but be warned: "The democracy of capitalist society is democracy for the rich.";;;;;;;;;;;;;
EVT_8023300_A;This is a time of change;;;;;;;;;;;;;
EVT_8023301_NAME;Cleanup;;;;;;;;;;;;;
EVT_8023301_DESC;There are certain elements among the people who are the sworn enemy of any Marxist state. They are worse than capitalist sympathizers, worse than ethnic nationalists: they are the revisionists, who seek to destroy everything we have so carefully built in for the sake of pushing their own interpretation of socialism. Naturally, this is forbidden in $COUNTRY$. At this crucial point, perhaps it is time to pay them a visit and remind them what being a $COUNTRY_ADJ$ citizen really means?;;;;;;;;;;;;;
EVT_8023301_A;Pay them a visit;;;;;;;;;;;;;
EVT_8023301_B;We cannot turn against our own people!;;;;;;;;;;;;;
EVT_8023302_NAME;Monument Protests;;;;;;;;;;;;;
EVT_8023302_DESC;The figure stood, alone in front of a column of tanks. He had had enough: the nighttime raids, the disappearances, the control of thought and discourse. Undoubtedly necessary measures of state security. Recently, it is true, there had been some...extra measures taken against a new wave of agitators throughout $COUNTRY$. A swift response, more than they deserved. And yet, if this man feels strongly enough in his convictions to stop the tanks, and if so many have gathered in peaceful protest...\n\nThere is no time for idle thought. The police stand ready to put this man away forever. Just give the word.;;;;;;;;;;;;;
EVT_8023302_A;Crack down;;;;;;;;;;;;;
EVT_8023303_NAME;Proposals from Private Investors;;;;;;;;;;;;;
EVT_8023303_DESC;A message we have received recently has completely divided our leadership along ideological lines: a Western corporation wishes to invest in our infrastructure. While we can, of course, direct the investment, it comes with terms one could almost describe as capitalist. Undoubtedly we must build socialism, but how much capitalism can we tolerate if it helps achieve achieve our final result?;;;;;;;;;;;;;
EVT_8023303_A;We will permit some investment under our direction;;;;;;;;;;;;;
EVT_8023303_B;Absolutely not!;;;;;;;;;;;;;
EVT_8023304_NAME;A McCapitalist;;;;;;;;;;;;;
EVT_8023304_DESC;We have received a bizarre request: a multinational fast-food chain has applied to open a branch in $CAPITAL$. Some regard this as the beginning of the end, as multinational corporations are the clearly a new bourgeois imperialism. There is no suitable counter-argument for a true Marxist. Really, it is a laughable proposal.\nA bureaucrat enters the chamber to report that the bread line in $CAPITAL$ has reached record lengths, and has had to lower rations. What's worse, without food, some people are getting strange ideas about our benevolent rule.\nOnce he leaves, the chamber goes quiet. Some officials grimace, others look toward the paintings of our founders on the wall. A moment passes - what were we discussing?;;;;;;;;;;;;;
EVT_8023304_A;Za Gorbacheva!;;;;;;;;;;;;;
EVT_8023304_B;Western spies!;;;;;;;;;;;;;
EVT_8023305_NAME;Luxury Goods Policy;;;;;;;;;;;;;
EVT_8023305_DESC;Recently, some people have begun to openly petition the government for a loosening of restrictions on luxury goods in $COUNTRY$. Whether people just want to eat in restaurants, try out electronics, or simply wear a white suit, they are stirring up trouble and questioning longstanding $COUNTRY_ADJ$ policy.;;;;;;;;;;;;;
EVT_8023305_A;We must change course so we do not sink.;;;;;;;;;;;;;
EVT_8023305_B;Bourgeois distractions!;;;;;;;;;;;;;
EVT_8023306_NAME;Party Member Requests Religious Funeral;;;;;;;;;;;;;
EVT_8023306_DESC;A Party member of some importance has died recently. His family was closely tied to the Revolution, and we were planning the standard mourning events in his home town, but it seems he has put something unusual in his will. We almost missed it among the usual devotions to the party, but it is there: he has clearly requested a funeral in the traditions of his ancestral religion. While the people, and even low-level party members, do this frequently, a practice to which we have turned a blind eye, the funeral of a man such as this, who has monuments in his family's honor, will make waves among the people.;;;;;;;;;;;;;
EVT_8023306_A;What's the harm? Anything for a hero of the Revolution.;;;;;;;;;;;;;
EVT_8023306_B;Senile fool! Religion is the opiate of the masses. No funeral.;;;;;;;;;;;;;
EVTNAME45108;$FROMCOUNTRY_ADJ$ Intervention in $COUNTRY$;;;;;;;;;;;;;
EVTDESC45108;After_refusing_to_pay_our_debt_to_the_$FROMCOUNTRY$,_a_bloody_war_ensued._Now,_as_the_result_of_our_latest_defeat,_the_$FROMCOUNTRY$_sent_a_squadron_to_enforce_their_will_and_collect_the_$COUNTRY_ADJ$_debt.;;;;;;;;;;;;;
EVT45108OPTA;We have no other option but to pay.;;;;;;;;;;;;;
EVTNAME45107;Haiti Fails to Honor its Debts;;;;;;;;;;;;;
EVT45107OPTA;We will take what is owed to us. §RDeclare war on Haiti§W;;;;;;;;;;;;;
EVT45107OPTB;To safeguard French assets, the Haitian government must be controlled. §RGain 5 infamy§W;;;;;;;;;;;;;
EVT45107OPTC;Clearly, the Haitians are not fit to rule themselves. §RGain 8 infamy§W;;;;;;;;;;;;;
EVT45107OPTD;They are not worth our time. §GLose 2 infamy§W;;;;;;;;;;;;;
EVTNAME45106342;Haiti's Debts to France;;;;;;;;;;;;;
EVTNAME45106343;France Removes All Debt;;;;;;;;;;;;;
EVTNAME45106344;France Asks Us to Pay 100,000¤;;;;;;;;;;;;;
EVT45106344OPTA;We must honor our agreements. §R(Pay or owe 100,000¤ over 10 years)§W;;;;;;;;;;;;;
EVT45106344OPTB;We owe nothing to the French.;;;;;;;;;;;;;
EVTNAME45106345;France Asks Us to Pay 200,000¤;;;;;;;;;;;;;
EVT45106345OPTA;We must honor our agreements. §R(Pay or owe 200,000¤ over 20 years)§W;;;;;;;;;;;;;
EVT45106345OPTB;We owe nothing to the French.;;;;;;;;;;;;;
EVTNAME45106346;France Asks Us to Pay 300,000¤;;;;;;;;;;;;;
EVT45106346OPTA;We must honor our agreements. §R(Pay or owe 300,000¤ over 30 years)§W;;;;;;;;;;;;;
EVT45106346OPTB;We owe nothing to the French.;;;;;;;;;;;;;
EVTNAME45106347;France Asks Us to Pay 600,000¤;;;;;;;;;;;;;
EVT45106347OPTA;We must honor our agreements. §R(Pay or owe 600,000¤ over 30 years)§W;;;;;;;;;;;;;
EVT45106347OPTB;We owe nothing to the French.;;;;;;;;;;;;;
EVTDESC45106;\n\nHaiti's_legacy_of_debt_began_shortly_after_gaining_independence_from_France_in_1804._In_1825,_France,_with_warships_at_the_ready,_demanded_Haiti_compensate_France_for_its_loss_of_slaves_and_its_slave_colony._In_exchange_for_French_recognition_of_Haiti_as_a_sovereign_republic,_France_demanded_payment_of_150_million_francs._In_addition_to_the_payment,_France_required_that_Haiti_discount_its_exported_goods_to_them_by_50%._In_$YEAR$,_France_agreed_to_reduce_the_debt_to_90_million_francs_to_be_paid_over_a_period_of_30_years_to_compensate_former_plantation_owners_who_had_lost_their_property._This_is_the_best_deal_we_can_get,_and_refusing_to_honor_our_debt_will_likely_result_in_French_intervention.;;;;;;;;;;;;;
EVT45106OPTA;We must honor our agreements. §R(Pay or owe 300,000¤ over 30 years)§W;;;;;;;;;;;;;
EVT45106OPTB;We owe nothing to the French.;;;;;;;;;;;;;
SUS_LANGUAGE;The Greater Finnish language debate;;;;;;;;;;;;;
SUS_LANGUAGE_DESC;Now that we have formed the first sovereign Uralic country in hundreds of years, the Finnish people are fiercely debating how we're gonna treat the other non-Finnish Uralic people. My question to you, mr. president is this: Does Suur-Suomi represent Uralic unity or Finnish irredentism?;;;;;;;;;;;;;
SUS_MULTILINGUAL;All Uralic people are our brothers!;;;;;;;;;;;;;
SUS_MONOLINGUAL;The Finnish language is more important!;;;;;;;;;;;;;
SCANDINAVIA_WAR_NOR_TITLE;The War of Scandinavia!;;;;;;;;;;;;;
SCANDINAVIA_PEACE_DEAL_SWE_TITLE;Sweden is once again the hegemon of Scandinavia!;;;;;;;;;;;;;
SCANDINAVIA_PEACE_DEAL_NOR_TITLE;Norway and Denmark won the War of Scandinavia!;;;;;;;;;;;;;
SCANDINAVIA_PEACE_DEAL_DEN_TITLE;Denmark and Norway won the War of Scandinavia!;;;;;;;;;;;;;
SWE_FINNISH_LANGUAGE_TITLE;The Norwegians;;;;;;;;;;;;;
SWE_WISMAR_1903_TITLE;Mecklenburg's loan on Wismar has defaulted!;;;;;;;;;;;;;
GER_WISMAR_1903_TITLE;Sweden is demanding back Wismar!;;;;;;;;;;;;;
SWE_WISMAR_RESPONSE_TITLE;German response!;;;;;;;;;;;;;
FRANCE_DEMANDS_BECHAR_TITLE;The Béchar Conflict;;;;;;;;;;;;;
FRANCE_DEMANDS_BECHAR_DESC;\n\nBéchar has become a destination for many fleeing Algerian rebels. Abd al-Qadir's army has fled there to launch guerrilla attacks across the Moroccan border with impunity. We must act and demand that the Moroccans hand over Béchar to us so that we may combat the Algerians.;;;;;;;;;;;;;
MOR_RESPONDS_FRA_TITLE;$FROMCOUNTRY$ demands Béchar!;;;;;;;;;;;;;
MOR_RESPONDS_FRA_DESC;\n\n$FROMCOUNTRY$ is demanding one our far-flung holdings in the Sahara, as the $FROMCOUNTRY_ADJ$ accuse us of harboring the Algerian resistance under Abd al-Qadir they're suppressing. Of course they're wrong, but we're powerless to convince them of this now. What do we do, my sultan?;;;;;;;;;;;;;
FRA_RESPONDS_MOR_TITLE;The Moroccans refuse!;;;;;;;;;;;;;
FRA_RESPONDS_MOR_DESC;\n\nThe Moroccans refuse to leave Béchar to us. They're forcing us to be aggressive!;;;;;;;;;;;;;
MOR_SUPPORT_ALD_TITLE;The Algerian Struggle;;;;;;;;;;;;;
EVTNAME97094;Samuel Lafone and the Camp;;;;;;;;;;;;;
EVTOPT97094A;Excellent!;;;;;;;;;;;;;
EVTNAME97093;A $COUNTRY_ADJ$ Research Station in South Georgia!;;;;;;;;;;;;;
EVTOPT97093A;Glory to the scientific progress of our nation!;;;;;;;;;;;;;
EVTNAME97092;Johann "Juan" Gödeken's colonies;;;;;;;;;;;;;
EVTOPT97092A;This is not needed, we shall not interfere.;;;;;;;;;;;;;
EVTOPT97092B;A great initiative! Send as much help as we can! §R(Pay or owe 120,000¤)§W.;;;;;;;;;;;;;
ARGCENTENNIAL;$COUNTRY$'s 100 Year Anniversary;;;;;;;;;;;;;
MENDOZAREBUILT;The Reconstruction of Mendoza;;;;;;;;;;;;;
EVTNAME899089;Formation of the Shishi;;;;;;;;;;;;;
EVT899089OPTA;Whatever it takes to set Japan on the right path.;;;;;;;;;;;;;
EVTNAME899090;Formation of the Shishi;;;;;;;;;;;;;
EVT899090OPTA;The unrest grows worse each day.;;;;;;;;;;;;;
EVTNAME899091;The Ikedaya Incident;;;;;;;;;;;;;
EVTDESC899091;\n\nResentment_of_the_Shogun's_weak_policy_against_the_foreign_powers_continues_to_fester_among_samurai_from_other_domains._The_prominent_group_of_discontent_ronin_known_as_the_Shishi_has_plotted_violence_in_Kyoto_in_order_to_promote_the_cause_of_the_Emperor's_restoration_to_power._Last_night,_they_convened_at_the_Ikedaya_inn_in_Kyoto,_where_they_were_ambushed_by_the_Shinsengumi._The_ensuing_confrontation_saw_the_two_groups_in_intense_battle_within_the_inn._Reinforcements_from_the_Shinsengumi_ensured_their_victory._The_battle,_however,_has_contributed_even_more_to_growing_calls_for_Imperial_restoration.;;;;;;;;;;;;;
EVT899091OPTA;The Shogunate shall reap what they sow.;;;;;;;;;;;;;
EVTNAME899092;The Ikedaya Incident;;;;;;;;;;;;;
EVT899092OPTA;We will crush all opposition.;;;;;;;;;;;;;
EVTNAME899093;The Ikedaya Incident;;;;;;;;;;;;;
EVT899093OPTA;Civil war is coming soon.;;;;;;;;;;;;;
EVTNAME899094;The State of the Modern Shogunate;;;;;;;;;;;;;
EVT899094OPTA;Let us rejoice, though, that Japan is stronger than ever before.;;;;;;;;;;;;;
EVTNAME899095;The Assassination of Sakuma Shozan;;;;;;;;;;;;;
EVT899095OPTA;May the heavens grant him eternal rest.;;;;;;;;;;;;;
EVTNAME7749112;Resistance to New Japanese regime;;;;;;;;;
EVT7749112OPTA;They will get used to us, eventually.;;;;;;;;;
EVTNAME7749113;Resistance to the New Japanese Regime Dies Down;;;;;;;;;
EVT7749113OPTA;We knew they would come to their senses.;;;;;;;;;
EVTNAME666605;$FROMCOUNTRY$ Launches Invasion of Manchuria;;;;;;;;;;;;;
EVTNAME743340;Bloody Sunday;;;;;;;;;;;;;
EVTNAME743341;Grand Duke Sergei Alexandrovich Assassinated;;;;;;;;;;;;;
EVTNAME743342;The Lódz Insurrection;;;;;;;;;;;;;
EVTNAME7749114;The Council of Elders' First Session;;;;;;;;;;;;;
EVTNAME7749116;Kiri-sute Gomen;;;;;;;;;;;;;
EVTNAME756224;Japonisme;;;;;;;;;;;;;
EVTNAME756225;The Shinsengumi Turn against the Shogun;;;;;;;;;;;;;
EVTNAME756226;The Shinsengumi Rebellion;;;;;;;;;;;;
EVTNAME756227;The Shinsengumi's Demands;;;;;;;;;;;;
EVTNAME756228;The End of the Shinsengumi Rebellion;;;;;;;;;;;;
EVTNAME743343;The $YEAR$ Russian Constitution;;;;;;;;;;;;;
EVTNAME743344;The Moscow Uprising;;;;;;;;;;;;;
EVTNAME743345;The Nizhni Novgorod Uprising;;;;;;;;;;;;;
EVTNAME743346;The Rostov Uprising;;;;;;;;;;;;;
EVTNAME743347;Uprisings Engulf Ukraine;;;;;;;;;;;;;
EVTNAME743348;The Stary Buyan Republic;;;;;;;;;;;;;
EVTNAME743349;The Krasnoyarsk Republic;;;;;;;;;;;;;
-EVTNAME743350;The Sochi Republic;;;;;;;;;;;;;
EVTNAME743351;The Latvian Uprising;;;;;;;;;;;;;
EVTNAME7433532;The Mutiny of the Battleship Potemkin;;;;;;;;;;;;;
EVTNAME7433533;Battleship Potemkin's Crew Takes Refuge in Constanta;;;;;;;;;;;;;
EVTNAME7433534;Battleship Potemkin's Crew Takes Refuge in Constanta;;;;;;;;;;;;;
EVTNAME7433535;The Potemkin's Crew has been Repatriated;;;;;;;;;;;;;
EVTNAME7433536;The Potemkin's Crew has been Repatriated;;;;;;;;;;;;;
EVTDESC7433536;\n\nOur_military_action_in_order_forcibly_repatriate_the_Potemkin's_crew_was_successful._The_mutineers_will_be_summarily_prosecuted,_and_the_Potemkin_will_go_back_into_service_under_a_new_crew.;;;;;;;;;;;;;
EVTNAME7433537;The Potemkin Shells Odessa;;;;;;;;;;;;;
EVTNAME756229;Japanese Warship Visits Manila;;;;;;;;;;;;;
EVTNAME756230;The Japanese-Philippine Alliance;;;;;;;;;;;;;
EVTDESC756231;\n\nSpanish_officials_have_responded_to_our_alliance_with_the_Katipunan_with_a_warning_that_war_would_break_out_immediately_should_we_not_retract_our_alliance._We_have_no_intention_of_doing_so._It_is_time_for_Japan_for_strike_at_one_of_its_Western_rivals_and_come_out_on_top.;;;;;;;;;;;;;
EVTDESC756232;\n\nVictory_over_Spain_yields_us_plenty_of_options_to_make_demands_from_them._We_initially_declared_our_alliance_with_the_Katipunan_intending_to_fight_for_Asian_sovereignty._However,_our_geopolitical_interests_in_southeast_Asia_make_it_tempting_to_assume_control_over_the_Philippines_ourselves,_betraying_that_alliance._One_thing_is_clear,_though:_Spain_can_no_longer_have_a_foothold_in_the_Pacific._We_will_need_to_seize_their_islands_in_Micronesia_to_create_a_buffer_around_the_Philippines._\n\nNote:_If_Spain_does_not_own_Palau,_Saipan,_Guam,_or_any_other_Pacific_islands,_they_will_not_be_ceded.;;;;;;;;;;;;;
EVTDESC756233;\n\nJapan_demands_that_the_Philippines_be_freed_from_our_rule,_and_that_our_surrounding_Pacific_possessions_be_ceded_to_Japanese_control.;;;;;;;;;;;;;
EVTDESC756234;\n\nJapan_demands_that_the_Philippines_be_freed_from_our_rule_and_be_placed_under_their_appointed_puppet_government._Furthermore,_all_our_Pacific_island_territories_surrounding_the_Philippines_will_be_ceded_to_Japan.;;;;;;;;;;;;;
EVTDESC756235;\n\nJapan_has_performed_a_dramatic_turnaround_in_their_policy_regarding_the_Philippines._Betraying_their_alliance_with_the_Katipunan_to_fight_for_the_colony's_independence,_they_demand_that_the_Philippines_and_all_other_Spanish-held_Pacific_islands_be_annexed.;;;;;;;;;;;;;
EVTDESC756236;\n\nConsidering_the_disgraceful_aggression_Japan_has_displayed_toward_us,_we_have_drafted_a_harsh_but_fair_set_of_demands._They_will_pay_us_£200,000_in_reparations_and_cede_to_us_all_outlying_islands_within_their_realm--including_ones_close_to_their_major_population_centers._We_will_take_the_Ryukyus,_Tsushima,_and_Sado.;;;;;;;;;;;;;
EVTDESC756237;\n\nAfter_their_victory_over_us,_Spain_demands_our_total_withdrawal_of_diplomatic_relations_with_the_native_Philippine_people,_and_that_all_our_outlying_island_territories_be_ceded_to_them._This_includes_the_small_islands_closest_to_our_largest_regions,_including_the_Ryukyu_islands,_Tsushima,_and_Sado.;;;;;;;;;;;;;
EVTNAME756238;The Caribbean Revolution;;;;;;;;;;;;;
EVTNAME756239;Aftermath of Revolutionaries' Defeat in the Caribbean Revolution;;;;;;;;;;;;;
EVTNAME756240;Korea Revolts after Japanese Loss to Spain;;;;;;;;;;;;;
EVTNAME756241;Shall we Intervene in Korea?;;;;;;;;;;;;;
EVTNAME756242;Russia aids Korea;;;;;;;;;;;;;
EVTNAME756243;Shall we Intervene in the Caribbean?;;;;;;;;;;;;;
EVTNAME756244;What Shall we Demand from Spain?;;;;;;;;;;;;;
EVTNAME756245;Filipinos Respond to the Japanese's Betrayal;;;;;;;;;;;;;
EVTNAME756246;Cubans and Puerto Ricans Respond to the Americans' Betrayal;;;;;;;;;;;;;
EVTNAME756247;The Americans Submit their Demands;;;;;;;;;;;;;
EVTNAME756248;The Americans Submit their Demands;;;;;;;;;;;;;
EVTNAME756249;The Americans Submit their Demands;;;;;;;;;;;;;
EVTNAME756250;The Americans Submit their Demands;;;;;;;;;;;;;
EVTDESC756250;The_victorious_United_States_have_sent_their_demands:_total_annexation_of_Cuba_and_Puerto_Rico._We_will_be_deprived_of_our_foothold_in_the_Caribbean_entirely.;;;;;;;;;;;;;
EVTNAME756251;Aftermath of the Korean Defeat;;;;;;;;;;;;;
EVTNAME756252;The United States Intervene in the Caribbean Revolution;;;;;;;;;;;;;
EVTNAME756253;Answering the "Imperial Question";;;;;;;;;;;;;
EVTNAME756254;A New Status Quo;;;;;;;;;;;;;
EVTNAME756255;The Japanese Dual Monarchy;;;;;;;;;;;;;
EVTNAME756256;Emperor Returned to Ceremonial Role;;;;;;;;;;;;;
EVTNAME756257;The New Imperialists;;;;;;;;;;;;;
AGRESSION_WAR_CONQUEST_ANY_NAME_AUS_BOH;Prague Uprising of 1848;;;;;;;;;;;;;
NORMAL_WAR_CONQUEST_ANY_NAME_AUS_BOH;Prague Uprising of 1848;;;;;;;;;;;;;
abdulaziz_expeditioneur_title;Sultan Abdülaziz's Journey to Europe;;;;;;;;;;;;;
abdulaziz_expeditioneur_desc;Ottoman sultans have never traveled to Eastern or Western countries except for campaigns, and only a few have traveled around the empire. Moreover, it is exceptional for Ottoman sultans to go on pilgrimage. Our Sultan, Abdülaziz, has never been in foreign lands. However, due to recent events, our Sultan has decided to break the “Darü’l- Harp” (Abode of War), and travel to Europe for diplomatic reasons. The journey has been thoroughly discussed in the palace, and finally a solution has been found. Special compartments built under sultan’s shoes will be filled with earth so that Sultan Abdülaziz would not step on foreign lands in the countries he visited.;;;;;;;;;;;;;
EVTNAME30092;The First Aliyah;;;;;;;;;;;;;
EVTNAME30093;The First Zionist Congress;;;;;;;;;;;;;
EVTNAME30094;The Rise of Palestinian Nationalism;;;;;;;;;;;;;
EVTNAME30094;The Rise of Palestinian Arab Nationalism;;;;;;;;;;;;;
EVTNAME30095;The Nebi Musa Riots;;;;;;;;;;;;;
EVTNAME30096;The Establishment of the Kibbutzim;;;;;;;;;;;;;
EVTNAME30097;The $YEAR$ Riots;;;;;;;;;;;;;
lux_constitution_1848_title;The $YEAR$ Luxembourg Constitution;;;;;;;;;;;;;
lux_constitution_1848_desc;After a deadly Revolution, we have been forced to write a new constitution. It has been written in a very liberal spirit. It establishes a balance of legislative and executive powers in that it conferres an important place on the Chamber of Deputies as a legislative body and as a body of control of the executive power. In addition, it proclaimes fundamental rights and freedoms, such as equality before the law, freedom of opinion and freedom of the press. With the demands of the Revolution fulfilled, our country can be in peace.;;;;;;;;;;;;;
lux_coup_1856_title;The $YEAR$ Luxembourg Coup;;;;;;;;;;;;;
lux_coup_1856_desc;In a speech from the throne, the Governor of Luxembourg, Prince Henry, announced the amendment of the constitution, which he claimed was required to bring it into line with the rest of the German Confederation. Our constitution is too liberal, and it has to be reverted. The liberals in the Chamber are outraged, and demand that any changes respect the freedoms won in the Revolutions of 1848 and the independence of Luxembourg from the Netherlands, which was in a personal union with Luxembourg. We could ignore the liberals' opinion, which don't have much power in the chamber, and revert it anyway. That could provoke a new Revolution though.;;;;;;;;;;;;;
AGRESSION_WAR_CONQUEST_ANY_NAME_ITA_SYC;The Seven and a Half Days Revolt;;;;;;;;;;;;;
NORMAL_WAR_CONQUEST_ANY_NAME_ITA_SYC;The Seven and a Half Days Revolt;;;;;;;;;;;;;
EVTDESC31746;Queen_Isabella_today_narrowly_survived_an_attempt_on_her_life_by_a_rogue_priest._While_she_was_attending_a_mass_of_thanks_for_the_safe_delivery_of_her_child,_the_priest_and_liberal_agitator_Martín_Merino_y_Gómez_waited_for_her_as_if_intending_to_deliver_her_a_message,_then_tried_to_stab_her_to_death._The_knife,_thankfully,_caught_on_the_stays_of_Isabella's_dress,_saving_her_from_a_fatal_wound._Merino_was_arrested_on_the_spot_and_imprisoned_to_be_executed_later._Our_liberal_and_anti-monarchist_populations_have_clearly_grown_out_of_control.;;;;;;;;;;;;;
AGRESSION_WAR_CONQUEST_ANY_NAME_ENG_BSH;The Basuto Gun War;;;;;;;;;;;;;
NORMAL_WAR_CONQUEST_ANY_NAME_ENG_BSH;The Basuto Gun War;;;;;;;;;;;;;
EVTDESC38507;\n\nAustralian_pearls_were_first_gathered_by_Aboriginals,_soon_attracting_the_interest_of_colonists._Now,_in_$PROVINCENAME$,_they_have_begun_a_full_pearling_industry_using_Aboriginals_as_forced_labor._Their_job_is_perilous_and_many_die_of_shark_attacks,_storms,_disease,_maltreatment_and_the_bends._Still,_the_pearling_business_is_immensely_profitable:_A_virtual_gold_rush_has_begun,_with_colonists_from_all_over_swarming_to_$PROVINCENAME$_to_get_in_on_the_pearl_business.;;;;;;;;;;;;;
EVTNAME31001;$FROM$ Grants Us our Freedom!;;;;;;;;;;;;;
EVTNAME31002;Our Independence Has Not Been Granted;;;;;;;;;;;;;
EVTDESC31008;Under_heavy_Zionist_lobbying,_our_overlord_has_declared_that_a_future_Jewish_state_shall_be_created_within_our_borders._However,_since_we_still_have_control_over_the_expropriation_of_our_own_territory,_it_rests_on_us_to_officially_say_the_words_when_this_Jewish_state_will_be_established.;;;;;;;;;;;;;
FISHINGMARCHIQUITA;\n\nFollowing the boom around the southern coast of Mar Chiquita, there have been talks of encouraging the small but growing fishing industry around the Miramar area. Although it could be beneficial, this also could end catastrophically and plunge the region into poverty if not handled correctly. Instead, a safer choice could be made: funding the Quebracho tree lumber industry on the lake's islands and coast.;;;;;;;;;;;;;
agricultural_colonies;Agricultural Colonies;;;;;;;;;;;;;
FREEDOMNOWTITLE;Indians Demand Our Withdrawal;;;;;;;;;;;;;
EVT4813525OPTA;Frankfurt, the seat of the old German Confederation.;;;;;;;;;;;;;
EVT4813525OPTB;Aachen, the beautiful and historical capital of Charlemagne.;;;;;;;;;;;;;
EVT4813525OPTC;Leipzig, a symbol of German unity and the site of the Battle of the Nations.;;;;;;;;;;;;;
EVT4813525OPTD;Berlin, an intellectual powerhouse, and the former capital of Prussia.;;;;;;;;;;;;;
EVT4813525OPTE;Vienna, our current capital and the power base of the our great dynasty.;;;;;;;;;;;;;
EVTDESC9899815;\n\nAfter_our_victory_in_the_Austro-Prussian_war,_several_Great_Powers_were_alarmed_after_our_severe_peace_deal_against_the_Prussians_and_started_to_make_plans_to_organize_a_coalition_against_us,_however,_the_British_decided_to_solve_this_problem_by_organizing_a_meeting_in_London_which_several_European_Powers_attended._After_much_debate_over_the_fate_of_Germany_and_Central_Europe,_it_was_agreed_to_force_us_into_a_compromise_that_would_demand_several_concessions_in_Central_and_Eastern_Europe,_including_the_loss_of_all_non-German_territories_in_exchange_for_our_complete_control_over_Germany._Namely,_Western_European_powers_demanded_the_creation_of_a_large_independent_Hungary,_while_Galicia-Londomeria_would_be_handed_over_to_the_Russians_as_an_autonomous_region,_and_predominantly_Italian_territories_would_be_ceded_to_Italy._The_only_loser_in_the_conference_was_France,_whom_the_Great_Powers_denied_any_chance_to_annex_territory_on_the_left_bank_of_the_Rhine,_land_which_France_has_either_once_controlled_or_aspired_to_control_since_Napoleon's_reign.;;;;;;;;;;;;;
EVTDESC9899819;\n\nAfter_the_Prussian_defeat_and_the_expulsion_of_the_Prussians_from_Berlin,_several_Great_Powers_reunited_in_London_to_discuss_about_the_fate_of_Germany_and_Central_Europe._At_the_end_it_was_agreed_that_Austria_must_give_up_its_ethnically_non-German_lands_and_suffer_several_concessions_from_their_neighbors._However,_our_demand_for_everything_on_the_left_bank_of_the_Rhine_was_outrageously_rejected_by_the_other_powers,_leaving_us_with_no_territorial_gains_whatsoever_by_the_conference's_end._But_maybe_we_can_organize_a_lesser_concession_for_the_southern_part_of_the_left_bank_of_the_Rhine,_however,_it_all_depend_on_the_Austrian_response.;;;;;;;;;;;;;
EVTDESC9899820;\n\nFrance_has_demanded_concessions_in_the_Rhine's_southern_east_bank_as_compensation_for_our_victory_against_Prussia._How_should_we_respond?;;;;;;;;;;;;;
EVTDESC7449115;\n\nThe_ascension_of_the_Emperor_to_the_sole_Japanese_sovereign_currently_is_not_taken_lightly_by_China_and_those_under_its_sphere_of_influence._Korea,_for_example,_has_refused_to_recognize_the_use_of_the_word_"Tenno"_to_describe_the_Emperor,_which_implies_ceremonial_superiority_to_the_Korean_King_and_equality_with_his_overlord,_the_Chinese_Emperor._Hawkish_nobles_have_insisted_we_use_this_diplomatic_row_as_an_opportunity_to_send_a_punitive_expedition_to_Korea_and_flex_our_military_might._It_would_provide_jobs_for_unemployed_samurai_and_distract_them_from_their_dissatisfaction_with_the_new_regime._But_is_a_war_over_such_an_easily_reconciled_misunderstanding_worth_it?;;;;;;;;;;;;;_
EVTNAME640000;Hey, Slavs!;;;;;;;;;;;;;
EVTNAME640001;The Slavic Integration;;;;;;;;;;;;;
EVTNAME35405;Reaffirmation of Papal Supremacy;;;;;;;;;;;;;
EVTDESC35405;For_nearly_three_centuries_now,_the_power_of_the_Papacy_has_been_in_steady_decline._Once_the_heart_of_the_Catholic_world,_the_Vatican's_temporal_power_has_been_eroded_time_and_again_by_the_march_of_materialism_and_secularism._With_the_rise_of_the_Papacy_to_a_power_on_the_secular_world_stage,_however,_this_trend_has_begun_to_reverse,_and_the_Catholics_of_Europe_shall_recognize_once_again_the_Papal_prerogative.;;;;;;;;;;;;;
EVTNAME35406;Papal Decree;;;;;;;;;;
EVTDESC35406;The_Papacy_has_convened_an_ecumenical_council,_and_seeks_now_to_either_implement_changes_to,_or_reaffirm,_creeds_of_the_Catholic_church._With_the_current_global_standing_of_the_Papacy,_these_decisions_may_have_ripple_effects_not_only_in_the_lands_of_Italy,_but_across_the_entire_Catholic_world.;;;;;;;;;;;;;
EVTNAME35407;Domestic Decrees;;;;;;;;;;;;;
EVTDESC35407;The_Papacy_is_looking_to_reform_its_internal_operations,_and_pass_one_of_a_variety_of_papal_bulls_to_utilize_its_ecclesiastical_power_to_the_state's_benefit.;;;;;;;;;;;;;
EVTNAME35408;International Decrees;;;;;;;;;;;;;
EVTDESC35408;The_Papacy_is_looking_to_enact_foreign_decrees,_and_pass_one_of_a_variety_of_papal_bulls_in_order_to_expand_its_influence_globally.;;;;;;;;;;;;;;
EVTNAME35409;The Papacy offers a Concordat;;;;;;;;;;;;;
EVTDESC35409;The_Papacy_is_looking_to_expand_Catholic_schooling_in_our_nation,_and_in_turn_provide_a_large_scale_boost_to_our_ability_to_educate_our_population._This,_however,_may_come_at_the_cost_of_some_control_over_our_own_internal_affairs.;;;;;;;;;;;;;
EVTNAME35410;A...Crusade?;;;;;;;;;;;;;
EVTDESC35410;The_Pope_must_have_clearly_gone_insane._There_is_no_comprehending_this_in_rational_terms._Nevertheless,_the_most_exceptionally_fervent_amongst_our_population_is_very_much_in_favor_of_such_a_matter,_and_may_be_upset_if_we_deny_the_word_of_the_Vicar_of_Christ.;;;;;;;;;;;;;
EVTNAME35411;Rerum Novarum;;;;;;;;;;;;;
EVTDESC35411;Rerum_Novarum,_'of_Revolutionary_Change,'_was_an_encyclical_issued_by_Pope_Leo_XIII_on_the_15th_of_May,_1891._This_paper_is_often_considered_to_be_the_key_founding_document_of_the_economic_ideology_known_as_distributism,_which_disavows_both_unfettered_capitalism_and_totalitarian_socialism_as_proper_methods_of_economics,_instead_favoring_a_small-business,_agrarian_model_of_economics.;;;;;;;;;;;;;
