Key;English;French;German;Polish;Spanish;Italian;Swedish;Czech;Hungarian;Dutch;Portuguese;Russian;Finnish;
ION_radical;Ethnikón Rizospastikón Kómma;;;;;;;;;;;;;
ROM_reactionary;Partidul National Roman;;;;;;;;;;;;;
ROM_reactionary_2;Partidul Nationalist-Democrat;;;;;;;;;;;;;
ROM_reactionary_3;Partidul Poporului;;;;;;;;;;;;;
ROM_conservative;Partidul Conservator;;;;;;;;;;;;;
ROM_conservative_2;Partidul Taranesc;;;;;;;;;;;;;
ROM_conservative_3;Partidul National Taranesc;;;;;;;;;;;;;
ROM_liberal;Fractionistii;;;;;;;;;;;;;
ROM_liberal_2;Partidul National Liberal;;;;;;;;;;;;;
ROM_radical;Partidul din Drepturile Omulu;;;;;;;;;;;;;
ROM_socialist;Partidul Social-Democrat;;;;;;;;;;;;;
ROM_communist;Partidul Comunist;;;;;;;;;;;;;
ROM_fascist;Garda de Fier;;;;;;;;;;;;;
ZBW_dominion;Southern Rhodesia;;;;;;;;;;;;;
ZBW_dominion_ADJ;Rhodesian;;;;;;;;;;;;;
ZBW_liberal_2;Rakasununguka Bato;;;;;;;;;;;;;
ZBW_conservative_2;Bato Zharares;;;;;;;;;;;;;
ZBW_socialist_2;Uchenjerit;;;;;;;;;;;;;
ZBW_reactionary_2;Shoroma Shona;;;;;;;;;;;;;
ZBW_radical_2;Mumambo;;;;;;;;;;;;;
ZBW_liberal;United African National Council;;;;;;;;;;;;;
ZBW_conservative;Zimbabwe United People's Organisation;;;;;;;;;;;;;
ZBW_socialist;Zimbabwe African National Union;;;;;;;;;;;;;
ZBW_reactionary;Patriotic Front;;;;;;;;;;;;;
ZBW_radical;Radical Party of Zimbabwe;;;;;;;;;;;;;
ZBW_communist;Zimbabwe African People's Union;;;;;;;;;;;;;
ZBW_fascist;Fascist Party of Zimbabwe;;;;;;;;;;;;;
CMS_liberal;Democratic Rally of the Comorian People;;;;;;;;;;;;;
CMS_conservative;Comorian Democratic Union;;;;;;;;;;;;;
CMS_socialist;Socialist Party of Comoros;;;;;;;;;;;;;
CMS_reactionary;Comorian Union for Progress;;;;;;;;;;;;;
CMS_radical;Uwezo;;;;;;;;;;;;;
CMS_communist;Democratic Assembly of the Comorian People;;;;;;;;;;;;;
CMS_fascist;Party for National Salvation;;;;;;;;;;;;;
nahua;Mesoamerican Indian;;;;;;;;;;;;;
kreol;Kreol;;;;;;;;;;;;;
EQG_liberal;Progressive Democratic Alliance;;;;;;;;;;;;;
EQG_conservative;Popular Union;;;;;;;;;;;;;
EQG_socialist;Popular Idea;;;;;;;;;;;;;
EQG_reactionary_2;PDGE;;;;;;;;;;;;;
EQG_reactionary;Bubi Union;;;;;;;;;;;;;
EQG_radical;Popular Action;;;;;;;;;;;;;
EQG_communist;United National Workers' Party;;;;;;;;;;;;;
EQG_fascist;Movement of National Union;;;;;;;;;;;;;
POR_fascist;Movimento Nacional-Sindicalista;;;;;;;;;;;;;
IRE_fascist;The Blueshirts;;;;;;;;;;;;;
IRE_communist;Communist Party of Ireland;;;;;;;;;;;;;
IRE_conservative;Irish Conservative Party;;;;;;;;;;;;;
AST_fascist;New Guard;;;;;;;;;;;;;
alaskan;Alyaskan;;;;;;;;;;;;;
USA_conservative_2;Democrats;;;;;;;;;;;;;
USA_conservative_4;Democratic Party;;;;;;;;;;;;;
USA_liberal;Republicans;;;;;;;;;;;;;
USA_liberal_4;Republican Party;;;;;;;;;;;;;
YUG_fascist;ZBOR;;;;;;;;;;;;;
AUS_fascist;Vaterländische Front;;;;;;;;;;;;;
SWI_liberal;Freisinnig-Demokratische Partei;;;;;;;;;;;;;
GCO_communist;Partido Communista;;;;;;;;;;;;;
GCO_fascist;Partido Fascista;;;;;;;;;;;;;
CNG_liberal_2;Alliance of Bakongo;;;;;;;;;;;;;
CNG_conservative_2;Congolese National Movement;;;;;;;;;;;;;
CNG_socialist;African Solidarity Party;;;;;;;;;;;;;
CNG_reactionary_2;Popular Movement of the Revolution;;;;;;;;;;;;;
CNG_radical;Common Front;;;;;;;;;;;;;
CNG_communist;Congolese National Union;;;;;;;;;;;;;
CNG_fascist;Party of National Unity;;;;;;;;;;;;;
scottish;Scottish;;;;;;;;;;;;;
ITA_reactionary;Fazione Monarchica;Restorationiste;Ristorazionista;;Restauracionistas;;;;;;;;;
ITA_conservative;La Destra;;;;;;;;;;;;;
ITA_conservative_2;Partito Liberale Italiano;;;;;;;;;;;;;
ITA_conservative_3;Sinistra Dissidente;;;;;;;;;;;;;
ITA_liberal;La Sinistra;;;;;;;;;;;;;
ITA_liberal_2;Partito Repubblicano Italiano;;;;;;;;;;;;;
ITA_socialist;L'Estrema;;;;;;;;;;;;;
ITA_socialist_2;Partito Socialista Italiano;;;;;;;;;;;;;
ITA_radical;L'Estrema Liberale;;;;;;;;;;;;;
ITA_communist;Partito Comunista d'Italia;;;;;;;;;;;;;
ITA_fascist;Partito Nazionale Fascista;;;;;;;;;;;;;
PGG_reactionary;Jahriyya Menhuan;;;;;;;;;;;;;
PGG_liberal;Gaige Pai Zhenying;;;;;;;;;;;;;
PGG_conservative;Qa'id Jami al-Muslimin;;;;;;;;;;;;;
PGG_radical;Jijin Dang;;;;;;;;;;;;;
PGG_socialist;Shehuidang;;;;;;;;;;;;;
PGG_communist;Gòngchandang;;;;;;;;;;;;;
PGG_fascist;Fàxisi Dang;;;;;;;;;;;;;
UKR_conservative;Ukrainian Democratic Agrarian Party;;;;;;;;;;;;;
UKR_liberal;Ukrainian Democratic Party;;;;;;;;;;;;;
UKR_reactionary;Congress of Landowners;;;;;;;;;;;;;
UKR_radical;Ukrainian Radical Party;;;;;;;;;;;;;
UKR_socialist;Ukrainian Social Democratic Labor Party;;;;;;;;;;;;;
UKR_communist;Ukrainian Communist Party;;;;;;;;;;;;;
UKR_fascist;Organization of Ukrainian Nationalists;;;;;;;;;;;;;
ALB_communist;Partia e Punës e Shqipërisë;;;;;;;;;;;;;
ALB_fascist;Partia Fashiste e Shqipërisë;;;;;;;;;;;;;
ALB_conservative;Lëvizja Legalitetit;;;;;;;;;;;;;
AUS_communist;Kommunistische Partei Österreichs;;;;;;;;;;;;;
BEL_communist;Parti Communiste de Belgique;;;;;;;;;;;;;
BUL_socialist;Balgarska Socialdemokraticheska Partiya;;;;;;;;;;;;;
BUL_socialist_2;Balgarska Rabotnicheska Sotsialdemokraticheska Partiya;;;;;;;;;;;;;
BUL_socialist_3;BRSDP Shiroki Sotsialisti;;;;;;;;;;;;;
BUL_liberal;Balgarski Zemedelski Naroden Sayuz;;;;;;;;;;;;;
BUL_radical;Radoslavists;;;;;;;;;;;;;
BUL_communist;BRSDP Tesni Sotsialisti;;;;;;;;;;;;;
BUL_communist_2;Balgarska Komunisticheska Partiya;;;;;;;;;;;;;
BUL_conservative;Mladoliberalna Partija-Toncevisti;;;;;;;;;;;;;
CAN_socialist;Socialist Party of Canada;;;;;;;;;;;;;
CAN_communist;Communist Party of Canada;;;;;;;;;;;;;
CAN_conservative;Conservative Party of Canada;;;;;;;;;;;;;
CAN_reactionary;Tories;;;;;;;;;;;;;
CAN_liberal_1;Red Party;;;;;;;;;;;;;
CAN_liberal_2;Liberal Party of Canada;;;;;;;;;;;;;
DAI_communist;Viet Nam Cong san Ðang;;;;;;;;;;;;;
ENG_communist;Communist Party of Great Britain;;;;;;;;;;;;;
ENG_conservative;Tory Party;;;;;;;;;;;;;
ENG_reactionary;High Tories;;;;;;;;;;;;;
FIN_fascist;Isänmaallinen kansanliike;;;;;;;;;;;;;
MEX_socialist;Partido Laborista Mexicano;;;;;;;;;;;;;
MEX_communist;Partido Socialista Obrero;;;;;;;;;;;;;
MEX_fascist;Unión Nacional Sinarquista;;;;;;;;;;;;;
HOL_conservative_2;Anti-Revolutionaire Partij;;;;;;;;;;;;;
HOL_socialist_1;Sociaal-Democratische Vereeniging;;;;;;;;;;;;;
HOL_socialist_2;Sociaal-Democratische Bond;;;;;;;;;;;;;
HOL_socialist_3;Sociaal Democratische Arbeiders Partij;;;;;;;;;;;;;
HOL_fascist;Nationaal-Socialistische Beweging;;;;;;;;;;;;;
HOL_reactionary;Ultraconservatieven;;;;;;;;;;;;;
POR_socialist;Partido Socialista Português;;;;;;;;;;;;;
POR_communist;Partido Comunista Português;;;;;;;;;;;;;
RUS_fascist;All-Russian Fascist Party;;;;;;;;;;;;;
SER_reactionary;Nacionalna Stranka;;;;;;;;;;;;;
SER_communist;Srpska Socijaldemokratska Partija;;;;;;;;;;;;;
SER_fascist;Narodna Odbrana;;;;;;;;;;;;;
SER_conservative;Ustavobranitelji;;;;;;;;;;;;;
SER_conservative_2;Konzervativna Stranka;;;;;;;;;;;;;
SER_conservative_3;Srpska Napredna Stranka;;;;;;;;;;;;;
SER_socialist;Samostalna Radikalna Stranka;;;;;;;;;;;;;
SER_liberal;Liberalna Stranka;;;;;;;;;;;;;
SER_liberal_2;Narodna Radikalna Stranka;;;;;;;;;;;;;
SER_radical;Anarho-Liberalno Stranka;;;;;;;;;;;;;
GRE_communist;Kommounistikó Kómma Elládas;;;;;;;;;;;;;
GRE_socialist;Sosialistikó Kómma Elládas;;;;;;;;;;;;;
GRE_fascist;Ethniki Enosis Ellados;;;;;;;;;;;;;
GRE_radical;Ethnikón Rizospastikón Kómma;;;;;;;;;;;;;
GRE_reactionary;Kómma ton Napaíon;;;;;;;;;;;;;
GRE_conservative;Syntagmatikó Kómma;;;;;;;;;;;;;
GRE_conservative_2;Kómma Ethnikófronon;;;;;;;;;;;;;
GRE_liberal;Ethnikó Kómma;;;;;;;;;;;;;
GRE_liberal_2;Neoteristikón Kómma;;;;;;;;;;;;;
USA_socialist;Workingmen's Party;;;;;;;;;;;;;
USA_communist;Communist Party USA;;;;;;;;;;;;;
USA_fascist;Silver Legion of America;;;;;;;;;;;;;
YUG_reactionary;Jugoslovenska Nacionalna Stranka;;;;;;;;;;;;;
YUG_liberal;Samostalna Demokratska Stranka;;;;;;;;;;;;;
YUG_radical;Narodna Radikalna Stranka;;;;;;;;;;;;;
YUG_communist;Komunisticka Partija Jugoslavije;;;;;;;;;;;;;
YUG_socialist;Socijalisticka Radnicka Partija Jugoslavije;;;;;;;;;;;;x ;
YUG_conservative;Jugoslovanska Demokratska Stranka;;;;;;;;;;;;;
NMB_liberal;Republican Party;;;;;;;;;;;;;
NMB_conservative;NUDO;;;;;;;;;;;;;
NMB_socialist;SWANU;;;;;;;;;;;;;
NMB_reactionary;NAPDO;;;;;;;;;;;;;
NMB_radical;Economic Freedom Fighters;;;;;;;;;;;;;
NMB_communist;SWAPO;;;;;;;;;;;;;
NMB_fascist;Patriotic Union Movement;;;;;;;;;;;;;
FRO_liberal;Sjálvstýrisflokkurin;;;;;;;;;;;;;
FRO_conservative;Sambandsflokkurin;;;;;;;;;;;;;
FRO_reactionary;Hin Føroyski Flokkurin;;;;;;;;;;;;;
FRO_socialist;Javnaðarflokkurin;;;;;;;;;;;;;
FRO_radical;Vinnuflokkurin;;;;;;;;;;;;;
FRO_communist;Kommunistiski Flokkur Føroya;;;;;;;;;;;;;
FRO_fascist;Loysingarflokkurin;;;;;;;;;;;;;
UBD_fascist;Baltic Fascist Union;;;;;;;;;;;;;
UBD_communist;Baltic Communist Party;;;;;;;;;;;;;
UBD_socialist;Union of Baltic Workers and Socialists;;;;;;;;;;;;;
UBD_socialist_2;Baltic Labor Party;;;;;;;;;;;;;
UBD_radicals;Radical Party;;;;;;;;;;;;;
UBD_liberal_2;The All-Baltic Landtag;;;;;;;;;;;;;
UBD_liberal;Progressive Union;;;;;;;;;;;;;
UBD_conservative_2;Union of Landowners and Farmers;;;;;;;;;;;;;
UBD_reactionary;Royalist Faction;;;;;;;;;;;;;
UBD_conservative;German Landtag;;;;;;;;;;;;;
EST_fascist;Vabadussõjalased;;;;;;;;;;;;;
EST_communist;Eestimaa Kommunistlik Partei;;;;;;;;;;;;;
EST_socialist;Eesti Sotsialistlik Tööliste Partei;;;;;;;;;;;;;
EST_socialist_2;Eesti Tööerakond;;;;;;;;;;;;;
EST_radical;Radikaal-Demokraatlik Erakond;;;;;;;;;;;;;
EST_liberal;Asunikkude Partei;;;;;;;;;;;;;
EST_conservative;Põllumeeste Kogud;;;;;;;;;;;;;
EST_conservative_2;Kristlik Rahvaerakond;;;;;;;;;;;;;
EST_reactionary;Eesti Rojalistlik Partei;;;;;;;;;;;;;
EST_reactionary_2;Isamaaliit;;;;;;;;;;;;;
LIV_fascist;Perkonkrusts;;;;;;;;;;;;;
LIV_communist;Latvijas Komunistiska Partija;;;;;;;;;;;;;
LIV_socialist_2;Mazinieki;;;;;;;;;;;;;
LIV_socialist;LSDSP;;;;;;;;;;;;;
LIV_radical;Latvijas Radikaldemokratu Partija;;;;;;;;;;;;;
LIV_liberal_2;Blodnieka Partija;;;;;;;;;;;;;
LIV_liberal;Demokratiskais Centrs;;;;;;;;;;;;;
LIV_conservative_2;Kristigo Zemnieku un Katolu Partija;;;;;;;;;;;;;
LIV_conservative;Latviešu Zemnieku Savieniba;;;;;;;;;;;;;
LIV_reactionary_2;Nacionala Apvieniba;;;;;;;;;;;;;
LIV_reactionary;Rojalistu Partija;;;;;;;;;;;;;
URU_liberal_2;Colorados;;;;;;;;;;;;;
URU_socialist;Partido Socialista;;;;;;;;;;;;;
URU_communist;Partido Comunista;;;;;;;;;;;;;
LIT_reactionary;Monarchizmas Frakcija;;;;;;;;;;;;;
LIT_reactionary_2;Lietuviu Tautininku Sajunga;;;;;;;;;;;;;
LIT_conservative;Lietuvos Darbo Federacija;;;;;;;;;;;;;
LIT_conservative_2;LKDP;;;;;;;;;;;;;
LIT_radical;Tautos Pažangos Partija;;;;;;;;;;;;;
LIT_liberal;Lietuviu Demokratu Partij;;;;;;;;;;;;;
LIT_liberal_2;Lietuvos Valstieciu Liaudininku Sajunga;;;;;;;;;;;;;
LIT_socialist;LSDP;;;;;;;;;;;;;
LIT_communist;Lietuvos Komunistu Partija;;;;;;;;;;;;;
LIT_fascist;Lietuvos Šauliu Sajunga;;;;;;;;;;;;;
BRY_conservative;Royal Faction;;;;;;;;;;;;;
BRY_liberal;The Liberal Faction;;;;;;;;;;;;;
BRY_reactionary;The Nationalist Faction;;;;;;;;;;;;;
BRY_radical;The Radical Faction;;;;;;;;;;;;;
BRY_socialist;The Socialist Faction;;;;;;;;;;;;;
BRY_communist;The Communist Faction;;;;;;;;;;;;;
BRY_fascist;The Fascist Faction;;;;;;;;;;;;;
PAK_conservative;Jamaat-e-Islami Pakistan;;;;;;;;;;;;;
PAK_liberal;Pakistan Tehreek-e-Insaf;;;;;;;;;;;;;
PAK_liberal_2;Muttahida Qaumi;;;;;;;;;;;;;
PAK_radical;Awami National;;;;;;;;;;;;;
PAK_socialist;Pakistan Awami Tehreek;;;;;;;;;;;;;
PAK_socialist_2;Kull Pakistan Kissan;;;;;;;;;;;;;
PAK_communist;Pakistan People's Party;;;;;;;;;;;;;
PAK_fascist;Jamaat Ahle Sunnat;;;;;;;;;;;;;
PAK_reactionary;Jamiat Ulema-e-Islam;;;;;;;;;;;;;
return_persian_lands_on_finish;Survived the Bedr Khan Revolt;;;;;;;;;;;;;
ABK_reactionary;Bey Loyalists;;;;;;;;;;;;;
ABK_conservative;Conservative Faction;;;;;;;;;;;;;
ABK_liberal;Reformist Faction;;;;;;;;;;;;;
ABK_radical;Radical Faction;;;;;;;;;;;;;
ABK_socialist;Socialist Party;;;;;;;;;;;;;
ABK_communist;People's Party of Abkhazia;;;;;;;;;;;;;
ABK_fascist;United Abkhazia Party;;;;;;;;;;;;;
LIB_conservative;Republican Party;;;;;;;;;;;;;
LIB_conservative_2;Democratic Party;;;;;;;;;;;;;
LIB_liberal;True Whig Party;;;;;;;;;;;;;
LIB_liberal_2;Pan-African Party;;;;;;;;;;;;;
LIB_socialist;African Revolutionary Party;;;;;;;;;;;;;
LIB_reactionary;Nationalist Party;;;;;;;;;;;;;
LIB_radical;Radical Party;;;;;;;;;;;;;
LIB_communist;Communist Party;;;;;;;;;;;;;
LIB_fascist;Fascist Party;;;;;;;;;;;;;
BAY_reactionary;Ultramontanismus Faction;;;;;;;;;;;;;
ENG_parliamentary_republic;The British Commonwealth;;;;;;;;;;;;;
shilluk;Shilluk;;;;;;;;;;;;;
YNN_reactionary_2;Yún Gui Zongdu;;;;;;;;;;;;;
YNN_liberal_2;Westernizer Tusi;;;;;;;;;;;;;
YNN_conservative_2;Local Tusi;;;;;;;;;;;;;
XIN_reactionary_2;Amban's Faction;;;;;;;;;;;;;
XIN_conservative_2;Confucianist Faction;;;;;;;;;;;;;
XIN_liberal_2;Reformer Faction;;;;;;;;;;;;;
KOR_reactionary;Bandong;;;;;;;;;;;;;
KOR_liberal;Taewon'gun;;;;;;;;;;;;;
KOR_liberal_2;Songgyungwan;;;;;;;;;;;;;
KOR_conservative;Tong Hak;;;;;;;;;;;;;
KOR_liberal_3;Silhak;;;;;;;;;;;;;
KOR_radical;Geubjinpa;;;;;;;;;;;;;
KOR_conservative_2;Wangdangpa;;;;;;;;;;;;;
KOR_socialist;Sahoe-tang;;;;;;;;;;;;;
KOR_communist;Choson Kongsantang;;;;;;;;;;;;;
KOR_fascist;Pasiseuteu Pati;;;;;;;;;;;;;
KML_parliamentary_republic;Kumul;;;;;;;;;;;;;
KML_conservative;Khan's Faction;;;;;;;;;;;;;
KML_liberal;Kumul Reformers;;;;;;;;;;;;;
KML_reactionary;Kumul Fundamentalists;;;;;;;;;;;;;
KML_radical;Kumul Libertarians;;;;;;;;;;;;;
KML_socialist;Kumul Socialists;;;;;;;;;;;;;
KML_communist;Kumul People's Party;;;;;;;;;;;;;
KML_fascist;Kumul National Front;;;;;;;;;;;;;
BRZ_dominion;The Kingdom of Brazil;;;;;;;;;;;;;
Caliphate_desc;Our leader has proclaimed himself the caliph, a politico-religious successor to the Islamic prophet Muhammad and a leader of the entire Muslim world.;;;;;;;;;;;;;
SOK_conservative;Caliph's Faction;;;;;;;;;;;;;
ADW_fascist;Adamawa Caliphate;;;;;;;;;;;;;
ADW_communist;Socialist Republic of Adamawa;;;;;;;;;;;;;
ADW_conservative;Amir's Faction;;;;;;;;;;;;;
BRM_fascist;Baguirmi;;;;;;;;;;;;;
BRM_communist;Socialist Republic of Baguirmi;;;;;;;;;;;;;
SHK_conservative;Shilluk Podh Faction;;;;;;;;;;;;;
SHK_liberal;Reformist Faction;;;;;;;;;;;;;
SHK_reactionary;Royal Holiness Faction;;;;;;;;;;;;;
SHK_radical;Shilluk Libertarian Front;;;;;;;;;;;;;
SHK_socialist;Shilluk Socialist Front;;;;;;;;;;;;;
SHK_communist;Shilluk People's Front;;;;;;;;;;;;;
SHK_fascist;Shilluk National Front;;;;;;;;;;;;;
MUG_conservative;Mir Saman;;;;;;;;;;;;;
MUG_liberal;Hanafi;;;;;;;;;;;;;
MUG_reactionary;Mir Bakshi;;;;;;;;;;;;;
MUG_radical;The Radical Party;;;;;;;;;;;;;
MUG_socialist;The Socialist Party;;;;;;;;;;;;;
MUG_communist;The Communist Party;;;;;;;;;;;;;
MUG_fascist;The Fascist Party;;;;;;;;;;;;;
CAN_liberal;Liberal Party;Parti libéral;Liberale Partei;;Partido Liberal;;;;;;;;;
CAN_radical;One Big Union;Parti radical;Radical Party;;Partido Radical;;;;;;;;;
CAN_fascist;National Unity Party;;;;;;;;;;;;;
BRZ_liberal;Partido Liberal;Partido Liberal;Partido Liberal;;Partido Liberal;;;;;;;;;
BRZ_conservative;Partido Conservador;;;;;;;;;;;;;
BRZ_reactionary;Partido Restaurador;;;;;;;;;;;;;
BRZ_reactionary2;Partido Republicano Riograndense;;;;;;;;;;;;;
BRZ_conservative_2;Partido Republicano Paulista;;;;;;;;;;;;;
BRZ_liberal_2;Partido Republicano Carioca;;;;;;;;;;;;;
BRZ_radical;Partido Anarquista;;;;;;;;;;;;;
BRZ_socialist;Partido Socialista;;;;;;;;;;;;;
BRZ_communist;Partido Comunista;;;;;;;;;;;;;
BRZ_fascist;Ação Integralista Brasileira;;;;;;;;;;;;;
SWI_communist;Kommunistische Partei;;;;;;;;;;;;;
SWI_fascist;Nationale Front;;;;;;;;;;;;;
FRA_fascist;Parti Franciste;;;;;;;;;;;;;
FRA_reactionary_2;Droite Nationaliste;;;;;;;;;;;;;
FRA_radical;Républicain Radical;;;;;;;;;;;;;
GER_fascist;NSDAP;;;;;;;;;;;;;
POL_fascist;ONR-Falanga;;;;;;;;;;;;;
HAI_conservative;Parti National;;;;;;;;;;;;;
HAI_liberal;Parti Liberal;;;;;;;;;;;;;
HAI_reactionary;Parti Nationaliste Haitien;;;;;;;;;;;;;
HAI_radical;Parti Radical;;;;;;;;;;;;;
HAI_socialist;Parti Socialiste;;;;;;;;;;;;;
HAI_communist;Parti Communiste Haitien;;;;;;;;;;;;;
HAI_fascist;Parti Fasciste;;;;;;;;;;;;;
CHK_conservative;Royal Faction;;;;;;;;;;;;;
CHK_liberal;The Liberal Faction;;;;;;;;;;;;;
CHK_reactionary;The Nationalist Faction;;;;;;;;;;;;;
CHK_radical;The Radical Faction;;;;;;;;;;;;;
CHK_socialist;The Socialist Faction;;;;;;;;;;;;;
CHK_communist;The Communist Faction;;;;;;;;;;;;;
CHK_fascist;The Fascist Faction;;;;;;;;;;;;;
CRO_conservative;Hrvatska Stranka Prava;;;;;;;;;;;;;
CRO_liberal;Samostalna Narodna Stranka;;;;;;;;;;;;;
CRO_agrarian;Hrvatska Seljacka Stranka;;;;;;;;;;;;;
CRO_reactionary;Horvatsko Vugerska Stranka;;;;;;;;;;;;;
CRO_reactionary_2;Unionisticka Stranka;;;;;;;;;;;;;
CRO_reactionary_3;Cista Stranka Prava;;;;;;;;;;;;;
CRO_radical;Narodna Stranka;;;;;;;;;;;;;
CRO_socialist;Socijalisticka Partija;;;;;;;;;;;;;
CRO_communist;Komunisticka Partija Hrvatske;;;;;;;;;;;;;
CRO_fascist;Ustaša-Croatian Revolutionary Movement;;;;;;;;;;;;;
ABU_parliamentary_republic;United Arab Councils;;;;;;;;;;;;;
ABU_parliamentary_republic_ADJ;Arabic;;;;;;;;;;;;;
ACR_liberal;Partido Liberal;Partido Liberal;Partido Liberal;;;;;;;;;;;
ACR_conservative;Partido Conservador;Partido Conservador;Partido Conservador;;;;;;;;;;;
ACR_reactionary;Partido Caramuru;Partido Caramuru;Partido Caramuru;;;;;;;;;;;
ACR_radical;Partido Radical;Partido Radical;Partido Radical;;;;;;;;;;;
ACR_socialist;Partido Socialist;Partido socialiste;Partido Socialist;;;;;;;;;;;
ACR_communist;Partido Communist;Partido communiste;Partido Communist;;;;;;;;;;;
ACR_fascist;Partido Fascist;Partido fasciste;Partido Fascist;;;;;;;;;;;
EZO_conservative;Court Faction;;;;;;;;;;;;;
EZO_liberal;Liberal Faction;;;;;;;;;;;;;
EZO_socialist;Progressive Party;;;;;;;;;;;;;
EZO_communist;Communist Party;;;;;;;;;;;;;
EZO_reactionary;Shogunate Faction;;;;;;;;;;;;;
EZO_radical;Radical Party;;;;;;;;;;;;;
EZO_fascist;Kokutai Faction;;;;;;;;;;;;;
ALS_liberal;Liberaldem. Partei;Liberaldem. Partei;Liberaldem. Partei;;;;;;;;;;;
ALS_conservative;Zentrumspartei;Zentrumspartei;Zentrumspartei;;;;;;;;;;;
ALS_liberal_2;Nationalliberale ;Nationalliberale ;Nationalliberale ;;;;;;;;;;;
ALS_socialist;Deutscher Arbeiterverein;Deutscher Arbeiterverein;Deutscher Arbeiterverein;;;;;;;;;;;
ALS_reactionary;Nationale Partei;Nationale Partei;Nationale Partei;;;;;;;;;;;
ALS_radical;Radical Arbeiterpartei;Arbeiterpartei radical;Radikale Arbeiterpartei;;;;;;;;;;;
ALS_communist;Communist Arbeiterpartei;Arbeiterpartei communiste;Kommunistische Arbeiterpartei;;;;;;;;;;;
ALS_fascist;NSDP;NSDP;NSDP;;;;;;;;;;;
ALT_conservative;Altai Banner;Faction royale;Königsfraktion;;;;;;;;;;;
ALT_liberal;The Liberals;Faction libérale;Die liberale Fraktion;;;;;;;;;;;
ALT_reactionary;The Khanate Faction;Faction nationaliste;Die nationalistische Fraktion;;;;;;;;;;;
ALT_radical;The Libertains;Faction radicale;Die radikale Fraktion;;;;;;;;;;;
ALT_socialist;The Socialists;Faction socialiste;Die sozialistische Fraktion;;;;;;;;;;;
ALT_communist;The Communists;Faction communiste;Die kommunistische Fraktion;;;;;;;;;;;
ALT_fascist;The Mongolian Faction;Faction fasciste;Die faschistische Fraktion;;;;;;;;;;;
ANG_liberal;Liberal Democratic Party;;;;;;;;;;;;;
ANG_conservative;FNLA;;;;;;;;;;;;;
ANG_socialist;Social Renewal Party;;;;;;;;;;;;;
ANG_reactionary;UNITA;;;;;;;;;;;;;
ANG_radical;Radical-Liberal Party of Angola;;;;;;;;;;;;;
ANG_communist;MPLA;;;;;;;;;;;;;
ANG_fascist;Fascist Party of Angola;;;;;;;;;;;;;
AOT_conservative;Kingitanga;Kingitanga;Kingitanga;;;;;;;;;;;
AOT_liberal;Ropu o te Rangatahi;Ropu o te Rangatahi;Ropu o te Rangatahi;;;;;;;;;;;
AOT_socialist;Ratana;Ratana;Ratana;;;;;;;;;;;
AOT_communist;Toputanga-a-iwi;Toputanga-a-iwi;Toputanga-a-iwi;;;;;;;;;;;
AOT_reactionary;Kauhanganui;Kauhanganui;Kauhanganui;;;;;;;;;;;
AOT_radical;Mana Maori Motuhake;Mana Maori Motuhake;Mana Maori Motuhake;;;;;;;;;;;
AOT_fascist;Kawanatanga Whakahawini;Kawanatanga Whakahawini;Kawanatanga Whakahawini;;;;;;;;;;;
ARA_reactionary;Al Sa'ud;;;;;;;;;;;;;
ARA_reactionary2;Al Rashid;;;;;;;;;;;;;
ARA_conservative;Al Muhafidh;;;;;;;;;;;;;
ARA_liberal;Al Mutaharir;;;;;;;;;;;;;
ARA_radicals;Al Jumhuriiyn;;;;;;;;;;;;;
ARA_socialist;Al Ishtiraki;;;;;;;;;;;;;
ARA_communist;Al Shiu'i;;;;;;;;;;;;;
ARA_fascist;Al Fashi;;;;;;;;;;;;;
ARU_parliamentary_republic;Arab Republic;;;;;;;;;;;;;
ASR_reactionary;Hizb al-Hashemiyya al-Urduni;;;;;;;;;;;;;
ASR_conservative;Hizb al-Wasat al-Islami;;;;;;;;;;;;;
ASR_liberal;Yasari-d-al-Dimaqrati al-Urduni;;;;;;;;;;;;;
ASR_radical;Al Anarkiliberali;;;;;;;;;;;;;
ASR_socialist;Hizb al-Baath al-Ishtiraki al-Urduni;;;;;;;;;;;;;
ASR_communist;Al-Hizb al-Shuyui al-Urduni;;;;;;;;;;;;;
ASR_fascist;Hizb al-Mustaqbal;;;;;;;;;;;;;
ASM_parliamentary_republic;Assamese Republic;;;;;;;;;;;;;
ASM_conservative;Royal Faction;;;;;;;;;;;;;
ASM_liberal;The Liberal Faction;;;;;;;;;;;;;
ASM_reactionary;The Nationalist Faction;;;;;;;;;;;;;
ASM_radical;The Radical Faction;;;;;;;;;;;;;
ASM_socialist;The Socialist Faction;;;;;;;;;;;;;
ASM_communist;The Communist Faction;;;;;;;;;;;;;
ASM_fascist;The Fascist Faction;;;;;;;;;;;;;
ATR_conservative;Partido Moderado;Partido Moderado;Partido Moderado;;;;;;;;;;;
ATR_liberal;Partido Progresista;Partido Progresista;Partido Progresista;;;;;;;;;;;
ATR_reactionary;Comunión Carlista;Comunión Carlista;Comunión Carlista;;;;;;;;;;;
ATR_socialist;Partido Socialista;Partido Socialista;Partido Socialista;;;;;;;;;;;
ATR_communist;Federación Regional;Federación Regional;Federación Regional;;;;;;;;;;;
ATR_radical;Partido Radical;Partido Radical;Partido Radical;;;;;;;;;;;
ATR_fascist;Falange;Falange;Falange;;;;;;;;;;;
BAH_liberal;Partido Liberal;Partido Liberal;Partido Liberal;;;;;;;;;;;
BAH_conservative;Partido Conservador;Partido Conservador;Partido Conservador;;;;;;;;;;;
BAH_reactionary;Partido Caramuru;Partido Caramuru;Partido Caramuru;;;;;;;;;;;
BAH_conservative_2;Partido Paulista;Partido Paulista;Partido Paulista;;;;;;;;;;;
BAH_liberal_2;Partido Carioca;Partido Carioca;Partido Carioca;;;;;;;;;;;
BAH_radical;Partido Radical;Partido Radical;Partido Radical;;;;;;;;;;;
BAH_socialist;Partido Socialist;Partido socialiste;Partido Socialist;;;;;;;;;;;
BAH_communist;Partido Communist;Partido communiste;Partido Communist;;;;;;;;;;;
BAH_fascist;Partido Fascist;Partido fasciste;Partido Fascist;;;;;;;;;;;
BAN_conservative;The Conservatives;Faction royale;Königsfraktion;;;;;;;;;;;
BAN_liberal;The Liberals;Faction libérale;Die liberale Fraktion;;;;;;;;;;;
BAN_reactionary;The Royalist Faction;Faction nationaliste;Die nationalistische Fraktion;;;;;;;;;;;
BAN_radical;The Libertains;Faction radicale;Die radikale Fraktion;;;;;;;;;;;
BAN_socialist;The Socialists;Faction socialiste;Die sozialistische Fraktion;;;;;;;;;;;
BAN_communist;The Communists;Faction communiste;Die kommunistische Fraktion;;;;;;;;;;;
BAN_fascist;The Nationalist Faction;Faction fasciste;Die faschistische Fraktion;;;;;;;;;;;
BHR_reactionary;Hizb al-Hashemiyya al-Urduni;;;;;;;;;;;;;
BHR_conservative;Al-Khalifah;;;;;;;;;;;;;
BHR_liberal;Yasari-d-al-Dimaqrati al-Urduni;;;;;;;;;;;;;
BHR_radical;Al Anarkiliberali;;;;;;;;;;;;;
BHR_socialist;Hizb al-Baath al-Ishtiraki al-Urduni;;;;;;;;;;;;;
BHR_communist;Al-Hizb al-Shuyui al-Urduni;;;;;;;;;;;;;
BHR_fascist;Hizb al-Mustaqbal;;;;;;;;;;;;;
BIH_conservative;Lok Janshakti Party;;;;;;;;;;;;;
BIH_liberal;Samata Party;;;;;;;;;;;;;
BIH_reactionary;Bihar Vikas;;;;;;;;;;;;;
BIH_radical;Bihari Radical Party;;;;;;;;;;;;;
BIH_socialist;Janata Dal;;;;;;;;;;;;;
BIH_communist;Bihari Communist Party;;;;;;;;;;;;;
BIH_fascist;Bihari Fascist Party;;;;;;;;;;;;;
BNG_conservative;Awami League;;;;;;;;;;;;;
BNG_liberal;Liberal Democratic Party;;;;;;;;;;;;;
BNG_reactionary;Jamaat-e-Islami;;;;;;;;;;;;;
BNG_radical;The Radical Faction;;;;;;;;;;;;;
BNG_socialist;Jatiyo Samajtantrik Dal;;;;;;;;;;;;;
BNG_communist;Bengali Communist Party;;;;;;;;;;;;;
BNG_fascist;Jatiya Party;;;;;;;;;;;;;
BRT_fascist;PNB;;;;;;;;;;;;;
BRT_reactionary;Strollad Broadelour;;;;;;;;;;;;;
BRT_communist;Strollad Komunist;;;;;;;;;;;;;
BRT_socialist;Unvaniezh Demokratel;;;;;;;;;;;;;
BRT_liberal;Strollad Liberal;;;;;;;;;;;;;
BRT_radical;Strollad Radical;;;;;;;;;;;;;
BRT_conservative;Strollad Mirour;;;;;;;;;;;;;
BSQ_socialist;Abertzale Ekintza;;;;;;;;;;;;;
BSQ_conservative;Alderdi Jeltzalea;;;;;;;;;;;;;
BSQ_liberal;Alderdi Abertzale Errepublikanoa;;;;;;;;;;;;;
BSQ_reactionary;Alderdi Monarkiko;;;;;;;;;;;;;
BSQ_communist;Mugimendu Komunista;;;;;;;;;;;;;
BSQ_fascist;Euskadi Ta Askatasuna;;;;;;;;;;;;;
BSQ_radical;Alderdi Anarkiazale;;;;;;;;;;;;;
CAR_liberal;Republican Progressive Party;;;;;;;;;;;;;
CAR_conservative;Democratic Union;;;;;;;;;;;;;
CAR_socialist;MLPC;;;;;;;;;;;;;
CAR_reactionary;MESAN;;;;;;;;;;;;;
CAR_radical;MEDAC;;;;;;;;;;;;;
CAR_communist;MDI;;;;;;;;;;;;;
CAR_fascist;Patriotic Front;;;;;;;;;;;;;
CGO_liberal;MCDDI;;;;;;;;;;;;;
CGO_radical;Union for Democratic Renewal;;;;;;;;;;;;;
CGO_conservative;UDDIA;;;;;;;;;;;;;
CGO_reactionary;Party of Unity, Work and Progress;;;;;;;;;;;;;
CGO_socialist;Congolese Progressive Party;;;;;;;;;;;;;
CGO_communist;Congolese Party of Labor;;;;;;;;;;;;;
CGO_fascist;Friendly Union for Complete Change;;;;;;;;;;;;;
CHD_liberal;Republican Union;;;;;;;;;;;;;
CHD_conservative;Democratic Union;;;;;;;;;;;;;
CHD_socialist;Independent Socialist Party;;;;;;;;;;;;;
CHD_reactionary;Patriotic Salvation Movement;;;;;;;;;;;;;
CHD_radical;Federation, Action for the Republic;;;;;;;;;;;;;
CHD_communist;Progressive Party;;;;;;;;;;;;;
CHD_fascist;National Union for Reform;;;;;;;;;;;;;
POR_conservative;Cartismo;;;;;;;;;;;;;
CHP_liberal;Partido Liberal;Partido Liberal;Partido Liberal;;;;;;;;;;;
CHP_socialist;Partido Socialista;Partido Socialista;Partido Socialista;;;;;;;;;;;
CHP_conservative;Partido Estadista Republicano;Partido Estadista Republicano;Partido Estadista Republicano;;;;;;;;;;;
CHP_radical;Partido Anarchista;Partido Anarchista;Partido Anarchista;;;;;;;;;;;
CHP_communist;Partido Comunista;Partido Comunista;Partido Comunista;;;;;;;;;;;
CHP_fascist;Partido Nacionalista;Partido Nacionalista;Partido Nacionalista;;;;;;;;;;;
CHP_reactionary;Unión Republicana;Unión Republicana;Unión Republicana;;;;;;;;;;;
CIR_liberal;Partiye Libyeral;;;;;;;;;;;;;
CIR_conservative;Partiye Wuhumenig;;;;;;;;;;;;;
CIR_socialist;Partiye Sotsialist;;;;;;;;;;;;;
CIR_reactionary;Partiye Natsiya;;;;;;;;;;;;;
CIR_radical;Partiye Fit Bedzer;;;;;;;;;;;;;
CIR_communist;Partiye Zefediz;;;;;;;;;;;;;
CIR_fascist;Partiye Lepqh;;;;;;;;;;;;;
CMR_liberal;Progressive Movement;;;;;;;;;;;;;
CMR_conservative;Cameroon Democratic Union;;;;;;;;;;;;;
CMR_socialist;Social Democratic Front;;;;;;;;;;;;;
CMR_reactionary;Cameroonian National Union;;;;;;;;;;;;;
CMR_radical;National Union for Democracy and Progress;;;;;;;;;;;;;
CMR_communist;Union of the Peoples of Cameroon;;;;;;;;;;;;;
CMR_fascist;Grouping of Patriotic Forces;;;;;;;;;;;;;
CRS_conservative;Fazzione Cunservatore;;;;;;;;;;;;;
CRS_liberal;Fazzione Liberale;;;;;;;;;;;;;
CRS_reactionary;Fazzione Bonapartistu;;;;;;;;;;;;;
CRS_socialist;Fazzione Sucialistu;;;;;;;;;;;;;
CRS_communist;Fazzione Cumunistu;;;;;;;;;;;;;
CRS_radical;Fazzione Anarchistu;;;;;;;;;;;;;
CRS_fascist;Fazzione Fascistu;;;;;;;;;;;;;
CSA_parliamentary_republic;The Confederate States of America;;;;;;;;;;;;;
CYR_conservative;Jamyat al-Ahd;;;;;;;;;;;;;
CYR_liberal;Jam'iyyat al-Jami'a al-'Arabiyya;;;;;;;;;;;;;
CYR_reactionary;Al-Senusiyya;;;;;;;;;;;;;
CYR_radical;Al-Anarkiliberali;;;;;;;;;;;;;
CYR_socialist;Hizb al-Ba'ath;;;;;;;;;;;;;
CYR_communist;Al-Shiu'i;;;;;;;;;;;;;
CYR_fascist;Al-Fashi;;;;;;;;;;;;;
CHY_reactionary;Qadiri;;;;;;;;;;;;;
CHY_liberal;Reformist Faction;;;;;;;;;;;;;
CHY_conservative;Tukkhum;;;;;;;;;;;;;
CHY_radical;Radical Party;;;;;;;;;;;;;
CHY_socialist;Socialist Party;;;;;;;;;;;;;
CHY_communist;Communist Part;;;;;;;;;;;;;
CHY_fascist;Fascist Party;;;;;;;;;;;;;
DAG_parliamentary_republic;Dagestan;;;;;;;;;;;;;
DAG_liberal;Liberal Factuib;;;;;;;;;;;;;
DAG_socialist;Socialist Party;;;;;;;;;;;;;
DAG_reactionary;Nationalist Party;;;;;;;;;;;;;
DAG_radical;Radical Party;;;;;;;;;;;;;
DAG_communist;Communist Party;;;;;;;;;;;;;
DAG_fascist;Fascist Party;;;;;;;;;;;;;
DAG_conservative;Imam's Faction;;;;;;;;;;;;;
DAK_reactionary;White Eagle Faction;;;;;;;;;;;;;
DAK_conservative;Traditionalists;;;;;;;;;;;;;
DAK_liberal;Republican Faction;;;;;;;;;;;;;
DAK_radical;Libertarian Faction;;;;;;;;;;;;;
DAK_socialist;Socialist Faction;;;;;;;;;;;;;
DAK_communist;Communist Faction;;;;;;;;;;;;;
DAK_fascist;Eastward Restorationists;;;;;;;;;;;;;
DNB_parliamentary_republic;Danubian Republic;;;;;;;;;;;;;
DON_conservative;The Conservatives;Faction royale;Königsfraktion;;;;;;;;;;;
DON_liberal;The Liberals;Faction libérale;Die liberale Fraktion;;;;;;;;;;;
DON_reactionary;The Hetmanate Faction;Faction nationaliste;Die nationalistische Fraktion;;;;;;;;;;;
DON_radical;The Libertains;Faction radicale;Die radikale Fraktion;;;;;;;;;;;
DON_socialist;The Socialists;Faction socialiste;Die sozialistische Fraktion;;;;;;;;;;;
DON_communist;The Communists;Faction communiste;Die kommunistische Fraktion;;;;;;;;;;;
DON_fascist;The Nationalist Faction;Faction fasciste;Die faschistische Fraktion;;;;;;;;;;;
ENT_conservative;Federalistas;;;;;;;;;;;;;
ENT_conservative_2;Partido Federalista;;;;;;;;;;;;;
ENT_liberal;Partido Liberal;;;;;;;;;;;;;
ENT_liberal_2;Partido Democracia;;;;;;;;;;;;;
ENT_socialist;Partido Azul;;;;;;;;;;;;;
ENT_conservative_3;Unión Cívica de Entre Rios;;;;;;;;;;;;;
ENT_communist;Partido Communista;;;;;;;;;;;;;
ENT_liberal_3;Liberales;;;;;;;;;;;;;
ENT_reactionary;Partido Nacionalista;;;;;;;;;;;;;
ENT_radical;Partido Radical;;;;;;;;;;;;;
ENT_socialist_2;Partido Socialista;;;;;;;;;;;;;
ENT_fascist;Partido Fascista;;;;;;;;;;;;;
ERT_conservative;Royal Faction;;;;;;;;;;;;;
ERT_liberal;The Liberal Faction;;;;;;;;;;;;;
ERT_reactionary;The Nationalist Faction;;;;;;;;;;;;;
ERT_radical;The Radical Faction;;;;;;;;;;;;;
ERT_socialist;The Socialist Faction;;;;;;;;;;;;;
ERT_communist;The Communist Faction;;;;;;;;;;;;;
ERT_fascist;The Fascist Faction;;;;;;;;;;;;;
FIU_parliamentary_republic;Carnaro;;;;;;;;;;;;;
FIU_liberal;Partito Liberale;Partito Liberale;Partito Liberale;;;;;;;;;;;
FIU_conservative;Partito Autonomo;Partito Autonomo;Partito Autonomo;;;;;;;;;;;
FIU_reactionary;Nazionalisti;Nazionalisti;Nazionalisti;;;;;;;;;;;
FIU_socialist;Partito Socialista di Fiume;Partito Socialista di Fiume;Partito Socialista di Fiume;;;;;;;;;;;
FIU_communist;Partito Comunista di Fiume;Partito Comunista di Fiume;Partito Comunista di Fiume;;;;;;;;;;;
FIU_radical;Radicali;Radical;Radikal;;;;;;;;;;;
FIU_fascist;Fascisti;Fasciste;Faschistisch;;;;;;;;;;;
FJN_reactionary;Beiyang Faction;Faction Rongting;Rongting-Fraktion;;;;;;;;;;;
FJN_socialist;Socialist Party;Parti socialiste;Sozialistische Partei;;;;;;;;;;;
FJN_communist;Chinese Communist Party;Parti communiste chinois;Kommunistische Partei China;;;;;;;;;;;
FJN_liberal;Liberal Party;Parti libéral;Liberale Partei;;;;;;;;;;;
FJN_conservative;Kuomintang Faction;Faction Kuomintang;Guomintang-Fraktion;;;;;;;;;;;
FJN_fascist;Min Party;Parti fasciste;Faschistische Partei;;;;;;;;;;;
FJN_radical;Freedom Party;Parti de la liberté;Freiheitspartei;;;;;;;;;;;
FRA_liberal;Républicain;Républicain;Républicain;;Républicain;;;;;;;;;
FRA_liberal_2;Union libérale;;;;;;;;;;;;;
FRA_liberal_3;Républicain libérale;;;;;;;;;;;;;
FRA_conservative;Orléaniste;Orléaniste;Orléaniste;;Orléaniste;;;;;;;;;
FRA_conservative_2;Bonapartiste;Bonapartiste;Bonapartiste;;Bonapartiste;;;;;;;;;
FRA_conservative_3;Républicain modéré;Républicain modéré;Républicain modéré;;Républicain modéré;;;;;;;;;
FRA_conservative_4;Orléaniste;Orléaniste;Orléaniste;;Orléaniste;;;;;;;;;
FRA_conservative_5;Royaliste;Royaliste;Royaliste;;Royaliste;;;;;;;;;
FSM_liberal;Liberal Party;Liberal Party;Liberal Party;;;;;;;;;;;
FSM_conservative;Conservative Party;Conservative Party;Conservative Party;;;;;;;;;;;
FSM_reactionary;Nationalist Party;Nationalist Party;Nationalist Party;;;;;;;;;;;
FSM_socialist;Social Democratic Party;Labour Party;Labour Party;;;;;;;;;;;
FSM_radical;Radical Party;Radical Party;Radical Party;;;;;;;;;;;
FSM_communist;Communist Party;Communist Party;Communist Party;;;;;;;;;;;
FSM_fascist;Fascist Party;Fascist Party;Fascist Party;;;;;;;;;;;
galicio_asturian;Galicio-Asturian;Galicio-Asturien;Galicisch-Asturisch;;;;;;;;;;;
GAB_liberal;Circle of Liberal Reformers;;;;;;;;;;;;;
GAB_conservative;Democratic and Social Union;;;;;;;;;;;;;
GAB_socialist;Young Gabonese;;;;;;;;;;;;;
GAB_reactionary;Gabonese Democratic Bloc;;;;;;;;;;;;;
GAB_radical;Defense of Gabonese Interests;;;;;;;;;;;;;
GAB_communist;Union, Work, Progress;;;;;;;;;;;;;
GAB_fascist;People's Unity Party;;;;;;;;;;;;;
GLC_conservative;Partido Moderado;Partido Moderado;Partido Moderado;;;;;;;;;;;
GLC_liberal;Partido Progresista;Partido Progresista;Partido Progresista;;;;;;;;;;;
GLC_reactionary;Partido Nationalist;Comunión Carlista;Comunión Carlista;;;;;;;;;;;
GLC_socialist;Partido Socialista;Partido Socialista;Partido Socialista;;;;;;;;;;;
GLC_communist;Federación Regional;Federación Regional;Federación Regional;;;;;;;;;;;
GLC_radical;Partido Radical;Partido Radical;Partido Radical;;;;;;;;;;;
GLC_fascist;Partido Fascist;Falange;Falange;;;;;;;;;;;
GMB_liberal;United Party;;;;;;;;;;;;;
GMB_radical;National Convention Party;;;;;;;;;;;;;
GMB_conservative;Democratic Party;;;;;;;;;;;;;
GMB_reactionary;Muslim Congress Party;;;;;;;;;;;;;
GMB_socialist;People's Progressive Party;;;;;;;;;;;;;
GMB_communist;Gambian People's Party;;;;;;;;;;;;;
GMB_fascist;Gambia Congress Party;;;;;;;;;;;;;
GMJ_reactionary;Beiyang Faction;Faction Rongting;Rongting-Fraktion;;;;;;;;;;;
GMJ_socialist;Socialist Party;Parti socialiste;Sozialistische Partei;;;;;;;;;;;
GMJ_communist;Chinese Communist Party;Parti communiste chinois;Kommunistische Partei China;;;;;;;;;;;
GMJ_liberal;Liberal Party;Parti libéral;Liberale Partei;;;;;;;;;;;
GMJ_conservative;Kuomintang Faction;Faction Kuomintang;Guomintang-Fraktion;;;;;;;;;;;
GMJ_fascist;Fascist Party;Parti fasciste;Faschistische Partei;;;;;;;;;;;
GMJ_radical;Freedom Party;Parti de la liberté;Freiheitspartei;;;;;;;;;;;
GNE_liberal;Union for Progress and Renewal;;;;;;;;;;;;;
GNE_radical;Union for the Progress;;;;;;;;;;;;;
GNE_conservative;African Bloc of Guinea;;;;;;;;;;;;;
GNE_reactionary;Democratic Party of Guinea;;;;;;;;;;;;;
GNE_socialist;Socialist Democracy of Guinea;;;;;;;;;;;;;
GNE_communist;Guinean People's Assembly;;;;;;;;;;;;;
GNE_fascist;National Union for the Prosperity;;;;;;;;;;;;;
GNG_reactionary;Beiyang Faction;Faction Rongting;Rongting-Fraktion;;;;;;;;;;;
GNG_socialist;Socialist Party;Parti socialiste;Sozialistische Partei;;;;;;;;;;;
GNG_communist;Chinese Communist Party;Parti communiste chinois;Kommunistische Partei China;;;;;;;;;;;
GNG_liberal;Liberal Party;Parti libéral;Liberale Partei;;;;;;;;;;;
GNG_conservative;Tiandihui;Faction Kuomintang;Guomintang-Fraktion;;;;;;;;;;;
GNG_fascist;Fascist Party;Parti fasciste;Faschistische Partei;;;;;;;;;;;
GNG_radical;Freedom Party;Parti de la liberté;Freiheitspartei;;;;;;;;;;;
GUY_conservative;National Democratic Party;;;;;;;;;;;;;
GUY_liberal;General Liberation and Development Party;;;;;;;;;;;;;
GUY_socialist;Progressive Reform Party;;;;;;;;;;;;;
GUY_communist;Communist Party of Suriname;;;;;;;;;;;;;
GUY_reactionary;National Party of Suriname;;;;;;;;;;;;;
GUY_radical;Party for Democracy and Development through Unity;;;;;;;;;;;;;
GUY_fascist;Fascist Party of Suriname;;;;;;;;;;;;;
HAL_reactionary;Hizb al-Hashemiyya al-Urduni;;;;;;;;;;;;;
HAL_conservative;Hizb al-Wasat al-Islami;;;;;;;;;;;;;
HAL_liberal;Yasari-d-al-Dimaqrati al-Urduni;;;;;;;;;;;;;
HAL_radical;Al Anarkiliberali;;;;;;;;;;;;;
HAL_socialist;Hizb al-Baath al-Ishtiraki al-Urduni;;;;;;;;;;;;;
HAL_communist;Al-Hizb al-Shuyui al-Urduni;;;;;;;;;;;;;
HAL_fascist;Hizb al-Mustaqbal;;;;;;;;;;;;;
HNN_reactionary;Beiyang Faction;Faction Rongting;Rongting-Fraktion;;;;;;;;;;;
HNN_socialist;Socialist Party;Parti socialiste;Sozialistische Partei;;;;;;;;;;;
HNN_communist;Chinese Communist Party;Parti communiste chinois;Kommunistische Partei China;;;;;;;;;;;
HNN_liberal;Liberal Party;Parti libéral;Liberale Partei;;;;;;;;;;;
HNN_conservative;Kuomintang Faction;Faction Kuomintang;Guomintang-Fraktion;;;;;;;;;;;
HNN_fascist;Fascist Party;Parti fasciste;Faschistische Partei;;;;;;;;;;;
HNN_radical;Freedom Party;Parti de la liberté;Freiheitspartei;;;;;;;;;;;
HOL_radical;Radicale Partij;;;;;;;;;;;;;
HUI_reactionary;Beiyang Faction;Faction Rongting;Rongting-Fraktion;;;;;;;;;;;
HUI_socialist;Socialist Party;Parti socialiste;Sozialistische Partei;;;;;;;;;;;
HUI_communist;Chinese Communist Party;Parti communiste chinois;Kommunistische Partei China;;;;;;;;;;;
HUI_liberal;Liberal Party;Parti libéral;Liberale Partei;;;;;;;;;;;
HUI_conservative;Kuomintang Faction;Faction Kuomintang;Guomintang-Fraktion;;;;;;;;;;;
HUI_fascist;Fascist Party;Parti fasciste;Faschistische Partei;;;;;;;;;;;
HUI_radical;Freedom Party;Parti de la liberté;Freiheitspartei;;;;;;;;;;;
INO_conservative;Partai Golongan Karya;;;;;;;;;;;;;
INO_liberal;Partai Majelis Syuro Muslimin Indonesia;;;;;;;;;;;;;
INO_liberal_2;Partai Demokrat;;;;;;;;;;;;;
INO_reactionary;Nahdlatul Ulama;;;;;;;;;;;;;
INO_radical;Partai Nasdem;;;;;;;;;;;;;
INO_socialist;Partai Sosialis Indonesia;;;;;;;;;;;;;
INO_socialist_2;Partai Nasional Indonesia;;;;;;;;;;;;;
INO_communist;Partai Komunis Indonesia;;;;;;;;;;;;;
INO_fascist;Partai Gerakan Indonesia Raya;;;;;;;;;;;;;
IOM_liberal;Liberal Party;Liberal Party;Liberal Party;;Liberal Party;;;;;;;;;
IOM_conservative;People's Political Association;People's Political Association;People's Political Association;;People's Political Association;;;;;;;;;
IOM_reactionary;National Party;National Party;National Party;;National Party;;;;;;;;;
IOM_socialist;Labour Party;Labour Party;Labour Party;;Labour Party;;;;;;;;;
IOM_radical;Positive Action Group;Positive Action Group;Positive Action Group;;Positive Action Group;;;;;;;;;
IOM_communist;Communist Party;Communist Party;Communist Party;;Communist Party;;;;;;;;;
IOM_fascist;Mec Vannin;Mec Vannin;Mec Vannin;;Mec Vannin;;;;;;;;;
ISR_dominion;Mandatory Palestine;;;;;;;;;
ISR_dominion_ADJ;Mandatory;;;;;;;;;
ITA_parliamentary_republic_ADJ;Italian;;;;;;;;;;;;;
IVC_liberal;Rally of the Republicans;;;;;;;;;;;;;
IVC_radical;URDIESCI;;;;;;;;;;;;;
IVC_conservative;Entente of Independents;;;;;;;;;;;;;
IVC_reactionary;Democratic Party;;;;;;;;;;;;;
IVC_socialist;African Socialist Movement;;;;;;;;;;;;;
IVC_communist;Ivorian Popular Front;;;;;;;;;;;;;
IVC_fascist;Movement of the Forces of the Future;;;;;;;;;;;;;
JAM_conservative;Conservative Party;Conservative Party;Conservative Party;;;;;;;;;;;
JAM_liberal;Liberal Party;Liberal Party;Liberal Party;;;;;;;;;;;
JAM_reactionary;Alliance for National Unity;Alliance for National Unity;Alliance for National Unity;;;;;;;;;;;
JAM_socialist;People's Political Party;People's Political Party;People's Political Party;;;;;;;;;;;
JAM_communist;Worker's Party;Worker's Party;Worker's Party;;;;;;;;;;;
JAM_radical;Radical Party;Radical Party;Radical Party;;;;;;;;;;;
JAM_fascist;Fascist Party;Fascist Party;Fascist Party;;;;;;;;;;;
JAP_reactionary;Handoutou;Faction Shogunate;Shogunate Faction;;;;;;;;;;;
JAP_conservative;Rikken Teiseitou;Faction de la cour;Court Faction;;;;;;;;;;;
JAP_conservative_2;Rikken Kaishintou;Faction impérialiste;Imperialist Faction;;;;;;;;;;;
JAP_reactionary_2;Handoutou;Faction nationaliste;Nationalistische Fraktion;;;;;;;;;;;
JAP_conservative_3;Tachiagare Nippon;Faction conservatrice;Conservative Faction;;;;;;;;;;;
JAP_liberal;Aikokusha;Faction libérale;Liberal Faction;;;;;;;;;;;
JAP_socialist;Shakaitou;Faction marxiste;Marxist Faction;;;;;;;;;;;
JAP_radical;Ishin Seito Shimpu;;;;;;;;;;;;;
JAP_communist;Kyousantou;Faction communiste;Kommunistische Fraktion;;;;;;;;;;;
JAP_fascist;Kokuhonsha;Faction fasciste;Faschistische Faction;;;;;;;;;;;
JNG_liberal;Liberal Faction;Liberal Faction;Liberal Faction;;Liberal Faction;;;;;;;;;
JNG_conservative;Conservative Faction;Conservative Faction;;Conservative Faction;;;;;;;;;;
JNG_reactionary;Monarchist Faction;Monarchist Faction;Monarchist Faction;;Monarchist Faction;;;;;;;;;
JNG_socialist;Labour Faction;Labour Faction;Labour Faction;;Labour Faction;;;;;;;;;
JNG_radical;Anarchist Faction;Anarchist Faction;Anarchist Faction;;Anarchist Faction;;;;;;;;;
JNG_communist;Communist Faction;Communist Faction;Communist Faction;;Communist Faction;;;;;;;;;
JNG_fascist;Norman Faction;Norman Faction;Norman Faction;;Norman Faction;;;;;;;;;
JOR_reactionary;Hizb al-Hashemiyya al-Urduni;;;;;;;;;;;;;
JOR_conservative;Al-Hashimiyuni;;;;;;;;;;;;;
JOR_liberal;Yasari-d-al-Dimaqrati al-Urduni;;;;;;;;;;;;;
JOR_radical;Al Anarkiliberali;;;;;;;;;;;;;
JOR_socialist;Hizb al-Baath al-Ishtiraki al-Urduni;;;;;;;;;;;;;
JOR_communist;Al-Hizb al-Shuyui al-Urduni;;;;;;;;;;;;;
JOR_fascist;Hizb al-Mustaqbal;;;;;;;;;;;;;
KAM_conservative;The Conservatives;Faction royale;Königsfraktion;;;;;;;;;;;
KAM_liberal;The Liberals;Faction libérale;Die liberale Fraktion;;;;;;;;;;;
KAM_reactionary;The Khanate Faction;Faction nationaliste;Die nationalistische Fraktion;;;;;;;;;;;
KAM_radical;The Libertains;Faction radicale;Die radikale Fraktion;;;;;;;;;;;
KAM_socialist;The Socialists;Faction socialiste;Die sozialistische Fraktion;;;;;;;;;;;
KAM_communist;The Communists;Faction communiste;Die kommunistische Fraktion;;;;;;;;;;;
KAM_fascist;The Nationalists;Faction fasciste;Die faschistische Fraktion;;;;;;;;;;;
KAZ_semi_constitutional_monarchy_ADJ;Middle Kazakh;;;;;;;;;;;;;
KAZ_constitutional_monarchy_ADJ;Middle Kazakh;;;;;;;;;;;;;
KAZ_liberal;The Liberals;Faction libérale;Die liberale Fraktion;;;;;;;;;;;
KAZ_reactionary;The Khanate Faction;Faction nationaliste;Die nationalistische Fraktion;;;;;;;;;;;
KAZ_radical;The Libertains;Faction radicale;Die radikale Fraktion;;;;;;;;;;;
KAZ_socialist;The Socialists;Faction socialiste;Die sozialistische Fraktion;;;;;;;;;;;
KAZ_communist;The Communists;Faction communiste;Die kommunistische Fraktion;;;;;;;;;;;
KAZ_fascist;The Nationalists;Faction fasciste;Die faschistische Fraktion;;;;;;;;;;;
KDS_conservative;Meclis-i Mîran;;;;;;;;;;;;;
KDS_conservative_2;Partiya Kurdistanê;;;;;;;;;;;;;
KDS_liberal;Azadi;;;;;;;;;;;;;
KDS_liberal_2;Hêvî;;;;;;;;;;;;;
KDS_liberal_3;Yeketî Nistîman;;;;;;;;;;;;;
KDS_reactionary;Meclis-i Mesayih;;;;;;;;;;;;;
KDS_reactionary_2;Bizutnawai Islami;;;;;;;;;;;;;
KDS_radical;Terakkipeweran;;;;;;;;;;;;;
KDS_socialist;Partiya Karkerên;;;;;;;;;;;;;
KDS_socialist_2;Partiya Zahmatkesan;;;;;;;;;;;;;
KDS_fascist;Jiyanewe;;;;;;;;;;;;;
KDS_communist;Komala;;;;;;;;;;;;;
KER_conservative;Conservative Party;Conservative Party;Conservative Party;;;;;;;;;;;
KER_liberal;Liberal Party;Liberal Party;Liberal Party;;;;;;;;;;;
KER_reactionary;Party Kenethlegek;Party Kenethlegek;Party Kenethlegek;;;;;;;;;;;
KER_socialist;Labour Party;Labour Party;Labour Party;;;;;;;;;;;
KER_communist;Miners' and Fishers' Party;Miners' and Fishers' Party;Miners' and Fishers' Party;;;;;;;;;;;
KER_radical;Radical Party;Radical Party;Radical Party;;;;;;;;;;;
KER_fascist;Mebyon Kernow;Mebyon Kernow;Mebyon Kernow;;;;;;;;;;;
KMK_conservative;The Conservatives;Faction royale;Königsfraktion;;;;;;;;;;;
KMK_liberal;The Liberals;Faction libérale;Die liberale Fraktion;;;;;;;;;;;
KMK_reactionary;The Khanate Faction;Faction nationaliste;Die nationalistische Fraktion;;;;;;;;;;;
KMK_radical;The Libertains;Faction radicale;Die radikale Fraktion;;;;;;;;;;;
KMK_socialist;The Socialists;Faction socialiste;Die sozialistische Fraktion;;;;;;;;;;;
KMK_communist;The Communists;Faction communiste;Die kommunistische Fraktion;;;;;;;;;;;
KMK_fascist;The Mongolian Faction;Faction fasciste;Die faschistische Fraktion;;;;;;;;;;;
KMT_conservative;Imperial Faction;Faction impériale;Kaiserliche Fraktion;;;;;;;;;;;
KMT_conservative_2;Ziqiang;Zhiqiang;Zhiqiang;;;;;;;;;;;
KMT_liberal;Reformers;Réformateurs;Reformer;;;;;;;;;;;
KMT_reactionary;Conservatives;Conservateurs;Konservative;;;;;;;;;;;
KMT_radical;Republicans;Républicains;Republikaner;;;;;;;;;;;
KMT_liberal_2;Kuomintang Sun;Kuomintang Sun;Kuomintang Sun;;;;;;;;;;;
KMT_liberal_3;Feng Yuxiang;Feng Yuxiang;Feng Yuxiang;;;;;;;;;;;
KMT_socialist;Socialists;Socialistes;Sozialisten;;;;;;;;;;;
KMT_communist;Communist Party of China;Parti communiste chinois;Kommunistische Partei Chinas;;;;;;;;;;;
KMT_fascist;Fascists;Fascistes;Faschisten;;;;;;;;;;;
KMT_conservative_4;Kuomintang Chiang;Kuomintang Chiang;Kuomintang Chiang;;;;;;;;;;;
KNY_liberal;FORD-Asili;;;;;;;;;;;;;
KNY_conservative;Democratic Party;;;;;;;;;;;;;
KNY_socialist;FORD-Kenya;;;;;;;;;;;;;
KNY_reactionary;Kenya African National Union;;;;;;;;;;;;;
KNY_radical;The Independent Party;;;;;;;;;;;;;
KNY_communist;Farmers Party;;;;;;;;;;;;;
KNY_fascist;Fascist Party;;;;;;;;;;;;;
KRL_conservative;Suomalainen puolue;Suomalainen puolue;Suomalainen puolue;;Suomalainen puolue;;;;;;;;;
KRL_conservative_2;Svenska partiet;Svenska partiet;Svenska partiet;;Svenska partiet;;;;;;;;;
KRL_liberal;Nuorsuomalaiset;Nuorsuomalaiset;Nuorsuomalaiset;;Nuorsuomalaiset;;;;;;;;;
KRL_liberal_2;Edistyspuolue;Edistyspuolue;Edistyspuolue;;Edistyspuolue;;;;;;;;;
KRL_reactionary;Kokoomus;Kokoomus;Kokoomus;;Kokoomus;;;;;;;;;
KRL_socialist;Sosiaalidemokraatit;Sosiaalidemokraatit;Sosiaalidemokraatit;;Sosiaalidemokraatit;;;;;;;;;
KRL_radical;Aktivistinen vastustuspuolue;Aktivistinen vastustuspuolue;Aktivistinen vastustuspuolue;;Aktivistinen vastustuspuolue;;;;;;;;;
KRL_communist;Punakaarti;Punakaarti;Punakaarti;;Punakaarti;;;;;;;;;
KRL_fascist;Fascists;Fascistes;Faschisten;;Fascistas;;;;;;;;;
KRN_parliamentary_republic;Tamil Nadu;;;;;;;;;;;;;
KRN_parliamentary_republic_ADJ;Tamil;;;;;;;;;;;;;
KRN_conservative;Royal Faction;Faction royale;Königsfraktion;;;;;;;;;;;
KRN_liberal;The Liberal Faction;Faction libérale;Die liberale Fraktion;;;;;;;;;;;
KRN_reactionary;The Nationalist Faction;Faction nationaliste;Die nationalistische Fraktion;;;;;;;;;;;
KRN_radical;The Radical Faction;Faction radicale;Die radikale Fraktion;;;;;;;;;;;
KRN_socialist;The Socialist Faction;Faction socialiste;Die sozialistische Fraktion;;;;;;;;;;;
KRN_communist;The Communist Faction;Faction communiste;Die kommunistische Fraktion;;;;;;;;;;;
KRN_fascist;The Fascist Faction;Faction fasciste;Die faschistische Fraktion;;;;;;;;;;;
KRY_conservative;The Conservatives;Faction royale;Königsfraktion;;;;;;;;;;;
KRY_liberal;The Liberals;Faction libérale;Die liberale Fraktion;;;;;;;;;;;
KRY_reactionary;The Khanate Faction;Faction nationaliste;Die nationalistische Fraktion;;;;;;;;;;;
KRY_radical;The Libertains;Faction radicale;Die radikale Fraktion;;;;;;;;;;;
KRY_socialist;The Socialists;Faction socialiste;Die sozialistische Fraktion;;;;;;;;;;;
KRY_communist;The Communists;Faction communiste;Die kommunistische Fraktion;;;;;;;;;;;
KRY_fascist;The Nationalists;Faction fasciste;Die faschistische Fraktion;;;;;;;;;;;
KTI_liberal;The Liberal Faction;;;;;;;;;;;;;
KTI_reactionary;The Nationalist Faction;;;;;;;;;;;;;
KTI_radical;The Radical Faction;;;;;;;;;;;;;
KTI_socialist;The Socialist Faction;;;;;;;;;;;;;
KTI_communist;The Communist Faction;;;;;;;;;;;;;
KTI_fascist;The Fascist Faction;;;;;;;;;;;;;
KYR_conservative;Sarybagyshtar;Faction royale;Königsfraktion;;;;;;;;;;;
KYR_liberal;Akylduular;Faction libérale;Die liberale Fraktion;;;;;;;;;;;
KYR_reactionary;Ulamalar;Faction nationaliste;Die nationalistische Fraktion;;;;;;;;;;;
KYR_radical;Kulatuuçular;Faction radicale;Die radikale Fraktion;;;;;;;;;;;
KYR_radical_1;Taraqqiparvarlar;Faction radicale;Die radikale Fraktion;;;;;;;;;;;
KYR_socialist;Yash Kyrgyzdar;Faction socialiste;Die sozialistische Fraktion;;;;;;;;;;;
KYR_communist;Kyrgyz Kommunistteri;Faction communiste;Die kommunistische Fraktion;;;;;;;;;;;
KYR_fascist;The Fascist Faction;Faction fasciste;Die faschistische Fraktion;;;;;;;;;;;
LAN_conservative;Conservative Kongsi;;;;;;;;;;;;;
LAN_liberal;Liberal Kongsi;;;;;;;;;;;;;
LAN_reactionary;Nationalist Kongsi;;;;;;;;;;;;;
LAN_radical;Radical Kongsi;;;;;;;;;;;;;
LAN_socialist;Socialist Kongsi;;;;;;;;;;;;;
LAN_communist;The Communist Kongsi;;;;;;;;;;;;;
LAN_fascist;Fascist Kongsi;;;;;;;;;;;;;
LBN_liberal;Harakat al-Tajaddod al-Dimoqrati;;;;;;;;;;;;;
LBN_conservative;At-Tayyar al-Watani al-Horr;;;;;;;;;;;;;
LBN_socialist;Hizb al-Taqadummi al-Ishtiraki;;;;;;;;;;;;;
LBN_reactionary;Harakat al-Qawmiyyin al-Arab;;;;;;;;;;;;;
LBN_radical;Hizb al-Wataniyyin al-Ahrar;;;;;;;;;;;;;
LBN_communist;Al-Hizb al-Shooyoo'i al-Lubnani;;;;;;;;;;;;;
LBN_fascist;Phalanges Libanaises;;;;;;;;;;;;;
LNN_conservative;Royal Faction;;;;;;;;;;;;;
LNN_liberal;The Liberal Faction;;;;;;;;;;;;;
LNN_reactionary;The Nationalist Faction;;;;;;;;;;;;;
LNN_radical;The Radical Faction;;;;;;;;;;;;;
LNN_socialist;The Socialist Faction;;;;;;;;;;;;;
LNN_communist;The Communist Faction;;;;;;;;;;;;;
LNN_fascist;The Fascist Faction;;;;;;;;;;;;;
LOM_reactionary;Monarchici;Monarchici;Monarchici;;Monarchici;;;;;;;;;
LOM_liberal;Intransigenti;Intransigenti;Intransige nti;;Intransigenti;;;;;;;;;
LOM_conservative;Transigenti;Transigenti;Transigen ti;;Transigenti;;;;;;;;;
LOM_socialist;Socialisti;Socialisti;Socialisti;;So cialisti;;;;;;;;;
LOM_communist;Rivoluzionari;Rivoluzionari;Rivoluzionari;;Rivoluzio nari;;;;;;;;;
LOM_reactionary_2;Cattolici;Cattolici;Cattolici;;C attolici;;;;;;;;;
LOM_radical;Radicali;Radicali;Radicali;;Radicali;;;;;;;;;
LOM_fascist;Fascisti;Fascisti;Fascisti;;Fascisti;;;;;;;;;
LOS_conservative;Partido Conservador;Partido Conservador;Partido Conservador;;;;;;;;;;;
LOS_liberal;Partido Liberal;Partido Liberal;Partido Liberal;;;;;;;;;;;
LOS_reactionary;Partido Nationalist;Partido nationaliste;Partido Nationalist;;;;;;;;;;;
LOS_radical;Partido Radical;Partido Radical;Partido Radical;;;;;;;;;;;
LOS_socialist;Partido Socialist;Partido socialiste;Partido Socialist;;;;;;;;;;;
LOS_communist;Partido Communist;Partido communiste;Partido Communist;;;;;;;;;;;
LOS_fascist;Partido Fascist;Partido fasciste;Partido Fascist;;;;;;;;;;;
LSK_reactionary;Christian Party;;;;;;;;;;;;;
LSK_conservative;Conservative Party;;;;;;;;;;;;;
LSK_liberal;Liberal Party;;;;;;;;;;;;;
LSK_radical;Revolutionary Party;;;;;;;;;;;;;
LSK_socialist;Socialist Party;;;;;;;;;;;;;
LSK_communist;Bolsheviks;;;;;;;;;;;;;
LSK_fascist;Northern Futurists;;;;;;;;;;;;;
LUZ_conservative;Conservative Party;;;;;;;;;;;;;
LUZ_liberal;Liberal Party;;;;;;;;;;;;;
LUZ_reactionary;Nationalist Party;;;;;;;;;;;;;
LUZ_radical;Radical Party;;;;;;;;;;;;;
LUZ_socialist;Socialist Party;;;;;;;;;;;;;
LUZ_communist;Communist Party;;;;;;;;;;;;;
LUZ_fascist;Fascist Party;;;;;;;;;;;;;
LXA_conservative;Royal Faction;;;;;;;;;;;;;
LXA_liberal;The Liberal Faction;;;;;;;;;;;;;
LXA_reactionary;The Nationalist Faction;;;;;;;;;;;;;
LXA_radical;The Radical Faction;;;;;;;;;;;;;
LXA_socialist;The Socialist Faction;;;;;;;;;;;;;
LXA_communist;The Communist Faction;;;;;;;;;;;;;
LXA_fascist;The Fascist Faction;;;;;;;;;;;;;
MAH_liberal;The Liberal Faction;;;;;;;;;;;;;
MAH_reactionary;The Nationalist Faction;;;;;;;;;;;;;
MAH_radical;The Radical Faction;;;;;;;;;;;;;
MAH_socialist;The Socialist Faction;;;;;;;;;;;;;
MAH_communist;Communist Faction;;;;;;;;;;;;;
MAH_fascist;The Fascist Faction;;;;;;;;;;;;;
MDR_conservative;Partido Conservador;;;;;;;;;;;;;
MDR_liberal;Partido Liberal;;;;;;;;;;;;;
MDR_reactionary;Partido Real;;;;;;;;;;;;;
MDR_socialist;Partido Socialist;;;;;;;;;;;;;
MDR_communist;Partido Communist;;;;;;;;;;;;;
MDR_radical;Partido Anarchist;;;;;;;;;;;;;
MDR_fascist;Fascistos;;;;;;;;;;;;;
MLI_liberal;African Regroupment Party;;;;;;;;;;;;;
MLI_radical;Party for Unity, Democracy and Progress;;;;;;;;;;;;;
MLI_conservative;Progressive Party;;;;;;;;;;;;;
MLI_reactionary;UDPM;;;;;;;;;;;;;
MLI_socialist;Alliance for Democracy;;;;;;;;;;;;;
MLI_communist;Party of Labor;;;;;;;;;;;;;
MLI_fascist;Patriotic Movement for Renewal;;;;;;;;;;;;;
MLT_conservative;Partit Nazzjonalista;Partit Nazzjonalista;Partit Nazzjonalista;;;;;;;;;;;
MLT_liberal;Constitutional Party;Constitutional Party;Constitutional Party;;;;;;;;;;;
MLT_reactionary;Azzjoni Nazzjonali;Azzjoni Nazzjonali;Azzjoni Nazzjonali;;;;;;;;;;;
MLT_socialist;Partit Laburista;Partit Laburista;Partit Laburista;;;;;;;;;;;
MLT_communist;Communist Party;Communist Party;Communist Party;;;;;;;;;;;
MLT_radical;Alpha Partit Liberali;Alpha Partit Liberali;Alpha Partit Liberali;;;;;;;;;;;
MLT_fascist;Imperium Europa;Imperium Europa;Imperium Europa;;;;;;;;;;;
MLW_liberal;United Democratic Front;;;;;;;;;;;;;
MLW_conservative;Democratic Progressive Party;;;;;;;;;;;;;
MLW_socialist;Alliance for Democracy;;;;;;;;;;;;;
MLW_reactionary;Malawi Congress Party;;;;;;;;;;;;;
MLW_radical;Malawi Forum for Unity and Development;;;;;;;;;;;;;
MLW_communist;Communist Party of Malawi;;;;;;;;;;;;;
MLW_fascist;Fascist Party of Malawi;;;;;;;;;;;;;
MOD_reactionary;Restaurazionisti;Restaurazionisti;Restaurazionisti;;Restaurazionis ti;;;;;;;;;
MOD_conservative;Moderati ;Moderati ;Moderati;;Moderati ;;;;;;;;;
MOD_liberal;Riformisti ;Riformisti ;Riformisti;;Riformisti ;;;;;;;;;
MOD_liberal_2;Liberali;Liberali;Liberali;;Liberali ;;;;;;;;;
MOD_socialist;Socialisti;Socialisti;Socialisti;;Socialisti;;;;;;;;;
MOD_conservative_2;Popolari;Popolari;Popolari;;Pop olari;;;;;;;;;
MOD_radical;Radicali;Radicali;Radicali;;Radicali;;;;;;;;;
MOD_communist;Comunisti;Comunisti;Comunisti;;Comunisti;;;;;;;;;
MOD_fascist;Fascisti;Fascisti;Fascisti;;Fascisti;;;;;;;;;
MOZ_liberal;Social Liberal Party;;;;;;;;;;;;;
MOZ_conservative;Mozambique Democratic Party;;;;;;;;;;;;;
MOZ_socialist;UDENAMO;;;;;;;;;;;;;
MOZ_reactionary;RENAMO;;;;;;;;;;;;;
MOZ_radical;Independent Party of Mozambique;;;;;;;;;;;;;
MOZ_communist;FRELIMO;;;;;;;;;;;;;
MOZ_fascist;Mozambique People's Progress Party;;;;;;;;;;;;;
NEJ_conservative;Al-Sa'ud;;;;;;;;;;;;;
NEJ_liberal;Al-Ahrar;;;;;;;;;;;;;
NEJ_reactionary;Al-Da'wa al-Wahhabiyyah;;;;;;;;;;;;;
NEJ_radical;Al-Hizb al-Metterf;;;;;;;;;;;;;
NEJ_socialist;Hizb al-Ba'ath al-'Arabi al-Ishtiraki;;;;;;;;;;;;;
NEJ_communist;Al-Hizb al-Shuyu'i;;;;;;;;;;;;;
NEJ_fascist;Al-Hizb al-Fashy;;;;;;;;;;;;;
NGR_liberal;National Council;;;;;;;;;;;;;
NGR_conservative;Northern People's Congress;;;;;;;;;;;;;
NGR_socialist;Action Group;;;;;;;;;;;;;
NGR_reactionary;Nigerian National Democratic Party;;;;;;;;;;;;;
NGR_radical;NEPU;;;;;;;;;;;;;
NGR_communist;Commoners Party;;;;;;;;;;;;;
NGR_fascist;Dynamic Party;;;;;;;;;;;;;
NIG_liberal;UPDP;;;;;;;;;;;;;
NIG_conservative;Democratic and Social Convention;;;;;;;;;;;;;
NIG_socialist;Sawaba;;;;;;;;;;;;;
NIG_reactionary;MNSD;;;;;;;;;;;;;
NIG_radical;;;;;;;;;;;;;
NIG_communist;Progressive Party;;;;;;;;;;;;;
NIG_fascist;Party for People's Dignity;;;;;;;;;;;;;
NOR_liberal;Liberals;;;;;;;;;;;;;
NOR_liberal_2;Venstre;;;;;;;;;;;;;
NOR_conservative;Conservatives;;;;;;;;;;;;;
NOR_conservative_2;Høyre;;;;;;;;;;;;;
NOR_conservative_3;Moderate Venstre;;;;;;;;;;;;;
NOR_conservative_4;Samlingspartiet;;;;;;;;;;;;;
NOR_conservative_5;Frisinnede Venstre;;;;;;;;;;;;;
NOR_conservative_6;Kristelig Folkeparti;;;;;;;;;;;;;
NOR_radical_2;Arbeiderdemokratene;;;;;;;;;;;;;
NOR_socialist;Socialists;;;;;;;;;;;;;
NOR_socialist_2;Det Norske Arbeiderparti;;;;;;;;;;;;;
NOR_socialist_3;Norges Socialdemokratiske Arbeiderparti;;;;;;;;;;;;;
NOR_socialist_4;Bondepartiet;;;;;;;;;;;;;
NOR_communist_2;Det Norske Arbeiderparti;;;;;;;;;;;;;
NOR_communist_3;Norges Kommunistiske Parti;;;;;;;;;;;;;
NOR_fascist;Nationalists;;;;;;;;;;;;;
NOR_fascist_2;Nasjonal Samling;;;;;;;;;;;;;
CZH_fascist;Vlajka;;;;;;;;;;;;;
SLV_fascist;Slovenská Ludová Strana;;;;;;;;;;;;;
BEL_fascist;Parti Rexiste;;;;;;;;;;;;;
NOV_liberal;Liberal Party;Parti libéral;Liberale Partei;;;;;;;;;;;
NOV_conservative;Conservative Party;Parti conservateur;Conservative Party;;;;;;;;;;;
NOV_reactionary;Nationalist Party;Parti nationaliste;Nationalist Party;;;;;;;;;;;
NOV_radical;Radical Party;Parti radical;Radical Party;;;;;;;;;;;
NOV_socialist;Socialist Party;Parti socialiste;Socialist Party;;;;;;;;;;;
NOV_communist;Communist Party;Parti communiste;Communist Party;;;;;;;;;;;
NOV_fascist;Fascist Party;Parti fasciste;Fascist Party;;;;;;;;;;;
NQL_conservative;Conservative Faction;Conservative Faction;Conservative Faction;;;;;;;;;;;
NQL_conservative_1;Nationalist Party;Nationalist Party;Nationalist Party;;;;;;;;;;;
NQL_conservative_2;United Australia Party;United Australia Party;United Australia Party;;;;;;;;;;;
NQL_liberal;Liberal Faction;Liberal Faction;Liberal Faction;;;;;;;;;;;
NQL_liberal_1;Liberal Party;Liberal Party;Liberal Party;;;;;;;;;;;
NQL_socialist;Labour Faction;Labour Faction;Labour Faction;;;;;;;;;;;
NQL_socialist_1;Labor Party;Labor Party;Labor Party;;;;;;;;;;;
NQL_communist;Communist Party;Communist Party;Communist Party;;;;;;;;;;;
NQL_reactionary;Radical Nationalists;Radical Nationalists;Radical Nationalists;;;;;;;;;;;
NQL_reactionary_2;Country Party;Country Party;Country Party;;;;;;;;;;;
NQL_radical;Radical Liberals;Radical Liberals;Radical Liberals;;;;;;;;;;;
NQL_fascist;Fascist Party;Fascist Party;Fascist Party;;;;;;;;;;;
NSW_conservative;Conservative Faction;Conservative Faction;Conservative Faction;;;;;;;;;;;
NSW_conservative_1;Protectionist Party;Protectionist Party;Protectionist Party;;;;;;;;;;;
NSW_conservative_2;Progressive Party;Progressive Party;Progressive Party;;;;;;;;;;;
NSW_conservative_3;Nationalist Party;Nationalist Party;Nationalist Party;;;;;;;;;;;
NSW_conservative_4;United Australia Party;United Australia Party;United Australia Party;;;;;;;;;;;
NSW_liberal;Liberal Faction;Liberal Faction;Liberal Faction;;;;;;;;;;;
NSW_liberal_1;Free Trade Party;Free Trade Party;Free Trade Party;;;;;;;;;;;
NSW_liberal_2;Liberal Reform Party;Liberal Reform Party;Liberal Reform Party;;;;;;;;;;;
NSW_liberal_3;Liberal Party;Liberal Party;Liberal Party;;;;;;;;;;;
NSW_socialist;Labour Faction;Labour Faction;Labour Faction;;;;;;;;;;;
NSW_socialist_1;Labor Party;Labor Party;Labor Party;;;;;;;;;;;
NSW_communist;Communist Party;Communist Party;Communist Party;;;;;;;;;;;
NSW_reactionary;Radical Nationalists;Radical Nationalists;Radical Nationalists;;;;;;;;;;;
NSW_reactionary_1;Farmers and Settlers Party;Farmers and Settlers Party;Farmers and Settlers Party;;;;;;;;;;;
NSW_reactionary_2;Progressive Party;Progressive Party;Progressive Party;;;;;;;;;;;
NSW_reactionary_3;Country Party;Country Party;Country Party;;;;;;;;;;;
NSW_radical;Radical Liberals;Radical Liberals;Radical Liberals;;;;;;;;;;;
NSW_fascist;New Guard;New Guard;New Guard;;;;;;;;;;;
NTA_conservative;Conservative Faction;Conservative Faction;Conservative Faction;;;;;;;;;;;
NTA_conservative_1;Nationalist Party;Nationalist Party;Nationalist Party;;;;;;;;;;;
NTA_conservative_2;United Australia Party;United Australia Party;United Australia Party;;;;;;;;;;;
NTA_liberal;Liberal Faction;Liberal Faction;Liberal Faction;;;;;;;;;;;
NTA_liberal_1;Liberal Party;Liberal Party;Liberal Party;;;;;;;;;;;
NTA_socialist;Labour Faction;Labour Faction;Labour Faction;;;;;;;;;;;
NTA_socialist_1;Labor Party;Labor Party;Labor Party;;;;;;;;;;;
NTA_communist;Communist Party;Communist Party;Communist Party;;;;;;;;;;;
NTA_reactionary;Radical Nationalists;Radical Nationalists;Radical Nationalists;;;;;;;;;;;
NTA_reactionary_2;Country Party;Country Party;Country Party;;;;;;;;;;;
NTA_radical;Radical Liberals;Radical Liberals;Radical Liberals;;;;;;;;;;;
NTA_fascist;Fascist Party;Fascist Party;Fascist Party;;;;;;;;;;;
OAX_conservative;Conservative Party;;;;;;;;;;;;;
OAX_liberal;Liberal Party;;;;;;;;;;;;;
OAX_reactionary;Nationalist Party;;;;;;;;;;;;;
OAX_radical;Radical Party;;;;;;;;;;;;;
OAX_socialist;Socialist Party;;;;;;;;;;;;;
OAX_communist;Communist Party;;;;;;;;;;;;;
OAX_fascist;Fascist Party;;;;;;;;;;;;;
PAP_parliamentary_republic;The Roman Republic;;;;;;;;;;;;;
PAP_ADJ_democracy;Roman;;;;;;;;;;;;;
PAP_ADJ_presidential_dictatorship;Roman;;;;;;;;;;;;;
PAP_ADJ_parliamentary_republic;Roman;;;;;;;;;;;;;
PAP_ADJ_proletarian_dictatorship;Roman;;;;;;;;;;;;;
PAP_ADJ_fascist_dictatorship;Roman;;;;;;;;;;;;;
PAP_ADJ_theocracy;Papal;;;;;;;;;;;;;
PAR_reactionary;Restaurazionisti;Restaurazionisti;Restaurazionisti;;Restaurazionis ti;;;;;;;;;
PAR_conservative;Moderati ;Moderati ;Moderati;;Moderati ;;;;;;;;;
PAR_liberal;Riformisti ;Riformisti ;Riformisti;;Riformisti ;;;;;;;;;
PAR_liberal_2;Liberali;Liberali;Liberali;;Liberali ;;;;;;;;;
PAR_socialist;Socialisti;Socialisti;Socialisti;;Socialisti;;;;;;;;;
PAR_conservative_2;Popolari;Popolari;Popolari;;Pop olari;;;;;;;;;
PAR_radical;Radicali;Radicali;Radicali;;Radicali;;;;;;;;;
PAR_communist;Comunisti;Comunisti;Comunisti;;Comunisti;;;;;;;;;
PAR_fascist;Fascisti;Fascisti;Fascisti;;Fascisti;;;;;;;;;
KHR_conservative;Selsele-ye Shahanshahi;;;;;;;;;;;;;
PER_parliamentary_republic;Iran;;;;;;;;;;;;;
PER_communist;Tudeh Party of Iran;;;;;;;;;;;;;
PER_conservative;Selsele-ye Qajar;;;;;;;;;;;;;
PER_reactionary_2;Selsele-ye Pahlavi;;;;;;;;;;;;;
PER_radical;Bazaari Faction;;;;;;;;;;;;;
PER_socialist;Hizb-e Socialyist;;;;;;;;;;;;;
PER_fascist;SUMKA;;;;;;;;;;;;;
PER_liberal;Constitutionalist Party;;;;;;;;;;;;;
PER_liberal_2;National Front;;;;;;;;;;;;;
PLS_reactionary;Al Raj'i;;;;;;;;;;;;;
PLS_conservative;Al Muhafidh;;;;;;;;;;;;;
PLS_liberal;Al Mutaharir;;;;;;;;;;;;;
PLS_radical;Al Anarkiliberali;;;;;;;;;;;;;
PLS_socialist;Al Ishtiraki;;;;;;;;;;;;;
PLS_communist;Al Shiu'i;;;;;;;;;;;;;
PLS_fascist;Al Fashi;;;;;;;;;;;;;
PHL_reactionary;Partido Tradicionalista;Partido Tradicionalista;Partido Tradicionalista;;;;;;;;;;;
PHL_socialist;Partido Demokratiko;Partido Demokratiko;Partido Demokratiko;;;;;;;;;;;
PHL_communist;Partido Komunista;Partido Komunista;Partido Komunista;;;;;;;;;;;
PHL_liberal;Partido Liberal;Partido Liberal;Partido Liberal;;;;;;;;;;;
PHL_radical;Partido Libertad;Partido Libertad;Partido Libertad;;;;;;;;;;;
PHL_conservative;Partido Nacionalista;Partido Nacionalista;Partido Nacionalista;;;;;;;;;;;
PHL_fascist;Partido Nacional Socialista;;;;;;;;;;;;;
PNJ_conservative;Khalsa;;;;;;;;;;;;;
PNJ_liberal;Fauj-i-Khas;;;;;;;;;;;;;
PNJ_reactionary;Misls;;;;;;;;;;;;;
PNJ_radical;The Radical Party;;;;;;;;;;;;;
PNJ_socialist;The Socialist Party;;;;;;;;;;;;;
PNJ_communist;The Communist Party;;;;;;;;;;;;;
PNJ_fascist;The Fascist Party;;;;;;;;;;;;;
PRI_liberal;Partido Liberal;Partido Liberal;Partido Liberal;;;;;;;;;;;
PRI_socialist;Partido Socialista;Partido Socialista;Partido Socialista;;;;;;;;;;;
PRI_conservative;Partido Estadista Republicano;Partido Estadista Republicano;Partido Estadista Republicano;;;;;;;;;;;
PRI_radical;Partido Anarchista;Partido Anarchista;Partido Anarchista;;;;;;;;;;;
PRI_communist;Partido Comunista;Partido Comunista;Partido Comunista;;;;;;;;;;;
PRI_fascist;Partido Nacionalista;Partido Nacionalista;Partido Nacionalista;;;;;;;;;;;
PRI_reactionary;Unión Republicana;Unión Republicana;Unión Republicana;;;;;;;;;;;
PTG_conservative;Royal Faction;;;;;;;;;;;;;
PTG_liberal;The Liberal Faction;;;;;;;;;;;;;
PTG_reactionary;The Nationalist Faction;;;;;;;;;;;;;
PTG_radical;The Radical Faction;;;;;;;;;;;;;
PTG_socialist;The Socialist Faction;;;;;;;;;;;;;
PTG_communist;The Communist Faction;;;;;;;;;;;;;
PTG_fascist;The Fascist Faction;;;;;;;;;;;;;
PZN_dominion;Grand Duchy of Poznan;;;;;;;;;;;;;
QLD_conservative;Conservative Faction;Conservative Faction;Conservative Faction;;;;;;;;;;;
QLD_conservative_1;Nationalist Party;Nationalist Party;Nationalist Party;;;;;;;;;;;
QLD_conservative_2;United Party;United Party;United Party;;;;;;;;;;;
QLD_conservative_3;Country & Progressive National Party;Country & Progressive National Party;Country & Progressive National Party;;;;;;;;;;;
QLD_liberal;Liberal Faction;Liberal Faction;Liberal Faction;;;;;;;;;;;
QLD_liberal_1;Liberal Party;Liberal Party;Liberal Party;;;;;;;;;;;
QLD_socialist;Labour Faction;Labour Faction;Labour Faction;;;;;;;;;;;
QLD_socialist_1;Labor Party;Labor Party;Labor Party;;;;;;;;;;;
QLD_communist;Communist Party;Communist Party;Communist Party;;;;;;;;;;;
QLD_reactionary;Radical Nationalists;Radical Nationalists;Radical Nationalists;;;;;;;;;;;
QLD_reactionary_2;Queensland Farmers Union;Queensland Farmers Union;Queensland Farmers Union;;;;;;;;;;;
QLD_reactionary_3;Country Party;Country Party;Country Party;;;;;;;;;;;
QLD_radical;Radical Liberals;Radical Liberals;Radical Liberals;;;;;;;;;;;
QLD_fascist;Fascist Party;Fascist Party;Fascist Party;;;;;;;;;;;
CHI_conservative;Junjichu;;;;;;;;;;;;;
CHI_conservative_2;Ziqiang Yundong;;;;;;;;;;;;;
CHI_conservative_3;Beiyang;;;;;;;;;;;;;
CHI_conservative_4;Kuomintang;;;;;;;;;;;;;
CHI_conservative_5;Mínzhudang;;;;;;;;;;;;;
CHI_liberal;Gai Liang Pai;;;;;;;;;;;;;
CHI_liberal_2;Xingzhonghui;;;;;;;;;;;;;
CHI_liberal_3;Zhongguó Mínzhu Tóngméng;;;;;;;;;;;;;
CHI_liberal_4;Yang Wu Pai;;;;;;;;;;;;;
CHI_reactionary;Kongjiào Yundong;;;;;;;;;;;;;
CHI_reactionary_2;Jìnbùdang;;;;;;;;;;;;;
CHI_radical;Zhongguó Mínzhu Jiànguó Huì;;;;;;;;;;;;;
CHI_socialist;Zhongguó Guójia Shèhuì Dang;;;;;;;;;;;;;
CHI_communist;Zhongguó Gòngchandang;;;;;;;;;;;;;
CHI_fascist;Kai-tsu P'ai;;;;;;;;;;;;;
RGR_conservative;Partido Conservador;Partido Conservador;Partido Conservador;;;;;;;;;;;
RGR_liberal;Partido Liberal;Partido Liberal;Partido Liberal;;;;;;;;;;;
RGR_radical;Partido Federalista;Partido Federalista;Partido Federalista;;;;;;;;;;;
RGR_conservative_2;Partido Moderado Liberal;Partido Moderado Liberal;Partido Moderado Liberal;;;;;;;;;;;
RGR_liberal_2;Partido Radical Liberal;Partido Radical Liberal;Partido Radical Liberal;;;;;;;;;;;
RGR_liberal_3;Partido Progresista;Partido Progresista;Partido Progresista;;;;;;;;;;;
RGR_conservative_3;Partido Constitucionalista;Partido Constitucionalista;Partido Constitucionalista;;;;;;;;;;;
RGR_liberal_4;Partido Antireelecionista;Partido Antireelecionista;Partido Antireelecionista;;;;;;;;;;;
RGR_reactionary;Partido Imperialista;Partido Imperialista;Partido Imperialista;;;;;;;;;;;
RGR_socialist;Partido Socialist;Partido socialiste;Partido Socialist;;;;;;;;;;;
RGR_communist;Partido Communist;Partido communiste;Partido Communist;;;;;;;;;;;
RGR_fascist;Partido Fascist;Partido fasciste;Partido Fascist;;;;;;;;;;;
RHO_conservative;Bamangwato Party;Parti de la Bamangwato;Bamangwato Party;;Partido de Bamangwato;;;;;;;;;
RHO_liberal;United Federal Party;Parti Fédéral Uni;United Federal Party;;Partido Federal Unido;;;;;;;;;
RHO_reactionary;Bamangwato Front;Front bamangwaten;Bamangwato Front;;Frente Bamangwato;;;;;;;;;
RHO_socialist;ZANU;ZANU;ZANU;;ZANU;;;;;;;;;
RHO_communist;ZAPU;ZAPU;ZAPU;;ZAPU;;;;;;;;;
RHO_radical;Responsible Government Association;Association pour un Gouvernement responsable;Responsible Government Association;;Asociación por un Gobierno Responsable;;;;;;;;;
RHO_fascist;The When-Wes;When-Wes;The When-Wes;;Los When-Wes;;;;;;;;;
RHI_liberal;Liberaldem. Partei;Liberaldem. Partei;Liberaldem. Partei;;;;;;;;;;;
RHI_conservative;Zentrumspartei;Zentrumspartei;Zentrumspartei;;;;;;;;;;;
RHI_liberal_2;Nationalliberale ;Nationalliberale ;Nationalliberale ;;;;;;;;;;;
RHI_liberal_3;Freisinnige Partei;Freisinnige Partei;Freisinnige Partei;;;;;;;;;;;
RHI_socialist;Deutscher Arbeiterverein;Deutscher Arbeiterverein;Deutscher Arbeiterverein;;;;;;;;;;;
RHI_socialist_2;Sozialdem. Arbeiterpartei ;Sozialdem. Arbeiterpartei ;Sozialdem. Arbeiterpartei ;;;;;;;;;;;
RHI_socialist_3;Sozial. Arbeiterpartei ;Sozial. Arbeiterpartei ;Sozial. Arbeiterpartei ;;;;;;;;;;;
RHI_reactionary;Nationale Partei;Nationale Partei;Nationale Partei;;;;;;;;;;;
RHI_conservative_2;Konservative Partei;Konservative Partei;Konservative Partei;;;;;;;;;;;
RHI_conservative_3;Christsoz. Arbeiterpartei;Christsoz. Arbeiterpartei;Christsoz. Arbeiterpartei;;;;;;;;;;;
RHI_radical;Radical Arbeiterpartei;Arbeiterpartei radical;Radikale Arbeiterpartei;;;;;;;;;;;
RHI_communist;Communist Arbeiterpartei;Arbeiterpartei communiste;Kommunistische Arbeiterpartei;;;;;;;;;;;
RHI_fascist;NSDP;NSDP;NSDP;;;;;;;;;;;
RPL_dominion;The Hudson's Bay Company;;;;;;;;;;;;;
RPL_dominion_ADJ;British;;;;;;;;;;;;;
RYU_conservative;National Party;;;;;;;;;;;;;
RYU_liberal;Liberal Party;;;;;;;;;;;;;
RYU_reactionary;Monarchist Party;;;;;;;;;;;;;
RYU_radical;Libertarian Party;;;;;;;;;;;;;
RYU_socialist;Social-Democratic Pary;;;;;;;;;;;;;
RYU_communist;United Workers Party;;;;;;;;;;;;;
RYU_fascist;National-Socialist Party;;;;;;;;;;;;;
SAA_liberal;Demokratische Partei;Liberaldem. Partei;Liberaldem. Partei;;;;;;;;;;;
SAA_conservative;Zentrumspartei des Saargebietes;Zentrumspartei;Zentrumspartei;;;;;;;;;;;
SAA_liberal_2;Sozialdemokratische Partei;Nationalliberale ;Nationalliberale ;;;;;;;;;;;
SAA_socialist;Christlich Soziale Partei Saar;Deutscher Arbeiterverein;Deutscher Arbeiterverein;;;;;;;;;;;
SAA_reactionary;Deutsch Nationale Partei;Nationale Partei;Nationale Partei;;;;;;;;;;;
SAA_conservative_2;Deutsche Demokratische Partei;Konservative Partei;Konservative Partei;;;;;;;;;;;
SAA_radical;Radical Arbeiterpartei;Arbeiterpartei radical;Radikale Arbeiterpartei;;;;;;;;;;;
SAA_communist;Kommunistische Partei;Arbeiterpartei communiste;Kommunistische Arbeiterpartei;;;;;;;;;;;
SAA_fascist;Deutsche Front;NSDP;NSDP;;;;;;;;;;;
SAR_reactionary;Restaurazionisti;Restaurazionisti;Restaurazionisti;;Restaurazionis ti;;;;;;;;;
SAR_conservative;Moderati;Moderati ;Moderati;;Moderati ;;;;;;;;;
SAR_liberal;Riformisti;Riformisti ;Riformisti;;Riformisti ;;;;;;;;;
SAR_liberal_2;Liberali;Liberali;Liberali;;Liberali ;;;;;;;;;
SAR_socialist;Socialisti;Socialisti;Socialisti;;Socialisti;;;;;;;;;
SAR_conservative_2;Popolari;Popolari;Popolari;;Pop olari;;;;;;;;;
SAR_radical;Radicali;Radicali;Radicali;;Radicali;;;;;;;;;
SAR_communist;Comunisti;Comunisti;Comunisti;;Comunisti;;;;;;;;;
SAR_fascist;Fascisti;Fascisti;Fascisti;;Fascisti;;;;;;;;;
SAS_conservative;Conservative Faction;Conservative Faction;Conservative Faction;;;;;;;;;;;
SAS_conservative_1;Conservative Party;Conservative Party;Conservative Party;;;;;;;;;;;
SAS_conservative_2;Nationalist Party;Nationalist Party;Nationalist Party;;;;;;;;;;;
SAS_conservative_3;Liberal and Country League;Liberal and Country League;Liberal and Country League;;;;;;;;;;;
SAS_liberal;Liberal Faction;Liberal Faction;Liberal Faction;;;;;;;;;;;
SAS_liberal_1;Liberal Party;Liberal Party;Liberal Party;;;;;;;;;;;
SAS_liberal_2;Liberal and Democratic Union;Liberal and Democratic Union;Liberal and Democratic Union;;;;;;;;;;;
SAS_liberal_3;Liberal Union;Liberal Union;Liberal Union;;;;;;;;;;;
SAS_liberal_4;Liberal Federation;Liberal Federation;Liberal Federation;;;;;;;;;;;
SAS_socialist;Labour Faction;Labour Faction;Labour Faction;;;;;;;;;;;
SAS_socialist_1;Labor Party;Labor Party;Labor Party;;;;;;;;;;;
SAS_communist;Communist Party;Communist Party;Communist Party;;;;;;;;;;;
SAS_reactionary;Radical Nationalists;Radical Nationalists;Radical Nationalists;;;;;;;;;;;
SAS_reactionary_2;Country Party;Country Party;Country Party;;;;;;;;;;;
SAS_radical;Radical Liberals;Radical Liberals;Radical Liberals;;;;;;;;;;;
SAS_fascist;Fascist Party;Fascist Party;Fascist Party;;;;;;;;;;;
SHA_conservative;Thipchak Dynasty;;;;;;;;;;;;;
SHA_liberal;Democratic Party;;;;;;;;;;;;;
SHA_socialist;Progressive Party;;;;;;;;;;;;;
SHA_communist;Communist Party;;;;;;;;;;;;;
SHA_reactionary;Unity Party;;;;;;;;;;;;;
SHA_radical;Radical Party;;;;;;;;;;;;;
SHA_fascist;Fascist Party;;;;;;;;;;;;;
SIB_conservative;Slavophile;Slavophile;Slawophile;;;;;;;;;;;
SIB_liberal;Westerniser;Westerniser;Westler;;;;;;;;;;;
SIB_communist;Social Democratic;Social-démocrate;Social Democratic;;;;;;;;;;;
SIB_socialist;Menshevik;Menshevik;Menschewiki;;;;;;;;;;;
SIB_reactionary;Panslavic;Panslavic;Panslawisten;;;;;;;;;;;
SIB_conservative_2;Octobrists;Octobristes;Octobristen;;;;;;;;;;;
SIB_radical;Radicals;Radicaux;Radikale;;;;;;;;;;;
SIB_fascist;Fascists;Fascistes;Faschisten;;;;;;;;;;;
SLE_liberal;United Progressive Party;;;;;;;;;;;;;
SLE_radical;National Unity Movement;;;;;;;;;;;;;
SLE_conservative;National Council;;;;;;;;;;;;;
SLE_reactionary;National Reformation Council;;;;;;;;;;;;;
SLE_socialist;Sierra Leone People's Party;;;;;;;;;;;;;
SLE_communist;All People's Congress;;;;;;;;;;;;;
SLE_fascist;Dawoh;;;;;;;;;;;;;
SLS_liberal;Liberaldem. Partei;Liberaldem. Partei;Liberaldem. Partei;;Liberaldem. Partei;;;;;;;;;
SLS_conservative;Zentrumspartei;Zentrumspartei;Zentrumspartei;;Zentrumspartei;;;;;;;;;
SLS_liberal_2;Nationalliberale ;Nationalliberale ;Nationalliberale ;;Nationalliberale ;;;;;;;;;
SLS_socialist;Deutscher Arbeiterverein;Deutscher Arbeiterverein;Deutscher Arbeiterverein;;Deutscher Arbeiterverein;;;;;;;;;
SLS_reactionary;Nationale Partei;Nationale Partei;Nationale Partei;;Nationale Partei;;;;;;;;;
SLS_conservative_2;Konservative Partei;Konservative Partei;Konservative Partei;;Konservative Partei;;;;;;;;;
SLS_radical;Radical Arbeiterpartei;Arbeiterpartei radical;Radikale Arbeiterpartei;;Radical Arbeiterpartei;;;;;;;;;
SLS_communist;Communist Arbeiterpartei;Arbeiterpartei communiste;Kommunistische Arbeiterpartei;;Communist Arbeiterpartei;;;;;;;;;
SLS_fascist;Fascists;;;;;;;;;;;;;
SMI_liberal;Liberal Party;Liberal Party;Liberal Party;;;;;;;;;;;
SMI_conservative;Conservative Party;Conservative Party;Conservative Party;;;;;;;;;;;
SMI_reactionary;Nationalist Party;Nationalist Party;Nationalist Party;;;;;;;;;;;
SMI_socialist;Labor Party;Labour Party;Labour Party;;;;;;;;;;;
SMI_radical;Radical Party;Radical Party;Radical Party;;;;;;;;;;;
SMI_communist;Communist Party;Communist Party;Communist Party;;;;;;;;;;;
SMI_fascist;Fascist Party;Fascist Party;Fascist Party;;;;;;;;;;;
SNG_liberal;Senegalese Democratic Party;;;;;;;;;;;;;
SNG_radical;Convention of Democrats and Patriots;;;;;;;;;;;;;
SNG_conservative;African Regroupment Party;;;;;;;;;;;;;
SNG_reactionary;Senegalese Solidarity Party;;;;;;;;;;;;;
SNG_socialist;Senegalese Progressive Union;;;;;;;;;;;;;
SNG_communist;African Independence Party;;;;;;;;;;;;;
SNG_fascist;Alliance of the Forces of Progress;;;;;;;;;;;;;
SON_conservative;Partido Conservador;Partido Conservador;Partido Conservador;;;;;;;;;;;
SON_liberal;Partido Liberal;Partido Liberal;Partido Liberal;;;;;;;;;;;
SON_radical;Partido Federalista;Partido Federalista;Partido Federalista;;;;;;;;;;;
SON_conservative_2;Partido Moderado Liberal;Partido Moderado Liberal;Partido Moderado Liberal;;;;;;;;;;;
SON_liberal_2;Partido Radical Liberal;Partido Radical Liberal;Partido Radical Liberal;;;;;;;;;;;
SON_liberal_3;Partido Progresista;Partido Progresista;Partido Progresista;;;;;;;;;;;
SON_conservative_3;Partido Constitucionalista;Partido Constitucionalista;Partido Constitucionalista;;;;;;;;;;;
SON_liberal_4;Partido Antireelecionista;Partido Antireelecionista;Partido Antireelecionista;;;;;;;;;;;
SON_reactionary;Partido Imperialista;Partido Imperialista;Partido Imperialista;;;;;;;;;;;
SON_socialist;Partido Socialist;Partido socialiste;Partido Socialist;;;;;;;;;;;
SON_communist;Partido Communist;Partido communiste;Partido Communist;;;;;;;;;;;
SON_fascist;Partido Fascist;Partido fasciste;Partido Fascist;;;;;;;;;;;
SRI_dominion;Ceylon;;;;;;;;;;;;;
SRI_dominion_ADJ;Ceylonian;;;;;;;;;;;;;
SRI_conservative;Royal Faction;;;;;;;;;;;;;
SRI_liberal;The Liberal Faction;;;;;;;;;;;;;
SRI_reactionary;The Nationalist Faction;;;;;;;;;;;;;
SRI_radical;The Radical Faction;;;;;;;;;;;;;
SRI_socialist;The Socialist Faction;;;;;;;;;;;;;
SRI_communist;The Communist Faction;;;;;;;;;;;;;
SRI_fascist;The Fascist Faction;;;;;;;;;;;;;
BKF_liberal;UNDD;;;;;;;;;;;;;
BKF_radical;Voltaic Progressive Union;;;;;;;;;;;;;
BKF_conservative;Voltaic Union;;;;;;;;;;;;;
BKF_reactionary;UDV-RDA;;;;;;;;;;;;;
BKF_socialist;Voltaic Democratic Movement;;;;;;;;;;;;;
BKF_communist;Voltaic Communist Organization;;;;;;;;;;;;;
BKF_fascist;Rejectors Front;;;;;;;;;;;;;
SUD_reactionary;The Mahdists;;;;;;;;;;;;;
SUD_conservative;Al Muhafidh;;;;;;;;;;;;;
SUD_liberal;Al Mutaharir;;;;;;;;;;;;;
SUD_radical;Al Anarkiliberali;;;;;;;;;;;;;
SUD_socialist;Al Ishtiraki;;;;;;;;;;;;;
SUD_communist;Al Shiu'i;;;;;;;;;;;;;
SUD_fascist;Al Fashi;;;;;;;;;;;;;
SUL_conservative;Sultan's Faction;;;;;;;;;;;;;
SUL_liberal;Reformist Faction;;;;;;;;;;;;;
SUL_socialist;Progressive Faction;;;;;;;;;;;;;
SUL_communist;Communist Faction;;;;;;;;;;;;;
SUL_reactionary;Nationalist Faction;;;;;;;;;;;;;
SUL_radical;Radical Faction;;;;;;;;;;;;;
SUL_fascist;Fascist Faction;;;;;;;;;;;;;
SWH_liberal;Liberaldem. Partei;Liberaldem. Partei;Liberaldem. Partei;;;;;;;;;;;
SWH_conservative;Zentrumspartei;;;;;;;;;;;;;
SWH_liberal_2;Nationalliberale;;;;;;;;;;;;;
SWH_liberal_3;Freisinnige Partei;;;;;;;;;;;;;
SWH_socialist;Deutscher Arbeiterverein;;;;;;;;;;;;;
SWH_socialist_2;Sozialdem. Arbeiterpartei;;;;;;;;;;;;;
SWH_socialist_3;Sozial. Arbeiterpartei;;;;;;;;;;;;;
SWH_reactionary;Nationale Partei;;;;;;;;;;;;;
SWH_conservative_2;Konservative Partei;;;;;;;;;;;;;
SWH_conservative_3;Christsoz. Arbeiterpartei;;;;;;;;;;;;;
SWH_radical;Radical Arbeiterpartei;;;;;;;;;;;;;
SWH_communist;Communist Arbeiterpartei;;;;;;;;;;;;;
SWH_fascist;NSDP;;;;;;;;;;;;;
SWK_conservative;Rajah Faction;Faction royale;Königsfraktion;;Facción real;;;;;;;;;
SWK_liberal;The Liberal Faction;Faction libérale;Die liberale Fraktion;;La facción liberal;;;;;;;;;
SWK_reactionary;The Nationalist Faction;Faction nationaliste;Die nationalistische Fraktion;;La facción nacionalista;;;;;;;;;
SWK_radical;The Radical Faction;Faction radicale;Die radikale Fraktion;;La facción radical;;;;;;;;;
SWK_socialist;The Socialist Faction;Faction socialiste;Die sozialistische Fraktion;;La facción socialista;;;;;;;;;
SWK_communist;The Communist Faction;Faction communiste;Die kommunistische Fraktion;;La facción comunista;;;;;;;;;
SWK_fascist;The Borneo Faction;Faction fasciste;Die faschistische Fraktion;;La facción fascista;;;;;;;;;
SYR_liberal;Hizb al-Islah al-Suriy;;;;;;;;;;;;;
SYR_conservative;Jam'iyat al-Arabiya al-Fatat;;;;;;;;;;;;;
SYR_socialist;Haraka al-Ishtirakiyyun al-Arab;;;;;;;;;;;;;
SYR_reactionary;Haraka al-Ahd al-Watani;;;;;;;;;;;;;
SYR_radical;Hizb al-Wataniyyin al-Ahrar;;;;;;;;;;;;;
SYR_communist;Al-hizb ash-Shuyu'i as-Suri;;;;;;;;;;;;;
SYR_fascist;Al-Hizb Al-Suri Al-Qawmi Al-'Ijtima'i;;;;;;;;;;;;;
SZC_reactionary;Beiyang Faction;Faction Rongting;Rongting-Fraktion;;;;;;;;;;;
SZC_socialist;Socialist Party;Parti socialiste;Sozialistische Partei;;;;;;;;;;;
SZC_communist;Chinese Communist Party;Parti communiste chinois;Kommunistische Partei China;;;;;;;;;;;
SZC_liberal;Liberal Party;Parti libéral;Liberale Partei;;;;;;;;;;;
SZC_conservative;Kuomintang Faction;Faction Kuomintang;Guomintang-Fraktion;;;;;;;;;;;
SZC_liberal_2;Sichuan Zongdu;Parti libéral;Liberale Partei;;;;;;;;;;;
SZC_conservative_2;Sichuan Zongdu;Faction Kuomintang;Guomintang-Fraktion;;;;;;;;;;;
SZC_reactionary_2;Sichuan Zongdu;Faction Kuomintang;Guomintang-Fraktion;;;;;;;;;;;
SZC_fascist;Fascist Party;Parti fasciste;Faschistische Partei;;;;;;;;;;;
SZC_radical;Freedom Party;Parti de la liberté;Freiheitspartei;;;;;;;;;;;
TAI_conservative;Conservative Party;;;;;;;;;;;;;
TAI_liberal;Liberal Party;;;;;;;;;;;;;
TAI_reactionary;Nationalist Party;;;;;;;;;;;;;
TAI_radical;Radical Party;;;;;;;;;;;;;
TAI_socialist;Socialist Party;;;;;;;;;;;;;
TAI_communist;Communist Party;;;;;;;;;;;;;
TAI_fascist;Fascist Party;;;;;;;;;;;;;
TAR_conservative;The Conservatives;Faction royale;Königsfraktion;;;;;;;;;;;
TAR_liberal;The Liberals;Faction libérale;Die liberale Fraktion;;;;;;;;;;;
TAR_reactionary;The Khanate Faction;Faction nationaliste;Die nationalistische Fraktion;;;;;;;;;;;
TAR_radical;The Libertains;Faction radicale;Die radikale Fraktion;;;;;;;;;;;
TAR_socialist;The Socialists;Faction socialiste;Die sozialistische Fraktion;;;;;;;;;;;
TAR_communist;The Communists;Faction communiste;Die kommunistische Fraktion;;;;;;;;;;;
TAR_fascist;The Nationalists;Faction fasciste;Die faschistische Fraktion;;;;;;;;;;;
TAS_conservative;Conservative Faction;Conservative Faction;Conservative Faction;;;;;;;;;;;
TAS_conservative_1;Anti-Socialist Party;Anti-Socialist Party;Anti-Socialist Party;;;;;;;;;;;
TAS_conservative_2;Nationalist Party;Nationalist Party;Nationalist Party;;;;;;;;;;;
TAS_liberal;Liberal Faction;Liberal Faction;Liberal Faction;;;;;;;;;;;
TAS_liberal_1;Liberal Party;Liberal Party;Liberal Party;;;;;;;;;;;
TAS_socialist;Labour Faction;Labour Faction;Labour Faction;;;;;;;;;;;
TAS_socialist_1;Labor Party;Labor Party;Labor Party;;;;;;;;;;;
TAS_communist;Communist Party;Communist Party;Communist Party;;;;;;;;;;;
TAS_reactionary;Radical Nationalists;Radical Nationalists;Radical Nationalists;;;;;;;;;;;
TAS_reactionary_2;Country Party;Country Party;Country Party;;;;;;;;;;;
TAS_radical;Radical Liberals;Radical Liberals;Radical Liberals;;;;;;;;;;;
TAS_fascist;Fascist Party;Fascist Party;Fascist Party;;;;;;;;;;;
TKG_reactionary;Tokugawa-shi;;;;;;;;;;;;;
TKS_conservative;Royal Faction;Faction royale;Königsfraktion;;;;;;;;;;;
TKS_liberal;The Liberal Faction;Faction libérale;Die liberale Fraktion;;;;;;;;;;;
TKS_reactionary;The Nationalist Faction;Faction nationaliste;Die nationalistische Fraktion;;;;;;;;;;;
TKS_radical;The Radical Faction;Faction radicale;Die radikale Fraktion;;;;;;;;;;;
TKS_socialist;The Socialist Faction;Faction socialiste;Die sozialistische Fraktion;;;;;;;;;;;
TKS_communist;The Communist Faction;Faction communiste;Die kommunistische Fraktion;;;;;;;;;;;
TKS_fascist;The Fascist Faction;Faction fasciste;Die faschistische Fraktion;;;;;;;;;;;
TNZ_liberal;Civic United Front;;;;;;;;;;;;;
TNZ_conservative;Party for Democracy and Progress;;;;;;;;;;;;;
TNZ_socialist;NCCR-Mageuzi;;;;;;;;;;;;;
TNZ_reactionary;Justice and Development Party;;;;;;;;;;;;;
TNZ_radical;United Democratic Party;;;;;;;;;;;;;
TNZ_communist;Party of the Revolution;;;;;;;;;;;;;
TNZ_fascist;National Reconstruction Alliance;;;;;;;;;;;;;
TNT_reactionary;Lama Faction;Faction Lama;Lama-Fraktion;;;;;;;;;;;
TNT_socialist;Socialist Party;Parti socialiste;Sozialistische Partei;;;;;;;;;;;
TNT_communist;Communist Party;Parti communiste ;Kommunistische Partei;;;;;;;;;;;
TNT_liberal;Liberal Party;Parti libéral;Liberale Partei;;;;;;;;;;;
TNT_radical;Freedom Party;Parti de la liberté;Freiheitspartei;;;;;;;;;;;
TNT_conservative;Tannu Banner;Parti conservateur;Konservative Partei;;;;;;;;;;;
TNT_fascist;Unity Party;Parti unitaire;Einheitspartei;;;;;;;;;;;
TOG_liberal;UCPN;;;;;;;;;;;;;
TOG_conservative;Party of Progress;;;;;;;;;;;;;
TOG_reactionary;Rally of the Togolese People;;;;;;;;;;;;;
TOG_socialist;Party of Togolese Unity;;;;;;;;;;;;;
TOG_radical;Rally of Young Togolese;;;;;;;;;;;;;
TOG_communist;Juvento;;;;;;;;;;;;;
TOG_fascist;Togolese People's Movement;;;;;;;;;;;;;
TOU_conservative;Caliph's Faction;;;;;;;;;;;;;
TOU_reactionary;Caliph's Faction;;;;;;;;;;;;;
TPG_parliamentary_republic;The Heavenly Republic;;;;;;;;;;;;;
TPG_conservative;West King;;;;;;;;;;;;;
TPG_liberal;Yi King;;;;;;;;;;;;;
TPG_reactionary;East King;;;;;;;;;;;;;
TPG_socialist;North King;;;;;;;;;;;;;
TPG_radical;The Radical Faction;;;;;;;;;;;;;
TPG_communist;The Communist Faction;;;;;;;;;;;;;
TPG_fascist;The Fascist Faction;;;;;;;;;;;;;
TRE_reactionary;Monarchici;Monarchici;Monarchici;;Monarchici;;;;;;;;;
TRE_liberal;Intransigenti;Intransigenti;Intransige nti;;Intransigenti;;;;;;;;;
TRE_conservative;Transigenti;Transigenti;Transigen ti;;Transigenti;;;;;;;;;
TRE_socialist;Socialisti;Socialisti;Socialisti;;So cialisti;;;;;;;;;
TRE_communist;Rivoluzionari;Rivoluzionari;Rivoluzionari;;Rivoluzio nari;;;;;;;;;
TRE_reactionary_2;Cattolici;Cattolici;Cattolici;;C attolici;;;;;;;;;
TRE_radical;Radicali;Radicali;Radicali;;Radicali;;;;;;;;;
TRE_fascist;Fascisti;Fascisti;Fascisti;;Fascisti;;;;;;;;;
TTB_conservative;Conservative Party;Conservative Party;Conservative Party;;;;;;;;;;;
TTB_liberal;Citizens' Alliance;Citizens' Alliance;Citizens' Alliance;;;;;;;;;;;
TTB_reactionary;National Party;National Party;National Party;;;;;;;;;;;
TTB_socialist;People's Partnership;People's Partnership;People's Partnership;;;;;;;;;;;
TTB_communist;Worker's Party;Worker's Party;Worker's Party;;;;;;;;;;;
TTB_radical;Butler Party;Butler Party;Butler Party;;;;;;;;;;;
TTB_fascist;Fascist Party;Fascist Party;Fascist Party;;;;;;;;;;;
BYZ_parliamentary_republic;The Greek Federation;;;;;;;;;;;;;
TUR_parliamentary_republic;Turkish Free State;;;;;;;;;;;;;
TUR_reactionary;Nizam-i Alem;;;;;;;;;;;;;
TUR_reactionary_2;Ittihad-i Muhammedi Firkasi;;;;;;;;;;;;;
TUR_reactionary_3;Halâskâr Zabitân;;;;;;;;;;;;;
TUR_reactionary_4;Fedailer Cemiyeti;;;;;;;;;;;;;
TUR_conservative;Hükumet-i Hümayun;;;;;;;;;;;;;
TUR_conservative_2;Selamet-i Osmaniye;;;;;;;;;;;;;
TUR_conservative_3;Hürriyet ve Itilâf Firkasi;;;;;;;;;;;;;
TUR_liberal_2;Tanzimat Firkasi;;;;;;;;;;;;;
TUR_liberal_4;Osmanli Demokrat Firkasi;;;;;;;;;;;;;
TUR_liberal_5;Halk Firkasi;;;;;;;;;;;;;
TUR_socialist;Osmanli Köylü ve Amele Firkasi;;;;;;;;;;;;;
TUR_socialist_3;Sosyalist Firka;;;;;;;;;;;;;
TUR_communist;Ihtilalci Avam Firkasi;;;;;;;;;;;;;
TUR_communist_2;Komünist Firka;;;;;;;;;;;;;
TUR_communist_3;Halk Istirakiyun Firkasi;;;;;;;;;;;;;
TUR_liberal;Hürriyet ve Itilâf Firkasi;;;;;;;;;;;;;
TUR_liberal_3;Yeni Osmanlilar Cemiyeti;;;;;;;;;;;;;
TUR_socialist_2;Osmanli Ahali Firkasi;;;;;;;;;;;;;
TUR_radical;Islahat-i Esasiye-i Osmaniye Firkasi;;;;;;;;;;;;;
TUR_fascist;Ittihat ve Terakki Firkasi;;;;;;;;;;;;;
TUR_fascist_2;Türk Ocagi;;;;;;;;;;;;;
TUR_fascist_3;Milli Firka;;;;;;;;;;;;;
TUS_reactionary;Restaurazionisti;Restaurazionisti;Restaurazionisti;;Restaurazionis ti;;;;;;;;;
TUS_conservative;Moderati ;Moderati ;Moderati;;Moderati ;;;;;;;;;
TUS_liberal;Riformisti ;Riformisti ;Riformisti;;Riformisti ;;;;;;;;;
TUS_liberal_2;Liberali;Liberali;Liberali;;Liberali ;;;;;;;;;
TUS_socialist;Socialisti;Socialisti;Socialisti;;Socialisti;;;;;;;;;
TUS_conservative_2;Popolari;Popolari;Popolari;;Pop olari;;;;;;;;;
TUS_radical;Radicali;Radicali;Radicali;;Radicali;;;;;;;;;
TUS_communist;Comunisti;Comunisti;Comunisti;;Comunisti;;;;;;;;;
TUS_fascist;Fascisti;Fascisti;Fascisti;;Fascisti;;;;;;;;;
UIL_reactionary;New American Party;;;;;;;;;;;;;
UIL_conservative;New Democratic Party;;;;;;;;;;;;;
UIL_liberal;New Republican Party;;;;;;;;;;;;;
UIL_radical;Libertarian Party;;;;;;;;;;;;;
UIL_socialist;Socialist Party;;;;;;;;;;;;;
UIL_communist;Industrial Workers of the World;;;;;;;;;;;;;
UIL_fascist;Supremacy Party;;;;;;;;;;;;;
UNB_reactionary;Colorado Party;;;;;;;;;;;;;
UNB_conservative;New Democratic Party;;;;;;;;;;;;;
UNB_liberal;New Republican Party;;;;;;;;;;;;;
UNB_radical;Libertarian Party;;;;;;;;;;;;;
UNB_socialist;Socialist Party;;;;;;;;;;;;;
UNB_communist;Communist Party;;;;;;;;;;;;;
UNB_fascist;Fascist Party;;;;;;;;;;;;;
UNM_reactionary;New Pueblo Party;;;;;;;;;;;;;
UNM_conservative;New Democratic Party;;;;;;;;;;;;;
UNM_liberal;New Republican Party;;;;;;;;;;;;;
UNM_radical;Libertarian Party;;;;;;;;;;;;;
UNM_socialist;Socialist Party;;;;;;;;;;;;;
UNM_communist;Communist Party;;;;;;;;;;;;;
UNM_fascist;Fascist Party;;;;;;;;;;;;;
UOR_reactionary;True American Party;;;;;;;;;;;;;
UOR_conservative;New Democratic Party;;;;;;;;;;;;;
UOR_liberal;New Republican Party;;;;;;;;;;;;;
UOR_radical;Libertarian Party;;;;;;;;;;;;;
UOR_socialist;Socialist Party;;;;;;;;;;;;;
UOR_communist;Communist Party;;;;;;;;;;;;;
UOR_fascist;Cascadians;;;;;;;;;;;;;
URA_conservative;Slavophile;Slavophile;Slawophile;;;;;;;;;;;
URA_liberal;Westerniser;Westerniser;Westler;;;;;;;;;;;
URA_communist;Social Democratic;Social-démocrate;Social Democratic;;;;;;;;;;;
URA_socialist;Menshevik;Menshevik;Menschewiki;;;;;;;;;;;
URA_reactionary;Panslavic;Panslavic;Panslawisten;;;;;;;;;;;
URA_conservative_2;Octobrists;Octobristes;Octobristen;;;;;;;;;;;
URA_radical;Radicals;Radicaux;Radikale;;;;;;;;;;;
URA_fascist;Fascists;Fascistes;Faschisten;;;;;;;;;;;
USA_parliamentary_republic;The United States of America;;;;;;;;;;;;;
UYG_conservative;Royal Faction;Faction royale;Königsfraktion;;;;;;;;;;;
UYG_liberal;The Liberal Faction;Faction libérale;Die liberale Fraktion;;;;;;;;;;;
UYG_reactionary;The Nationalist Faction;Faction nationaliste;Die nationalistische Fraktion;;;;;;;;;;;
UYG_radical;The Radical Faction;Faction radicale;Die radikale Fraktion;;;;;;;;;;;
UYG_socialist;The Socialist Faction;Faction socialiste;Die sozialistische Fraktion;;;;;;;;;;;
UYG_communist;The Communist Faction;Faction communiste;Die kommunistische Fraktion;;;;;;;;;;;
UYG_fascist;The Fascist Faction;Faction fasciste;Die faschistische Fraktion;;;;;;;;;;;
UZB_conservative;Royal Faction;Faction royale;Königsfraktion;;;;;;;;;;;
UZB_liberal;The Liberal Faction;Faction libérale;Die liberale Fraktion;;;;;;;;;;;
UZB_reactionary;The Nationalist Faction;Faction nationaliste;Die nationalistische Fraktion;;;;;;;;;;;
UZB_radical;The Radical Faction;Faction radicale;Die radikale Fraktion;;;;;;;;;;;
UZB_socialist;The Socialist Faction;Faction socialiste;Die sozialistische Fraktion;;;;;;;;;;;
UZB_communist;The Communist Faction;Faction communiste;Die kommunistische Fraktion;;;;;;;;;;;
UZB_fascist;The Fascist Faction;Faction fasciste;Die faschistische Fraktion;;;;;;;;;;;
VEN_reactionary;Monarchici;Monarchici;Monarchici;;Monarchici;;;;;;;;;
VEN_liberal;Intransigenti;Intransigenti;Intransige nti;;Intransigenti;;;;;;;;;
VEN_conservative;Transigenti;Transigenti;Transigen ti;;Transigenti;;;;;;;;;
VEN_socialist;Socialisti;Socialisti;Socialisti;;So cialisti;;;;;;;;;
VEN_communist;Rivoluzionari;Rivoluzionari;Rivoluzionari;;Rivoluzio nari;;;;;;;;;
VEN_reactionary_2;Cattolici;Cattolici;Cattolici;;C attolici;;;;;;;;;
VEN_radical;Radicali;Radicali;Radicali;;Radicali;;;;;;;;;
VEN_fascist;Fascisti;Fascisti;Fascisti;;Fascisti;;;;;;;;;
VIC_conservative;Conservative Faction;Conservative Faction;Conservative Faction;;;;;;;;;;;
VIC_conservative_1;Conservative Party;Conservative Party;Conservative Party;;;;;;;;;;;
VIC_conservative_2;National Party;National Party;National Party;;;;;;;;;;;
VIC_conservative_3;United Australia Party;United Australia Party;United Australia Party;;;;;;;;;;;
VIC_liberal;Liberal Faction;Liberal Faction;Liberal Faction;;;;;;;;;;;
VIC_liberal_1;Liberal Party;Liberal Party;Liberal Party;;;;;;;;;;;
VIC_socialist;Labour Faction;Labour Faction;Labour Faction;;;;;;;;;;;
VIC_socialist_1;Labor Party;Labor Party;Labor Party;;;;;;;;;;;
VIC_communist;Communist Party;Communist Party;Communist Party;;;;;;;;;;;
VIC_reactionary;Radical Nationalists;Radical Nationalists;Radical Nationalists;;;;;;;;;;;
VIC_reactionary_2;Victorian Farmers Union;Victorian Farmers Union;Victorian Farmers Union;;;;;;;;;;;
VIC_reactionary_3;Country Party;Country Party;Country Party;;;;;;;;;;;
VIC_radical;Radical Liberals;Radical Liberals;Radical Liberals;;;;;;;;;;;
VIC_fascist;Fascist Party;Fascist Party;Fascist Party;;;;;;;;;;;
WAS_conservative;Conservative Faction;Conservative Faction;Conservative Faction;;;;;;;;;;;
WAS_conservative_1;Nationalist Party;Nationalist Party;Nationalist Party;;;;;;;;;;;
WAS_liberal;Liberal Faction;Liberal Faction;Liberal Faction;;;;;;;;;;;
WAS_liberal_1;Liberal Party;Liberal Party;Liberal Party;;;;;;;;;;;
WAS_socialist;Labour Faction;Labour Faction;Labour Faction;;;;;;;;;;;
WAS_socialist_1;Labor Party;Labor Party;Labor Party;;;;;;;;;;;
WAS_communist;Communist Party;Communist Party;Communist Party;;;;;;;;;;;
WAS_reactionary;Radical Nationalists;Radical Nationalists;Radical Nationalists;;;;;;;;;;;
WAS_reactionary_2;Country Party;Country Party;Country Party;;;;;;;;;;;
WAS_radical;Radical Liberals;Radical Liberals;Radical Liberals;;;;;;;;;;;
WAS_fascist;Fascist Party;Fascist Party;Fascist Party;;;;;;;;;;;
WES_liberal;Liberaldem. Partei;Liberaldem. Partei;Liberaldem. Partei;;;;;;;;;;;
WES_conservative;Zentrumspartei;Zentrumspartei;Zentrumspartei;;;;;;;;;;;
WES_liberal_2;Nationalliberale ;Nationalliberale ;Nationalliberale ;;;;;;;;;;;
WES_liberal_3;Freisinnige Partei;Freisinnige Partei;Freisinnige Partei;;;;;;;;;;;
WES_socialist;Deutscher Arbeiterverein;Deutscher Arbeiterverein;Deutscher Arbeiterverein;;;;;;;;;;;
WES_socialist_2;Sozialdem. Arbeiterpartei ;Sozialdem. Arbeiterpartei ;Sozialdem. Arbeiterpartei ;;;;;;;;;;;
WES_socialist_3;Sozial. Arbeiterpartei ;Sozial. Arbeiterpartei ;Sozial. Arbeiterpartei ;;;;;;;;;;;
WES_reactionary;Nationale Partei;Nationale Partei;Nationale Partei;;;;;;;;;;;
WES_conservative_2;Konservative Partei;Konservative Partei;Konservative Partei;;;;;;;;;;;
WES_conservative_3;Christsoz. Arbeiterpartei;Christsoz. Arbeiterpartei;Christsoz. Arbeiterpartei;;;;;;;;;;;
WES_radical;Radical Arbeiterpartei;Arbeiterpartei radical;Radikale Arbeiterpartei;;;;;;;;;;;
WES_communist;Communist Arbeiterpartei;Arbeiterpartei communiste;Kommunistische Arbeiterpartei;;;;;;;;;;;
WES_fascist;NSDP;NSDP;NSDP;;;;;;;;;;;
WHA_liberal;Democratiaid Rhyddfrydol;;;;;;;;;;;;;
WHA_conservative;Plaid Geidwadol;;;;;;;;;;;;;
WHA_socialist;Plaid Cymru;;;;;;;;;;;;;
WHA_radical;Anarchwyr;;;;;;;;;;;;;
WHA_fascist;Meibion Glyndwr;;;;;;;;;;;;;
WHA_communist;Plaid Gomiwnyddol;;;;;;;;;;;;;
WHA_reactionary;Plaid Genedlaethol;;;;;;;;;;;;;
XBI_reactionary_2;Amban's Faction;;;;;;;;;;;;;
XBI_conservative_2;Confucianist Faction;;;;;;;;;;;;;
XBI_liberal_2;Reformer Faction;;;;;;;;;;;;;
YAK_conservative;The Conservatives;Faction royale;Königsfraktion;;;;;;;;;;;
YAK_liberal;The Liberals;Faction libérale;Die liberale Fraktion;;;;;;;;;;;
YAK_reactionary;The Khanate Faction;Faction nationaliste;Die nationalistische Fraktion;;;;;;;;;;;
YAK_radical;The Libertains;Faction radicale;Die radikale Fraktion;;;;;;;;;;;
YAK_socialist;The Socialists;Faction socialiste;Die sozialistische Fraktion;;;;;;;;;;;
YAK_communist;The Communists;Faction communiste;Die kommunistische Fraktion;;;;;;;;;;;
YAK_fascist;The Nationalists;Faction fasciste;Die faschistische Fraktion;;;;;;;;;;;
YUC_conservative;Partido Conservador;Partido Conservador;Partido Conservador;;;;;;;;;;;
YUC_liberal;Partido Liberal;Partido Liberal;Partido Liberal;;;;;;;;;;;
YUC_reactionary;Partido Nationalist;Partido nationaliste;Partido Nationalist;;;;;;;;;;;
YUC_radical;Partido Radical;Partido Radical;Partido Radical;;;;;;;;;;;
YUC_socialist;Partido Socialist;Partido socialiste;Partido Socialist;;;;;;;;;;;
YUC_communist;Partido Communist;Partido communiste;Partido Communist;;;;;;;;;;;
YUC_fascist;Partido Fascist;Partido fasciste;Partido Fascist;;;;;;;;;;;
ZAM_liberal;United Party for National Development;;;;;;;;;;;;;
ZAM_conservative;Movement for Multi-Party Democracy;;;;;;;;;;;;;
ZAM_socialist;United Progressive Party;;;;;;;;;;;;;
ZAM_reactionary;National Restoration Party;;;;;;;;;;;;;
ZAM_radical;National Party;;;;;;;;;;;;;
ZAM_communist;United National Independence Party;;;;;;;;;;;;;
ZAM_fascist;Fourth Revolution Party;;;;;;;;;;;;;
### African Kingdoms ###;;;;;;;;;;;;;
ARO_conservative;Eze Aro Faction;Faction Eze Aro;Eze Aro Fraktion;;;;;;;;;;;
ARO_liberal;Reform Faction;Faction de réforme;Verbesserung Fraktion;;;;;;;;;;;
ARO_reactionary;Empire Faction;Faction d'empire;Reich Fraktion;;;;;;;;;;;
ARO_radical;Radical Faction;Faction radicale;Die radikale Fraktion;;;;;;;;;;;
ARO_socialist;Socialist Faction;Faction socialiste;Die sozialistische Fraktion;;;;;;;;;;;
ARO_communist;Communist Faction;Faction communiste;Die kommunistische Fraktion;;;;;;;;;;;
ARO_fascist;Fascist Faction;Faction fasciste;Die faschistische Fraktion;;;;;;;;;;;
ARO_parliamentary_republic;Biafra;Biafra;Biafra;;Biafra;;;;;;;;;
ARO_parliamentary_republic_ADJ;Biafran;Biafraise;Biafran;;biafreño;;;;;;;;;
ASH_conservative;Royal Faction;Faction royale;Königsfraktion;;;;;;;;;;;
ASH_liberal;Reform Faction;Faction de réforme;Verbesserung Fraktion;;;;;;;;;;;
ASH_reactionary;Empire Faction;Faction d'empire;Reich Fraktion;;;;;;;;;;;
ASH_conservative_2;National Liberation Movement;;;;;;;;;;;;;
ASH_liberal_2;United Gold Coast Convention;;;;;;;;;;;;;
ASH_reactionary_2;National Liberation Council;;;;;;;;;;;;;
ASH_radical;Progress Party;;;;;;;;;;;;;
ASH_socialist;Ghana Congress Party;;;;;;;;;;;;;
ASH_communist;Convention People's Party;;;;;;;;;;;;;
ASH_fascist;Popular Front Party;;;;;;;;;;;;;
ASH_parliamentary_republic;Ghana;Ghana;Ghana;;Ghana;;;;;;;;;
ASH_parliamentary_republic_ADJ;Ghanaian;Ghanaian;Ghanaisch;;Ghanés;;;;;;;;;
AZA_conservative;Royal Faction;Faction royale;Königsfraktion;;;;;;;;;;;
AZA_liberal;Reform Faction;Faction de réforme;Verbesserung Fraktion;;;;;;;;;;;
AZA_reactionary;Empire Faction;Faction d'empire;Reich Fraktion;;;;;;;;;;;
AZA_radical;Radical Faction;Faction radicale;Die radikale Fraktion;;;;;;;;;;;
AZA_socialist;Socialist Faction;Faction socialiste;Die sozialistische Fraktion;;;;;;;;;;;
AZA_communist;Communist Faction;Faction communiste;Die kommunistische Fraktion;;;;;;;;;;;
AZA_fascist;Fascist Faction;Faction fasciste;Die faschistische Fraktion;;;;;;;;;;;
BEN_conservative;Oba's Faction;Faction Obo;Oba Fraktion;;;;;;;;;;;
BEN_liberal;Reform Faction;Faction de réforme;Verbesserung Fraktion;;;;;;;;;;;
BEN_reactionary;Military Faction;Faction militaire;Militärische Fraktion;;;;;;;;;;;
BEN_radical;Radical Faction;Faction radicale;Die radikale Fraktion;;;;;;;;;;;
BEN_socialist;People's Faction;Faction populaire;Volk Fraktion;;;;;;;;;;;
BEN_communist;Communist Faction;Faction communiste;Die kommunistische Fraktion;;;;;;;;;;;
BEN_fascist;Fascist Faction;Faction fasciste;Die faschistische Fraktion;;;;;;;;;;;
BRD_conservative;Country Democratic Union;;;;;;;;;;;;;
BRD_liberal;APRODEBA;;;;;;;;;;;;;
BRD_reactionary;Union for National Progress;;;;;;;;;;;;;
BRD_radical;Abanyamajambere Party;;;;;;;;;;;;;
BRD_socialist;Rural Democratic Party;;;;;;;;;;;;;
BRD_communist;Burundi Workers' Party;;;;;;;;;;;;;
BRD_fascist;People's Union of Burundi;;;;;;;;;;;;;
BSH_conservative;Royal Faction;Faction royale;Königsfraktion;;;;;;;;;;;
BSH_liberal;Reform Faction;Faction de réforme;Verbesserung Fraktion;;;;;;;;;;;
BSH_reactionary;Empire Faction;Faction d'empire;Reich Fraktion;;;;;;;;;;;
BSH_radical;Radical Faction;Faction radicale;Die radikale Fraktion;;;;;;;;;;;
BSH_socialist;Socialist Faction;Faction socialiste;Die sozialistische Fraktion;;;;;;;;;;;
BSH_communist;Communist Faction;Faction communiste;Die kommunistische Fraktion;;;;;;;;;;;
BSH_fascist;Fascist Faction;Faction fasciste;Die faschistische Fraktion;;;;;;;;;;;
BUG_conservative;Uganda Patriotic Movement;;;;;;;;;;;;;
BUG_liberal;Democratic Party;;;;;;;;;;;;;
BUG_reactionary;Kabaka Yekka;;;;;;;;;;;;;
BUG_radical;Federal Democratic Party;;;;;;;;;;;;;
BUG_socialist;Uganda People's Congress;;;;;;;;;;;;;
BUG_communist;African Farmers Union;;;;;;;;;;;;;
BUG_fascist;Freedom and Unity Front;;;;;;;;;;;;;
CLA_conservative;Duke Town Faction;Faction de Duke Town;Duke Town Fraktion;;;;;;;;;;;
CLA_liberal;Creek Town Faction;Faction de Creek Town;Creek Town Fraktion;;;;;;;;;;;
CLA_reactionary;Empire Faction;Faction d'empire;Reich Fraktion;;;;;;;;;;;
CLA_radical;Radical Faction;Faction radicale;Die radikale Fraktion;;;;;;;;;;;
CLA_socialist;Socialist Faction;Faction socialiste;Die sozialistische Fraktion;;;;;;;;;;;
CLA_communist;Communist Faction;Faction communiste;Die kommunistische Fraktion;;;;;;;;;;;
CLA_fascist;Fascist Faction;Faction fasciste;Die faschistische Fraktion;;;;;;;;;;;
DAH_conservative;Ahosu Faction;Faction Ahosu;Ahosu Fraktion;;;;;;;;;;;
DAH_liberal;Liberal Faction;Faction Libéral;Liberale Fraktion;;;;;;;;;;;
DAH_reactionary;Empire Faction;Faction d'empire;Reich Fraktion;;;;;;;;;;;
DAH_conservative_2;Progressive Union;;;;;;;;;;;;;
DAH_reactionary_2;Ethnic Group of the North;;;;;;;;;;;;;
DAH_liberal_2;Republican Party;;;;;;;;;;;;;
DAH_radical;BMFD;;;;;;;;;;;;;
DAH_socialist;African People's Bloc;;;;;;;;;;;;;
DAH_communist;People's Revolutionary Party;;;;;;;;;;;;;
DAH_fascist;Fascist Front;;;;;;;;;;;;;
DAM_conservative;Sultan's Faction;Faction Sultan;Sultan Fraktion;;;;;;;;;;;
DAM_liberal;Reform Faction;Faction de réforme;Verbesserung Fraktion;;;;;;;;;;;
DAM_reactionary;Religious Faction;Faction Religieux;Religiöse Fraktion;;;;;;;;;;;
DAM_radical;Freedom Faction;Faction de liberté;Freiheits Fraktion;;;;;;;;;;;
DAM_socialist;Justice and Equality Movement;Mouvement pour la justice et l'égalité;Bewegung für Gerechtigkeit und Gleichheit;;;;;;;;;;;
DAM_communist;Communist Faction;Faction communiste;Die kommunistische Fraktion;;;;;;;;;;;
DAM_fascist;Fascist Faction;Faction fasciste;Die faschistische Fraktion;;;;;;;;;;;
DAM_parliamentary_republic;Hausaland;Haoussa;Haussaland;;;;;;;;;;;
DAM_parliamentary_republic_ADJ;Hausa;Haoussa;Hausa;;;;;;;;;;;
DAR_conservative;Sultan's Faction;Faction sultan;Sultan Fraktion;;;;;;;;;;;
DAR_liberal;Reform Faction;Faction de réforme;Verbesserung Fraktion;;;;;;;;;;;
DAR_reactionary;Religious Faction;Faction Religieux;Religiöse Fraktion;;;;;;;;;;;
DAR_radical;Freedom Faction;Faction de liberté;Freiheits Fraktion;;;;;;;;;;;
DAR_socialist;Justice and Equality Movement;Mouvement pour la justice et l'égalité;Bewegung für Gerechtigkeit und Gleichheit;;;;;;;;;;;
DAR_communist;Communist Faction;Faction communiste;Die kommunistische Fraktion;;;;;;;;;;;
DAR_fascist;Fascist Faction;Faction fasciste;Die faschistische Fraktion;;;;;;;;;;;
DND_conservative;Askiya Faction;Faction Askiya;Askiya Fraktion;;;;;;;;;;;
DND_liberal;Reform Faction;Faction de réforme;Verbesserung Fraktion;;;;;;;;;;;
DND_reactionary;Religious Faction;Faction Religieux;Religiöse Fraktion;;;;;;;;;;;
DND_radical;Freedom Faction;Faction de liberté;Freiheits Fraktion;;;;;;;;;;;
DND_socialist;Justice and Equality Movement;Mouvement pour la justice et l'égalité;Bewegung für Gerechtigkeit und Gleichheit;;;;;;;;;;;
DND_communist;Communist Faction;Faction communiste;Die kommunistische Fraktion;;;;;;;;;;;
DND_fascist;Fascist Faction;Faction fasciste;Die faschistische Fraktion;;;;;;;;;;;
DND_parliamentary_republic;Songhai;Songhay;Songhai;;;;;;;;;;;
DND_parliamentary_republic_ADJ;Songhai;Sonrhaïs;Songhai;;;;;;;;;;;
GBU_conservative;Mansaba Faction;Faction Mansaba;Mansaba Fraktion;;;;;;;;;;;
GBU_liberal;Reform Faction;Faction de réforme;Verbesserung Fraktion;;;;;;;;;;;
GBU_reactionary;Empire Faction;Faction d'empire;Reich Fraktion;;;;;;;;;;;
GBU_conservative_2;Democratic Front;;;;;;;;;;;;;
GBU_liberal_2;Party for Social Renewal;;;;;;;;;;;;;
GBU_reactionary_2;Guinean Civic Forum;;;;;;;;;;;;;
GBU_radical;Democratic Party of Progress;;;;;;;;;;;;;
GBU_socialist;Struggle Front for Independence;;;;;;;;;;;;;
GBU_communist;African Party of Independence;;;;;;;;;;;;;
GBU_fascist;Bafatá Movement;;;;;;;;;;;;;
GEL_conservative;Sheikal Faction;Faction Sheikal;Scheichsfraktion;;Facción de jeques;;;;;;;;;
GEL_liberal;The Liberal Faction;Faction libérale;Die liberale Fraktion;;La facción liberal;;;;;;;;;
GEL_reactionary;The Nationalist Faction;Faction nationaliste;Die nationalistische Fraktion;;La facción nacionalista;;;;;;;;;
GEL_radical;The Radical Faction;Faction radicale;Die radikale Fraktion;;La facción radical;;;;;;;;;
GEL_socialist;The Socialist Faction;Faction socialiste;Die sozialistische Fraktion;;La facción socialista;;;;;;;;;
GEL_communist;The Communist Faction;Faction communiste;Die kommunistische Fraktion;;La facción comunista;;;;;;;;;
GEL_fascist;The Greater Somalia Faction;La Faction Grande Somalie;Die Größere Somalia Fraktion;;El Gran Somalia Facción;;;;;;;;;
JAL_liberal;Liberal Faction;Faction libérale;Die liberale Fraktion;;;;;;;;;;;
JAL_radical;Radical Faction;Faction radicale;Die radikale Fraktion;;;;;;;;;;;
JAL_socialist;Socialist Faction;Faction socialiste;Die sozialistische Fraktion;;;;;;;;;;;
JAL_communist;Communist Faction;Faction communiste;Die kommunistische Fraktion;;;;;;;;;;;
JAL_fascist;Fascist Faction;Faction fasciste;Die faschistische Fraktion;;;;;;;;;;;
KBO_conservative;Mai Faction;Faction Mai;Mai Fraktion;;;;;;;;;;;
KBO_liberal;Reform Faction;Faction de réforme;Verbesserung Fraktion;;;;;;;;;;;
KBO_reactionary;Religious Faction;Religieux Faction;Religiöse Fraktion;;;;;;;;;;;
KBO_radical;Freedom Faction;Faction de liberté;Freiheits Fraktion;;;;;;;;;;;
KBO_socialist;People's welfare Faction;Faction du bien-être populaire;Volksbetreuungsamt Fraktion;;;;;;;;;;;
KBO_communist;Communist Faction;Faction communiste;Die kommunistische Fraktion;;;;;;;;;;;
KBO_fascist;Greater Kanem-Bornu Faction;Faction du Grand Empire du Kanem-Bornou;Großer Kanem-Bornu ReichFraktion;;;;;;;;;;;
KNG_conservative;Fama's Faction;Faction Fama;Fama Fraktion;;;;;;;;;;;
KNG_liberal;Liberal Faction;Faction libérale;Die liberale Fraktion;;;;;;;;;;;
KNG_reactionary;Religious Faction;Religieux Faction;Religiöse Fraktion;;;;;;;;;;;
KNG_radical;Radical Faction;Faction radicale;Die radikale Fraktion;;;;;;;;;;;
KNG_socialist;Socialist Faction;Faction socialiste;Die sozialistische Fraktion;;;;;;;;;;;
KNG_communist;Communist Faction;Faction communiste;Die kommunistische Fraktion;;;;;;;;;;;
KNG_fascist;Fascist Faction;Faction fasciste;Die faschistische Fraktion;;;;;;;;;;;
KON_conservative;MweneKongo Faction;Faction MweneKongo;MweneKongo Fraktion;;;;;;;;;;;
KON_liberal;Reform Faction;Faction de réforme;Verbesserung Fraktion;;;;;;;;;;;
KON_reactionary;Religious Faction;Religieux Faction;Religiöse Fraktion;;;;;;;;;;;
KON_radical;Radical Faction;Faction radicale;Die radikale Fraktion;;;;;;;;;;;
KON_socialist;Socialist Faction;Faction socialiste;Die sozialistische Fraktion;;;;;;;;;;;
KON_communist;Communist Faction;Faction communiste;Die kommunistische Fraktion;;;;;;;;;;;
KON_fascist;Fascist Faction;Faction fasciste;Die faschistische Fraktion;;;;;;;;;;;
KUB_conservative;Nyim's Faction;Faction Nyim;Nyim Fraktion;;;;;;;;;;;
KUB_liberal;Reform Faction;Faction de réforme;Verbesserung Fraktion;;;;;;;;;;;
KUB_reactionary;Aristocrat's Faction;Faction des aristocrates;Aristokraten Fraktion;;;;;;;;;;;
KUB_radical;Radical Faction;Faction radicale;Die radikale Fraktion;;;;;;;;;;;
KUB_socialist;Socialist Faction;Faction socialiste;Die sozialistische Fraktion;;;;;;;;;;;
KUB_communist;Communist Faction;Faction communiste;Die kommunistische Fraktion;;;;;;;;;;;
KUB_fascist;Fascist Faction;Faction fasciste;Die faschistische Fraktion;;;;;;;;;;;
KZB_conservative;Mwata Faction;Faction Mwata;Mwata fraktion;;;;;;;;;;;
KZB_liberal;Reform Faction;Faction de réforme;Verbesserung Fraktion;;;;;;;;;;;
KZB_reactionary;Empire Faction;Faction d'empire;Reich Fraktion;;;;;;;;;;;
KZB_radical;Radical Faction;Faction radicale;Die radikale Fraktion;;;;;;;;;;;
KZB_socialist;Socialist Faction;Faction socialiste;Die sozialistische Fraktion;;;;;;;;;;;
KZB_communist;Communist Faction;Faction communiste;Die kommunistische Fraktion;;;;;;;;;;;
KZB_fascist;Fascist Faction;Faction fasciste;Die faschistische Fraktion;;;;;;;;;;;
LBA_conservative;Royal Faction;Faction royale;Königsfraktion;;;;;;;;;;;
LBA_liberal;Reform Faction;Faction de réforme;Verbesserung Fraktion;;;;;;;;;;;
LBA_reactionary;Empire Faction;Faction d'empire;Reich Fraktion;;;;;;;;;;;
LBA_radical;Radical Faction;Faction radicale;Die radikale Fraktion;;;;;;;;;;;
LBA_socialist;Socialist Faction;Faction socialiste;Die sozialistische Fraktion;;;;;;;;;;;
LBA_communist;Communist Faction;Faction communiste;Die kommunistische Fraktion;;;;;;;;;;;
LBA_fascist;Fascist Faction;Faction fasciste;Die faschistische Fraktion;;;;;;;;;;;
LOA_conservative;Ma Lwããgu's Faction;Faction Ma Lwããgu;Ma Lwããgu Fraktion;;;;;;;;;;;
LOA_liberal;Reform Faction;Faction de réforme;Verbesserung Fraktion;;;;;;;;;;;
LOA_reactionary;Traditions Faction;Faction des traditions;Traditionen Fraktion;;;;;;;;;;;
LOA_radical;Radical Faction;Faction radicale;Die radikale Fraktion;;;;;;;;;;;
LOA_socialist;Socialist Faction;Faction socialiste;Die sozialistische Fraktion;;;;;;;;;;;
LOA_communist;Communist Faction;Faction communiste;Die kommunistische Fraktion;;;;;;;;;;;
LOA_fascist;Fascist Faction;Faction fasciste;Die faschistische Fraktion;;;;;;;;;;;
YEK_conservative;Emirati Faction;Faction royale;Königsfraktion;;;;;;;;;;;
LUN_conservative;Royal Faction;Faction royale;Königsfraktion;;;;;;;;;;;
LUN_liberal;Reform Faction;Faction de réforme;Verbesserung Fraktion;;;;;;;;;;;
LUN_reactionary;Empire Faction;Faction d'empire;Reich Fraktion;;;;;;;;;;;
LUN_radical;Radical Faction;Faction radicale;Die radikale Fraktion;;;;;;;;;;;
LUN_socialist;Socialist Faction;Faction socialiste;Die sozialistische Fraktion;;;;;;;;;;;
LUN_communist;Communist Faction;Faction communiste;Die kommunistische Fraktion;;;;;;;;;;;
LUN_fascist;Fascist Faction;Faction fasciste;Die faschistische Fraktion;;;;;;;;;;;
MAJ_conservative;Sheikal Faction;Faction Sheikal;Scheichsfraktion;;Facción de jeques;;;;;;;;;
MAJ_liberal;The Liberal Faction;Faction libérale;Die liberale Fraktion;;La facción liberal;;;;;;;;;
MAJ_reactionary;The Nationalist Faction;Faction nationaliste;Die nationalistische Fraktion;;La facción nacionalista;;;;;;;;;
MAJ_radical;The Radical Faction;Faction radicale;Die radikale Fraktion;;La facción radical;;;;;;;;;
MAJ_socialist;The Socialist Faction;Faction socialiste;Die sozialistische Fraktion;;La facción socialista;;;;;;;;;
MAJ_communist;The Communist Faction;Faction communiste;Die kommunistische Fraktion;;La facción comunista;;;;;;;;;
MAJ_fascist;The Islamic Faction;La Faction islamique;Die islamische Fraktion;;La facción islámica;;;;;;;;;
MAS_conservative;Royal Faction;Faction royale;Königsfraktion;;;;;;;;;;;
MAS_liberal;Liberal Faction;Faction libérale;Die liberale Fraktion;;;;;;;;;;;
MAS_reactionary;The Jihadis;Les djihadistes;Das Jihadis;;;;;;;;;;;
MAS_radical;Radical Faction;Faction radicale;Die radikale Fraktion;;;;;;;;;;;
MAS_socialist;Socialist Faction;Faction socialiste;Die sozialistische Fraktion;;;;;;;;;;;
MAS_communist;Communist Faction;Faction communiste;Die kommunistische Fraktion;;;;;;;;;;;
MAS_fascist;Fascist Faction;Faction fasciste;Die faschistische Fraktion;;;;;;;;;;;
MAT_conservative;Royal Faction;Faction royale;Königsfraktion;;;;;;;;;;;
MAT_liberal;Reform Faction;Faction de réforme;Verbesserung Fraktion;;;;;;;;;;;
MAT_reactionary;Empire Faction;Faction d'empire;Reich Fraktion;;;;;;;;;;;
MAT_radical;Radical Faction;Faction radicale;Die radikale Fraktion;;;;;;;;;;;
MAT_socialist;Socialist Faction;Faction socialiste;Die sozialistische Fraktion;;;;;;;;;;;
MAT_communist;Communist Faction;Faction communiste;Die kommunistische Fraktion;;;;;;;;;;;
MAT_fascist;Fascist Faction;Faction fasciste;Die faschistische Fraktion;;;;;;;;;;;
MNG_conservative;Royal Faction;Faction royale;Königsfraktion;;;;;;;;;;;
MNG_liberal;Reform Faction;Faction de réforme;Verbesserung Fraktion;;;;;;;;;;;
MNG_reactionary;Empire Faction;Faction d'empire;Reich Fraktion;;;;;;;;;;;
MNG_radical;Radical Faction;Faction radicale;Die radikale Fraktion;;;;;;;;;;;
MNG_socialist;Socialist Faction;Faction socialiste;Die sozialistische Fraktion;;;;;;;;;;;
MNG_communist;Communist Faction;Faction communiste;Die kommunistische Fraktion;;;;;;;;;;;
MNG_fascist;Fascist Faction;Faction fasciste;Die faschistische Fraktion;;;;;;;;;;;
MOS_conservative;Mogho Naba Faction;Faction Mogho Naba;Mogho Naba Fraktion;;;;;;;;;;;
MOS_liberal;Reform Faction;Faction de réforme;Verbesserung Fraktion;;;;;;;;;;;
MOS_reactionary;Traditional Faction;Faction traditionnelle;Traditionelle Fraktion;;;;;;;;;;;
MOS_radical;Radical Party;;;;;;;;;;;;;
MOS_socialist;Socialist Party;;;;;;;;;;;;;
MOS_communist;Communist Party;;;;;;;;;;;;;
MOS_fascist;Fascist Party;;;;;;;;;;;;;
MOS_parliamentary_republic;Upper Volta;;;;;;;;;;;;;
MOS_parliamentary_republic_ADJ;Upper Voltan;;;;;;;;;;;;;
OYO_conservative;Alaafin's Faction;Faction Alaafin;Alaafin Fraktion;;;;;;;;;;;
OYO_liberal;Reform Faction;Faction de réforme;Verbesserung Fraktion;;;;;;;;;;;
OYO_reactionary;Military Faction;Faction militaire;Militärische Fraktion;;;;;;;;;;;
OYO_radical;Radical Faction;Faction radicale;Die radikale Fraktion;;;;;;;;;;;
OYO_socialist;People's Faction;Faction populaire;Volk Fraktion;;;;;;;;;;;
OYO_communist;Communist Faction;Faction communiste;Die kommunistische Fraktion;;;;;;;;;;;
OYO_fascist;Fascist Faction;Faction fasciste;Die faschistische Fraktion;;;;;;;;;;;
RWA_conservative;Centrist Democratic Party;;;;;;;;;;;;;
RWA_liberal;Liberal Party;;;;;;;;;;;;;
RWA_reactionary;MDR-Parmehutu;;;;;;;;;;;;;
RWA_radical;Radical-Liberal Party;;;;;;;;;;;;;
RWA_socialist;Social Democratic Party;;;;;;;;;;;;;
RWA_communist;APROSOMA;;;;;;;;;;;;;
RWA_fascist;Fascist Party of Rwanda;;;;;;;;;;;;;
SEG_conservative;Royal Faction;Faction royale;Königsfraktion;;;;;;;;;;;
SEG_liberal;Reform Faction;Faction de réforme;Verbesserung Fraktion;;;;;;;;;;;
SEG_reactionary;Traditional Faction;Faction traditionnelle;Traditionelle Fraktion;;;;;;;;;;;
SEG_radical;Freedom Faction;Faction de liberté;Freiheits Fraktion;;;;;;;;;;;
SEG_socialist;Socialist Faction;Faction socialiste;Die sozialistische Fraktion;;;;;;;;;;;
SEG_communist;Communist Faction;Faction communiste;Die kommunistische Fraktion;;;;;;;;;;;
SEG_fascist;New Empire Faction;Faction pour le nouvel empire;Neue Reich Fraktion;;;;;;;;;;;
SHO_conservative;Royal Faction;Faction royale;Königsfraktion;;;;;;;;;;;
SHO_liberal;Reform Faction;Faction de réforme;Verbesserung Fraktion;;;;;;;;;;;
SHO_reactionary;Empire Faction;Faction d'empire;Reich Fraktion;;;;;;;;;;;
SHO_radical;Radical Faction;Faction radicale;Die radikale Fraktion;;;;;;;;;;;
SHO_socialist;Socialist Faction;Faction socialiste;Die sozialistische Fraktion;;;;;;;;;;;
SHO_communist;Communist Faction;Faction communiste;Die kommunistische Fraktion;;;;;;;;;;;
SHO_fascist;Fascist Faction;Faction fasciste;Die faschistische Fraktion;;;;;;;;;;;
SHW_conservative;Negus's Faction;Faction Negus;Negus Fraktion;;Facción Negus;;;;;;;;;
SHW_liberal;The Liberal Faction;Faction libérale;Die liberale Fraktion;;La facción liberal;;;;;;;;;
SHW_reactionary;The Church Faction;La Faction Eglise;Die Kirche Fraktion;;La Facción Iglesia;;;;;;;;;
SHW_radical;The Radical Faction;Faction radicale;Die radikale Fraktion;;La facción radical;;;;;;;;;
SHW_socialist;The Socialist Faction;Faction socialiste;Die sozialistische Fraktion;;La facción socialista;;;;;;;;;
SHW_communist;The Communist Faction;Faction communiste;Die kommunistische Fraktion;;La facción comunista;;;;;;;;;
SHW_fascist;The Fascist Faction;Faction fasciste;Die faschistische Fraktion;;La facción fascista;;;;;;;;;
SOM_liberal;Somali Democratic Union;;;;;;;;;;;;;
SOM_radical;Somali National Congress;;;;;;;;;;;;;
SOM_conservative;United Somali Party;;;;;;;;;;;;;
SOM_reactionary;Somali National League;;;;;;;;;;;;;
SOM_socialist;Somali Youth League;;;;;;;;;;;;;
SOM_communist;Somali Revolutionary Socialist Party;;;;;;;;;;;;;
SOM_fascist;Greater Somalia League;;;;;;;;;;;;;
SUA_conservative;Royal Faction;Faction royale;Königsfraktion;;;;;;;;;;;
SUA_liberal;Reform Faction;Faction de réforme;Verbesserung Fraktion;;;;;;;;;;;
SUA_reactionary;Traditional Faction;Faction traditionnelle;Traditionelle Fraktion;;;;;;;;;;;
SUA_radical;Freedom Faction;Faction de liberté;Freiheits Fraktion;;;;;;;;;;;
SUA_socialist;Socialist Faction;Faction socialiste;Die sozialistische Fraktion;;;;;;;;;;;
SUA_communist;Communist Faction;Faction communiste;Die kommunistische Fraktion;;;;;;;;;;;
SUA_fascist;Fascist Faction;Faction fasciste;Die faschistische Fraktion;;;;;;;;;;;
SUA_parliamentary_republic;Swaziland;;;;;;;;;;;;;
TOO_conservative;Almaami Faction;Faction Almaami;Almaami Fraktion;;;;;;;;;;;
TOO_liberal;Reform Faction;Faction de réforme;Verbesserung Fraktion;;;;;;;;;;;
TOO_reactionary;Torodbe Faction;Faction Religieux;Religiöse Fraktion;;;;;;;;;;;
TOO_radical;Freedom Faction;Faction de liberté;Freiheits Fraktion;;;;;;;;;;;
TOO_socialist;Socialist Faction;Faction socialiste;Die sozialistische Fraktion;;;;;;;;;;;
TOO_communist;Communist Faction;Faction communiste;Die kommunistische Fraktion;;;;;;;;;;;
TOO_fascist;Empire Faction;Faction d'empire;Reich Fraktion;;;;;;;;;;;
BDU_conservative;Almaami Faction;;;;;;;;;;;;;
BDU_liberal;Reform Faction;;;;;;;;;;;;;
BDU_reactionary;Torodbe Faction;;;;;;;;;;;;;
BDU_radical;Freedom Faction;;;;;;;;;;;;;
XSO_conservative;Fankamala Faction;;;;;;;;;;;;;
XSO_liberal;Reform Faction;;;;;;;;;;;;;
XSO_reactionary;Demba Faction;;;;;;;;;;;;;
XSO_radical;Freedom Faction;;;;;;;;;;;;;
SUSU_conservative;Emir Faction;;;;;;;;;;;;;
SUSU_liberal;Reform Faction;;;;;;;;;;;;;
SUSU_reactionary;Jihad Faction;;;;;;;;;;;;;
SUSU_radical;Freedom Faction;;;;;;;;;;;;;
KOY_conservative;Bai Faction;;;;;;;;;;;;;
KOY_liberal;Reform Faction;;;;;;;;;;;;;
KOY_reactionary;Temne Faction;;;;;;;;;;;;;
KOY_radical;Freedom Faction;;;;;;;;;;;;;
TSW_dominion;Bechuanaland Protectorate;;;;;;;;;;;;;
TSW_conservative;Bechuanaland Independence Party;;;;;;;;;;;;;
TSW_liberal;Bechuanaland People's Party;;;;;;;;;;;;;
TSW_reactionary;Bechuanaland National Front;;;;;;;;;;;;;
TSW_radical;Bechuanaland Alliance Movement;;;;;;;;;;;;;
TSW_socialist;Bechuanaland Democratic Party;;;;;;;;;;;;;
TSW_communist;International Socialist Organization;;;;;;;;;;;;;
TSW_fascist;Bechuanaland Fascist Front;;;;;;;;;;;;;
WAD_conservative;Kolak's Faction;Faction Kolak;Kolak Fraktion;;;;;;;;;;;
WAD_liberal;Reform Faction;Faction de réforme;Verbesserung Fraktion;;;;;;;;;;;
WAD_reactionary;Religious Faction;Faction Religieux;Religiöse Fraktion;;;;;;;;;;;
WAD_radical;Freedom Faction;Faction de liberté;Freiheits Fraktion;;;;;;;;;;;
WAD_socialist;Socialist Faction;Faction socialiste;Die sozialistische Fraktion;;;;;;;;;;;
WAD_communist;Communist Faction;Faction communiste;Die kommunistische Fraktion;;;;;;;;;;;
WAD_fascist;Fascist Faction;Faction fasciste;Die faschistische Fraktion;;;;;;;;;;;
WRI_conservative;Olu's Faction;Faction Olu;Olu Fraktion;;;;;;;;;;;
WRI_liberal;Reform Faction;Faction de réforme;Verbesserung Fraktion;;;;;;;;;;;
WRI_reactionary;Military Faction;Faction militaire;Militärische Fraktion;;;;;;;;;;;
WRI_radical;Radical Faction;Faction radicale;Die radikale Fraktion;;;;;;;;;;;
WRI_socialist;People's Faction;Faction populaire;Volk Fraktion;;;;;;;;;;;
WRI_communist;Communist Faction;Faction communiste;Die kommunistische Fraktion;;;;;;;;;;;
WRI_fascist;Fascist Faction;Faction fasciste;Die faschistische Fraktion;;;;;;;;;;;
WOL_conservative;Buur-ba's Faction;Faction Buur-ba;Buur-ba Fraktion;;;;;;;;;;;
WOL_liberal;Reform Faction;Faction de réforme;Verbesserung Fraktion;;;;;;;;;;;
WOL_reactionary;Religious Faction;Faction Religieux;Religiöse Fraktion;;;;;;;;;;;
WOL_radical;Freedom Faction;Faction de liberté;Freiheits Fraktion;;;;;;;;;;;
WAA_conservative;Brak's Faction;;;;;;;;;;;;;
WAA_liberal;Seb Ak Baor Faction;;;;;;;;;;;;;
WAA_reactionary;Joos Faction;;;;;;;;;;;;;
WAA_radical;Reform Faction;;;;;;;;;;;;;
KYO_conservative;Damel's Faction;;;;;;;;;;;;;
KYO_liberal;Seb Ak Baor Faction;;;;;;;;;;;;;
KYO_reactionary;Ma-Dyodyo Faction;;;;;;;;;;;;;
KYO_radical;Reform Faction;;;;;;;;;;;;;
SLM_conservative;Maad's Faction;;;;;;;;;;;;;
SLM_liberal;Serer Faction;;;;;;;;;;;;;
SLM_reactionary;Touray Faction;;;;;;;;;;;;;
SLM_radical;Reform Faction;;;;;;;;;;;;;
BTE_conservative;Kaba Faction;;;;;;;;;;;;;
BTE_liberal;Cissé Faction;;;;;;;;;;;;;
BTE_reactionary;Fofana Faction;;;;;;;;;;;;;
BTE_radical;Reform Faction;;;;;;;;;;;;;
BAU_conservative;Juabun Faction;;;;;;;;;;;;;
BAU_liberal;Sanwi Faction;;;;;;;;;;;;;
BAU_reactionary;King's Faction;;;;;;;;;;;;;
BAU_radical;Reform Faction;;;;;;;;;;;;;
CLC_reactionary;Kong Faction;;;;;;;;;;;;;
CLC_liberal;Daula's Faction;;;;;;;;;;;;;
CLC_conservative;Faama's Faction;;;;;;;;;;;;;
CLC_radical;Reform Faction;;;;;;;;;;;;;
KAA_reactionary;Massassi Faction;;;;;;;;;;;;;
KAA_liberal;Reform Faction;;;;;;;;;;;;;
KAA_conservative;Faama's Faction;;;;;;;;;;;;;
KAA_radical;Radical Faction;;;;;;;;;;;;;
AFA_reactionary;Otibu Faction;;;;;;;;;;;;;
AFA_liberal;Omanbaga Faction;;;;;;;;;;;;;
AFA_conservative;Breyni's Faction;;;;;;;;;;;;;
AFA_radical;Radical Faction;;;;;;;;;;;;;
TBE_reactionary;Tado Faction;;;;;;;;;;;;;
TBE_liberal;Aneho Faction;;;;;;;;;;;;;
TBE_conservative;Bé's Faction;;;;;;;;;;;;;
TBE_radical;Radical Faction;;;;;;;;;;;;;
WOL_socialist;Socialist Faction;Faction socialiste;Die sozialistische Fraktion;;;;;;;;;;;
WOL_communist;Communist Faction;Faction communiste;Die kommunistische Fraktion;;;;;;;;;;;
WOL_fascist;Fascist Faction;Faction fasciste;Die faschistische Fraktion;;;;;;;;;;;
XHO_conservative;Conservative Faction;Faction conservateur;Konservative Fraktion;;;;;;;;;;;
XHO_liberal;Liberal Faction;Faction libéral;Liberale Fraktion;;;;;;;;;;;
XHO_reactionary;Traditional Faction;Faction traditionnelle;Traditionelle Fraktion;;;;;;;;;;;
XHO_radical;Radical Faction;Faction radicale;Die radikale Fraktion;;;;;;;;;;;
XHO_socialist;Socialist Faction;Faction socialiste;Die sozialistische Fraktion;;;;;;;;;;;
XHO_communist;Communist Faction;Faction communiste;Die kommunistische Fraktion;;;;;;;;;;;
XHO_fascist;Fascist Faction;Faction fasciste;Die faschistische Fraktion;;;;;;;;;;;
AGC_conservative;Sultan's Faction;;;;;;;;;;;;;
AGC_liberal;Reform Faction;;;;;;;;;;;;;
AGC_reactionary;Islamic Faction;;;;;;;;;;;;;
AGC_radical;Radical Faction;;;;;;;;;;;;;
AGC_socialist;Socialist Party;;;;;;;;;;;;;
AGC_communist;Communist Party;;;;;;;;;;;;;
AGC_fascist;Fascist Faction;;;;;;;;;;;;;
GAZ_conservative;King's Faction;;;;;;;;;;;;;
GAZ_liberal;Reform Faction;;;;;;;;;;;;;
GAZ_reactionary;Traditionalist Faction;;;;;;;;;;;;;
GAZ_radical;Freedom Faction;;;;;;;;;;;;;
GAZ_socialist;People's Front;;;;;;;;;;;;;
GAZ_communist;Communist Party;;;;;;;;;;;;;
GAZ_fascist;Fascist Faction;;;;;;;;;;;;;
TRZ_conservative;Emir's Faction;;;;;;;;;;;;;
TRZ_liberal;Zawiya Faction;;;;;;;;;;;;;
TRZ_reactionary;Hassanic Faction;;;;;;;;;;;;;
TRZ_radical;Reform Faction;;;;;;;;;;;;;
TRZ_conservative_2;Progressive Union;;;;;;;;;;;;;
TRZ_liberal_2;Agreement Party;;;;;;;;;;;;;
TRZ_reactionary_2;People's Party;;;;;;;;;;;;;
TRZ_socialist;Association of the Young Mauritanians;;;;;;;;;;;;;
TRZ_communist;Mauritanian Entente;;;;;;;;;;;;;
TRZ_fascist;Nahda;;;;;;;;;;;;;
WSA_conservative;Emir's Faction;;;;;;;;;;;;;
WSA_liberal;Reform Faction;;;;;;;;;;;;;
WSA_reactionary;Islamic Faction;;;;;;;;;;;;;
WSA_liberal_2;Agreement Party;;;;;;;;;;;;;
WSA_reactionary_2;People's Party;;;;;;;;;;;;;
WSA_radical;Radical Faction;;;;;;;;;;;;;
WSA_socialist;Association of the Young Saharawis;;;;;;;;;;;;;
WSA_communist;Saharawi Entente;;;;;;;;;;;;;
WSA_fascist;Saharawi Militar Front;;;;;;;;;;;;;
TRZ_parliamentary_republic;Mauritania;Mauritanie;Mauretanien;;;;;;;;;;;
TRZ_parliamentary_republic_ADJ;Mauritanian;Mauritanien;Mauretanische;;;;;;;;;;;
AWS_conservative;Sultan's Faction;Faction Sultan;Sultan Fraktion;;;;;;;;;;;
AWS_liberal;Reformers Faction;Faction réformateurs;Reformatoren Fraktion;;;;;;;;;;;
AWS_reactionary;Military Faction;Faction militaire;Militärische Fraktion;;;;;;;;;;;
AWS_radical;Radical Faction;Faction radicale;Die radikale Fraktion;;;;;;;;;;;
AWS_socialist;Afar People's Party;Afar Parti populaire;Afar Volkspartei;;;;;;;;;;;
AWS_communist;Afar Communist Party;Afar Parti communiste;Afar Kommunistischen Partei;;;;;;;;;;;
AWS_fascist;Fascist Faction;Faction fasciste;Die faschistische Fraktion;;;;;;;;;;;
GON_conservative;Imperial Faction;Faction impériale;Imperialen Fraktion;;;;;;;;;;;
GON_liberal;Reform Faction;Faction de réforme;Verbesserung Fraktion;;;;;;;;;;;
GON_reactionary;Ras Faction;Faction Ras;Ras Fraktion;;;;;;;;;;;
GON_radical;Radical Faction;Faction radicale;Die radikale Fraktion;;;;;;;;;;;
GON_socialist;Socialist Party;Parti socialiste;Sozialistische Partei;;;;;;;;;;;
GON_communist;Communist Party;Parti communiste;Kommunistische Partei;;;;;;;;;;;
GON_fascist;Fascist Faction;Faction fasciste;Die faschistische Fraktion;;;;;;;;;;;
HAR_conservative;Emir's Faction;Faction Emir;Emir Fraktion;;;;;;;;;;;
HAR_liberal;Reform Faction;Faction de réforme;Verbesserung Fraktion;;;;;;;;;;;
HAR_reactionary;Religious Faction;Faction religieuse;Religiöse Fraktion;;;;;;;;;;;
HAR_radical;Radical Faction;Faction radicale;Die radikale Fraktion;;;;;;;;;;;
HAR_socialist;Socialist Party;Parti socialiste;Sozialistische Partei;;;;;;;;;;;
HAR_communist;Communist Party;Parti communiste;Kommunistische Partei;;;;;;;;;;;
HAR_fascist;Islamic Party;Parti islamique;Islamische Partei;;;;;;;;;;;
KAF_conservative;Royal Faction;Faction royale;Königliche Fraktion;;;;;;;;;;;
KAF_liberal;Reform Faction;Faction de réforme;Verbesserung Fraktion;;;;;;;;;;;
KAF_reactionary;Traditionalist Faction;Faction traditionaliste;Traditionalist Fraktion;;;;;;;;;;;
KAF_radical;Freedom Faction;Faction liberté;Freiheit Fraktion;;;;;;;;;;;
KAF_socialist;Socialist Faction;Faction socialiste;Die sozialistische Fraktion;;;;;;;;;;;
KAF_communist;Communist Faction;Faction communiste;Die kommunistische Fraktion;;;;;;;;;;;
KAF_fascist;Fascist Faction;Faction fasciste;Die faschistische Fraktion;;;;;;;;;;;
SID_conservative;Aristocratic Faction;Faction aristocratique;Aristokratischen Fraktion;;;;;;;;;;;
SID_liberal;Reform Faction;Faction de réforme;Verbesserung Fraktion;;;;;;;;;;;
SID_reactionary;Traditionalist Faction;Faction traditionaliste;Traditionalist Fraktion;;;;;;;;;;;
SID_radical;Freedom Faction;Faction liberté;Freiheit Fraktion;;;;;;;;;;;
SID_socialist;Socialist Faction;Faction socialiste;Die sozialistische Fraktion;;;;;;;;;;;
SID_communist;Communist Faction;Faction communiste;Die kommunistische Fraktion;;;;;;;;;;;
SID_fascist;Fascist Faction;Faction fasciste;Die faschistische Fraktion;;;;;;;;;;;
TIG_conservative;Faction of the Ras of Tigray;Faction de l'Ras du Tigré;Fraktion der Ras von Tigray;;;;;;;;;;;
TIG_liberal;Reform Faction;Faction de réforme;Verbesserung Fraktion;;;;;;;;;;;
TIG_reactionary;Traditionalist Faction;Faction traditionaliste;Traditionalist Fraktion;;;;;;;;;;;
TIG_radical;Freedom Faction;Faction liberté;Freiheit Fraktion;;;;;;;;;;;
TIG_socialist;Tigrayan People's Liberation Front;Front de libération du Tigrayienne populaire;Tigrayan Volksbefreiungsfront;;;;;;;;;;;
TIG_communist;Tigrayan Communist Party;Tigrayienne Parti communiste;Tigrayan Kommunistischen Partei;;;;;;;;;;;
TIG_fascist;Fascist Faction;Faction fasciste;Die faschistische Fraktion;;;;;;;;;;;
LEO_conservative;Partido Moderado;;;;;;;;;;;;;
LEO_liberal;Partido Progresista;;;;;;;;;;;;;
LEO_reactionary;Comunión Carlista;;;;;;;;;;;;;
LEO_socialist;Partido Socialista;;;;;;;;;;;;;
LEO_communist;Federación Regional;;;;;;;;;;;;;
LEO_radical;Partido Radical;;;;;;;;;;;;;
LEO_fascist;Falange;;;;;;;;;;;;;
GLP_conservative;Parti Conservateur des Antilles;;;;;;;;;;;;;
GLP_liberal;Forces Démocratiques Antillais;;;;;;;;;;;;;
GLP_socialist;Mouvement de Décolonisation et d'Émancipation Sociale;;;;;;;;;;;;;
GLP_communist;Parti Révolutionnaire Antillais;;;;;;;;;;;;;
GLP_reactionary;Union des Propriétaires Fonciers;;;;;;;;;;;;;
GLP_radical;Front Libre des Antilles;;;;;;;;;;;;;
GLP_fascist;Garde civile des Antilles;;;;;;;;;;;;;
GLP_parliamentary_republic;Guadeloupe;;;;;;;;;;;;;
AUB_parliamentary_republic;Austroslavia;;;;;;;;;;;;;
MRV_radical;Radical Party;Parti Radical;Radikale Partei;Partia Radykalna;Partido Radical;Partito Radicale;Radikális Párt;Radikální Strana;Radikális Párt;Radicale Partij;Partido Radical;Ðàäèêàëüíàÿ Ïàðòèÿ;Radikaalipuolue;
MRV_communist;Communist Party;Parti Communiste;Kommunistische Partei;Partia Komunistyczna;Partido Comunista;Partito Comunista;Kommunista Párt;Komunistická Strana;Kommunista Párt;Communistische Partij;Partido Comunista;Êîììóíèñòè÷åñêàÿ Ïàðòèÿ;Kommunistinenpuolue;
MRV_conservative;Conservative Party;Parti Conservateur;Konservative Partei;Partia Konserwatywna;Partido Conservador;Partito Conservatore;Konzervatív Párt;Konzervativní Strana;Konzervatív Párt;Conservatieve Partij;Partido Conservador;Êîíñåðâàòèâíàÿ Ïàðòèÿ;Konservatiivipuolue;
MRV_fascist;Fascist Party;Parti Fasciste;Faschistische Partei;Partia Faszystowska;Partido Fascista;Partito Fascista;Fasiszta Párt;Fašistická Strana;Fasiszta Párt;Fascistische Partij;Partido Fascista;Ôàøèñòñêàÿ Ïàðòèÿ;Fasistinenpuolue;
MRV_liberal;Liberal Party;Parti Libéral;Liberale Partei;Partia Liberalna;Partido Liberal;Partito Liberale;Liberális Párt;Liberální Strana;Liberális Párt;Liberale Partij;Partido Liberal;Ëèáåðàëüíàÿ Ïàðòèÿ;Liberaalipuolue;
MRV_reactionary;National Party;Parti National;Nationale Partei;Partia Narodowa;Partido Nacional;Partito Nazionale;Nemzeti Párt;Národní Strana;Nemzeti Párt;Nationale Partij;Partido Nacional;Íàöèîíàëüíàÿ Ïàðòèÿ;Kansallispuolue;
MRV_socialist;Socialist Party;Parti Socialiste;Sozialistische Partei;Partia Socjalistyczna;Partido Socialista;Partito Socialista;Szocialista Párt;Socialistická Strana;Szocialista Párt;Socialistische Partij;Partido Socialista;Ñîöèàëèñòè÷åñêàÿ Ïàðòèÿ;Sosialistinenpuolue;
MXM_liberal;Partido Monarquista Liberal;;;;;;;;;;;;;
MXM_socialist;Partido Revolucionario de los y las Trabajadores;;;;;;;;;;;;;
MXM_communist;Partido Communista de Mexico;;;;;;;;;;;;;
MXM_radical;Partido Hacendados de Mexico;;;;;;;;;;;;;
MXM_fascist;Union Nacional Sinarquista;;;;;;;;;;;;;
MEE_parliamentary_republic;Hacienda Republic of Mexico;;;;;;;;;;;;;
#;;;;;;;;;;;;;
CYN_radical;Radical Party;Parti Radical;Radikale Partei;Partia Radykalna;Partido Radical;Partito Radicale;Radikális Párt;Radikální Strana;Radikális Párt;Radicale Partij;Partido Radical;Ðàäèêàëüíàÿ Ïàðòèÿ;Radikaalipuolue;
CYN_communist;Communist Party;Parti Communiste;Kommunistische Partei;Partia Komunistyczna;Partido Comunista;Partito Comunista;Kommunista Párt;Komunistická Strana;Kommunista Párt;Communistische Partij;Partido Comunista;Êîììóíèñòè÷åñêàÿ Ïàðòèÿ;Kommunistinenpuolue;
CYN_conservative;Conservative Party;Parti Conservateur;Konservative Partei;Partia Konserwatywna;Partido Conservador;Partito Conservatore;Konzervatív Párt;Konzervativní Strana;Konzervatív Párt;Conservatieve Partij;Partido Conservador;Êîíñåðâàòèâíàÿ Ïàðòèÿ;Konservatiivipuolue;
CYN_fascist;Fascist Party;Parti Fasciste;Faschistische Partei;Partia Faszystowska;Partido Fascista;Partito Fascista;Fasiszta Párt;Fašistická Strana;Fasiszta Párt;Fascistische Partij;Partido Fascista;Ôàøèñòñêàÿ Ïàðòèÿ;Fasistinenpuolue;
CYN_liberal;Liberal Party;Parti Libéral;Liberale Partei;Partia Liberalna;Partido Liberal;Partito Liberale;Liberális Párt;Liberální Strana;Liberális Párt;Liberale Partij;Partido Liberal;Ëèáåðàëüíàÿ Ïàðòèÿ;Liberaalipuolue;
CYN_reactionary;National Party;Parti National;Nationale Partei;Partia Narodowa;Partido Nacional;Partito Nazionale;Nemzeti Párt;Národní Strana;Nemzeti Párt;Nationale Partij;Partido Nacional;Íàöèîíàëüíàÿ Ïàðòèÿ;Kansallispuolue;
CYN_socialist;Socialist Party;Parti Socialiste;Sozialistische Partei;Partia Socjalistyczna;Partido Socialista;Partito Socialista;Szocialista Párt;Socialistická Strana;Szocialista Párt;Socialistische Partij;Partido Socialista;Ñîöèàëèñòè÷åñêàÿ Ïàðòèÿ;Sosialistinenpuolue;
PAW_radical;Radical Party;Parti Radical;Radikale Partei;Partia Radykalna;Partido Radical;Partito Radicale;Radikális Párt;Radikální Strana;Radikális Párt;Radicale Partij;Partido Radical;Ðàäèêàëüíàÿ Ïàðòèÿ;Radikaalipuolue;
PAW_communist;Communist Party;Parti Communiste;Kommunistische Partei;Partia Komunistyczna;Partido Comunista;Partito Comunista;Kommunista Párt;Komunistická Strana;Kommunista Párt;Communistische Partij;Partido Comunista;Êîììóíèñòè÷åñêàÿ Ïàðòèÿ;Kommunistinenpuolue;
PAW_conservative;Conservative Party;Parti Conservateur;Konservative Partei;Partia Konserwatywna;Partido Conservador;Partito Conservatore;Konzervatív Párt;Konzervativní Strana;Konzervatív Párt;Conservatieve Partij;Partido Conservador;Êîíñåðâàòèâíàÿ Ïàðòèÿ;Konservatiivipuolue;
PAW_fascist;Fascist Party;Parti Fasciste;Faschistische Partei;Partia Faszystowska;Partido Fascista;Partito Fascista;Fasiszta Párt;Fašistická Strana;Fasiszta Párt;Fascistische Partij;Partido Fascista;Ôàøèñòñêàÿ Ïàðòèÿ;Fasistinenpuolue;
PAW_liberal;Liberal Party;Parti Libéral;Liberale Partei;Partia Liberalna;Partido Liberal;Partito Liberale;Liberális Párt;Liberální Strana;Liberális Párt;Liberale Partij;Partido Liberal;Ëèáåðàëüíàÿ Ïàðòèÿ;Liberaalipuolue;
PAW_reactionary;National Party;Parti National;Nationale Partei;Partia Narodowa;Partido Nacional;Partito Nazionale;Nemzeti Párt;Národní Strana;Nemzeti Párt;Nationale Partij;Partido Nacional;Íàöèîíàëüíàÿ Ïàðòèÿ;Kansallispuolue;
PAW_socialist;Socialist Party;Parti Socialiste;Sozialistische Partei;Partia Socjalistyczna;Partido Socialista;Partito Socialista;Szocialista Párt;Socialistická Strana;Szocialista Párt;Socialistische Partij;Partido Socialista;Ñîöèàëèñòè÷åñêàÿ Ïàðòèÿ;Sosialistinenpuolue;
AMA_radical_1;God Bless Guyana;;;;;;;;;;;;;
AMA_communist_1;Working People's Vanguard Party;;;;;;;;;;;;;
AMA_conservative_1;Manpower Citizens' Association;;;;;;;;;;;;;
AMA_conservative_2;Guyana Democratic Party;;;;;;;;;;;;;
AMA_conservative_3;Justice Party;;;;;;;;;;;;;
AMA_fascist_1;Liberator Party;;;;;;;;;;;;;
AMA_liberal_1;Popular Party;;;;;;;;;;;;;
AMA_liberal_2;United Democratic Party;;;;;;;;;;;;;
AMA_liberal_3;Peace, Equality and Prosperity Party;;;;;;;;;;;;;
AMA_reactionary_1;National Republican Party;;;;;;;;;;;;;
AMA_socialist_1;British Guiana Labour Party;;;;;;;;;;;;;
AMA_socialist_2;Political Affairs Committee;;;;;;;;;;;;;
LIG_parliamentary_republic;Liege;;;;;;;;;;;;;
HAZ_semi_constitutional_monarchy;Hazarajat;;;;;;;;;;;;;
HAZ_constitutional_monarchy;Hazarajat;;;;;;;;;;;;;
LUR_communist;Tudeh Party of Iran;;;;;;;;;;;;;
LUR_reactionary;The Ulama;;;;;;;;;;;;;
LUR_conservative;Dudman-e Feyli;;;;;;;;;;;;;
LUR_radical;Bazaari Faction;;;;;;;;;;;;;
LUR_socialist;Hizb-e Socialyist;;;;;;;;;;;;;
LUR_fascist;SUMKA;;;;;;;;;;;;;
LUR_liberal;Bakhtiari Tribe;;;;;;;;;;;;;
BFR_reactionary;Alexandrean Party of the Balkans;;;;;;;;;;;;;
BFR_liberal;The Democratic Party;;;;;;;;;;;;;
BFR_conservative;Balkan Conservative Party;;;;;;;;;;;;;
BFR_socialist;Democratic Federative Balkans;;;;;;;;;;;;;
BFR_fascist;Balkan Radical Union;;;;;;;;;;;;;
BFR_communist;Revolutionary Balkan Social-Democratic Labor Federation;;;;;;;;;;;;;
BFR_radical;Pašic's Radical Party;;;;;;;;;;;;;
TOU_parliamentary_republic;Tukulor Republic;;;;;;;;;;;;;
MUTANFIQ_reactionary;Emir Faction;;;;;;;;;;;;;
MUTANFIQ_liberal;Liberal Faction;;;;;;;;;;;;;
MUTANFIQ_conservative;Conservative Faction;;;;;;;;;;;;;
MUTANFIQ_adical;Radical Faction;;;;;;;;;;;;;
MUTANFIQ_socialist;Socialist Faction;;;;;;;;;;;;;
MUTANFIQ_communist;Communist Faction;;;;;;;;;;;;;
MUTANFIQ_fascist;Fascist Faction;;;;;;;;;;;;;
