EVTOPTB127846;Send the minimum amount to help.;;;;;;;;;;;;;
EVTOPTB127847;Silence the news.;;;;;;;;;;;;;
EVTOPTB127848;Silence the news.;;;;;;;;;;;;;
EVTOPTB00007;We have our own problems.;;;;;;;;;;;;;
EVTOPTB00008;Seize Portuguese colonies as repayment. §RGain 10 infamy§W;;;;;;;;;;;;;
EVTOPTB00017;There is no need to reform them now.;;;;;;;;;;;;;
EVTOPTB00018;The reform has gone far enough.;;;;;;;;;;;;;
EVTOPTB00023;No need.;;;;;;;;;;;;;
EVTOPTB00024;Enough with this madness.;;;;;;;;;;;;;
EVTOPTB00027;MORE autonomy? No.;;;;;;;;;;;;;
EVTOPTB00028;This is unnecessary. The Fueros will remain.;;;;;;;;;;;;;
EVTOPTB00037;Who cares about the Pope?;;;;;;;;;;;;;
EVTOPTB00038;We shall place Italy itself under Papal administration. §RGain 5 infamy§W;;;;;;;;;;;;;
EVTOPTB00039;Ravenna, the ancient capital of Rome.;;;;;;;;;;;;;
EVTOPTB00041;Ravenna, the ancient capital of Rome.;;;;;;;;;;;;;
EVTOPTB00043;Let it slide.;;;;;;;;;;;;;
EVTOPTB00044;Wallonia is lost.;;;;;;;;;;;;;
EVTOPTB00045;The cost is too high.;;;;;;;;;;;;;
EVTOPTB00048;What was that? Hand French territory over? §RGain 12 infamy§W;;;;;;;;;;;;;
EVTOPTB00057;A brilliant plan!;;;;;;;;;;;;;
EVTOPTB00062;For Liberty!;;;;;;;;;;;;;
EVTOPTB00064;Restauration par la modération.;;;;;;;;;;;;;
EVTOPTB00065;Maybe the Carlists were onto something...;;;;;;;;;;;;;
EVTOPTB00066;We are satisfied with simple loyalty.;;;;;;;;;;;;;
EVTOPTB00075;Are you insane?;;;;;;;;;;;;;
EVTOPTB00076;Refuse, it is ours as well.;;;;;;;;;;;;;
EVTOPTB00080;No need.;;;;;;;;;;;;;
EVTOPTB00081;Only under our leadership. (emergency player option);;;;;;;;;;;;;
EVTOPTB00082;We will weather this alone.;;;;;;;;;;;;;
EVTOPTB00083;But only under our leadership (player emergency option);;;;;;;;;;;;;
EVTOPTB00084;Only under our leadership (player emergency option);;;;;;;;;;;;;
EVTOPTB00085;Only under our leadership (Player emergency option);;;;;;;;;;;;;
EVTOPTB00088;We will back down.;;;;;;;;;;;;;
EVTOPTB00129;Alexandros Mavrokordatos;;;;;;;;;;;;;
EVTOPTB00123;Put this insurrectionist in his place.;;;;;;;;;;;;;
EVTOPTB00204;We have enough problems already.;;;;;;;;;;;;;
EVTOPTB00205;Keep Spain under surveillance. §RGain 15 infamy§W;;;;;;;;;;;;;
EVTOPTB00208;Who cares about the islands?;;;;;;;;;;;;;
EVTOPTB183637;This is hopeless. There is nothing we can do.;;;;;;;;;;;;;
EVTOPTB48190003;Send aid to help rebuild the town. §R(Pay 25.000)§!;;;;;;;;;;;;;
EVTOPTB48190004;Sign the firman;;;;;;;;;;;;;
EVTOPTB81350;Use the Turmoil to Seize Macau!;;;;;;;;;;;;;
EVTOPTB81351;§RGain 2 Infamy§! The Chinese think they can dictate what we can do in China?;;;;;;;;;;;;;
EVTOPTB00102;We can do nothing.;;;;;;;;;;;;;
EVTOPTB00109;We will not be forgoing industry.;;;;;;;;;;;;;
EVTOPTB00110;We will not be enflaming nationalists.;;;;;;;;;;;;;
EVTOPTB00094;France is the stronger realm, so too should the kingdom be.;;;;;;;;;;;;;
EVTOPTB00104;We can do nothing.;;;;;;;;;;;;;
EVTOPTB00052;Philippe VII of Orléans.;;;;;;;;;;;;;
EVTOPTB00068;Don't bother.;;;;;;;;;;;;;
EVTOPTB00069;Refuse.;;;;;;;;;;;;;
EVTOPTB00071;Request? Sorry, we meant demand.;;;;;;;;;;;;;
EVTOPTB00072;We cannot afford such a war.;;;;;;;;;;;;;
EVTOPTB00073;We will dismantle their dominance of the Isles. §RGain 35 infamy§W;;;;;;;;;;;;;
EVTOPTB00012;They are no threat to us there.;;;;;;;;;;;;;
EVTOPTB00013;We shall concede to their demands.;;;;;;;;;;;;;
EVTOPTB00014;They will be expatriated, one way or another. §RGain 5 infamy§W;;;;;;;;;;;
EVTOPTB16130;He stays in $STATENAME$;;;;;;;;;;;;;
EVTOPTB211401;The Resident's garden is looking a bit iffy.;;;;;;;;;;;;;
EVTOPTB211403;Side with the Assistent-Resident: Justice & Freedom are of the utmost importance;;;;;;;;;;;;;
EVTOPTB211404;Perhaps it is best to hush things up.;;;;;;;;;;;;;
EVTOPTB211412;Send out an open tender.;;;;;;;;;;;;;
EVTOPTB211413;We will not budge.;;;;;;;;;;;;;
EVTOPTB211414;Favor the Calvinists.;;;;;;;;;;;;;
EVTOPTB211450;Judicial punishment is, and will remain, the monopoly of the state;;;;;;;;;;;;;
EVTOPTB211440;Later...maybe...;;;;;;;;;;;;;
EVTOPTB211250;This is not in our interests.;;;;;;;;;;;;;
EVTOPTB211252;Confirm prince Tamjidillah.;;;;;;;;;;;;;
EVTOPTB211254;Confirm prince Hidayatullah instead.;;;;;;;;;;;;;
EVTOPTB211256;Leave them to their fate.;;;;;;;;;;;;;
EVTOPTB211262;Withdraw from the region.;;;;;;;;;;;;;
EVTOPTB211290;Our priorities lie elsewhere.;;;;;;;;;;;;;
EVTOPTB211900;We are all sinners under God!;;;;;;;;;;;;;
EVTOPTB211550;I went to bed a conservative and woke up a liberal.;;;;;;;;;;;;;
EVTOPTB211553;What about the King's brother, Prince Frederik?;;;;;;;;;;;;;
EVTOPTB211532;This will not stop until they have all returned to the fold;;;;;;;;;;;;;
EVTOPTB211561;Condemnation it is! §RGain 1 infamy§!;;;;;;;;;;;;;
EVTOPTB211562;Thank the people for their support.;;;;;;;;;;;;;
EVTOPTB211563;The King Retracts;;;;;;;;;;;;;
EVTOPTB211500;...start learning knitting.;;;;;;;;;;;;;
EVTOPTB211504;The law can only be taken to mean women should be allowed to vote.;;;;;;;;;;;;;
EVTOPTB211505;...Perhaps if we grant them voting rights.;;;;;;;;;;;;;
EVTOPTB211489;Plan Van Niftrik - the Full Plan.;;;;;;;;;;;;;
EVTOPTB211487;Their argument does have some merit.;;;;;;;;;;;;;
EVTOPTB211482;It is time for reform.;;;;;;;;;;;;;
EVTOPTB211480;That's enough of this nonsense;;;;;;;;;;;;;
EVTOPTB211800;The Indies only serve to profit us!;;;;;;;;;;;;;
EVTOPTB211801;Train them to be actual doctors;;;;;;;;;;;;;
EVTOPTB211476;Protectionism is the solution.;;;;;;;;;;;;;
EVTOPTB211600;The 'Dagbladzegel' is maintained;;;;;;;;;;;;;
EVTOPTB4206987;Appoint a commission to 'look into' more autonomy for Poland.;;;;;;;;;;;;;
EVTOPTB18482312;Send the minimum amount to help. §R(Pay or owe 20,000¤)§W;;;;;;;;;;;;;
EVTOPTB91700;Conservative;;;;;;;;;;;;;
EVTOPTB91001;I would like to know more.;;;;;;;;;;;;;
EVTOPTB91002;I would like to know more.;;;;;;;;;;;;;
EVTOPTB91003;I would like to know more.;;;;;;;;;;;;;
EVTOPTB91004;I would like to know more.;;;;;;;;;;;;;
EVTOPTB91005;I would like to know more.;;;;;;;;;;;;;
EVTOPTB91006;I would like to know more.;;;;;;;;;;;;;
EVTOPTB91007;I would like to know more.;;;;;;;;;;;;;
EVTOPTB91008;I would like to know more.;;;;;;;;;;;;;
EVTOPTB91009;I would like to know more.;;;;;;;;;;;;;
EVTOPTB90810;Play as Guangdong Clique;;;;;;;;;;;;;
EVTOPTB90815;We do not recognize the usurper!;;;;;;;;;;;;;
EVTOPTB90824;Respect their sovereignty.;;;;;;;;;;;;;
EVTOPTB31103;We will take back all of Egypt!;;;;;;;;;;;;;
EVTOPTB31104;We will will not surrender!;;;;;;;;;;;;;
EVTOPTB7790011;The UK must negotiate with us directly if they want us to drop our claims.;;;;;;;;;;;;;
EVTOPTB44360;Ensure his silence.;;;;;;;;;;;;;
EVTOPTB44361;The climate calls for a lighter hand.;;;;;;;;;;;;;
EVTOPTB44362;Acknowledge their sovereignty.;;;;;;;;;;;;;
EVTOPTB44364;A United Canada is best for all.;;;;;;;;;;;;;
EVTOPTB44365;He is old and infirm. Let him die in peace.;;;;;;;;;;;;;
EVTOPTB44366;Foutez le camp!;;;;;;;;;;;;;
EVTOPTB44367;Get out of my sight!;;;;;;;;;;;;;
EVTOPTB203800;No, Savage.;;;;;;;;;;;;;
EVTOPTB203801;They seem desperate. Keep an eye on them.;;;;;;;;;;;;;
EVTOPTB203802;No, better than kings. Gods.;;;;;;;;;;;;;
EVTOPTB203700;Crush the rebellion!;;;;;;;;;;;;;
EVTOPTB203701;Free slaves? Revoke this useless law!;;;;;;;;;;;;;
EVTOPTB203702;The coffee policy will prevail! Suppress this outrageous coup!;;;;;;;;;;;;;
EVTOPTB203776;We must keep order in the streets!;;;;;;;;;;;;;
EVTOPTB203777;This has gone on for far too long. This must end.;;;;;;;;;;;;;
EVTOPTB203805;What? No.;;;;;;;;;;;;;
EVTOPTB66689;Keep Lucky Nations Off.;;;;;;;;;;;;;
EVTOPTB188112;Let us bide our time.;;;;;;;;;;;;;
EVTOPTB188113;We will do what is necessary and no more.;;;;;;;;;;;;;
EVTOPTB188114;Is this really necessary?;;;;;;;;;;;;;
EVTOPTB188115;Attempt to pull out of our weaker outposts.;;;;;;;;;;;;;
EVTOPTB188118;Let them go, we have failed in the Caucasus.;;;;;;;;;;;;;
EVTOPTB188119;Organize our forces but do nothing.;;;;;;;;;;;;;
EVTOPTB188121;Let the rebel scum suffer.;;;;;;;;;;;;;
EVTOPTB188122;We need not descend into barbarism.;;;;;;;;;;;;;
EVTOPTB188123;Let him suffer the fate of all traitors.;;;;;;;;;;;;;
EVTOPTB187730;Send in the troops. We won't let civilians ruin our war effort.;;;;;;;;;;;;;
EVTOPTB187720;Hold the dam owners blameless. This was an act of God, not a liability.;;;;;;;;;;;;;
EVTOPTB187690;Shut them down. If they want arms, let them become soldiers.;;;;;;;;;;;;;
EVTOPTB187680;Open our arms to our neighbors, and bring them into our home.;;;;;;;;;;;;;
EVTOPTB44304;They shall hang for their crimes!;;;;;;;;;;;;;
EVTOPTB232000000;Name it after one of our national heroes.;;;;;;;;;;;;;
EVTOPTB200001;Da sollte sich mal wer drum kümmern? (Nay);;;;;;;;;;;;;
EVTOPTB200005;Deutschland, Deutschland über alles - seems to be a classic.;;;;;;;;;;;;;
EVTOPTB188138;We have no choice but to accept it?;;;;;;;;;;;;;
EVTOPTB188139;We have no choice but to let them go?;;;;;;;;;;;;;
EVTOPTB188142;We're fine on our own.;;;;;;;;;;;;;
EVTOPTB188143;Be lenient with them.;;;;;;;;;;;;;
EVTOPTB188145;This isn't a good idea.;;;;;;;;;;;;;
EVTOPTB131510;Refuse to split the university.;;;;;;;;;;;;;
EVTOPTB146500;Static defenses are too expensive.;;;;;;;;;;;;;
EVTOPTB188125;A Crusade?! In this age?! This Pope must be crazy?;;;;;;;;;;;;;
EVTOPTB188127;A Crusade?! In this age?! This Pope must be crazy?;;;;;;;;;;;;;
EVTOPTB46625;Paraguay remains a dictatorship!;;;;;;;;;;;;;
EVTOPTB11380024;Respect the election results.;;;;;;;;;;;;;
EVTOPTB11002;...boosting the government's popularity.;;;;;;;;;;;;;
EVTOPTB11001;...reactionary aristocrats.;;;;;;;;;;;;;
EVTOPTB2570;They are not worth our time.;;;;;;;;;;;;;
EVTOPTB16461;Africa for the Africans.;;;;;;;;;;;;;
EVTOPTB16460;Let's hope our boys in blue caught them.;;;;;;;;;;;;;
EVTOPTB96096;We will wait for other colonial opportunities.;;;;;;;;;;;;;
EVTOPTB12070;Distribute the food among the poor.;;;;;;;;;;;;;
EVTOPTB12170;We shall all die sooner or later.;;;;;;;;;;;;;
EVTOPTB199068;Focus on tobacco.;;;;;;;;;;;;;
EVTOPTB199069;Focus on tea.;;;;;;;;;;;;;
EVTOPTB199064;We know there are mineral riches - we just need to keep looking. §R(Pay or owe 200,000¤)§W;;;;;;;;;;;;;
EVTOPTB199053;Carry on as normal but thoroughly search for mineral riches. §R(Pay 100,000¤ once)§W;;;;;;;;;;;;;
EVTOPTB199052;Coffee and tobacco should be the priority.;;;;;;;;;;;;;
EVTOPTB199050;Pay the surveyors to find mineral resources and import coffee and tea. §R(Pay 100,000¤ once)§W;;;;;;;;;;;;;
EVTOPTB199051;Pay the surveyors to find mineral resources and import tea. §R(Pay 100,000¤ once)§W;;;;;;;;;;;;;
EVTOPTB199060;We should focus on cotton, but look for mineral riches. §R(Pay 100,000¤ once)§W;;;;;;;;;;;;;
EVTOPTB199049;Coffee and cotton plantations would help our economy.;;;;;;;;;;;;;
EVTOPTB199046;Let's focus on tea.;;;;;;;;;;;;;
EVTOPTB199044;Livestock is in high-demand in our country.;;;;;;;;;;;;;
EVTOPTB96099;They are not worth the trouble. §GLose 1 infamy§W;;;;;;;;;;;;;
EVTOPTB96097;They will never take our freedom!;;;;;;;;;;;;;
EVTOPTB199039;We are in need of cotton for our looms.;;;;;;;;;;;;;
EVTOPTB199038;Heavily subside the mining industry. §R(Pay 100,000¤ once)§W;;;;;;;;;;;;;
EVTOPTB22581;We want to keep flexibility in our trade policy.;;;;;;;;;;;;;
EVTOPTB810003;Never. The tolls are too important for $COUNTRY$. §RGain 3 infamy§W;;;;;;;;;;;;;
EVTOPTB810004;We don't need anyone else. We can pay everything. §R(Pay or owe 300,000¤)§W;;;;;;;;;;;;;
EVTOPTB810005;Can we pay it bit by bit?;;;;;;;;;;;;;
EVTOPTB810006;Pay it little by little.;;;;;;;;;;;;;
EVTOPTB21520;Spare no expenses to mitigate this disaster.;;;;;;;;;;;;;
EVTOPTB19040;The Valley is ours.;;;;;;;;;;;;;
EVTOPTB110062;Never! The Bear shall stand!;;;;;;;;;;;;;
EVTOPTB16459;We will found a new agency, the Soil Conservation Service, to fight this calamity.;;;;;;;;;;;;;
EVTOPTB16190;Enact an ordinance to stop them.;;;;;;;;;;;;;
EVTOPTB16200;A black day, but at least the so called "Border Ruffians" won.;;;;;;;;;;;;;
EVTOPTB16180;Enact an ordinance to stop them.;;;;;;;;;;;;;
EVTOPTB16150;Debate them at every opportunity.;;;;;;;;;;;;;
EVTOPTB16140;Shut it down.;;;;;;;;;;;;;
EVTOPTB16120;Aye!;;;;;;;;;;;;;
EVTOPTB16100;Suppress the society.;;;;;;;;;;;;;
EVTOPTB16090;Suppress the society.;;;;;;;;;;;;;
EVTOPTB16070;Never were truer words spoken!;;;;;;;;;;;;;
EVTOPTB16030;To southern labor!;;;;;;;;;;;;;
EVTOPTB90950;We respect $FROMCOUNTRY_ADJ$ sovereignty.;;;;;;;;;;;;;
EVTOPTB70004;We will have our money back. §RGain 0-2 infamy§W;;;;;;;;;;;;;
EVTOPTB15250;Leave the issue be.;;;;;;;;;;;;;
EVTOPTB15040;Get rid of the worst troublemakers.;;;;;;;;;;;;;
EVTOPTB10330;Let the boys in blue have their way with these fomenters of revolution.;;;;;;;;;;;;;
EVTOPTB81002218;They can take it from our cold, dead hands. §RGain 4 infamy§W;;;;;;;;;;;;;
EVTOPTB81002215;It doesn't suit our interests.;;;;;;;;;;;;;
EVTOPTB14670;We accept full responsibility for the wrongs committed. §RGain 1 infamy§W;;;;;;;;;;;;;
EVTOPTB37707;The people need those lands!;;;;;;;;;;;;;
EVTOPTB315002;Let them handle themselves.;;;;;;;;;;;;;
EVTOPTB16458;We will not stand for this.;;;;;;;;;;;;;
EVTOPTB44104;We should encourage more states to adopt his ideas.;;;;;;;;;;;;;
EVTOPTB36225;Forget it.;;;;;;;;;;;;;
EVTOPTB36627;We don't need the island.;;;;;;;;;;;;;
EVTOPTB36626;We will give up the island anyway.;;;;;;;;;;;;;
EVTOPTB36625;We found some ballots right over here that disprove this. §RGain 2 infamy§W;;;;;;;;;;;;;
EVTOPTB36624;We are not interested.;;;;;;;;;;;;;
EVTOPTB36623;Let the French have it.;;;;;;;;;;;;;
EVTOPTB36224;We are not interested.;;;;;;;;;;;;;
EVTOPTB16456;We will respect their decision.;;;;;;;;;;;;;
EVTOPTB16455;This will not work out, no deal.;;;;;;;;;;;;;
EVTOPTB16454;We don't have that much money, we will buy only the necessary land. §R(Pay or owe 50,000¤)§W;;;;;;;;;;;;;
EVTOPTB16453;They will have just enough land for the transcontinental railway.;;;;;;;;;;;;;
EVTOPTB34616;We will side with the Prussians.;;;;;;;;;;;;;
EVTOPTB34615;We agree to their terms.;;;;;;;;;;;;;
EVTOPTB34613;We renounce all our claims. §GLose 1 infamy§W;;;;;;;;;;;;;
EVTOPTB31500001;The Union will continue with Estonian rule.;;;;;;;;;;;;;
EVTOPTB96173;We don't need them. Let everything but Messina go.;;;;;;;;;;;;;
EVTOPTB441268;They will have to take it by force.;;;;;;;;;;;;;
EVTOPTB441266;Pay their debts and keep the colonies.;;;;;;;;;;;;;
EVTOPTB441255;Motion dismissed.;;;;;;;;;;;;;
EVTOPTB34612;Repel the Constitution.;;;;;;;;;;;;;
EVTOPTB16452;The war is over, we can do what we want.;;;;;;;;;;;;;
EVTOPTB4433;...cultural minorities that are poisoning the $COUNTRY_ADJ$ people.;;;;;;;;;;;;;
EVTOPTB4434;Set them up in our homeland.;;;;;;;;;;;;;
EVTOPTB44124;Our children don't need that.;;;;;;;;;;;;;
EVTOPTB4431;The revolution can't be endangered. We need to get rid of them. §RGain 1 infamy§W;;;;;;;;;;;;;
EVTOPTB34611;Send the minimum amount.;;;;;;;;;;;;;
EVTOPTB14005;Let the chips fall where they may.;;;;;;;;;;;;;
EVTOPTB4420;Starting a fight might spice things up.;;;;;;;;;;;;;
EVTOPTB16020;Find for Scott;;;;;;;;;;;;;
EVTOPTB49501;We see little reason to join such a union.;;;;;;;;;;;;;
EVTOPTB49502;We'll see how they feel with an army in their capital. §RGain 4 infamy§W;;;;;;;;;;;;;
EVTOPTB49503;This is going too far.;;;;;;;;;;;;;
EVTOPTB49504;This is going too far.;;;;;;;;;;;;;
EVTOPTB90101;Go back on our promise.;;;;;;;;;;;;;
EVTOPTB38500;We wouldn't benefit from a capital in Africa.;;;;;;;;;;;;;
EVTOPTB999000;Let the debate take its own course, and let the chips fall where they may!;;;;;;;;;;;;;
EVTOPTB999001;Decisive arguments for Interventionism.;;;;;;;;;;;;;
EVTOPTB999002;Religion is not a political issue!;;;;;;;;;;;;;
EVTOPTB999003;We need to limit their citizenship.;;;;;;;;;;;;;
EVTOPTB999004;Violence can be used, but in this situation it would be meaningless.;;;;;;;;;;;;;
EVTOPTB999010;Support the Reactionary parties!;;;;;;;;;;;;;
EVTOPTB999022;Let the riots play their course.;;;;;;;;;;;;;
EVTOPTB999040;Voting rights for the middle class? Nay!;;;;;;;;;;;;;
EVTOPTB999041;Stop these ungrateful wretches!;;;;;;;;;;;;;
EVTOPTB999042;Better never than ever.;;;;;;;;;;;;;
EVTOPTB999043;Enough is enough! Stop that nonsense!;;;;;;;;;;;;;
EVTOPTB999044;There is no need to change the system.;;;;;;;;;;;;;
EVTOPTB999045;Want me to play the world's smallest violin?;;;;;;;;;;;;;
EVTOPTB999046;What's next? Blindfolds?;;;;;;;;;;;;;
EVTOPTB999049;The socialists are right!;;;;;;;;;;;;;
EVTOPTB999050;Fascism is our only hope!;;;;;;;;;;;;;
EVTOPTB123456;Comrades we have nothing to lose but our chains! §BPlay the Soviets§!;;;;;;;;;;;;;
EVTOPTB640000;Hej, Sloveni!;;;;;;;;;;;;;
EVTOPTB35406;International Decrees;;;;;;;;;;;;;
EVTOPTB35407;Bull Expanding Religious Orders;;;;;;;;;;;;;
EVTOPTB35408;Issue a Papal Bull condemning radicalism;;;;;;;;;;;;;
EVTOPTB35409;The church does not rule us!;;;;;;;;;;;;;
EVTOPTB35410;...what year does he think this is?;;;;;;;;;;;;;
EVTOPTB35411;A great sentiment, but not for government.;;;;;;;;;;;;;
EVTOPTB34608;This isn't really necessary. Revoke the law.;;;;;;;;;;;;;
EVTOPTB3700;Hard work is the foundation of a good moral character.;;;;;;;;;;;;;
EVTOPTB370000002;Hard work is the foundation of a good moral character.;;;;;;;;;;;;;
EVTOPTB13000;They bring dangerous ideas. $COUNTRY$ will refuse them all access.;;;;;;;;;;;;;
EVTOPTB13010;Allow them to stay.;Les obliger à rester.;Zwingt sie, zu bleiben.;;Obligadles a quedarse.;;;;;;;;;
EVTOPTB96013;We will not attend;Nous n'irons pas;Wir gehen nicht;;;;;;;;;;;
EVTOPTB96015;$FROMCOUNTRY$ is our ally;$FROMCOUNTRY$ est notre allié;$FROMCOUNTRY$ ist unser Verbündetes;;;;;;;;;;;
EVTOPTB96016;Our only interest is limiting $FROMCOUNTRY_ADJ$ power. §RGain 1 infamy§W;Nous voulons seulement;Wir wünschen nur wenig;;;;;;;;;;;
EVTOPTB96025;We don't need more allies;Nous n'avons pas besoin de plus d'alliés;Wir benötigen nicht mehr Verbündete;;;;;;;;;;;
EVTOPTB96030;We refuse;Nous refusons;Wir lehnen ab;;;;;;;;;;;
EVTOPTB96065;We cannot afford such a war.;;;;;;;;;;;;;
EVTOPTB96071;We do not wish any more colonies.;Nous refusons.;Wir lehnen ab.;;;;;;;;;;;
EVTOPTB96136;We have no choice but to accept.;Nous acceptons.;Wir nehmen an.;;;;;;;;;;;
EVTOPTB20001;Find those responsible and shut down this tripe!;;;;;;;;;;;;;
EVTOPTB20002;Send in the troops!;;;;;;;;;;;;;
EVTOPTB20003;Yes! Increase efforts to track them down.;;;;;;;;;;;;;
EVTOPTB140001;Perhaps violence is not the answer.;;;;;;;;;;;;;
EVTOPTB140101;If there's one thing we need more of it is surely more guns;;;;;;;;;;;;;
EVTOPTB140201;Justice demands a re-trial.;;;;;;;;;;;;;
EVTOPTB140301;Only the strongest shall survive.;;;;;;;;;;;;;
EVTOPTB140401;Subsidize the mine.;;;;;;;;;;;;;
EVTOPTB140501;Contact a newspaper immediately.;;;;;;;;;;;;;
EVTOPTB140601;Their opinions matter not.;;;;;;;;;;;;;
EVTOPTB140701;This is a great evil, but the faithful must not fall into unholy disbelief.;;;;;;;;;;;;;
EVTOPTB140801;We will respect their ancestors.;;;;;;;;;;;;;
EVTOPTB140901;You shall not call religion to the bench.;;;;;;;;;;;;;
EVTOPTB141001;Bring the retribution-seekers to justice.;;;;;;;;;;;;;
EVTOPTB141101;Run the counter-story and keep them repressed.;;;;;;;;;;;;;
EVTOPTB141201;Let the debate take its course.;;;;;;;;;;;;;
EVTOPTB141301;Our nation, our markets, and our goods indeed.;;;;;;;;;;;;;
EVTOPTB141401;Free trade is the path to prosperity.;;;;;;;;;;;;;
EVTOPTB555022;We will not resort to such cowardly tactics;;;;;;;;;;;;;
EVTOPTB555026;We will not resort to such cowardly tactics;;;;;;;;;;;;;
EVTOPTB555084;Aid the AI with pop promotion;;;;;;;;;;;;;
EVTOPTB555102;We shall rule as we please!;;;;;;;;;;;;;
EVTOPTB1234121;It shall remain a $COUNTRY_ADJ$ colony;;;;;;;;;;;;;
EVTOPTB95255;We will remain independent.;;;;;;;;;;;;;
EVTOPTB97125;Reject the offer.;;;;;;;;;;;;;
EVTOPTBV;Three Cheers for His Majesty!;;;;;;;;;;;;;
EVTOPTB50000;Crush the rebellion!;;;;;;;;;;;;;
EVTOPTB80000;The Czar can go to hell!;Que le tsar aille au diable !;Der Zar soll in der Hölle schmoren!;;¡Que el zar se vaya al Infierno!;;;;;;;;;
EVTOPTB4430;Can't we give ourselves one more chance?;Ne pouvons-nous pas nous donner une autre chance ?;Können wir uns selbst nicht noch eine Chance geben?;;¿No podemos darnos una oportunidad más?;;;;;;;;;
EVTOPTB13358;Bah, more useless territory.;Bof, encore des territoires inutiles.;Pah, noch mehr nutzloses Territorium.;;Bah, más territorio inútil.;;;;;;;;;
EVTOPTB23300;This sounds like something out of a children's book, and I will have none of it.;On dirait une histoire tirée d’un livre pour enfants. Ça ne m’intéresse pas.;Das klingt wie eine Geschichte aus einem Kinderbuch - so was höre ich mir nicht an!;;Parece algo sacado de un cuento infantil. No quiero saber nada del asunto.;;;;;;;;;
EVTOPTB23301;This sounds like something out of a children's book, and I will have none of it.;On dirait une histoire tirée d’un livre pour enfants. Ça ne m’intéresse pas.;Das klingt wie eine Geschichte aus einem Kinderbuch - so was höre ich mir nicht an!;;Parece algo sacado de un cuento infantil. No quiero saber nada del asunto.;;;;;;;;;
EVTOPTB19330;I think it would be best if nothing came of this...;Je pense qu’il serait bon que rien ne sorte de tout ça…;Es wäre wohl besser, wenn bei dieser Konferenz nichts herauskäme ...;;Creo que será mejor que esto quede en nada...;;;;;;;;;
EVTOPTB19335;I do not feel that such an unimportant affair merits our attention.;Je ne pense pas qu’une affaire si peu importante mérite notre attention.;Ich denke nicht, dass eine derart unwichtige Angelegenheit unserer Aufmerksamkeit wert sind.;;No creo que un asunto tan trivial merezca nuestra atención.;;;;;;;;;
EVTOPTB19345;We have come as bringers of civilization, not as looters.;Nous sommes là pour apporter la civilisation, pas pour piller le pays !;Wir bringen das Geschenk der Zivilisation und sind keine Plünderer!;;Hemos venido a traer la civilización, no a saquear el país.;;;;;;;;;
EVTOPTB11100;I will not accept a crown from the gutter.;Pas question que j'accepte une couronne qui vient du caniveau !;Ich werde keine Krone aus der Gosse akzeptieren.;;No aceptaré una corona de la escoria.;;;;;;;;;
EVTOPTB17000;If only there were popular support for this idea...;Si seulement cette idée bénéficiait d'un soutien populaire...;Wenn die Bevölkerung nur hinter dieser Idee stehen würde ...;;Si esta idea contara, al menos, con apoyo popular...;;;;;;;;;EVTOPTB60130;By god no, $FROMCOUNTRY_ADJ$ scum;Dieu du ciel, pas cette racaille $FROMCOUNTRY_ADJ$;$FROMCOUNTRY_ADJ$er Abschaum!;;No, por Dios, escoria $FROMCOUNTRY_ADJ$ ;;;;;;;;;
EVTOPTB11103;Who is this man, and what does he want from me?;Qui est cet homme et qu'attend-il de moi ?;Wer ist dieser Mann und was will er von mir?;;¿Quién es este hombre, y qué quiere de mí?;;;;;;;;;
EVTOPTB32509;No, I don't think so. Maybe we could build a bridge there someday?;Non, je ne pense pas. On pourrait peut-être y construire un pont, un jour ?;Nein, das machen wir nicht! Vielleicht könnten wir eines Tages eine Brücke dorthin bauen?;;No, creo que no. En su momento, podríamos construir allí un puente, ¿no?;;;;;;;;;
EVTOPTB13201;Perhaps we should let the $FROMCOUNTRY_ADJ$ Dragon sleep.;Nous devrions peut-être laisser le dragon $FROMCOUNTRY_ADJ$ dormir.;Vielleicht sollten wir den $FROMCOUNTRY_ADJ$en Drachen schlafen lassen.;;Quizá deberíamos dejar dormir a la hidra $FROMCOUNTRY_ADJ$.;;;;;;;;;
EVTOPTB160001;Out with the Manchu!;;Weg mit den Manchu!;;;;;;;;;;;
EVTOPTB160502;Do not waste my time with this nonsense!;;Verschwendet meine Zeit nicht mit diesem Unfug!;;;;;;;;;;;
EVTOPTB20000;This doesn't concern us;;Das geht uns nichts an;;;;;;;;;;;
EVTOPTB20100;Maybe we should talk about this...;;Vielleicht sollten wir darüber reden?;;;;;;;;;;;
EVTOPTB20101;Concede their point.;;Räumt ihren Anspruch ein.;;;;;;;;;;;
EVTOPTB20102;Don't listen to him!;;Hört nicht auf ihn!;;;;;;;;;;;
EVTOPTB20103;Fire the fool!;;Entlasst diesen Narren!;;;;;;;;;;;
EVTOPTB20104;We are open to discussion.;;Wir sind offen für Diskussionen.;;;;;;;;;;;
EVTOPTB20105;Let's not fight over this.;;Lasst uns nicht deswegen kämpfen.;;;;;;;;;;;
EVTOPTB99969;Our struggle was only against the Manchu.;;;;;;;;;;;;;
EVTOPTB99998;Encourage it.;;;;;;;;;;;;;
EVTOPTB97531;Let them go.;;;;;;;;;;;;;
EVTOPTB500059;We refuse to accept this unlawful occupation of Switzerland!;;;;;;;;;;;;;
EVTOPTB99100;This is a terrible idea.;;;;;;;;;;;;;
EVTOPTB530001;Send the minimum amount to help.;;;;;;;;;;;;;
EVTOPTB99201;We won't let Britain tell us what to do!;;;;;;;;;;;;;
EVTOPTB99200;Back down, Herat isn't worth a war.;;;;;;;;;;;;;
EVTOPTB99300;This treaty does not suit $COUNTRY$'s interests.;;;;;;;;;;;;;
EVTOPTB111003;Send another mission to appease him.;;;;;;;;;;;;;
EVTOPTB99103;We will do whatever we please in Central Asia.;;;;;;;;;;;;;
EVTOPTB99700;We shall take the Mosquito Coast by force! §RGain 2 infamy§W;;;;;;;;;;;;;
EVTOPTB24600;Truly, we have far surpassed the French.;;;;;;;;;;;;;
EVTOPTB34627;Yes, the Main River shall be our southern border.;;;;;;;;;;;;;
EVTOPTB44848468;Yes, the Main River shall be their northern border.;;;;;;;;;;;;;
EVTOPTB997203;Jamaicans will be free! §BPlay as Jamaica§W;;;;;;;;;;;;;
EVTOPTB997202;Abandon the island and evacuate the British population.;;;;;;;;;;;;;
EVTOPTB530005;We cannot spare the resources at this time.;;;;;;;;;;;;;
EVTOPTB441256;Dewamps it is!;;;;;;;;;;;;;
EVTOPTB1904012;Never!;;;;;;;;;;;;;
EVTOPTB1904312;Bring them home;;;;;;;;;;;;;
EVTOPTB200007;The Monarch is above the constitution.;;;;;;;;;;;;;
EVTOPTB200008;They are right. We should strive for a more liberal society.;;;;;;;;;;;;;
EVTOPTB200009;Oh, these academics. Have they nothing else to do?;;;;;;;;;;;;;
EVTOPTB200012;Thank you, we have got enough strange academics here.;;;;;;;;;;;;;
EVTOPTB200015;And what is with our protestant subjects?;;;;;;;;;;;;;
EVTOPTB200017;They have every right to do what they want.;;;;;;;;;;;;;
EVTOPTB200018;Revoke the reform.;;;;;;;;;;;;;
EVTOPTB200021;Stop him!;;;;;;;;;;;;;
EVTOPTB200022;Well, I like Heine. Even though he is from Düsseldorf.;;;;;;;;;;;;;
EVTOPTB200024;Classical music is overrated...;;;;;;;;;;;;;
EVTOPTB200034;The Constitution remains.;;;;;;;;;;;;;
EVTOPTB200049;Negotiate.;;;;;;;;;;;;;
EVTOPTB200050;Reigning only by force is barbarity.;;;;;;;;;;;;;
EVTOPTB202000;We have no choice but to let them go. (No war with Sardinia or Milan);;;;;;;;;;;;;
EVTOPTB202003;We will never surrender! Viva il Re!;;;;;;;;;;;;;
EVTOPTB202001;It is too dangerous.;;;;;;;;;;;;;
EVTOPTB90100;Never!;Jamais !;Niemals!;;;;;;;;;;;
EVTOPTB23212;Keep looking at the sky!;Continuez de regarder au ciel !;Schau weiter in den Himmel!;;;;;;;;;;;
EVTOPTB111011928;Never!;Jamais !;Niemals!;;;;;;;;;;;
EVTOPTBAD;This is bad news for us.;;;;;;;;;;;;;
EVTOPTB101532;Let them have their book;;;;;;;;;;;;;
EVTOPTB101534;Let it continue to circulate;;;;;;;;;;;;;
EVTOPTB34617;If this is what it takes to preserve Swiss neutrality.;;;;;;;;;;;;;
EVTOPTB11011;We´re not a Banana Republic!;;;;;;;;;;;;;
EVTOPTB34620;A strategically placed border on Maas and Mosel seems like the better option.;;;;;;;;;;;;;
EVTOPTB110083;A king's place is in his country.;;;;;;;;;;;;;
EVTOPTB110082;No thanks.;;;;;;;;;;;;;
EVTOPTB190401;This is a violation of $COUNTRY_ADJ$ sovereignty;;;;;;;;;;;;;
EVTOPTB190431;Bring them home.;;;;;;;;;;;;;
EVTOPTB16517;The North is defeated, let's mend the divide;;;;;;;;;;;;;
EVTOPTB4778711;Never, $FROMCOUNTRY_ADJ$ scum! §RThis will prevent the Congo from spawning! Gain 3 infamy§W;;;;;;;;;;;;;
EVTOPTB477700;We must focus on mineral resources. §R(Pay 100,000¤ once)§W;;;;;;;;;;;;;
EVTOPTB477701;Focus on cotton production.;;;;;;;;;;;;;
EVTOPTB477706;Focus on cattle farming;;;;;;;;;;;;;
EVTOPTB477711;Focus on coffee and cotton;;;;;;;;;;;;;
EVTOPTB22500;Balanced government budget, deregulation and sound money.;Budget gouvernemental équilibré, dérégulation et argent sain.;Ausgewogener Staatshaushalt, Deregulierung und stimmige Geldwirtschaft.;;Presupuesto equilibrado del gobierno, liberalización y una moneda sólida.;;;;;;;;;
EVTOPTB22520;As long as they are happy, I have no objections.;Si cela leur convient, je n'y vois aucune objection.;So lange sie glücklich sind, habe ich nichts dagegen.;;Mientras sean felices, no tengo objeciones.;;;;;;;;;
EVTOPTB22530;I think that the government that governs the least governs the best;Je crois que le gouvernement qui gouverne le moins gouverne le mieux.;Meiner Meinung nach regiert die Regierung am besten, die am wenigsten eingreift.;;Creo que el mejor gobierno es el que menos gobierna.;;;;;;;;;
EVTOPTB22550;We must not let the whims of profiteers dictate the national economic policy;Ne laissons pas les caprices des profiteurs dicter notre politique économique.;Wir dürfen uns die nationale Wirtschaftspolitik nicht von den Launen von Profitjägern diktieren lassen.;;No debemos permitir que los especuladores dicten la política económica.;;;;;;;;;
EVTOPTB22560;We should leverage this affluence;Nous devons profiter de cette affluence.;Diesen Überfluss sollten wir uns zunutze machen!;;Deberíamos impulsar esta prosperidad;;;;;;;;;
EVTOPTB22570;We will not spend government money in support of a private company;Nous n'utiliserons pas l'argent du gouvernement pour soutenir une compagnie privée.;Zur Unterstützung einer privaten Firma werden wir nicht die Staatskasse belasten.;;No gastaremos el dinero del gobierno en apoyar a una compañía privada.;;;;;;;;;
EVTOPTB22580;The freedom of trade shall not be abridged in any way.;La liberté des échanges ne doit en aucun cas en pâtir.;Die Handelsfreiheit darf auf keinen Fall eingeschränkt werden.;;La libertad de comercio no sufrirá trabas de ninguna manera.;;;;;;;;;
EVTOPTB14730;Ignore the League;Ignorer la ligue;Ignoriert die Liga;;Ignorad a la Liga.;;;;;;;;;
EVTOPTB14750;Liberal arguments prevail;Les arguments libéraux prédominent;Die liberalen Argumente sind besser.;;Se imponen los argumentos liberales.;;;;;;;;;
EVTOPTB14760;The office is in the pocket of Big Industry, and Big Industry is to blame!;Le bureau est sous le joug de l'industrie et celle-ci en est responsable !;Das Amt wird von der Großindustrie gesteuert, also ist die Großindustrie schuld!;;¡El ministerio está en el bolsillo de la gran Industria, así que ella tiene la culpa!;;;;;;;;;
EVTOPTB14780;Naturally we must aid the colony, and help strive for its betterment;Naturellement, nous devons aider la colonie et soutenir son développement.;Natürlich müssen wir der Kolonie helfen und zusehen, dass sich die Umstände dort bessern.;;Naturalmente, debemos ayudar a la colonia, y esforzarnos por su mejora.;;;;;;;;;
EVTOPTB14790;Cover up the report, lest the capitalists get uppity!;Dissimulez ce rapport de crainte que les capitalistes en prennent la grosse tête !;Lasst den Bericht verschwinden, sonst werden die Kapitalisten hochnäsig!;;¡Oculta el informe, no vaya a ser que a los capitalistas se les suban los humos!;;;;;;;;;
EVTOPTB14800;This will teach future generations about the common heritage of mankind;Ainsi, les générations futures en sauront davantage sur l'héritage commun de l'humanité.;Zukünftige Generationen werden von diesen Artefakten über die gemeinsame Vergangenheit der Menschheit lernen.;;Esto enseñará a generaciones venideras la herencia común de la humanidad.;;;;;;;;;
EVTOPTB14810;I suppose we could drop by the Chamber of Commerce and have a chat with the boys...;Je suppose qu'on devrait pouvoir contacter la Chambre de commerce pour en discuter...;Hmmh, wir könnten bei der Handelskammer vorbeischauen und uns mal mit den Jungs unterhalten ...;;Nos dejaremos caer por la Cámara de Comercio y tendremos una charla con los chicos...;;;;;;;;;
EVTOPTB10105;Let them have their say in parliament, and the effects might dissipate;Laissez-les s'exprimer au parlement. La situation devrait s'arranger.;Lasst sie im Parlament zu Wort kommen. Die Effekte ihrer Reden könnten sich im Wind verlaufen.;;Dejémosles hablar en el parlamento y los efectos podrían disiparse.;;;;;;;;;
EVTOPTB10120;Censor the paper;Censurez le journal.;Zensiert die Zeitung;;Censura del periódico;;;;;;;;;
EVTOPTB10110;The old order must be defended!;L'ordre établi doit être défendu !;Das alte Regime muss verteidigt werden!;;¡El antiguo orden debe ser defendido!;;;;;;;;;
EVTOPTB10130;Suppress the society;Neutraliser la société;Unterdrückt die Gesellschaft;;Suprimid la sociedad.;;;;;;;;;
EVTOPTB10140;Pass a local ordnance against it;Passer une loi d'interdiction en ce sens;Verabschiedet eine lokale Verordnung gegen sie.;;Promulgad una ordenanza local en su contra.;;;;;;;;;
EVTOPTB14000;Some protective measures are in order to safe-guard our industry;Quelques mesures de protection peuvent être prises pour sauvegarder notre industrie.;Zur Absicherung unserer Industrie sind einige Schutzmaßnahmen durchaus angebracht.;;Hemos tomado algunas medidas protectoras para salvaguardar nuestra industria.;;;;;;;;;
EVTOPTB14010;Decisive arguments for Interventionism;Arguments décisifs en faveur de l'interventionnisme;Entscheidende Argumente für Interventionismus;;Argumentos decisivos para el intervencionismo;;;;;;;;;
EVTOPTB14020;Religion is not a political issue!;La religion n'est pas une question politique !;Religion ist keine politische Angelegenheit!;;¡La religión no es un asunto político!;;;;;;;;;
EVTOPTB14030;We need to limit their citizenship.;Nous devons limiter leur citoyenneté.;Wir müssen ihre Bürgerrechte einschränken.;;Necesitamos limitar su ciudadanía.;;;;;;;;;
EVTOPTB14040;We need to maintain constant vigilance in foreign affairs;Nous devons surveiller de près les affaires étrangères;Wir müssen bei unserer Außenpolitik stets wachsam bleiben.;;Tenemos que mantener una vigilancia constante en los asuntos exteriores.;;;;;;;;;
EVTOPTB14050;Lower the tariffs on those goods and raise it on some others.;Baisser les droits de douane sur ces biens et les augmenter sur d'autres;Senkt die Zölle auf diese Güter und hebt sie für andere an.;;Bajad los aranceles en esas mercancías y subidlos en otras.;;;;;;;;;
EVTOPTB14060;Essentially, free trade is to be preferred;Substantiellement, le libre échange est privilégié.;Prinzipiell sollte die Handelsfreiheit bevorzugt werden.;;Esencialmente, prefieren el libre comercio.;;;;;;;;;
EVTOPTB14070;You both have great arguments, but we will not monopolize that.;Les deux camps ont des arguments convaincants, mais nous ne créerons pas de monopole.;Beide Seiten haben gute Argumente vorgebracht, doch eine Monopolisierung werden wir nicht unterstützen.;;Los dos tenéis razones de peso, pero no lo monopolizaremos.;;;;;;;;;
EVTOPTB14080;You have nothing to worry about.;Vous n'avez aucune inquiétude à avoir.;Keine Sorge!;;No tenéis de qué preocuparos.;;;;;;;;;
EVTOPTB14090;It takes some time, but it will work.;Il faut un peu de temps, mais ça va marcher.;Das wird etwas dauern, aber Erfolg haben.;;Llevará algo de tiempo, pero funcionará.;;;;;;;;;
EVTOPTB14100;The economic planners knows what they are doing.;Les planificateurs économiques savent ce qu'ils font.;Die Wirtschaftsplaner wissen schon, was sie tun.;;Los planificadores económicos saben lo que hacen.;;;;;;;;;
EVTOPTB14110;Charity is good, but no.;La charité, c'est bien, mais non.;Wohlfahrt ist eine gute Sache ... trotzdem: Nein.;;La caridad es buena, pero no, gracias.;;;;;;;;;
EVTOPTB14120;Secularization ensures state neutrality in issues of morality;La laïcisation assure la neutralité de l'État sur les questions de moralité.;Die Säkularisation sichert bei Moralfragen die staatliche Neutralität.;;La secularización asegura la neutralidad del estado en asuntos de moralidad.;;;;;;;;;
EVTOPTB14130;We can do nothing.;Nous n'y pouvons rien.;Wir können nicht unternehmen.;;No podemos hacer nada.;;;;;;;;;
EVTOPTB14140;Some funds could be considered on grounds of cultural importance;Certains fonds relèvent de l'importance culturelle.;Aufgrund der kulturellen Wichtigkeit müssen einige Gelder gestattet werden.;;Se podrían destinar algunos fondos por motivos de interés cultural.;;;;;;;;;
EVTOPTB14150;Why should they have the same rights?.;Pourquoi auraient-ils les mêmes droits ?;Warum sollten sie dieselben Rechte bekommen?;;¿Por qué deberían tener los mismos derechos?;;;;;;;;;
EVTOPTB14160;Limited citizenship, but with certain exceptions;Citoyenneté limitée, mais avec quelques exceptions;Eingeschränkte Bürgerrechte, aber mit bestimmten Ausnahmen.;;Ciudadanía limitada pero con ciertas excepciones;;;;;;;;;
EVTOPTB14170;Full citizenship, with only minor qualifications, is the way forward;La pleine citoyenneté, avec quelques critères mineurs, est la solution.;Volle Bürgerrechte mit minimalen Anforderungen!;;La ciudadanía plena, con algunas reservas menores, es el futuro.;;;;;;;;;
EVTOPTB14180;We do need a strong military.;Il nous faut une puissante armée.;Wir brauchen ein starkes Militär.;;Necesitamos un ejército fuerte.;;;;;;;;;
EVTOPTB14190;They need better food in order to fight well.;Ils ont besoin de mieux manger pour mieux combattre.;Sie brauchen bessere Verpflegung, um gut kämpfen zu können.;;Necesitan mejor comida para luchar mejor.;;;;;;;;;
EVTOPTB14200;Can't they fight without them?;Ne peuvent-ils pas s'en passer pour combattre ?;Können sie nicht ohne Waffen kämpfen?;;¿No pueden luchar sin ellas?;;;;;;;;;
EVTOPTB14210;Violence is never the answer.;La violence n'est jamais une solution.;Gewalt ist niemals eine Antwort.;;La violencia nunca es la respuesta.;;;;;;;;;
EVTOPTB10270;Couldn't the principal do something about this nonsense?;Le principal ne peut-il rien faire contre une telle absurdité ?;Könnte der Dekan nicht etwas gegen diesen Unsinn unternehmen?;;¿No podría ocuparse el rector de toda esta tontería?;;;;;;;;;
EVTOPTB10280;It is good to see the classics receiving some attention. Socratic Dialogues, anyone?;C'est bon de voir l'intérêt que suscite le classicisme.;Es ist gut, dass die Klassik wieder etwas Beachtung erfährt. Hat jemand Lust auf sokratische Dialoge?;;Está bien ver que los clásicos reciban algo de atención. ¿Los Diálogos Socráticos?;;;;;;;;;
EVTOPTB10290;Such a voice must be heard in all of $COUNTRY$!;Une telle voix doit retentir partout en $COUNTRY$ !;Solch ein Werk muss in ganz $COUNTRY$ publik gemacht werden!;;¡Esa voz debería escucharse en todo $COUNTRY$!;;;;;;;;;
EVTOPTB10300;I refuse to submit to political demands by the entrenched elites;Je refuse de répondre aux exigences politiques d'élites retranchées.;Ich weigere mich, politischen Forderungen der versnobten Eliten nachzugeben.;;Me niego a ceder ante las demandas políticas de las élites afianzadas;;;;;;;;;
EVTOPTB10320;Certainly, this is only propaganda designed to exploit the working classes.;Certainement, il ne s'agit que de propagande destinée à exploiter les classes ouvrières.;Dies ist sicherlich nur Propaganda zur Ausnutzung der Arbeiterklasse.;;Desde luego, esto es solo propaganda diseñada para explotar a las clases trabajadoras.;;;;;;;;;
EVTOPTB17020;This blatant allowing of women to talk in public assemblies is silly to the point of the absurd;Cette autorisation accordée aux femmes de s'exprimer est absurde.;Es ist absolut unsinnig und absurd, Frauen zu erlauben, auf öffentlichen Versammlungen zu sprechen.;;Esta permisividad de que las mujeres puedan hablar en asambleas públicas es ridícula.;;;;;;;;;
EVTOPTB17030;BLOOD AND CONQUEST!!! ... Apologies, what were you saying?;SANG ET CONQUÊTE !!! ... Pardon, que disiez-vous ?;BLUT UND EROBERUNG!!! ... Entschuldigung, was war das gerade?;;¡SANGRE Y CONQUISTA! Disculpe, ¿qué decía?;;;;;;;;;
EVTOPTB17040;This man clearly has no future in the $COUNTRY_ADJ$ army.;De toute évidence, cet homme n'a aucun avenir dans l'armée $COUNTRY_ADJ$.;Dieser Mann hat in der $COUNTRY_ADJ$ Armee ganz klar keine Zukunft mehr.;;Claramente, este hombre no tiene futuro en el ejército de $COUNTRY$.;;;;;;;;;
EVTOPTB17050;We must express our cordial understanding of, and support for, these sentiments;Nous devons exprimer notre cordiale compréhension à l'égard de tels sentiments.;Wir müssen für diese Gefühle unser aufrichtiges Verständnis ausdrücken.;;Hemos de expresar nuestra cordial comprensión y apoyo hacia esos sentimientos.;;;;;;;;;
EVTOPTB17060;Maybe if they listened more to what these nice ladies are trying to explain to them?;Tendre une oreille plus attentive à ce que ces braves dames expliquent ?;Und wenn sie vielleicht zuhören würden, was ihnen diese netten Damen zu erzählen haben?;;Si escuchasen con más atención lo que esas agradables señoras tienen que decir...;;;;;;;;;
EVTOPTB17070;Aaaah, the reactionary cause breathes morning air;Aaaah, la cause réactionnaire respire l'air frais du matin !;Aaaah, die Reaktionäre wittern Morgenluft.;;Ajá, la causa reaccionaria respira aire fresco.;;;;;;;;;
EVTOPTB17080;This campaign for basic human rights needs to go national;Cette campagne doit être portée au niveau national.;Diese Kampagne für grundlegende Menschenrechte muss auf nationale Ebene gehoben werden.;;Esta campaña por los derechos humanos debe emprenderse a escala nacional.;;;;;;;;;
EVTOPTB17090;Isn't there at least one MP living thereabouts?;N'y a-t-il pas au moins un membre du Parlement qui vit dans les environs ?;Lebt dort nicht mindestens ein Parlamentsmitglied?;;¿Hay al menos algún miembro del parlamento que viva cerca?;;;;;;;;;
EVTOPTB17100;So our erudites are intimidated by the female intellect?;Alors, comme ça, nos érudits sont intimidés par l'intellect féminin ?;Unsere Gebildeten haben als Angst vor dem weiblichen Intellekt?;;¿Así que a nuestros eruditos les intimida el intelecto femenino?;;;;;;;;;
EVTOPTB17110;Denounce the book;Dénoncer ce livre;Denunziert das Buch.;;Denunciad el libro.;;;;;;;;;
EVTOPTB17120;I predict that the cause will gain a fair amount of traction among the populace;Je pense que la cause suscitera un certain intérêt parmi la population.;Ich denke, die Sache wird bei der Bevölkerung Gehör finden.;;Auguro que la causa ganará bastante impulso entre el populacho.;;;;;;;;;
EVTOPTB17140;Release her and let us be done with this affair;Libérez-la et finissons-en avec cette affaire.;Lasst sie frei, damit wird diese Angelegenheit hinter uns bringen.;;Soltadla y acabemos con este asunto.;;;;;;;;;
EVTOPTB17150;Ignore the matter;Ignorer cette affaire;Ignoriert die Angelegenheit;;Ignorad el asunto.;;;;;;;;;
EVTOPTB17160;Let us hush up this blot of shame on our national pride, before someone catches wind;Étouffons ces propos honteux de notre histoire nationale avant qu'ils ne se propagent.;Lasst uns diesen Schandfleck auf unserem nationalen Stolz vertuschen, bevor jemand davon Wind bekommt.;;Vamos a acallar esta vergonzosa mancha sobre nuestro orgullo nacional.;;;;;;;;;
EVTOPTB17170;At least we're better than the people over in...;Au moins, nous sommes meilleurs que les gens de...;Zumindest sind wir besser als die Leute in ...;;Al menos somos mejores que la gente de...;;;;;;;;;
EVTOPTB17500;I suppose we have a few units that we could spare for the good cause...;Je suppose que nous pourrions consacrer quelques unités à cette juste cause...;Ein paar Einheiten könnten wir wohl für eine gute Sache abstellen ...;;Supongo que tenemos un par de unidades de las que podemos prescindir...;;;;;;;;;
EVTOPTB17510;Anything to stave off the red hydra!;Tout est bon pour écarter l'hydre rouge !;Zum Aufhalten der roten Gefahr ist uns jedes Mittel recht!;;¡Lo que sea con tal de conjurar a la hidra roja!;;;;;;;;;
EVTOPTB17520;Denounce the profiteering of those fat-cats;Dénoncer les profits de ces privilégiés;Denunziert die Profitmacherei dieser Bonzen.;;Denunciad el enriquecimiento de esos gatos gordos.;;;;;;;;;
EVTOPTB17530;But.. the plight of the workers? Exploitation by the ruling classes?;Mais... la condition des ouvriers ? l'exploitation par les classes dirigeantes ?;Aber ... was ist mit der Notlage der Bauern? Der Ausbeutung durch die herrschenden Klassen?;;Pero... ¿Y la situación de los trabajadores? ¿Explotación por parte de las clases dirigentes?;;;;;;;;;
EVTOPTB17540;Curtail local press distribution for any papers suspected of collaboration;S'attaquer aux journaux soupçonnés de collaboration;Schränkt die Auflagen lokaler Zeitungen ein, die wir der Kollaboration verdächtigen.;;Restringid la distribución local de cualquier periódico sospechoso de colaboración.;;;;;;;;;
EVTOPTB17550;What is this... horrid piece of paper... a Fish & Chips wrapping?;Qu'est-ce que c'est que ce torchon ?;Was ist dieses ... furchtbare Käseblättchen ... ne Fish & Chips-Verpackung?;;¿Qué es este... horrible trozo de papel? ¿Un envoltorio para el pescado y las patatas?;;;;;;;;;
EVTOPTB17560;Naturally we support this fine display of international solidarity between workers;Naturellement, nous soutenons cette belle démonstration de solidarité internationale.;Diese großartige internationale Arbeitersolidarität werden wir natürlich unterstützen.;;Naturalmente, apoyamos esta muestra de solidaridad internacional entre trabajadores.;;;;;;;;;
EVTOPTB17580;They must stop infringing on organizational freedoms;Il faut qu'ils arrêtent de violer les libertés syndicales.;Sie müssen aufhören, die organisatorischen Freiheiten zu überziehen.;;Deben cesar de vulnerar las libertades organizativas.;;;;;;;;;
EVTOPTB17590;Hey! That's unconstitutional!;Hein ! C'est anticonstitutionnel !;Hey! Das ist aber nicht verfassungskonform!;;¡Eh! ¡Eso es inconstitucional!;;;;;;;;;
EVTOPTB17600;Let us see if we cannot defuse some of this enthusiasm into more palatable forms;Voyons voir s'il ne nous est pas possible de rendre un tel enthousiasme plus acceptable.;Mal sehen, ob wir diesen Enthusiasmus nicht in etwas angenehmere Bahnen lenken können.;;Podemos calmar un poco su entusiasmo para canalizarlo en formas más aceptables.;;;;;;;;;
EVTOPTB17610;Leave them be, and hope that they don't gain too much ground;Le laisser faire et espérer qu'il ne gagne pas trop de terrain;Wir lassen sie in Ruhe und hoffen, dass sie nicht zu viel Einfluss erlangen.;;Dejadla estar y esperemos que no ganen mucho terreno.;;;;;;;;;
EVTOPTB17620;This is just a ruse to build support for the party, end this nonsense!;Il s'agit là d'une ruse visant à rallier du soutien. Mettons fin à cette absurdité !;Das ist nur ein Trick, um Unterstützer für die Partei zu gewinnen. Beendet diesen Unsinn!;;Se trata de una estratagema para comprar apoyos para el partido. ¡Poned fin a esto!;;;;;;;;;
EVTOPTB17630;Neat black flags they have! I have a white one!;Ils ont de bien jolis drapeaux noirs ! Le mien, quant à lui, est blanc !;Die haben aber hübsche schwarze Fahnen! Ich habe eine weiße!;;¡Bonitas banderas negras! ¡Yo tengo una blanca!;;;;;;;;;
EVTOPTB17640;Prevent the organization from recruiting on barracks grounds;Empêcher l'organisation de recruter dans les casernes;Verhindert, dass das Freikorps in den Kasernen Mitglieder rekrutiert.;;Evitad que la organización reclute en los cuarteles.;;;;;;;;;
EVTOPTB17650;I believe we will see it primarily read by the middle class;J'imagine qu'il sera principalement lu par les classes moyennes.;Ich glaube, dieses Blatt wird hauptsächlich von der Mittelschicht gelesen werden.;;Creo que lo leerá principalmente la clase media.;;;;;;;;;
EVTOPTB17660;Issue a national apology to the liberal party for the state's failure in protecting them;Faire des excuses nationales au parti libéral pour l'échec de l'État à assurer sa protection;Veröffentlicht eine nationale Entschuldigung an die liberale Partei für das Scheitern des Staats, sie zu beschützen.;;Disculpa formal al partido liberal por el fracaso del estado a la hora de protegerlo.;;;;;;;;;
EVTOPTB17670;Express tacit support for the campaign;Exprimer un soutien tacite à la campagne;Stille Unterstützung für die Kampagne zeigen;;Expresad nuestro apoyo tácito a la campaña.;;;;;;;;;
EVTOPTB17680;Outlaw paramilitary organizations;Interdire les organisations paramilitaires;Paramilitärische Organisationen ächten;;Ilegalizad las organizaciones paramilitares;;;;;;;;;
EVTOPTB17690;Send in military troops to squash the rebellion;Envoyer des troupes militaires pour mâter la rébellion;Das Militär soll die Rebellion niederschlagen.;;Enviad tropas para aplastar la rebelión.;;;;;;;;;
EVTOPTB17700;Leave them be;Ne pas intervenir;Lasst sie in Frieden.;;Dejadles estar;;;;;;;;;
EVTOPTB2510;The explosion was an accident, and we cannot allow the mob to dictate foreign policy;Cette explosion était un accident et nous ne pouvons pas laisser la foule dicter la politique étrangère.;Die Explosion war ein Unfall und wir können uns unsere Außenpolitik nicht vom Pöbel bestimmen lassen.;;La explosión fue un accidente.;;;;;;;;;
EVTOPTB2520;Send an official letter thanking them for their time, and end the negotiations;Adresser une lettre officielle pour les remercier et mettre fin aux négociations;Wir werden uns in einem offiziellen Brief für ihre Zeit bedanken und die Verhandlungen abbrechen.;;Enviad una carta oficial para agradecerles las molestias y finalizad las negociaciones.;;;;;;;;;
EVTOPTB2530;I do not believe that this is really worth going to war over, truth to be told;Je ne pense pas qu'une guerre soit nécessaire lorsque la vérité est dite.;Um ehrlich zu sein: Ich glaube nicht, dass dies es wirklich wert wäre, deswegen in den Krieg zu ziehen.;;La verdad sea dicha, no me parece que valga la pena ir a la guerra por algo así.;;;;;;;;;
EVTOPTB13015;We must respect and tolerate the differences between our respective cultures;Nous devons respecter et tolérer les différences entre nos cultures respectives.;Wir müssen die Unterschiede zwischen unseren Kulturen respektieren und tolerieren.;;Debemos respetar y tolerar las diferencias entre nuestras culturas respectivas.;;;;;;;;;
EVTOPTB2000;An excellent opportunity to promote local harmony!;Une belle occasion de promouvoir la cohabitation locale !;Eine hervorragende Gelegenheit zur Förderung der lokalen Harmonie!;;¡Promover la armonía local!;;;;;;;;;
EVTOPTB2020;A clear sign that immigration must be curtailed;Un signe clair qu'il faut endiguer l'immigration !;Ein klares Zeichen, dass wir den Einwanderungsstrom reduzieren müssen.;;Una clara señal de que la inmigración debe ser atajada.;;;;;;;;;
EVTOPTB2050;Bloody nonsense this!;Quelle absurdité !;So ein hanebüchener Unsinn!;;¡Es una completa tontería!;;;;;;;;;
EVTOPTB2060;Let us listen to their grievances;Écoutons leurs griefs;Wir sollten uns ihre Sorgen anhören.;;Escuchemos sus quejas.;;;;;;;;;
EVTOPTB2080;We shall certainly investigate the situation;Nous devrions certainement approfondir la question.;Wir sollten die Situation auf jeden Fall untersuchen.;;Desde luego, hay que investigar la situación.;;;;;;;;;
EVTOPTB2090;Seems that the locals have the right ideas there!;La population locale semble avoir raison sur ce point !;Anscheinend hat die lokale Bevölkerung hier die richtigen Ideen!;;¡Parece que la población local tiene las ideas claras!;;;;;;;;;
EVTOPTB2110;... why do people tell me these things?!;... Pourquoi me dit-on cela ?!;... warum wird mir sowas überhaupt berichtet?!;;¡¿Por qué me contáis estas cosas?!;;;;;;;;;
EVTOPTB2120;Which is precisely what will happen!;C'est exactement ce qui va se passer !;Und genau das wird auch passieren!;;¡Y eso es precisamente lo que sucederá!;;;;;;;;;
EVTOPTB2130;Pizza!;Pizza !;Pizza!;;¡Pizza!;;;;;;;;;
EVTOPTB11101;We will not have our ancestral rights infringed!;Ne laissons pas nos droits ancestraux se faire ainsi bafouer !;Wir werden nicht zulassen, dass jemand unser Erbrecht verletzt!;;¡No permitiremos que infrinjan nuestros derechos ancestrales!;;;;;;;;;
EVTOPTB31311;We do not, at this time, feel inclined to sign this document;Nous ne sommes pas disposés à signer ce document pour le moment.;Derzeit sind wir nicht gewillt, dieses Dokument zu unterschreiben.;;En este momento, no nos sentimos inclinados a firmar este documento.;;;;;;;;;
EVTOPTB100;An excellent initiative!;Excellente initiative !;Eine exzellente Initiative!;;¡Una iniciativa excelente!;;;;;;;;;
EVTOPTB110;Pressure the local government to stop it;Faire pression sur le gouvernement local pour arrêter ça;Druck auf die Lokalregierung ausüben, um dem Einhalt zu gebieten;;Presionad al gobierno local para que esto acabe.;;;;;;;;;
EVTOPTB130;We can not act at this time;Nous ne pouvons rien faire pour le moment.;Wir können im Moment nicht handeln;;En este momento no podemos actuar.;;;;;;;;;
EVTOPTB140;People should be free to drink;Les gens devraient être libres de boire.;Die Leute haben ein Recht auf ein Gläschen;;La gente debería ser libre de beber.;;;;;;;;;
EVTOPTB150;The temperance movement should bide its time;La ligue antialcoolique devrait attendre le bon moment.;Die Abstinenzlerbewegung sollte auf den rechten Moment warten;;El movimiento por la templanza debería esperar el momento oportuno.;;;;;;;;;
EVTOPTB160;Force a repeal of the act!;Faire pression pour abroger la loi !;Erzwingt eine Rückgängigmachung des Gesetzes!;;¡Impugnad esa acta!;;;;;;;;;
EVTOPTB170;Socialists must be opposed at every turn;Les socialistes doit être opposés à tout changement.;Man muss den Sozialisten bei jeder Gelegenheit Paroli bieten;;Siempre hay que oponerse a los socialistas.;;;;;;;;;
EVTOPTB180;Stop the shipment;Arrêter la cargaison;Stoppt die Ladung;;Detened el envío.;;;;;;;;;
EVTOPTB190;Drinking is, by definition, irresponsible;Par définition, boire est un acte irresponsable.;Trinken ist unverantwortlich. Basta.;;Beber es, por definición, un acto irresponsable.;;;;;;;;;
EVTOPTB2010;Encourage local business to employ;Leur donner du travail.;Gebt ihnen Arbeit.;;Animad a los negocios para que les den empleo.;;;;;;;;;
EVTOPTB2030;I will keep Aniya Yezierska';Je vais conserver Aniya Yezierska;Ich behalte Aniya Yezierska';;Mantendré Aniya Yezierska.;;;;;;;;;
EVTOPTB2040;No need to hurry.;Inutile de se dépêcher.;Kein Grund zur Eile.;;No hay que darse prisa.;;;;;;;;;
EVTOPTB3000;Seek local support for reform.;Recueillir des soutiens locaux pour entreprendre des reformes.;Lokale Unterstützung für Reformen suchen.;;Buscad apoyo local para una reforma.;;;;;;;;;
EVTOPTB3001;Seek acceptable compromises;Rechercher des compromis acceptables;Akzeptable Kompromisse suchen;;Buscad compromisos aceptables.;;;;;;;;;
EVTOPTB3003;Back local Liberals;Soutenir les libéraux locaux;Lokale Liberale unterstützen;;Apoyad a los liberales locales.;;;;;;;;;
EVTOPTB3004;This situation is completely unacceptable.;Cette situation est totalement inacceptable.;Diese Situation ist völlig inakzeptabel.;;Esta situación es completamente inaceptable.;;;;;;;;;
EVTOPTB3005;Ignore the report to please conservatives;Ignorer le rapport pour faire plaisir aux conservateurs;Bericht ignorieren, um die Konservativen zu beschwichtigen;;Ignorad el informe para complacer a los conservadores.;;;;;;;;;
EVTOPTB3006;Force it through;Le faire passer en force;Gesetzesentwurf erzwingen;;Impulsad el presupuesto;;;;;;;;;
EVTOPTB3100;...it's just the truth?;... C'est la vérité, non ?;... Ist es am Ende die Wahrheit?;;¿Es eso verdad?;;;;;;;;;
EVTOPTB3101;I guess we caught him with his pants down;Il a été pris sur le fait.;Wir haben ihn wohl in flagranti erwischt;;Es que lo han pillado con los pantalones bajados.;;;;;;;;;
EVTOPTB3102;Deny the rumors;Démentir les rumeurs;Gerüchte verleugnen;;Desmentid los rumores.;;;;;;;;;
EVTOPTB3200;Let it operate;La laisser tourner;Lasst sie weitermachen;;Dejadla operar;;;;;;;;;
EVTOPTB3201;Make him disappear;Le faire disparaître;Lasst ihn verschwinden;;Que desaparezca.;;;;;;;;;
EVTOPTB3202;Let's be sportsmanlike;Soyons sportifs.;Zeigen wir Sportsgeist;;Seamos deportivos.;;;;;;;;;
EVTOPTB3203;THEY'RE AFTER ME!!!;ILS ME POURSUIVENT !!!;SIE SIND HINTER MIR HER!!!;;¡¡VIENEN A POR MÍ!!;;;;;;;;;
EVTOPTB3204;The liberals won, fair and square;Les libéraux ont gagné à la régulière.;Die Liberalen haben verdient gewonnen;;Los liberales han ganado y punto.;;;;;;;;;
EVTOPTB3300;Seek local support for reform;Rechercher des soutiens locaux pour faire adopter la reforme;Lokale Unterstützung für Reformen suchen.;;Buscad apoyo local para una reforma.;;;;;;;;;
EVTOPTB3301;Argue against a pension raise;Plaider contre une augmentation des pensions;Gegen eine Rentenerhöhung argumentieren;;Luchar contra un aumento en las pensiones.;;;;;;;;;
EVTOPTB3302;I believe we must bide our time;Je crois que nous devons attendre le bon moment.;Ich denke, wir sollten noch warten;;Creo que hay que esperar el momento oportuno.;;;;;;;;;
EVTOPTB3303;I guess we could use some reforms;Je suppose que des réformes seraient les bienvenues.;Ich denke, wir könnten ein paar Reformen gebrauchen;;Supongo que nos irían bien algunas reformas.;;;;;;;;;
EVTOPTB3304;We are in no hurry;Nous ne sommes pas pressés.;Wir haben keine Eile;;No hay prisa.;;;;;;;;;
EVTOPTB3305;I concur with the honorable gentlemen;Je suis d'accord avec les classes moyennes.;Ich stimmt mit der Mittelklasse überein;;Coincido con esos honrados caballeros.;;;;;;;;;
EVTOPTB3306;No promises at this junction;Pas de promesses pour le moment;Im Moment nichts versprechen;;No hagáis promesas en este momento.;;;;;;;;;
EVTOPTB3307;We have an ambitious reform in mind!;Nous avons une réforme ambitieuse en tête !;Wir werden eine große Reform durchziehen!;;¡Tenemos en mente una reforma ambiciosa!;;;;;;;;;
EVTOPTB3400;They're called poor people for a reason;Ce n'est pas pour rien qu'on dit qu'ils sont pauvres.;Man nennt sie ja nicht ohne Grund 'Arme';;Se llaman pobres por algún motivo.;;;;;;;;;
EVTOPTB3401;The present unemployment subsidies work well.;Les allocations chômage actuelles sont parfaites.;Das momentane Arbeitslosengeld ist eine gute Lösung.;;Los actuales subsidios de desempleo funcionan bien.;;;;;;;;;
EVTOPTB3402;Reduce the unemployment benefits;Réduire les allocations chômage;Arbeitslosengelder reduzieren;;Reducid los subsidios de desempleo.;;;;;;;;;
EVTOPTB3403;What do they want? Better wages? Fine.;Que veulent-ils ? De meilleurs salaires ? D'accord.;Was wollen sie? Bessere Löhne? OK.;;¿Qué es lo que quieren? ¿Mejores salarios? Bien.;;;;;;;;;
EVTOPTB3404;Ignore them;Les ignorer;Ignoriert sie;;Ignoradlos;;;;;;;;;
EVTOPTB3500;Leave him be;Ne pas intervenir;Lasst ihn in Ruhe;;Dejadlo en paz.;;;;;;;;;
EVTOPTB3501;Get back to work!;Remettez-vous au travail !;Zurück an die Arbeit!;;¡Volved al trabajo!;;;;;;;;;
EVTOPTB3502;He goes;Il part.;Er geht;;Que se vaya.;;;;;;;;;
EVTOPTB3503;Let them strike.;Les laisser faire grève;Lasst sie streiken.;;Dejadles continuar.;;;;;;;;;
EVTOPTB3600;They clearly need safety instructions;Des consignes de sécurité sont nécessaires.;Sicherheitsvorschriften sind stark vonnöten;;Está claro que necesitan instrucciones de seguridad.;;;;;;;;;
EVTOPTB3601;Good for him.;Tant mieux pour lui.;Gut für ihn.;;Me alegro por él.;;;;;;;;;
EVTOPTB3602;So?;Et alors ?;Na und?;;¿Y?;;;;;;;;;
EVTOPTB3603;I agree with the employers.;Je suis d'accord avec les employeurs.;Ich stimme mit den Arbeitgebern überein.;;Estoy de acuerdo con los patrones.;;;;;;;;;
EVTOPTB3604;Violate their personal integrities? Doubtful.;Violer leur intégrité personnelle ? Discutable.;Ihre persönliche Integrität verletzen? Zweifelhaft.;;¿Violar sus integridades personales? Lo dudo.;;;;;;;;;
EVTOPTB3605;I find the demands reasonable.;Je trouve ces revendications raisonnables.;Ich finde die Forderungen vernünftig.;;Me parecen peticiones razonables.;;;;;;;;;
EVTOPTB3606;Our workers' health is our first priority.;La santé de nos ouvriers n'a pas de prix.;Die Gesundheit unserer Arbeiter ist unsere erste Priorität.;;Nuestra primera prioridad es la salud de nuestros trabajadores.;;;;;;;;;
EVTOPTB3607;We are an international example;Nous sommes un exemple sur le plan international.;Wir sind ein internationales Musterbeispiel.;;Somos un ejemplo internacional.;;;;;;;;;
EVTOPTB3701;If a little rest can keep them happy...;Si un peu de repos peut leur faire plaisir...;Wenn ein bisschen Pause sie glücklich macht ...;;Si un poco de descanso puede hacerlos más felices...;;;;;;;;;
EVTOPTB3702;Try it as a local experiment;Expérimenter;Als lokales Experiment versuchen;;Probadlo a modo de experimento local.;;;;;;;;;
EVTOPTB3703;I'm not sure about that...;Je n'en suis pas sûr...;Ich bin mir da nicht so sicher ...;;No estoy seguro de eso...;;;;;;;;;
EVTOPTB3750;Release the men with an official apology;Libérer les hommes en leur présentant des excuses officielles;Lasst die Männer mit einer offiziellen Entschuldigung frei;;Soltada los hombres y dadles una disculpa formal.;;;;;;;;;
EVTOPTB3751;Let the law slip;Ne pas intervenir;Lasst das Gesetz einschlafen;;Dejad correr la ley.;;;;;;;;;
EVTOPTB3752;Shadowy cabals? In my $COUNTRY$?!;De vagues cabales ? Dans mon pays, $COUNTRY$ ? !;Finstere Intrigen? Hier in $COUNTRY$?!;;¿Oscuras cábalas? ¡¿En mi $COUNTRY$?!;;;;;;;;;
EVTOPTB3753;An unfortunate side-effect to a cherished liberty;C'est un des effets secondaires de la liberté.;Ein unglücklicher Nebeneffekt unserer hochgeschätzten Freiheit;;Un desafortunado efecto colateral de la amada libertad.;;;;;;;;;
EVTOPTB3754;Let us avoid a slip into anarchy;Tâchons d'éviter un glissement vers l'anarchie.;Wir müssen ein Abrutschen in die Anarchie vermeiden;;Evitemos deslizarnos hacia la anarquía.;;;;;;;;;
EVTOPTB3755;This was an unprovoked attack;C'était une agression gratuite.;Dies war eine unprovozierter Angriff;;Fue un ataque no provocado.;;;;;;;;;
EVTOPTB3756;Reforms will come when the time is right;Les réformes viendront en temps voulu.;Reformen kommen dann, wenn es an der Zeit ist;;Las reformas llegarán en el momento adecuado.;;;;;;;;;
EVTOPTB3800;Haha... no.;Ah ah... non.;Haha ... nix da.;;Ja, ja... No.;;;;;;;;;
EVTOPTB3801;I am sure there is a compromise to be found here somewhere;Je suis sûr qu'un compromis peut être trouvé.;Ich bin sicher, wir können irgendwie einen Kompromiss finden;;Estoy seguro de que puede encontrarse un compromiso aquí en alguna parte;;;;;;;;;
EVTOPTB3802;We need not do anything rash;Ne faisons rien d'irréfléchi !;Wir dürfen nichts überhasten;;No tenemos que precipitarnos.;;;;;;;;;
EVTOPTB3803;Try it as a local experiment;Faisons une expérience locale.;Als lokales Experiment versuchen;;Probadlo como un experimento local.;;;;;;;;;
EVTOPTB3900;We should build local platforms for reform;Nous devrions créer des plateformes locales pour la réforme.;Wir sollten lokale Reformplattformen errichten.;;Deberíamos organizar plataformas locales para la reforma.;;;;;;;;;
EVTOPTB3901;We need to get rid of this whole nasty business of unions;Nous devons nous débarrasser de ces maudits syndicats.;Wir sollten diese fiesen Gewerkschaften ganz schnell loswerden.;;Tenemos que tomar las riendas de este desagradable asunto de los sindicatos.;;;;;;;;;
EVTOPTB3902;Let them continue to exist;La laisser exister;Lasst sie existieren;;Dejadlos seguir.;;;;;;;;;
EVTOPTB3903;Green-light the practices;Donner le feu vert à ces pratiques;Erlauben;;Luz verde a las prácticas.;;;;;;;;;
EVTOPTB4000;Support the movement;Soutenir le mouvement;Bewegung unterstützen;;Apoyad el movimiento.;;;;;;;;;
EVTOPTB4001;Not at this time;Pas pour le moment.;Nicht im Moment;;No, en este momento no;;;;;;;;;
EVTOPTB4100;All voices will be heard.;Toutes les voix seront entendues.;Alle Stimmen werden angehört.;;Se escuchará a todo el mundo.;;;;;;;;;
EVTOPTB4101;Maybe there is a compromise to be found;Un compromis pourrait peut-être être trouvé.;Vielleicht können wir einen Kompromiss finden ...;;Quizás sea el momento de buscar un compromiso.;;;;;;;;;
EVTOPTB4102;Maybe equal representation would be better?;Une représentation égale vaudrait peut-être mieux ?;Vielleicht wäre gleichwertige Repräsentation besser?;;¿No sería mejor una representación equitativa?;;;;;;;;;
EVTOPTB4103;This means peace in our time;Nous allons connaître une période de calme.;Das bedeutet Frieden in unserer Zeit.;;Esto supone la paz en nuestro tiempo.;;;;;;;;;
EVTOPTB4200;This will reflect well on our nation;Contentons-nous de la bonne image dont bénéficie notre nation.;Dies lässt unsere Nation in gutem Licht erscheinen.;;Esto se reflejará positivamente en nuestra nación.;;;;;;;;;
EVTOPTB4201;This is not the time for reform;Ce n'est pas le moment de réformer.;Jetzt ist nicht die Zeit für Reformen.;;No es momento de reformas.;;;;;;;;;
EVTOPTB4202;Jefferson Method;Méthode de Jefferson;Jefferson-Methode;;Método de Jefferson.;;;;;;;;;
EVTOPTB4300;Oppose Charter Reform;S'opposer au mouvement;Charterreform ablehnen;;Oponeos a la reforma de la Carta.;;;;;;;;;
EVTOPTB4301;Let the indexes float;Indices fluctuants;Lasst die Indexe fluktuieren;;Dejad fluctuar los índices.;;;;;;;;;
EVTOPTB4302;Do not adjust the rules;Ne pas modifier les règles;Regeln nicht anpassen;;No ajustéis las reglas.;;;;;;;;;
EVTOPTB4303;Raise the question;Intervenir;Stellen wir die Frage.;;Qué empiece el debate.;;;;;;;;;
EVTOPTB4304;Well, we certainly can't promise anything;Eh bien, nous ne pouvons rien promettre.;Nun, wir können sicherlich nichts versprechen.;;Bueno, realmente no podemos prometer nada.;;;;;;;;;
EVTOPTB4305;Truly something particular!;Vraiment particulier !;Wahrlich etwas ganz Besonderes!;;¡Algo realmente especial!;;;;;;;;;
EVTOPTB4400;Our workers are our pride;Nos ouvriers sont notre fierté.;Unsere Arbeiter sind unser Stolz.;;Nuestros trabajadores son nuestro orgullo.;;;;;;;;;
EVTOPTB4401;Bide the time;Attendre;Abwarten;;Ganad tiempo;;;;;;;;;
EVTOPTB4402;The merchant is a free man;Le marchand est un homme libre;Der Kaufmann ist ein freier Mann.;;El comerciante es un hombre libre.;;;;;;;;;
EVTOPTB4403;Ignore the situation;Ignorer la situation;Situation ignorieren;;Ignorad la situación.;;;;;;;;;
EVTOPTB4404;Improve private incentives;Encourager les initiatives privées;Private Anreize verbessern;;Mejorad los incentivos privados.;;;;;;;;;
EVTOPTB4405;Blast!;Bon sang !;Verdammt!;;¡Maldición!;;;;;;;;;
EVTOPTB4406;Increase our international prestige;Améliorer notre prestige international;Unser internationales Prestige stärken.;;Aumentad nuestro prestigio internacional.;;;;;;;;;
EVTOPTB4407;Our nation is hungry;Notre nation a faim.;Unsere Nation ist hungrig.;;Nuestra nación está hambrienta.;;;;;;;;;
EVTOPTB4408;Peace will prevail in the world;La paix l'emportera dans le monde.;Frieden wird in der Welt vorherrschen.;;La paz prevalecerá en el mundo.;;;;;;;;;
EVTOPTB4409;Reduce militancy;Réduire le militantisme;Militanz reduzieren;;Reducid la militancia;;;;;;;;;
EVTOPTB4410;Take their opinions into consideration;Tenir compte de leurs opinions;Ihre Meinungen in Betracht ziehen.;;Tomad en consideración sus opiniones.;;;;;;;;;
EVTOPTB4411;It is only charitable work.;C'est uniquement caritatif.;Es ist nur karitative Arbeit.;;Solo es una labor de caridad.;;;;;;;;;
EVTOPTB4412;We are all brothers!;Nous sommes tous frères !;Wir sind alle Brüder!;;¡Todos somos hermanos!;;;;;;;;;
EVTOPTB4413;Rejoice!;Réjouissons-nous !;Frohlocket!;;¡Regocijaos!;;;;;;;;;
EVTOPTB4414;Free trade, and free industries;Libre-échange et industries libres;Freier Handel und freie Industrie.;;Libertad de comercio supone libertad de industria.;;;;;;;;;
EVTOPTB4415;We will consider the arguments;Nous allons y réfléchir.;Wir werden ihre Argumente erwägen;;Consideraremos sus argumentos.;;;;;;;;;
EVTOPTB4416;Support the Moralists;Soutenir les moralistes;Moralisten unterstützen;;Apoyad a los moralistas.;;;;;;;;;
EVTOPTB4417;Fight on, brave soldiers!;Combattez, braves soldats !;Kämpft weiter, tapfere Soldaten!;;¡Seguid luchando, bravos soldados!;;;;;;;;;
EVTOPTB4418;A temporary ban would be in order;Une interdiction temporaire s'impose.;Ein vorübergehendes Verbot ist angebracht.;;Una prohibición temporal sería adecuada.;;;;;;;;;
EVTOPTB4419;Blame the bureaucrats;Accuser les bureaucrates;Bürokraten beschuldigen;;Culpad a los burócratas.;;;;;;;;;
EVTOPTB4422;Ignore the demonstration;Ignorer cette démonstration de force;Demonstration ignorieren;;Ignorad la manifestación.;;;;;;;;;
EVTOPTB4421;The government agrees that a few, limited, reforms could be in order;Le gouvernement admet que quelques petites réformes s'imposent.;Die Regierung stimmt überein, dass einige wenige, beschränkte Reformen angebracht sein könnten.;;Algunas reformas políticas limitadas no estarían de más.;;;;;;;;;
EVTOPTB4423;Increase the Bureau's budget;Augmenter le budget du Bureau;Haushalt für das Amt erhöhen.;;Aumentad el presupuesto del departamento.;;;;;;;;;
EVTOPTB4424;Economic freedom is intimately connected to human progress;La liberté économique est intimement liée aux progrès de l'humanité.;Wirtschaftliche Freiheit ist eng verbunden mit dem menschlichen Fortschritt.;;La libertad económica está intrínsecamente ligada al progreso humano.;;;;;;;;;
EVTOPTB4425;The writer is acting within the rights accorded to him by our laws;L'auteur exerce les droits que lui confèrent nos lois.;Der Autor hat innerhalb der Grenzen unserer Gesetze gehandelt.;;El escritor actúa conforme a los derechos que le conceden nuestras leyes.;;;;;;;;;
EVTOPTB23200;We must consider this proposition.;Il faut prendre cette proposition en considération.;Wir müssen diesen Vorschlag in Betracht ziehen.;Deberíamos enviar una expedición.;Debemos considerar esta proposición.;;;;;;;;;
EVTOPTB23201;That's enough of this nonsense.;Assez d'enfantillages.;Schluss jetzt mit diesem Unsinn.;Deberíamos volver a intentarlo.;Ya está bien de tonterías.;;;;;;;;;
EVTOPTB23400;The idea is interesting, but not at this time.;L'idée est intéressante, mais pas pour le moment.;Diese Idee ist zwar interessant, aber dieses Mal noch nicht.;;La idea es interesante, pero no en este momento.;;;;;;;;;
EVTOPTB23401;No, we have better uses of our nation's limited resources.;Non, les ressources limitées de notre nation ne nous permettent pas de telles dépenses.;Nein, die beschränkten Ressourcen unserer Nation können wir sinnvoller einsetzen.;;No, tenemos mejores cosas en las que gastar los limitados recursos de nuestra nación.;;;;;;;;;
EVTOPTB23403;We unfortunately can not attend.;Hélas, nous ne pourrons pas y participer.;Wir können leider nicht teilnehmen.;;Por desgracia, no podemos participar.;;;;;;;;;
EVTOPTB30000;Our resources would be better used for other purposes.;Nos ressources seraient mieux utilisées à d'autres fins.;Unsere Ressourcen sollten besser für anderes eingesetzt werden.;;Nuestros recursos se pueden utilizar con más eficacia en otras cosas.;;;;;;;;;
EVTOPTB10100;Spare no effort in relieving the local farmers.;Mettons tout en œuvre pour soulager les fermiers.;Lokalen Bauern mit aller Kraft helfen.;;No reparéis en gastos con los granjeros locales.;;;;;;;;;
EVTOPTB10150;Hint at policy changes;Promettre un changement de politique;Politikänderungen andeuten;;Una pista de los cambios de política.;;;;;;;;;
EVTOPTB10160;Leave them be;Ne pas intervenir;Lasst sie in Ruhe.;;Dejarlos en paz;;;;;;;;;
EVTOPTB10200;Negotiate with the leaders;Négocier avec les meneurs;Mit den Anführern verhandeln;;Negociad con sus líderes;;;;;;;;;
EVTOPTB10230;How bad could it get?;Que risque-t-il de se passer ?;Das kann ja wohl nicht so schlimm werden?;;¿Cómo de mal se puede llegar a poner la situación?;;;;;;;;;
EVTOPTB10250;Accuse them of opportunism;Les accuser d'opportunisme;Klagt Sie des Opportunismus an.;;Acusadlos de oportunismo.;;;;;;;;;
EVTOPTB12000;The laborers are careless!;Les mineurs sont négligents !;Die Arbeiter sind unvorsichtig!;;¡Los trabajadores son descuidados!;;;;;;;;;
EVTOPTB12010;Oppose reform on grounds of principle.;S'opposer à la réforme par principe;Reformen aus Prinzip ablehnen.;;Oponeos por principios a las reformas.;;;;;;;;;
EVTOPTB12030;Suggest they work overtime;Suggérer d'effectuer des heures supplémentaires;Schlagt ihnen vor, Überstunden zu schieben.;;Sugeridles que trabajen más horas.;;;;;;;;;
EVTOPTB12040;We should consider some local restrictions.;Nous devrions envisager des restrictions locales.;Wir sollten einige örtliche Beschränkungen in Betracht ziehen.;;Deberíamos considerar algunas restricciones locales.;;;;;;;;;
EVTOPTB12050;Blame local farmers;Blâmer les producteurs locaux;Lokale Farmer beschuldigen.;;Culpad a los granjeros locales.;;;;;;;;;
EVTOPTB12060;Relieve civilian sufferings;Soulager les souffrances des civils;Leiden der Zivilisten lindern.;;Aliviad el sufrimiento de los civiles.;;;;;;;;;
EVTOPTB12080;Sadly, there is little to be done;Hélas, il n'y a pas grand-chose à faire.;Leider können wir da nicht viel machen.;;Desgraciadamente, poco se puede hacer.;;;;;;;;;
EVTOPTB12090;Reimburse locals for their losses;Rembourser les pertes des éleveurs;Bauern für ihre Verluste entschädigen.;;Reembolsad las pérdidas a los habitantes locales.;;;;;;;;;
EVTOPTB12100;Better living through chemistry!;La chimie change la vie !;Besseres Leben mit Chemie!;;¡Una vida mejor gracias a la química!;;;;;;;;;
EVTOPTB12110;Send some to our neighbors!;En envoyer à nos voisins !;Schickt ein paar Ballen an unsere Nachbarn!;;¡Enviad un poco a nuestros vecinos!;;;;;;;;;
EVTOPTB12120;Some things should be forgotten;Certaines choses doivent être oubliées.;Manche Dinge sollte man einfach vergessen.;;Algunas cosas es mejor olvidarlas.;;;;;;;;;
EVTOPTB12130;Work smarter!;Travailler plus intelligemment !;Schlauer arbeiten!;;¡Bajad el ritmo!;;;;;;;;;
EVTOPTB12140;Establish a Naval School;Créons une école navale.;Marineschule gründen;;Estableced una escuela naval.;;;;;;;;;
EVTOPTB12150;Work overtime to replace the boilers;Faire des heures supplémentaires pour remplacer la chaudière;Überstunden machen, um die Kessel zu ersetzen.;;Trabajad horas extras para sustituir las calderas.;;;;;;;;;
EVTOPTB12160;Profit!;Profit !;Profit!;;¡Beneficios!;;;;;;;;;
EVTOPTB12180;Naturally the government will seek to aid;Naturellement, le gouvernement va intervenir.;Natürlich wird die Regierung Hilfe leisten.;;Naturalmente, el gobierno tratará de ayudar.;;;;;;;;;
EVTOPTB12190;Turn down the offer;Rejeter l'offre;Angebot ablehnen;;Rechazad la oferta.;;;;;;;;;
EVTOPTB12200;Our workers must be kept safe and sound;Il faut assurer la sécurité de nos travailleurs.;Unsere Arbeiter müssen ein sicheres Arbeitsumfeld haben.;;Debemos mantener a nuestros trabajadores sanos.;;;;;;;;;
EVTOPTB12210;Help feed the local poor;Nourrir les défavorisés locaux;Die Armen vor Ort füttern.;;Ayudad a alimentad a los pobres locales.;;;;;;;;;
EVTOPTB12220;Let the farmers keep some;Laisser les producteurs en garder un peu;Lasst den Bauern etwas.;;Dejad que los granjeros se queden un poco.;;;;;;;;;
EVTOPTB12230;Give them the radios;Leur donner les composants;Gebt ihnen die Teile.;;Dadles las radios.;;;;;;;;;
EVTOPTB12240;Sadly we cannot make any guarantees.;Hélas, nous ne pouvons donner aucune garantie.;Leider können wir keine Garantien abgeben.;;Por desgracia, no podemos garantizarlos.;;;;;;;;;
EVTOPTB12250;We make no distinctions of class.;Nous ne faisons aucune distinction de classe.;Wir machen keine Klassenunterschiede.;;No hacemos distinción de clase.;;;;;;;;;
EVTOPTB12260;No wasteful fiscal policies on my watch;Ne gaspillons pas les deniers publics !;Keine verschwenderische Politik, solange ich am Ruder bin.;;Nada de políticas despilfarradoras en mi presencia.;;;;;;;;;
EVTOPTB12270;Insist that government officials wear them;Insister pour que les membres du gouvernement les portent;Regierungsbeamte zum Tragen zwingen.;;Insistid en que los oficiales del gobierno los lleven.;;;;;;;;;
EVTOPTB12280;Give them to the poor and replace them;Les donner aux pauvres et les remplacer;Gebt sie an die Armen und ersetzt sie.;;Dádselas a los pobres y sustituidlas.;;;;;;;;;
EVTOPTB13020;Force them to stay;Les obliger à rester.;Zwingt sie, zu bleiben.;;Obligadles a quedarse.;;;;;;;;;
EVTOPTB13030;Shut it down!;L'éradiquer !;Stoppt sie!;;¡Acabad con ella!;;;;;;;;;
EVTOPTB13040;Hmm. No.;Hmm. Non.;Hmm. Nein.;;Mmm. No.;;;;;;;;;
EVTOPTB13050;Issue an edict banning the sale of opium;Signer un décret interdisant la vente d'opium;Edikt erlassen, das den Opiumverkauf verbietet.;;Emitid un edicto prohibiendo la venta de opio.;;;;;;;;;
EVTOPTB13060;Order local officials to destroy opium shipments;Ordonner aux autorités locales de détruire les cargaisons d'opium;Örtlichen Beamten befehlen, Opiumladungen zu zerstören;;Destruir los envíos de opio.;;;;;;;;;
EVTOPTB13065;No! Apologize and stop this nonsense!;Non ! Présenter nos excuses et arrêter ces bêtises !;Nein. Entschuldigen und mit diesem Unsinn aufhören!;;¡No! Disculpaos y dejad de hacer tonterías!;;;;;;;;;
EVTOPTB13080;Perhaps some gold could make things better?;Un peu d'or remédierait peut-être au problème ?;Vielleicht könnte etwas Gold die Sache bereinigen?;;¿Quizás un poco de oro mejoraría las cosas?;;;;;;;;;
EVTOPTB13110;Is that a draft? Close the door!;Est-ce un avant-projet ? Fermez la porte !;Ist das Zugluft? Schließt die Tür!;;¿Es eso un proyecto? ¡Cerrad la puerta!;;;;;;;;;
EVTOPTB13120;Dangerous or not, I believe she is right;Dangereux ou pas, je crois qu'elle a raison.;Gefährlich oder nicht, ich denke, sie hat Recht.;;Peligrosa o no, creo que tiene razón.;;;;;;;;;
EVTOPTB13130;I think we can manage without it;Je crois que nous pouvons nous en passer.;Ich denke, wir schaffen es auch ohne.;;Creo que podemos arreglarnos sin ella.;;;;;;;;;
EVTOPTB13150;Round up the usual suspects;Rassembler les suspects habituels;Die üblichen Verdächtigen zusammentreiben;;Detened a los sospechosos habituales.;;;;;;;;;
EVTOPTB13160;Execute him;L'exécuter;Richtet ihn hin.;;Ejecutadlo.;;;;;;;;;
EVTOPTB13170;Drink the bitter chalice;Boire le calice jusqu'à la lie;In den sauren Apfel beißen.;;Bebed del amargo cáliz.;;;;;;;;;
EVTOPTB13190;We will not abandon our traditional ways;Nous ne renoncerons pas à nos traditions.;Wir werden unsere Traditionen nicht aufgeben.;;No abandonaremos nuestros métodos tradicionales.;;;;;;;;;
EVTOPTB13200;Liberty or Death!;La liberté ou la mort !;Freiheit oder Tod!;;¡Libertad o muerte!;;;;;;;;;
EVTOPTB13210;The old ways endure;Les traditions doivent être perpétuées.;Die alten Traditionen sind die besten.;;Que prevalezcan los viejos métodos.;;;;;;;;;
EVTOPTB13220;Why? They have nothing to offer us?;Pourquoi ? Ils n'ont rien à nous offrir ?;Warum? Sie haben uns nicht zu bieten?;;¿Por qué? ¿No tienen nada que ofrecernos?;;;;;;;;;
EVTOPTB13230;Apologize, but leave it at that;S'en tenir à des excuses;Entschuldigen, aber das reicht dann auch.;;Disculpaos, pero no hagáis nada al respecto.;;;;;;;;;
EVTOPTB13240;Let it through;Le laisser passer;Lasst es durch.;;Dejarlo pasar;;;;;;;;;
EVTOPTB13250;We have more important matters to attend to;Nous avons des problèmes plus importants à régler.;Wir haben uns um wichtigere Dinge zu kümmern.;;Tenemos asuntos más importantes que atender;;;;;;;;;
EVTOPTB13260;You do your worst, and we shall do our best;Faites le pire et nous ferons de notre mieux.;Ihr tut euer Schlimmstes, und wir tun unser Bestes.;;Cuanto más lo empeores, más empeño pondremos;;;;;;;;;
EVTOPTB13290;Minor reform.;Réforme mineure.;Kleine Reform.;;Reforma menor.;;;;;;;;;
EVTOPTB13300;Ignore it;L'ignorer;Ignorieren;;Ignorarlo;;;;;;;;;
EVTOPTB14500;The rain will fall, sooner or later.;Tôt ou tard, il finira par pleuvoir.;Früher oder später wird es regnen.;;La lluvia llegará, tarde o temprano.;;;;;;;;;
EVTOPTB14510;A liberal upper house ensures free trade;Une Chambre haute libérale garantit le libre-échange.;Ein liberales Oberhaus versichert den freien Handel.;;Una cámara alta liberal asegura el libre comercio;;;;;;;;;
EVTOPTB14520;Brutally force people off their land? Not a very $COUNTRY_ADJ$ thing to do!;Expulser des gens de force de leurs terres ? Ce ne serait pas digne de notre pays !;Die Menschen brutal von ihrem Land verjagen? Kein sehr $COUNTRY_ADJ$ Sache!;;¿Expulsar brutalmente a la gente de su tierra? ¡No es una idea muy $COUNTRY_ADJ$ que digamos!;;;;;;;;;
EVTOPTB14530;Very concerning... but oh, my, it's almost teatime. Cricket later, anyone?;C'est très inquiétant... Mais oh, c'est bientôt l'heure du thé. Un cricket tout à l'heure ?;Sehr Besorgnis erregend ... aber ach je, es ist fast Teezeit! Vielleicht eine Runde Cricket später?;;Muy preocupante... pero, ¡oh, casi es la hora del té! ;;;;;;;;;
EVTOPTB14540;Let us see these creatures in their natural habitat instead.;Observons plutôt ces créatures dans leur habitat naturel.;Schauen wir uns diese Kreaturen lieber in ihrer natürlichen Umgebung an.;;Mejor que veamos a esas criaturas en su hábitat natural.;;;;;;;;;
EVTOPTB14550;Long live the captains of industry and technology!;Longue vie aux capitaines d'industrie et à la technologie !;Ein dreifaches Hoch auf die Kapitäne von Industrie und Technologie!;;¡Vivan los magnates de la industria y la tecnología!;;;;;;;;;
EVTOPTB14560;I believe the resources could be better spent elsewhere;Je pense que les ressources seraient mieux utilisées ailleurs.;Ich denke, diese Ressourcen können anderswo besser eingesetzt werden.;;Creo que podrían gastarse mejor los recursos en cualquier otro sitio;;;;;;;;;
EVTOPTB14570;We must seek to negotiate an equitable settlement;Nous devons tenter de trouver un arrangement équitable.;Wir müssen Verhandlungen führen, um auf einen gemeinsamen Nenner zu kommen.;;Tenemos que intentar negociar un asentamiento equitativo.;;;;;;;;;
EVTOPTB14580;Their beliefs must be respected;Leurs croyances doivent être respectées.;Ihr Glaube muss respektiert werden.;;Sus creencias deben ser respetadas.;;;;;;;;;
EVTOPTB14590;We must shoulder the responsibility;Nous devons endosser cette responsabilité.;Wir sollten die Verantwortung übernehmen.;;Debemos asumir la responsabilidad;;;;;;;;;
EVTOPTB14600;We shall make whatever concessions necessary to preserve the calm;Nous ferons toutes les concessions nécessaires pour préserver le calme.;Wir sollten alle notwendigen Zugeständnisse machen, damit wieder Ruhe einkehrt.;;Haremos las concesiones que sean necesarias para preservar la calma.;;;;;;;;;
EVTOPTB14620;Intervene... eventually...;Intervenir... plus tard...;Intervenieren ... irgendwann mal ...;;Habrá que intervenir... con el tiempo...;;;;;;;;;
EVTOPTB14630;Reincorporate the colony and take steps to prevent this in the future;Réincorporer la colonie et prendre des mesures pour empêcher que cela se reproduise;Kolonie zurückgliedern und Schritte unternehmen, damit dies in Zukunft nicht mehr passieren kann.;;Reincorporar la colonia y tomar medidas para evitar esto en el futuro.;;;;;;;;;
EVTOPTB14640;What? Me worry?;Quoi ? Moi, inquiet ?;Was? Ich, mir Sorgen machen?;;¿Cómo? ¿Preocupado yo?;;;;;;;;;
EVTOPTB14650;Hunting is just a part of the circle of life;La chasse est juste une part du cercle de la vie.;Jagen gehört zum Kreislauf des Lebens.;;La caza no es más que una fase del ciclo de la vida.;;;;;;;;;
EVTOPTB14660;Let us invite that ambassador... what was his name?;Invitons cet ambassadeur... Quel est son nom déjà ?;Lasst uns diesen Botschafter einladen ... wie hieß der nochmal?;;Invitemos a aquel embajador... ¿cómo se llamaba?;;;;;;;;;
EVTOPTB14680;I believe we must focus on the homefront first;Je crois que nous devrions d'abord nous concentrer sur la métropole.;Ich glaube, wir müssen uns zuerst auf die Heimatfront konzentrieren.;;Creo que debemos centrarnos primero en los asuntos de casa.;;;;;;;;;
EVTOPTB14690;A fantastic idea that we should spare no effort in implementing;C'est une excellente idée que nous devons absolument mettre en œuvre.;Eine fantastische Idee, der wir unsere maximale Unterstützung geben sollten!;;Una idea fantástica en la que no debemos escatimar esfuerzos para ponerla en práctica.;;;;;;;;;
EVTOPTB14710;The customer is always rig... I mean... the government shall duly consider this;Le client a toujours rais... je veux dire... le gouvernement va étudier la question.;Der Kunde hat immer Re ... ich meine ... die Regierung sollte dies in Betracht ziehen.;;El cliente siempre tiene... quiero decir... el gobierno lo considerará debidamente;;;;;;;;;
EVTOPTB14720;We must undertake a national campaign in favor of them;Nous devons mener une campagne nationale en faveur des colonies.;Wir müssen zu ihren Gunsten eine nationale Kampagne veranstalten.;;Tenemos que poner en marcha una campaña a nivel nacional en favor de ellas;;;;;;;;;
EVTOPTB15000;Conduct a thorough investigation of the matter;Diligenter une enquête approfondie sur la question;Diese Angelegenheit muss sorgfältig untersucht werden!;;Hay que llevar a cabo una meticulosa investigación;;;;;;;;;
EVTOPTB15010;Rescind the policy;Abroger cette politique;Gesetz widerrufen;;Anular la iniciativa;;;;;;;;;
EVTOPTB15020;Strychnine or cyanide?;Strychnine ou cyanure ?;Strychnin oder Zyanid?;;¿Estricnina o cianuro?;;;;;;;;;
EVTOPTB15030;Keep them ignorant;Les laisser dans l'ignorance;Sie sollen ignorant bleiben.;;Mantengámoslos en la ignorancia;;;;;;;;;
EVTOPTB15050;Shut it down before it gets worse;Censurons ce journal tant qu'il en est encore temps.;Macht die Zeitung dicht, bevor sich die Lage verschlimmert.;;Cerrémoslo antes de vaya a peor;;;;;;;;;
EVTOPTB15060;Shut it down, but allow farmers to keep their money.;La fermer, mais les fermiers gardent l'argent;Macht die Bank dicht, aber die Bauern sollen ihr Geld behalten dürfen.;;Cerrarlo, pero permitir que conserven su dinero.;;;;;;;;;
EVTOPTB15070;Carry a big stick;Menacer de répressions;Holt den großen Knüppel raus!;;Llevar una buena estaca;;;;;;;;;
EVTOPTB15080;Disperse them;Les disperser;Treibt sie auseinander.;;Dispersémoslos;;;;;;;;;
EVTOPTB15090;Reprimand the officer;Réprimander l'officier;Der Offizier soll gerügt werden.;;Hay que amonestar al oficial;;;;;;;;;
EVTOPTB15100;Crush the revolters!;Écrasons les insurgés !;Macht die Aufständischen nieder!;;¡Aplastemos a los sublevados!;;;;;;;;;
EVTOPTB15110;Do not curtail the distribution;Ne pas limiter sa distribution;Vertrieb nicht drosseln.;;No restrinjáis la distribución;;;;;;;;;
EVTOPTB15130;Use $PROVINCECULTURE$;Utiliser le $PROVINCECULTURE$;$PROVINCECULTURE$ verwenden;;Usar a la población $PROVINCECULTURE$;;;;;;;;;
EVTOPTB15140;Favor the capitalists;Favoriser les capitalistes;Kapitalisten bevorzugen.;;Favoreced a los capitalistas;;;;;;;;;
EVTOPTB15150;Bide our time;Attendre;Abwarten;;Esperemos a ver qué pasa;;;;;;;;;
EVTOPTB15160;Take steps to replace the stolen weapons;Prendre les mesures nécessaires pour remplacer les armes volées;Schritte zur Ersetzung der gestohlenen Waffen unternehmen.;;Tomemos medidas para reemplazar las armas robadas;;;;;;;;;
EVTOPTB15170;Conduct a real investigation;Mener une véritable enquête;Führt eine richtige Untersuchung durch.;;Llevemos a cabo una investigación en toda regla;;;;;;;;;
EVTOPTB15180;Let it run its own course;Le laisser suivre son chemin;Lasst sie ihren Verlauf nehmen.;;Dejemos que siga su propio curso;;;;;;;;;
EVTOPTB15190;Intervene eventually;Intervenir plus tard;Letztendlich intervenieren;;Intervengamos al final;;;;;;;;;
EVTOPTB15200;Pretend that it rains;Faire semblant de ne rien voir;So tun, als sei nichts passiert.;;Como quien oye llover;;;;;;;;;
EVTOPTB15210;This man is clearly dangerous. Execute him;Cet homme est dangereux. Il faut l'exécuter.;Der Mann ist gefährlich. Exekutiert ihn.;;Este hombre es claramente peligroso Ejecutarlo.;;;;;;;;;
EVTOPTB15220;Demand the strictest discipline;Exiger la plus stricte discipline;Strengstmögliche Disziplin fordern.;;Exijamos la más estricta disciplina;;;;;;;;;
EVTOPTB15230;Ignore the issue;Ignorer le problème;Problem ignorieren;;Ignoremos el asunto;;;;;;;;;
EVTOPTB15240;Shut it down;L'interdire;Schließt die Gesellschaft.;;Cerradla;;;;;;;;;
EVTOPTB15260;No, let them build and own houses;Non, les laisser construire et devenir propriétaires;Nein, lasst sie Häuser bauen und besitzen.;;No, dejémosles construir y poseer casas;;;;;;;;;
EVTOPTB15270;He's just one man;Il ne s'agit que d'un seul homme.;Er ist doch nur ein einzelner Mann.;;No es más que un caso único;;;;;;;;;
EVTOPTB15274;He's still just one man;Il ne s'agit toujours que d'un seul homme.;Er ist immer noch nur ein einzelner Mann.;;Sigue siendo un caso único;;;;;;;;;
EVTOPTB15280;Never mind;Peu importe;Schon gut;;No hay de qué preocuparse;;;;;;;;;
EVTOPTB15290;Verb forms, sweetie. They are the keys to success.;Les formes verbales, ma chérie, c'est la base.;Verbformen, Schätzchen. Sie sind der Schlüssel zum Erfolg.;;Las formas verbales, querida. Son la clave del éxito.;;;;;;;;;
EVTOPTB15300;Well, why not?;Eh bien, pourquoi pas ?;Na ja, warum denn nicht?;;Bien, ¿y por qué no?;;;;;;;;;
EVTOPTB15310;Spare no effort in shutting it down.;Ne ménageons pas nos efforts pour la fermer.;Diese Universität muss um jeden Preis geschlossen werden.;;No escatimemos esfuerzos en cerrarla.;;;;;;;;;
EVTOPTB16000;Advance the flag of Dixie! Hurrah! §BPlay the Confederacy§W;Qu'on hisse le drapeau confédéré ! Hourra !;Hisst die Dixie-Flagge! Hurra!;;¡Sacad la bandera sudista! ¡Hurra!;;;;;;;;;
EVTOPTB16040;... and slave;... et esclave;... and slave;;... y a los esclavos;;;;;;;;;
EVTOPTB16050;Plebian songs;Chansons populaires;Volkslieder;;Canciones plebeyas;;;;;;;;;
EVTOPTB16060;Plebian songs;Chansons populaires;Volkslieder;;Canciones plebeyas;;;;;;;;;
EVTOPTB16080;Dangerous ideas;Ce sont des idées dangereuses.;Gefährliche Ideen;;Ideas peligrosas;;;;;;;;;
EVTOPTB16110;Repulsive!;Répugnant !;Abstoßend!;;¡Repugnante!;;;;;;;;;
EVTOPTB16400;Now is not the time;Le moment n'est pas encore venu.;Jetzt ist nicht die Zeit dafür.;;Ahora no es el momento.;;;;;;;;;
EVTOPTB17010;Applaud the Parliament, and express support for its cause;Applaudissez le Parlement, et exprimer son soutien à sa cause.;Das ist eine Problematik, die wir beobachten müssen.;;Elogiemos este parlamento, y expresemos nuestro apoyo a su causa ;;;;;;;;;
EVTOPTB17570;Interesting, I am sure;Intéressant, j'en suis sûr. ;Okay.;;Interesante, estoy seguro;;;;;;;;;
EVTOPTB18000;Exert political pressure;Exercer une pression politique;Politischen Druck ausüben.;;Ejerzamos presión política;;;;;;;;;
EVTOPTB18010;Conservative-Liberal;Conservateurs-libéraux;Konservativ-Liberal;;Liberal conservadora;;;;;;;;;
EVTOPTB18020;It might be the time for reform;Il est peut-être temps de réformer.;Vielleicht ist es Zeit für Reformen.;;Puede que sea el momento de una reforma;;;;;;;;;
EVTOPTB18030;Ignore it;Ignorer;Ignorieren;;Ignorarlo;;;;;;;;;
EVTOPTB18040;Yes, they need to be contained;Oui, ils doivent être contenus.;Ja, ein solcher Schritt muss verhindert werden.;;Sí, hay que contenerlos;;;;;;;;;
EVTOPTB18050;Motion dismissed;Motion rejetée;Antrag abgelehnt;;Se desestima la moción;;;;;;;;;
EVTOPTB1806;My feelings precisely!;Voilà ce que je pense !;Das spricht mir aus dem Herzen!;;¡Eso mismo opino yo!;;;;;;;;;
EVTOPTB18070;Question the legality of the motion;Contester la légalité de la motion;Die Legalität des Antrags in Frage stellen.;;Cuestionemos la legalidad de la moción;;;;;;;;;
EVTOPTB18080;Reign them in;Occupez-vous-en.;Weist sie in die Schranken!;;Evitemos la deserción;;;;;;;;;
EVTOPTB18090;Filibuster any motion for reform;Faire obstruction à toutes les motions de réforme;Sämtliche Reformanträge behindern.;;Obstruyamos cualquier moción para la reforma;;;;;;;;;
EVTOPTB18100;Force through the reform;Faire passer en force la réforme;Erzwingt die Reform.;;Que entre en vigor la reforma;;;;;;;;;
EVTOPTB18110;Now is not the time;L'heure n'est pas encore venue.;Jetzt ist nicht die Zeit dafür.;;Ahora no es el momento.;;;;;;;;;
EVTOPTB18120;Crack goes the whip!;Manipulation habile, alors !;Lasst die Peitsche schnalzen!;;¡Haced chascar el látigo!;;;;;;;;;
EVTOPTB18130;Move to stop the defections;Agissez pour mettre fin à ces défections.;Gegen die Abspalter einschreiten!;;Hay que detener las deserciones;;;;;;;;;
EVTOPTB18140;Prevent the power grab;Empêcher la prise de pouvoir;Den faschistischen Griff nach der Macht verhindern.;;Evitar la toma de poder;;;;;;;;;
EVTOPTB18150;Let them do as they please.;Qu'ils fassent ce que bon leur semble !;Lasst sie, wenn es das ist, was sie wollen.;;Que hagan lo que quieran;;;;;;;;;
EVTOPTB18160;We have done nothing wrong;Nous n'avons rien fait de mal;Wir haben nicht falsch gemacht.;;No hemos hecho nada malo;;;;;;;;;
EVTOPTB18170;Unruly miscreant;Mécréant indiscipliné;Aufmüpfiger Schurke;;Bribón revoltoso;;;;;;;;;
EVTOPTB18180;Brilliant!;Parfait !;Großartig!;;¡Brillante!;;;;;;;;;
EVTOPTB18190;We have enough;Ça suffit;Wir haben genug Land.;;Ya tenemos bastante;;;;;;;;;
EVTOPTB18200;Ignore him;L'ignorer;Ignoriert ihn;;Ignorarle;;;;;;;;;
EVTOPTB18500;Use the propaganda;Utiliser la propagande;Die Propaganda benutzen.;;Usemos la propaganda;;;;;;;;;
EVTOPTB18510;Unmatched Glory;Gloire sans égale;Unvergleichliche Pracht;;Gloria sin igual;;;;;;;;;
EVTOPTB18520;We are in it to win it;Nous allons l'emporter;Wir sind im Krieg, um ihn zu gewinnen.;;Estamos en esto para ganar;;;;;;;;;
EVTOPTB18530;Other nations sing our praise!;D'autres nations chantent nos louanges !;Andere Nation sind voll des Lobes über uns!;;¡Las demás naciones se deshacen en elogios!;;;;;;;;;
EVTOPTB18540;Modesty and Restraint;Modestie et mesure;Bescheidenheit und Zurückhaltung;;Humildad y moderación;;;;;;;;;
EVTOPTB18550;Liberty shall not perish;La liberté doit perdurer;Die Freiheit darf nicht vergehen.;;La libertad debe prevalecer;;;;;;;;;
EVTOPTB18560;Let us forgive;Pardonnons.;Lasst uns vergeben.;;Perdonémonos;;;;;;;;;
EVTOPTB18570;Further the cause of science;Renforcer la cause de la science;Die Wissenschaft voranbringen.;;Impulsar la causa de la ciencia;;;;;;;;;
EVTOPTB18580;It might be a while longer;Cela risque d'être un peu plus long;Das könnte noch eine Weile dauern.;;Puede que tarde un poco más;;;;;;;;;
EVTOPTB19005;Fall back.;Reculer;Zurückstecken;;Retirémonos;;;;;;;;;
EVTOPTB19010;Our isolation is splendid!;Notre isolement est parfait !;Unser Isolation ist wunderbar!;;¡Nuestro aislamiento es esplendoroso!;;;;;;;;;
EVTOPTB19020;We have better things to do;Nous avons mieux à faire;Wir haben bessere Sachen vor.;;Tenemos mejores cosas que hacer;;;;;;;;;
EVTOPTB19022;The province belongs to $FROMCOUNTRY$;La province appartient à $FROMCOUNTRY$;Die Provinz gehört zu $FROMCOUNTRY$.;;La provincia pertenece a $FROMCOUNTRY$;;;;;;;;;
EVTOPTB19023;The cause of science demands it;La cause de la science l'exige;Das Wohl der Wissenschaft verlangt es.;;La causa científica lo exige;;;;;;;;;
EVTOPTB19024;The governments policy stands;La politique du gouvernement tient bon;Die Entscheidung der Regierung bleibt bestehen.;;La política del gobierno se mantiene;;;;;;;;;
EVTOPTB19025;Let's see if they can find any edible plants;Voyons voir s'ils peuvent trouver des plantes comestibles;Vielleicht können sie ja irgendwelche essbaren Pflanzen finden?;;A ver si encuentran algunas plantas comestibles;;;;;;;;;
EVTOPTB19030;We have other concerns;Nous avons d'autres sujets d'inquiétude;Wir haben andere Sorgen.;;Tenemos otras preocupaciones;;;;;;;;;
EVTOPTB19031;Nevermind, then!;Eh bien, qu'importe !;Ok, dann verzichten wir!;;¡Da igual, pues!;;;;;;;;;
EVTOPTB19043;Pressure the government;Pression sur le gouvernement;Regierung unter Druck setzen.;;Presionemos al gobierno;;;;;;;;;
EVTOPTB21010;Sorry, I gave at the office.;Désolé, je laisse aux autres le soin de s'en occuper.;Sorry, ich hab im Büro schon was gegeben.;;Lo siento, ya hice mi donativo.;;;;;;;;;
EVTOPTB21020;Quarantine the affected state;Mettre en quarantaine l'État infecté;Betroffenen Staat unter Quarantäne stellen.;;Pongamos en cuarentena al estado afectado;;;;;;;;;
EVTOPTB21030;Not really, why?;Non vraiment, pourquoi ?;Eigentlich nicht, warum?;;La verdad es que no, ¿por qué?;;;;;;;;;
EVTOPTB21040;Weak and unable to resist, you say?;Faibles et incapables de résister, vous dites ?;Schwach und wehrlos, sagen Sie?;;¿Débil e incapaz de resistir, dices?;;;;;;;;;
EVTOPTB22000;This all sounds rather dreary...?;Tout cela semble bien triste... ?;Das klingt aber alles eher ziemlich düster ...;;¿No suena todo esto un tanto deprimente...?;;;;;;;;;
EVTOPTB22010;I think there are more humane solutions to consider;Je pense qu'il existe des solutions plus humaines;Ich bin der Meinung, das es humanere Lösungen gibt ...;;Creo que se pueden valorar soluciones más humanas;;;;;;;;;
EVTOPTB22020;Certain reforms are arguably in order;Certaines réformes sont en préparation;Bestimmte Reformen sind wohl fällig.;;Se pueden debatir ciertas reformas de forma ordenada;;;;;;;;;
EVTOPTB22030;Let us not throw allegations wildly about.;Veillons à ne pas nous laisser aller à des allégations hasardeuses.;Lasst uns hier nicht wild mit Anschuldigungen um uns schmeißen.;;No nos pongamos a lanzar acusaciones alegremente;;;;;;;;;
EVTOPTB22040;Excellent! Next order of business!;Parfait ! Au suivant !;Hervorragend! Nächster Tagesordnungspunkt!;;¡Excelente! ¡Siguiente asunto!;;;;;;;;;
EVTOPTB22050;Search Low!;Cherchez en bas !;Wenig ausgeben!;;¡Reduzcan la búsqueda!;;;;;;;;;
EVTOPTB22060;I say we stick with the old ways;Nous nous en tenons aux bonnes vieilles méthodes;Lasst uns bei den alten Gepflogenheiten bleiben.;;Yo opino que debemos seguir con los métodos tradicionales;;;;;;;;;
EVTOPTB22070;I am not convinced. People need to learn lessons in life;Je n'en suis pas convaincu. Dans la vie, il convient de tirer des leçons de ses agissements.;Ich bin nicht überzeugt. Die Leute müssen ihre Lektionen lernen.;;No me convence. La gente tiene que aprender lecciones durante su vida.;;;;;;;;;
EVTOPTB22080;I do not have time for the foppish drivel of bleeding-heart liberals!;Je n'ai pas de temps à consacrer à ces libéraux affectés !;Für das geckenhafte Gefasel dieser sentimentalen Liberalen habe ich keine Zeit!;;¡No tengo tiempo para las tonterías de esos presumidos liberales de alma generosa!;;;;;;;;;
EVTOPTB33005;It is not our problem.;Cela ne nous intéresse pas;Ist nicht unser Problem;¡Lo financiaremos!;No es problema nuestro.;;;;;;;;;
EVTOPTB34607;It's immoral!;C'est immoral !;Das ist unsittlich.;¡Que se ponga en práctica en todo el país!;¡Es inmoral!;;;;;;;;;
EVTOPTB36609;For the glory of Sweden, we must keep it!;Pour la gloire de la Suède, il faut la garder !;Wir müssen die Insel behalten, zum Ruhme Schwedens!;¡Vender esa roca desolada YA!;¡Debemos conservarla, por la gloria de Suecia!;;;;;;;;;
EVTOPTB36612;No, not at this time;Non, ce n'est pas le moment;Nein, nicht jetzt;¡Sí, nuestras defensas han de ser fuertes!;No, en este momento no;;;;;;;;;
EVTOPTB36617;No, we will keep the Four Estates!;Non, nous garderons les quatre états !;Nein, wir werden die vier Stände beibehalten!;Sí, aceptar la reforma.;¡No, mantendremos los cuatro estados!;;;;;;;;;
EVTOPTB36939;Don't stir up the hornet's nest.;Quel guêpier !;Das Hornissennest nicht unnötig in Aufruhr versetzen.;;Mejor no remover el avispero.;;;;;;;;;
EVTOPTB36941;What can we do to solve this situation?;Comment résoudre cette situation...;Wie können wir diese Situation lösen?;Debemos coger a este jefe con las manos en la masa.;¿Qué podemos hacer para resolver esta situación?;;;;;;;;;
EVTOPTB37200;His ramblings in the Alps are no threat to us.;Ses divagations dans les Alpes ne nous menacent en rien.;Soll er doch in den Alpen herumfaseln. Das bedroht uns nicht!;;Sus divagaciones desde los Alpes no son una amenaza para nosotros.;;;;;;;;;
EVTOPTB37216;No! He is innocent!;Non ! Il est innocent !;Nein! Er ist unschuldig!;¡Que se pudra en la Isla del Diablo!;¡No! ¡Es inocente!;;;;;;;;;
EVTOPTB37700;We need the money!;Il nous faut cet argent !;Wir brauchen das Geld!;¡A la Santa Iglesia ni tocarla!;¡Necesitamos el dinero!;;;;;;;;;
EVTOPTB37703;We don't want it.;Nous n'en voulons pas;Wir wollen Kuba nicht.;Hagamos una oferta.;No la queremos.;;;;;;;;;
EVTOPTB37704;Si, Cuba can be had -- for a price.;Oui, ils l'auront... s'ils y mettent le prix;Si, Cuba ist zu haben -- für einen gewissen Preis.;No , Cuba seguirá siendo nuestra 'Perla de las Antillas'.;Sí, Cuba está en venta... por el precio adecuado.;;;;;;;;;
EVTOPTB37705;Si, reforms are needed;Oui, les réformes sont nécessaires;Si, Reformen werden benötigt;No hace falta ninguna comisión;Sí, hacen falta reformas;;;;;;;;;
EVTOPTB37708;We are satisfied with the National Militia;Nous sommes satisfaits de la milice nationale;Die Volksmiliz reicht uns aus;Creación de la Guardia Civil;Estamos satisfechos con la Milicia Nacional;;;;;;;;;
EVTOPTB38502;Resist it by force!;Les écraser !;Teilung gewaltsam aufheben!;Aceptar la división;¡Opongámonos por la fuerza!;;;;;;;;;
EVTOPTB38503;Zanzibar is OURS!;Zanzibar nous appartient !;Sansibar gehört UNS!;Aceptar su independencia;¡Zanzíbar es NUESTRO!;;;;;;;;;
EVTOPTB44110;Dissent is the lifeblood of a free people;La protestation, c'est l'âme d'un peuple libre;Widerspruch ist das Blut eines freien Volks;Es una traición atacar al propio país cuando éste empuña la espada;La disensión es el alma de un pueblo libre;;;;;;;;;
EVTOPTB44800;Diaz steps down.;Diaz démissionne;Diaz tritt zurück.;Díaz jura que seguirá siendo presidente.;Díaz presenta la dimisión.;;;;;;;;;
EVTOPTB33004;The Danes of Schleswig are not a threat;Les Danois de Slesvig ne constituent pas une menace.;Die Dänen in Schleswig stellen keine Bedrohung dar!;;Los daneses de Schleswig no son una amenaza;;;;;;;;;
EVTOPTB36202;Let them be;Qu'on les laisse faire;In Ruhe lassen;Arrestarlos;Dejarlos en paz;;;;;;;;;
EVTOPTB36203;Let him be;Qu'on le laisse tranquille;Lasst ihn in Ruhe;Sobornarlo para que se marche;Dejarlo en paz;;;;;;;;;
EVTOPTB36204;Crush the rebellion;Écraser la révolte;Aufstand niederschlagen;Liberar a los esclavos;Aplastar la rebelión;;;;;;;;;
EVTOPTB36205;This is an unnecessary expense.;Il s'agit là d'une dépense inutile.;Dies sind unnötige Ausgaben.;;Es un gasto innecesario.;;;;;;;;;
EVTOPTB36221;Forget about it;Laisser tomber;Lasst uns die Sache vergessen;Env. oferta;Ni hablar...;;;;;;;;;
EVTOPTB36906;Let us see what we can do!;Voyons ce que nous pouvons faire !;Lasst uns versuchen, ihnen zu helfen!;¡Me temo que no podemos ayudarles!;¡Veamos qué podemos hacer!;;;;;;;;;
EVTOPTB36916;We cannot allow our market to be flooded by cheap imports!;Notre marché ne peut pas être envahi par des produits d'importation bon marché !;Wir dürfen nicht gestatten, dass unser Markt von Billigimporten überschwemmt wird!;Abolir las Leyes del Grano;¡No podemos permitir que inunden nuestro mercado con importaciones baratas!;;;;;;;;;
EVTOPTB36920;Grant them some of what they desire;Concéder une partie de ce qu'ils demandent;Einen Teil ihrer Forderungen erfüllen;Rechazar la petición cartista;Concederles parte de lo que desean;;;;;;;;;
EVTOPTB36925;Let's concentrate on the problems of poverty!;Concentrons-nous sur les problèmes liés à la pauvreté !;Lasst uns auf das Armutsproblem konzentrieren!;¡Que repriman a esos criminales depravados!;¡Concentrémonos en los problemas de la pobreza!;;;;;;;;;
EVTOPTB36934;The current system is fine;Le système actuel est parfait.;Das aktuelle System ist in Ordnung.;Una idea que debió aplicarse hace mucho;El actual sistema ya está bien;;;;;;;;;
EVTOPTB44300;No, Macdonald will continue as Prime Minister!;Non, Macdonald doit rester Premier ministre !;Nein, Macdonald bleibt Premierminister!;¡Macdonald debe dimitir!;¡No, Macdonald seguirá como primer ministro!;;;;;;;;;
EVTOPTB44301;Ignore the Métis demands;Ignorer les revendications des métis;Forderungen der Métis ignorieren;Escuchar las peticiones de los mestizos;Ignorar las peticiones de los mestizos;;;;;;;;;
EVTOPTB45000;We shall stay independent!;Nous resterons indépendants !;Wir sollten unabhängig bleiben!;Solicitar la anexión;¡Intentaremos mantener la independencia!;;;;;;;;;
EVTOPTB45001;Let them have it.;Qu'ils obtiennent ce qu'ils veulent;Sie können die Dominikanische Republik haben.;Tenemos que proteger nuestros intereses comerciales.;Que se la queden.;;;;;;;;;
EVTOPTB45002;We have no interest in that area.;Nous n'avons aucun intérêt dans cette zone.;An diesem Gebiet haben wir kein Interesse.;;No nos interesa esa zona.;;;;;;;;;
EVTOPTB45005;Why would we need that island...;Que ferions-nous de cette île...;Was sollten wir mit diesem Inselchen schon anfangen?;¡Es una parte natural de Francia!;¿Para qué íbamos a necesitar esa isla...?;;;;;;;;;
EVTOPTB46600;Suppress Alberdi's Supporters!;Éliminez les partisans d'Alberdi !;Unterdrückt Alberdis Unterstützer!;;¡Acabemos con los partidarios de Alberdi!;;;;;;;;;
EVTOPTB70000;Do not extend slavery;Ne pas étendre l'esclavage;Sklaverei nicht ausdehnen;;No expandamos la esclavitud;;;;;;;;;
