EVTOPTA127846;Fully fund reconstruction efforts.;;;;;;;;;;;;;
EVTOPTA127847;German unification wouldn't be that bad...;;;;;;;;;;;;;
EVTOPTA127848;German unification wouldn't be that bad...;;;;;;;;;;;;;
EVTOPTA00001;And division grows even in our own ranks.;;;;;;;;;;;;;
EVTOPTA00002;Let us hope that his reign is long and prosperous.;;;;;;;;;;;;;
EVTOPTA00003;Wait what was that about the Fr-;;;;;;;;;;;;;
EVTOPTA00004;Finally, back to conservatism.;;;;;;;;;;;;;
EVTOPTA00005;Time for a more moderate candidate.;;;;;;;;;;;;;
EVTOPTA00006;Hopefully he wont preside over any major civil conflicts.;;;;;;;;;;;;;
EVTOPTA00007;We shall restore order to Portugal. §RGain 5 infamy§W;;;;;;;;;;;;;
EVTOPTA00008;Restore the king's rule and do nothing more. §GLose 5 infamy§W;;;;;;;;;;;;;
EVTOPTA00009;Short may his reign be.;;;;;;;;;;;;;
EVTOPTA00010;The sun has set by his folly.;;;;;;;;;;;;;
EVTOPTA00011;A king no more.;;;;;;;;;;;;;
EVTOPTA00016;Their autonomy is secure.;;;;;;;;;;;;;
EVTOPTA00017;Reform is needed with time.;;;;;;;;;;;;;
EVTOPTA00018;To hell with the opposition- pass it.;;;;;;;;;;;;;
EVTOPTA00019;The fires of revolution are stoked.;;;;;;;;;;;;;
EVTOPTA00020;The banners of war beckon.;;;;;;;;;;;;;
EVTOPTA00021;The Kingdom of Spain stands strong!;;;;;;;;;;;;;
EVTOPTA00022;The Republic has been victorious!;;;;;;;;;;;;;
EVTOPTA00023;Reform is needed with time.;;;;;;;;;;;;;
EVTOPTA00024;Their opposition means little. Abolish the Fueros.;;;;;;;;;;;;;
EVTOPTA00025;Can't they just Basque in the glory of Spain?;;;;;;;;;;;;;
EVTOPTA00026;So it will be.;;;;;;;;;;;;;
EVTOPTA00027;Reform is needed with time.;;;;;;;;;;;;;
EVTOPTA00028;True freedom at last.;;;;;;;;;;;;;
EVTOPTA00029;We still have time.;;;;;;;;;;;;;
EVTOPTA00030;We still have time.;;;;;;;;;;;;;
EVTOPTA00031;We still have time.;;;;;;;;;;;;;
EVTOPTA00032;We still have time.;;;;;;;;;;;;;
EVTOPTA00033;We still have time.;;;;;;;;;;;;;
EVTOPTA00034;We still have time.;;;;;;;;;;;;;
EVTOPTA00035;We still have time.;;;;;;;;;;;;;
EVTOPTA00036;Finally, peace.;;;;;;;;;;;;;
EVTOPTA00037;We must act immediately! §RGain 5 infamy§W;;;;;;;;;;;;;
EVTOPTA00038;We shall only restore what belongs rightfully to the church. §GLose 3 infamy§W;;;;;;;;;;;;;
EVTOPTA00039;Milan is our capital.;;;;;;;;;;;;;
EVTOPTA00040;A holy throne.;;;;;;;;;;;;;
EVTOPTA00041;Milan is our capital.;;;;;;;;;;;;;
EVTOPTA00042;We take what is owed us.;;;;;;;;;;;;;
EVTOPTA00043;Enforce the law.;;;;;;;;;;;;;
EVTOPTA00044;Send the offer. §RGain 5 infamy§!;;;;;;;;;;;;;
EVTOPTA00045;We have little choice, accept the French offer.;;;;;;;;;;;;;
EVTOPTA00046;Finally.;;;;;;;;;;;;;
EVTOPTA00047;Wallonia is lost. §GLose 5 infamy§W;;;;;;;;;;;;;
EVTOPTA00048;Cede to the Dutch what is theirs.;;;;;;;;;;;;;
EVTOPTA00049;We will endure.;;;;;;;;;;;;;
EVTOPTA00050;Long live the king!;;;;;;;;;;;;;
EVTOPTA00051;May his reign last.;;;;;;;;;;;;;
EVTOPTA00056;This does not bode well.;;;;;;;;;;;;;
EVTOPTA00057;This is ludicrous!;;;;;;;;;;;;;
EVTOPTA00058;For the king!;;;;;;;;;;;;;
EVTOPTA00059;Long Live the King!;;;;;;;;;;;;;
EVTOPTA00060;Vive la Bourbon!;;;;;;;;;;;;;
EVTOPTA00061;Vive La France!;;;;;;;;;;;;;
EVTOPTA00062;Put down the uprising!;;;;;;;;;;;;;
EVTOPTA00064;Le libéralisme est mort! §RGain 5 infamy§W;;;;;;;;;;;;;
EVTOPTA00065;The land rightfully belongs to the aristocracy.;;;;;;;;;;;;;
EVTOPTA00066;Finally, an army to be proud of.;;;;;;;;;;;;;
EVTOPTA00075;Forward the offer.;;;;;;;;;;;;;
EVTOPTA00076;Accept the offer.;;;;;;;;;;;;;
EVTOPTA00077;How could it have possibly gone wrong?;;;;;;;;;;;;;
EVTOPTA00078;Peace in our time!;;;;;;;;;;;;;
EVTOPTA00080;Send the Proposal.;;;;;;;;;;;;;
EVTOPTA00081;Accept.;;;;;;;;;;;;;
EVTOPTA00082;Send the proposal.;;;;;;;;;;;;;
EVTOPTA00083;Accept.;;;;;;;;;;;;;
EVTOPTA00084;Accept;;;;;;;;;;;;;
EVTOPTA00085;Accept.;;;;;;;;;;;;;
EVTOPTA00086;We will weather the storm.;;;;;;;;;;;;;
EVTOPTA00087;The storm has arrived.;;;;;;;;;;;;;
EVTOPTA00088;We will go to war.;;;;;;;;;;;;;
EVTOPTA00089;We have no choice.;;;;;;;;;;;;;
EVTOPTA00116;Dissolve Galicia, Integrate Poland.;;;;;;;;;;;;;
EVTOPTA00117;We have been ruined.;;;;;;;;;;;;;
EVTOPTA00118;Long live the true Romans!;;;;;;;;;;;;;
EVTOPTA00119;Oh the misery!;;;;;;;;;;;;;
EVTOPTA00129;Theodoros Kolokotronis;;;;;;;;;;;;;
EVTOPTA00121;Got it.;;;;;;;;;;;;;
EVTOPTA00122;Long live the Roman Tsar!;;;;;;;;;;;;;
EVTOPTA00123;Let him be, he does little harm.;;;;;;;;;;;;;
EVTOPTA00124;Please, God, have mercy.;;;;;;;;;;;;;
EVTOPTA00125;Perhaps there is a light in the tunnel.;;;;;;;;;;;;;
EVTOPTA00126;The wastrel is a shame to us all.;;;;;;;;;;;;;
EVTOPTA00127;Save us from his madness!;;;;;;;;;;;;;
EVTOPTA00128;The madness has ended.;;;;;;;;;;;;;
EVTOPTA00201;This will undoubtedly bring stability.;;;;;;;;;;;;;
EVTOPTA00204;How many times do we need to teach you this lesson, old man?!;;;;;;;;;;;;;
EVTOPTA00205;The crown is restored.;;;;;;;;;;;;;
EVTOPTA00206;Viva España!;;;;;;;;;;;;;
EVTOPTA00208;What a brilliant idea!;;;;;;;;;;;;;
EVTOPTA183536;Viva México!;;;;;;;;;;;;;
EVTOPTA183637;Fight those rebels! Defend the constitution!;;;;;;;;;;;;;
EVTOPTA48190001;¡Viva el Rey!;;;;;;;;;;;;;
EVTOPTA48190002;Oh Good Heavens!;;;;;;;;;;;;;
EVTOPTA48190003;Send thoughts and prayers to those impacted.;;;;;;;;;;;;;
EVTOPTA48190004;Condemn the ritual murder!;;;;;;;;;;;;;
EVTOPTA46400;A time for reform has come.;L'heure des réformes a sonné.;Die Zeit für Reformen ist gekommen.;El célebre periodista y líder del Partido Colorado, José Batlle y Ordóñez ha conseguido la aprobación de legislaciones de gran severidad para la reforma política en Uruguay.;Ha llegado el momento para una reforma;;;;;;;;;
EVTOPTA47077;Interesting indeed;;;;;;;;;
EVTOPTA47078;I'm sure this won't backfire.;;;;;;;;;
EVTOPTA47079;It did backfire...;;;;;;;;;
EVTOPTA47081;A great man indeed.;;;;;;;;;
EVTOPTA81350;Apologize to the Portuguese.;;;;;;;;;;;;;
EVTOPTA81351;Accept the Chinese Apology.;;;;;;;;;;;;;
EVTOPTA81352;Oh dear!;;;;;;;;;;;;;
EVTOPTA81353;Those Perfidious Iberians!;;;;;;;;;;;;;
EVTOPTA3151;Let's hope they find more silver.;;;;;;;;;;;;;
EVTOPTA1101;Silver!;;;;;;;;;;;;;
EVTOPTA00104;We will destroy them!;;;;;;;;;;;;;
EVTOPTA00105;We will assimilate them eventually.;;;;;;;;;;;;;
EVTOPTA00106;A truly useful individual.;;;;;;;;;;;;;
EVTOPTA00107;He was a truly illustrious politician.;;;;;;;;;;;;;
EVTOPTA00108;A shame. He showed such promise.;;;;;;;;;;;;;
EVTOPTA00109;We shall explore his reforms.;;;;;;;;;;;;;
EVTOPTA00110;We will explore his reforms.;;;;;;;;;;;;;
EVTOPTA00111;The Hungarian Crown belongs to Austria, and not the other way around.;;;;;;;;;;;;;
EVTOPTA00112;We will put this rebellion down.;;;;;;;;;;;;;
EVTOPTA00113;The Hungarian Crown is dissolved.;;;;;;;;;;;;;
EVTOPTA00114;The Habsburg crown is supreme.;;;;;;;;;;;;;
EVTOPTA00115;The Netherlands is one and whole under us.;;;;;;;;;;;;;
EVTOPTA00090;A new sun rises over Europe.;;;;;;;;;;;;;
EVTOPTA00079;We will endure the tide.;;;;;;;;;;;;;
EVTOPTA00094;The king is Spanish, so too should the realm be.;;;;;;;;;;;;;
EVTOPTA00095;This does not bode well.;;;;;;;;;;;;;
EVTOPTA00098;These fools again? We already won.;;;;;;;;;;;;;
EVTOPTA00100;We will not let go of our crown.;;;;;;;;;;;;;
EVTOPTA00091;So passes the crown.;;;;;;;;;;;;;
EVTOPTA00092;The king is dead! Long live the king!;;;;;;;;;;;;;
EVTOPTA00093;Hopefully he wont preside over any massive global conflicts that devastate the known world.;;;;;;;;;;;;;
EVTOPTA00052;Jean III, the Spaniard.;;;;;;;;;;;;;
EVTOPTA00053;And so the crown passes.;;;;;;;;;;;;;
EVTOPTA00054;Long live Jaime!;;;;;;;;;;;;;
EVTOPTA00055;With a Heart of Iron France shall endure.;;;;;;;;;;;;;
EVTOPTA00063;Unfortunate.;;;;;;;;;;;;;
EVTOPTA00067;This will help secure peace, for now.;;;;;;;;;;;;;
EVTOPTA00068;Send the offer. §RGain 3 infamy§W;;;;;;;;;;;;;
EVTOPTA00069;Accept.;;;;;;;;;;;;;
EVTOPTA00070;A bloodless victory, as intended.;;;;;;;;;;;;;
EVTOPTA00071;Their loss. §GLose 3 infamy§W;;;;;;;;;;;;;
EVTOPTA00072;A perfect opportunity.;;;;;;;;;;;;;
EVTOPTA00073;We claim India as our own! The Princely States shall go free.;;;;;;;;;;;;;
EVTOPTA00074;How many times do we have to teach you this lesson, old man? §RGain 5 infamy§W;;;;;;;;;;;;;
EVTOPTA00202;And all it took was our entire economy!;;;;;;;;;;;;;
EVTOPTA00203;Naturally.;;;;;;;;;;;;;
EVTOPTA00207;We must destroy the trade at all costs.;;;;;;;;;;;;;
EVTOPTA00012;We must demand their expatriation elsewhere!;;;;;;;;;;;;;
EVTOPTA00013;We will not violate our sovereignty for liberal prattle!;;;;;;;;;;;;;
EVTOPTA00014;Are the Bourbons worth that much?;;;;;;;;;;;;;
EVTOPTA00015;I wonder if we can make them expatriate their own Bourbons too.;;;;;;;;;;;;;
EVTOPTA211400;What an imaginative scheme.;;;;;;;;;;;;;
EVTOPTA211401;Send them to work on the plantations.;;;;;;;;;;;;;
EVTOPTA211402;It is none of our concern.;;;;;;;;;;;;;
EVTOPTA211403;Side with the Resident: Order & Stability are of the utmost importance;;;;;;;;;;;;;
EVTOPTA211404;We will not be blackmailed.;;;;;;;;;;;;;
EVTOPTA211405;Maybe he has a point. §RGain 2 infamy§!;;;;;;;;;;;;;
EVTOPTA211409;Good man.;;;;;;;;;;;;;
EVTOPTA210449;Perhaps we should also get into this colonial game.;;;;;;;;;;;;;
EVTOPTA211412;Award the contract to our associates.;;;;;;;;;;;;;
EVTOPTA211413;And reform it is.;;;;;;;;;;;;;
EVTOPTA211414;Grant equal rights.;;;;;;;;;;;;;
EVTOPTA211418;Can we really blame them?;;;;;;;;;;;;;
EVTOPTA211450;Sometimes the natives just a bit of roughing up;;;;;;;;;;;;;
EVTOPTA211440;It is a step in the right direction (removes Cultuurstelsel modifiers);;;;;;;;;;;;;
EVTOPTA211445;A true land of opportunity;;;;;;;;;;;;;
EVTOPTA211250;And we'll name it the Oranje-Nassau Mine.;;;;;;;;;;;;;
EVTOPTA211251;Things are the way they are.;;;;;;;;;;;;;
EVTOPTA211252;Confirm prince Hidayatullah.;;;;;;;;;;;;;
EVTOPTA211253;May he rest in peace;;;;;;;;;;;;;
EVTOPTA211254;Confirm our candidate as Sultan.;;;;;;;;;;;;;
EVTOPTA211255;Direct their anger outwards.;;;;;;;;;;;;;
EVTOPTA211256;Reinforce the outpost;;;;;;;;;;;;;
EVTOPTA211262;This is an debt which will be repaid in blood. §RGain 2 infamy§!;;;;;;;;;;;;;
EVTOPTA211290;We shall restore $COUNTRY_ADJ$ hegemony in the region. §RGain 4 infamy§!;;;;;;;;;;;;;
EVTOPTA211411;The matter is being discussed with ever vigor.;;;;;;;;;;;;;
EVTOPTA211900;And Multatuli is right;;;;;;;;;;;;;
EVTOPTA2114110;The chief of the colonial opposition indeed.;;;;;;;;;;;;;
EVTOPTA210460;It is a done deal;;;;;;;;;;;;;
EVTOPTA211590;A mental bridge of rapprochement and reconciliation;;;;;;;;;;;;;
EVTOPTA211551;It seems a new Liberal foreman has arisen;;;;;;;;;;;;;
EVTOPTA211550;This proposal, never, even if were next to the scaffold.;;;;;;;;;;;;;
EVTOPTA211552;Closet? What Closet?;;;;;;;;;;;;;
EVTOPTA211553;The blemish on the line is too great.;;;;;;;;;;;;;
EVTOPTA211532;It is time to recognize them as a separate church;;;;;;;;;;;;;
EVTOPTA211560;Amen?;;;;;;;;;;;;;
EVTOPTA211561;If only we weren't tied to the Constitution...;;;;;;;;;;;;;
EVTOPTA211562;It was a pleasant, festive and quiet day.;;;;;;;;;;;;;
EVTOPTA211563;The Government Falls;;;;;;;;;;;;;
EVTOPTA211500;...prepare for classes.;;;;;;;;;;;;;
EVTOPTA211502;What is next? Voting for women?;;;;;;;;;;;;;
EVTOPTA211503;Her example should serve as an inspiration to all women!;;;;;;;;;;;;;
EVTOPTA211504;If the law meant to include women, it would have explicitly said so.;;;;;;;;;;;;;
EVTOPTA211505;Can't she just shut up...?;;;;;;;;;;;;;
EVTOPTA211497;Indeed they do!;;;;;;;;;;;;;
EVTOPTA211498;In fact, 100,000 people would visit it in less than 2 months.;;;;;;;;;;;;;
EVTOPTA211490;A beautiful gift.;;;;;;;;;;;;;
EVTOPTA211489;Plan Kalff - The Limited Option.;;;;;;;;;;;;;
EVTOPTA211488;Very interesting.;;;;;;;;;;;;;
EVTOPTA211474;Well at least we got a few updated maps out of it.;;;;;;;;;;;;;
EVTOPTA211487;Traitors I say, traitors.;;;;;;;;;;;;;
EVTOPTA211486;End the war.;;;;;;;;;;;;;
EVTOPTA211482;Who do they think they are?;;;;;;;;;;;;;
EVTOPTA211480;We'll try again. §RGain 0.5 infamy§!;;;;;;;;;;;;;
EVTOPTA211800;A worthy investment;;;;;;;;;;;;;
EVTOPTA211801;All right, but only train them for the more menial tasks;;;;;;;;;;;;;
EVTOPTA211476;Finance the conversion into orchards.;;;;;;;;;;;;;
EVTOPTA211509;A great painter.;;;;;;;;;;;;;
EVTOPTA211600;The 'Dagbladzegel' is abolished;;;;;;;;;;;;;
EVTOPTA111025;Let's hope this brings peace and stability to our nation.;;;;;;;;;;;;;
EVTOPTA4206976;Interesting concept, but it is our government who should dominate!;;;;;;;;;;;;;
EVTOPTA4206987;Refuse to grant any reforms.;;;;;;;;;;;;;
EVTOPTA2425353;That could come in handy;;;;;;;;;;;;;
EVTOPTA89755432;That could come in handy;;;;;;;;;;;;;
EVTOPTA18482312;Fully fund reconstruction efforts. §R(Pay or owe 35,000¤)§W;;;;;;;;;;;;;
EVTOPTA190307;Perhaps he should fear us more?;;;;;;;;;;;;;
EVTOPTA1142;That could come in handy;;;;;;;;;;;;;
EVTOPTA91600;I will use them wisely;;;;;;;;;;;;;
EVTOPTA91601;Great!;;;;;;;;;;;;;
EVTOPTA91700;Reactionary;;;;;;;;;;;;;
EVTOPTA91708;Too bad.;;;;;;;;;;;;;
EVTOPTA91709;OK.;;;;;;;;;;;;;
EVTOPTA91001;Got it.;;;;;;;;;;;;;
EVTOPTA91002;Got it.;;;;;;;;;;;;;
EVTOPTA91003;Got it.;;;;;;;;;;;;;
EVTOPTA91004;Got it.;;;;;;;;;;;;;
EVTOPTA91005;Got it.;;;;;;;;;;;;;
EVTOPTA91006;Got it.;;;;;;;;;;;;;
EVTOPTA91007;Got it.;;;;;;;;;;;;;
EVTOPTA91008;Got it.;;;;;;;;;;;;;
EVTOPTA91009;Got it.;;;;;;;;;;;;;
EVTOPTA91302;Great!;;;;;;;;;;;;;
EVTOPTA91308;Ok.;;;;;;;;;;;;;
EVTOPTA31509;We will restore order!;;;;;;;;;;;;;
EVTOPTA32512;Suppress them immediately.;;;;;;;;;;;;;
EVTOPTA90810;Play as Beiyang China;;;;;;;;;;;;;
EVTOPTA90811;China is ours!;;;;;;;;;;;;;
EVTOPTA90812;China will be ours!;;;;;;;;;;;;;
EVTOPTA90813;Nanking will make a fine base of power.;;;;;;;;;;;;;
EVTOPTA90814;China is ours!;;;;;;;;;;;;;
EVTOPTA90815;We surrender.;;;;;;;;;;;;;
EVTOPTA31201;Serbia stronk!;;;;;;;;;;;;;
EVTOPTA31202;Onwards to Constantinople!;;;;;;;;;;;;;
EVTOPTA31203;Onwards to Constantinople!;;;;;;;;;;;;;
EVTOPTAcommonarmy;A small price to pay.;;;;;;;;;;;;;
EVTOPTA31514;Deutschland über alles!;;;;;;;;;;;;;
EVTOPTAsetgovernment;OK;;;;;;;;;;;;;
EVTOPTAtechnologyflag;OK;;;;;;;;;;;;;
EVTOPTA90820;Just say no.;;;;;;;;;;;;;
EVTOPTA90821;Just say no.;;;;;;;;;;;;;
EVTOPTA90822;They will not complain if they know what's good for them.;;;;;;;;;;;;;
EVTOPTA90823;Disappointing.;;;;;;;;;;;;;
EVTOPTA90824;Force them to lift the ban and make them pay for the shipments they have destroyed.;;;;;;;;;;;;;
EVTOPTA31103;We will grant them their independence in exchange for Syria and Palestine.;;;;;;;;;;;;;
EVTOPTA31104;We will sue for peace.;;;;;;;;;;;;;
EVTOPTA31105;Excellent.;;;;;;;;;;;;;
EVTOPTA31106;Now we will make them give up their claims to Egypt as well!;;;;;;;;;;;;;
EVTOPTA7790011;We shall recognize the British claims.;;;;;;;;;;;;;
EVTOPTA2037107;But since only hosts can change the saves you should probably find a new one;;;;;;;;;;;;;
EVTOPTA44360;We are a free country!;;;;;;;;;;;;;
EVTOPTA44361;He will do nicely.;;;;;;;;;;;;;
EVTOPTA44362;Let the situation develop.;;;;;;;;;;;;;
EVTOPTA44363;Our hands are tied. Outfit the expedition!;;;;;;;;;;;;;
EVTOPTA44364;We have no time for this. Let them be independent.;;;;;;;;;;;;;
EVTOPTA44365;Remerciez, Madame Forget.;;;;;;;;;;;;;
EVTOPTA44366;50.6 percent!;;;;;;;;;;;;;
EVTOPTA44367;The Confederation must remain united!;;;;;;;;;;;;;
EVTOPTA44368;This does not bode well.;;;;;;;;;;;;;
EVTOPTA203770;Profit, ho!;;;;;;;;;;;;;
EVTOPTA203800;U... UNATCO?;;;;;;;;;;;;;
EVTOPTA203801;Why contain it?;;;;;;;;;;;;;
EVTOPTA203802;We will be crowned its kings.;;;;;;;;;;;;;
EVTOPTA203771;The world moves on.;;;;;;;;;;;;;
EVTOPTA203700;If this is how it is, I will retire.;;;;;;;;;;;;;
EVTOPTA203701;From this date, slavery is declared abolished in Brazil.;;;;;;;;;;;;;
EVTOPTA203702;Today you are with the government. Tomorrow you will be the government.;;;;;;;;;;;;;
EVTOPTA203775;Keep an eye on them. Do you have the latest stock ticker?;;;;;;;;;;;;;
EVTOPTA203776;Let the fascists play at politics a while.;;;;;;;;;;;;;
EVTOPTA203777;I have to admit that their slogans are appealing.;;;;;;;;;;;;;
EVTOPTA203805;FOR DENMARK!;;;;;;;;;;;;;
EVTOPTA66689;Turn Lucky Nations On.;;;;;;;;;;;;;
EVTOPTA188112;Let the landing commence!;;;;;;;;;;;;;
EVTOPTA188113;We will crush the Circassians!;;;;;;;;;;;;;
EVTOPTA188114;Let the Circassians know who is boss.;;;;;;;;;;;;;
EVTOPTA188115;Let us fight back!;;;;;;;;;;;;;
EVTOPTA188116;They will pay for this!;;;;;;;;;;;;;
EVTOPTA188117;An unfortunate event, to be sure.;;;;;;;;;;;;;
EVTOPTA188118;They will pay in time.;;;;;;;;;;;;;
EVTOPTA188119;This has gone on too long. Send in the troops!;;;;;;;;;;;;;
EVTOPTA188120;We will not stand this insolence!;;;;;;;;;;;;;
EVTOPTA188121;A great day for Russians everywhere!;;;;;;;;;;;;;
EVTOPTA188122;We have fought for a hundred years. Let them suffer.;;;;;;;;;;;;;
EVTOPTA188123;Let him live free, but keep an eye on him.;;;;;;;;;;;;;
EVTOPTA188124;Victory is ours!;;;;;;;;;;;;;
EVTOPTA187000;\n\nLet them charge against Dixie steel!;;;;;;;;;;;;;
EVTOPTA189000;Liberty has been stolen from our country.;;;;;;;;;;;;;
EVTOPTA188100;We are not faced with the lesser of two weevils, that is for sure.;;;;;;;;;;;;;
EVTOPTA187750;No man could have prepared for this disaster.;;;;;;;;;;;;;
EVTOPTA187770;We should have prepared better for this! What happened to those levees?;;;;;;;;;;;;;
EVTOPTA187774;...the levees weren't strong enough.;;;;;;;;;;;;;
EVTOPTA187778;I don't think we could have done anything to stop this.;;;;;;;;;;;;;
EVTOPTA187760;What kind of twisted madman would do this?;;;;;;;;;;;;;
EVTOPTA187740;This man helped make our nation, and he will be missed.;;;;;;;;;;;;;
EVTOPTA187730;We cannot afford to have soldiers put down these riots. Let them end themselves.;;;;;;;;;;;;;
EVTOPTA187720;Force the dam owners to pay reparations to any survivors.;;;;;;;;;;;;;
EVTOPTA187710;How could such horror occur in our country?;;;;;;;;;;;;;
EVTOPTA187700;Let all Americans celebrate our nation's centennial!;;;;;;;;;;;;;
EVTOPTA187690;These clubs will help the sorry state of our army, and win us prestige.;;;;;;;;;;;;;
EVTOPTA187680;Treat all our own people like family.;;;;;;;;;;;;;
EVTOPTA187670;Let the good times roll!;;;;;;;;;;;;;
EVTOPTA187665;Long live the jewel of the South!;;;;;;;;;;;;;
EVTOPTA187650;Nothing important will come out of this new music.;;;;;;;;;;;;;
EVTOPTA187640;What kind of backwards noise is this?;;;;;;;;;;;;;
EVTOPTA187630;I reckon this just came right on time.;;;;;;;;;;;;;
EVTOPTA187620;There's a sucker born every minute.;;;;;;;;;;;;;
EVTOPTA187610;Raise me up, Elisha!;;;;;;;;;;;;;
EVTOPTA187100;Finally, we can assimilate them into the Confederate nation.;;;;;;;;;;;;;
EVTOPTA186500;Slavery is no more, for the good of our nation! §GLose 4 infamy§W;;;;;;;;;;;;;
EVTOPTA186000;We've moved past our old barbaric ways once and for all. §GLose 1 infamy§W;;;;;;;;;;;;;
EVTOPTA185000;This is an outrage!;;;;;;;;;;;;;
EVTOPTA44304;We mourn his death.;;;;;;;;;;;;;
EVTOPTA44307;Pro Pelle Cutem. Skin for Leather.;;;;;;;;;;;;;
EVTOPTA443071;We should increase our presence in this area.;;;;;;;;;;;;;
EVTOPTA44308;All that a man has he will give for beaver pelts...;;;;;;;;;;;;;
EVTOPTA443081;Our nation is the luckier for having him.;;;;;;;;;;;;;
EVTOPTA90951;Until next time.;;;;;;;;;;;;;
EVTOPTA232000000;Name it after our ruler.;;;;;;;;;;;;;
EVTOPTA200001;Dô jehürt ne Schpitz drop! (Aye);;;;;;;;;;;;;
EVTOPTA200002;Go ahead.;;;;;;;;;;;;;
EVTOPTA200003;Beautiful!;;;;;;;;;;;;;
EVTOPTA200005;Heil dir im Siegerkranz sounds good.;;;;;;;;;;;;;
EVTOPTA188128;Interesting idea.;;;;;;;;;;;;;
EVTOPTA188132;Worrying news.;;;;;;;;;;;;;
EVTOPTA188133;Worrying news.;;;;;;;;;;;;;
EVTOPTA188134;Worrying news.;;;;;;;;;;;;;
EVTOPTA188135;They will regret this!;;;;;;;;;;;;;
EVTOPTA188136;Glory for Poland!;;;;;;;;;;;;;
EVTOPTA188137;This is our chance to restore order in Hungary!;;;;;;;;;;;;;
EVTOPTA188138;Never! To arms!;;;;;;;;;;;;;
EVTOPTA188139;We will restore order!;;;;;;;;;;;;;
EVTOPTA188140;Well done!;;;;;;;;;;;;;
EVTOPTA188141;Come to arms! We are going to win!;;;;;;;;;;;;;
EVTOPTA188142;We need their help?;;;;;;;;;;;;;
EVTOPTA188143;Punish them.;;;;;;;;;;;;;
EVTOPTA188145;Agree to help. §RGain 1 infamy§W;;;;;;;;;;;;;
EVTOPTA131509;A testament to the achievements of the Czech nation!;;;;;;;;;;;;;
EVTOPTA131510;Sanction this split.;;;;;;;;;;;;;
EVTOPTA131511;An independent state for the Jews' Madness!;;;;;;;;;;;;;
EVTOPTA131512;Loyalty to Vienna!;;;;;;;;;;;;;
EVTOPTA146304;Ordem e Progresso!;;;;;;;;;;;;;
EVTOPTA146500;Raise the Fort.;;;;;;;;;;;;;
EVTOPTA188125;Deus Vult!;;;;;;;;;;;;;
EVTOPTA188127;Deus Vult!;;;;;;;;;;;;;
EVTOPTA188126;They will pay for this!;;;;;;;;;;;;;
EVTOPTA555080;Let the world tremble!;;;;;;;;;;;;;
EVTOPTA46625;Long live Emperor Francisco Solano López I!;;;;;;;;;;;;;
EVTOPTA11380024;Ignore them, I know what's best for the country.;;;;;;;;;;;;;
EVTOPTA199073;Tea shouldn't be a monopoly.;;;;;;;;;;;;;
EVTOPTA23401;Yes, it is an excellent opportunity to show our nation's progress. §R(Pay or owe 10,000¤)§W;;;;;;;;;;;;;
EVTOPTA23400;An excellent idea! We accept. §R(Pay or owe 10,000¤)§W;;;;;;;;;;;;;
EVTOPTA11002;...drum up support for war.;;;;;;;;;;;;;
EVTOPTA11001;...liberal nobles.;;;;;;;;;;;;;
EVTOPTA30000;An excellent idea! We accept. §R(Pay or owe 10,000¤)§W;;;;;;;;;;;;;
EVTOPTA961000;These are our rightful lands.;;;;;;;;;;;;;
EVTOPTA14540;The idea is certainly interesting, but it might be expensive. §R(Pay or owe 50,000¤)§W;;;;;;;;;;;;;
EVTOPTA2571;Worrying news.;;;;;;;;;;;;;
EVTOPTA96096;Let $FROMCOUNTRY$ welcome $COUNTRY_ADJ$ rule.;;;;;;;;;;;;;
EVTOPTA12070;Sell it.;;;;;;;;;;;;;
EVTOPTA12170;They shall not have died in vain!;;;;;;;;;;;;;
EVTOPTA21528;We truly are blessed.;;;;;;;;;;;;;
EVTOPTA96098;Vultures!;;;;;;;;;;;;;
EVTOPTA96099;If they want war, they will have war. §RGain 1 infamy§W;;;;;;;;;;;;;
EVTOPTA96097;We have no choice but to submit.;;;;;;;;;;;;;
EVTOPTA11000;Terrible news.;;;;;;;;;;;;;
EVTOPTA199039;The companies know best what to do.;;;;;;;;;;;;;
EVTOPTA60142;Proportional Representation it is.;;;;;;;;;;;;;
EVTOPTA199038;The companies know best what to do.;;;;;;;;;;;;;
EVTOPTA199037;We have a bright future ahead of us.;;;;;;;;;;;;;
EVTOPTA1141;The beginning of the "black gold".;;;;;;;;;;;;;
EVTOPTA199035;This will surely bring us prosperity.;;;;;;;;;;;;;
EVTOPTA46306;Damn liberals.;;;;;;;;;;;;;
EVTOPTA46305;How tragic.;;;;;;;;;;;;;
EVTOPTA22584;Foreign trade should be free.;;;;;;;;;;;;;
EVTOPTA22581;We need to protect the $COUNTRY_ADJ$ economy.;;;;;;;;;;;;;
EVTOPTA810008;Good.;;;;;;;;;;;;;
EVTOPTA810003;We will gladly contribute to fairer commerce. §GLose 2 infamy§W;;;;;;;;;;;;;
EVTOPTA810004;We shall pay our third and nothing more. §R(Pay or owe 100,000¤)§W;;;;;;;;;;;;;
EVTOPTA810005;We will gladly contribute to free trade. §R(Pay or owe 100,000¤)§W;;;;;;;;;;;;;
EVTOPTA810006;We will pay what they owe. §R(Pay or owe 100,000¤)§W;;;;;;;;;;;;;
EVTOPTA810007;They will pay for crossing us.;;;;;;;;;;;;;
EVTOPTA9990016;Let the Company prosper.;;;;;;;;;;;;;
EVTOPTA46800;At last the mystery is solved.;;;;;;;;;;;;;
EVTOPTA21524;We pray that Kashima favor us.;;;;;;;;;;;;;
EVTOPTA60141;The workers have prevailed.;;;;;;;;;;;;;
EVTOPTA160000;Let's see where this is going.;;;;;;;;;;;;;
EVTOPTA19040;Go for it!;;;;;;;;;;;;;
EVTOPTA19041;Excellent!;;;;;;;;;;;;;
EVTOPTA19042;Bah!;;;;;;;;;;;;;
EVTOPTA36914;Hurrah!;;;;;;;;;;;;;
EVTOPTA110062;We gladly accept.;;;;;;;;;;;;;
EVTOPTA16459;They are on their own.;;;;;;;;;;;;;
EVTOPTA16190;Grim news.;;;;;;;;;;;;;
EVTOPTA16200;A black day, but at least Free-Staters won.;;;;;;;;;;;;;
EVTOPTA16180;Let them settle.;;;;;;;;;;;;;
EVTOPTA16150;We have more important concerns.;;;;;;;;;;;;;
EVTOPTA16140;Leave it be.;;;;;;;;;;;;;
EVTOPTA16120;Nay!;;;;;;;;;;;;;
EVTOPTA16130;The law is the law.;;;;;;;;;;;;;
EVTOPTA16100;Leave them be.;;;;;;;;;;;;;
EVTOPTA16090;Leave them be.;;;;;;;;;;;;;
EVTOPTA16070;All men were created equal...;;;;;;;;;;;;;
EVTOPTA16030;To our knights!;;;;;;;;;;;;;
EVTOPTA315004;Dr. Livingstone, I presume?;;;;;;;;;;;;;
EVTOPTA60150;Get back in the kitchen!;Retournez à la cuisine !;Zurück an den Herd!;;;;;;;;;x ;
EVTOPTA90950;$COUNTRY_ADJ$ investments need to be protected.;;;;;;;;;;;;;
EVTOPTA70002;OK;Ils vont voir qui nous sommes;OK;;Aceptar;;;;;;;;x
EVTOPTA70003;We are ready to move from the conference to the battlefield table.;;;;;;;;;;;;;
EVTOPTA70004;$FROMCOUNTRY$ better pay their debts from now on.;;;;;;;;;;;;;
EVTOPTA90959;The die is cast.;;;;;;;;;;;;;
EVTOPTA15250;Suppress the $PROVINCECULTURE$ rite.;;;;;;;;;;;;;
EVTOPTA15040;Control the intellectuals through legislative means.;;;;;;;;;;;;;
EVTOPTA81002218;We will abide. §GLose 1 infamy§W;;;;;;;;;;;;;
EVTOPTA81002217;A waste of diplomatic effort.;;;;;;;;;;;;;
EVTOPTA81002216;The Sultan shall reign once more.;;;;;;;;;;;;;
EVTOPTA81002215;We agree to the proposal.;;;;;;;;;;;;;
EVTOPTA14670;$COUNTRY$ apologizes for nothing. §RGain 3 infamy§W;;;;;;;;;;;;;
EVTOPTA37707;Confiscate because we need cash.;;;;;;;;;;;;;
EVTOPTA19356;Gentlemen, all I ask for is war, a war so grand as to make Hell itself tremble;;;;;;;;;;;;;x
EVTOPTA315003;Hail Scotland!;;;;;;;;;;;;;
EVTOPTA1305;We should work harder to make amends with our African diaspora.;;;;;;;;;;;;;
EVTOPTA1306;Our first priority should be unifying North and South culturally.;;;;;;;;;;;;;
EVTOPTA1307;We should embrace the North and South's regional differences.;;;;;;;;;;;;;
EVTOPTA23466;That's disappointing.;;;;;;;;;;;;;
EVTOPTA315002;We will punish them.;;;;;;;;;;;;;
EVTOPTA16458;We accept the proposal.;;;;;;;;;;;;;
EVTOPTA36226;Fools!;;;;;;;;;;;;;
EVTOPTA36225;It's a deal.;;;;;;;;;;;;;
EVTOPTA36627;The island will be ours one way or the other. §RGain 1 infamy§W;;;;;;;;;;;;;
EVTOPTA36625;Self-determination must be upheld.;;;;;;;;;;;;;
EVTOPTA36624;We accept it. §R(Pay or owe 50,000¤)§W;;;;;;;;;;;;;
EVTOPTA36623;Hold the referendum.;;;;;;;;;;;;;
EVTOPTA110023;Long live!;;;;;;;;;;;;;
EVTOPTA120013;Ok.;;;;;;;;;;;;;
EVTOPTA36224;We will buy it. §R(Pay or owe 20,000¤)§W;;;;;;;;;;;;;
EVTOPTA16457;What a waste of time.;;;;;;;;;;;;;
EVTOPTA16456;We will have what we want - by force if need be. §RGain 10 infamy§W;;;;;;;;;;;;;
EVTOPTA16455;Great, we agree to this deal. §R(Pay or owe 50,000¤)§W;;;;;;;;;;;;;
EVTOPTA16454;Great! The deal is done. §R(Pay or owe 100,000¤)§W;;;;;;;;;;;;;
EVTOPTA16453;For a big enough price, we can sell everything they want.;;;;;;;;;;;;;
EVTOPTA315001;Let's hope they find more gold.;;;;;;;;;;;;;
EVTOPTA113901;We are going to need a big box.;;;;;;;;;;;;;
EVTOPTA34616;We will side with Switzerland, their neutrality must be protected.;;;;;;;;;;;;;
EVTOPTA34615;Cut diplomatic relations with Switzerland and begin preparations for war. §RGain 25 infamy§W;;;;;;;;;;;;;
EVTOPTA34614;We didn't need them anyway.;;;;;;;;;;;;;
EVTOPTA34613;The $COUNTRY_ADJ$ king is the rightful ruler of Neuchatel.;;;;;;;;;;;;;
EVTOPTA90958;More food to the people.;;;;;;;;;;;;;
EVTOPTA90957;Good.;;;;;;;;;;;;;
EVTOPTA31500001;The Union will continue with Latvian rule.;;;;;;;;;;;;;
EVTOPTA90956;More people, more trade, more profit.;;;;;;;;;;;;;
EVTOPTA90954;Excellent.;;;;;;;;;;;;;
EVTOPTA90955;We didn't need them anyway.;;;;;;;;;;;;;
EVTOPTA90953;Irrelevant.;;;;;;;;;;;;;
EVTOPTA96173;Damn these traitors!;;;;;;;;;;;;;
EVTOPTA441268;Give in to their demands.;;;;;;;;;;;;;
EVTOPTA441267;No one shall have land for free anymore.;;;;;;;;;;;;;
EVTOPTA96172;Avanti Italia!;;;;;;;;;;;;;
EVTOPTA50003;May the city forever flourish.;;;;;;;;;;;;;
EVTOPTA232000003;Oh well.;;;;;;;;;;;;;
EVTOPTA441277;Great!;;;;;;;;;;;;;
EVTOPTA441266;We recognize Liberia's independence.;;;;;;;;;;;;;
EVTOPTA441255;Motion carries.;;;;;;;;;;;;;
EVTOPTA34612;We welcome these changes.;;;;;;;;;;;;;
EVTOPTA96171;Good News!;;;;;;;;;;;;;
EVTOPTA16452;Let this dark business end here.;;;;;;;;;;;;;
EVTOPTA19355;God help us all;Dieu vienne en aide à nous tous;Gott, hilf uns allen;;;;;;;;;;;x
EVTOPTA4433;...religious minorities, the cause of all $COUNTRY_ADJ$ problems.;;;;;;;;;;;;;
EVTOPTA4434;Set them up in our colonies.;;;;;;;;;;;;;
EVTOPTA4432;We better rename it then.;;;;;;;;;;;;;
EVTOPTA44124;Good idea!;;;;;;;;;;;;;
EVTOPTA4431;Make them work like never before!;;;;;;;;;;;;;
EVTOPTA44123;And now Oregon is firmly in our hands.;;;;;;;;;;;;;
EVTOPTA34610;A national tragedy.;;;;;;;;;;;;;
EVTOPTA34611;Send all the help we can.;;;;;;;;;;;;;
EVTOPTA14005;Follow the elections.;;;;;;;;;;;;;
EVTOPTA4420;We need to build more support for a war.;;;;;;;;;;;;;
EVTOPTA44120;Wickedness must be stamped out.;;;;;;;;;;;;;
EVTOPTA46611;Long live the Republic!;;;;;;;;;;;;;
EVTOPTA49501;A royal marriage cannot hurt, I suppose.;;;;;;;;;;;;;
EVTOPTA49502;Oh well, I guess that's over then.;;;;;;;;;;;;;
EVTOPTA49503;A customs union cannot hurt, I suppose.;;;;;;;;;;;;;
EVTOPTA49504;It seems like a logical argument.;;;;;;;;;;;;;
EVTOPTA32521;May our empires prosper together!;;;;;;;;;;;;;
EVTOPTA38500;Zanzibar here we come!;;;;;;;;;;;;;
EVTOPTA19301;Who needs immigrants anyway?;;;;;;;;;;;;;
EVTOPTA999000;Our trade must be protected from destructive foreign competition!;;;;;;;;;;;;;
EVTOPTA999001;Decisive arguments for Laissez Faire.;;;;;;;;;;;;;
EVTOPTA999002;There are no Gods!;;;;;;;;;;;;;
EVTOPTA999003;Give them residency.;;;;;;;;;;;;;
EVTOPTA999004;We are patriots and we are going to fight for our country!;;;;;;;;;;;;;
EVTOPTA999010;Support the Conservative parties!;;;;;;;;;;;;;
EVTOPTA999020;There shall be peace and quite in our time.;;;;;;;;;;;;;
EVTOPTA999021;Outrageous!;;;;;;;;;;;;;
EVTOPTA999022;Send in the army. Order must be restored.;;;;;;;;;;;;;
EVTOPTA999030;We will have an eye on this.;;;;;;;;;;;;;
EVTOPTA999031;We will have an eye on this.;;;;;;;;;;;;;
EVTOPTA999032;We will have an eye on this.;;;;;;;;;;;;;
EVTOPTA999040;They are right - support their reform.;;;;;;;;;;;;;
EVTOPTA999041;Sounds like a good idea, I guess.;;;;;;;;;;;;;
EVTOPTA999042;Better late then never.;;;;;;;;;;;;;
EVTOPTA999043;A rightful initiative.;;;;;;;;;;;;;
EVTOPTA999044;This has to stop!;;;;;;;;;;;;;
EVTOPTA999045;You are right, we have to do something.;;;;;;;;;;;;;
EVTOPTA999046;I guess some privacy would be in order.;;;;;;;;;;;;;
EVTOPTA999049;The liberals are right!;;;;;;;;;;;;;
EVTOPTA999050;Communism is our only hope!;;;;;;;;;;;;;
EVTOPTA1000;Workers of the world, Unite!;;;;;;;;;;;;;
EVTOPTA1001;Let the ruling classes tremble at the Communist revolution.;;;;;;;;;;;;;
EVTOPTA1002;Okay.;;;;;;;;;;;;;
EVTOPTA1003;Strength through Unity!;;;;;;;;;;;;;
EVTOPTA123456;Crush the Bolshevik scum and bring order to Russia! §BPlay the Whites§!;;;;;;;;;;;;;
EVTOPTA97101;Glory to $COUNTRY$!;;;;;;;;;;;;;
EVTOPTA97102;Tragic!;;;;;;;;;;;;;
EVTOPTA97103;Excellent!;;;;;;;;;;;;;
EVTOPTA640000;Hej, Slaveni!;;;;;;;;;;;;;
EVTOPTA640001;Welcome brothers!;;;;;;;;;;;;;
EVTOPTA35405;God Willing!;;;;;;;;;;;;;
EVTOPTA35406;Domestic Decrees;;;;;;;;;;;;;
EVTOPTA35407;Bull Reaffirming Papal Supremacy;;;;;;;;;;;;;
EVTOPTA35408;Expand Catholic Schooling internationally;;;;;;;;;;;;;
EVTOPTA35409;A wonderful proposal!;;;;;;;;;;;;;
EVTOPTA35410;Deus Vult?;;;;;;;;;;;;;
EVTOPTA35411;The shephard shall lead, and the sheep shall follow.!;;;;;;;;;;;;;
EVTOPTA34608;Those poor children!;;;;;;;;;;;;;
EVTOPTA3700;We should consider legislation to end this.;;;;;;;;;;;;;
EVTOPTA370000002;We should consider legislation to change this.;;;;;;;;;;;;;
EVTOPTA13000;We will allow the westerners into $COUNTRY$, so long as they cause no trouble.;;;;;;;;;;;;;
EVTOPTA13010;Send them home.;Les laisser rentrer chez eux.;Lasst sie heimkehren.;;Dejadles regresar a casa.;;;;;;;;;
EVTOPTA96000;We shall be victorious!;Nous serons victorieux!;Wir sind siegreich!;;;;;;;;;;;
EVTOPTA96004;We will win this war!;Nous gagnerons la guerre!;Wir gewinnen den Krieg!;;;;;;;;;;;
EVTOPTA96005;Do not lose hope!;Ne perdez pas l'espoir!;Verlieren Sie nicht Hoffnung!;;;;;;;;;;;
EVTOPTA96006;Disaster!;Désastre!;Unfall!;;;;;;;;;;;
EVTOPTA96010;We welcome peace;La paix est bienvenue;Frieden ist willkommen;;;;;;;;;;;
EVTOPTA96013;We will attend the talks;Nous joindrons les entretiens;Wir gehen zu den Gesprächen;;;;;;;;;;;
EVTOPTA96014;We simply wish our lands back;Nous voulons nos terres;Wir wünschen unsere Länder;;;;;;;;;;;
EVTOPTA96015;$COUNTRY$ shall be free;$COUNTRY$ sera libre;$COUNTRY$ ist frei;;;;;;;;;;;
EVTOPTA96016;We will take what we can. §RGain 2 infamy§W;Nous voulons autant que possible;Wir wünschen so viel wie möglich;;;;;;;;;;;
EVTOPTA96020;Long live $COUNTRY$!;Vive $COUNTRY$!;Lieben lang $COUNTRY$!;;;;;;;;;;;
EVTOPTA96025;Do it;Oui;Ja;;;;;;;;;;;
EVTOPTA96030;We will ally with $FROMCOUNTRY$;Nous convenons;Wir stimmen zu;;;;;;;;;;;
EVTOPTA96031;Great;Excellent;Ausgezeichnet;;;;;;;;;;;
EVTOPTA96065;We must defend $COUNTRY_ADJ$ interests, no matter the cost.;;;;;;;;;;;;;
EVTOPTA96070;Time to carve up our empire.;Nous n'avons aucun choix.;Wir haben keine Wahl.;;;;;;;;;;;
EVTOPTA96071;We will accept control over the colony.;Nous acceptons.;Wir nehmen an.;;;;;;;;;;;
EVTOPTA96085;We welcome the new regime.;Nous faisons bon accueil au nouveau régime.;Wir begrüßen das neue Regime.;;;;;;;;;;;
EVTOPTA96130;Just let them try it!;Laissez-les Venir!;Lassen Sie Kommen!;;;;;;;;;;;
EVTOPTA96131;Thanks for the vote of confidence.;Merci pour le vote de confiance.;Dank für die Vertrauensabstimmung.;;;;;;;;;;;
EVTOPTA96136;Never!;Nous refusons!;Wir lehnen ab!;;;;;;;;;;;
EVTOPTA96141;We shall see about that.;Je doute de lui.;Ich bezweifele es.;;;;;;;;;;;
EVTOPTA96150;Excellent! §RReset to 24.99 infamy§W;Excellent!;Ausgezeichnet!;;;;;;;;;;;EVTOPTA20010;It shall not amount to much.;;;;;;;;;;;;;
EVTOPTA20001;Let it be.;;;;;;;;;;;;;
EVTOPTA20002;Concede to their demands.;;;;;;;;;;;;;
EVTOPTA20003;Chasing them will only rouse more anger.;;;;;;;;;;;;;
EVTOPTA20004;Excellent work.;;;;;;;;;;;;;
EVTOPTA20005;Find those bastards!;;;;;;;;;;;;;
EVTOPTA20006;What happens now?;;;;;;;;;;;;;
EVTOPTA20007;Long live a free $COUNTRY$!;;;;;;;;;;;;;
EVTOPTA20008;All shall be right in $COUNTRY$ once more.;;;;;;;;;;;;;
EVTOPTA20009;Oh joy!;;;;;;;;;;;;;
EVTOPTA140001;He can't preach from the grave.;;;;;;;;;;;;;
EVTOPTA140101;Force him into early retirement;;;;;;;;;;;;;
EVTOPTA140201;There is no need for a second trial.;;;;;;;;;;;;;
EVTOPTA140301;We cannot allow this to continue.;;;;;;;;;;;;;
EVTOPTA140401;The government has no role to play here.;;;;;;;;;;;;;
EVTOPTA140501;His private affairs are none of our business.;;;;;;;;;;;;;
EVTOPTA140601;His next shift will be his last.;;;;;;;;;;;;;
EVTOPTA140701;If the church will not provide justice, the state gallows will.;;;;;;;;;;;;;
EVTOPTA140801;Corpses make excellent foundations.;;;;;;;;;;;;;
EVTOPTA140901;Smash the reliefs into little bits.;;;;;;;;;;;;;
EVTOPTA141001;Let the bigotry flow high and wide.;;;;;;;;;;;;;
EVTOPTA141101;These people are humans and they deserve rights.;;;;;;;;;;;;;
EVTOPTA141201;Framing an arson attack on minorities? Brilliant.;;;;;;;;;;;;;
EVTOPTA141301;Launch the counter-campaign.;;;;;;;;;;;;;
EVTOPTA141401;Launch the counter campaign.;;;;;;;;;;;;;
EVTOPTA666900;Truly, 'tis.;;;;;;;;;;;;;
EVTOPTA666901;Truly, 'tis.;;;;;;;;;;;;;
EVTOPTA666902;Truly, 'tis.;;;;;;;;;;;;;
EVTOPTA666910;Brilliant!;;;;;;;;;;;;;
EVTOPTA666911;Brilliant!;;;;;;;;;;;;;
EVTOPTA666912;Brilliant!;;;;;;;;;;;;;
EVTOPTA666920;Kaboom!;;;;;;;;;;;;;
EVTOPTA666921;Kaboom!;;;;;;;;;;;;;
EVTOPTA666922;Kaboom!;;;;;;;;;;;;;
EVTOPTA666930;Excellent!;;;;;;;;;;;;;
EVTOPTA666931;Excellent!;;;;;;;;;;;;;
EVTOPTA666932;Excellent!;;;;;;;;;;;;;
EVTOPTA666940;Let us not dig too deep and greedily, though.;;;;;;;;;;;;;
EVTOPTA666941;Let us not dig too deep and greedily, though.;;;;;;;;;;;;;
EVTOPTA666942;Let us not dig too deep and greedily, though.;;;;;;;;;;;;;
EVTOPTA666950;Excellent;;;;;;;;;;;;;
EVTOPTA666951;Excellent;;;;;;;;;;;;;
EVTOPTA666952;Excellent;;;;;;;;;;;;;
EVTOPTA666960;Excellent;;;;;;;;;;;;;
EVTOPTA666961;Excellent;;;;;;;;;;;;;
EVTOPTA666962;Excellent;;;;;;;;;;;;;
EVTOPTA666970;Excellent;;;;;;;;;;;;;
EVTOPTA666971;Excellent;;;;;;;;;;;;;
EVTOPTA666972;Excellent;;;;;;;;;;;;;
EVTOPTA666980;Excellent;;;;;;;;;;;;;
EVTOPTA666981;Excellent;;;;;;;;;;;;;
EVTOPTA666982;Excellent;;;;;;;;;;;;;
EVTOPTA666990;Excellent;;;;;;;;;;;;;
EVTOPTA666991;Excellent;;;;;;;;;;;;;
EVTOPTA666992;Excellent;;;;;;;;;;;;;
EVTOPTA667000;Excellent;;;;;;;;;;;;;
EVTOPTA667001;Excellent;;;;;;;;;;;;;
EVTOPTA667002;Excellent;;;;;;;;;;;;;
EVTOPTA555000;We will have an eye on him;;;;;;;;;;;;;
EVTOPTA555001;We will have an eye on him;;;;;;;;;;;;;
EVTOPTA555002;We will have an eye on him;;;;;;;;;;;;;
EVTOPTA555003;We will have an eye on him;;;;;;;;;;;;;
EVTOPTA555004;We will have an eye on him;;;;;;;;;;;;;
EVTOPTA555005;We will have an eye on him;;;;;;;;;;;;;
EVTOPTA555006;We will have an eye on him;;;;;;;;;;;;;
EVTOPTA555007;We will have an eye on him;;;;;;;;;;;;;
EVTOPTA555008;We will have an eye on him;;;;;;;;;;;;;
EVTOPTA555010;What will become of this?;;;;;;;;;;;;;
EVTOPTA555011;What will become of this?;;;;;;;;;;;;;
EVTOPTA555012;What will become of this?;;;;;;;;;;;;;
EVTOPTA555013;What will become of this?;;;;;;;;;;;;;
EVTOPTA555014;What will become of this?;;;;;;;;;;;;;
EVTOPTA555015;What will become of this?;;;;;;;;;;;;;
EVTOPTA555016;May god have mercy on us!;;;;;;;;;;;;;
EVTOPTA555017;What will become of this?;;;;;;;;;;;;;
EVTOPTA555018;What will become of this?;;;;;;;;;;;;;
EVTOPTA555020;Rest in peace;;;;;;;;;;;;;
EVTOPTA555021;A tragedy!;;;;;;;;;;;;;
EVTOPTA555022;Use the evidence to get rid of him;;;;;;;;;;;;;
EVTOPTA555023;We wish him all the best;;;;;;;;;;;;;
EVTOPTA555024;Alas, poor soul! I knew him...;;;;;;;;;;;;;
EVTOPTA555025;A tragedy!;;;;;;;;;;;;;
EVTOPTA555026;Use the evidence to get rid of him;;;;;;;;;;;;;
EVTOPTA555027;We wish him all the best;;;;;;;;;;;;;
EVTOPTA555030;Tough times for the conservatives;;;;;;;;;;;;;
EVTOPTA555031;Tough times for the liberals;;;;;;;;;;;;;
EVTOPTA555032;Tough times for the reactionaries;;;;;;;;;;;;;
EVTOPTA555033;Tough times for the radicals;;;;;;;;;;;;;
EVTOPTA555034;Tough times for the socialists;;;;;;;;;;;;;
EVTOPTA555035;Tough times for the communists;;;;;;;;;;;;;
EVTOPTA555036;Tough times for the fascists;;;;;;;;;;;;;
EVTOPTA555037;Tough times for the social liberals;;;;;;;;;;;;;
EVTOPTA555038;Cry me a river;;;;;;;;;;;;;
EVTOPTA555040;This does not bode well for them...;;;;;;;;;;;;;
EVTOPTA555041;This does not bode well for them...;;;;;;;;;;;;;
EVTOPTA555042;This does not bode well for them...;;;;;;;;;;;;;
EVTOPTA555043;This does not bode well for them...;;;;;;;;;;;;;
EVTOPTA555044;This does not bode well for them...;;;;;;;;;;;;;
EVTOPTA555045;This does not bode well for them...;;;;;;;;;;;;;
EVTOPTA555046;This does not bode well for them...;;;;;;;;;;;;;
EVTOPTA555047;This does not bode well for them...;;;;;;;;;;;;;
EVTOPTA555048;This does not bode well for them...;;;;;;;;;;;;;
EVTOPTA555050;I wonder how long that will last?;;;;;;;;;;;;;
EVTOPTA555051;I wonder how long that will last?;;;;;;;;;;;;;
EVTOPTA555052;I wonder how long that will last?;;;;;;;;;;;;;
EVTOPTA555053;I wonder how long that will last?;;;;;;;;;;;;;
EVTOPTA555054;I wonder how long that will last?;;;;;;;;;;;;;
EVTOPTA555055;I wonder how long that will last?;;;;;;;;;;;;;
EVTOPTA555056;I wonder how long that will last?;;;;;;;;;;;;;
EVTOPTA555057;I wonder how long that will last?;;;;;;;;;;;;;
EVTOPTA555058;I wonder how long that will last?;;;;;;;;;;;;;
EVTOPTA555059;I wonder how long that will last?;;;;;;;;;;;;;
EVTOPTA555060;About time;;;;;;;;;;;;;
EVTOPTA555061;It will take its place amongst the legends of the past;;;;;;;;;;;;;
EVTOPTA555062;Actually longer than I expected;;;;;;;;;;;;;
EVTOPTA555070;Show me the money!;;;;;;;;;;;;;
EVTOPTA555071;Show me the money!;;;;;;;;;;;;;
EVTOPTA555072;Show me the money!;;;;;;;;;;;;;
EVTOPTA555073;Show me the money!;;;;;;;;;;;;;
EVTOPTA555074;Show me the money!;;;;;;;;;;;;;
EVTOPTA555075;Silence! I kill you!;;;;;;;;;;;;;
EVTOPTA555076;We will keep an eye on them;;;;;;;;;;;;;
EVTOPTA555077;We will keep an eye on them;;;;;;;;;;;;;
EVTOPTA555078;The tide has turned;;;;;;;;;;;;;
EVTOPTA555079;The tide has turned;;;;;;;;;;;;;
EVTOPTA555081;Let the world tremble!;;;;;;;;;;;;;
EVTOPTA555082;Let the world tremble!;;;;;;;;;;;;;
EVTOPTA555083;Let the world tremble!;;;;;;;;;;;;;
EVTOPTA555084;Aid the AI with pop promotion and tax income (Recommended);;;;;;;;;;;;;
EVTOPTA555090;With pleasure;;;;;;;;;;;;;
EVTOPTA555092;But they said the sun would never set on my empire?;;;;;;;;;;;;;
EVTOPTA555100;We will have to keep an eye on this;;;;;;;;;;;;;
EVTOPTA555102;Give the people what they want!;;;;;;;;;;;;;
EVTOPTA1234121;Allow Alaska to join Canada;;;;;;;;;;;;;
EVTOPTA1234122;Allow Washington to join Canada;;;;;;;;;;;;;
EVTOPTA1234123;Allow Oregon to join Canada;;;;;;;;;;;;;
EVTOPTA1234124;Allow Idaho to join Canada;;;;;;;;;;;;;
EVTOPTA1234125;Allow New England to join Canada;;;;;;;;;;;;;
EVTOPTA1234126;Allow Montana to join Canada;;;;;;;;;;;;;
EVTOPTA1234127;Ok;;;;;;;;;;;;;
EVTOPTA123412346;Italians can read!;;;;;;;;;;;;;
EVTOPTA123412347;Hungarians can read!;;;;;;;;;;;;;
EVTOPTA123412348;Vive l'Alsatians?;;;;;;;;;;;;;
EVTOPTA123412349;Irish can read!;;;;;;;;;;;;;
EVTOPTA37227;Annoying!;;;;;;;;;;;;;
EVTOPTA21530;We are losing the Mandate!;;;;;;;;;;;;;
EVTOPTA21540;A Disaster!;;;;;;;;;;;;;
EVTOPTA21550;A Disaster!;;;;;;;;;;;;;
EVTOPTA95255;We will answer the call!;;;;;;;;;;;;;
EVTOPTA97125;Accept the offer.;;;;;;;;;;;;;
EVTOPTA999997;A better RGO for our nation.;;;;;;;;;;;;;
EVTOPTA50000;If this is how it is, I will retire. I worked too much and I'm tired. Now I'll rest.;;;;;;;;;;;;;
EVTOPTA23212;Thank God we live in such enlightened times;Dieu merci, nous vivons une période des plus éclairées.;Gott sei Dank leben wir in solch aufgeklärten Zeiten!;;Demos gracias a Dios por vivir en estos tiempos de iluminación;;;;;;;;x  ;
EVTOPTA60140;Otherwise people would exploit the situation;Sinon, les gens exploiteraient la situation.;Ansonsten würde das Volk die Situation ausnutzen.;;De lo contrario, alguien podría tratar de aprovecharse de la situación.;;;;;;;;x  ;
EVTOPTA80000;We have no choice, sign their treaty.;Nous n’avons pas d’autre choix que de signer le traité.;Wir haben keine Wahl. Vertrag unterzeichnen!;;No tenemos alternativa, firmad el tratado.;;;;;;;;;
EVTOPTA80001;Where once the Russian flag is raised, it must not be lowered!;Là où a été hissé le drapeau russe, il ne peut être amené !;Wo einmal die russische Flagge gehisst wurde, darf sie nicht mehr verschwinden!;;¡Allí donde se ha izado la bandera de Rusia, ya nunca vuelve a arriarse!;;;;;;;;;
EVTOPTA4430;Insanity laughs under pressure we're cracking.;Rires déments sous la pression. Nous craquons.;Der Wahnsinn nimmt seinen Lauf - aber wir geben dem Druck nach.;;Solo los locos se ríen bajo presión. El sistema se desmorona.;;;;;;;;;
EVTOPTA13357;Noooo!;Nooon !;Neiiin!;;¡Noooo!;;;;;;;;;
EVTOPTA13358;Excellent!;Excellent !;Hervorragend!;;¡Excelente!;;;;;;;;;
EVTOPTA23300;This nefarious threat to the peace on the high seas must end!;Cette terrible menace contre la paix des mers doit cesser !;Diese schändliche Bedrohung des Friedens auf den Meeren muss ein Ende haben!;;¡Esta funesta amenaza a la navegación en alta mar debe terminar!;;;;;;;;;
EVTOPTA23301;This nefarious threat to the peace on the high seas must end!;Cette terrible menace contre la paix des mers doit cesser !;Diese schändliche Bedrohung des Friedens auf den Meeren muss ein Ende haben!;;¡Esta funesta amenaza a la navegación en alta mar debe terminar!;;;;;;;;;
EVTOPTA23302;Nemo me impune lacessit!;Nemo me impune lacessit !;Nemo me impune lacessit!;;¡Nemo me impune lacessit!;;;;;;;;;
EVTOPTA19330;Excellent, send the invitations!;Excellent, envoyez les invitations !;Hervorragend, Einladung verschicken!;;¡Excelente, enviad las invitaciones!;;;;;;;;;
EVTOPTA19335;I do not want to miss a good chance of getting us a slice of this magnificent African cake!;Je ne veux pas manquer l'opportunité de nous approprier une part de ce magnifique gâteau qu’est l’Afrique !;Ich möchte diese gute Chance nicht missen, uns ein Stück diese fantastischen afrikanischen Kuchens abzuschneiden!;;¡No quiero perder la ocasión de conseguir una gran porción de la tarta africana!;;;;;;;;;
EVTOPTA19340;Oh joy!;Oh joie !;Oh Freude!;;¡Oh, qué gran día!;;;;;;;;;
EVTOPTA19345;I am sure the natives could lend a hand!;Je suis certain que les autochtones nous y aideront !;Die Eingeborenen können uns sicher zur Hand gehen!;;¡Seguro que a esos nativos nos agradecen que les echemos una mano!;;;;;;;;;
EVTOPTA19350;Blast!;Bon sang !;Verdammt!;;¡Maldición!;;;;;;;;;
EVTOPTA31102;We have been ultimately driven from Europe...;Nous avons finalement été chassés de l'Europe...; Wir wurden endgültig aus Europa vertrieben...;;;;;;;;;x ;;
EVTOPTA19310;Excellent!;Excellent !;Hervorragend!;;¡Excelente!;;;;;;;;;
EVTOPTA19320;Banzai!;Banzai !;Banzai!;;¡Banzai!;;;;;;;;;
EVTOPTA60080;Muahahaha!;Mouah ha ha ha !;Muahahaha!;;¡Muahahaha!;;;;;;;;;
EVTOPTA36898;Victoria Regina!;Victoria Regina !;Victoria Regina!;;¡Victoria Regina!;;;;;;;;;
EVTOPTA11100;Hurrah! §RGain 10 infamy§W;Hourra !;Hurra!;;¡Hurra!;;;;;;;;;
EVTOPTA11102;Hurrah!;Bravo !;Hurra!;;¡Hurra!;;;;;;;;;
EVTOPTA17000;There will be no suffrage at this junction;Il n'y aura aucun vote à cette jonction.;Vorerst wird es kein Wahlrecht geben.;;En esta unión no habrá sufragio;;;;;;;;;
EVTOPTA60120;Let's do it;Allons-y;Machen wir;;Hagámoslo.;;;;;;;;;
EVTOPTA60130;Let's do it;Allons-y;Machen wir;;Hagámoslo.;;;;;;;;;
EVTOPTA11103;Long live Il Risorgimento!;Longue vie au Risorgimento !;Lang lebe Il Risorgimento!;;¡Viva el Il Risorgimento!;;;;;;;;;
EVTOPTA32509;We have more bad climate than we need anyway;Un rude climat, on en a bien assez;Uns weht eh ein strengerer Wind ins Gesicht, als uns lieb ist.;;En cualquier caso, ya tenemos más mal tiempo del que necesitamos;;;;;;;;;
EVTOPTA32510;Excellent!;Formidable !;Hervorragend!;;¡Excelente!;;;;;;;;;
EVTOPTA32511;Blast!;Damnation !;Verdammt!;;¡Maldición!;;;;;;;;;
EVTOPTA13201;By Jingo!;Bon sang !;Auf in den Krieg!;;¡Por Jingo!;;;;;;;;;
EVTOPTA160001;Crush them!;;Vernichtet sie!;;;;;;;;;;;
EVTOPTA160502;A show of force should deal with this.;;Eine Demonstration unserer Macht sollte helfen.;;;;;;;;;;;
EVTOPTA90902;Freedom!;;Freiheit!;;;;;;;;;;;
EVTOPTA90040;This could mean trouble.;;Das bedeutet Ärger.;;;;;;;;;;;
EVTOPTA20000;Yes, we are interested in this crisis;;Ja, wir sind an diesem Konflikt interessiert;;;;;;;;;;;
EVTOPTA20100;Of course not!;;Natürlich nicht!;;;;;;;;;;;
EVTOPTA20101;Insist $STATE$ is ours!;;Besteht darauf, dass $STATE$ uns gehört!;;;;;;;;;;;
EVTOPTA20102;He's quite right, only war will solve this!;;Er hat absolut recht, Krieg ist die einzige Lösung!;;;;;;;;;;;
EVTOPTA20103;Rattle our sabre!;;Lasst unsere Säbel rasseln!;;;;;;;;;;;
EVTOPTA20104;It's ours!;;Es gehört uns!;;;;;;;;;;;
EVTOPTA20105;Press our Claim!;;Besteht auf unserem Anspruch!;;;;;;;;;;;
EVTOPTA97530;The Romanian people will be free!;;;;;;;;;;;;;
EVTOPTA97531;$COUNTRY_ADJ$ suzerainty must be re-established!;;;;;;;;;;;;;
EVTOPTA97532;Order has been restored.;;;;;;;;;;;;;
EVTOPTA97537;We must rebuild.;;;;;;;;;;;;;
EVTOPTA500059;It is for the best. §RGain 3.5 infamy§W;;;;;;;;;;;;;
EVTOPTA500061;Excellent;;;;;;;;;;;;;
EVTOPTA99982;Another Crisis has been avoided.;;;;;;;;;;;;;
EVTOPTA99983;Luxembourg will be freed!;;;;;;;;;;;;;
EVTOPTA500062;Then the lands shall be $COUNTRY_ADJ$.;;;;;;;;;;;;;
EVTOPTA99100;Time to put them down. §RGain 3 infamy§W;;;;;;;;;;;;;
EVTOPTA99101;What a disaster...;;;;;;;;;;;;;
EVTOPTA99102;Order in Punjab must be restored! §RGain 3.5 infamy§W;;;;;;;;;;;;;
EVTOPTA530001;Fully fund reconstruction efforts.;;;;;;;;;;;;;
EVTOPTA992001;Let's see what developments follow;;;;;;;;;;;;;
EVTOPTA99199;We shall be victorious!;;;;;;;;;;;;;
EVTOPTA99201;Agree to their demands;;;;;;;;;;;;;
EVTOPTA99200;Dispatch a Punitive Expedition.;;;;;;;;;;;;;
EVTOPTA992031;What an embarrassment!;;;;;;;;;;;;;
EVTOPTA99204;We have been defeated...;;;;;;;;;;;;;
EVTOPTA99300;Sign the treaty.;;;;;;;;;;;;;
EVTOPTA111002;Ignorant Foreigners. §RGain 0.5 infamy§W;;;;;;;;;;;;;
EVTOPTA111003;Dispatch an expedition to rescue them!;;;;;;;;;;;;;
EVTOPTA111004;A tragedy...;;;;;;;;;;;;;
EVTOPTA111005;Excellent.;;;;;;;;;;;;;
EVTOPTA99103;We accept the British proposal. §GLose 8 infamy§W;;;;;;;;;;;;;
EVTOPTA999951;He'll have to be crushed.;;;;;;;;;;;;;
EVTOPTA999952;We'll crush the Black Flags either way.;;;;;;;;;;;;;
EVTOPTA36718;Disarmament is for the best.;;;;;;;;;;;;;
EVTOPTA999960;We shall be humiliated no longer!;;;;;;;;;;;;;
EVTOPTA97533;We will be free one day.;;;;;;;;;;;;;
EVTOPTA999961;May he grow to be a strong Emperor.;;;;;;;;;;;;;
EVTOPTA99700;We shall sign the treaty §GLose 2 infamy§W;;;;;;;;;;;;;
EVTOPTA24600;A Golden Age of theater!;;;;;;;;;;;;;
EVTOPTA34627;The whole Duchy will join $COUNTRY$. §RGain 3 infamy§W;;;;;;;;;;;;;
EVTOPTA44848468;The whole Duchy will join them. §RGain 1.5 infamy§W;;;;;;;;;;;;;
EVTOPTA997203;Put down this uprising at once.;;;;;;;;;;;;;
EVTOPTA530005;Raise the streets.;;;;;;;;;;;;;
EVTOPTA441256;It shall be named Seattle.;;;;;;;;;;;;;
EVTOPTA190451;Blast!;;;;;;;;;;;;;
EVTOPTA190461;Overwhelming...!;;;;;;;;;;;;;
EVTOPTA1904012;Grant the $FROMCOUNTRY_ADJ$ a excavation permit;;;;;;;;;;;;;
EVTOPTA1904312;A little money may help?;;;;;;;;;;;;;
EVTOPTA190442;Intriguing...;;;;;;;;;;;;;
EVTOPTA1904612;Intriguing...;;;;;;;;;;;;;
EVTOPTA1905101;Intriguing...;;;;;;;;;;;;;
EVTOPTA1905201;Marvelous!;;;;;;;;;;;;;
EVTOPTA1905301;Marvelous!;;;;;;;;;;;;;
EVTOPTA200006;Ta-ta-ta-daaa!;;;;;;;;;;;;;
EVTOPTA200007;Suspend the constitution, it does not meet the Kingdom's needs.;;;;;;;;;;;;;
EVTOPTA200008;How dare they? They should be removed from their positions and be exiled!;;;;;;;;;;;;;
EVTOPTA200009;Even if liberalism is a threat, the king has gone too far.;;;;;;;;;;;;;
EVTOPTA200010;Naturally. A country, which leaves the British sphere, becomes a victim of barbarity.;;;;;;;;;;;;;
EVTOPTA200011;Stop this nonsense! Will this never end?;;;;;;;;;;;;;
EVTOPTA200012;They are welcome.;;;;;;;;;;;;;
EVTOPTA200014;At least, they are allowed to think...;;;;;;;;;;;;;
EVTOPTA200015;On the knee!;;;;;;;;;;;;;
EVTOPTA200016;He is a monarchist. That is good for Baden.;;;;;;;;;;;;;
EVTOPTA200017;That is against our interests!;;;;;;;;;;;;;
EVTOPTA200018;We shall exercise our sovereignty.;;;;;;;;;;;;;
EVTOPTA200019;This should be published in every German state.;;;;;;;;;;;;;
EVTOPTA200020;I hoped they made a new fairy tale book instead of this...;;;;;;;;;;;;;
EVTOPTA200021;It should be published.;;;;;;;;;;;;;
EVTOPTA200022;Literature? It's disgusting! Ban and confiscate it!;;;;;;;;;;;;;
EVTOPTA200023;He is from Düsseldorf. Any questions?;;;;;;;;;;;;;
EVTOPTA200024;An invitation? For me? How unexpected!;;;;;;;;;;;;;
EVTOPTA200025;I found it rather amusing.;;;;;;;;;;;;;
EVTOPTA200026;Next time we stay at home. Stupid Germans...;;;;;;;;;;;;;
EVTOPTA200027;Alexander von Humboldt is a gentleman.;;;;;;;;;;;;;
EVTOPTA200028;Lola, what have you done...?;;;;;;;;;;;;;
EVTOPTA200029;Germany is a land of culture.;;;;;;;;;;;;;
EVTOPTA200030;They are academics, not politicians.;;;;;;;;;;;;;
EVTOPTA200031;Germany is a land of culture.;;;;;;;;;;;;;
EVTOPTA200033;Goethe was a great man.;;;;;;;;;;;;;
EVTOPTA200034;Revoke this useless piece of paper!;;;;;;;;;;;;;
EVTOPTA200035;Humboldt? We shall invite him to a cup of tea.;;;;;;;;;;;;;
EVTOPTA200036;It was a good idea to rebuild it, wasn't it?;;;;;;;;;;;;;
EVTOPTA200037;Da capo!;;;;;;;;;;;;;
EVTOPTA200038;I'm listening to Liszt.;;;;;;;;;;;;;
EVTOPTA200039;Dance my little Hungarians, dance!;;;;;;;;;;;;;
EVTOPTA200040;I don't understand this excitement. This piece isn't even finished!;;;;;;;;;;;;;
EVTOPTA200041;That's Viennese blood.;;;;;;;;;;;;;
EVTOPTA200042;Another composer. Vienna is the musical heart of Europe.;;;;;;;;;;;;;
EVTOPTA200043;I miss Beethoven...;;;;;;;;;;;;;
EVTOPTA200044;Poor man. We should remember him.;;;;;;;;;;;;;
EVTOPTA200045;Stop it! STOP IT! My ears!;;;;;;;;;;;;;
EVTOPTA200046;So, instead of searching political freedom, Germans are distracted by silly poems?;;;;;;;;;;;;;
EVTOPTA200047;Hilarious, a funny painter. But, wait, 'Satiric Magazines'? Satiric against whom?;;;;;;;;;;;;;
EVTOPTA200048;Go back to sleep, Michel..;;;;;;;;;;;;;
EVTOPTA200049;Send the troops.;;;;;;;;;;;;;
EVTOPTA200050;They deserved it!";;;;;;;;;;;;;
EVTOPTA200052;In Germany, even a gory tragedy becomes cultural heritage.;;;;;;;;;;;;;
EVTOPTA202000;Send von Welden!;;;;;;;;;;;;;
EVTOPTA202003;Abdicate and make peace to prevent damage;;;;;;;;;;;;;
EVTOPTA202001;We will intervene. Long live Italy!;;;;;;;;;;;;;
EVTOPTA202002;Rebels! Traitors! Bloody Italian Scum!;;;;;;;;;;;;;
EVTOPTA90000;They're coming right for us!;Ils arrivent bien pour sur nous !;Bald sind sie da!;;;;;;;;;;;
EVTOPTA90001;What are you talking about?;De quoi parlez-vous ?;Wovon redet Ihr da?;;;;;;;;;;;
EVTOPTA90002;We will save them!;Nous allons les sauver !;Wir werden sie retten!;;;;;;;;;;;
EVTOPTA90003;Fools!;Imbéciles !;Dummköpfe!;;;;;;;;;;;
EVTOPTA90004;We're here to help you.;Nous sommes là pour vous aider.;Wir sind hier, um euch zu helfen.;;;;;;;;;;;
EVTOPTA90005;Good call.;Bon plan.;Eine gute Entscheidung.;;;;;;;;;;;
EVTOPTA90006;Good call.;Bon plan.;Eine gute Entscheidung.;;;;;;;;;;;
EVTOPTA90007;Good call.;Bon plan;Eine gute Entscheidung.;;;;;;;;;;;
EVTOPTA90008;Good call.;Bon plan.;Eine gute Entscheidung.;;;;;;;;;;;
EVTOPTA90009;Good call.;Bon plan.;Eine gute Entscheidung.;;;;;;;;;;;
EVTOPTA90100;Perhaps we can work something out;Peut-être pourra-t-on en tirer quelque chose !;Vielleicht können wir uns einigen;;;;;;;;;;;
EVTOPTA90101;How depressing;Comme c'est déprimant;Wie niederschmetternd;;;;;;;;;;;
EVTOPTA90103;I hate crowds;Je déteste les foules;Ich hasse Menschenmengen;;;;;;;;;;;
EVTOPTA90105;Better dead than red!;Mieux vaut morts que rouges !;Besser tot als rot!;;;;;;;;;;;
EVTOPTA90900;We are united again;Nous sommes à nouveau unis;Wir sind wieder vereint;;;;;;;;;;;
EVTOPTA90901;We are united again;Nous sommes à nouveau unis;Wir sind wieder vereint;;;;;;;;;;;
EVTOPTA90910;Wagons West!;Wagons à l'ouest !;Wagen gen Westen!;;;;;;;;;;;
EVTOPTA37226;This is quite a blow!;Quel choc !;Dies ist ein echter Rückschlag!;;;;;;;;;;;
EVTOPTA23213;Well this isn't good...;Ça, c'est pas bon du tout...;Das hört sich gar nicht gut an ?;;;;;;;;;;;EVTOPTA111011928;Of course!;Bien sûr !;Natürlich!;;;;;;;;;;;
EVTOPTA101532;Ban the book!;;;;;;;;;;;;;
EVTOPTA101533;Another mouthpiece for the nationalists...;;;;;;;;;;;;;
EVTOPTA101534;We must stop this anti-government drivel!;;;;;;;;;;;;;
EVTOPTA146604;Bailamos!!;;;;;;;;;;;;;
EVTOPTA40000;Such progress!;;;;;;;;;;;;;
EVTOPTA999100;We will prosper regardless!;;;;;;;;;;;;;
EVTOPTA34618;That can only mean war!;;;;;;;;;;;;;
EVTOPTA34619;We welcome our new brethren in Schaffhausen into our glorious nation.;;;;;;;;;;;;;
EVTOPTA34617;Prussia won´t get an acre of Swiss land!;;;;;;;;;;;;;
EVTOPTA11011;Agree to the Lease.;;;;;;;;;;;;;
EVTOPTA22022;Great!;;;;;;;;;;;;;
EVTOPTA33033;There will be consequences!;;;;;;;;;;;;;
EVTOPTA44044;There will be consequences!;;;;;;;;;;;;;
EVTOPTA55055;Great!;;;;;;;;;;;;;
EVTOPTA34620;Let´s keep all of Lothringen!;;;;;;;;;;;;;
EVTOPTA776405;Damn the acts of attempting to balance Asia.;;;;;;;;;;;;;
EVTOPTA776543;A shame.;;;;;;;;;;;;;
EVTOPTA776801;Isn't this just exploitation of our natural resources?;;;;;;;;;;;;;
EVTOPTA776901;But I enjoy a broken World Economy...;;;;;;;;;;;;;
EVTOPTA110083;We could learn a lot.;;;;;;;;;;;;;
EVTOPTA110092;A sad state of affairs.;;;;;;;;;;;;;
EVTOPTA110082;Wonderful initiative!;;;;;;;;;;;;;
EVTOPTA190401;Go for it!;;;;;;;;;;;;;
EVTOPTA190431;A little money may help?;;;;;;;;;;;;;
EVTOPTA16517;The south is our strength!;;;;;;;;;;;;;
EVTOPTA16516;The war is over...;;;;;;;;;;;;;
EVTOPTA4778710;Send the request.;;;;;;;;;;;;;
EVTOPTA4778711;Of course we will accept this generous offer! §GLose 3 infamy§W;;;;;;;;;;;;;
EVTOPTA4778712;We have no choice...;;;;;;;;;;;;;
EVTOPTA477700;Make it balanced.;;;;;;;;;;;;;
EVTOPTA5002;This might become popular...;Elle allait devenir très populaire...;Das könnte ein beliebter Sport werden...;;Esto podría llegar a ser popular...;;;;;;;;;
EVTOPTA5001;Glory to Uruguay!;Gloire à l'Uruguay !;Uruguay lebe hoch!;;¡Gloria a Uruguay!;;;;;;;;;
EVTOPTA5000;The Poor might enjoy it!;Les pauvres apprécieront !;Sowas könnten den Armen gefallen!;;¡Los pobres podrían disfrutarlo!;;;;;;;;;
EVTOPTA22500;Regulate! Tax! Ban! Panic!;Régulation ! Taxation ! Interdiction ! Panique !;Regulierung! Besteuern! Verbannen! Aaah - Panik!;;¡Regulemos! ¡Gravemos! ¡Prohibamos! ¡Huyamos!;;;;;;;;;
EVTOPTA22510;It's only a temporary crisis, no one can be blamed;Il ne s'agit là que d'une crise temporaire et personne n'en est responsable.;Es ist doch nur einer temporäre Krise, für die man niemanden verantwortlich machen kann.;;Es solo una crisis temporal, de la que no se puede culpar a nadie.;;;;;;;;;
EVTOPTA22520;There is always the chance that these systems will fail, and then what?;Mais il est toujours possible que ces systèmes s'écroulent, et alors ?;Aber diese Systeme könnten natürlich scheitern ... und was dann?;;Siempre existe la posibilidad de que estos sistemas fracasen. ¿Y entonces qué?;;;;;;;;;
EVTOPTA22530;Of course we must aid and help promote this beautiful private initiative;Bien sûr, nous devons aider et promouvoir cette remarquable initiative privée.;Natürlich müssen wir ihnen helfen und diese wunderbare Privatinitiative unterstützen.;;Por supuesto, debemos ayudar y promover esta magnífica iniciativa privada.;;;;;;;;;
EVTOPTA22540;Splendid news!;Excellente nouvelle !;Wunderbare Nachrichten!;;¡Noticias espléndidas!;;;;;;;;;
EVTOPTA22550;The institution of free banking is a fundamental pillar of free trade;Les opérations bancaires libres constituent un pilier fondamental du libre échange.;Die Institution der Bankenfreiheit ist ein fundamentaler Grundpfeiler der Handelsfreiheit.;;La institución de la banca libre es un pilar fundamental del libre comercio.;;;;;;;;;
EVTOPTA22560;Excellent!;Excellent !;Hervorragend!;;¡Excelente!;;;;;;;;;
EVTOPTA22570;Naturally we must aid the company through this tough time;Naturellement, il nous faut aider la compagnie en ces temps difficiles.;Während dieser harten Zeiten müssen wir der Firma natürlich Unterstützung leisten.;;Naturalmente, debemos ayudar a la compañía en estos momentos difíciles.;;;;;;;;;
EVTOPTA22580;We must protect our workers at any cost, and this cornered market must be opened.;Nous devons protéger nos ouvriers, coûte que coûte, et ce marché acculé doit être ouvert.;Wir müssen unsere Arbeiter um jeden Preis schützen, und dieser eingeengte Markt muss geöffnet werden.;;Debemos proteger a los trabajadores a cualquier precio, y el mercado debe abrirse.;;;;;;;;;
EVTOPTA14730;Denounce the League;Dénoncer la ligue;Denunziert die Liga;;Denunciad a la Liga.;;;;;;;;;
EVTOPTA14740;Wonderful!;Magnifique !;Wunderbar!;;¡Magnífico!;;;;;;;;;
EVTOPTA14750;Conservative arguments prevail;Les arguments conservateurs prédominent;Die konservativen Argumente sind besser.;;Se imponen los argumentos conservadores.;;;;;;;;;
EVTOPTA14760;The government must accept responsibility for its own shortcomings;Le gouvernement doit accepter la responsabilité de ses propres imperfections;Die Regierung muss die Verantwortung für ihre eigenen Unzulänglichkeiten übernehmen!;;El gobierno debe aceptar la responsabilidad de sus propios errores.;;;;;;;;;
EVTOPTA14770;...and may the memory live long;... Et puisse cela perdurer !;... und möge die Erinnerungen ewig leben.;;... y que la memoria perdure mucho tiempo.;;;;;;;;;
EVTOPTA14780;... who cares!?;... Et alors !?;... und wen kümmert das?;;¿A quién le importa?;;;;;;;;;
EVTOPTA14790;Fantastic news!;Excellente nouvelle !;Fantastische Neuigkeiten!;;¡Noticias fantásticas!;;;;;;;;;
EVTOPTA14800;Just display the baubles somewhere locally;Exposer ces babioles quelque part dans le coin.;Stellt das Zeugs einfach in irgendeinem lokalen Museum aus.;;Exponed esas chucherías en la zona donde las encontraron.;;;;;;;;;
EVTOPTA14810;If the shop needs to operate at those hours, who are we to have opinions about that?;Si cet atelier doit faire de telles heures, qui sommes-nous pour donner notre avis ?;Wenn die Werkstatt so spät arbeiten muss, was haben wir uns da einzumischen?;;Si el taller tiene que funcionar a esas horas, ¿podemos opinar sobre ello?;;;;;;;;;
EVTOPTA10001;We can expect increased liberal activity in the coming years;Les années à venir promettent d'intenses activités libérales.;In den kommenden Jahren können wir stärkerer liberale Aktivitäten erwarten.;;Podemos esperar un aumento de la actividad liberal en los próximos años.;;;;;;;;;
EVTOPTA10105;Suppress them in parliament and hope that the countryside stays calm;Évincez-les du parlement en espérant que les campagnes restent calmes.;Unterdrückt sie im Parlament. Hoffentlich bleibt es auf dem Land dann ruhig.;;Suprimidlos en el parlamento. Esperemos que el campo se mantenga en calma.;;;;;;;;;
EVTOPTA10110;Bloody revolutionaries.;Maudits révolutionnaires.;Verdammte Revolutionäre.;;Malditos revolucionarios.;;;;;;;;;
EVTOPTA10260;Excellent!;Excellent !;Hervorragend!;;¡Excelente!;;;;;;;;;
EVTOPTA14000;Our trade must be protected from destructive foreign competition;Notre commerce doit être protégé des dangers de la concurrence étrangère.;Unser Handel muss vor der zerstörerischen ausländischen Konkurrenz geschützt werden.;;Debemos proteger nuestro comercio de la competencia extranjera destructiva.;;;;;;;;;
EVTOPTA14010;Decisive arguments for Laissez Faire;Arguments décisifs en faveur du Laissez-faire;Entscheidende Argumente für Laissez Faire;;Argumentos decisivos para la política no intervencionista;;;;;;;;;
EVTOPTA14020;There are no Gods!;Il n'y a aucun dieu !;Es gibt keine Götter!;;¡No hay dioses!;;;;;;;;;
EVTOPTA14030;Give them residency.;Les autoriser à résider dans le pays;Lasst sie bei uns wohnen.;;Dadles la residencia.;;;;;;;;;
EVTOPTA14040;We are patriots and we are going to fight for our country!;Nous sommes des patriotes et nous allons combattre pour notre pays !;Wir sind Patrioten und wir werden für unser Land kämpfen!;;¡Somos patriotas y vamos a luchar por nuestro país!;;;;;;;;;
EVTOPTA14050;Raise the tariffs!;Augmenter les droits de douane !;Hebt die Zölle an!;;¡Subid los aranceles!;;;;;;;;;
EVTOPTA14060;Free trade ensures our long-term competitive edge;Le libre échange nous permet de conserver un avantage sur le long-terme.;Die Handelsfreiheit sichert unsere Konkurrenzfähigkeit langfristig.;;El libre comercio no asegura el mantenimiento de nuestro margen competitivo.;;;;;;;;;
EVTOPTA14070;I see no reason to monopolize it.;Je ne vois aucune raison de créer un monopole.;Ich sehe keinen Grund für eine Monopolisierung.;;No veo razones para monopolizarlo.;;;;;;;;;
EVTOPTA14080;Nonsense. The production quota will remain the same.;C'est absurde. Les quotas de production resteront les mêmes.;Unsinn. Die Produktionsquote bleibt unverändert.;;Tonterías. Se mantendrá la misma cuota de producción.;;;;;;;;;
EVTOPTA14090;Naturally, they are right.;Naturellement, ils ont raison.;Sie haben natürlich Recht.;;Naturalmente, tienen razón.;;;;;;;;;
EVTOPTA14100;That's rubbish!;Foutaise !;Das ist doch Unsinn!;;¡Eso son tonterías!;;;;;;;;;
EVTOPTA14110;Religion is a private matter.;La religion est une affaire privée.;Religion ist eine Privatangelegenheit.;;La religión es un asunto privado.;;;;;;;;;
EVTOPTA14120;Secularization first!;Laïcisation avant tout !;Säkularisation hat Priorität!;;¡Secularización primero!;;;;;;;;;
EVTOPTA14130;Try to keep an open mind.;Essayez de rester ouvert d'esprit.;Wir sollten aufgeschlossen bleiben.;;Tratad de mantener una mente abierta.;;;;;;;;;
EVTOPTA14140;Of course the church must be renovated!;Bien sûr que l'église doit être rénovée !;Die Kirche muss selbstverständlich renoviert werden!;;¡Por supuesto, la iglesia debe renovarse!;;;;;;;;;
EVTOPTA14150;They have no right to demand anything.;Ils n'ont aucun droit de réclamer quoi que ce soit.;Sie haben kein Recht, alles zu verlangen.;;No tienen derecho a pedir nada.;;;;;;;;;
EVTOPTA14160;Limited citizenship until a proven and loyal subject;Citoyenneté limitée jusqu'à ce qu'ils soient de loyaux sujets;Eingeschränkte Bürgerrechte, bis man sich als loyaler Untertan unter Beweis gestellt hat.;;Ciudadanía limitada hasta que no sea un súbdito probado y leal.;;;;;;;;;
EVTOPTA14170;We must constantly strive to extend freedom!;Nous devons tout faire pour repousser les limites de la liberté !;Wir müssen stets nach größerer Freiheit streben!;;¡Debemos esforzarnos constantemente por extender la libertad!;;;;;;;;;
EVTOPTA14180;To war, by Jingo!;Déclarons-leur la guerre, bon sang !;In den Krieg, mit Hurra!;;¡A la guerra, por Dios!;;;;;;;;;
EVTOPTA14190;The soldiers need better food!;Les soldats ont besoin de mieux manger !;Die Soldaten brauchen besseres Essen!;;¡Los soldados necesitan mejor comida!;;;;;;;;;
EVTOPTA14200;That sounds expensive.;Cela semble cher.;Das klingt teuer.;;Eso suena caro.;;;;;;;;;
EVTOPTA14210;Peace always prevails!;La paix prédomine toujours !;Der Frieden wird sich immer durchsetzen!;;¡La paz siempre prevalece!;;;;;;;;;
EVTOPTA10270;They must be allowed to express their opinions;Ils doivent être autorisés à exprimer leurs opinions.;Sie müssen ihre Meinungen frei äußern dürfen.;;Deben permitirles que expresen sus opiniones.;;;;;;;;;
EVTOPTA10280;Honestly, have you nothing better to do?;Franchement, vous n'avez rien de mieux à faire ?;Mal ehrlich, habt ihr nichts Besseres zu tun?;;En serio, ¿no tienen nada mejor que hacer?;;;;;;;;;
EVTOPTA10290;Make sure it stays a local hit at best;Veillez à ce que sa diffusion demeure restreinte.;Sorgt dafür, dass das Buch allenfalls ein lokaler Erfolg wird.;;Aseguraos de que no pase de ser un éxito local;;;;;;;;;
EVTOPTA10300;Perhaps some slight adjustments locally could be considered;De légers ajustements locaux pourraient s'avérer bénéfiques.;Vielleicht könne man ein paar leichten Veränderungen stattgeben ...;;Quizás podrían considerarse algunos ligeros ajustes a nivel local;;;;;;;;;
EVTOPTA10320;Obviously we must take pride in this publication!;De toute évidence, nous ne pouvons qu'être fiers d'une telle publication !;Auf diese Publikation müssen wir natürlich stolz sein!;;¡Obviamente, debemos enorgullecernos de esta publicación!;;;;;;;;;
EVTOPTA10330;Let them hold their little rally.;Qu'ils poursuivent leur rassemblement !;Sollen sie doch ihre kleine Kundgebung abhalten.;;Dejad que celebren su pequeño mitin.;;;;;;;;;
EVTOPTA17020;This blatant discrimination is silly to the point of the absurd;Cette discrimination flagrante est stupide au point de l'absurde.;Diese eklatante Diskriminierung ist so unsinnig wie absurd.;;Esta discriminación flagrante es ridícula hasta el punto del absurdo.;;;;;;;;;
EVTOPTA17030;Naturally the war-effort demands every available hand;Naturellement, l'effort de guerre a besoin de toutes les bonnes volontés.;Die Kriegsbemühungen brauchen natürlich jede mögliche Hilfe.;;Evidentemente, el esfuerzo de guerra exige que echemos mano de toda la gente disponible;;;;;;;;;
EVTOPTA17040;The legal status of women in the work place obviously needs to be regulated;Le statut légal des femmes dans le monde du travail doit être réglementé.;Der rechtliche Status von Frauen am Arbeitsplatz muss offensichtlich reguliert werden.;;Es obvio que hay que regular la situación laboral de la mujer.;;;;;;;;;
EVTOPTA17050;We watch, observe, learn, and, ultimately, do nothing.;Nous surveillons, observons, apprenons et, finalement, ne faisons rien.;Wir beobachten, lernen, und unternehmen letztendlich doch nichts.;;Miramos, observamos, aprendemos y, finalmente, no hacemos nada.;;;;;;;;;
EVTOPTA17060;Oh, well, freedom of speech and all that.;Ah oui, la liberté d'expression et tout ce qui va avec.;Ach na ja, Meinungsfreiheit und all das.;;Oh, bueno, es lo que tiene la libertad de expresión.;;;;;;;;;
EVTOPTA17070;A good time to push for a more conservative agenda;Le moment est bien choisi pour mettre en avant plus de conservatisme.;Eine gute Zeit, um auf eine etwas konservativere Agenda zu drängen.;;Es el momento de presionar para una vuelta a una agenda más conservadora.;;;;;;;;;
EVTOPTA17080;... and the stock-market report?;... et le rapport sur la bourse ?;... und der Börsenbericht?;;¿Y el informe del mercado de valores?;;;;;;;;;
EVTOPTA17090;I'm not sure how the locals will feel about all this littering. Not sure at all.;Je m'interroge sur l'accueil que les habitants réserveront à cette campagne.;Ich weiß nicht, was die Anwohner von dieser Vermüllung halten werden. Weiß ich wirklich nicht.;;No estoy seguro de como se tomará la población local esta campaña. No tengo ni idea.;;;;;;;;;
EVTOPTA17100;Throw that willy-nilly out of my institution of higher learning!;Mettez cette personne, bon gré mal gré, à la porte de mon école !;Werft dieses Gör aus meiner Universität!;;¡Sacad a esa... lo que sea de mi centro de enseñanza superior!;;;;;;;;;
EVTOPTA17110;Commend the book;Recommander ce livre;Empfiehlt das Buch.;;Recomendad el libro.;;;;;;;;;
EVTOPTA17120;I predict that the reform agenda will gain a fair amount of traction in the Upper House;Le program de réformes suscitera un certain intérêt au sein de la Chambre haute.;Ich denke, die Reformagenda wird durchaus im Oberhaus Gehör finden.;;Auguro que la agenda reformista ganará bastante impulso en la cámara alta.;;;;;;;;;
EVTOPTA17130;Okay.;D'accord.;Okay.;;Muy bien.;;;;;;;;;
EVTOPTA17140;I suggest that the local authorities force feed that hysterical woman;Je suggère que les autorités locales forcent cette femme hystérique à se nourrir.;Ich schlage vor, dass die lokalen Behörden diese hysterische Frau zwangsernähren.;;Sugiero que las autoridades locales alimenten por la fuerza a esa mujer histérica.;;;;;;;;;
EVTOPTA17150;Use the pressure of the central government to end the legislation;Utiliser la pression du gouvernement central pour mettre fin à cette législation.;Schafft die Verordnung durch Druck der Zentralregierung wieder ab.;;Utilizad la presión del gobierno central para acabar con esa legislación.;;;;;;;;;
EVTOPTA17160;Let us bask in the glow of this little gem of international renown that just fell into our lap;Réjouissons-nous de ce petit chef-d'?uvre de renom international.;Sonnen wir uns im Glanze dieses Kleinods von internationalem Ruf, das uns gerade in den Schoß gefallen ist.;;Vamos a regocijarnos con esta perla de renombre internacional que nos ha caído.;;;;;;;;;
EVTOPTA17170;I might know of a little place that could decidedly get calmer...;Il est un endroit qui aurait bien besoin de retrouver son calme...;Ich kenne da vielleicht einen Ort, an dem es bald deutlich ruhig werden wird ...;;Sé de un lugar que no me importaría que se calmase un poco...;;;;;;;;;
EVTOPTA17500;We will not turn the arms of our soldiers against the citizens they exist to defend;Nous ne retournerons pas les armes de nos soldats contre nos citoyens.;Wir werden nicht die Waffen unserer Soldaten gegen die Bürger richten, die sie eigentlich beschützen sollen.;;No volveremos las armas de nuestros soldados contra los ciudadanos..;;;;;;;;;
EVTOPTA17510;We will not recommend our citizens to form protection rackets;Nous ne conseillerons pas à nos citoyens de constituer de tels groupes de protection.;Wir raten unseren Bürgern davon ab, Schutztruppen zu organisieren.;;No recomendaremos a nuestros ciudadanos que organicen jaleos de protección.;;;;;;;;;
EVTOPTA17520;You mean you fired someone? Nothing wrong with that!;Vous voulez dire que vous avez licencié quelqu'un ? Rien de mal à cela !;Heißt das, jemand ist entlassen worden? Daran wäre doch nichts falsch!;;¿Es que habéis despedido a alguien? ¡No veo que tiene de malo!;;;;;;;;;
EVTOPTA10000;We will be freemen, as our fathers were.;Nous serons des hommes libres, comme nos pères l'ont été.;Wir werden alle frei sein, wie es unsere Väter waren.;;Seremos hombres libres, como nuestros padres antes que nosotros.;;;;;;;;;
EVTOPTA17530;Let us hope that this will be the end of this revolutionary prattle;Espérons que cela mettra un terme à cette absurdité révolutionnaire.;Hoffentlich ist dies das Ende dieses revolutionären Geschwätzes.;;Esperemos que sea el final de este cotorreo revolucionario.;;;;;;;;;
EVTOPTA17540;Time is on our side. Let us wait them out with vague promises, but little or no action.;Le temps joue en notre faveur. Faisons-les attendre avec de vagues promesses.;Die Zeit ist auf unserer Seite. Lasst sie uns mit wagen Versprechen hinhalten, aber nur wenig oder gar nicht unternehmen.;;El tiempo está de nuestro lado. Dejémoslos esperando con promesas vagas?;;;;;;;;;
EVTOPTA17550;I shall suggest down at the club that they start a subscription. Gin, anyone?;Je vais suggérer au club de prendre un abonnement. Quelqu'un veut du gin ?;Ich werde mal beim Klub vorschlagen, dass sie das Blatt abonnieren. Will jemand Gin?;;Sugeriré en el club que se suscriban. ¿Alguien quiere ginebra?;;;;;;;;;
EVTOPTA17560;Commemorating bomb-throwers and murderers, in one of *my* states?;On commémore des poseurs de bombes et des meurtriers dans l'un de MES États ?;Gedenkfeiern für Bombenwerfer und Mörder in einem *meiner* Staaten?;;¿Conmemorando a lanzadores de bombas y asesinos en uno de 'mis' estados?;;;;;;;;;
EVTOPTA17580;An excellent initiative that can only be applauded!;Voilà une initiative qui mérite d'être applaudie !;So einer hervorragenden Initiative kann man nur Beifall klatschen!;;¡Una iniciativa excelente que solo puede ser aplaudida!;;;;;;;;;
EVTOPTA17590;Yes? We have trade, wars, production, and you tell me about organized labor?;Ah bon ? vous me parlez de mouvement syndical ?;Ja? Handel, Kriege, Produktion - und ihr erzählt mir von organisierten Arbeitern?;;¿Sí? ¿Tenemos comercio, guerras, producción y vienes a hablarme de obreros sindicados?;;;;;;;;;
EVTOPTA17600;An interesting development that we will make sure to keep an eye on.;Voilà un développement intéressant sur lequel il va nous falloir garder l'?il.;Das ist eine interessante Entwicklung, die wir im Auge behalten müssen.;;Un desarrollo interesante que nos aseguraremos de seguir.;;;;;;;;;
EVTOPTA17610;Clamp down on the organization and attempt to shut it down;Neutraliser ce corps et tenter de le démanteler;Geht gegen die Organisation vor und versucht, sie aufzulösen.;;Tomad medidas drásticas en la organización e intentad cerrarla.;;;;;;;;;
EVTOPTA17620;The party's work is not illegal, and is therefore not a government concern;Les agissements du parti ne sont pas contraires à la loi.;Die Arbeit der Partei ist nicht illegal und geht die Regierung deshalb nichts an.;;El trabajo del partido no es ilegal y, por tanto, el gobierno no está preocupado.;;;;;;;;;
EVTOPTA17630;Send out the military to restore order;Envoyer l'armée pour rétablir l'ordre;Das Militär soll die Ordnung wiederherstellen.;;Enviad al ejército para restaurar el orden.;;;;;;;;;
EVTOPTA17640;Let them prance about if they absolutely must;Les laisser se pavaner, si nécessaire;Lasst sie herumhüpfen, wenn es denn unbedingt sein muss.;;Si no hay más remedio, dejadles que se paseen.;;;;;;;;;
EVTOPTA17650;I believe we will see it primarily read by the lower class;J'imagine qu'il sera principalement lu par les classes défavorisées.;Ich glaube, dieses Blatt wird hauptsächlich von der Unterschicht gelesen werden.;;Creo que lo leerán principalmente las clases bajas.;;;;;;;;;
EVTOPTA17660;Declare Martial law and send in troops;Déclarer la loi martiale et envoyer des troupes;Ausnahmezustand erklären und Truppen entsenden.;;Declarad la ley marcial y enviad a las tropas.;;;;;;;;;
EVTOPTA17670;Denounce the campaign;Dénoncer la campagne;Denunziert die Kampagne;;Denunciad la campaña.;;;;;;;;;
EVTOPTA17680;Allow them to prance about if they absolutely have to;Les laisser se pavaner, si nécessaire;Lasst sie herumhüpfen, wenn es denn unbedingt sein muss.;;Si no hay más remedio, dejadles que se paseen.;;;;;;;;;
EVTOPTA17690;Clowns in costumes are a local police matter;Ces clowns en uniformes sont l'affaire de la police locale;Clowns in Kostümen sind eine Angelegenheit der lokalen Polizei.;;Los payasos con disfraces son cosa de la policía local.;;;;;;;;;
EVTOPTA17700;Declare the union illegal;Interdire ce syndicat;Erklärt die Gewerkschaft als illegal.;;Declarad ilegal el sindicato.;;;;;;;;;
EVTOPTA2500;Regardless of their actions, this can be used as a justification for war;Quels que soient leurs agissements, cela peut justifier une guerre.;Ungeachtet ihrer Aktionen könnte dies einen Krieg rechtfertigen.;;Independientemente, esto se puede utilizar como justificación para la guerra.;;;;;;;;;
EVTOPTA2510;We cannot allow this treacherous act of barbarism to go unpunished!;Il nous faut punir un acte aussi lâche que barbare !;Dieser verräterische Akt der Barbarei darf nicht ungestraft bleiben!;;¡No podemos tolerar que este traicionero acto de barbarie quede impune!;;;;;;;;;
EVTOPTA2520;Inform them of the potential consequences of continued non-cooperation;Les informer des conséquences potentielles de leur non-coopération persistante;Informiert sie über die politischen Konsequenzen dieser fortwährenden Kooperationsverweigerung.;;Informadles de las consecuencias potenciales de una falta de cooperación continuada.;;;;;;;;;
EVTOPTA2530;An invasion through there, and then deploy the troops so and so... interesting;Une invasion par-ci, un déploiement de troupes par-là, etc., etc. Intéressant !;Aha, eine Invasion hier, dann Truppeneinsatz da und dort ... interessant.;;Invadimos por aquí, desplegamos las tropas así y así... Interesante.;;;;;;;;;
EVTOPTA2540;Intolerable! Forceful action must certainly be considered;Intolérable ! Une mesure de force doit être envisagée.;Eine Unverschämtheit! Gewaltsames Eingreifen stellt definitiv eine Option dar.;;¡Intolerable! Desde luego, hay que considerar la posibilidad de tomar medidas de fuerza.;;;;;;;;;
EVTOPTA2550;This must be given serious consideration;Cette question mérite une grande réflexion.;Das müssen wir eng in Betracht ziehen.;;Esto hay que pensarlo seriamente.;;;;;;;;;
EVTOPTA2560;Long live $COUNTRY$!;Gloire à $COUNTRY$ !;Lang lebe $COUNTRYNAME$!;;¡Larga vida a $COUNTRY$!;;;;;;;;;
EVTOPTA2570;Yes! §RGain 2 infamy§W;Oui ?;Ja!;;¡Sí!;;;;;;;;;
EVTOPTA13015;Our options are limited, and force of arms must be considered;Les options sont limitées et le recours aux armes doit être pris en compte.;Unsere Möglichkeiten sind eingeschränkt. Wir müssen gewaltsames Eingreifen in Betracht ziehen.;;Nuestras opciones están limitadas, y debemos considerar la fuerza de las armas.;;;;;;;;;
EVTOPTA13350;But it was very kind of him to offer!;Mais c'était une très gentille offre !;Aber sein Angebot war äußerst liebenswürdig!;;¡Pero ofrecerlo fue muy amable por su parte!;;;;;;;;;
EVTOPTA13355;We weep for our loss;Nous pleurons cette perte.;Wir weinen um unseren Verlust;;Lloramos nuestra pérdida;;;;;;;;;
EVTOPTA16415;They took my baby away!;Ils ont enlevé mon bébé !;Sie haben mein Baby gestohlen!;;¡Se llevaron a mi bebé!;;;;;;;;;
EVTOPTA2000;A victory for our tolerant society!;Une victoire pour notre société tolérante !;Ein Sieg für unsere tolerante Gesellschaft!;;¡Una victoria para nuestra tolerante sociedad!;;;;;;;;;
EVTOPTA2020;We wish them all the best;Tous nos v?ux de bonheur !;Wir wünschen ihnen alles nur das Beste.;;Les deseamos lo mejor.;;;;;;;;;
EVTOPTA2050;Interesting, let us listen to them...;Intéressant, écoutons-les...;Interessant. Lasst uns hören, was sie zu sagen haben ...;;Es interesante. Escuchémosles...;;;;;;;;;
EVTOPTA2060;A police matter at worst;Une affaire pour la police;Im schlimmsten Fall eine Polizeiangelegenheit.;;En el peor de los casos es un asunto policial.;;;;;;;;;
EVTOPTA2070;Welcome home, countrymen.;Soyez les bienvenus !;Willkommen zu Hause, Landsleute.;;Bienvenido a casa, paisano.;;;;;;;;;
EVTOPTA2080;I'm not sure we can be bothered;Je suis certain qu'on peut le faire.;Ich bin mir nicht sicher, ob uns das interessiert.;;No estoy seguro de que debamos molestarnos.;;;;;;;;;
EVTOPTA2090;They must be integrated, by force if necessary;Ils doivent être intégrés, par la force, si nécessaire.;Heute werden keine BEVs degradiert.;;Deben integrarse, si es necesario, por la fuerza.;;;;;;;;;
EVTOPTA2100;Dire news!;Terrible nouvelle !;Schlimme Nachrichten!;;¡Noticias desesperadas!;;;;;;;;;
EVTOPTA2110;Bragging rights +1!;Droits à la fierté +1 !;Prahlerei +1!;;¡Un tanto del que alardear!;;;;;;;;;
EVTOPTA2120;Try to assure them that all is well;Il faut tenter de les rassurer.;Versucht ihnen zu vermitteln, dass alles in Ordnung ist.;;Intentad asegurarles que todo está bien.;;;;;;;;;
EVTOPTA2130;Pasta!;Pasta !;Pasta!;;¡Pasta!;;;;;;;;;
EVTOPTA16250;Rebel scum!;Vermine rebelle !;Rebellenpack!;;¡Escoria rebelde!;;;;;;;;;
EVTOPTA16001;We can expect this issue to linger for some time;Le problème ne sera probablement pas réglé de si tôt.;Mit diesem Problem werden wir es noch einige Zeit lang zu tun haben.;;Podemos dejar correr este asunto durante un tiempo.;;;;;;;;;
EVTOPTA11101;Long live the $UNION_ADJ$ people!;Longue vie au peuple $UNION_ADJ$ !;Lang lebe das $CULTUREGROUP$-Volk!;;¡Larga vida al pueblo de $UNION$!;;;;;;;;;
EVTOPTA13356;This is an outrage!;C'est un scandale !;Das ist ein Skandal!;;¡Esto es un escándalo!;;;;;;;;;
EVTOPTA31311;Naturally we shall sign this humanitarian document of progress;Naturellement, nous allons signer ce document humanitaire de progrès.;So ein humanitäres und fortschrittliches Dokument werden wir selbstverständlich unterschreiben.;;Naturalmente, firmaremos este humanitario documento progresista.;;;;;;;;;
EVTOPTA600170;What do you mean the Foreign Affairs Ministry is calling it "Provincia del Cuzco";;;;;;;;;;;;;
EVTOPTA100;What's wrong with a few drinks? *hiccup*;Quel mal y a-t-il à boire quelques verres ? *hips*;Was ist denn so schlimm an ein paar Gläschen? *hicks*;;¿Qué hay de malo en unos cuantos tragos? *hip*;;;;;;;;;
EVTOPTA110;Cheers!;Santé !;Prost!;;¡Salud!;;;;;;;;;
EVTOPTA120;These saloons are becoming a problem;Ces saloons deviennent problématiques.;Diese Saloons werden zu einem Problem;;Esos salones se están convirtiendo en un problema.;;;;;;;;;
EVTOPTA130;Close down the bars!;Qu'on ferme les bars !;Schließt die Bars!;;¡Cerrad los bares!;;;;;;;;;
EVTOPTA140;Order the saloon closed;Ordonner la fermeture du saloon;Saloon schließen;;Ordenad que cierre el salón.;;;;;;;;;
EVTOPTA150;An expedient moment for temperance;C'est le moment d'agir pour la ligue antialcoolique.;Ein angebrachter Moment für die Abstinenz;;Un oportuno momento para la templanza.;;;;;;;;;
EVTOPTA160;The locals are free to do as they see fit;Les populations locales sont libres de faire ce qui leur semble juste.;Lokale Bürger können tun, was sie wollen;;La población local es dueña de hacer lo que le parezca.;;;;;;;;;
EVTOPTA170;Let them work undisturbed;Laissons-les travailler.;Lasst sie in Frieden werken;;No les molestéis.;;;;;;;;;
EVTOPTA180;Let the shipment pass through;Laisser entrer la cargaison;Lasst die Fracht durch;;Dejad pasar el envío.;;;;;;;;;
EVTOPTA190;... where do I sign up?;... Où est-ce que je signe ?;... wo unterschreib ich?;;¿Dónde hay que firmar?;;;;;;;;;
EVTOPTA1100;Gold!;De l'or !;Gold!;Un viajero sediento ha regresado del desierto. Cuando se le dio un vaso de whisky, dijo con voz ronca: '¡Oro! ¡He encontrado oro! Una montaña de oro!';¡Oro!;;;;;;;;;
EVTOPTA1105;Diamonds!;Des diamants !;Diamanten!;Un viajero sediento ha regresado del desierto. Cuando se le dio un vaso de whisky, dijo con voz ronca: '¡Diamantes! ¡He encontrado diamantes! ¡Una montaña de diamantes!';¡Diamantes!;;;;;;;;;
EVTOPTA1107;That could come in handy;Cela pourrait être utile.;Das könnte gelegen kommen!;;Podría resultar útil.;;;;;;;;;
EVTOPTA1109;Oil!;Du pétrole !;Öl!;Un viajero sediento ha regresado del desierto. Cuando se le dio un vaso de whisky, dijo con voz ronca: '¡Petróleo! ¡He encontrado petróleo! ¡Un mar de petróleo!';¡Petróleo!;;;;;;;;;
EVTOPTA1139;Strike The Earth!;Fouiller la terre !;Grabt!;;¡Cavad la tierra!;;;;;;;;;
EVTOPTA1140;Mixed blessings;Bénédictions mêlées;Zweifelhafter Segen;;Ventajas y desventajas;;;;;;;;;
EVTOPTA1200;Ok;Ok;OK;;Aceptar;;;;;;;;;
EVTOPTA1201;Ok;Ok;OK;;Aceptar;;;;;;;;;
EVTOPTA1202;Ok;Ok;OK;;Aceptar;;;;;;;;;
EVTOPTA1203;Ok;Ok;OK;;Aceptar;;;;;;;;;
EVTOPTA1204;Ok;Ok;OK;;Aceptar;;;;;;;;;
EVTOPTA1205;Ok;Ok;OK;;Aceptar;;;;;;;;;
EVTOPTA1206;Ok;Ok;OK;;Aceptar;;;;;;;;;
EVTOPTA1207;Ok;Ok;OK;;Aceptar;;;;;;;;;
EVTOPTA1208;Ok;Ok;OK;;Aceptar;;;;;;;;;
EVTOPTA1209;Good;Bien;Gut;;Buenos;;;;;;;;;
EVTOPTA1210;Good;Bien;Gut;;Buenos;;;;;;;;;
EVTOPTA1211;Good;Bien;Gut;;Buenos;;;;;;;;;
EVTOPTA1212;Good;Bien;Gut;;Buenos;;;;;;;;;
EVTOPTA1213;Good;Bien;Gut;;Buenos;;;;;;;;;
EVTOPTA1214;Good;Bien;Gut;;Buenos;;;;;;;;;
EVTOPTA1215;Good;Bien;Gut;;Buenos;;;;;;;;;
EVTOPTA1216;Good;Bien;Gut;;Buenos;;;;;;;;;
EVTOPTA1217;Good;Bien;Gut;;Buenos;;;;;;;;;
EVTOPTA2010;Ignore them.;Les ignorer.;Ignoriert sie.;;Ignoradlos.;;;;;;;;;
EVTOPTA2030;Change to Anja Jessek';Remplacer par Anja Jessek; Ändern zu Anja Jessek';;Cambiadlo a Anja Jessek;;;;;;;;;
EVTOPTA2040;Let us speed this up.;Accélérons les choses.;Beschleunigen wir es.;;Vamos a acelerar esto.;;;;;;;;;
EVTOPTA3000;Call for a parliamentary investigation.;Demander une enquête parlementaire.;Nach einer parliamentarischen Untersuchung verlangen.;;Solicitad una investigación parlamentaria.;;;;;;;;;
EVTOPTA3001;Fold completely and revoke the reform;Céder et renoncer à la réforme;Einknicken und die Reform zurückziehen;;Ceded y revocad la reforma.;;;;;;;;;
EVTOPTA3002;Lots of rural charm!;Ah, le charme rural !;Ländlicher Charme!;;¡Mucho encanto rural!;;;;;;;;;
EVTOPTA3003;Back local Conservatives;Soutenir les conservateurs locaux;Lokale Konservative unterstützen;;Apoyad a los conservadores locales.;;;;;;;;;
EVTOPTA3004;That's what I call private initiative!;C'est ce que j'appelle une initiative privée !;Das nenne ich private Initiative!;;¡Eso es lo que yo llamo una iniciativa privada!;;;;;;;;;
EVTOPTA3005;Fund a local sanitarium;Financer un sanatorium local;Lokales Sanitarium finanzieren;;Financiad un sanatorio local.;;;;;;;;;
EVTOPTA3006;Abandon the Bill;Renoncer au projet de loi;Gesetzesentwurf aufgeben;;Dejad el presupuesto;;;;;;;;;
EVTOPTA3100;Stop publishing this nonsense!;Censurer ces bêtises !;Hört auf, diesen Unsinn zu publizieren!;;¡Dejad de publicar estas tonterías!;;;;;;;;;
EVTOPTA3101;This scandalous slander ends!;Mettons fin à cette scandaleuse calomnie !;Diese skandalöse Verleumdung hat nun ein Ende!;;¡Se acabó esta escandalosa difamación!;;;;;;;;;
EVTOPTA3102;Do not deny the rumors;Ne pas démentir les rumeurs;Gerüchte nicht verleugnen;;No desmintáis los rumores.;;;;;;;;;
EVTOPTA3200;Shut it down;La fermer;Schließen;;Cerradla;;;;;;;;;
EVTOPTA3201;Water and bread for three months!;Au pain et à l'eau pendant trois mois !;Drei Monate bei Wasser und Brot!;;¡Tres meses a pan y agua!;;;;;;;;;
EVTOPTA3202;Redraw the Constituency!;Redécouper les circonscriptions électorales !;Definiert den Wahlkreis neu!;;¡Rehaced la circunscripción!;;;;;;;;;
EVTOPTA3203;Just because you're paranoid...;Vous êtes parano...;Nur weil du paranoid bist ...;;Es solo paranoia...;;;;;;;;;
EVTOPTA3204;The conservatives won, fair and square;Les conservateurs ont gagné à la régulière.;Die Konservativen haben verdient gewonnen;;Los conservadores han ganado y punto.;;;;;;;;;
EVTOPTA3300;Force through reform;Faire adopter la réforme de force;Reform durchboxen;;Obligadles con una reforma;;;;;;;;;
EVTOPTA3301;Argue for a pension raise;Plaider pour une augmentation des pensions;Für eine Rentenerhöhung argumentieren;;Luchar por un aumento en las pensiones.;;;;;;;;;
EVTOPTA3302;I agree that certain revisions are in order;Je conviens que certaines rectifications s'imposent.;Ich stimme überein, dass gewisse Revisionen angebracht sind;;Estoy de acuerdo en que son necesarias ciertas revisiones.;;;;;;;;;
EVTOPTA3303;...and?;... et ?;... und?;;¿Y?;;;;;;;;;
EVTOPTA3304;Get rid of the cruft;Renoncer aux réformes;Weg mit dem Müll;;Eliminadlas.;;;;;;;;;
EVTOPTA3305;I concur with the good Sirs;Je suis d'accord avec les aristocrates.;Ich stimme dem Adel zu;;Coincido con la opinión de sus señorías.;;;;;;;;;
EVTOPTA3306;Promise Post-War Pensions;Promettre des pensions pour l'après-guerre;Nachkriegsrenten versprechen;;Prometed pensiones de posguerra.;;;;;;;;;
EVTOPTA3307;A limited reform is what we can do;Une réforme limitée, voilà ce qu'on peut entreprendre.;Wir können eine beschränkte Reform durchführen;;Podemos llevar a cabo una reforma limitada.;;;;;;;;;
EVTOPTA3400;...and?;... et ?;... und?;;¿Y?;;;;;;;;;
EVTOPTA3401;On the contrary, we need to lower subsidies;Au contraire, il faut baisser les allocations.;Ganz im Gegenteil, wir müssen das Arbeitslosengeld senken;;Al contrario, hay que bajar los subsidios.;;;;;;;;;
EVTOPTA3402;Ignore the Taxpayer's Committee.;Ignorer la Commission des contribuables;Steuerzahlerkommittee ignorieren.;;Ignorad al comité de contribuyentes.;;;;;;;;;
EVTOPTA3403;What do they want? Unemployment subsidies? Fine.;Que veulent-ils ? Des allocations chômage ? D'accord.;Was wollen sie? Arbeitslosenunterstützung? OK.;;¿Qué es lo que quieren? ¿Subsidios de desempleo? Bien.;;;;;;;;;
EVTOPTA3404;Allow the union boss to mediate;Autoriser le responsable syndical à jouer les médiateurs;Dem Gewerkschaftsführer die Vermittlung erlauben;;Que medie el jefe del sindicato.;;;;;;;;;
EVTOPTA3500;Arrest him;L'arrêter;Verhaftet ihn;;Arrestadlo.;;;;;;;;;
EVTOPTA3501;You've all earned it!;Vous l'avez tous bien mérité !;Ihr habt es euch verdient!;;¡Os lo habéis ganado!;;;;;;;;;
EVTOPTA3502;He stays;Il reste.;Er bleibt;;Que se quede.;;;;;;;;;
EVTOPTA3503;Break up the strike;Briser la grève;Streik niederschlagen;;Acabad con la huelga.;;;;;;;;;
EVTOPTA3600;It was probably his own fault;C'est sans doute de sa faute.;Es war vermutlich sein eigener Fehler;;Seguro que fue por su culpa.;;;;;;;;;
EVTOPTA3601;Okay.;D'accord.;Okay.;;Muy bien.;;;;;;;;;
EVTOPTA3602;Let them have their little fun.;Laissez-les s'amuser.;Lasst sie ihren Spaß haben.;;Dejadles que se diviertan.;;;;;;;;;
EVTOPTA3603;Why does this concern me?;En quoi cela me concerne-t-il ?;Was geht mich das an?;;¿Y qué tiene esto que ver conmigo?;;;;;;;;;
EVTOPTA3604;We could use some better... channels of information.;Nous pourrions utiliser de meilleurs... canaux d'informations.;Wir könnten bessere ... Informationskanäle gebrauchen.;;Nos vendría bien mejorar... nuestros canales de información.;;;;;;;;;
EVTOPTA3605;Who do they think they are?;Pour qui se prennent-ils ?;Wer glauben sie, dass sie sind?;;¿Quiénes se creen que son?;;;;;;;;;
EVTOPTA3606;But that's not free, now is it?;Mais cela a un coût, n'est-ce pas ?;Aber das ist nicht umsonst, nicht wahr?;;Pero, eso no será gratis, ¿verdad?;;;;;;;;;
EVTOPTA3607;We have been blessed;Nous sommes bénis.;Es ist ein Segen;;Es una bendición.;;;;;;;;;
EVTOPTA3701;Tick-tock, little puppets.;Ainsi font, font, font... les petites marionnettes.;Tick, tack, kleine Puppen.;;Tic, tac, tic, tac, marionetas.;;;;;;;;;
EVTOPTA3702;Get rid of these silly legislations!;À bas ces lois ridicules !;Weg mit diesen unsinnigen Gesetzen!;;Deshaceos de esas estúpidas legislaciones!;;;;;;;;;
EVTOPTA3703;A correct observation!;Observation correcte !;Eine korrekte Beobachtung!;;¡Una correcta observación!;;;;;;;;;
EVTOPTA3750;They were probably conspiring;Ils devaient être en train de conspirer.;Es war wahrscheinlich eine Verschwörung;;Seguro que estaban conspirando.;;;;;;;;;
EVTOPTA3751;The law must be enforced;La loi doit être respectée.;Das Gesetz muss aufrechterhalten werden;;Hay que hacer que se cumpla la ley.;;;;;;;;;
EVTOPTA3752;Excellent initiative!;Excellente initiative !;Exzellente Initiative!;;¡Excelente iniciativa!;;;;;;;;;
EVTOPTA3753;The direct consequences of allowing people to assemble;Voilà ce qui arrive lorsqu'on autorise les gens à se rassembler.;Das hat man davon, wenn man den Leuten Versammlungsfreiheit gewährt;;Estas son las consecuencias directas de permitir que la gente se reúna.;;;;;;;;;
EVTOPTA3754;Liberty must always be defended;La liberté doit toujours être défendue.;Die Freiheit muss immer verteidigt werden;;La libertad debe defenderse siempre.;;;;;;;;;
EVTOPTA3755;There were legitimate grievances;Leurs griefs étaient légitimes.;Sie hatten legitime Beschwerden;;Eran quejas legítimas.;;;;;;;;;
EVTOPTA3756;The government wants to achieve reform;Le gouvernement veut entreprendre une réforme.;Die Regierung will Reformen;;El gobierno quiere conseguir la reforma.;;;;;;;;;
EVTOPTA3800;Build local support for reform.;Recueillir des soutiens locaux pour entreprendre une reforme.;Örtliche Unterstützung für Reform suchen.;;Aumentar el apoyo local a la reforma.;;;;;;;;;
EVTOPTA3801;Bloody reactionaries!;Maudits réactionnaires !;Verdammte Reaktionäre!;;¡Malditos reaccionarios!;;;;;;;;;
EVTOPTA3802;We need to abolish some of these reforms;Nous devons renoncer à une partie de ces réformes.;Wir müssen einige dieser Reformen aufheben;;Tenemos que abolir algunas de estas reformas.;;;;;;;;;
EVTOPTA3803;They are right as always.;Ils ont raison, comme toujours.;Sie haben wie immer Recht.;;Como siempre, tienen razón.;;;;;;;;;
EVTOPTA3900;Allow people to legally disturb the peace? Of course not;Permettre au gens de perturber légalement l'ordre public ? Certainement pas.;Legalen Friedensbruch gestatten? Natürlich nicht!;;¿Permitir que la gente perjudique la paz legalmente? Por supuesto que no.;;;;;;;;;
EVTOPTA3901;Membership should be made mandatory;L'adhésion devrait être obligatoire.;Mitgliedschaft sollte Pflicht sein.;;Ser un miembro debería ser obligatorio.;;;;;;;;;
EVTOPTA3902;Shut them down;La dissoudre;Schließt sie;;Que la cierren.;;;;;;;;;
EVTOPTA3903;Bust the unions!;Réprimons les syndicats !;Verbietet die Gewerkschaften!;;¡Acabad con los sindicatos!;;;;;;;;;
EVTOPTA4000;...so?;... Et alors ?;Na und?;;¿Y?;;;;;;;;;
EVTOPTA4001;Liberty shall not perish!;La liberté ne périra pas !;Die Freiheit darf nicht sterben!;;¡La libertad no perecerá!;;;;;;;;;
EVTOPTA4100;Riff-raff!;Racaille !;Gesocks!;;¡Chusma!;;;;;;;;;
EVTOPTA4101;This is all nonsense;C'est absurde.;Das ist doch alles Nonsense!;;No son más que tonterías.;;;;;;;;;
EVTOPTA4102;Why is this on my table?;Qu'est-ce que ça fait sur mon bureau ?;Warum ist das auf meinem Schreibtisch?;;¿Qué hace esto en mi mesa?;;;;;;;;;
EVTOPTA4103;Things have never been better;La situation n'a jamais été aussi bonne.;Uns ging es noch nie so gut.;;Las cosas nunca han ido mejor.;;;;;;;;;
EVTOPTA4200;We should push for reform;Nous devons entamer une réforme.;Wir sollten Reformen anstreben.;;Presionemos en pos de la reforma.;;;;;;;;;
EVTOPTA4201;We should capitalize on this;Nous devrions en profiter.;Wir sollten hieraus Profit schlagen.;;Hemos de aprovechar esto.;;;;;;;;;
EVTOPTA4202;First past the post;Scrutin uninominal majoritaire à un tour;Mehrheitswahlrecht;;Escrutinio uninominal mayoritario.;;;;;;;;;
EVTOPTA4300;Support Charter Reform;Soutenir le mouvement;Charterreform unterstützen;;Apoyad la reforma de la Carta.;;;;;;;;;
EVTOPTA4301;Fix the indexes;Indices fixes;Indexe festsetzen;;Arreglad los índices.;;;;;;;;;
EVTOPTA4302;Adjust the rules;Modifier les règles;Regeln anpassen;;Ajustad las reglas.;;;;;;;;;
EVTOPTA4303;Leave this to die;Ne pas intervenir;Lassen wir dies einschlafen.;;Dejad que la cosa se enfríe.;;;;;;;;;
EVTOPTA4304;We shall see what we can do;Nous allons voir ce que nous pouvons faire.;Wir werden sehen, was wir tun können.;;Veremos qué podemos hacer.;;;;;;;;;
EVTOPTA4305;Rejoice!;Réjouissons-nous !;Frohlocket!;;¡Regocijaos!;;;;;;;;;
EVTOPTA4400;Our merchants are our pride;Nos marchands sont notre fierté.;Unsere Händler sind unser Stolz.;;Nuestros comerciantes son nuestro orgullo.;;;;;;;;;
EVTOPTA4401;Reshuffle the Cabinet;Remanier le gouvernement;Kabinett neu besetzen;;Reemplazad el Gabinete.;;;;;;;;;
EVTOPTA4402;Arrest the merchant;Dénoncer le marchand;Den Kaufmann verpetzen.;;Informad sobre el comerciante;;;;;;;;;
EVTOPTA4403;Support the business;Soutenir l'entreprise;Unternehmen unterstützen;;Apoyad al negocio.;;;;;;;;;
EVTOPTA4404;Reform the administration;Réformer l'administration;Administration reformieren;;Reformad la administración.;;;;;;;;;
EVTOPTA4405;Someone has to pay;Quelqu'un doit payer.;Irgendjemand muss zahlen.;;Alguien debe pagar.;;;;;;;;;
EVTOPTA4406;Fan the flames of public opinion;Attiser les braises dans l'opinion publique;Die Flammen der öffentlichen Meinung schüren.;;Avivad las llamas de la opinión pública.;;;;;;;;;
EVTOPTA4407;Our people are weary;Notre population est fatiguée.;Unsere Menschen sind ermüdet.;;Nuestra gente está cansada.;;;;;;;;;
EVTOPTA4408;Surely people will see his point;Les gens comprendront sûrement.;Sicherlich wird das Volk ihn verstehen.;;Seguro que la gente entiende su punto de vista.;;;;;;;;;
EVTOPTA4409;Further the cause!;Faire progresser la cause;Weiter treiben!;;¡Por la causa!;;;;;;;;;
EVTOPTA4410;Black-guard reactionaries!;Réactionnaires !;Reaktionäre!;;¡Malditos reaccionarios!;;;;;;;;;
EVTOPTA4411;These policies must end;Cette politique doit cesser.;Diese Politik muss enden;;Esas políticas han de acabar.;;;;;;;;;
EVTOPTA4412;We shall overcome!;Nous triompherons !;Wir ewrden die Hürden überwinden!;;¡Lo conseguiremos!;;;;;;;;;
EVTOPTA4413;Spread the word!;Répandons la bonne parole !;Verbreitet die Kunde!;;¡Difundidlo!;;;;;;;;;
EVTOPTA4414;Support the lobby;Soutenir le lobby;Lobby unterstützen;;Apoyad al lobby.;;;;;;;;;
EVTOPTA4415;The policies will stand;Nous allons poursuivre cette politique.;Die Politik bleibt bestehen;;Las políticas permanecerán.;;;;;;;;;
EVTOPTA4416;Support the Free Traders;Soutenir les libre-échangistes;Freihändler unterstützen;;Apoyad el libre comercio.;;;;;;;;;
EVTOPTA4417;Rest, brave soldiers!;Reposez-vous, braves soldats !;Rastet, tapfere Soldaten!;;¡Descansad, bravos soldados!;;;;;;;;;
EVTOPTA4418;Tyranny is not the answer;La tyrannie n'est pas une solution.;Tyrannei ist keine Antwort.;;La tiranía no es la respuesta.;;;;;;;;;
EVTOPTA4419;Insist that there is no problem;Insister sur le fait qu'il n'y a aucun problème;Problem verleugnen;;Negad que haya algún problema.;;;;;;;;;
EVTOPTA4422;Outlaw socialist unions;Interdire les syndicats socialistes;Sozialistische Gewerkschaften verbieten;;Ilegalizad los sindicatos socialistas.;;;;;;;;;
EVTOPTA4421;Political reforms are not on the government's agenda at this point;Aucune réforme politique n'est prévue par le gouvernement sur ce point.;Politische Reformen stehen im Moment nicht auf dem Plan der Regierung.;;En este momento, el gobierno no tiene previstas reformas políticas.;;;;;;;;;
EVTOPTA4423;Blame the bureaucrats;Accuser les bureaucrates;Bürokraten beschuldigen;;Culpad a los burócratas.;;;;;;;;;
EVTOPTA4424;If it still moves, regulate it;Que l'on régule si cela évolue encore !;Wenn es sich noch bewegt - regulieren!;;Si aún queda algo, vamos a regularlo.;;;;;;;;;
EVTOPTA4425;It seems that we have allowed our subjects too much freedom;Il semble que nous ayons accordé trop de liberté à nos sujets.;Es scheint, wir haben unseren Untertanen zuviel Freiheit gewährt.;;Parece que hemos permitido demasiada libertad a nuestros súbditos.;;;;;;;;;
EVTOPTA23200;We should outfit an expedition.;Nous devrions organiser une expédition.;Wir sollten eine Expedition aufstellen.;La Royal Geographic Society ha anunciado una recompensa para el explorador que encuentre las fuentes del Nilo.;Deberíamos enviar una expedición.;;;;;;;;;
EVTOPTA23201;We should try again.;Essayons à nouveau.;Wir sollten es erneut versuchen.;Nuestra expedición nacional ha vuelto sin haber logrado encontrar el nacimiento del Nilo, pero hay grandes esperanzas de que otra expedición pueda lograrlo.;Deberíamos volver a intentarlo.;;;;;;;;;
EVTOPTA23203;A glorious day for science in our nation!;C'est un grand jour pour la science de notre nation !;Ein glorreicher Tag für die Wissenschaft in unserer Nation!;¡Nuestros gloriosos exploradores han encontrado el nacimiento del Nilo, trayéndole gloria y prestigio a nuestro país!;¡Un día glorioso para la ciencia de nuestro país!;;;;;;;;;
EVTOPTA23403;Yes we will attend.;Oui, nous y participerons.;Ja, wir werden teilnehmen.;;Sí, asistiremos.;;;;;;;;;
EVTOPTA23404;We declare open the Games celebrating the First Olympiad of the modern era.;Nous déclarons ouverts les Jeux célébrant la première Olympiade de l'ère moderne.;Wir erklären die Spiele der ersten Olympiade der Moderne für eröffnet.;;Declaramos inaugurados los juegos de la primera Olimpiada de la era moderna.;;;;;;;;;
EVTOPTA23405;Glory to the youth of our nation!;Gloire à la jeunesse de notre nation !;Der Jugend unserer Nation gebührt Ruhm und Ehre!;;¡Gloria a la juventud de nuestra nación!;;;;;;;;;
EVTOPTA23408;We declare open the Games celebrating the Second Olympiad of the modern era.;Nous déclarons ouverts les Jeux célébrant la deuxième Olympiade de l'ère moderne.;Wir erklären die Spiele der zweiten Olympiade der Moderne für eröffnet.;;Declaramos inaugurados los juegos de la segunda Olimpiada de la era moderna.;;;;;;;;;
EVTOPTA23412;We declare open the Games celebrating the Third Olympiad of the modern era.;Nous déclarons ouverts les Jeux célébrant la troisième Olympiade de l'ère moderne.;Wir erklären die Spiele der dritten Olympiade der Moderne für eröffnet.;;Declaramos inaugurados los juegos de la tercera Olimpiada de la era moderna.;;;;;;;;;
EVTOPTA23413;We declare open the Games celebrating the Third Olympiad of the modern era.;Nous déclarons ouverts les Jeux célébrant la troisième Olympiade de l'ère moderne.;Wir erklären die Spiele der dritten Olympiade der Moderne für eröffnet.;;Declaramos inaugurados los juegos de la tercera Olimpiada de la era moderna.;;;;;;;;;
EVTOPTA23416;We declare open the Games celebrating the Fourth Olympiad of the modern era.;Nous déclarons ouverts les Jeux célébrant la quatrième Olympiade de l'ère moderne.;Wir erklären die Spiele der vierten Olympiade der Moderne für eröffnet.;;Declaramos inaugurados los juegos de la cuarta Olimpiada de la era moderna.;;;;;;;;;
EVTOPTA23420;We declare open the Games celebrating the Fifth Olympiad of the modern era.;Nous déclarons ouverts les Jeux célébrant la cinquième Olympiade de l'ère moderne.;Wir erklären die Spiele der fünften Olympiade der Moderne für eröffnet.;;Declaramos inaugurados los juegos de la quinta Olimpiada de la era moderna.;;;;;;;;;
EVTOPTA23421;We declare open the Games celebrating the Fifth Olympiad of the modern era.;Nous déclarons ouverts les Jeux célébrant la cinquième Olympiade de l'ère moderne.;Wir erklären die Spiele der fünften Olympiade der Moderne für eröffnet.;;Declaramos inaugurados los juegos de la quinta Olimpiada de la era moderna.;;;;;;;;;
EVTOPTA23424;We declare open the Games celebrating the Sixth Olympiad of the modern era.;Nous déclarons ouverts les Jeux célébrant la sixième Olympiade de l'ère moderne.;Wir erklären die Spiele der sechsten Olympiade der Moderne für eröffnet.;;Declaramos inaugurados los juegos de la sexta Olimpiada de la era moderna.;;;;;;;;;
EVTOPTA23428;We declare open the Games celebrating the Seventh Olympiad of the modern era.;Nous déclarons ouverts les Jeux célébrant la septième Olympiade de l'ère moderne.;Wir erklären die Spiele der siebten Olympiade der Moderne für eröffnet.;;Declaramos inaugurados los juegos de la séptima Olimpiada de la era moderna.;;;;;;;;;
EVTOPTA23432;We declare open the Games celebrating the Eight Olympiad of the modern era.;Nous déclarons ouverts les Jeux célébrant la huitième Olympiade de l'ère moderne.;Wir erklären die Spiele der achten Olympiade der Moderne für eröffnet.;;Declaramos inaugurados los juegos de la octava Olimpiada de la era moderna.;;;;;;;;;
EVTOPTA23436;We declare open the Games celebrating the Ninth Olympiad of the modern era.;Nous déclarons ouverts les Jeux célébrant la neuvième Olympiade de l'ère moderne.;Wir erklären die Spiele der neunten Olympiade der Moderne für eröffnet.;;Declaramos inaugurados los juegos de la novena Olimpiada de la era moderna.;;;;;;;;;
EVTOPTA23440;We declare open the Games celebrating the Tenth Olympiad of the modern era.;Nous déclarons ouverts les Jeux célébrant la dixième Olympiade de l'ère moderne.;Wir erklären die Spiele der zehnten Olympiade der Moderne für eröffnet.;;Declaramos inaugurados los juegos de la décima Olimpiada de la era moderna.;;;;;;;;;
EVTOPTA23450;A grand gesture by a great Swedish personality;C'est un grand geste de la part de cette personnalité suédoise.;Eine große Geste einer großen schwedischen Persönlichkeit.;;Un gran gesto de este gran personaje sueco.;;;;;;;;;
EVTOPTA23451;A great honor for the study of physics in our nation.;C'est un grand honneur pour l'étude de la physique dans notre nation.;Eine große Ehre für die Wissenschaft der Physik in unserem Lande.;;Un gran honor para el estudio de la Física en nuestra nación.;;;;;;;;;
EVTOPTA23491;A great honor for the study of chemistry in our nation.;C'est un grand honneur pour l'étude de la chimie dans notre nation.;Eine große Ehre für die Wissenschaft der Chemie in unserem Lande.;;Un gran honor para el estudio de la Química en nuestra nación.;;;;;;;;;
EVTOPTA23531;A great honor for medical research in our nation.;C'est un grand honneur pour la recherche médicale de notre nation.;Eine große Ehre für die medizinische Wissenschaft in unserem Lande.;;Un gran honor para la investigación médica en nuestra nación.;;;;;;;;;
EVTOPTA23571;A great honor for the literary tradition in our nation.;C'est un grand honneur pour la tradition littéraire de notre nation.;Eine große Ehre für die literarische Tradition in unserem Lande.;;Un gran honor para la tradición literaria de nuestra nación.;;;;;;;;;
EVTOPTA23611;A great honor for our nation and the goals of global peace.;C'est un grand honneur pour notre nation et pour la paix dans le monde.;Eine große Ehre für unsere Nation und die Ziele des Weltfriedens.;;Un gran honor para nuestra nación y para los fines de la paz global.;;;;;;;;;
EVTOPTA30001;A great spectacle for the world to enjoy!;Un grand spectacle pour le monde entier !;Ein großartiges Spektakel für die ganze Welt!;;¡Un gran espectáculo para disfrute del mundo!;;;;;;;;;
EVTOPTA30003;A great spectacle for our region to enjoy!;C'est un grand spectacle pour notre région !;Ein großartiges Spektakel für die ganze Region!;;¡Un gran espectáculo para disfrute de nuestra región!;;;;;;;;;
EVTOPTA30005;A grand display of the power and wealth of our empire!;Superbe vitrine pour exposer la puissance et les richesses de notre empire !;Eine großartige Schau der Stärke und des Wohlstands unseres Reiches!;;¡Una gran muestra del poder y riqueza de nuestro imperio!;;;;;;;;;
EVTOPTA10100;Let them eat cake!;Qu'ils se débrouillent !;Sollen sie Kuchen essen!;;¡Que coman pasteles!;;;;;;;;;
EVTOPTA10120;I hope I'm not in the obituaries.;J'espère ne pas être à la rubrique nécrologique.;Ich hoffe, ich stehe nicht in den Nachrufen.;;Espero no salir en las necrológicas.;;;;;;;;;
EVTOPTA10130;Oh great.;Oh, parfait !;Na super.;;Ah, genial.;;;;;;;;;
EVTOPTA10140;...maybe that is what they want us to think?;... est-ce ce qu'ils cherchent à nous faire croire ?;...und das sollen wir glauben?;;¿O puede que sea eso lo que quieren que creamos?;;;;;;;;;
EVTOPTA10150;Send in the troops;Envoyer les troupes;Truppen hineinschicken;;Enviemos a las tropas;;;;;;;;;
EVTOPTA10160;Time to crack down on them.;Il est temps de sévir.;Es ist Zeit für Razzien.;;Es hora de caer sobre ellos.;;;;;;;;;
EVTOPTA10170;We shall consider it;C'est comme ça.;Das ist nun mal so.;;Lo consideraremos.;;;;;;;;;
EVTOPTA10180;Interesting;Intéressant;Interessant;;Interesante.;;;;;;;;;
EVTOPTA10190;He sounds like a reasonable man!;Voilà un homme qui semble raisonnable !;Er klingt wie ein vernünftiger Mensch!;;¡Parece un hombre razonable!;;;;;;;;;
EVTOPTA10200;Send in the troops;Envoyer les troupes;Truppen hineinschicken;;Enviemos a las tropas;;;;;;;;;
EVTOPTA10210;Blast!;Bon sang !;Verdammt!;;¡Maldición!;;;;;;;;;
EVTOPTA10220;Good riddance.;Bon débarras !;Bloß weg damit.;;Me alegro.;;;;;;;;;
EVTOPTA10050;We pray for the fallen;Nous prions pour les morts.;Wir beten für die Gefallenen.;;Recemos por los caídos.;;;;;;;;;
EVTOPTA10230;Quarantine the province;Mettre la province en quarantaine;Provinz unter Quarantäne stellen.;;Poned la provincia en cuarentena.;;;;;;;;;
EVTOPTA10240;He was out drinking last night?;Il a bu hier soir ?;Er war gestern Abend auf Sauftour?;;¿Que estuvo bebiendo anoche?;;;;;;;;;
EVTOPTA10250;Say nothing;Ne rien dire;Nichts sagen;;No digáis nada;;;;;;;;;
EVTOPTA12000;Blame local management;Condamner l'administration locale;Lokales Management beschuldigen.;;Culpad a la gestión local.;;;;;;;;;
EVTOPTA12010;Rush through reform;Réformer à la hâte;Reformen durchprügeln;;Apresuraos a reformar las condiciones.;;;;;;;;;
EVTOPTA12020;How unfortunate;Quelle tristesse !;Wie unglücklich;;Qué desgracia.;;;;;;;;;
EVTOPTA12030;Cover their losses;Couvrir le retard;Gleicht ihre Verluste aus.;;Cubrid sus pérdidas;;;;;;;;;
EVTOPTA12040;Crops do not grow themselves, sadly.;Les cultures ne poussent pas toutes seules, hélas.;Leider wachsen die Ernten nicht von alleine.;;Por desgracia, el grano no crece solo.;;;;;;;;;
EVTOPTA12050;Accept the loss;Accepter les pertes;Verlust akzeptieren;;Aceptemos las pérdidas.;;;;;;;;;
EVTOPTA12060;Stockpile the food;Stocker en réserve nationale de la nourriture;Nahrung horten;;Haced reserva de comida.;;;;;;;;;
EVTOPTA12080;The government will cover all losses;Le gouvernement couvrira toutes les pertes.;Die Regierung wird die Verluste abdecken.;;El gobierno cubrirá todas las pérdidas.;;;;;;;;;
EVTOPTA12090;There is nothing we can do.;Nous ne pouvons rien faire.;Wir können nichts tun.;;No hay nada que podamos hacer.;;;;;;;;;
EVTOPTA12100;Only this province is affected;Cette province est la seule touchée.;Nur diese Provinz ist befallen.;;Solo esta provincia está afectada.;;;;;;;;;
EVTOPTA12110;Rock me in my cradle!;Bercez-moi !;Wunderbar!;;¡Qué gran satisfacción!;;;;;;;;;
EVTOPTA12120;Dig deep and greedily!;Creuser profondément et avidement !;Tief und gierig bohren!;;¡Excavad profunda y codiciosamente!;;;;;;;;;
EVTOPTA12130;Work harder!;Travailler plus dur !;Härter arbeiten!;;¡Trabajad más duro!;;;;;;;;;
EVTOPTA12140;Let us celebrate!;Faisons la fête !;Lasst uns feiern!;;¡Celebrémoslo!;;;;;;;;;
EVTOPTA12150;Reimburse the widows with pensions.;Dédommager les veuves en leur versant une pension;Renten für die Witwen veranlassen.;;Compensad a las viudas con pensiones.;;;;;;;;;
EVTOPTA12160;Social Responsibility!;Responsabilité sociale !;Soziale Verantwortung!;;¡Responsabilidad social!;;;;;;;;;
EVTOPTA12180;The government accepts no responsibility;Le gouvernement se dégage de toute responsabilité.;Die Regierung lehnt jede Verantwortung ab.;;El gobierno no acepta la responsabilidad.;;;;;;;;;
EVTOPTA12190;Buy the fuel;Acheter le carburant;Treibstoff kaufen;;Comprad el combustible.;;;;;;;;;
EVTOPTA12200;The interests of industry will prevail;Les intérêts de l'industrie prévalent.;Die Interessen der Industrie werden Vorrecht haben.;;Los intereses de la industria prevalecerán.;;;;;;;;;
EVTOPTA12210;Excellent!;Excellent !;Exzellent!;;¡Excelente!;;;;;;;;;
EVTOPTA12220;Stockpile the extra tea;Stocker en réserve nationale l'excédent de thé;Überschüssigen Tee lagern.;;Almacenad el té extra.;;;;;;;;;
EVTOPTA12230;We have none to spare;Nous n'avons rien à gaspiller.;Wir haben keine Extrateile.;;No podemos dar ningún repuesto.;;;;;;;;;
EVTOPTA12240;... what's it worth to you?;... qu'est-ce qui est mieux pour vous ?;... was ist es euch wert?;;¿Qué te importa a ti?;;;;;;;;;
EVTOPTA12250;Prioritize saving the rich neighborhoods;Sauver en priorité les quartiers riches.;Zuerst die reichen Viertel retten.;;Primero salvad los barrios más ricos.;;;;;;;;;
EVTOPTA12260;Our offices must be representative;Nos bureaux doivent être représentatifs.;Unsere Büros müssen repräsentativ aussehen.;;Nuestras oficinas deben ser representativas.;;;;;;;;;
EVTOPTA12270;We can still wear them, though...;Mais on peut encore les porter...;Wir können sie trotzdem noch tragen ...;;Aún así, podemos seguir llevándolos...;;;;;;;;;
EVTOPTA12280;Discard the rags;Jeter ces guenilles;Schmeißt die Fetzen weg.;;Deshaceos de los trapos.;;;;;;;;;
EVTOPTA13020;Allow them to return home;Les laisser rentrer chez eux.;Lasst sie heimkehren.;;Dejadles regresar a casa.;;;;;;;;;
EVTOPTA13030;Oh well...;Ah bon...;Na ja ...;;Oh, bueno...;;;;;;;;;
EVTOPTA13040;Keep it small. Keep it simple. Keep it under control.;Voir petit. Faire simple. Maintenir sous contrôle.;Immer schön klein halten. Immer schön simpel halten. Immer schön unter Kontrolle halten.;;Mantenedlo pequeño. Mantenedlo bajo control.;;;;;;;;;
EVTOPTA13050;It is not our place to intervene;Ce n'est pas notre rôle d'intervenir.;Es ist nicht unsere Pflicht, zu intervenieren.;;No nos corresponde intervenir.;;;;;;;;;
EVTOPTA13055;Blast!;Bon sang !;Verdammt!;;¡Maldición!;;;;;;;;;
EVTOPTA13060;It is not our place to intervene;Ce n'est pas notre rôle d'intervenir.;Es ist nicht unsere Pflicht, zu intervenieren.;;No nos corresponde intervenir.;;;;;;;;;
EVTOPTA13065;That's the spirit!;C'est courageux !;So muss das sein!;;¡Así se hace!;;;;;;;;;
EVTOPTA13070;Why, that is excellent!;C'est tout à fait excellent ! ;Das ist ja ganz ausgezeichnet!;;¡Eso es magnífico!;;;;;;;;;
EVTOPTA13080;The foreigner is ignorant, not malevolent;L'étranger est ignorant, pas malveillant.;Der Ausländer ist ignorant, nicht bösartig.;;El extranjero es ignorante, no malévolo.;;;;;;;;;
EVTOPTA13090;Our research will blossom.;Notre recherche va progresser.;Unsere Forschung wird aufblühen.;;Nuestra investigación florecerá.;;;;;;;;;
EVTOPTA13100;Oh darn.;Oh, bon sang !;Oh verflixt.;;¡Caramba!;;;;;;;;;
EVTOPTA13110;Sounds good!;Cela me semble bien !;Klingt gut!;;¡Suena bien!;;;;;;;;;
EVTOPTA13120;Enjoy the conversations, but ultimately do nothing;Surveiller les conversations sans intervenir;Die Gespräche genießen, aber nichts tun.;;Disfrutad de las conversaciones, pero no hagáis nada.;;;;;;;;;
EVTOPTA13130;Certainly! Our troops need to modernize;Certainement ! Nos troupes doivent se moderniser.;Sicherlich! Unsere Truppen müssen modernisiert werden.;;¡Ciertamente! Nuestras tropas necesitan modernizarse.;;;;;;;;;
EVTOPTA13140;Blast!;Bon sang !;Verdammt!;;¡Maldición!;;;;;;;;;
EVTOPTA13150;Ignore them;Les ignorer;Ignoriert sie;;Ignoradlos;;;;;;;;;
EVTOPTA13160;Hand him over to the foreigners;Le remettre aux étrangers;Händigt ihn seinen Landsleuten aus.;;Entregadlo a los extranjeros.;;;;;;;;;
EVTOPTA13170;Dispatch a punitive expedition;Dépêcher une expédition punitive;Strafexpedition entsenden;;Enviad una expedición punitiva.;;;;;;;;;
EVTOPTA13180;We are pleased;Nous sommes ravis.;Wir sind erfreut.;;Estamos satisfechos.;;;;;;;;;
EVTOPTA13190;Reform the military;Réformer l'armée;Militär reformieren;;Reformad el ejército.;;;;;;;;;
EVTOPTA13200;We bide our time;Nous attendons le bon moment.;Wir warten auf den richtigen Zeitpunkt.;;Esperaremos el momento oportuno.;;;;;;;;;
EVTOPTA13210;Push for reform;Réformer;Auf Reformen drängen.;;Impulsad la reforma.;;;;;;;;;
EVTOPTA13220;They'd better appreciate this;C'est à prendre ou à laisser.;Dafür sollten sie uns dankbar sein.;;Ellos lo apreciarían.;;;;;;;;;
EVTOPTA13230;Grudgingly erect a monument to the diplomat;Ériger à contrecœur un monument à la mémoire du diplomate;Widerwillig ein Monument zu Gedenken des Diplomaten errichten.;;A regañadientes, erigid un monumento.;;;;;;;;;
EVTOPTA13240;Turn the ship away;Renvoyer le navire;Schickt das Schiff fort.;;No dejar pasar al barco;;;;;;;;;
EVTOPTA13250;Free Trade is Fair Trade!;Le libre-échange, c'est le juste échange !;Freihandel ist fairer Handel!;;¡El comercio libre es comercio justo!;;;;;;;;;
EVTOPTA13260;Bending with the wind is also a form of resistance;Plier sous le vent est aussi une forme de résistance.;Sich dem Winde beugen ist auch eine Form des Widerstandes.;;Combarse con el viento también es una forma de resistencia.;;;;;;;;;
EVTOPTA13270;Huzzah!;Hourra !;Hurra!;;¡Hurra!;;;;;;;;;
EVTOPTA13280;Blast!;Bon sang !;Verdammt!;;¡Maldición!;;;;;;;;;
EVTOPTA13290;Major reform!;Réforme importante !;Große Reform!;;¡Reforma a gran escala!;;;;;;;;;
EVTOPTA13300;Open a bombard with whatever is available;Le bombarder avec tout ce qui est disponible;Mit allem bombardieren, was wir haben.;;Cañonearlo en cuanto sea posible;;;;;;;;;
EVTOPTA13305;A matter that merits national attention, I'm sure;C'est une question qui mérite une attention nationale, j'en suis sûr.;Ich bin überzeugt, dass diese Angelegenheit der nationalen Aufmerksamkeit wert ist.;;Un asunto que merece atención nacional, no me cabe duda.;;;;;;;;;
EVTOPTA13310;False teachings!;Leurs enseignements sont faux !;Falsche Lehren!;;¡Falsas enseñanzas!;;;;;;;;;
EVTOPTA13320;Interesting...;Intéressant...;Interessant;;Interesante...;;;;;;;;;
EVTOPTA13330;Excellent!;Excellent !;Exzellent!;;¡Excelente!;;;;;;;;;
EVTOPTA13340;I see pillars of smoke...;Je vois des colonnes de fumée...;Ich sehe Rauchsäulen ...;;Veo columnas de humo...;;;;;;;;;
EVTOPTA13352;Indeed...;En effet...;In der Tat ...;;Ya lo creo...;;;;;;;;;
EVTOPTA13360;Interesting.;Intéressant.;Interessant;;Interesante.;;;;;;;;;
EVTOPTA13400;Let's have a seat!;Asseyons-nous !;Setzen wir uns!;;¡Tomemos asiento!;;;;;;;;;
EVTOPTA13410;Excellent!;Excellent !;Exzellent!;;¡Excelente!;;;;;;;;;
EVTOPTA13420;Interesting;Intéressant;Interessant;;Interesante.;;;;;;;;;
EVTOPTA14500;Divert more water to local farms;Détourner de l'eau vers les fermes locales;Mehr Wasser zu lokalen Höfen umleiten.;;Desviar más agua hacia las granjas locales.;;;;;;;;;
EVTOPTA14510;We should open the colony up to free competition between any and all traders;Nous devrions ouvrir la colonie à la concurrence entre tous les commerçants.;Wir sollten die Kolonie dem offenen Wettbewerb zwischen allen Händlern öffnen.;;Deberíamos abrir la colonia a la libre competencia entre todo tipo de comerciantes.;;;;;;;;;
EVTOPTA14520;Naturally, a new factory can only be a good thing;Naturellement, l'ouverture d'une nouvelle usine ne peut être qu'une bonne chose.;Natürlich bringt eine neue Fabrik nichts als Gutes.;;Una nueva fábrica solo puede resultar positiva, desde luego.;;;;;;;;;
EVTOPTA14530;We must seek an effective, honest and diligent administration;Nous devons mettre en place une administration efficace, honnête et appliquée.;Wir müssen eine effektive, ehrliche und strebsame Verwaltung anstreben.;;Tenemos que conseguir una administración efectiva, honesta y diligente.;;;;;;;;;
EVTOPTA14550;A rousing cheer for the Empire!;Une acclamation enthousiaste pour l'Empire !;Ein dreifaches Hoch auf das Reich!;;¡Un enardecido saludo al imperio!;;;;;;;;;
EVTOPTA14560;We need to enact a more comprehensive education policy;Nous devons mettre en œuvre une politique éducative digne de ce nom.;Wir brauchen eine umfassendere Bildungspolitik.;;Tenemos que llevar a cabo una política educativa más exhaustiva;;;;;;;;;
EVTOPTA14570;We make no concessions to threats and violence;Nous ne ferons aucune concession face aux menaces ou à la violence.;Wir lassen uns von Drohungen und Gewalt nicht einschüchtern.;;Nosotros no hacemos concesiones a las amenazas y a la violencia;;;;;;;;;
EVTOPTA14580;Who gives a hoot about their religion anyway?;Qui s'intéresse à leur religion ?;Niemand schert sich einen Dreck um ihre Religion.;;¿Y a quién le importa su religión?;;;;;;;;;
EVTOPTA14590;Lazy natives need to learn to adapt!;Ces fainéants d'indigènes vont devoir s'adapter !;Diese faulen Eingeborenen müssen lernen, sich anzupassen!;;¡Esos nativos perezosos tienen que adaptarse!;;;;;;;;;
EVTOPTA14600;We must remain calm. This situation will pass.;Nous devons rester calmes. Cette situation passera.;Wir müssen die Ruhe bewahren. Die Situation wird sich schon beruhigen.;;Tenemos que mantener la calma. Esta situación pasará.;;;;;;;;;
EVTOPTA14610;Excellent!;Excellent !;Hervorragend!;;¡Excelente!;;;;;;;;;
EVTOPTA14620;Intervene immediately!;Intervenir immédiatement !;Sofort intervenieren!;;¡Hay que intervenir de inmediato!;;;;;;;;;
EVTOPTA14630;Leave it be. Hopefully the situation will resolve itself.;Laisser faire. Avec un peu de chance, la situation se rétablira d'elle-même.;Lasst es sein. Hoffentlich wird sich die Situation von selbst lösen.;;Dejémoslo como está. Esperemos que la situación se resuelva por sí sola.;;;;;;;;;
EVTOPTA14640;This is something, therefore it must be done!;C'est quelque chose ! Cela doit donc être fait !;Wir müssen unbedingt etwas unternehmen!;;¡Algo pasa, así que algo habrá que hacer!;;;;;;;;;
EVTOPTA14650;Let us leave the lion sleeping in its jungle;Laissons le lion dormir dans sa jungle.;Lassen wir die armen Tiere doch in Ruhe!;;Dejemos al león que duerma tranquilamente.;;;;;;;;;
EVTOPTA14660;This will reflect beautifully on us!;Excellente nouvelle !;Das wird uns in gutem Licht erscheinen lassen!;;¡Esto tendrá una magnífica repercusión para nosotros!;;;;;;;;;
EVTOPTA14680;I support the idea wholeheartedly;Je soutiens l'idée de tout cœur.;Ich unterstütze die Idee voll und ganz.;;Apoyo la idea sin reservas;;;;;;;;;
EVTOPTA14690;My loyal subjects, you serve your country best at home!;Mes loyaux sujets, vous servirez mieux votre pays sur votre terre natale !;Meine loyalen Untertanen, eurem Land dient ihr am besten zu Hause!;;¡Mis leales súbditos, servís mejor a vuestro país en casa!;;;;;;;;;
EVTOPTA14700;It's a Bananza!;Hum, des bananes !;Alle auf die Bananen!;;¡Plátano Baloo!;;;;;;;;;
EVTOPTA14710;Get out of my hair you profiteering scumbags;Hors de ma vue, sales profiteurs.;Geht mir aus den Augen, ihr unverschämten Wucherer!;;Fuera de mi vista, escoria especuladora;;;;;;;;;
EVTOPTA14720;The colonies are of vital importance to the nation;Les colonies ont une importance vitale pour la nation.;Die Kolonien sind für die Nation von unverzichtbarer Bedeutung.;;Las colonias son de vital importancia para la nación;;;;;;;;;
EVTOPTA15000;$COUNTRY$ is occupied elsewhere at the moment;$COUNTRY$ a autre chose à régler pour le moment.;$COUNTRY$ ist gerade mit anderen Aufgaben beschäftigt.;;$COUNTRY$ está ocupado ;;;;;;;;;
EVTOPTA15010;The policy stands;Maintenir cette politique;Das Gesetz bleibt.;;La iniciativa se queda como está;;;;;;;;;
EVTOPTA15020;Leave him be;Le laisser tranquille;Lasst ihn in Frieden.;;Dejadlo en paz;;;;;;;;;
EVTOPTA15030;Mitigate the policies slightly;Modérer légèrement la politique;Strategie leicht abmildern.;;Mitiguemos ligeramente esas políticas;;;;;;;;;
EVTOPTA15050;They're $PROVINCECULTURE$! We have nothing to fear;Ce sont des $PROVINCECULTURE$ ! Nous n'avons rien à craindre.;Sie sind $PROVINCECULTURE$! Wir haben nichts zu befürchten.;;¡Son gente de ascendencia $PROVINCECULTURE$! ;;;;;;;;;
EVTOPTA15060;Nationalize the bank;Nationaliser la banque;Die Bank soll verstaatlicht werden.;;Nacionalizar el banco;;;;;;;;;
EVTOPTA15070;Speak softly;Négocier en douceur;Behutsam gegen sie vorgehen.;;Charlar amablemente;;;;;;;;;
EVTOPTA15080;We fight them here;Les combattre ici même;Wir werden sie hier bekämpfen.;;Los combatiremos aquí;;;;;;;;;
EVTOPTA15090;The runt got what he deserved;Cet avorton n'a eu que ce qu'il méritait.;Der Bengel hat bekommen, was er verdient hat.;;El niñato se llevó lo que se merecía;;;;;;;;;
EVTOPTA15100;We are not provoked by this drivel;Ces bêtises ne nous font ni chaud ni froid.;Diese Bemühungen provozieren uns nicht!;;No nos dejemos provocar por tales sandeces;;;;;;;;;
EVTOPTA15110;Curtail distribution;Limiter sa distribution;Vertrieb drosseln.;;Restringid la distribución;;;;;;;;;
EVTOPTA15120;The die has been cast;Les dés sont jetés;Die Würfel sind gefallen.;;La suerte está echada;;;;;;;;;
EVTOPTA15130;Use $COUNTRYCULTURE$;Utiliser le $COUNTRYCULTURE$;$COUNTRYCULTURE$ verwenden;;Usar a la población $COUNTRYCULTURE$;;;;;;;;;
EVTOPTA15140;No time to see them, sadly;Pas le temps de les voir, hélas.;Ich habe leider keine Zeit für sie, wie schade.;;Lamentablemente, no puedo recibirlos;;;;;;;;;
EVTOPTA15150;Organize a crack-down;Sévir;Hart durchgreifen;;Tomemos medidas enérgicas;;;;;;;;;
EVTOPTA15160;Arrrgh!;Arrrgh !;Arrrgh!;;¡Arrrgh!;;;;;;;;;
EVTOPTA15170;Round up the usual suspects;Rassembler les suspects habituels;Sammelt die üblichen Verdächtigen ein.;;Detengamos a los sospechosos habituales;;;;;;;;;
EVTOPTA15180;Support the movement;Soutenir le mouvement;Bewegung unterstützen;;Apoyemos el movimiento;;;;;;;;;
EVTOPTA15190;Do not intervene;Ne pas intervenir;Nicht intervenieren;;No intervengamos;;;;;;;;;
EVTOPTA15200;Get rid of the ring-leaders;Se débarrasser des meneurs;Lasst die Anführer verschwinden.;;Deshagámonos de los cabecillas;;;;;;;;;
EVTOPTA15210;This man is clearly dangerous. Imprison him;Cet homme est dangereux. Il faut l'emprisonner.;Der Mann ist gefährlich. Werft ihn ins Gefängnis.;;Este hombre es claramente peligroso Encarcelarlo.;;;;;;;;;
EVTOPTA15220;Demand strict discipline;Exiger une discipline stricte;Strenge Disziplin fordern.;;Exijamos una estricta disciplina;;;;;;;;;
EVTOPTA15230;Secret Police to the rescue;Appeler la police secrète à la rescousse;Geheimpolizei einsetzen;;Policía secreta al rescate;;;;;;;;;
EVTOPTA15240;Leave it be;Laisser faire;Lasst sie in Ruhe.;;Dejadla en paz;;;;;;;;;
EVTOPTA15260;Yes, of course!;Oui, bien sûr !;Ja, natürlich!;;¡Sí, por supuesto!;;;;;;;;;
EVTOPTA15270;Rescind the building ban!;Abroger cette interdiction !;Widerruft den Bauprojektbann!;;¡Revocad la prohibición de construir!;;;;;;;;;
EVTOPTA15274;Rescind the building policy;Renoncer à la politique de construction;Widerruft den Bauprojektbann!;;Revocad la política de construcción;;;;;;;;;
EVTOPTA15280;Enforce the $COUNTRY_ADJ$ Curricula;Appliquer le programme d'études $COUNTRY_ADJ$;$COUNTRY_ADJ$en Stundenplan erzwingen.;;Impongamos la educación a la $COUNTRY_ADJ$;;;;;;;;;
EVTOPTA15290;Reform the curricula;Réformer le système;Reformiert den Stundenplan.;;Reformemos el currículo;;;;;;;;;
EVTOPTA15300;Not in $PROVINCENAME$ they don't!;Pas en $PROVINCENAME$ !;Nein, nicht in $PROVINCENAME$!;;¡En $PROVINCENAME$, ni hablar!;;;;;;;;;
EVTOPTA15310;Horrid. Absolutely horrid.;Horrible. Absolument horrible.;Fürchterlich. Absolut fürchterlich.;;Mal asunto. Muy mal asunto.;;;;;;;;;
EVTOPTA16000;Three rousing cheers for the Union!;Hip hip hip hourra pour l'Union !;Ein dreifaches Hurra auf die Union!;;¡Tres vivos hurras por la Unión!;;;;;;;;;
EVTOPTA16010;His soul is, indeed, marching on.;Son âme poursuit le combat.;Sein Seele marschiert tatsächlich weiter.;;Su espíritu sigue avanzando, sin duda.;;;;;;;;;
EVTOPTA16020;Worrying news;C'est une nouvelle inquiétante.;Beunruhigende Nachrichten;;Noticias preocupantes;;;;;;;;;
EVTOPTA16040;Of master...;Maître...;Of master...;;A los amos..;;;;;;;;;
EVTOPTA16050;Something for everyone!;Il y en a pour tous les goûts !;Für jeden etwas!;;¡Algo para todos!;;;;;;;;;
EVTOPTA16060;Something for everyone!;Il y en a pour tous les goûts !;Für jeden etwas!;;¡Algo para todos!;;;;;;;;;
EVTOPTA16080;Let them sing;Laissons-les chanter.;Lasst sie doch singen.;;Dejadles cantar;;;;;;;;;
EVTOPTA16110;...so?;... et alors ?;... na und?;;¿Y?;;;;;;;;;
EVTOPTA16160;Indeed;En effet;Tatsächlich;;Ciertamente;;;;;;;;;
EVTOPTA16170;My Stamp Collectors act!;Ma loi sur les collectionneurs de timbres !;Mein Briefmarkensammlergesetz!;;¡Mi ley de filatélicos!;;;;;;;;;
EVTOPTA16210;A black day for $STATENAME$;Une journée noire pour $STATENAME$;Ein schwarzer Tag für $STATENAME$;;Un día negro para $STATENAME$;;;;;;;;;
EVTOPTA16220;Interesting;Intéressant;Interessant;;Interesante.;;;;;;;;;
EVTOPTA16230;Grim news;Triste nouvelle;Betrübliche Neuigkeiten;;Malas noticias;;;;;;;;;
EVTOPTA16240;Grim news;Triste nouvelle;Betrübliche Neuigkeiten;;Malas noticias;;;;;;;;;
EVTOPTA16300;So this is the little lady...;C'est donc cette petite dame...;Das ist also die kleine Frau ...;;Así que esta pequeña damisela...;;;;;;;;;
EVTOPTA16310;Interesting;Intéressant;Interessant;;Interesante.;;;;;;;;;
EVTOPTA16400;Trust the common man to get it right!;Faire confiance à l'opinion publique !;Vertrauen wir darauf, dass der einfache Mann Recht behält!;;¡Confiemos en el hombre de la calle para hacer lo debido!;;;;;;;;;
EVTOPTA16410;Rejoice!;Réjouissons-nous !;Juhu!;;¡Alegría!;;;;;;;;;
EVTOPTA16420;Let us hope that this is their last stand.;Espérons qu'il s'agit de la dernière poche de résistance.;Lasst uns hoffen, dass dies ihr letztes Gefecht wird.;;Esperemos que esta sea su batalla final.;;;;;;;;;
EVTOPTA16430;R.I.P.;Qu'ils reposent en paix !;Ruht in Frieden.;;Descanse en paz;;;;;;;;;
EVTOPTA16440;They will submit, sooner or later.;Tôt ou tard, ils se soumettront.;Früher oder später werden sie sich unterwerfen.;;Se someterán tarde o temprano.;;;;;;;;;
EVTOPTA16450;Hail to the Chief!;Salut au chef !;Der Häuptling lebe hoch!;;¡Viva el Jefe!;;;;;;;;;
EVTOPTA17010;Use the secret police to contain these dangerous revolutionaries;Utiliser la police secrète pour contenir ces dangereux révolutionnaires.;Interessant.;;Usad a la policía secreta para contener a estas revolucionarias peligrosas;;;;;;;;;
EVTOPTA17570;And they say there is no leftist bias in the media... pfft.;Et ils disent qu'il n'y a pas de polarisation gauchiste dans les médias... pfft ;Gut.;;Y dicen que no hay tendencia izquierdista en los medios... pfff.;;;;;;;;;
EVTOPTA18000;They do as they please;Ils font ce qu'ils veulent.;Sie können machen, was sie wollen.;;Ellos actúan como les place;;;;;;;;;
EVTOPTA18010;Liberal-Conservative;Libéraux-conservateurs;Liberal-Konservativ;;Conservadora liberal;;;;;;;;;
EVTOPTA18020;That does not make the deficiencies any less real;Il n'en reste pas moins que les carences sont bien réelles.;Das ändert aber nichts an dem Bestehen der Defizite.;;Eso no hace que las deficiencias sean menos reales.;;;;;;;;;
EVTOPTA18030;Lend it tacit support;Offrir notre soutien tacite;Stillschweigend unterstützen;;Prestarle apoyo tácito;;;;;;;;;
EVTOPTA18040;That won't be necessary;Cela ne sera pas nécessaire.;Das wird nicht notwendig sein.;;No será necesario;;;;;;;;;
EVTOPTA18050;Motion carries;Motion acceptée;Antrag angenommen;;Se acepta la moción;;;;;;;;;
EVTOPTA18060;The party-whips will bring them in line;Les appels du parti y remettront de l'ordre.;Die Partei-Peitschen werden sie schon zur Vernunft bringen.;;Los látigos del partido los mantendrán a raya;;;;;;;;;
EVTOPTA18070;Just as planned;Comme prévu;Wie geplant;;Tal y como estaba planeado;;;;;;;;;
EVTOPTA18080;Let them go;Qu'ils s'en aillent !;Sollen sie doch gehen.;;Que se vayan;;;;;;;;;
EVTOPTA18090;We need a bi-partisan solution;Il nous faut une solution bi-partisane.;Wir benötigen eine überparteiliche Lösung!;;Necesitamos una solución bipartidista;;;;;;;;;
EVTOPTA18100;Stall the issue until the next election;Remettre ce point à la prochaine élection;Zögert das Problem bis zur nächsten Wahl hinaus.;;Eludamos el asunto hasta las próximas elecciones;;;;;;;;;
EVTOPTA18110;Fortune favors the bold;La chance sourit aux audacieux.;Das Glück belohnt die Mutigen.;;La suerte favorece a los audaces;;;;;;;;;
EVTOPTA18120;Let them go.;Qu'ils s'en aillent.;Sollen sie doch gehen.;;Que se vayan.;;;;;;;;;
EVTOPTA18130;What will be, will be;Qui vivra verra !;Es kommt, wie es kommt.;;Lo que tenga que ser, será;;;;;;;;;
EVTOPTA18140;Do nothing;Ne rien faire;Nichts unternehmen;;No hacer nada;;;;;;;;;
EVTOPTA18150;Stop the move.;Arrêter le mouvement;Haltet sie auf.;;Detengamos la maniobra;;;;;;;;;
EVTOPTA18160;Things will get better;La situation va s'améliorer;Alles wird besser werden.;;Las cosas irán a mejor;;;;;;;;;
EVTOPTA18170;Maybe we have things to learn;Nous avons peut-être des choses à apprendre;Vielleicht haben wir noch etwas zu lernen.;;Tal vez hay cosas que tenemos que aprender;;;;;;;;;
EVTOPTA18180;Excellent!;Excellent !;Hervorragend!;;¡Excelente!;;;;;;;;;
EVTOPTA18190;By Jingo!;Bon sang !;Recht hat er!;;¡Por Jingo!;;;;;;;;;
EVTOPTA18200;Push for laissez faire;Mettre en avant un programme de 'laissez-faire';Laissez Faire vorantreiben.;;Impulsemos el 'laissez faire';;;;;;;;;
EVTOPTA18500;Restore the calm;Restaurer le calme;Ruhe und Ordnung wiederherstellen.;;Restablezcamos la calma;;;;;;;;;
EVTOPTA18510;Modesty and justice;Modestie et justice;Bescheidenheit und Gerechtigkeit;;Humildad y justicia;;;;;;;;;
EVTOPTA18520;Let us not overextend;Ne dépassons pas les bornes.;Jetzt wollen wir aber mal nicht übertreiben.;;No nos desbordemos;;;;;;;;;
EVTOPTA18530;Hard work and toil!;Travaillez dur !;Harte Arbeit zahlt sich aus!;;¡Trabajo duro y esfuerzo!;;;;;;;;;
EVTOPTA18540;Pride and Glory;Fierté et gloire;Stolz und Ruhm;;Orgullo y gloria;;;;;;;;;
EVTOPTA18550;Dispatch police forces;Envoyez les forces de police;Polizeitruppen einsetzen.;;Despleguemos fuerzas policiales;;;;;;;;;
EVTOPTA18560;Let us forget;Oublions.;Lasst uns vergessen.;;Olvidémoslo;;;;;;;;;
EVTOPTA18570;Remain calm, and take pride;Garder notre calme et savourer notre fierté;Ruhig bleiben und stolz sein.;;Mantener la calma, y sentirnos orgullosos;;;;;;;;;
EVTOPTA18580;Peace is on its way;La paix est en marche;Bald wird Frieden herrschen.;;La paz está de camino;;;;;;;;;
EVTOPTA19000;Good news!;Bonne nouvelle !;Gute Nachrichten!;;¡Buenas noticias!;;;;;;;;;
EVTOPTA19005;Assert our position;Imposer notre position;Unsere Position durchsetzen.;;Impongamos nuestra postura;;;;;;;;;
EVTOPTA19010;All must see our splendor!;Tout le monde doit voir notre splendeur !;Alle müssen unsere Größe sehen!;;¡Todos deben contemplar nuestro esplendor!;;;;;;;;;
EVTOPTA19020;Send the expedition!;Envoyez l'expédition !;Schickt die Expedition los!;;¡Enviemos la expedición!;;;;;;;;;
EVTOPTA19022;Send a $COUNTRY_ADJ$ expedition!;Envoyez une expédition $COUNTRY_ADJ$ !;Schickt eine $COUNTRY_ADJ$e Expedition los!;;¡Enviemos una expedición $COUNTRY_ADJ$!;;;;;;;;;
EVTOPTA19023;No, he's on his own;Non, qu'il se débrouille !;Nein, er ist auf sich alleine gestellt.;;No, que se apañen;;;;;;;;;
EVTOPTA19024;Abort the expedition;Abandonner l'expédition;Brecht die Expedition ab!;;Cancelemos la expedición;;;;;;;;;
EVTOPTA19025;We support our boys!;Nous soutenons nos hommes !;Wir unterstützen unsere Jungs!;;¡Apoyemos a nuestros muchachos!;;;;;;;;;
EVTOPTA19026;Blast!;Nom de nom !;Verdammt!;;¡Maldición!;;;;;;;;;
EVTOPTA19027;Excellent!;Parfait !;Hervorragend!;;¡Excelente!;;;;;;;;;
EVTOPTA19028;Blast!;Nom de nom !;Verdammt!;;¡Maldición!;;;;;;;;;
EVTOPTA19029;Yay!;Oui !;Juhu!;;¡Toma ya!;;;;;;;;;
EVTOPTA19030;$FROMCOUNTRY$ must renounce the title;$FROMCOUNTRY$ doit renoncer au titre;$FROMCOUNTRY$ muss sich von dem Titel lossagen.;;$FROMCOUNTRY$ debe renunciar al título;;;;;;;;;
EVTOPTA19031;The title is ours!;Ce titre est à nous !;Der Titel ist unser!;;¡El título es nuestro!;;;;;;;;;
EVTOPTA19032;So it must be;Qu'il en soit ainsi !;So soll es sein.;;Así debe ser;;;;;;;;;
EVTOPTA19033;Most fortunate;À la bonne heure !;Was für ein Glück.;;Muy afortunadamente;;;;;;;;;
EVTOPTA19043;Bribes are the way forward;Corruption en cours;Bestechungsgelder sind unterwegs.;;Los sobornos son la solución;;;;;;;;;
EVTOPTA19044;Fantastic!;Fantastique !;Fantastisch!;;¡Fantástico!;;;;;;;;;
EVTOPTA19045;What next? Comet sighted?;Et maintenant ? Comète en vue ?;Was kommt als nächstes? Die Sichtung eines Kometen?;;¿Qué será lo próximo? ¿Avistar un cometa?;;;;;;;;;
EVTOPTA19046;Glorious!;Magnifique !;Wunderbar!;;¡Glorioso!;;;;;;;;;
EVTOPTA19047;Orphans Rejoice!;Les orphelins se réjouissent !;Fantastisch!;;¡Menudo alegrón!;;;;;;;;;
EVTOPTA19200;This reeks of foul play...;Cela sent la mauvaise histoire...;Das riecht nach falschem Spiel ...;;Esto apesta a juego sucio...;;;;;;;;;
EVTOPTA19300;I lift my lamp beside the golden door;De ma lumière, j'éclaire la porte d'or !;Hoch halt’ ich mein Licht am gold’nen Tore!;;Elevo mi faro junto a la dorada puerta;;;;;;;;;
EVTOPTA19500;They shall not have died in vain!;Ils ne doivent pas être morts en vain !;Sie sollen nicht umsonst gestorben sein!;;¡Su muerte no será en vano!;;;;;;;;;
EVTOPTA19501;Merits due consideration;Mérite et considération;Das ist reifliche Überlegung wert.;;Los méritos merecen consideración;;;;;;;;;
EVTOPTA21000;*cough* *cough*;(Toux !);*hust* *hust*;;*cof* *cof*;;;;;;;;;
EVTOPTA21010;We must aid those starving!;Nous devons aider ceux qui ont faim !;Wir müssen den Hungerleidenden helfen!;;¡Tenemos que ayudar a esos hambrientos!;;;;;;;;;
EVTOPTA21020;Stuff breaks, people die;Des gens meurent;Zeug zerbricht, Leute sterben.;;Las cosas se deterioran, la gente muere;;;;;;;;;
EVTOPTA21030;Fight the disease with every available means;Combattez cette maladie coûte que coûte;Die Krankheit mit allen zur Verfügung stehenden Mitteln bekämpfen.;;Combatamos la enfermedad con todo medio disponible;;;;;;;;;
EVTOPTA21040;Do whatever we can. Every life is precious!;Faire notre possible. Chaque vie est précieuse !;Alles Menschenmögliche unternehmen. Jedes Leben ist kostbar!;;Hagamos todo lo que podamos ¡Cada vida es preciada!;;;;;;;;;
EVTOPTA21500;Eeep!;Hééé !;Wie furchtbar!;Los científicos creen que la explosión ocurrida en Tunguska en 1908, que produjo una bola de fuego que devastó Siberia, arrasando bosques y causando temblores en todo el mundo, fue ocasionada por la caída de un meteorito.;¡Uy!;;;;;;;;;
EVTOPTA21510;Eeep!;Hééé !;Wie furchtbar!;La erupción del volcán Krakatoa y el subsiguiente tsunami deja más de 36500 muertos en las Indias Orientales Holandesas. El sonido de la erupción se pudo oír en Rodrigues Island, en el océano Índico.;¡Uy!;;;;;;;;;
EVTOPTA21520;Eeep!;Hééé !;Wie furchtbar!;;¡Uy!;;;;;;;;;
EVTOPTA22000;The whip cracks out of love!;Le bruit du fouet !;Die Peitsche schnalzt aus lauter Liebe!;;¡El látigo chasquea por amor!;;;;;;;;;
EVTOPTA22010;No one escapes from Azazel's Atoll!;Personne ne s'échappe de l'atoll d'Azazel !;Niemand entkommt von Azazels Atoll!;;¡Nadie escapa del atolón de Azazel!;;;;;;;;;
EVTOPTA22011;Oh well, it had to be so;Oh, parfait. Il devait l'être.;Na ja, es musste wohl so kommen.;;Oh, bien, así tenía que ser;;;;;;;;;
EVTOPTA22020;The prisons are dirty for a reason, sweetie.;Les prisons sont sales pour une raison, très cher.;Schatzi, die Gefängnisse sind absichtlich so dreckig.;;Las prisiones son sucias por una razón, encanto.;;;;;;;;;
EVTOPTA22030;Demand that police produce a perpetrator;Exiger que la police trouve un responsable;Verlangen, dass die Polizei einen Täter präsentiert.;;Exijamos a la policía que presente a un autor del delito;;;;;;;;;
EVTOPTA22040;We need to consider more humane forms of punishment;Il nous faut envisager des châtiments plus humains.;Wir müssen humanere Bestrafungen in Betracht ziehen.;;Tenemos que considerar formas de castigo más humanas;;;;;;;;;
EVTOPTA22050;Search High!;Cherchez en haut !;Viel ausgeben!;;¡Incrementen la búsqueda!;;;;;;;;;
EVTOPTA22060;It can certainly be considered;Il pourrait être bon d'y réfléchir;Dies können wir sicherlich in Betracht ziehen.;;Se puede considerar, desde luego;;;;;;;;;
EVTOPTA22070;The issue deserves due consideration;Cette question mérite d'être prise en compte;Dieses Problem bedarf reiflicher Überlegung.;;El asunto merece la debida consideración;;;;;;;;;
EVTOPTA22080;I shall certainly be happy to meet with them;Je serai ravi de rencontrer les membres de ce comité.;Ich werde mich gewiss gerne mit ihnen treffen.;;Estaré encantado de reunirme con ellos;;;;;;;;;
EVTOPTA29900;Truly, 'tis.;C'est certain.;Aber echt!;;Ciertamente, lo son.;;;;;;;;;
EVTOPTA29901;Brilliant!;Parfait !;Großartig!;;¡Brillante!;;;;;;;;;
EVTOPTA29902;Kaboom!;Boum !;Bumm!;;¡Buuuuum!;;;;;;;;;
EVTOPTA29903;Excellent!;Parfait !;Hervorragend!;;¡Excelente!;;;;;;;;;
EVTOPTA29904;Let us not dig too deep and greedily, though.;Veillons cependant à ne pas creuser trop profond et à ne pas nous montrer trop gourmands.;Lasst uns trotzdem nicht zu tief und gierig graben!;;En cualquier caso, que no nos ciegue la avaricia y excavemos más de la cuenta;;;;;;;;;
EVTOPTA31100;Fascinating!;Fascinant !;Faszinierend!;¡El arqueólogo Heinrich Schliemann ha desenterrado en Turquía los restos de la ciudad perdida de Troya! Este descubrimiento llevará a una explosión de talento en el campo de la arqueología y captará la atención de millones de personas.;¡Fascinante!;;;;;;;;;
EVTOPTA31101;We welcome the German investment.;Nous nous réjouissons de l'investissement allemand.;Wir heißen die deutsche Investition willkommen.;¡Fascinante!;Bienvenida sea la inversión alemana;;;;;;;;;
EVTOPTA31300;Good to know!;C'est bon à savoir !;Gut zu wissen!;En enero de 1837 se llevó a cabo en Suiza el primer censo oficial. Según los resultados, Suiza tenía una población de 2.190.258 habitantes.;¡Bien!;;;;;;;;;
EVTOPTA31301;That was close;Il s'en est fallu de peu !;Das war knapp!;En agosto de 1838, Francia exigió a Suiza la extradición de Luis Napoleón, sobrino del emperador Napoleón I y pretendiente al trono de Francia. Suiza se negó, y lo único que evitó que Francia invadiese Suiza fue que Luis Napoleón emprendió viaje a Londres.;Ha faltado poco;;;;;;;;;
EVTOPTA31302;A new age of communications in Switzerland;Une nouvelle ère de communications en Suisse;Anbruch eines neuen Kommunikationszeitalters in der Schweiz;En 1852 llegó a Suiza la telegrafía por código morse. En un principio había 27 estaciones de telégrafo en el país alpino.;Una nueva era para las comunicaciones en Suiza.;;;;;;;;;
EVTOPTA31303;The vox populi has spoken.;La 'vox populi' a parlé.;Die Stimme des Volkes hat gesprochen.;Referéndum sobre los ferrocarriles;La voz del pueblo ha hablado.;;;;;;;;;
EVTOPTA31306;Order must be restored in Ticino.;L'ordre doit être rétabli à Ticino.;In Ticino muss wieder Ordnung herrschen!;Los liberales radicales han llevado a efecto un sangriento golpe de estado en Ticino. Las tropas federales han procedido a sofocarlo. Esto ha hecho crecer las tensiones entre ambas partes del conflicto, pero la absolución de los líderes del golpe de estado ha convencido a los elementos reaccionarios de que el gobierno federal va a por ellos.;Hay que restaurar el orden en Ticino.;;;;;;;;;
EVTOPTA31307;This could become an example for others. Or the state?;Cela pourrait devenir un exemple pour d'autres. Ou l'État lui-même...;Dies könnte auch anderen blühen. Oder gar dem Staat?;La emperatriz de Austria, Isabel de Wittelsbach, ha sido asesinada por un anarquista italiano llamado Luigi Lucheni. Este acto abominable tuvo lugar en el hotel Beau-Rivage de Ginebra.;Esto podría convertirse en un ejemplo para otros. ¿O para el estado?;;;;;;;;;
EVTOPTA31308;Controversial ideas spreading.;Des idées controversées se propagent.;Kontroverse Ideen verbreiten sich.;Se ha celebrado un congreso socialista en Zimmerwald. La iniciativa de celebrar la conferencia ha partido de Name y Grimm, dos destacados socialistas suizos. Entre la gente de otros países en acudir figuran alemanes como Ledebour y Hoffmann, franceses como Bourderon y Merrheim, italianos como Modigliani y Lazzari, rusos como Lenin y Bobrov, y muchos más.;Difusión de ideas polémicas;;;;;;;;;
EVTOPTA31310;An idea long overdue;Enfin !;Eine längst fällige Einrichtung;16 países han firmado la Convención de Ginebra, para mejorar la suerte de los soldados heridos de ejércitos en el campo de batalla. Como símbolo eligieron la bandera suiza invertida: una cruz roja sobre un fondo blanco.;Una idea que debió aplicarse hace mucho;;;;;;;;;
EVTOPTA32500;A tragic death;Une mort tragique;Ein tragischer Tod;Pushkin, uno de los más influyentes escritores que pusieron a Rusia al mismo nivel que el resto de Europa, fue conocido por obras como 'Eugene Onegin', 'Boris Godunov', y 'La hija del capitán'. Murió en febrero de 1837 tras un duelo con un inmigrante francés.;Una muerte trágica;;;;;;;;;
EVTOPTA32501;So? Poland shall be kept off the map.;Et alors... La Pologne n'a rien à faire sur une carte.;Na und? Polen hat auf der Landkarte nichts verloren!;Se funda en París el comité para la independencia polaca, que apoya el movimiento independentista polaco contra Rusia, Austria-Hungría y Prusia.;¿Y? Polonia seguirá sin figurar en el mapa.;;;;;;;;;
EVTOPTA32502;Serves him right!;Il ne l'a pas volé !;Geschieht ihm Recht!;Fundado en 1844, el círculo Petrashevski discutió reformas para la Rusia zarista, y contaba entre sus miembros a gente como Fyodor M. Dostoyevski. En mayo de 1849 fueron arrestados 123 miembros del círculo. Petrashevsky fue enviado a Siberia.;¡Se lo merece!;;;;;;;;;
EVTOPTA32503;To the glory of the Czar!;Pour la gloire du Tsar !;Zum Ruhme des Zaren!;La colección de arte en el Ermitage, construido según los planos de Leo von Klenze, abrió sus puertas en San Petersburgo. Permitió al público ver las más espléndidas y preciadas obras de arte que se puedan encontrar en todas las Rusias.;¡Por la gloria del Zar!;;;;;;;;;
EVTOPTA32504;Ah, sweet music!;Ah, douce musique !;Oh, welch liebliche Musik!;El 8 de febrero de 1874, después de años de trabajo y revisiones, se publicó e interpretó la ópera de Mussorgski 'Boris Godunov'. Mezclando música popular rusa con conceptos de Richard Wagner, Mussorgski fomenta la idea de que pueda existir una música nacional.;¡Ah, qué música más encantadora!;;;;;;;;;
EVTOPTA32505;Sometimes two plus two must equal five.;Parfois, deux et deux font cinq.;Manchmal muss zwei plus zwei fünf ergeben.;En 1880, Fiodor Dostoiesvski terminó su obra magna 'Los hermanos Karamazov'. Una de las más sugerentes obras literarias de la historia, 'Los hermanos Karamazov' era una comedia que desarrollaba los temas de su carrera como escritor postsocialista. Puede que se tratase de una comedia, pero tal vez fuera la comedia más seria jamás escrita. En sus memorias, 'El diario de un escritor', Dostoievski rechazó las acusaciones de la izquierda a su trabajo diciendo que ningún izquierdista había escrito una crítica del cristianismo más devastadora que los capítulos 'Rebelión' y 'El Gran Inquisidor' de los hermanos Karamazov. Las obras de Dostoievski tuvieron una gran influencia, no sólo en Rusia, sino en todo occidente, y no sólo en círculos literarios, sino también filosóficos y religiosos.;A veces, dos más dos suman cinco.;;;;;;;;;
EVTOPTA32506;You can't stop the progress!;On n'arrête pas le progrès !;Der Fortschritt ist unaufhaltbar!;En 1837, una línea férrea de 26 km. de longitud comunicó San Petersburgo con una residencia real en Czarskoe Selo. Ése fue el primer ferrocarril del imperio ruso.;¡No se puede frenar el progreso!;;;;;;;;;
EVTOPTA32507;We'll trade with Japan!;Nous commercerons avec le Japon !;Wir werden mit Japan Handel treiben!;El primer acuerdo ruso-japonés ('Tratado de amistad, comercio y fronteras') fue firmado por el vicealmirante ruso Putyatin en Shimoda el 7 de febrero de 1855. Las islas Kuriles septentrionales pasaron a formar parte de Rusia, mientras que Sajalín quedaba bajo jurisdicción 'compartida'. Japón abrió tres de sus puertos a los comerciantes rusos.;¡Vamos a comerciar con Japón!;;;;;;;;;
EVTOPTA32508;A fantastic production!;Une fantastique production !;Ein fantastisches Stück!;El estilo de producción de La Gaviota, de Antón Chejov, ha demostrado que el Teatro del arte de Moscú está llevando por sí solo al teatro ruso hasta el siglo XX.;¡Una obra fantástica!;;;;;;;;;
EVTOPTA33000;Amazing!;Etonnant !;Erstaunlich!;La compañía de teatro del principado de Sajonia-Meiningen ha interpretado su repertorio en Berlín con un gran éxito. Pronto comenzarán una serie de giras por naciones de toda Europa.;¡Asombroso!;;;;;;;;;
EVTOPTA33001;Lions, zebras and elephants for everyone!;Des lions, des zèbres, des éléphants - pour tout le monde !;Löwen, Zebras und Elefanten für jedermann!;En 1874, Carl Hagenbeck, hijo de un comerciante de animales, celebró en Hamburgo su primer espectáculo sobre gentes exóticas. Más tarde expandió el concepto, fundando en 1887 un circo en el que los animales eran entrenados sin usar la fuerza bruta, y, finalmente, inauguró su zoológico al aire libre, modélico en su categoría, en Hamburgo en 1907.;¡Leones, cebras y elefantes para todos!;;;;;;;;;
EVTOPTA33002;Finally, the language will now be unified, too.;La langue est finalement unifiée, elle aussi;Endlich ist auch die Sprache vereinigt!;El director de escuela Konrad Duden publicó en 1880 su primera 'Ortografía de la lengua alemana'. Durante los años subsiguientes, se convirtió en el fundamento de la ortografía alemana. Hoy en día, sigue siendo el diccionario de mayor autoridad de la lengua alemana.;Por fin el idioma estará también unificado.;;;;;;;;;
EVTOPTA33005;We will fund it!;Nous la financerons !;Projekt finanzieren!;;¡Lo financiaremos!;;;;;;;;;
EVTOPTA33800;Tragic!;C'est tragique !;Dammich!;Un incendio de tres días ha arrasado casi un tercio de Hamburgo. La catástrofe conduce a reformas en la extinción de incendios y los planes de desarrollo urbano.;¡Qué tragedia!;;;;;;;;;
EVTOPTA33801;A tragedy!;Quelle tragédie !;Eine Tragödie!;El Austria, buque de la compañía Hapag, se ha hundido frente a las costas de Terranova a causa del 'ahumado', un sistema de desinfección mediante humo de alquitrán. En el incidente murieron 495 personas, la mayoría emigrantes procedentes de Europa.;¡Qué tragedia!;;;;;;;;;
EVTOPTA33802;Ahoy!;Ohé !;Ahoi!;Los principales comerciantes de Hamburgo fundaron el Hamburg-Amerikanische Packetfahrt Actiengesellschaft, proporcionando transporte para cruzar el Atlántico. Sus servicios fueron bien acogidos por el creciente número de emigrantes a las Américas.;¡Ah del barco!;;;;;;;;;
EVTOPTA33900;We are now part of Hanover;Nous faisons désormais partie de Hanovre;Wir gehören nun zu Hannover.;El duque Guillermo de Brunswick-Luneburg ha muerto sin herederos aceptables. Ernesto Augusto II, al ser su pariente varón más próximo, le sucede como duque de Brunswick. Así pues, el ducado se convierte en parte de nuestro reino.;Ahora somos parte de los Hannover;;;;;;;;;
EVTOPTA33901;The lands of Hanover reunited;Les territoires de Hanovre réunis;Die hannoverischen Länder sind wieder vereint.;;Los territorios de los Hannover reunificados;;;;;;;;;
EVTOPTA34100;They shall sing, not debate!;Qu'ils chantent au lieu de discuter !;Singen sollen sie, nicht debattieren!;En 1838, 42 sociedades corales procedentes del valle del Rin, Baden, Hessen y la Franconia se reúnen en Frankfurt para celebrar un festival de tres días de duración dedicado a la interpretación de la música de Mozart. Sin embargo, el evento se convirtió en una manifestación a favor de la unidad política.;¡Van a cantar, no a debatir!;;;;;;;;;
EVTOPTA34500;God save the Grand Duke!;Dieu sauve le Grand-duc !;Gott schütze den Großherzog!;Aunque Oldenburgo fue elevado de ducado a gran ducado el 9 de junio de 1815, su majestad Pedro II es el primer monarca en usar oficialmente el título de 'gran duque' en su advenimiento formal.;¡Dios salve al gran duque!;;;;;;;;;
EVTOPTA34600;Interesting ideas, nevertheless!;Des idées intéressantes, pourtant !;Trotzdem - gute Ideen!;Adolph Diesterweg, un educador alemán, establece los principios para la enseñanza a niños, con el objetivo de hacer de ellos ciudadanos conscientes, pensantes y responsables. Sus ideas causaron su suspensión en 1847.;¡Interesantes ideas, pese a todo!;;;;;;;;;
EVTOPTA34601;A Dreamer!;Un rêveur !;Träumer!;En agosto de 1841, von Fallersleben escribió su poema 'Deutschlandlied' en Helgoland. Combinándolo con la melodía del compositor austríaco Joseph Haydn 'Gott erhalte Franz den Kaiser', en el futuro pasaría a ser el himno nacional alemán.;¡Un visionario!;;;;;;;;;
EVTOPTA34602;Long live the King! ;Longue vie au nouveau roi !;Lang lebe der König!;El 7 de junio de 1840, el rey Federico Guillermo III muere a los casi 70 años de edad. Su hijo, un romántico, le sucede en el trono.;¡Larga vida al rey! ;;;;;;;;;
EVTOPTA34603;Exotic animals! ;Des animaux exotiques !;Exotische Tiere!;En agosto de 1844 se inaugura en Berlín el primer jardín zoológico de Alemania. Ya existen otros jardines similares en Londres y Amberes.;¡Animales exóticos! ;;;;;;;;;
EVTOPTA34604;All our citizens shall have equal duties!;Tous nos citoyens doivent avoir les mêmes devoirs !;Alle unsere Bürger sollen gleiche Pflichten haben!;Una ley prusiana promulgada en octubre de 1845 obligaba a los judíos a adoptar apellidos fijos. También se obligaba a los judíos a servir en el ejército.;¡Todos nuestros ciudadanos tendrán las mismas obligaciones!;;;;;;;;;
EVTOPTA34605;And then there were eight.;Et de huit !;Und auf einmal waren es acht.;El astrónomo prusiano Johann Gottfried Galle descubrió el planeta Neptuno. Sería, hasta 1930, el último planeta en ser descubierto en nuestro sistema solar.;Y ya van ocho...;;;;;;;;;
EVTOPTA34607;Use this throughout the country!;L'étendre à l'échelon national !;Krankenfonds im ganzen Land einführen!;La compañía Krupp de Essen introduce unos fondos que sus trabajadores deberán pagar cuando uno de los 970 empleados caiga enfermo. La contribución es obligatoria.;¡Que se ponga en práctica en todo el país!;;;;;;;;;
EVTOPTA34700;Ahh, music!;Ah, la musique !;Ah, Musik!;En 1837 se estrena en Leipzig la ópera más conocida de Albert Lortzing, 'Zar und Zimmermann' (Zar y carpintero). Lortzing es considerado como el padre de la ópera cómica alemana, contrapunto de la ópera romántica.;¡Aah, la música!;;;;;;;;;
EVTOPTA34701;A wonderful building.;Un monument magnifique;Ein wundervolles Bauwerk.;El profesor Gottfried Semper, arquitecto de la corte de Sajonia, ha terminado una de sus obras maestras, la ópera de Dresde, que lleva su nombre. Su estilo estaba influenciado tanto por el clasicismo como por el renacimiento, y él tuvo mucho que ver en que Dresde se ganase el apodo de 'La Florencia del Elba'.;Maravilloso edificio.;;;;;;;;;
EVTOPTA35300;Encore, Encore!;Encore, encore !;Zugabe, Zugabe!;Giacomo Puccini, que obtuvo un gran éxito en 1904 al convertir en una ópera la obra 'Madame Butterfly' del americano David Belasco, estrenará otra obra basada en la 'The Girl of the Golden West' de Belasco como 'La Fanciulla del West'.;¡Bis, bis!;;;;;;;;;
EVTOPTA35301;Encore, Encore!;Encore, encore !;Zugabe, Zugabe!;La interpretación de Rigoletto por parte de Enrico Caruso en el Covent Garden de Londres le ha lanzado a la fama internacional.;¡Bis, bis!;;;;;;;;;
EVTOPTA35400;A true masterpiece!;Un vrai chef-d'œuvre !;Ein wahres Meisterwerk!;La obra más influyente de Verdi, 'Nabucco', estrenada en la ópera de la Scala de Milán, cautivó los corazones de muchos italianos. Su coro de prisioneros se acabaría convirtiendo en el himno oficioso de Italia.;¡Una verdadera obra maestra!;;;;;;;;;
EVTOPTA35700;Labor merits value as much as wealth.;La travaille vaut autant que la richesse.;Die Arbeiterschaft schätzt Werte so sehr wie Reichtum.;La encíclica del papa León XIII sobre los 'Derechos y obligaciones del capital y el trabajador' comienza con las palabras 'Rerum Novarum'. El espíritu del cambio revolucionario socialista ha invadido un número cada vez mayor de áreas. Las causas de los conflictos están claras: la tremenda expansión de las empresas industriales, en las transformadas relaciones entre patrones y trabajadores, en las enormes fortunas de unos pocos individuos y la total pobreza de las masas y en la imperante degeneración moral. El socialismo amenaza los cimientos religiosos y morales del estado y pretende causar una ruptura en los intereses que comparten la iglesia, el estado, el patrón y el empleado, y los sustituye con una perversa doctrina atea. Deben nacer asociaciones que satisfagan las necesidades del progreso pero que protejan a los débiles. Como dice el apóstol San Pablo, 'La caridad es paciente, es amable... no busca lo suyo... sufre todas las cosas... soporta todas las cosas'.;El trabajo merece ser tan valorado como la riqueza.;;;;;;;;;
EVTOPTA36400;Such upsetting images...;Des images bouleversantes;Solch aufwühlende Gemälde…;Edvard Munch (1863-1944) tuvo un papel decisivo en el desarrollo del expresionismo. Sus obras conmocionaron a las capas altas de la sociedad hasta tal punto que en un principio fueron prohibidas. Sus cuadros crearon conciencia de las terribles condiciones en que vivían los menos afortunados.;Son unas imágenes tan inquietantes...;;;;;;;;;
EVTOPTA36401;The people's language for the nation;La langue du peuple pour la nation;Die Sprache des Volkes für die Nation.;El profesor Ivar Aasen (1813-1896), hijo de un agricultor, vio la necesidad de una reforma del lenguaje escrito noruego, que hasta ese momento había sido el danés. Mediante varios viajes por el país, visitando pequeñas aldeas y comunidades agrícolas, creó una gramática y un diccionario para un 'nuevo' idioma noruego. Aunque su codificación del lenguaje hablado no sirvió de mucho a la hora de educar a aquellos a quienes quería ayudar, muchos de sus poemas y textos fueron convertidos en canciones y, de ese modo, se difundieron por el mundo rural. Poco antes de su muerte, su nuevo idioma recibió el reconocimiento oficial del parlamento noruego.;La lengua del pueblo para la nación;;;;;;;;;
EVTOPTA36402;Damn authors!;Sacrés écrivains !;Verdammte Autoren!;En el último tramo del siglo XIX, Noruega fue sacudida por las obras de los importantes autores Henrik Ibsen, Bjørnstjerne Bjørnson, Alexander Kielland y Jonas Lie. Sus novelas y sus obras de teatro del género realista enfurecieron al sistema, causaron discusiones por todo el país y despejaron el terreno para grandes reformas sociales.;¡Malditos escritores!;;;;;;;;;
EVTOPTA36403;A platform to defend our interests.;Un tremplin pour défendre nos intérêts.;Eine Plattform zur Verteidigung unserer Interessen.;En 1884, Johan Sverdrup, de la facción liberal del Storting, exigió que el gobierno se basara en una mayoría parlamentaria. Aunque nunca fue promulgado como ley o decreto, esto se convirtió en precedente legal y el Storting se organizó por grupos políticos en su pulso con el rey.;Una plataforma para defender nuestros intereses.;;;;;;;;;
EVTOPTA36405;Dangerous ideas spreading.;De nouvelles idées dangereuses se propagent.;Gefährliche Ideen verbreiten sich.;Marcus Thrane, inspirado por los sentimientos revolucionarios europeos de 1848, comenzó a crear sindicatos de obreros y trabajadores. Exigían el sufragio universal, mejores condiciones para los siervos y el final de las tasas aduaneras a las importaciones de grano. El gobierno atacó a este movimiento, y Thrane fue condenado a cinco años de cárcel.;Difusión de ideas peligrosas.;;;;;;;;;
EVTOPTA36600;An artistic genius;Un génie artistique;Ein künstlerisches Genie!;La soprano sueca Jenny Lind nació en Estocolmo en 1820. Hizo su debut en la ópera 'Der Freischütz' en Estocolmo en el año 1838, y, a mediados de la década de los 40, su fama fue en aumento gracias a una serie de exitosas actuaciones en Europa y Estados Unidos. Jenny Lind fue la primera superestrella sueca, famosa tanto por su canto exquisitamente expresivo y su increíble técnica vocal como por su forma de ser sincera, humilde y sin pretensiones. Ganó una fortuna gracias a sus conciertos y sus apariciones en óperas, y destinó grandes sumas a fines benéficos.;Un artista genial;;;;;;;;;
EVTOPTA36601;Education for the masses!;L'éducation pour tous !;Bildung für die Massen!;En 1842 se introdujo en Suecia la enseñanza primaria obligatoria. Aunque ya existía una antigua tradición de enseñanza, la ley de la enseñanza primaria eliminó casi totalmente el analfabetismo entre los jóvenes. Ahora, los municipios recibían un medio para obligar a los padres reacios a ello a responsabilizarse de verdad de la educación de sus hijos.;¡Educación para las masas!;;;;;;;;;
EVTOPTA36602;Speak free!;Liberté de parole !;Freie Meinungsäußerung!;El periódico vespertino sueco Aftonbladet apareció por primera vez el 6 de diciembre de 1830, bajo la dirección de Lars Johan Hierta. El gobierno no lo miraba con muy buenos ojos, ya que estaba a favor de la libertad de expresión, el libre comercio, la rebaja de las tasas aduaneras y las reformas democráticas. Despreciado por la clase alta y adorado por la clase media, el rey intentó en vano impedir su publicación, pero su tirada aumentó rápidamente durante los años siguientes. Con sus opiniones liberales, la importancia del Aftonbladet fue fundamental en la lucha por la libertad de prensa en Suecia.;¡Libertad de expresión!;;;;;;;;;
EVTOPTA36603;Call out the troops!;Qu'on appelle la troupe !;Ruft die Truppen zu Hilfe!;1848 fue un año de revoluciones y disturbios en Europa. Las tensiones acabaron afectando a Suecia, y, el 19 de marzo de 1848, grandes multitudes de ciudadanos rebeldes y descontentos de diversas ideologías y clases recorrieron las calles de Estocolmo. La turba causó grandes destrozos en la ciudad, causando daños materiales y atacando a quienes le resultaban antipáticos. El rey, Óscar I, consiguió personalmente que la turba diese media vuelta, pero pronto se trasladó a otras partes de la ciudad para continuar su labor de destrucción. El rey acabó perdiendo la paciencia y llamando al ejército. Murieron alrededor de 30 personas y muchas más resultaron heridas.;¡Que intervengan las tropas!;;;;;;;;;
EVTOPTA36604;Our scientists help advance the nation;Nos scientifiques contribuent à faire avancer la nation;Unsere Wissenschaftler unterstützen den Fortschritt der Nation.;Göran Fredrik Göransson fue el primero en utilizar con éxito el método del inglés Henry Bessemer para la fabricación del acero a escala industrial. El método consistía en hacer pasar una corriente de aire por el hierro fundido para reducir su contenido de carbón a un nivel apropiado. De esta manera se obtenía un acero susceptible de ser forjado. Este éxito llevó a la construcción de una nueva fábrica de acero en Sandviken.;Nuestros científicos contribuyen al avance de nuestra nación;;;;;;;;;
EVTOPTA36606;Tragedy!;Quelle tragédie !;Eine Tragödie!;Tras la pérdida de la cosecha del año anterior a causa de las intensas lluvias, el año de 1868 la cosecha se volvió a perder. Aquél fue un año de intenso calor, sequía e incendios. Hubo una hambruna y muchas familias comenzaron a emigrar a otros países.;¡Una tragedia!;;;;;;;;;
EVTOPTA36607;Terrible!;C'est terrible !;Schrecklich!;Las dificultades continuaron en 1869. Estallaron epidemias y tanto en las ciudades como en el campo se dieron escenas de hambre, desesperación y mendicidad. La emigración siguió a gran escala. Más de 60.000 personas abandonaron Suecia durante los tres años del hambre, de 1867 a 1869.;¡Es terrible!;;;;;;;;;
EVTOPTA36608;Let's celebrate!;Célébrons cet événement !;Lasset uns feiern!;En 1871 se llevó a cabo una gran ceremonia en Arvika para celebrar la unión de las redes nacionales de ferrocarriles de Suecia y Noruega.;¡Celebremos!;;;;;;;;;
EVTOPTA36609;Sell that barren rock NOW!;Qu'on vende ce rocher stérile tout de suite !;Diesen kargen Felsbrocken SOFORT verkaufen!;La pequeña isla de San Bartolomé, en las Antillas Occidentales, llevaba 94 años bajo administración sueca cuando, en 1878, se decidió volvérsela a vender a Francia. Ya no disfrutaba de la prosperidad de sus primeras décadas como puerto franco durante la Revolución y las guerras napoleónicas, y se había convertido en una carga económica.;¡Vender esa roca desolada YA!;;;;;;;;;
EVTOPTA36610;Law and order please!;Un peu d'ordre, s'il vous plaît;Ich bitte um Ruhe und Ordnung!;En 1879, la economía sueca se hallaba en recesión y los patrones de los aserraderos de Sundsvall se vieron obligados a recortar los sueldos. Estalló una huelga espontánea y organizada que llegó a alcanzar a 21 aserraderos y a afectar a 6.000 trabajadores. Fue la primera huelga a gran escala en Suecia. Unió a los trabajadores y sirvió como un primer punto de partida para los movimientos de las clases obrera y socialdemócrata, así como para la organización de los sindicatos en décadas venideras.;¡Ley y orden, por favor!;;;;;;;;;
EVTOPTA36611;Intriguing!;Curieux !;Fesselnd!;August Strindberg (1849-1912) fue una de las personalidades de más talento de la literatura mundial. Autor teatral, novelista y escritor de cuentos cortos, sus trabajos exhibían una furia y un genio que combinaban el naturalismo, la psicología y el misticismo. 'La cámara roja' le lanzó a la fama en 1879. Satirizó a las instituciones y la situación de Suecia de finales de la década de 1870. Strindberg, hombre polifacético, sentía un odio fanático hacia la mujer emancipada, sentía interés por la ciencia y el ocultismo ¡y también hizo sus pinitos en la pintura, la fotografía y la alquimia!;¡Fascinante!;;;;;;;;;
EVTOPTA36612;Yes, our defense must be strong!;Oui, nous devons nous défendre !;Ja, wir brauchen starke Verteidigungsanlagen !;En 1900, el parlamento sueco tomó la decisión de construir un vasto sistema de fortificaciones en Boden, cerca de la frontera con Finlandia. Construida en la cima de un peñasco con una situación estratégica cerca del río Luleå, y con un campo de visión excepcional, tenía como propósito vigilar el flanco norte y las riquezas naturales de la zona en caso de una agresión rusa.;¡Sí, nuestras defensas han de ser fuertes!;;;;;;;;;
EVTOPTA36614;Great stuff!;Un grand livre !;Toller Stoff!;Carl Jonas Love Almqvist, uno de los escritores más prominentes de Suecia y una de sus personalidades más complejas, tuvo un gran impacto sobre el desarrollo de la literatura sueca con una extensa producción literaria de obras en prosa que se caracterizaban por su romanticismo, su misticismo y su conciencia social. En 'Det går an' desafía las opiniones tradicionales sobre el matrimonio y el papel de la mujer en la sociedad. El libro causó rápidamente un escándalo.;¡Qué bueno!;;;;;;;;;
EVTOPTA36615;These are hard times indeed.;Les temps sont durs;Das sind wirklich harte Zeiten.;La década de 1880 fue mala para el sector agrícola. Si a eso sumamos una población en continuo crecimiento y un descontento cada vez mayor, estos problemas desencadenaron una ola de emigraciones masivas. Durante toda la década de 1880 se dio una emigración de familias a un ritmo preocupante. Más de 340.000 ciudadanos partieron hacia América, donde había más espacio y más oportunidades.;Sí, corren malos tiempos.;;;;;;;;;
EVTOPTA36616;Yes, accept the reform.;Oui, accepter la réforme;Ja, die Reform annehmen.;Siguiendo una propuesta de Louis De Geer, se decidió que el arcaico sistema parlamentario sueco, con sus cuatro estados de nobleza, clero, burgueses y campesinos, sería reemplazado por un parlamento compuesto de dos cámaras con los mismos derechos. A pesar de esta reforma liberal, la democracia aún estaba muy lejos. El sistema era injusto y creó una elite de prósperos hombres de negocios. Aquello dio lugar a un movimiento a escala nacional solicitando el sufragio universal para hombres y mujeres.;Sí, aceptar la reforma.;;;;;;;;;
EVTOPTA36617;Hurray!;Accorder ce droit;Gebt ihnen dieses Recht!;Carlos XIV, rey de Suecia y Noruega, cedió ante las exigencias del Storting y permitió que los barcos noruegos viajasen bajo bandera noruega en todas las aguas del mundo.;Darles el derecho;;;;;;;;;
EVTOPTA36622;The peoples of Scandinavia must stand together!;Le peuple scandinave doit rester soudé !;Die Völker Skandinaviens müssen zusammenhalten!;Tras la victoria danesa en la primera guerra de Schleswig, en la que participaron numerosos voluntarios escandinavos, se produjo la aparición de un floreciente movimiento escandinavo. Su vía de expresión fueron una serie de reuniones entre estudiantes, la mayor de las cuales tuvo lugar en Uppsala en 1856.;¡Los pueblos escandinavos deben permanecer unidos!;;;;;;;;;
EVTOPTA36938;The Indian people have a voice!;Le peuple indien a une voix !;Nun hat das indische Volk eine Stimme!;Bankim Chandra Chatterjee publica su primera novela bengalí.;¡El pueblo de la India tiene una voz!;;;;;;;;;
EVTOPTA36939;Our mission in India requires reforms!;Notre mission en Inde implique des réformes !;Unsere Mission in Indien benötigt Reformen!;Lord Dalhousie, gobernador general de la India, ha introducido varias reformas en dicha colonia. Aunque impopulares en algunos círculos, resultan extremadamente eficaces.;¡Nuestra misión en la India requiere reformas!;;;;;;;;;
EVTOPTA36940;Hooray!;Hourra !;Hurra! ;Este tratado formaliza la nación de Nueva Zelanda, en la que los jefes maoríes reconocerán la soberanía de su majestad la reina Victoria y ella, a su vez, garantizará a los jefes sus tierras, posesiones, bosques y caladeros de pesca.;¡Hurra!;;;;;;;;;
EVTOPTA36941;We must catch this chief in the act.;Il faut prendre ce chef sur le fait;Wir müssen diesen Häuptling in flagranti erwischen.;Desencantado por la actitud de los británicos, el jefe maorí Hone Heke hace talar repetidamente el asta de la bandera (flagstaff) de la colonia de Kororareka en señal de protesta.;Debemos coger a este jefe con las manos en la masa.;;;;;;;;;
EVTOPTA36942;Get off the grass! I'm in.;Faites place ! J'arrive !;Ja hau mich einer blau! Ich bin dabei!;Se concederá pasaje gratis a Nueva Zelanda, una casita y una pensión a todos los soldados retirados que emigren a Nueva Zelanda, a condición de que acudan a misa y a las procesiones y entrenen durante doce días al año para las milicias.;¡Fuera del césped! Me apunto.;;;;;;;;;
EVTOPTA37200;Demand the Swiss extradite him!;Demandez à la Suisse de l'extrader !;Von der Schweiz seine Auslieferung fordern!;;¡Exijamos a los suizos que lo extraditen!;;;;;;;;;
EVTOPTA37201;Wonderful!;Magnifique !;Wunderbar!;El Arco del Triunfo de París, encargado por Napoleón Bonaparte, fue inaugurado en 1836, tras treinta años de construcción. Inspirado en los arcos de triunfo de los romanos, el monumento muestra escenas de la Revolución Francesa y los éxitos de Napoleón.;¡Qué maravilla!;;;;;;;;;
EVTOPTA37202;Let us remember the dead!;Souvenons-nous des morts !;Lasst uns der Toten gedenken!;En 1840 se inaugura en París la Columna de Julio, en conmemoración de los 615 muertos de la revolución de 1830.;¡Recordemos a los muertos!;;;;;;;;;
EVTOPTA37203;Send the troops!;Qu'on envoie les troupes;Truppen entsenden!;Carlos Luis Napoleón, sobrino de Napoleón I, intentó sin éxito hacerse con el poder en Boulogne.;¡Enviar a las tropas!;;;;;;;;;
EVTOPTA37204;Un grand homme!;Un grand homme !;Un grand homme!;El cuerpo de Napoleón Bonaparte muerto en 1821 en Santa Elena, fue devuelto a Francia en diciembre de 1840. Durante los primeros días posteriores a su funeral en Los Inválidos de París, cientos de miles de personas acudieron a presentar sus respetos.;Un grand homme!;;;;;;;;;
EVTOPTA37205;A great achievement!;Un grand exploit !;Eine großartige Leistung!;El aeronauta francés Francois Arban se convirtió en el primero hombre en cruzar los Alpes en globo. Despegó de Marsella y aterrizó en Stupini.;¡Un gran logro!;;;;;;;;;
EVTOPTA37206;What a noise!;Quel son !;Was für ein Lärm!;El fabricante de instrumentos belga Adolphe Sax patentó el instrumento llamado saxofón. Sin embargo, fue demandado por varios competidores franceses, lo que de hecho impidió a Sax comercializar su invento.;¡Qué ruido!;;;;;;;;;
EVTOPTA37207;Merde!;Merde !;Merde!;Tras su fallido golpe de 1840, Luis Napoleón, sobrino del emperador Napoleón I, había sido sentenciado a pasar el resto de su vida en la fortaleza de Ham. Sin embargo, en mayo de 1846 consiguió huir a Gran Bretaña.;Merde!;;;;;;;;;
EVTOPTA37208;Vive la Républic!;Vive la République !;Vive la Republic!;Tras la abdicación del rey Luis Felipe tras la revolución de febrero de 1848, el sobrino de Napoleón I es elegido presidente de la República.;Vive la Républic!;;;;;;;;;
EVTOPTA37209;Mon dieu!;Mon dieu !;Mon dieu!;En un observatorio de París, el físico León Foucault demostró que la tierra giraba sobre su eje. Repitió el experimento en el Panteón de París ante los ojos de un público asombrado.;Mon dieu!;;;;;;;;;
EVTOPTA37210;Anarchism? Doesn't sound nice!;L'anarchisme... Ça sonne mal !;Anarchismus? Das hört sich nicht gut an!;En julio de 1851, Proudhon publicó su obra 'Idea General sobre la Revolución en el siglo XIX', formulando los principios básicos del anarquismo.;¿Anarquismo? ¡Suena desagradable!;;;;;;;;;
EVTOPTA37211;Flying! What's next?;L'homme vole ! Et maintenant...;Fliegen! Was kommt als Nächstes?;Ante el asombro de los espectadores, el pionero Henri Giffard viaja 27 kilómetros desde Versalles a Trappes en una aeronave monoplaza, un globo impulsado por un pequeño motor.;¡Volando! ¿Qué será lo próximo?;;;;;;;;;
EVTOPTA37212;Products of the future!;Les produits de l'avenir !;Produkte der Zukunft!;El 15 de mayo de 1855 se inaugura la exposición universal de París. 20.839 expositores exhiben sus productos, ganando 11.073 premios y atrayendo a 4'5 millones de visitantes.;¡Productos del futuro!;;;;;;;;;
EVTOPTA37213;Vive la difference!;Vive la différence !;Vive la difference!;En 1835, Alexis de Tocqueville publicó su obra 'La democracia en América', que fue inmediatamente reconocida como un clásico tanto en América como en Francia. En ella comentaba la beligerancia y religiosidad de los americanos, algo que aún hoy sigue resultando un misterio para los europeos. Tocqueville es uno de los pocos historiadores que tienen más de un clásico en su haber. 'El antiguo régimen y la Revolución' fue publicado en 1856, tres años antes de su muerte.;Vive la difference!;;;;;;;;;
EVTOPTA37215;Times have changed!;Les temps ont changé !;Die Zeiten haben sich geändert!;Gustave Flaubert es llevado a juicio por la publicación de su novela, Madame Bovary, alegando que iba en contra de la moral, la etiqueta y la religión. ¡Sin embargo, es absuelto de todas las acusaciones!;¡Los tiempos han cambiado!;;;;;;;;;
EVTOPTA37216;Let him rot on Devil's Island!;Qu'il moisisse sur l'Ile du Diable !;Lasst ihn auf der Teufelsinsel verfaulen!;En 1894, un espía francés descubrió una lista (bordereau) manuscrita en la embajada alemana con una relación de documentos militares secretos franceses. Las sospechas recayeron sobre el capitán judío Alfred Dreyfus, que fue declarado culpable por una corte marcial y condenado a cadena perpetua en la Isla del Diablo. Dreyfus proclamó en vano su inocencia.;¡Que se pudra en la Isla del Diablo!;;;;;;;;;
EVTOPTA37217;J'accuse!;J'accuse !;J'accuse!;En 1896, el coronel Picquart descubrió pruebas que señalaban al comandante Esterhazy como el verdadero autor de la lista por la que había sido condenado Dreyfus, pero el comandante fue absuelto en una corte marcial que no duró más que unos minutos. En una carta abierta al presidente francés, Émile Zola acusó a los jueces que absolvieron a Esterhazy de haberlo hecho por orden del ministerio de la guerra. Posteriormente, en 1898, resultó que gran parte de las pruebas contra Dreyfus habían sido falsificadas.;J'accuse!;;;;;;;;;
EVTOPTA37218;The affair is closed;L'affaire est close;Die Affäre ist abgeschlossen;En 1899, tras demostrarse que las pruebas contra Dreyfus habían sido falsificadas, su caso fue remitido a la corte de apelaciones. Luego estalló el escándalo, pues fue declarado de nuevo culpable por un tribunal militar, ante la negativa del sistema a admitir su anterior error. Aunque recibió el perdón del presidente y fue luego exonerado en 1906, el resultado de todo el asunto fue un aumento del anticlericalismo y el antimilitarismo, y la unificación de la izquierda francesa.;Caso cerrado;;;;;;;;;
EVTOPTA37219;C'est terrible!;C'est terrible !;C'est terrible!;Pese a que se consideraba apagado, el Mont Pelée entra en erupción el 7 de mayo de 1902, matando a más de 30.000 personas en la isla de la Martinica.;C'est terrible!;;;;;;;;;
EVTOPTA37220;A Miracle?;Un miracle ?;Ein Wunder?;Bernadette Soubirous, de 14 años de edad, tuvo su primera visión de la Virgen María en una cueva cercana a Lourdes, en la vertiente norte de los Pirineos. En 1864, sus visiones fueron reconocidas oficialmente por la iglesia, y Lourdes se convirtió en uno de los lugares de peregrinaje más importantes para los católicos.;¿Un milagro?;;;;;;;;;
EVTOPTA37221;An artistic genius;Un génie artistique;Ein künstlerisches Genie!;La dama de la voz de oro, mademoiselle Sarah Bernhardt, comenzará una gira mundial interpretando a Camille, Tosca, Adrienne Lecouvreur y papeles en Hernani y L'Aiglon (El aguilucho). Se rumorea que ésta será su última gira.;Un artista genial;;;;;;;;;
EVTOPTA37222;Amazing!;Étonnant !;Erstaunlich!;Luis Bleriot, a los mandos de su monoplano del tipo XI, se convierte en el primer hombre en sobrevolar el Canal de la Mancha. Se lleva el premio ofrecido por el Daily Mail de Londres.;¡Asombroso!;;;;;;;;;
EVTOPTA37225;Let me have just one more peek...;J'y jette un dernier coup d'œil...;Nur noch einen kurzen Blick, bitte…;El cuadro de Manet, pintor que allana el terreno desde el realismo al impresionismo, 'Le Bain', más conocido como 'La merienda campestre', provocó un escándalo en París en 1863 por su representación de mujeres desnudas.;Deja que le eche otro vistacito...;;;;;;;;;
EVTOPTA37700;Don't touch the Holy Church!;Ne touchez pas à la Sainte Église !;Lasst die Heilige Kirche unberührt!;Con el propósito de consolidar el presupuesto, el gobierno de Madrid ha ordenado la venta de todas las propiedades inmobiliarias de la Iglesia. También han sido suprimidas todos las exenciones de impuestos. A cambio, los gastos de la iglesia correrán a cargo del gobierno.;¡A la Santa Iglesia ni tocarla!;;;;;;;;;
EVTOPTA37701;Cuba remains Spanish!;Cuba reste espagnole !;Kuba bleibt spanisch!;El general venezolano Narciso López ha sido ejecutado en Cuba por las autoridades coloniales españolas. Había arribado con un pequeño grupo de hombres para intentar incitar una rebelión que dejase a Cuba en manos de los Estados Unidos, pero fracasó a causa de la falta de apoyo por parte de la población.;¡Cuba sigue siendo española!;;;;;;;;;
EVTOPTA37702;We must restore order in Cuba!;Nous devons rétablir l'ordre à Cuba !;Wir müssen die Ordnung in Kuba wiederherstellen!;Para contrarrestar los estragos causados por los insurgentes cubanos, el capitán general ha instaurado una política de traslado de todos los ciudadanos de las zonas rurales a campamentos en el interior de las ciudades. Esto dejará sin fuentes de suministros y lugares de refugio a las fuerzas insurgentes.;¡Tenemos que restaurar el orden en Cuba!;;;;;;;;;
EVTOPTA37703;Let's make an offer.;Faisons une offre ;Angebot unterbreiten.;Nos ha llegado la noticia de que muchos hacendados de Cuba acogerían con agrado que nos anexionásemos Cuba. Tal vez España esté dispuesta a venderla;Hagamos una oferta.;;;;;;;;;
EVTOPTA37704;No, Cuba will forever be our Pearl of the Antilles;Non, Cuba sera à jamais notre perle des Antilles;Nein, Kuba wird für immer unsere Perle der Antillen bleiben;Grupos en Norteamérica han planteado la cuestión de que les vendamos Cuba.;No, Cuba seguirá siendo para siempre nuestra 'Perla de las Antillas'.;;;;;;;;;
EVTOPTA37705;No commission is warranted;Une commission ne se justifie pas;Kommission ist unbefugt;¿Debería el rey dar poderes a una comisión para discutir unas muy necesarias reformas en la colonia de Cuba?;No hace falta ninguna comisión;;;;;;;;;
EVTOPTA37706;Hmmm...interesting.;Mmh... intéressant !;Hmmh ... interessant.;Pablo Picasso abandona el concepto tradicional de la pintura y comienza a utilizar un estilo mucho más conceptual, influenciado por la escultura y el arte africano.;Mmm... Interesante.;;;;;;;;;
EVTOPTA37708;Create the Civil Guard;Création de la garde civile;Aufstellung der Guardia Civil;Tras la Guardia Napoleónica, la seguridad en las ciudades españolas estaba a cargo de la Milicia Nacional, formada por milicias locales, así que, en 1844, el duque de Ahumada decidió crear un cuerpo nacional bajo la dirección del Ministerio de la Guerra. Este cuerpo se denominaría Guardia Civil, y pasaría a sustituir a la indisciplinada Milicia Nacional.;Crearemos la Guardia Civil;;;;;;;;;
EVTOPTA38501;Accept the division;Accepter la division;Teilung akzeptieren.;Bajo el reinado del sultán Said, Zanzíbar se convirtió en la provincia más rica del sultanato. A su muerte, acaecida en 1856, el sultanato fue dividido en dos: Majid en Zanzíbar y Thuwaini en Mascate.;Aceptamos la división;;;;;;;;;
EVTOPTA38503;Accept their independence;Accepter l'indépendance;Ihre Unabhängigkeit akzeptieren;Cuatro años después de la muerte del sultán Said, Majid se negó a pagar tributos a su hermano Thuwaini. Con ayuda británica al mando de Lord Canning, virrey de la India, se llegó a un acuerdo que reconocía la independencia de Zanzíbar a cambio de un tributo.;Aceptar su independencia;;;;;;;;;
EVTOPTA44100;Well then I'll go to Hell!;Bien, qu'il aille au diable !;Na dann zur Hölle mit mir!;Mark Twain edita en 1885 'Las aventuras de Huckleberry Finn', que supuso una revolución total de la literatura americana de ficción. Hasta su publicación, la literatura de ficción americana había tendido a utilizar la forma y el lenguaje de sus predecesoras europeas. Mark Twain rompió una lanza en nombre de la independencia lingüística al utilizar el lenguaje de los analfabetos y americanos de condición humilde. El libro constituía un claro intento de mostrar que la gente de toda condición es merecedora de respeto en base a sus actos y no a su clase social. En su momento causó un escándalo debido a su estilo poco convencional, y, por lo general, su mensaje fue ignorado. Incluso hoy en día hay gente que no se da cuenta.;¡Bueno, pues entonces iré al infierno!;;;;;;;;;
EVTOPTA44102;You shall not crucify mankind on a cross of gold;Tu ne crucifieras pas l'humanité sur une croix d'or;Du sollst die Menschheit nicht auf einem Kreuz aus Gold kreuzigen;El candidato presidencial William Jennings Bryan reclama la acuñación en plata, lo que le ganó nominaciones por parte de los partidos Populista, Republicano Plateado, Nacional Plateado y Progresista, uniendo a los agricultores del oeste y el sur bajo una causa común por primera vez desde las guerras de clases. Su nominación es vista por los empresarios del norte como un intento de sabotear a los acreedores y romper los cárteles.;No crucificarás a la humanidad en una cruz de oro;;;;;;;;;
EVTOPTA44103;It is right and proper to return it.;Il est juste de le rendre.;Es ist richtig und angemessen, es zurückzugeben.;Encuentran a la deriva el HMS Resolute en el Atlántico Norte, tras haber sido abandonado por el escuadrón en busca del explorador polar perdido Sir John Franklin. Los Estados Unidos adquieren el barco de quienes lo encontraron, lo reacondicionan y lo devuelven a Gran Bretaña.;Devolverlo es lo justo y lo debido.;;;;;;;;;
EVTOPTA44104;You can never be too educated.;On n'est jamais trop instruit.;Zu schlau sein gibt es nicht.;El político y abogado Horace Mann comenzó sus reformas del sistema educativo de Massachusetts. Su sistema escolar se convirtió en el modelo para todos los Estados Unidos.;Nunca sobra la educación.;;;;;;;;;
EVTOPTA44105;There are more things in the heavens and the earth...;Il y a plus de choses dans le ciel et sur la terre...;Im Himmel und auf der Erde gibt es noch so viel Unentdecktes …;El congreso de Washington ha fundado el Instituto Smithsonian, que depende directamente del presidente. Sus objetivos eran y son el respaldo de investigaciones y expediciones, y la popularización de la ciencia.;Hay más cosas en el cielo y en la tierra...;;;;;;;;;
EVTOPTA44106;Speech is a kind of act.;Le discours est une forme d'action;Sprechen ist eine Art zu Handeln;La primera colección de ensayos de Emerson se publicó en 1841, y presentó al mundo una nueva y mística filosofía, autóctona del Nuevo Mundo. Aunque muchos europeos no le consideraban demasiado 'filosófico' per se, su influencia sobre el pensamiento continental es inconfundible, particularmente en Nietzsche.;El habla es un arte.;;;;;;;;;
EVTOPTA44107;The law is the will of he whom the sheriff will obey.;La loi, c'est la volonté de celui à qui obéit le shérif;Das Gesetz ist der Wille desjenigen, dem der Sheriff gehorcht.;Oliver Wendell Holmes publica en 1861 'El derecho consuetudinario' una historia de la tradición del derecho consuetudinario. En este libro afirmaba que la ley no era algo lógico, sino más bien la voluntad del juez templada por las circunstancias, o, como rezaba su máxima más conocida: 'la vida del derecho consuetudinario no ha sido lógica, sino experimental'. Se convirtió rápidamente en un clásico, Holmes accedió a un puesto de profesor en Harvard al año siguiente, y acabó formando parte del Tribunal Supremo de los Estados Unidos. La publicación de 'El derecho consuetudinario' fue un síntoma del auge del pragmatismo entre los intelectuales americanos, y presagiaba una creciente desconfianza del moralismo tras la terrible masacre de la Guerra Civil.;La ley es la voluntad de aquel a quien obedezca el sheriff.;;;;;;;;;
EVTOPTA44108;I must have them!;Il me le faut !;Das muss ich lesen!;Ulysses S. Grant publica sus memorias, en las que relata casi toda su vida. Escribió el libro estando enfermo de un cáncer de laringe, para intentar mantener a su familia después de su muerte. Considerada universalmente una obra maestra de la literatura americana, las memorias de Grant se caracterizan por su sinceridad, claridad y economía de estilo. Mark Twain las comparó favorablemente con los Comentarios de Julio César. Las memorias fueron un éxito fenomenal en su momento y siguen siendo uno de los pocos libros que no han estado descatalogados en ningún momento desde la Guerra Civil. Probablemente sea el mejor libro escrito por un presidente americano.;¡Tengo que comprármelas!;;;;;;;;;
EVTOPTA44109;Sea power is the arbiter of victory.;La puissance maritime est l'arbitre de la victoire.;Seemacht ist der Schlüssel zum Sieg.;Alfred Thayer Mahan publica 'La influencia del poderío naval sobre la historia', examinando la importancia del poderío naval a lo largo de la historia. Lo abrazan aquellos interesados en la expansión tanto de la Armada estadounidense como de los intereses de los Estados Unidos en todo el mundo.;El poderío naval es el árbitro de la victoria;;;;;;;;;
EVTOPTA44110;To attack one's country while the sword is in her hand is treason;Attaquer un pays en état de guerre, c'est de la trahison;Angriff eines Landes mit dem Schwert in der Hand ist Verrat;En respuesta a un creciente sentimiento antibelicista y sindicalista entre los reclutas y las clases bajas, el Congreso aprobó una versión corregida de las leyes de 1799 contra los inmigrantes nacionalizados y la sedición, en la que ilegalizaba las críticas al presidente y la política de la nación en tiempo de guerra, además de perjudicar gravemente a los ciudadanos de procedencia extranjera y a los que acudían en busca de asilo. Mantenidas por el Tribunal Supremo en varias sentencias claves a lo largo de la década siguiente, estas leyes continuarían existiendo en diversas formas hasta ser anuladas medio siglo después. Durante la primera guerra mundial, los 166 miembros de los comités ejecutivos de la Internacional de Trabajadores de la Industria serían arrestados y juzgados, hundiendo al sindicato para siempre.;Es una traición atacar al propio país cuando éste empuña la espada;;;;;;;;;
EVTOPTA44111;We never sleep;Nous ne dormons jamais;Wir schlafen niemals;Los agentes de la Pinkerton, que han demostrado su efectividad a la hora de resolver robos a trenes y capturar a falsificadores, se han dedicado ahora a reventar huelgas y a infiltrarse en sociedades como la Molly Maguires.;Nunca nos dormimos;;;;;;;;;
EVTOPTA44112;Play ball!;Jouez !;Anpfiff!;Ocho equipos se han agrupado para formar una liga de béisbol limpia y bien organizada: los Boston Red Caps, los Chicago White Stockings, los Cincinnati Reds, los Hartford Dark Blues, los Louisville Grays, los New York Mutuals, los Philadelphia Athletics, y los St. Louis Browns.;¡A jugar a la pelota!;;;;;;;;;
EVTOPTA44113;Where is your cow, Mrs O'Leary?;Où est votre vache, madame O'Leary ?;Wo ist Ihre Kuh, Frau O'Leary?;Un incendio, iniciado en un granero en la residencia de Patrick O'Leary en la calle DeKoven, se ha propagado por todo el distrito comercial, destruyendo 17.450 edificios, dejando 300 víctimas mortales y a más de 98.000 personas sin hogar.;¿Dónde está su vaca, Sra.. O'Leary?;;;;;;;;;
EVTOPTA44114;Peacemaker!;La loi du six-coups !;Peacemaker!;En un tiroteo de 30 segundos en Tombstone, Arizona, Wyatt, Morgan y Virgil Earp, junto a Doc Holliday, mataron a Billy Clanton y a Tom y Bob McLaury. Los tres eran miembros de sus rivales políticos, los 'Cowboys'.;¡Pacificador!;;;;;;;;;
EVTOPTA44115;This could become the nation's favorite pastime!;Cela pourrait devenir le passe-temps national !;Dies könnte zum beliebtesten Freizeitsport unserer Nation werden.;El primer partido de béisbol con público tuvo lugar en Cooperstown, cerca de Nueva York. Los New York Knickerbockers perdieron 1 a 23 ante los New York Nine.;¡Esto podría convertirse en el pasatiempo nacional favorito!;;;;;;;;;
EVTOPTA44800;Diaz vows to remain President.;Diaz jure de rester président;Diaz schwört, Präsident zu bleiben.;Francisco Madero ha emitido un comunicado en el que condena como fraudulentas las recientes elecciones y afirma que Porfirio Díaz ya no es el presidente legítimo de México. Madero llama a los ciudadanos a levantarse en armas contra Díaz.;Díaz jura que seguirá siendo presidente.;;;;;;;;;
EVTOPTA44801;Viva la revolucion!;Viva la revolucion !;Viva la Revolucion!;Francisco Madero convence a Pascual Orozco y Francisco Villa de que se rebelen en apoyo del derrocamiento de Díaz.;¡Viva la revolución!;;;;;;;;;
EVTOPTA44802;Viva Zapata!;Viva Zapata !;Viva Zapata!;Emiliano Zapata lidera una revuelta de campesinos en la provincia de Oaxaca.;¡Viva Zapata!;;;;;;;;;
EVTOPTA44803;Dangerous ideas spreading.;De nouvelles idées dangereuses se propagent.;Gefährliche Ideen verbreiten sich.;Los dibujos satíricos de José Posada contra el régimen vigente han vuelto a dar con sus huesos en prisión.;Difusión de ideas peligrosas.;;;;;;;;;
EVTOPTA45100;Harmony with the Church.;Harmonie avec l'Église.;;Las relaciones con la iglesia han mejorado gracias al Concordato de 1860, que permite el regreso del clero francés y la apertura de escuelas parroquiales.;Buenas relaciones con la iglesia;;;;;;;;;
EVTOPTA45101;Vive l'Empereur Faustin!;Vive l'empereur Faustin !;Vive l'Empereur Faustin!;Faustin Élie Soulouque, candidato de compromiso a presidente en 1847, se ha declarado a sí mismo segundo emperador de Haití como Faustino I.;Vive l'Empereur Faustin!;;;;;;;;;
EVTOPTA46801;Ah the fragrant smell of success.;Ah, le parfum du succès !;Ah, der ... kernige Duft des Erfolgs.;Existe una gran demanda en Europa y América del Norte por los fertilizantes para la agricultura obtenidos a partir del guano. Los depósitos de guano en las islas cercanas a nuestras costas podrían convertirse en un gran beneficio para nuestra nación.;Ah, el fragante aroma del éxito.;;;;;;;;;
EVTOPTA31501;It doesn't taste, anyways!;Ça n'a pas de goût, de toute façon !;Egal, es schmeckt eh nicht!;Fumar tabaco se ha convertido en una moda cada vez más extendida. En 1837, las autoridades vienesas prohibieron fumar en lugares públicos y en las calles.;¡De todos modos, no sabe a nada!;;;;;;;;;
EVTOPTA31502;Long live the Emperor! ;Vive l'Empereur ! ;Lang lebe der Kaiser!;El emperador de Austria-Hungría, Francisco I, muere a los 67 años de edad. Su hijo Fernando I, minusválido físico y mental, le sucede en el trono. Debido a la incapacidad de Fernando, el llamado Geheime Regierungskonference (Consejo secreto de regencia), en el que figura Klemens Wenzel Fürst Metternich, gobierna en su nombre.;¡Larga vida al emperador! ;;;;;;;;;
EVTOPTA31503;Let them speak Hungarian, if it makes them feel better.;Qu'ils parlent en hongrois si cela leur fait plaisir;Lasst sie Ungarisch sprechen, wenn es ihnen damit besser geht.;Para fortalecer la independencia de Hungría dentro de la doble monarquía, el húngaro pasa a ser el único idioma que se habla en el parlamento húngaro.;Que hablen húngaro si eso les hace sentirse mejor.;;;;;;;;;
EVTOPTA31504;The Slavs free? Ridiculous;Des slaves libres... C'est ridicule !;Freie Slawen? Lächerlich;El serbio Ilya Garashanin exige, en su obra 'Natshertanye', la unidad de todos los eslavos del sur en la lucha contra los opresores austríacos y otomanos. Sus escritos se convierten en el programa oficial del movimiento nacionalista eslavo del sur.;¿Los eslavos libres? Absurdo;;;;;;;;;
EVTOPTA31505;Vivat!;Un vivat !;Sie lebe hoch!;La princesa bávara Isabel, llamada Sisí, se casa en 1854 con el emperador austríaco Francisco José I. Sus costumbres poco convencionales, que muy a menudo desdeñaban por completo la etiqueta, le hicieron ganarse las simpatías del pueblo. Fue asesinada en Ginebra en 1898.;¡Viva!;;;;;;;;;
EVTOPTA31506;An artistic genius;Un génie artistique;Ein künstlerisches Genie!;Después de que el brillante diseñador vienés Joseph Urban comenzase a trabajar en la Compañía de Ópera de Boston, el diseño en el teatro americano ha adoptado decididas tendencias europeas, convirtiéndose en una experiencia más dinámica, vistosa y emocionante.;Un artista genial;;;;;;;;;
EVTOPTA33004;We must make Schleswig German!;Germanisons Slesvig !;Schleswig muss deutsch werden!;;¡Tenemos que hacer una Schleswig alemana!;;;;;;;;;
EVTOPTA33300;A tragedy!;Quelle tragédie !;Eine Tragödie!;El Teatro del Gran Ducado de Karlsruhe arde hasta los cimientos. Mueren 63 personas.;¡Qué tragedia!;;;;;;;;;
EVTOPTA33400;Marvelous!;Merveilleux !;Wunderbar!;En 1842 se inauguró en Donaustauf, cerca de Regensburg, el Valhalla, un monumento clasicista construido al estilo de los templos griegos y bautizado con el nombre del legendario paraíso de la mitología escandinava. En este 'salón de la fama' se exhiben bustos de alemanes famosos.;¡Maravilloso!;;;;;;;;;
EVTOPTA33401;Scandalous!;Scandaleux !;Skandalös!;El fin del reinado de Luis I se debió a su aventura amorosa con la bailarina Lola Montez, a quien había hecho condesa. Los círculos católicos conservadores se opusieron tan firmemente a esa relación que se vio obligado a abdicar. Lola Montez murió, sumida en la pobreza, en Nueva York.;¡Es un escándalo!;;;;;;;;;
EVTOPTA33402;Art for everyone!;L'art pour tous !;Kunst für jedermann!;La Pinacoteca Nueva, fundada en 1836, abrió sus puertas al público en 1853. La colección se concentra especialmente en los antiguos maestros.;¡Arte para todos!;;;;;;;;;
EVTOPTA33403;An artistic genius;Un génie artistique;Ein künstlerisches Genie!;El compositor Richard Wagner ha terminado de construir el Festspielhaus en Bayreuth. Se prevé que se celebre todos los años un festival dedicado a la interpretación de grandes obras teatrales alemanas.;Un artista genial;;;;;;;;;
EVTOPTA35000;Blood is not thicker than water.;Le sang n'est pas plus épais que l'eau. ;Blut ist nicht dicker als Wasser.;¡Con la actual guerra que enfrenta a Gran Bretaña con Alemania, nuestros parientes británicos han decidido repudiarnos para salvar su propia reputación! Ahora son conocidos como la 'casa de Windsor', y han cortado todos los vínculos familiares con nuestro duque y su familia.;La sangre no es más espesa que el agua.;;;;;;;;;
EVTOPTA36200;Long live the King!;Longue vie au roi !;Lang lebe der König!;Tras el trabajo del Stænderforsamlingerne y durante la guerra contra Schleswig-Holstein y Prusia, Federico VII firmó la constitución, que permitía, entre otras cosas, elecciones parlamentarias, el reclutamiento forzoso y acababa con las decisiones unilaterales del rey. El rey seguía teniendo que elegir a su gabinete de entre la mayoría electa y aprobar las leyes, pero había nacido la primera auténtica democracia danesa.;¡Larga vida al rey!;;;;;;;;;
EVTOPTA36201;Dangerous Ideas Afloat!;De dangereuses idées circulent !;Gefährliche Ideen im Anmarsch!;En 1871, Louis Pío forma el capítulo danés de la Internacional y comienza a agitar en favor de reformas sociales y trabajadores libres.;¡Salen a flote ideas peligrosas!;;;;;;;;;
EVTOPTA36202;Lock them up!;Qu'on les arrête;Verhaften;En 1872, después de varios meses de huelga, Louis Pio convocó un gran mitin al aire libre en el ejido de Copenhague. La policía lo permitió pero, sin embargo, salió al encuentro de los trabajadores con una fuerza numerosa de policía montada y patrullas del ejército. Estalló un enfrentamiento y la policía arrestó a Louis Pio y a otros líderes socialistas. Pio fue condenado a cinco años de prisión.;¡Encerrémoslos!;;;;;;;;;
EVTOPTA36203;Pay him off and let's be done with him;Le payer pour qu'il parte;Bestecht ihn, damit er das Land verlässt;En 1875, el líder socialista Louis Pio fue indultado por el cumpleaños del rey y volvió a liderar el entonces pujante movimiento socialdemócrata. Pero su liderazgo causó varios conflictos y, a finales de 1875, emigró repentinamente a América. Luego se descubrió que la policía le había sobornado para que se marchase.;Paguémosle y acabemos con esto;;;;;;;;;
EVTOPTA36204;Free the slaves;Libérer les esclaves;Sklaven befreien;En 1878 hubo una rebelión de esclavos en las Islas Vírgenes danesas. El gobernador Peter von Scholten decidió concederles la libertad antes que aplastar la rebelión, citando la ley de 1847 según la cual los recién nacidos de esclavos eran declarados libres. Esto causó un gran conflicto con los dueños de las plantaciones y fue enviado a Dinamarca para ser juzgado, pero más adelante la corte suprema le reinstauró.;Liberar a los esclavos;;;;;;;;;
EVTOPTA36205;Strengthen the defenses of Copenhagen.;Renforcez les défenses de Copenhague.;Stärkt die Verteidigung von Kopenhagen.;De 1886 a 1892, se construyeron más de 25 fortificaciones ultramodernas en Sjaelland para asegurarse de frustrar lo que se percibía como la amenaza alemana.;Reforcemos las defensas de Copenhague.;;;;;;;;;
EVTOPTA36206;That's not good!;Ce n'est pas bien !;Das ist nicht gut!;Tras la pérdida de SønderJylland, von Köller intentó germanizar a la población danesa de las antiguas provincias danesas.;¡Eso no está nada bien!;;;;;;;;;
EVTOPTA36207;Damn!;Bon sang !;Verdammt!;En 1899, varios sindicatos crearon una asamblea común y declararon una huelga general.;¡Maldición!;;;;;;;;;
EVTOPTA36208;Damn!;Bon sang !;Verdammt!;P.A. Alberti, que había dimitido el mes anterior de su puesto como ministro de justicia, se entregó por haber desfalcado más de 15 millones de coronas a su propio banco, o lo que es lo mismo, una quinta parte del presupuesto anual de Dinamarca. Había dimitido tras haber usado el tesoro público para ayudar a financiar varios préstamos, y su arresto condujo a la caída del gobierno y a un 'Rigsretsag', un juicio de estado, contra Alberti y otros dos miembros del gabinete que le habían ayudado a ocultar su delito.;¡Maldición!;;;;;;;;;
EVTOPTA36209;A Sell!;Une vente !;Verkaufen!;Después de que los Estados Unidos solicitasen la compra de las islas, se celebró un referéndum consultivo y, en 1917, Dinamarca vendió las islas a cambio de dinero.;¡Una venta!;;;;;;;;;
EVTOPTA36210;Great stories!;De grandes histoires !;Tolle Geschichten!;En 1882 se publica 'Fyrretyve fortællinger af fædrelandets historie', de A.D. Jørgensen, que resultó de gran ayuda a la hora de ayudar a las minorías danesas al sur de la frontera a preservar su nacionalidad danesa.;¡Qué historias más buenas!;;;;;;;;;
EVTOPTA36211; Let's develop this land!; Développons ce pays !;Lasst uns dieses Land entwickeln!;Det danske Hedeselskab (compañía danesa de los páramos) fue fundada tras la guerra de 1864, en la que se perdió un tercio del país. El objetivo de la compañía era el desarrollo del páramo de Jutlandia, 'Para ganar dentro lo que se perdió fuera'.; ¡Explotemos estas tierras!;;;;;;;;;
EVTOPTA36212;Oh no, not again!;Oh non, encore !;Oh nein, nicht schon wieder!;El castillo de Christiansborg, reconstruido en 1794 tras un incendio, volvió a incendiarse en 1884. La parte principal ardió hasta los cimientos y, a causa de la situación política, no fue reconstruido hasta 1907.;¡Oh, no, otra vez no!;;;;;;;;;
EVTOPTA36213;Splendid! Art for the people!;Splendide ! L'art pour le peuple !;Großartig! Kunst für das Volk!;La Ny Carlsberg Glyptoteket fue fundada en 1892 por Carl Jacobsen, propietario de la compañía cervecera Ny Carlsberg. Al principio fue utilizada sobre todo para exhibir la vasta colección de escultura moderna de Carl Jacobsen, pero más tarde también se añadieron esculturas clásicas.;¡Espléndido! ¡Arte para el pueblo!;;;;;;;;;
EVTOPTA36214;Are you trying to shoot me?;Vous voulez me tuer ?;Versuchen Sie, mich zu erschießen?;Estrup, durante muchos años primer ministro danés, no era un hombre demasiado popular. Un joven socialista intentó pegarle un tiro en 1885, pero la bala rebotó en un botón de su abrigo.;¿Es que intentas matarme?;;;;;;;;;
EVTOPTA36215;Mmmm...beer!;Mmmm... la bière !;Mmmh … Bier!;La corporación, constituida en Copenhague en 1891 por 11 fabricantes de cerveza, se fusionó con Tuborg en 1894 y dio comienzo a una estrecha colaboración con Carlsberg en 1903, dando así lugar a una potente y vasta industria cervecera en Dinamarca. La Unión de Compañías Cerveceras se fusionó con Carlsberg en 1969.;Mmmm... ¡Cerveza!;;;;;;;;;
EVTOPTA36216;Marvelous!;Extraordinaire !;Wunderbar!;Jacob Christian Ellehammer fue el primero en construir un aeroplano en Dinamarca. Llevó a cabo su primer vuelo el 12 de septiembre de 1906. También hizo otros descubrimientos, incluyendo un motor refrigerado, un hovercraft y un helicóptero que voló el 1 de septiembre de 1912.;¡Maravilloso!;;;;;;;;;
EVTOPTA36217;Thought provoking indeed.;Ça fait réfléchir, en effet.;Eine wahrhaft provozierende Denkweise!;El escritor y filósofo danés Kierkegaard publicó su obra 'Either/Or' en 1843. Se le considera el primer filósofo existencialista.;Vaya si le hace pensar a uno.;;;;;;;;;
EVTOPTA36218;Fun For Everyone;Du divertissement pour tous;Spiel und Spaß für jedermann!;Georg Carstensen abre el Tívoli, el primer verdadero parque de atracciones,en las antiguas fortificaciones de Copenhague.;Diversión para todos;;;;;;;;;
EVTOPTA36219;Splendid!;Une conscience plus grande parmi les agriculteurs et les ouvriers, une conscience politique élargie et le progrès technique...;Phantastisch!;La primera de varias escuelas para las clases bajas, sobre todo en las comunidades agrícolas. Durante las décadas siguientes, se abrirá un gran número de escuelas, que aumentará de manera drástica el nivel de la educación del país, dado que la escuela acepta tanto a chicos como a chicas después de que hayan empezado a trabajar.;¡Espléndido!;;;;;;;;;
EVTOPTA36220;Increased political awareness and a boost to a Liberal party;L'élargissement de la conscience politique fait des recrues pour un parti libéral;Erhöhtes politisches Bewusstsein führt zur Gründung einer liberalen Partei.;En 1871 celebró la primera de su serie de conferencias culturales. Su hermano Edvard y él se convertirían en figuras centrales del debate político y cultural danés, culminando en el periódico Politikken y la creación de una plataforma para el pensamiento político liberal.;A mayor concienciación política, mayor apoyo para un partido liberal;;;;;;;;;
EVTOPTA36221;Send an offer;Faire une offre;Angebot unterbreiten;;Enviemos una oferta;;;;;;;;;
EVTOPTA36222;Damn!;Bon sang !;Verdammt!;Históricamente, Dinamarca aceptó la oferta de los Estados Unidos, pero podría haberla rechazado, bien porque el precio ofrecido fuera insuficiente o porque en esos momentos el patriotismo fuera mucho más dominante.;¡Maldición!;;;;;;;;;
EVTOPTA36700;Hail the Lion!;Salut au Lion !;Heil dem Löwen!;En 1838, Hendrik Conscience (1812-1883), el novelista más popular del siglo XIX en el idioma flamenco, publicó una de sus dos obras maestras: 'De Vlaamse Leeuw' ('El león de Flandes'). La otra fue 'De Loteling'. La historia de la oprimida población flamenca que se enfrentó al opresor francés en la 'Batalla de las espuelas de oro' (1302) pronto fue adoptada por el movimiento flamenco y a día de hoy sigue siendo un símbolo para los flamencos.;¡Ave al león!;;;;;;;;;
EVTOPTA36701;New ideas are afoot!;De nouvelles idées circulent !;Neue Ideen sind im Anmarsch!;En 1847 tuvo lugar la formación del movimiento flamenco. El movimiento, constituido mediante un manifiesto, se convertiría en la voz de los habitantes flamencos de Bélgica. Evolucionó hasta convertirse en una aglomeración de distintas organizaciones flamencas: asociaciones deportivas, grupos musicales, teatros, organizaciones intelectuales, etc. Al principio, el movimiento era de naturaleza apolítica, pero, con los años, sus seguidores se volvieron cada vez más agresivos en sus creencias y convicciones. Posteriormente, el movimiento flamenco conduciría a la formación de, por ejemplo, partidos que presionaban pidiendo más derechos para los flamencos en la vida diaria política.;¡Nuevas ideas en marcha!;;;;;;;;;
EVTOPTA36702;We must help those suffering;Nous devons aider ceux qui souffrent;Wir müssen den Leidenden helfen!;Los años entre 1845 y 1850 se convirtieron en algunos de los peores para la población belga, especialmente para los flamencos. Los problemas empezaron en 1845, con la epidemia de la patata. Hubo que destruir decenas de miles de patatas infectadas. Eso condujo a un largo periodo de hambre y pobreza, especialmente grave en la parte rural de Flandes. Aquel trágico periodo se prolongó hasta 1850.;Debemos ayudar a los que sufren;;;;;;;;;
EVTOPTA36703;Form the Association;Former l'Association;Verband gründen;Cuando, en 1846, se fundó la Asociación por el libre comercio (Association pour la Liberté Commerciale), Bélgica se encontraba aún bajo los efectos de la epidemia de la patata y la hambruna subsiguiente. Para asegurar que los alimentos alcanzasen a la población hambrienta, se abolieron las tasas aduaneras sobre el grano importado.;Formar la Asociación;;;;;;;;;
EVTOPTA36704;Feel the vibes!;Bonnes vibrations...;Feel the vibes!;Adolphe Sax era un músico y fabricante de instrumentos de gran talento nacido en Namur, en el sur de Bélgica. En 1846 inventó el glorioso instrumento ahora conocido como saxofón. Éste fue adoptado rápidamente por músicos parisinos, y más tarde cruzó el Atlántico, donde hicieron buen uso de él en diversas bandas de jazz.;¡Qué vibraciones!;;;;;;;;;
EVTOPTA36705;Brilliant work;Beau travail;Hervorragende Arbeit!;Ernest Solvay (1838-1922) fue uno de los químicos de mayor talento de todo el mundo. Hoy en día, una de las mayores empresas químicas del mundo y la de mayor importancia de Bélgica lleva su nombre. En 1862, Solvay inventó el proceso del amoníaco (o Proceso Solvay) para la producción industrial de la sosa cáustica. En 1865 se inició la producción industrial del producto.;Un trabajo genial;;;;;;;;;
EVTOPTA36706;A true humanitarian;Un grand humanitaire;Ein wahrer Menschenfreund!;En 1865, el padre Damián De Veuster, sacerdote de Tienen, en Brabante, fletó una nave hacia la isla de Molokai, en Hawai, para ayudar a la colonia de leprosos que allí había. Trabajó y vivió allí con los leprosos durante más de 20 años, hasta su muerte por esa enfermedad en 1889.;Un auténtico altruista;;;;;;;;;
EVTOPTA36900;Reforms? Not sure we want those!;Des réformes... Je ne suis pas sûr qu'on en veuille !;Reform? Wer hat was von Reformen erzählt?;En 1836, los liberales, siguiendo el ejemplo de la fundación del Carlton Club por parte de los conservadores, fundaron el 'Reform Club', que se convertiría en el centro del liberalismo en el Reino Unido en las décadas venideras.;¿Reformas? ¡No creo que eso nos convenga!;;;;;;;;;
EVTOPTA36901;A touching story;Une histoire touchante;Eine ergreifende Geschichte;En 1838 se publica en Londres la novela de Dickens 'Oliver Twist'. En ella informaba de la pobreza y la ausencia de derechos de los trabajadores que había en esos tiempos.;Una historia conmovedora;;;;;;;;;
EVTOPTA36902;I could use a vacation too!;Je prendrais bien des vacances, moi aussi !;Ich könnte auch Urlaub vertragen!;El impresor y predicador laico británico Thomas Cook llevó a cabo el primer viaje organizado por tren desde Leicester a Loughborough. Con precios bajos y el viaje, alojamiento y comidas incluidas, viajar se convirtió en algo posible para más gente que nunca.;¡A mí también me vendrían bien unas vacaciones!;;;;;;;;;
EVTOPTA36903;A glorious couple!;Un beau couple !;Ein glorreiches Paar!;El 10 de febrero de 1840, la reina Victoria se casó con su primo, el príncipe Alberto de Sajonia-Coburgo-Gotha. A diferencia de muchos otros matrimonios de la época, éste se basaba principalmente en su afecto mutuo, no en cálculos dinásticos.;¡Una pareja gloriosa!;;;;;;;;;
EVTOPTA36904;We'll keep an eye on them!;On va les tenir à l'œil !;Wir werden ein Auge auf sie haben!;En julio de 1841 se publicó el primer número de la revista 'Punch'. Con el tiempo se convertiría en la revista satírica publicada ininterrumpidamente durante más tiempo de la historia.;¡Tendremos que vigilarlos estrechamente!;;;;;;;;;
EVTOPTA36905;It's fun to be in it!;C'est bien sympathique !;Es macht Spaß beim YMCA!;George Williams fundó la Young Men's Christian Association en Londres en 1844. Este movimiento se extendería por todo el mundo y continuaría existiendo durante generaciones.;¡Es genial ser miembro!;;;;;;;;;
EVTOPTA36906;I'm afraid we cannot help them!;J'ai bien peur qu'on ne puisse rien faire !;Ich fürchte, wir können ihnen nicht helfen!;En 1845, un hongo destruyó la mayor parte de la cosecha de patata de Irlanda. ¡Es inminente una hambruna!;¡Me temo que no podemos ayudarles!;;;;;;;;;
EVTOPTA36907;A scandal!;Quel scandale !;Ein Skandal!;En 1847, el escritor William Makepeace Thackeray publicó 'La feria de la vanidad', un escrito en el que criticaba el superficial y falso mundo de las así llamadas clases superiores.;¡Es un escándalo!;;;;;;;;;
EVTOPTA36908;This will speed up communications!;Cela va accélérer les communications !;Dies wird die Kommunikation beschleunigen!;En 1850 se inauguró la primera línea de telégrafo entre gran Bretaña y el continente europeo. El cable tenía una extensión de 40 kilómetros, cruzando todo el estrecho entre Dover y Calais.;¡Esto va a acelerar las comunicaciones!;;;;;;;;;
EVTOPTA36909;Glorious!;Magnifique !;Glorreich!;En 1851 tuvo lugar en Londres la exposición universal, que atrajo a 6.039.195 visitantes, que se maravillaron ante los productos de 13.937 expositores de 15 naciones. El Crystal Palace, construido especialmente para la ocasión, se convirtió en un hito famoso.;¡Glorioso!;;;;;;;;;
EVTOPTA36910;Brilliant work;Beau travail;;George Bernard Shaw escribe 'La quintaesencia del realismo', y funda la Independent Theatre Society, introduciendo un estilo realista radicalmente nuevo en el teatro británico.;Un trabajo genial;;;;;;;;;
EVTOPTA36911;Courage equal to desire;Le courage, c'est comme le désir;Mut ist gleich Verlangen;En 1893 se publicó el segundo libro de poesía de William Butler Yeats, 'La rosa'. A esas alturas, la suya se había convertido en una voz más que inconfundible, y su control sobre la métrica y la rima eran los de un genio. Yeats se encontraba desarrollando temas específicamente irlandeses e inició su larga asociación con los republicanos irlandeses, mezclada con un misticismo estético.;El valor equivale al deseo;;;;;;;;;
EVTOPTA36912;Is the shipwreck then a harvest, does tempest carry grain for thee?;Je m'éveille et sens la chute des ténèbres et non le jour.;Ihre Ingestalt ist aus Kraft und Anmut gemischt …;Las obras completas de poesía de Gerard Manley Hopkins se publicaron póstumamente en 1918, pese a que el propio Hopkins se negó a su publicación en vida. La poesía presentó al mundo una nueva métrica conocida como 'sprung-rhythm' (ritmo saltado), que proporcionó un gran estímulo al creciente movimiento modernista. La poesía de Hopkins era modernista, pero al mismo tiempo se le considera un poeta religioso. Se convirtió al catolicismo en su juventud y fue estudiante y profesor de filosofía cristiana medieval.;¿Acaso es el naufragio una cosecha, acaso la tormenta acarrea tu grano?;;;;;;;;;
EVTOPTA36913;Another prestigious sporting event.;Un autre événement sportif prestigieux;Noch ein prestigeträchtiges Sportereignis;La reina Victoria inaugura el trofeo de la copa América, una competición para marineros de alta mar aficionados. En el siglo XIX, todas las ediciones fueron ganadas por equipos de los Estados Unidos.;Otro prestigioso evento deportivo.;;;;;;;;;
EVTOPTA36915;Three cheers for the Queen!;Trois hourras pour la reine !;Die Queen lebe hoch!;El sexagésimo año de Victoria en el trono fue celebrado con una enorme demostración de afecto popular. A esas alturas ya había vuelto a la palestra pública una vez más tras un periodo de aislamiento después de la muerte de Alberto, su marido.;¡Tres hurras por la reina!;;;;;;;;;
EVTOPTA36916;Repeal the Corn Laws;Abroger les lois sur le grain;Getreidekontrollgesetze aufheben;Introducidas originalmente para evitar una importación masiva de grano extranjero tras las guerras napoleónicas, las Leyes del Grano fijaban los precios de los alimentos básicos y las ganancias de los agricultores a unos niveles artificialmente elevados. En 1846, el gobierno conservador de Sir Robert Peel las abolió. Este acontecimiento significó el principio de la política de libre comercio inglesa que duraría hasta bien entrado el siglo XX.;Abolir las Leyes del Grano;;;;;;;;;
EVTOPTA36917;To the peak!;Jusqu'au sommet !;Auf zum Gipfel!;El primer club de alpinistas del mundo se fundó en Londres en 1857.;¡A por la cima!;;;;;;;;;
EVTOPTA36918;GOOOOOOAL!!!!;BUUUUUT !!!;TOOOOOOR!!!;Se funda en Sheffield el primer club de fútbol, bautizado apropiadamente como F.C. Sheffield. El objetivo era eliminar la confusión reinante tras el aumento de la popularidad del fútbol, y las reglas formuladas en Sheffield se convertirían en parte integral del desarrollo de este deporte.;¡GOOOOOOOOOOL!;;;;;;;;;
EVTOPTA36919;Let's get healthy!;Soignons-nous !;Hauptsache gesund!;Florence Nightingale es reconocida en todo el mundo como la fundadora de la enfermería moderna. El ministro de la guerra británico le asignó la tarea de supervisar la introducción de enfermeras en los hospitales para los heridos en Turquía durante la guerra de Crimea como 'enfermera jefe' de 38 enfermeras. El éxito de esta misión dio lugar a la creación de la primera escuela de enfermería en Inglaterra y la fundación de un programa para examinar la salud médica del ejército. Nightingale también trabajó en el campo de la salud pública, administración de hospitales y reforma sanitaria.;¡Apostamos por la sanidad!;;;;;;;;;
EVTOPTA36920;Deny the Chartist Petition;Repousser la requête des chartistes;Chartisten-Petition ablehnen;Tras las leyes de Reforma de 1832, los miembros varones de las clases media y baja que seguían sin tener derecho al voto iniciaron un movimiento en favor de una mayor democratización de la constitución británica y sostuvieron que aquello supondría una mejora económica y social en las vidas de los trabajadores.;Rechazar la petición cartista;;;;;;;;;
EVTOPTA36921;The unions look to Labour.;Les syndicats ont les yeux fixés sur le parti travailliste;Die Gewerkschaften schauen auf die Labour Party;La Taff Vale, una compañía de ferrocarril galesa, frustró en 1901 una huelga en su contra apelando a la Cámara de los Lores, que permitió a la compañía presentar una demanda por daños y perjuicios contra el sindicato de trabajadores. Esta decisión supuso un duro golpe contra el sindicalismo y ayudó a lograr apoyos para el naciente partido Laborista.;Los sindicatos cuentan con los laboristas;;;;;;;;;
EVTOPTA36922;Horrible!;C'est terrible !;Schrecklich!;En cariñoso recuerdo del cricket inglés, fallecido en el Oval el 29 de agosto de 1882.;¡Horrible!;;;;;;;;;
EVTOPTA36923;Man developing from apes? Ridiculous!;L'homme descendrait du singe... C'est ridicule !;Die Menschen stammen von den Affen ab? Lächerlich!;Basándose en las observaciones realizadas por él mismo durante su famoso viaje a bordo del Beagle, el científico Charles Darwin, publicó su obra 'El origen de las especies', en la que afirmaba que todas las formas de vida terrestres se habían desarrollado mediante un proceso de la ley del más fuerte, no mediante un acto de creación. Sus opiniones fueron rebatidas con vehemencia entonces y ahora.;¿Que el hombre procede de los simios? ¡Absurdo!;;;;;;;;;
EVTOPTA36924;I say, anyone for Tennis?;Qui veut faire une partie ?;Hey, wer hat Lust auf Tennis?;En 1877 se celebró el primer torneo individual de tenis para hombres en el All-England Club, en Wimbledon. El ganador fue Spencer Gore. Los espectadores pagaron un chelín por cabeza. En la final hubo alrededor de 200 espectadores.;¿Le apetece a alguien un partidito de tenis?;;;;;;;;;
EVTOPTA36925;Repress these depraved criminals!;Réprimons ces criminels dépravés !;Unterdrückt diese verdorbenen Kriminellen!;El asesinato de al menos 6 prostitutas por Jack el Destripador, el más célebre asesino en serie moderno, horrorizó y conmocionó a la sociedad victoriana. Sin embargo, la consternación ante este horror tuvo el efecto indirecto de llamar su atención sobre la extrema pobreza y depravación que reinaban muy cerca de ellos, en las calles del este de Londres, sobre todo en Whitechapel, lugar en el que tuvieron lugar los crímenes. Aunque las autoridades estaban demasiado ocupadas intentando encontrar al psicópata, cosa que nunca conseguirían, los problemas sociales siguieron pesando en la conciencia de los ingleses durante los años venideros.;¡Que repriman a esos criminales depravados!;;;;;;;;;
EVTOPTA36926;Bravo!;Bravo !;Bravo!;La producción de Samuel Phelps de 'El sueño de una noche de verano' le ha devuelto la magia a Shakespeare. La sencillez de su producción ha demostrado que las obras dramáticas de calidad pueden tener éxito, y ahora parece que todas las compañías teatrales de Inglaterra intentan seguir su ejemplo.;¡Bravo!;;;;;;;;;
EVTOPTA36927;Through the looking glass we go..;Un monde à l'envers...;;Charles L. Dodgson, bajo el seudónimo de 'Lewis Carroll', publica el primero de dos libros infantiles. Con ilustraciones de Sir John Tenniel.;Atravesamos el espejo...;;;;;;;;;
EVTOPTA36928;Amazing!;Étonnant !;Erstaunlich!;En su viaje inaugural de Gravesend a Melbourne, el clíper Thermopylae ha establecido un tiempo récord de 63 días.;¡Asombroso!;;;;;;;;;
EVTOPTA36929;A tragedy!;Quelle tragédie !;Eine Tragödie!;Diecinueve meses después de su finalización, el puente sobre la ría de Tay cerca de Dundee se vino abajo a causa del fuerte viento. También se perdió un tren de seis vagones. El arquitecto del puente, Sir Thomas Bouch, fue declarado responsable y destituido de su puesto como arquitecto del puente sobre la ría de Forth.;¡Qué tragedia!;;;;;;;;;
EVTOPTA36930;Hurrah for the Taiping;Hourra pour le Taiping !;Ein Hurra auf die Taiping;Ha tenido lugar una gran carrera por traer el primer cargamento de té entre cuatro clíperes que zarparon de Fuchow a finales de mayo: the Fiery Cross, Ariel, Taiping y Serica. El Taiping venció a sus colegas por media hora, ganando así el premio de 10 chelines extras por tonelada de su cargamento.;Viva el Taiping;;;;;;;;;
EVTOPTA36931;Ahh, how comfortable!;Ah, quel confort !;Ach, wie bequem.;Artista, empresario, diseñador, socialista... William Morris ha roto con el 'lamentable estado en que se encuentran las artes decorativas en la Gran Bretaña' para crear un mobiliario de una hermosa sencillez. Es más que probable que su innovador diseño de una butaca reclinable con apoya-pies se convierta en un clásico.;Ahh, qué cómoda.;;;;;;;;;
EVTOPTA36932;An incredible composer;Un incroyable compositeur;Ein unglaublicher Komponist!;Con esta obra, Edward Elgar se ha convertido en un compositor de fama internacional. Sus obras corales y sinfónicas han reactivado las formas clásicas en Gran Bretaña.;Un compositor increíble;;;;;;;;;
EVTOPTA36933;Is so much sports healthy?;Est-il sain de faire tant de sport...;Ist soviel Sport gesund?;Con la creciente popularidad del atletismo, no era más que una cuestión de tiempo que se celebrase el primer campeonato inglés. A diferencia de los festivales de gimnasia en Alemania, lo más importante eran los éxitos individuales, no la celebración de la unidad (nacional).;¿Es bueno para la salud tanto deporte?;;;;;;;;;
EVTOPTA36934;An idea long since due;Il était temps;Das wurde aber auch Zeit;En parte como reacción al tremendo fracaso de los oficiales de la nobleza en la Guerra de Crimea, y en parte como reacción a una tendencia antiaristocrática, Gran Bretaña suprime en 1871 la costumbre de permitir la adquisición de cargos de oficiales. De ahora en adelante, los oficiales por lo menos tendrán que recibir una instrucción. Aunque el ejército se volvió más profesional, su tendencia de cargar ciegamente se vio ligeramente reducida, ante la consternación de algunos oficiales veteranos.;Una idea que debió aplicarse hace mucho;;;;;;;;;
EVTOPTA36937;The House of Windsor, long may it reign;Longue vie aux Windsor !;Mögen die Windsors lange regieren!;;La casa de Windsor puede reinar por mucho tiempo;;;;;;;;;
EVTOPTA43800;Hooray for Sturt!;Hourra pour Sturt !;Ein Hurra auf Sturt!;Charles Sturt ha regresado después de un intento de encontrar el centro de Australia. Ha conseguido establecer que en el interior del continente no hay grandes lagos ni un mar interior, como se esperaba.;¡Viva Sturt!;;;;;;;;;
EVTOPTA43801;A tragedy!;Quelle tragédie !;Eine Tragödie!;Buscando la recompensa por cruzar Australia por el norte, Robert Burke y William Wills fueron capaces de llegar hasta el golfo de Carpentaria, sólo para encontrar la muerte en Cooper Creek durante el viaje de regreso. Su grupo de apoyo les había dado por perdidos y había abandonado Cooper Creek tan sólo 8 horas antes de su regreso.;¡Qué tragedia!;;;;;;;;;
EVTOPTA43802;And isn't it a beaut!;Quelle merveille !;Ist sie nicht eine Schönheit?;El gobierno federal ha anunciado que el premio de 200 libras sería repartido entre cinco ciudadanos que habían presentado diseños fundamentalmente idénticos a la competición para diseñar la bandera nacional. En total hubo 32.000 participantes.;¡Y qué preciosa es!;;;;;;;;;
EVTOPTA43803;Good onya, Patterson!;Bravo, Patterson !;Good on yer, Patterson!;Sus historias, desde la publicación de su obra 'El hombre del río de la nieve', han pintado un fascinante retrato del interior de Australia,y su canción 'Waltzing Matilda' casi se ha convertido en el himno nacional.;¡Buen trabajo, Paterson!;;;;;;;;;
EVTOPTA44000;Appoint him to oversee the Molokai colony;Le nommer pour superviser la colonie de Molokai.;Ernennt ihn zum Leiter der Molokai-Kolonie.;;Nombrémoslo supervisor de la colonia de Molokai;;;;;;;;;
EVTOPTA44116;The spirit seizes the imagination.;L'esprit s'empare de l'imagination.;Der Geist bemächtigt sich der Vorstellungskraft.;;El espíritu de aprovecha de la imaginación;;;;;;;;;
EVTOPTA44117;Faith and reason can be reconciled to improve humanity.;Foi et raison peuvent harmonieusement cohabiter pour améliorer l'humanité.;Glaube und Vernunft können zur Verbesserung der Menschheit in Einklang gebracht werden.;;La fe y la razón pueden ser compatibles para mejorar al ser humano.;;;;;;;;;
EVTOPTA44118;For the betterment of society.;Pour l'amélioration de la société.;Für die Verbesserung der Gesellschaft.;;Por la mejora de la sociedad;;;;;;;;;
EVTOPTA44119;An extraordinary man.;Un homme extraordinaire.;Ein außerordentlicher Mann.;;Un hombre extraordinario.;;;;;;;;;
EVTOPTA44121;God our Father, Christ our Redeemer, Man our Brother;Dieu notre père, Christ notre rédempteur, Homme notre frère;Gott ist unser Vater, Jesus Christus unser Erlöser, der Mensch unser Bruder.;;Dios es nuestro padre, Cristo nuestro redentor, el hombre nuestro hermano;;;;;;;;;
EVTOPTA44300;Macdonald must resign!;Macdonald doit démissionner !;Macdonald muss zurücktreten!;Después de que la administración conservadora consiguiese la mayoría en las elecciones al parlamento de 1871, se presentaron muy serias acusaciones contra John A. Macdonald. El proyecto favorito de John A. Macdonald era el ferrocarril transcontinental, y la administración liberal le acusaba de que Sir Hugh Allan había donado fondos para su campaña a cambio de un contrato garantizado con su compañía, la Canadian Pacific. Pese a sus protestas de inocencia, Macdonald se vio obligado a dimitir como primer ministro. La falta de confianza de Donald A. Smith en Macdonald sólo sirvió para impulsar el declive de la popularidad del partido.;¡Macdonald debe dimitir!;;;;;;;;;
EVTOPTA44301;Listen to the Métis demands;Écouter les revendications des métis;Forderungen der Métis anhören;Los mestizos eran una agrupación de pequeñas comunidades de ascendencia mixta francesa e india de la región de Manitoba que tenían esperanzas de autogobierno. Por desgracia, sus sueños se vinieron abajo cuando el territorio de la Bahía de Hudson del que formaban parte fue entregado a Canadá sin su consentimiento. Como protesta, los mestizos se sublevaron al mando de Louis Riel. Louis Riel era un hombre profundamente religioso que estudió para sacerdote en su juventud. Luchó por los mestizos y fue considerado un héroe a ojos de la gente de Manitoba. Louis negoció con el gobierno canadiense el ingreso de Manitoba en la confederación. Los delegados canadienses aseguraron que se respetarían los derechos de la gente. De este modo nació la provincia de Manitoba.;Escuchar las peticiones de los mestizos;;;;;;;;;
EVTOPTA44302;The Métis are up in arms;Les métis ont pris les armes;Die Métis haben sich bewaffnet;Aunque el gobierno canadiense prometió respetar los derechos de los mestizos, no parece que fuera así. Las peticiones de los mestizos de que sus posesiones e instituciones fuesen reconocidas se desoyeron. Los mestizos también se sentían cada vez más disgustados ante la invasión de sus territorios por un creciente número de colonos procedentes del este. A principios de 1885, la situación estalló cuando los mestizos volvieron a tomar las armas y se rebelaron. Adoptando el 'Proyecto de ley revolucionario', los mestizos establecieron su propio gobierno, independizándose de Canadá. La rebelión fue aplastada por las tropas canadienses. Louis Riel fue juzgado y ejecutado. Los mestizos tardarían cien años en ser reconocidos oficialmente como pueblo.;Los mestizos están furiosos;;;;;;;;;
EVTOPTA45000;Seek Annexation;Rechercher l'annexion;Annexion befürworten;El presidente Báez ha enviado negociadores a investigar la posibilidad de la anexión de la República Dominicana por parte de los Estados Unidos. Renunciando de facto a tu independencia.;Solicitar la anexión;;;;;;;;;
EVTOPTA45001;We have commercial interests to protect.;Nous devons protéger nos intérêts commerciaux;Wir haben Geschäftsinteressen zu schützen.;La República Dominicana busca su anexión por los Estados Unidos.;Tenemos que proteger nuestros intereses comerciales.;;;;;;;;;
EVTOPTA45002;The Caribbean is our Destiny;Les caraïbes sont notre destin;Die Karibik ist unsere Bestimmung.;¡Unos representantes de la República Dominicana han ofrecido su anexión y quieren convertirse en un estado de nuestra Unión!;Nuestro destino es el de las islas Caribe;;;;;;;;;
EVTOPTA45005;It's a natural part of France!;Elle fait naturellement partie de la France !;Sie ist ein natürlicher Bestandteil Frankreichs!;Representantes de la República Dominicana nos han ofrecido anexionarnos su nación.;¡Es una parte natural de Francia!;;;;;;;;;
EVTOPTA45006;A tragedy!;Quelle tragédie !;Eine Tragödie!;Tras una década de estabilidad generalizada, el asesinato del presidente Ulises Heureaux ha revelado que la gran cantidad de acuerdos a los que llegó con bancos extranjeros han dejado al país en bancarrota.;¡Qué tragedia!;;;;;;;;;
EVTOPTA46300;Dangerous Ideas Afloat!;De dangereuses idées circulent !;Gefährliche Ideen im Anmarsch!;Antonio Castro Alves publica 'O navío negreiro' y pronto se gana el apodo de 'poeta de los esclavos'. Su obra tiene gran influencia sobre la abolición de la esclavitud en Brasil.;¡Salen a flote ideas peligrosas!;;;;;;;;;
EVTOPTA46301;The power of sport;La puissance du sport;Die Macht des Sports.;En 1894, el paulista Charles Miller regresa de Inglaterra, donde cursó estudios, con dos balones de fútbol, un libro de reglas, unos uniformes y la experiencia de haber aprendido el deporte creado por los ingleses. Miller y otro inglés residente en Sao Paulo jugaron el primer partido de fútbol de Brasil en 1895: los empleados de la Compañía del Gas contra los de los Ferrocarriles de Sao Paulo. El partido se jugó en el valle del Carmo, y los empleados de la compañía de ferrocarril ganaron por 4 a 2. Desde entonces, el interés de los brasileños por este deporte ha aumentado enormemente.;El poder del deporte;;;;;;;;;
EVTOPTA46302;Target practice! ;Exercices de tir ! ;Zielübungen! ;El oficial del ejército Francisco Sabino ha iniciado una revuelta radical en Bahía, en demanda de la abolición de la esclavitud y el reparto de la tierra.;¡Práctica de tiro! ;;;;;;;;;
EVTOPTA46600;His Ideas Have Merit;Ses idées ont du mérite;Seine Ideen sind sehr wertvoll!;El libro de Alberdi 'Bases para la organización política de la confederación argentina', publicado por primera vez en 1852, el año de la derrota de Rosas, influye poderosamente en la redacción de la nueva constitución argentina. La constitución argentina elaborada por Alberdi estaba basada en la de los Estados Unidos.;Sus ideas tienen mérito;;;;;;;;;
EVTOPTA46601;Dangerous Ideas Afloat!;De dangereuses idées circulent !;Gefährliche Ideen im Anmarsch!;Este libro, editado en 1845, utiliza la historia del dictador Facundo para contrastar la 'civilización' europea y la 'barbarie' nativa. Pese a toda la furia y repulsa que Sarmiento expresa hacia Facundo Quiroga, Rosas y la gente de la Pampa, del libro emerge un retrato maravilloso y a veces lleno de admiración hacia esa parte de la Argentina que Sarmiento piensa que debe ser eliminada.;¡Salen a flote ideas peligrosas!;;;;;;;;;
EVTOPTA48300;Long Live The Duke!;Vive le duc !;Lang lebe der Herzog!;Nuestro duque era el pariente más cercano para la sucesión del ducado de Anhalt-Köthen en 1847, y ahora sucede a Alejandro Carlos, duque de Anhalt-Bernburg, que murió sin herederos directos. ¡Por fin, Anhalt está unido bajo un único duque!;¡Larga vida al Duque!;;;;;;;;;
EVTOPTA60000;Excellent, comrade!;Excellent, camarade !;Hervorragend, Genosse!;;¡Excelente, camarada!;;;;;;;;;
EVTOPTA60010;Viva!;Viva !;Viva!;;¡Viva!;;;;;;;;;
EVTOPTA60020;I love democracy;J'aime la démocratie.;Ich liebe Demokratie.;;Adoro la democracia;;;;;;;;;
EVTOPTA60030;Ave!;Avé !;Ave!;;¡Ave!;;;;;;;;;
EVTOPTA60040;Long live the King!;Longue vie au roi ! ;Lang lebe der König!;;¡Larga vida al rey!;;;;;;;;;
EVTOPTA60050;Liberty!;Liberté !;Freiheit!;;¡Libertad!;;;;;;;;;
EVTOPTA60060;It is only right and good;Ce n'est que justice;Das ist nur recht und billig.;;Es justo y necesario;;;;;;;;;
EVTOPTA60070;Long Live The King!;Longue vie au roi ! ;Lang lebe der König!;;¡Larga vida al rey!;;;;;;;;;
EVTOPTA70000;Extend Slavery;Étendre l'esclavage;Sklaverei ausdehnen;;Expandamos la esclavitud;;;;;;;;;
EVTOPTA70001;Excellent!;Parfait !;Hervorragend!;;¡Excelente!;;;;;;;;;
