Key;English;French;German;Polish;Spanish;Italian;Swedish;Czech;Hungarian;Dutch;Portuguese;Russian;Finnish
accept_belarussians_title;Grant Equal Rights to the White Ruthenians;;;;;;;;;;;;;
accept_belarussians_desc;While far from our height many centuries ago, our recent conquest of White Ruthenia puts our nation in a peculiar position. Even if there were always Slavs in our nation after our independence, now, with the inclusion of our old territories, the White Ruthenians became a sizeable portion of our population, with our people becoming a minority in our own nation. Now, our ministers suggest that the best course of action would be to, instead of letting our peoples fight against each other within our own borders, we should integrate the people of White Ruthenia in our nation, granting them equal rights to Lithuanians and finding unity in our shared history under foreign rule.;;;;;;;;;;;;;
all_german_military;All-German Military;;;;;;;;;;;;;
GER_sway_the_baltic_title;The Baltic Question;;;;;;;;;;;;;
GER_sway_the_baltic_desc;With our victory in the Baltic, our new allies in the East soon will have to choose how their new nation will be governed. As the guarantors of their independence, we naturally hold a great deal of influence with them, being offered to send representatives to the upcoming meeting in Riga. We should decide what will be our agenda in Riga and in which direction we will sway their decision into.;;;;;;;;;;;;;
EVTDESC31502020;\n\nAs we decide how to influence our new Baltic allies, some questions emerge on how to influence their future government. Some very vocal voices tell us to take every step to turn them into our puppet, but we probably should act with caution, lest we alienate our new and valuable ally. One of the more reasonable options has been to send the Grand Duke of Mecklenburg-Schwerin, an ally of ours that has been invited to bid for the throne by Baltic Monarchists. Furthermore, parts of our delegation recommend instead that we send some liberal agitators to the Baltic to create a more liberal German state to relieve us from unrest. And last but not least, we could send some envoys to their military, suggesting them to take power, for a time, of course...;;;;;;;;;;;;;
UBD_strike_first_title;Declare a War for Baltic Independence;;;;;;;;;;;;;
UBD_strike_first_desc;With the consolidation of Baltic administration and our underhand deal with Berlin struck, we are starting to take steps to make sure Russia can't curtail Baltic autonomy. Our people got in contact with Latvian and Estonian leaders, to talk about the possibility of Baltic independence, and for the nation to stay united as a state of Germans, Latvians and Estonians. Not only did we manage to strike a deal with their leadership, but they also offered to get in contact with some Latvians and Estonians in Dinaburg and Pechory to have them rise up and join the Baltic struggle for independence. Now, with everything ready, all that is left is to cast the die and depose our Russian overlords.;;;;;;;;;;;;;
UBD_claim_ingria_desc;§RGain 12.5 infamy§! When the Baltic was first conquered from Sweden, Peter the Great of Russia handed the ruling of the Baltic to his, very corrupt, right-hand man and governor of Ingria. While he fell from the position even before the governorates were properly established, with our position in the Baltic and independence from Russia secured, the ambitions of our state grew, and Ingria became subject to the interest of war hawks and jingoists alike. With our independence, the Russian government has formally declared the transfer of the Imperial Capital from Saint Petersburg to Moscow, undoing Peter the Great's work, with some arguing that now would be the perfect time to claim Ingria. If we were to seize Ingria and St. Petersburg, we would be pretty much expelling Russia from the Baltic Sea, forever tarnishing the legacy their tsars fought to build.;;;;;;;;;;;;;
UBD_claim_ingria_title;Claim Ingria;;;;;;;;;;;;;
unite_poland_galicia_title;Unite Poland with Galicia;;;;;;;;;;;;;
unite_poland_galicia_desc;§RGain 2 infamy§! Despite being once a great state in Eastern Europe, after being partitioned time and time again, the Polish people were divided between Austria, Prussia and Russia. Now, with our significant influence in Polish lands, we could not only partially right this wrong, but also strengthen our Polish allies by pushing to unite Poland with Galicia-Lodomeria, while also taking the opportunity to solve some minor claims the Polish have on us. While the Polish people sure will appreciate the unification, the other powers won't be pleased to see us redrawing Eastern Europe in such a way.;;;;;;;;;;;;;
claim_duchy_estonia_desc;§RGain 3 infamy§! While we were considered by many as a power in decline after the Napoleonic Wars and the loss of Norway, it has become clear that those years of humiliation are behind us. As our nation is once again respected on the world stage, it would only be natural that we start looking into old claims that we could use to solidify our newfound position and prestige. One of the bolder suggestions circulating within our government is that of the Estonian claim. Not only because we held it as a duchy for about a century, but also due to the importance of Estonia in regard to our history - with the legend about the origins of the Dannebog, our flag, in the Battle of Lindanise, during the Livonian Crusade.;;;;;;;;;;;;;
claim_duchy_estonia_title;Reclaim the Duchy of Estland;;;;;;;;;;;;;
subdue_baltic_desc;With our recent defeats in the Baltic, we took a significant blow to our international status. The annexation of the Baltic in the Great Northern War under Peter the Great centuries ago elevated Russia into a true European power and, while the loss of the Baltic won't undermine our position as major player in European politics, we can't deny that it left a sour taste in our mouths. To remedy that, we could reassert our position in the Baltic Sea and claim that the Baltic states do not deserve independence and are still an integral part of our territory.;;;;;;;;;;;;;
subdue_baltic_title;Oppose Baltic Liberty;;;;;;;;;;;;;
unite_greece_title;Unite Greece;;;;;;;;;;;;;
unite_greece_desc;Ever since the end of the Byzantine Empire, the Greek people have never been unified into a single nation. While Attica and Peloponnese managed to be part of the new Greek nation, Greeks in the Aegean sea and Anatolia weren't so lucky, even if some of them recently managed to free themselves from Turkish overlordship. Now, with our control over Greece, the Greek people of the Aegean and Anatolia are skeptical of joining Greece, wary of our presence in the country. But, if we managed to increase our influence in these new states we could, in theory, make so their governments agree to join our Greek vassals, letting our puppet grow in strength.;;;;;;;;;;;;;
ITA_create_yugoslavia_title;Organize Yugoslavia;;;;;;;;;;;;;
ITA_create_yugoslavia_desc;§RGain 5 infamy§! The Balkans have always been a playground for foreign empires. As we strive to prove ourselves as a true great power in Europe, we seek a sphere of influence of our own, with the Balkans emerging as the most promising target. By expanding our influence in the region, we can strip the Austrians and Turks of territory while creating allies who will be forever indebted to us, securing our place as the Masters of the Adriatic.;;;;;;;;;;;;;
RUS_create_yugoslavia_title;Hegemony over South Slavs;;;;;;;;;;;;;
RUS_create_yugoslavia_desc;§RGain 8 infamy§! The Balkans have always been a playground for foreign empires. Populated by South Slavic peoples, the region naturally falls within our sphere of influence, with many viewing us as brothers and liberators due to our role in freeing them from the Ottoman Empire. If we were to complete the liberation of the South Slavic people from the Ottoman and Austrian Empires, we could not only create a powerful ally but also gain access to a route that bypasses the Bosphorus and Dardanelles straits, allowing us to establish a naval presence in the Mediterranean Sea.;;;;;;;;;;;;;
AUS_create_yuguslavia_title;Quelling the Powder Keg;;;;;;;;;;;;;
AUS_create_yuguslavia_desc;§RGain 5 infamy§! The Balkans have always been a playground for foreign empires, including ourselves. We have long held an interest in the region, demonstrated by our control over Croatia and our rivalry with the Ottomans. While we have previously stated that we hold no interest in further expansion, the rise of nationalism has turned the Balkans into a powder keg waiting to explode. If we were to reassert our position, we might be able to organize the region in a way that quells the nationalist fires threatening to destabilize our empire in the future - even if it means angering Russia in the process.;;;;;;;;;;;;;
french_annex_sardinia_desc;§RGain 5 infamy§! Ever since our hegemony over Italy was established, our nation has only benefited — diplomatically, by having the entire peninsula as our ally, and economically, through French investors dominating Italy’s mines and factories. One such place is Sardinia. With its profitable mines and proximity to French Corsica, our investors have taken control of most of the economy on this otherwise isolated island. As a result, there has been growing outcry in Paris over the idea of annexing the island to secure its valuable resources. However, that is not to say the proposal has gone unopposed—many advisors argue that Sardinia has long been isolated from the rest of Italy and has a strong history of resisting outside influence. Still, our far-reaching economic presence may be a promising sign.;;;;;;;;;;;;;
french_annex_sardinia_title;Take over Sardinia;;;;;;;;;;;;;
form_NEE_title;Reform New England;;;;;;;;;;;;;
form_NEE_desc;Now that we united our region, the time has come to reform New England!;;;;;;;;;;;;;
yellow_russia_mongolia_title;Integrate Mongolia into Zheltorossiya;;;;;;;;;;;;;
yellow_russia_mongolia_desc;With our control over Mongolia, we could expand Zheltorossiya and hand these lands over to the government in Harbin, that would, without a doubt, better be able to hold the Mongolian Steppes.;;;;;;;;;;;;;
yellow_russia_xinjiang_title;Integrate Xinjiang into Zheltorossiya;;;;;;;;;;;;;
yellow_russia_xinjiang_desc;With our control over Xinjiang, we could expand Zheltorossiya and hand these lands over to the government in Harbin, that would, without a doubt, better be able to hold Dzungaria.;;;;;;;;;;;;;
yellow_russia_gansu_title;Finalize Zheltorossiya;;;;;;;;;;;;;
yellow_russia_gansu_desc;With our control over Xinjiang and Mongolia, we are almost reaching the final borders we planned for Zheltorossiya. What remains is to push through the Gansu province, so that our border follows the Yellow River. That would certainly make defense of the region easier, but contrary to the rest of Zheltorossiya, Gansu is densely populated, making it harder to control than the rest of Zheltorossiya.;;;;;;;;;;;;;
settlement_of_the_steppe_title;Settle the Kazakh Steppes;;;;;;;;;;;;;
settlement_of_the_steppe_desc;As our first conquest in Central Asia, the land of the Kazakhs has been administered through the Governor-Generalship of the Steppes, primarily maintained by scattered Russian forts and pockets of Russian-dominated cities across the region. With the pacification of the area now complete, our next step is to encourage Russian settlement—taking advantage of the vast expanses of fertile land in northern and eastern Kazakhstan, even at the cost of disrupting nomadic routes and driving the Kazakhs our of their traditional grazing pastures, leaving them open to be transformed into Russian farms.;;;;;;;;;;;;;
start_german_reorg_title;Reform the German Confederation;;;;;;;;;;;;;
start_german_reorg_desc;§RGain 5 infamy§! Despite having no desire to create a unified German nation, our victory against Prussia has granted us near-total hegemony over the former German Confederation—excluding only Prussia proper. This does not mean, however, that the winds of German nationalism have subsided, on the contrary, it remains the most serious threat to our hold over the Confederation. To secure our dominance, we could assert control over the Federal Convention in Frankfurt, enabling us to shape legislation that would entrench—and even expand—our hegemony over Germany without opposition.;;;;;;;;;;;;;
ruhr_comission_title;Establish the Rhenish Industrial Commission;;;;;;;;;;;;;
ruhr_comission_desc;§RGain 5 infamy§! Now that we hold control over the Federal Convention in Frankfurt, we can begin reorganizing Germany to secure our hegemony over the German Confederation. While there are many states for us to consider, one of the most pressing ones would be the Rhineland. The lands along the Rhine have seen a significant boom in industrialization, which would greatly benefit our empire. Thus, we have put forth a proposal in the Federal Convention, to establish the Rhenish Industrial Commission which would, on paper,further boost industrialization in the Ruhr but, in reality, it would give us total control over the Rhenish affairs;;;;;;;;;;;;;
hesse_westphalia_union_title;Propose the Union of Hesse-Westphalia;;;;;;;;;;;;;
hesse_westphalia_union_desc;§RGain 5 infamy§! Now that we hold control over the Federal Convention in Frankfurt, we can begin reorganizing Germany to secure our hegemony over the German Confederation. While there are many states for us to consider, it recently came to our attention the matter of the duchy of Westphalia and the Hesse states. Westphalia has been under the control of a Habsburg noble ever since the end of the war against Prussia. But now, with our control over Frankfurt, we may change that. This time, one of our advisors has giving the idea of ordering the Duke of Westphalia to resign and partition his land between the states of Hesse, on the condition that they band together in the Union of Hesse-Westphalia and, of course, be loyal to us afterwards.;;;;;;;;;;;;;
reward_hannover_title;Reward the Kingdom of Hanover;;;;;;;;;;;;;
reward_hannover_desc;§RGain 8 infamy§! Now that we hold control over the Federal Convention in Frankfurt, we can begin reorganizing Germany to secure our hegemony over the German Confederation. While there are many states to consider, one stands out: our loyal allies in Hanover. Having only recently gained independence from London, the Kingdom of Hanover has aligned with Austria from day one and supported the German Confederation in both Schleswig Wars. Perhaps it is time to reward this noble nation by expanding its territory—on the condition, of course, that it swears fealty to us.;;;;;;;;;;;;;
create_the_hansa_title;Establish the Hanseatic League;;;;;;;;;;;;;
create_the_hansa_desc;§RGain 2.5 infamy§! Now that we hold control over the Federal Convention in Frankfurt, we can begin reorganizing Germany to secure our hegemony over the German Confederation. While there are many states to consider, it is time we turn our attention to the Free and Hanseatic Cities of Bremen, Hamburg, and Lübeck. These cities aligned themselves with Prussia, giving us more than enough justification to simply incorporate them into Hanover and Mecklenburg. However, doing so would undoubtedly alienate many of the smaller states within the Confederation—most of which also sided with Prussia. Instead, we shall reform the Hanseatic League, uniting the three cities into a single state. This new entity will receive greater autonomy within the German Confederation, while still remaining subordinate to its executive authority—our emperor.;;;;;;;;;;;;;
unite_thuringia_title;Unite Saxony with Thuringia;;;;;;;;;;;;;
unite_thuringia_desc;§RGain 5 infamy§! Now that we hold control over the Federal Convention in Frankfurt, we can begin reorganizing Germany to secure our hegemony over the German Confederation. While there are many states to consider, the matter of the Saxon states now calls for our attention. The Kingdom of Saxony has long been our ally, with the Austrian Emperor having protected it from annexation by Prussia during the Congress of Vienna. It is now time to reward Saxony and ensure it remains within our sphere of influence—by uniting Thuringia with its kingdom. In doing so, we not only reward Saxony for its loyalty but also grant it jurisdiction over the Thuringian duchies—most of which sided with Prussia during our war against them.;;;;;;;;;;;;;
unify_mecklenburg_title;Unify the Duchy Mecklenburg;;;;;;;;;;;;;
unify_mecklenburg_desc;§RGain 2.5 infamy§! Now that we hold control over the Federal Convention in Frankfurt, we can begin reorganizing Germany to secure our hegemony over the German Confederation. While there are many states to consider, it is probably for the best that we get the question of Mecklenburg out of the way. The Duchy of Mecklenburg was an ally of Prussia, but there is no need to punish them. Instead, to guarantee their loyalty, we could unite them with the smaller Duchy of Mecklenburg-Strelitz, while also getting some concessions from them that would give us control over them.;;;;;;;;;;;;;
martial_law_brandenburg_title;The Brandenburg Plot;;;;;;;;;;;;;
martial_law_brandenburg_desc;§RGain 12.5 infamy§! Now that we hold control over the Federal Convention in Frankfurt, we can begin reorganizing Germany to secure our hegemony over the German Confederation. While there are many states to consider, an urgent matter is that of Brandenburg and Pomerania. Both states have been separated from Prussia and are currently under heavy oversight by both our Empire and the German Confederation. Needless to say, our control over the region is unstable—these lands were long held by the Hohenzollerns, and resistance to our rule is to be expected. Fortunately, one of our advisors has devised a plan: to forge a conspiracy suggesting that Brandenburg intends to return to Hohenzollern rule. This would provide us with the justification to declare martial law over both Brandenburg and Pomerania, allowing us to seize permanent control of the duchies.;;;;;;;;;;;;;
EVTDESC800825;\n\nWith our victory over Prussia, it has been reduced to little more than a rump state in the Baltic, a far cry from the days they were a contender for the throne of Germany. But, it seems that their situation is about to get worse. \n\nWith unrest brewing in Poland, the Polish population in Prussia seems to also have some strong desires for independence, as do the ones under Russian rule. But, seeing our treatment of the Polish people, a secretive delegation of Polish partisans from the province of Poznan has come to talk to us, asking for our support to start a Polish uprising in Greater Poland, promising to be loyal to us after their independence from Prussia, as long as they are granted some autonomy. Naturally, we were a bit skeptical of their offer, but they seem like a good opportunity to cripple the Prussians further, even if it will take some time for their revolt to actually start.;;;;;;;;;;;;;
EVTDESC800826;\n\nAs unrest brews in Russian Poland, it seems that we aren't immune to the growing Polish agitation. Much to the contrary, it would seem that, the Grand Duchy of Poznan, which is majority Polish, has followed the winds of Polish nationalism and declared independence from us, with the government in Vienna being the first to declare support to it. \n\nWe cannot overstate how much this hurts us. The loss of Poznan would mean the loss of a third of a remaining territory, but fighting against the uprising would mean fighting against the Austrians again...;;;;;;;;;;;;;
EVTDESC800827;\n\nWith the provisional government in Poznan being able to achieve their independence, our diplomats have already began talks with its representatives, the same which came to our capital months ago. Luckily, it seems that they are happy to follow through their end of the deal, letting us help "guide", especially in foreign affairs, turning them effectively into our puppet. Other than that, it is clear that the these revolutionaries have been emboldened by our support, suggesting us that they could even form a loyal government in Warsaw for a united Polish state, if the situation allows it...;;;;;;;;;;;;;
buy_heligoland_title;The Heligoland Purchase;;;;;;;;;;;;;
buy_heligoland_desc;The island of Heligoland is a small island off the coast of Germany, traditionally considered part of Schleswig or the Frisian Islands. With our control over the Frisian Islands, we maybe could try to buy Heligoland from the British. The island is small and over the years—instead of becoming a naval base—it evolved into a vacation spot and safe haven for German liberals, so they wouldn't mind handing them over to us—for a small price, of course.;;;;;;;;;;;;;
welcome_the_yugoslavs_title;Welcome the South Slavs;;;;;;;;;;;;;
welcome_the_romanians_title;Welcome the Romanians;;;;;;;;;;;;;
welcome_the_polish_title;Welcome the Polish;;;;;;;;;;;;;
welcome_the_yugoslavs_desc;As we grant a special place for the slavs in our nation, we have already granted rights to the Croats, but, with our centuries-long influence over the South Slavic peoples, it is only natural that we start striving to integrate all of the South Slavs into our nation, granting them a place in our Austro-Slavic union over the Danube.;;;;;;;;;;;;;
welcome_the_romanians_desc;After a total transformation of our nation into a Danubian Federation, the Romanians already have a place in our nation, due to them being the dominant population in Transylvania. But, with Romania under our influence, we could spend some political capital to integrate it into our nation, expanding the our nation until it reachs the Black Sea.;;;;;;;;;;;;;
welcome_the_polish_desc;With our union with the Slavic people, one of the biggest slavic groups in our nation are the Polish. Naturally, ever since the partitions of Poland, we ruled over a significant Polish minority, keeping it even as Napoleon created the Duchy of Warsaw. Now, with the Polish becoming members of our Austro-Slavic nation, we have the change to protect the Polish from both Prussian and Russian threats, by integrating them into our nation once we manage to hold enough sway over them.;;;;;;;;;;;;;
truly_baltic_title;A Truly Baltic Nation;;;;;;;;;;;;;
truly_baltic_desc;§RGain 10 infamy§! Despite enjoying German help to fight the Russians, we couldn't risk having the Germans taking the place of the Russians as our new overlords. Because of that, the revolution was born, with the Baltic people storming the Landtag and declaring the creation of $COUNTRY$. Despite that, we can't deny that Germany still holds lots of sway over our nation, bringing some question to the legitimacy of our regime. So, to quell any doubts about the sovereignty of $COUNTRY$, we shall prove ourselves to be a truly Baltic republic, by claiming Prussia, leaving it clear once and for all that we aren't mere subservient to Berlin. \n\n§RPulling yourself out of German protection is a dangerous game for the player, especially if you are a Radical Republic! Not only you will have no protector against Russia, but the European powers won't shy away from putting down a nation that openly defies the European order, no matter how puny it looks!§!;;;;;;;;;;;;;
baltic_ambition_title;Our Ambitions;;;;;;;;;;;;;
baltic_ambition_desc;Despite being a Russian governate until recently, we managed to achieve a quite privileged position among Europena powers, despite maybe still not reaching the level of prestige and power of nations such as France and Britain. That, paired with our agressive expansion, left us wanting more. Now that we are free from outside influence, our nation grew more and more ambitious and, with the conquest of Prussia, we couldn't help but feel emboldened to persue such ambitions.;;;;;;;;;;;;;
EVTDESC73649209;\n\nAfter the last Schleswig War, the Austrian Empire promised us that it would realize a referendum in Schleswig at a later date, to let the population decide if they truly wanted to become a part of Germany, seeing as it has a significant Danish population. Thus, when war broke out between it and Prussia, we feared that that promise may soon be null and void, as Austria would be unable to fulfill it if it was defeated but, in a surprising turn of events, Austria has managed to keep their position as head of the German world and thus, maybe it is a good time to ask about that referenfum they promised.;;;;;;;;;;;;;
japanese_sponsored_modernization;Japanese Government Advisors;;;;;;;;;;;;;
japanese_sponsored_modernization_desc;Officials from Japan are working with our government to oversee our own modernization. We hope to use their knowledge to pursue reforms in all aspects, from social to military.;;;;;;;;;;;;;
mantetsu_jap;South Manchuria Railway — Mantetsu;;;;;;;;;;;;;
mantetsu_jap_desc;The Mantetsu was established after the agressive takeover of most of the Russian Eastern China Railway, following the Japanese victory in the Russo-Japanese War. The company would grow rapidly, going beyond a simple railway company. Soon, the Mantetsu would expand its operations into coal mines, harbors, research centes and even hotels. Now, with our invasion of Manchuria, the Mantetsu became an essential part of our occupation of the region, not only becoming responsible for around 25% of our tax revenue, but also deeply penetrating every sphere of everyday life in Manchuria.;;;;;;;;;;;;;
mantetsu_mck;South Manchuria Railway — Mantetsu;;;;;;;;;;;;;
mantetsu_mck_desc;The Mantetsu was established after the agressive takeover of most of the Russian Eastern China Railway, following the Japanese victory in the Russo-Japanese War. The company would grow rapidly, going beyond a simple railway company. Soon, the Mantetsu would expand its operations into coal mines, harbors, research centes and even hotels. Now, with our invasion of Manchuria, the Mantetsu became an essential part of our occupation of the region, not only becoming responsible for around 25% of our tax revenue, but also deeply penetrating every sphere of everyday life in Manchuria.;;;;;;;;;;;;;
mantetsu_farms_mines;Mantetsu Farms and Mines;;;;;;;;;;;;;
mantetsu_jap_improved;South Manchuria Railway — Mantetsu;;;;;;;;;;;;;
mantetsu_jap_improved_desc;The Mantetsu was established after the agressive takeover of most of the Russian Eastern China Railway, following the Japanese victory in the Russo-Japanese War. The company would grow rapidly, going beyond a simple railway company. Soon, the Mantetsu would expand its operations into coal mines, harbors, research centes and even hotels. Now, with our invasion of Manchuria, the Mantetsu became an essential part of our occupation of the region, not only becoming responsible for around 25% of our tax revenue, but also deeply penetrating every sphere of everyday life for Japanese settlers in Manchuria. \n\nNow, with the rise of Mangyo, most of Mantetsu investment has been absorved and repurposed into serving the developing Manchurian economy, Mantetsu's role has been devolved mainly into its railway lines, planning and research.;;;;;;;;;;;;;
mantetsu_research_wing;Mantetsu Research Wing;;;;;;;;;;;;;
mantetsu_research_wing_desc;The Mantetsu engaged in a country-wide development project, with not only its Research Wing being a center piece of Japan's colonial program, but also devoloping the country's heavy industry and soybean agriculture, with land cultivation increasing in 70% in 20 years, not to mention the construction of schools, libraries and hospitals promoted by the Mantetsu.;;;;;;;;;;;;;
sentetsu;Mantetsu-Sentetsu Integration;;;;;;;;;;;;;
mantetsu_integration;Mantetsu Integration;;;;;;;;;;;;;
mantetsu_settling;Mantetsu Settlements;;;;;;;;;;;;;
mantetsu_mck_improved;Manchurian Industrial Development Company — Mangyo;;;;;;;;;;;;;
mantetsu_mck_improved_desc;Following the Japanese Invasion of Manchuria and the economic success of Mantetsu, the South Manchuria Railway Company helped the Kwantung Army develop a economic and industrial plan for the future of Manchuria, inviting Yoshisuke Aikawa, the founder of the Nissan zaibatsu who proposed the establishment of the Manchurian Industrial Development Company, also known as Mangyo, a joint venture owned 50% by Nissan and 50% by the Manshukoku government. \n\nDespite being rejected at first in favor of Kwantung plans, Aikawa soon would have its way, successfully pulling investment into Manchuria and integrating Mantetsu investments into the Mangyo, managing to surpass the Home Islands in certain sectors by the end of Mangyo's first five year plan.;;;;;;;;;;;;;
exile_oman_title;Exile Oman;;;;;;;;;;;;;
exile_oman_desc;§RGain 5 infamy§! Oman has been a target of Persian expansion ever since the days before the Islamic invasions, with Persia having last conquered Oman during the Asharid period, under Nader Shah in 1743, a mere century ago. \n\nIn turn, after a prolonged civil war following the overthrow of Shah, Persia's most important port—Bandar Abbas—came under the control of the Imam of Muscat. A lease treaty confirming the port's status under Omani rule from 1794 has recently been revoked by our administration and—together with the invasion of Baluchistan and the western coast of Arabia—assured that our relations with Oman shifted in our favor. \n\nNow, while Oman has built quite an empire with their holdings in Africa, we hold the upper hand against them, being capable of not only seizing their Indian ports, but outright exile the Imam of Muscat to Zanzibar, giving us not only complete control over the Persian Gulf, but also seizing his lands in the Arabian Peninsula.;;;;;;;;;;;;;
secure_trucial_oman_title;Secure the Straits of Hormuz;;;;;;;;;;;;;
secure_trucial_oman_desc;§RGain 4 infamy§! Seizing control over Western Arabia has solidified our position on the Persian Gulf, but stoping now wouble be neglecting the fact that our control over it remains unstable, with its waters being easily blockaded if any naval power were to take control over either side of the Hormuz Strait. With that, after we reintegrate Bandar Abbas and the Island of Hormu back into our rule after years of Omani rule, it would be only natural that, to truly secure the Persian Gulf, we invade the many emirates across the Hormuz Strait. \n\nAnnexing both sides of the Hormuz Strait would not only guarantee our control over the Persian Gulf, but also pacify the many emirs on the Arabian side of it, making sure that their in-fighting won't let western powers encroach in our backyard.;;;;;;;;;;;;;
persian_syria_title;Beyond the Euphrates;;;;;;;;;;;;;
persian_syria_desc;§RGain 10 infamy§! While we are no strangers to Syria, the region hasn't been under our control ever since pre-Islamic Iran, with our nation not being able to rule the region ever since the days of Khosrow II of the Sassanids, shortly before the begining of the Muslim conquest of Persia. But now—with our positon as a rising power in the world stage and in the Middle East—we can westle our rivals for control over Syria and the entire Levant—going as far as claiming al-Quds—which would certainly let us be respected not only by Islamic powers, but by Christian ones as well.;;;;;;;;;;;;;
persian_holy_cities_title;Custody over the Holy Cities;;;;;;;;;;;;;
persian_holy_cities_desc;§RGain 8 infamy§! While we never ruled over Hedjaz nor does the region have much in the way of economic or strategic importance, its value to us is hard to understate. With our position as the holders of al-Quds, we earned a great deal of respect from the Christian powers and from the Muslim people—to a lesser degree. While al-Quds is also a holy city in Islam, its importance pales in comparison to the Holy Cities of Mecca and Medina—both found in Hedjaz. Thus—pairing it with our position as a great power—if we were to hold both al-Quds and the Holy Cities of Mecca and Medina we would become the uncontested leaders of the Muslim world, even if we are part of the Shiite minority.;;;;;;;;;;;;;
regain_omani_coast_defeat_title;Reclaim the Strait of Hormuz;;;;;;;;;;;;;
regain_omani_coast_defeat_desc;The powerful, maritime Sultanate of Muscat-Oman under the capable rule of the BuSaidi dynasty, had managed to occupy much of the coastal lands around the Persian Gulf and the Northwest Indian Ocean, all the way to Zanzibar by the mid 1850s. These included ports, islands and coastal regions of Baluchistan, Strait of Hormuz and Laristan on the Persian side of the Gulf of Oman and the Persian Gulf. These annexations were afforded to Oman during the chaos that ruled Persia in her transitional period between the Zand and the Qajar dynasties, which was followed immediately by the continuous military campaign by Persia defending herself against the imperial Russian and British forces in the north and the east.\n\nDespite losing against the Sultanate of Muscat-Oman in 1846, now that that Muscat lost control over Bandar Abbas, we can once again integrate these ports back into our nation.;;;;;;;;;;;;;
accept_ruthenians_title;Ruthenian Autonomy;;;;;;;;;;;;;
accept_ruthenians_desc;Ruthenia was always an important part of the Lithuanian state. Even with the Union of Lublin, more than half of the Grand Duchy was composed by Ruthenian voivodeships. Our expansion into Ruthenia began ever before Chirstianization, with the rich cities of Ruthenia granting the resources to fight the repeated agressions of the Teutonic and Livonian Orders. In return, Ruthenian magnates held on to their lands and kept a lot of autonomy under Lithuanian rule, with some Lithuanian nobles even converting to Orthodox Christianity and many of the Grand Duchy's official documents. \n\nOur state has already integrated the White Ruthenians into our nation, but now, with the acquisition of Kiev in the heart of the Rus, we are in a position to tackle the integration of the Ruthenians further south, granting them the same right as the Ruthenians to the north, with a bit of extra autonomy on top of that.;;;;;;;;;;;;;
restore_grand_duchy_lit_title;Restore Pre-Partition Borders;;;;;;;;;;;;;
restore_grand_duchy_lit_desc;§RGain 8 infamy§! Despite having restored the borders granted by the Napoleon to the Provisional Government Commission of the Grand Duchy of Lithuania, that was only the first step of our restoration to the status as an European power. Now that we have annexed Minsk and integrated its people, it is only natural that we push further into uniting the White Ruthenians, while also restoring our pre-partition borders in the process, delving deeper into Russia with it.;;;;;;;;;;;;;
act_of_5th_november_title;Fulfill the Act of 5th November;;;;;;;;;;;;; 
act_of_5th_november_desc;Following their occupation of Congress Poland during the Great War, the Act of 5th November was a joint declaration between emperors Wilhelm II of Germany and Franz Joseph of Austria, promising the creation of the Kingdom of Poland out of Congress Poland's territory. The document was born out of a need for Polish blood to fight in the war, with Wilhelm II's Germany even having plans to annex up to 30,000km² of land from the newly-established Kingdom of Poland. Now, with the war over, we are in the position to fulfill our promises to the Poles, letting us further negotiate with our new Polish puppets once the situation stabilizes and the political mood in Poland shifts in our favor.;;;;;;;;;;;;;
accept_lietvaks_title;Embrace the Lietvaks;;;;;;;;;;;;; 
accept_lietvaks_desc;Lithuanian Jews, nowdays known as Lietvaks, have been an important part of our nations since the days of Vytautas the Great, whom granted privileges to many Lietvaks communities all across the Grand Duchy and ensured a golden age of Judaism in Lithuania, with it leading to the co-existence of both Orthodox Jews and Karaites inside our borders. That is not to say our relation with our Jewish communities was perfect as Lietvaks suffered both from expulsions and conflicts with the nobility. \n\nDespite that, many Jewish communities prospered under our rule, with our capital, Vilnius, being often known by the moniker "Jerusalem of the North", with Lietvaks such as Vilna Gaon and Mendele Mocher Sforim being important figures in the Jewish world. It would prudent to embrace the Lietvaks, guaranteeing their rights and assuring them they are a respected part of our nation.;;;;;;;;;;;;;
united_with_belarussians;Granted Equal Rights to the White Ruthenians;;;;;;;;;;;;;
break_union_of_lublin_title;Denounce the Union of Lublin;;;;;;;;;;;;;
break_union_of_lublin_desc;§RGain 15 infamy (This will block us from forming the Commonwealth or unite the Baltics!)§! While the Union of Lublin wasn't the first treaty to bring Poland and Lithuania together, with the first being the Union of Krewo, which also established—for the second time—Roman Catholicism as the official religion of Lithuania. Fater the Union of Krewo, many more treaties would deepen the ties between Poland and Lithuania, until the Union of Lublin, which replaced the personal union between both states with a real union, creating the Polish-Lithuanian Commonwealth. \n\nDespite the Union being agreed on by the Lithuanian representatives, the truth is that it was more of a diktat, with Poland seizing the rich lands of Ruthenia after facing resistance from the Polish representatives, forcing them back into the negotiation table, finally accepting the Union of Lublin under the Polish terms. \n\nIf we were to denounce the Union, we would be able to claim the seized Ruthenian territories once again, at the cost of straining our relationship with the Poles.;;;;;;;;;;;;;
duchy_of_livonia_title;Restore the Duchy of Livonia;;;;;;;;;;;;;
duchy_of_livonia_desc;§RGain 4 infamy§! Despite allying with Lithuania at one point—during the period in which Mindaugas had converted to Catholicism—Livonia has long been an enemy of Lithuania. Through most of our early history, the Crusaders of Livonia had difficulted our convertion to Christianity, only so they could continue to conquest our land and seize our homes! But, after the Treaty of Vilnius and the Livonian Wars in 1561 Livonia was divided between the Duchies of Livonia and Courland, with Livonia becoming a vassal of the Grand Duke of Lithuania. \n\nNow, with the restoration of our great nation, it is only natural that we renew this old arrangement, claiming Lithuania as an integral part of our nation, together with the Duchy of Courand.;;;;;;;;;;;;;
unite_with_finland_title;Unite with Finland;;;;;;;;;;;;;
unite_with_finland_desc;Now that Finland is free, the time has come for $COUNTRY$ to join the motherland!;;;;;;;;;;;;;
quebec_act_title;Restore the Quebec Act 1774;;;;;;;;;;;;;
quebec_act_desc;§RGain 15 infamy§! Being one of the leading causes to the American Revolution, the Quebec Act 1774 was an act of the British Parliament that reformed the governance of the Province of Quebec, guaranteeing the free practive of Catholicism and—more importantly—the expansion of Quebec into parts of Upper Canada and the American states of Illinois, Indiana, Michigan, Ohio and Wisconsin. \n\nReaffirming the Quebec Act would for sure anger the Americans, but it would broaden the reach of our ambitions around the Great Lakes region.;;;;;;;;;;;;;
claim_new_galicia_title;Reclaim New Galicia;;;;;;;;;;;;;
claim_new_galicia_desc;§RGain 5 infamy§! The title of King of Galicia-Lodomeria has long been held by the Hungarian kings, with such a title being used by the Habsburg Monarchy to claim the region during the 1st Partition of Poland. But that wasn't the only territory Austria got out of the Partitions of Poland, with New Galicia being awarded to Austria during the 3rd Partition, with the territory being lost to the newly-formed Duchy of Warsaw after the Austrian defeat in the War of the 5th Coalition against Napoleon, with the territory ending up as part of Crogress Poland after the Congress of Vienna. By this point, the Concert of Europe is long gone, allowing us to once again claim these lands as the rightful lords of Galicia-Lodomeria.;;;;;;;;;;;;;
split_prussia_title;Prop up Polish claims to East Prussia;;;;;;;;;;;;;
split_prussia_desc;§RGain 7.5 infamy§! With the restoration of the autonomous Kingdom of Poland under our rule, we were forced to revise our diplomacy to better allign it with our current state of affair. Now we have revisited one of the old works of Prince Adam Jerzy Czartoryskiwe—the former Foreign Minister of the Russian Empire under Alexander I—namely his "Essay on Diplomacy". While his work isn't very flattering towards Russia's actions, we could take an important lesson from it, seeing as it—correctly—warns Russia of the looming Prussia threat, urging our nation to incorporate East Prussia into the Kingdom of Poland. While those days are long gone, Czartoryski's words haven't lost their edge, with many of our advisors urging us to let Poland lay claim on East Prussia, further solidifying our position in the Baltics and declaw the Prussian Eagle in the process.;;;;;;;;;;;;;
reclaim_transcaspia_title;Reaffirm Transcaspian Claims;;;;;;;;;;;;;
reclaim_transcaspia_desc;§RGain 4-8 infamy depending on if you already claimed Greater Iran and Kurdestan§! While we have always claimed Transcaspia as our territory, it was always a hard region to hold on to. Leading us to leave the region alone as we fought to survive the XIXth century. Now—as our nation finished modernizing and taking its place on the world state—we are ready to reaffirm some of our old claims that went unpressed until now, such as the ones in Transcaspia.;;;;;;;;;;;;;
enforce_central_asia_title;Enforce Central Asian Borders;;;;;;;;;;;;;
enforce_central_asia_desc;With our control over Central Asia established, we need to make sure the borders we drew are enforced! We can't let our control over the region go loose!;;;;;;;;;;;;;
integrate_panjdeh_central_asia_title;Integrate Herat into Central Asia;;;;;;;;;;;;;
integrate_panjdeh_central_asia_desc;With our victory against Afghanistan, we  managed to push the borders of Central Asia further south, seizing the important city of Herat as a result. The region we got from  the Panjdeh Treaty rremains under direct military occupation for now, but preparations are already being made to transfer our gains to our governors in Central Asia, integrating the region into our holdings there. All that is left now is the Tsar's approval for Central Asian troops to move into Northern Afghanistan.;;;;;;;;;;;;;
perp_truce_done;Established the Trucial States;;;;;;;;;;;;;
created_aden_protectorate;Created the Aden Protectorate;;;;;;;;;;;;;
organize_arabia_ENG_title;Our Control over Arabia;;;;;;;;;;;;;
organize_arabia_ENG_desc;§RGain 5 infamy§! Recently, with our recent overtures to Southern Arabia, through Aden and the Trucial States, the region became of great interest to us. While at first the region provided useful coaling stations to our vessels, with the opening of the construction of the Suez Canal, the Arabian Peninsula suddenly became neighbor to one of the most important waterways in the world, not to mention that, on top the newfound importance of the Red Sea to global trade, the Persian Sea and the Indian Ocean were already home to important trade routes which we already greatly benefited from. \n\nThat said, it is clear that expanding our hold over the Arabian Peninsula is of utmost importance, both to enlarge our current holdings and to prevent any trouble coming from the Peninsula. \n\n§R(You have to, on top of establishing and expanding both Aden and the Trucial States, sphere/own all cores of Nedj, Hail, Hedjaz, Najran, Oman and Kuwait!)§!;;;;;;;;;;;;;
organize_arabia_PER_title;Persian Hegemony over Arabia;;;;;;;;;;;;;
organize_arabia_PER_desc;§RGain 10 infamy§! Long departed from the days of its invasions of Persia, Arabia has been reduced to a couple of warring states falling under foreign influences from time to time. Of course, we were quick to take advantage of that fact many times in the past, crossing the Persian Sea and holding land in Eastern Arabia, but these holdings in Arabia were never that permanent, always drifting away from our rule as soon as they had a chance to. \n\nBut now that is about to change. With our recent invasion of Muscat, we have once again a solid holding over Arabia, but that position is disputed currently disputed both by the Arabian tribes and foreign powers. If we were able to hold significant influence over all of Arabia, we could try to leverage the support of the Sharif of Mecca, granting him control over the rest of Arabia, as long as he swears loyalty to us, of course. \n\n§R(You have to, on top of establishing and expanding both Aden and the Trucial States, sphere/own all cores of Nedj, Hail, Hedjaz, Najran)§!;;;;;;;;;;;;;
reclaim_lengeh_title;Reclaim Bandar-e Lengeh;;;;;;;;;;;;;
reclaim_lengeh_desc;§RGain 2.5 infamy§! It has been a long time since our men have been stationed on Bandar-e Lengeh as its rulers. Despíte our rule over the port having long since faded into history, that doesn't mean we didn't try to regain it, but the Sheik of Lengeh and its Qasimi allies have proved to be set on thwarting our attempts at that. But now, after our annexation of neighboring Bandar-e Abbas, annexing Bandar-e Lengeh would consolidate our holdings in Persia. On top of that, with the Qasimi fleet being destroyed and our advances into their Arabian holdings, the Qasimi find themselves in a severely weakened state, which we can't allow the Persians to exploit but would be happy to exploit it ourselves. It is finally time we right the wrongs of history and retake the port from its miserable state.;;;;;;;;;;;;;
sway_laristan_baluchistan_title;Sway Lari and Baluchi tribes;;;;;;;;;;;;;
sway_laristan_baluchistan_desc;§RGain 5 infamy (Pay 75,000¤)§! With the consolidation of our holdings in southern Iran, our focus shift into guaranteeing that our interests in the region are secured. While we have consolidated our gains, we quite safe yet, with some suggesting that the only way to secure our holdings being either connecting Gwadar and Bandar-e Abbas by land, or having a bit of a buffer between our ports and the Qajar border. \n\nLuckily, the Lari and Baluchi tribes present a solution to both propositions at once. Both have been pretty good trade partners to us ever since we established a presence in southern Iran. While it would require a bit of persuasion, but we could try to sway these tribes to join us. The Laris would certainly take quite a bit of "convincing" to joing our cause, but–in contrast—the Baluchis would probably be a bit more open to our overlordship, as long as we keep them safe from the Qajars. \n\nWith both these groups under our thumb, we would be able to not only connect Gwadar and Bandar-e Abbas by land, but also deprive the Qajars from their control over Laristan.;;;;;;;;;;;;;
member_of_the_new_german_confed;The Reformed German Confederation;;;;;;;;;;;;;
member_of_the_new_german_confed_desc;With the Austrian victory in the Bruderkrieg, Germany's only counterweight to Austrian influence was officially defeated, with Prussia being stripped of the its great power status. While the German states were effectively puppets of both Austria and Prussia, with the Prussian defeat, the Austrian influence over the German states now lies unopposed, with Austrian having reformed the Federal Convention in Frankfurt, allowing them to use it to control the German states through this new German Confederation and declare themselves Emperors of Germany. \n\nWhile the German states still hold varying degrees of autonomy, the Federal Convention in Frankfurt still holds the authority to impose legislation over all members of the Confederation, being able to overrule local laws and reserving the right to legislate about specific matters, with the members of the Confederation having to pay taxes to the Federal Convention in Frankfurt for the maintainance of the Federal City of Frankfurt, the Federal Army and the Reichsflotte. The Federal Convetion was used to curtail our liberty and make us answer to the Austrian Emperor, on top of being subject to further diktats from Vienna.;;;;;;;;;;;;;
austria_new_german_confed;Emperor of Germany;;;;;;;;;;;;;
austria_new_german_confed_desc;Our victory in the Bruderkrieg gave us total hegemony over Germany. With Prussia knocked out of their great power status, nobody can oppose us in Germany anymore. Because of that, we were free to reform the German Confederation to not only claim the title of Emperor of Germany but to use the Federal Convention in Frankfurt to control the other German states as well—confirming their status as our puppets. \n\nWhile the German states still hold varying degrees of autonomy, the Federal Convention in Frankfurt still holds the authority to impose legislation over all members of the Confederation, being able to overrule local laws and reserving the right to legislate about specific matters, with the members of the Confederation having to pay taxes to the Federal Convention in Frankfurt for the maintainance of the Federal City of Frankfurt, the Federal Army and the Reichsflotte, but we are excluded for such taxes, of course.;;;;;;;;;;;;;
german_occupation;German Occupation;;;;;;;;;;;;;
german_occupation_desc;When Prussia was defeated, the Hohenzollerns were expelled from their holdings in Brandenburg, being forced to live in exile in Königsberg. Brandenburg became an "independent" state inside of the German Confederation under the tutelage of Austria, of course. \n\nWe can't say that such transition came easy however. We can't deny that some of our government wasn't quite sold on the idea of Austrian Hegemony over Germany, and it seems that Vienna caught on to that. \n\nA while ago, the Austrian monarch—now Emperor of Germany—came into the Federal Convention revealing the existence of a plot inside of our government seeking to return to Hohenzollern rule. While we can't be sure if such plot was real or not, it lead the Federal Convention to call for an joint Austro-Saxon occupation of our state, leading us to be firmly under the Austrian thumb from now own.;;;;;;;;;;;;;
ger_federal_convention;The Seat of the German Federal Convention;;;;;;;;;;;;;
ger_federal_convention_desc;Second only to Vienna (and Berlin before Prussia's defeat), Frankfurt is one of the most important cities in Germany. As a center of German culture, Frankfurt was the seat of the Federal Convention and the capital of the German Confederation ever since the Congress of Vienna. That didn't change with the Austrian victory in the Bruderkrieg—on the contrary—Frankfurt became pivotal to Austria's plans to control the German Confederation. \n\nAustria has, in practice, reformed the German Confederation, effectively turning the Federal Convention into its puppet and being able to use it to control the other German states. Now, as the Federal City of Frankfurt, we are the formal capital of the new and reformed German Confederation, complicit in Vienna's diktats to the German world, having crowned the Austrian Emperor as the Emperor of Germany in exchange for collecting taxes on our fellow German states.;;;;;;;;;;;;;
reichsflotte;Home of the Reichsflotte;;;;;;;;;;;;;
claim_rumelia_title;Claim Rumelia;;;;;;;;;;;;;
claim_rumelia_desc;§RGain 7.5 infamy§!In 1885, when Rumelia unified with Bulgaria, the Greek government expressed vocal opposition to the unification of the two polities, expressing it was a violation of the Treaty of Berlin. At that time, our people urged us to invade Ottoman Epirus to counterweight the Bulgarian unification, but we were forced to backdown due to pressure from the European powers. Not only that, but with Rumelia's having a small greek minority (around 5%), during the Paris Confederence of 1919, our president—Elefthérios Venizélos—presented a map where Greece claimed not only costal anatolia but also Rumelia, with such proposal being refused by the great powers in Paris. It is about time we leave the shadow of the powers of Europe and take the reigns of our own destiny, with our claims in Rumelia being the perfect opportunity to establish our diplomatic independence.;;;;;;;;;;;;;
oust_riveira_desc;While Riveira appointed Oribe as his successor, he remained in charge of the armed forces of Uruguay for a while. But, as one of the 33 Orientals, Oribe loyalty to Riveira is fragile at best, with some pointing out that both men have been rivals ever since the days of Artigas. With Oribe's ascension to power, friction between the two man began to appear, with Oribe soon deciding to take away Riveira's position at the command of the Uruguayan Army and pardon Lavalleja for his attempts against Riveira's life and government.;;;;;;;;;;;;; 
oust_riveira_title;Oust Riveira;;;;;;;;;;;;;
URU_conservative_0;Lavallejistas;;;;;;;;;;;;;
URU_liberal_0;Riveiristas;;;;;;;;;;;;;
incite_corrientes_title;Support the Unitarians in Corrientes;;;;;;;;;;;;;
incite_corrientes_desc;For a long time, two projects of country divided Argentina. Unitarianists or Unitarians were the proponents of the concept of a Unitary state (centralized government) in Buenos Aires and they were led by  Juan Lavalle. They were opposed to the Argentine Federalists, who wanted a federation of independent provinces, led by Juan Manuel de Rosas. The Unitarians, sympathetic to our government, fled Argentina in exile after being defeated in 1831. Rosas, the so called Restorer of the Laws, controlled the Argentine Confederation for too long under his despotic rule. Now, our friends in Uruguay defeated the Blancos and promise to support us if we were to fight the Federalists to end Rosas despotic ruler.;;;;;;;;;;;;;
send_varela_title;Send Varela to Europe;;;;;;;;;;;;;
send_varela_desc;§RVarela will be assassinated in march 1848, so be sure to take this decision before that!§! The Unitarians during the Big War counted not only with the support of Uruguay but also limited Anglo-French support. While both nations couldn't wage direct war with Rosas without allies to the ground, we could send Florencio Varela to negotiate with France and Britain for support, with the permission to take desperate measures if needed.;;;;;;;;;;;;;
urquiza_proclamation_desc;On May 1st, 1851, General and Governor Justo José de Urquiza, unsatisfied with the lack of the return of the trade-primacy of Buenos Aires after the end of the Anglo-French Blockade and Rosas lack of a proper constitution for the Argentine Confederation decreed the Urquiza's Statement, on which he formally accepted Rosas resignation—which he applied for every year, knowing his resignation as foreign relations minister would be rejected—declaring the effective independence of the Province of Entre Rios until a proper General Assembly for the writing of a constitution was called. \n\nUrquiza's Statement was supported by his political pupil Benjamín Virasoro—Governor of Corrientes—which until now was considered one of Rosas' partisans. Rosas, in the other hand, naturally rejected the statement.;;;;;;;;;;;;;
urquiza_proclamation_title;Urquiza's Statement;;;;;;;;;;;;;
taboada_alliance;Taboada's Alliance;;;;;;;;;;;;;
unitarian_federal_clashes;Unitarian-Federal Clashes;;;;;;;;;;;;;
league_of_the_free_peoples_desc;§RGain 5 infamy§! Between foreign and personal interests, to some degree, Entre Rios independence from the Argentine Confederation was founded on bases of the wish to uphold the ideals of Federalism. To reinforce our place as the bastion of "True Federalism", we could—to some degree—claim to be the true successor to the League of the Free Peoples, the state that—under José Gervasio Artigas—gave birth to the Federalist movement in Argentina. Doing so would put us at odds with our old allies, which now occupy territory which was once part of the League and would also rekindle our hostilities with Buenos Aires, which not only may still claim to be successors to the League, but also hold the Province of Córdoba, which was also part of the League to some degree.;;;;;;;;;;;;;
league_of_the_free_peoples_title;Claim the Mantle of the League of the Free Peoples;;;;;;;;;;;;;
juliana_connection_title;Legacy of the Juliana Republic;;;;;;;;;;;;;
juliana_connection_desc;§RGain 5 infamy§! With the birth of the Uruguayan Federation and the integration of the Gauchos from Rio Grande do Sul, the old ties between Uruguay and the local population have been rekindled. Despite the differences between us and the local population, we faced a lot of sympathetic sentiment in the region, with some like-minded even offering to pull some strings to find support across the northern border, in Santa Catarina, to try and give us a chance to claim the region. Santa Catarina was once occupied by the Rio-grandense Republic during the Ragamuffin War, with the Juliana Republic being established. With support from the Farrapos in Rio Grande do Sul, we could claim the region and shorten our border with Brazil significantly.;;;;;;;;;;;;;
reinvade_paraguay_title;End Paraguay's Independence;;;;;;;;;;;;;
reinvade_paraguay_desc;§RGain 10 infamy§! During the Platine Wars of Independence, Paraguay's fate stood on the edge of a knife. At the start, during the First Junta of Buenos Aires, Manuel Belgrano tried to invade Paraguay to liberate it from Royalist forces. Not only Belgrano in that task but Artigas also tried to incorporate Paraguay in the League of the Free Peoples, an prospect that also found no success. With both failed attempts on the conquest of Paraguay by Platine forces, the country's independence was secured. But now—as we carry the mantle of the League of the Free Peoples—Paraguay stands as the only country—besides us—between Argentina and Brazil. Thus, conquering it would not only avenge Artigas' attempt, but also become a stronger buffer between the two giants that border us.;;;;;;;;;;;;;
become_BAB_CRT_title;The Tower of Babel;La tour de Babel;Der Turm von Babylon;;La Torre de Babel;;;;;;;;;
become_BAB_CRT_desc;Very little progress has been made in the past few thousand years on that greatest of all building projects initiated by our proud ancestors. With Mesopotamia's recent ascent to power and standing in the world, there is some talk... though all talk has been strangely hard to understand lately... of starting the project back up again! With modern technology, who knows what wonders could be accomplished?;Au cours des derniers millénaires, très peu de progrès ont été faits sur le plus grand projet de construction initié par nos illustres ancêtres. Avec la montée en puissance récente et la nouvelle place dans le concert des nation de l'Iraq, on parle - même si récemment, le discourt s'est fait incompréhensible - de relancer le projet ! Avec la technologie moderne, qui sait quelles merveilles pourraient être accomplies ?;Im Laufe der letzten Jahrtausende wurden beim größten aller Bauprojekte, begonnen von unseren stolzen Vorfahren, kaum noch Fortschritte erzielt. Durch den kürzlichen Aufstieg des Iraks zu Macht und Ansehen in der Welt gibt es Gespräche ... die in letzter Zeit merkwürdigerweise nur schwer zu verstehen waren ... das Projekt wieder aufzunehmen! Welche Wunder wohl durch den Einsatz moderner Technologie möglich wären?;;En los últimos milenios apenas se han hecho progresos en el mayor de los proyectos de construcción iniciado por nuestros orgullosos antepasados. ¡Con el reciente ascenso de Irak en el concierto de las naciones, cada vez más voces (aunque cada vez más confusas, también es cierto) hablan de reiniciar el proyecto! Con la tecnología moderna, ¿quién sabe qué maravillas se podrían alcanzar?;;;;;;;;;
oribe_repaying_the_favor_title;Repaying the favor;;;;;;;;;;;;;
oribe_repaying_the_favor_desc;When Rivera—with help from his Anglo-French backers—deposed Oribe, Rosas was the man which not only hosted Oribe in exile, but also went to war to restore Oribe to the Uruguayan presidency. Now, as Oribe sits at the head of the Uruguayan politics once again, Rosas is facing problems back home, with the governor of Entre Rios—José Justo de Urquiza—revolting against him. It is about time we return the favor and help Rosas against this insurgency.;;;;;;;;;;;;;
rosas_dead;The Death of Rosas;;;;;;;;;;;;;
commission_angelis_constitution_title;Implement Angelis' Constitution;;;;;;;;;;;;;
commission_angelis_constitution_desc;The traitor José Justo de Urquiza once commissioned journalist and historian Pedro de Angelis a constitution. While Urquiza was defeated by our great leader Rosas, the constitutional project went ahead, with the finished 135-long constitution being published in Angelis' journal in Buenos Aires. Rosas—at first—personally wasn't very keen on Angelis and his work, but with time our great leader approached Angelis personally to publish some intellectual projects of his government, creating a bridge between the two men. \n\nWith Rosismo evolving and Rosas' health starting to fade, it may be for the best that—instead of relying on Rosas' son to carry his regime on—we commission Angelis' constitution to be sanctioned as the official constitution of the Argentine Confederation.;;;;;;;;;;;;;
province_of_paraguay_title;Cut Negotiations with Paraguay;;;;;;;;;;;;;
province_of_paraguay_desc;§RGain 10 infamy§! "Relations with the Province of Paraguay, which have been severed for many years, will be definitively restored by the first Legislative Congress that meets after the present Constitution is sworn in." — These are the exact words in Angelis' Constitution. While vague, Angelis confessed—at a later date—to including it as a path to reintegrate Paraguay into the Confederation. Paraguay has long been a great reason of shame and a thorn in our side, with its dictator—Carlos Antonio López—having supported both the Unitarians in Corrientes and the traitors under Urquiza. But—following Angelis draft—we have established negotiations with Asunción which have yet to be fruitful. Maybe it is about time we cut off our relations with Paraguay and end their independence once and for all.;;;;;;;;;;;;;
unite_with_argentina_title:Unite with the Argentina;;;;;;;;;;;;;
unite_with_argentina_desc;Our old disputes with the Federalist Party led to our secession from the old Argentine Confederation. With the fall of the Federalist government, the Unitarians took over Argentina, destroying the old confederation and declared the creation of the Argentinian Republic, which closely alligns with our ideals. Perhaps now it's time we finally rejoin Buenos Aires...;;;;;;;;;;;;;
andresito_cultures_title;The Rights of the First Peoples;;;;;;;;;;;;;
andresito_cultures_desc;While we can't say the Federalist Party is ideologically aligned with the idea of indigenous rights, our ideology and political structure always favored great cooperation with the local indigenous peoples. Artigas was the first to do so, with his policies and networks reaching the indigenous peoples. Besides that, as the Federalist model favored local power, Federalist caudillos were quick to use the local natives to their advantage, not to mention that nods to the native population weren't an exclusive Federalist phenomenon, with the declaration of independence by the Congress of Tucumán being published in Spanish, Quechua and Aimara.;;;;;;;;;;;;;
rivera_won;Uruguay owes us a favor;;;;;;;;;;;;;
paternalistic_totalitarism;Paternal Totalitarianism;;;;;;;;;;;;;
paternalistic_totalitarism_desc;Our great leader holds total authority over the society and seeks to control all aspects of public and private life wherever possible, seeing himself as a "benevolent dictator" and a father to our people. He reaches so far as to dictate how people dress and carry themselves, plastering the symbols of the regime all over the country. In contrast, anyone opposed to his absolute authority is forced into hiding, or faces punishment in prison or even is made an example by our leader's agents. The entire population is, willingly or unwillingly, conscripted to serve our leader's priorities and subject to his whims.;;;;;;;;;;;;;
help_urquiza;Helping Urquiza;;;;;;;;;;;;;
lost_buenos_aires;The Loss of Buenos Aires;;;;;;;;;;;;;
lost_buenos_aires_desc;With the revolt in Buenos Aires following Rosas being overthrown, we have been left in a precarious position. We have lost the country's most important port and our coffers are running drier from the loss of its revenue, hindering our ability to muster large armies for prolonged periods of time.;;;;;;;;;;;;;
stay_away_buenos_aires_title;A Capital for the Confederation;;;;;;;;;;;;;
stay_away_buenos_aires_desc;Until now, Paraná has been the Federal capital of the Argentine Confederation ever since Rosas was deposed and Buenos Aires broke away from us. But now, with the matter of Buenos Aires dealt with, it is finally time we decide on a definitive capital for the Argentine Confederation, lest the savages in Buenos Aires find a way to let their city be our capital once again.;;;;;;;;;;;;;
ARC_reactionary_0;Partido Federal (Apostólicos);;;;;;;;;;;;;
ARC_conservative_0;Partido Federal (Doctrinarios);;;;;;;;;;;;;
positivist_oligarchy;Positivist Oligarchy;;;;;;;;;;;;;
positivist_oligarchy_desc;Our country is currently ruled by a governmental and intellectual elite of positivist oligarchs that are bent on staying on power by any means necessary—while keeping the guise of a democratic government, of course.;;;;;;;;;;;;;
generation_80;Generación del '80;;;;;;;;;;;;;
EVTDESC600167;\n\nThe separation of the Litoral from Argentina was controversial, for sure. But it was a necessary measure against Rosas Totalitarianism. Now, with Rosas gone there is nothing in the way of reunifying our two nations, especially if the democratic advancements from the Litoral are implemented in the rest of the country.;;;;;;;;;;;;;
cuzco_protectorate_title;The South Peruvian Protectorate;;;;;;;;;;;;;
cuzco_protectorate_desc;§RGain 2.5-5 infamy, depending on if you or your puppet own Cusco!§! Despite the shifting economic and political developments since independence, South Peru stills remains connected to Bolivia in one way or another. This connection has long been the a point of contention between Peru and Bolivia, even leading to Santa Cruz's Peru-Bolivian Confederation at one point, but before that, the connection between South Peru and Bolivia—in face of the independence war and concerns over Lima's stability—pushed one of our heroes, San Martín, into considering the possibility of an autonomous South Peruvian protectorate, under Platine—or Chilean—supervision. While the days of our independence war are long over, with our growing dominance over South Andean affair, we could try to use such plans to our advantage and detach South Peru from Lima, strengthening its connections to old Bolivia, allowing us to expand our great state and placate the people of Alto Peru.;;;;;;;;;;;;;
jose_de_san_martin;José de San Martín;;;;;;;;;;;;;
jose_de_san_martin_desc;Despite his old age, the return of San Martín was met with joy by most of the Argentine Confederation. The hero has since returned to military service and even if his role is limited due to his advancing age, his mere presence is enough to raise our morale and increase our prestige in the region!;;;;;;;;;;;;;
legacy_of_san_martin_title;The Legacy of San Martín;;;;;;;;;;;;;
legacy_of_san_martin_desc;§RGain 5 infamy§! Argentina has many heros, but they all pale in comparison to San Martín. The legacy of the Father of the Fatherland is felt even beyond our borders, with our hero even being a revered figure in Chile and Peru, besides O'Higgins and Bolívar respectively. \n\nNow that we became a stable great power in the Southern Cone, it is only natural we consider how his legacy could be used to influence the other nations on which he is celebrated.;;;;;;;;;;;;;
local_economic_upturn;Local Economic Upturn;;;;;;;;;;;;;
chilean_sister_republic_title;The Sister Republic Across the Andes;;;;;;;;;;;;;
chilean_sister_republic_desc;§RGain 7.5 infamy§! With the failure of the Army of the North, San Martín determined that securing Chilean independence would be pivotal to secure Platine independence in the face of the failures in Alto Peru. Not only he would be proven right, but his plans would come to fruition with the Army of the Andes and the Chilean Declaration of Independence following the Battle of Maipú. While our relations were friendly—with our armies fighting together against the Peru-Bolivian Confederation—disputes would slowly surface over our borders in Patagonia and the Andes, leading to a falling out between our two nations. Our newly announced ambitions served only to further grow the rift between our nations, leaving us no choice but to turn their worse fears into reality and leave clear our intention to force them into our beautiful union.;;;;;;;;;;;;;
national_mint;National Mint;;;;;;;;;;;;;
LPL_claims_Peru_title;Dominate Lima;;;;;;;;;;;;;
LPL_claims_Peru_desc;§RGain 5-15 infamy§! When San Martín liberated Peru, he worried that the Liman elites would impose their will on the rest of the country and, whether this happened or not, we used it to justify our take over of South Peru and—now that South Peru has been dealt with—our next objetive lies in completely dominating Lima and the rest of Peru, with the hopes of preparing it for a future union between our nations.;;;;;;;;;;;;;
the_hostile_interior;The Hostile Interior;;;;;;;;;;;;;
subdue_the_interior_title;Subdue the Interior;;;;;;;;;;;;;
subdue_the_interior_desc;To Unitarism, the Interior is a hassle—a savage land of uncivilized natives, unruly gauchos and despotic caudillos. Our control over the Interior is weak, with our appointed governors west of Córdoba having a hard time not being toppled by local rivals and Federalist revolts. While we can keep supressing the Interior, it is clear that having to do so only depletes our resources and leaves us open to being toppled by the Federalists once again. \n\nIf we are to finally subdue the Savage Interior, we need to not only modernize our administration of the territory, but also reform our military structure so charismatic tyrants can't threaten our governors with the help of militant gauchos anymore.;;;;;;;;;;;;; 
ARG_conservative_0;Partido Unitario (Rivadavistas);;;;;;;;;;;;;
ARG_liberal_0;Partido Unitario (Liberales);;;;;;;;;;;;;
ARG_reactionary_0;Partido Federal;;;;;;;;;;;;;
invest_south_andes_title;Invest in the Southern Andes;;;;;;;;;;;;;
invest_south_andes_desc;With our recent conquest of Alto Peru, we are met with a challenge. Alto Peru—nowdays known as Bolivia—was always meant to be part of Argentina, but due to the Army of the North's failture to liberate the region, the region would end up becoming its own nation which—much to our dismay—ended up enacting a policy of trying to distance itself from us. While we now control Alto Peru for the first time since our independence, the damage is already done, as we now need to invest in the the local population so that they see that we are kin and meant to fight side-by-side as brothers for $COUNTRY$!;;;;;;;;;;;;;
integrate_south_andes_title;Accept South Andeans;;;;;;;;;;;;;
integrate_south_andes_desc;Ever since the first days of our independence, many had a vision of Alto Peru—also known as Bolivia—being part of our nation. Sadly, now this vision has come into fruition, it became clear the the people of Alto Peru hardly have accepted the fact that they are now a part of our nation. Luckily—with some nice gestures showing our commitment to them—we can reintegrate them and teach their place in our great nation.;;;;;;;;;;;;;
1816_inca_plan_title;Revive 1816 Inca Plan;;;;;;;;;;;;;
1816_inca_plan_desc;§RGain 24.99 infamy§! In 1816, in the wake of Argentinian Independence, Manuel Belgrano proposed that not only La Plata, Chile and Peru should unite under single nation, but also that—to gather recognition from the European powers—such a nation should crown a monarch, an Inca monarch to be more precise. Now that we went through with such plans to crown an Inca King, it is about time that we seize our position as a rising power to declare the need to realize the 1816 Inca Plan and unite most of Hispanic South America under our great monarchy!;;;;;;;;;;;;;
force_isfandiyar_khan_title;Force Isfandiyar Khan to publish the Young Khivans Manifesto;;;;;;;;;;;;;
force_isfandiyar_khan_desc;With the recent wave of revolts and revolutionary movements across Central Asia and especially Khiva, the Young Khivans have the perfect opportunity to force Isfandiyar Khan into signing a manifesto establishing a legislative Majlis and put prominent Young Khivan Bobohun Salimov as its chairman. Despite the Khan being bound to accept, as a conservative we know that he won't be happy with the arrangement and will look for a way of undermining the Young Khivans to recover his power.;;;;;;;;;;;;;
betray_rivera_title;Unitarian-Colorado Brotherhood;;;;;;;;;;;;;
betray_rivera_desc;§RGain 2.5 infamy§! With the war against Brazil, a certain sense of brotherhood was created between the Unitarian Party and the Colorado Party. Despite both parties having their differences, after the war such differences seem small in comparison to their shared enemies. Not only that, but many Colorados ended up becoming more "Unitarian-minded" during the war. Maybe it would be a good idea to use our connections in the Colorado Party to put forward the union between Uruguay and Argentina. That would mean, of course, betraying Rivera and his republic, but that would be a small price to pay for Platinean Unity...;;;;;;;;;;;;;
federalists_pacified;Federalists Defeated;;;;;;;;;;;;;
EVTDESC600208;\n\nAfter a terrible campaign against the Federalists, we finally have put an end to any hope of a Federalist come back. Both the Interior and the Mesopotamia—historical Federalist strongholds—are now firmly under our rule. \n\nWith the Federalist Threat gone, much of the fearmonger carried out by hardliners in the party is gone and we can finally think about establishing a definitive constitution for Argentina...;;;;;;;;;;;;;
kandahar_expedition_title;The Kandahar Expedition;;;;;;;;;;;;;
kandahar_expedition_desc;§RGain 4 infamy§! With our rule over Herat consolidated and Britain out of the way for now, we are finally ready to shift our attention towards our next objective: The Emirate of Kandahar. The rulers of Kandahar, while appearing subservient to the Peacock Throne, having recently supported us in sieging Herat in exchange for the border province of Farah and Sabzevar, enjoys far too much autonomy and free movement to be considered a proper subject of Iran. \nKandahar is not simply a dependency of Iran, but an integral part of our domain and it is time to establish this fact. Let us send a full expedition to Kandahar and demand the total submission of the Emir.;;;;;;;;;;;;;
EVTDESC600212;The Khozeimeh Emirs of the Qa'inat have proven effective rulers of our eastern frontiers, both developing the harsh but valuable land and fending off Afghan and Turkmen raids. As our border continues to push east into Sistan and the fertile lands along the Helmand river, it would be wise to grant this land to the Emirs of the Qa'inat so that they may bring similar prosperity to the region.;;;;;;;;;;;;;
EVTDESC6002121;The Emirate of Muhammarah has been an effective buffer in the vunerable flatlands of Arabestan, reducing friction with the local Arab population. As our border continues to push west into the marshlands of the Iraqi Delta, it would be wise to grant this land to the Emirs of the Arabestan so that they may bring effective local rule in our stead.;;;;;;;;;;;;;
is_iran;An Iranian Dynasty;;;;;;;;;;;;;
reaffirm_bahrain_claim_title;Reaffirm our Claims over Bahrain;;;;;;;;;;;;;
reaffirm_bahrain_claim_desc;§RGain 2.5 infamy§! Our claim over the Bahrain Archipelago has always been complicated. With its population being mostly of Shiite-Iranian origin, we have traditionally ruled the area in an indirect manner, through the al-Mazkur Sheikhs of Bushehr. While we still hold a traditional claim to these islands, they haven't been under direct Iranian control since the Zand Dynasty, with Manamah currently ruled by the Sunni Banu Utub dynasty of Nejddi origin who have refused to reconize any kind of rule from Tehran, going as far as getting protection from the British to keep themselves free from our dominion. \n\nWhile we previously managed to strike an agreement with the British for the reincorporation of Bahrain into our state, the vile Europeans went back on their word, refusing to return Bahrain to us. It is about time we reaffirm our claims to Bahrain, with no regard to what the British or any other foreign power thinks about it!;;;;;;;;;;;;;
revoke_knd_autonomy_title;Dissolve The Emirate of Kandahar;;;;;;;;;;;;;
revoke_knd_autonomy_desc;Until recently, Kandahar's position as an autonomous feudal entity has been an acceptable state of affair since their vassalization by Mohammad Shah. Now however, with gradual transformation of Iran from a feudal system to a proper nation state, the time has come to strip the Barakzai Emir in Kandahar of formal power and centralize our rule in the region, even if it may lead to friction with the local Afghans.;;;;;;;;;;;;;
revoke_hrt_autonomy_title;Dissolve The Emirate of Herat;;;;;;;;;;;;;
revoke_hrt_autonomy_desc;Despite being counted amongst the core provinces of Iranian Khorasan in the days of the Safavid Shah Ismail, ever since the collapse of Nader Shah Afshar's Empire and the subsequent rise of ours, Herat has remained an independent thorn in our side despite numerous attempts to retake it. With our most recent attempt at achieving dominance over Herat successful, we are now in a position to assert more direct rule over Herat by deposing the Sadozai Emir and dissolving the Emirate entirely.;;;;;;;;;;;;;
seize_maymana_title;Restore Order to Maymana;;;;;;;;;;;;;
seize_maymana_desc;§RGain 1 infamy§! Less than 300km from Herat lies the city of Maymana, an important center of commerce in the region and our gateway to Turkestan. The city—mostly inhabited by Uzbeks these days—sits at the middle of the Chahar Vilayets, a region inhabited by 4 khanates, Sar-i Pul, Sheberghan, Andkhui and—the most powerful and influential of them all—Maymana. Despite that, the Chahar Vilayets as a whole were far from stable, with the 4 khanates finding themselves at war with each other from time to time, not to mention when foreign powers such as Herat and Kabul having long coveted the region and especially Maymana—reconizing its importance in the region and the potential to control the rest of the khanates through the city. Now that Herat is firmly annexed into our nation, it is about time we bring order to the Chahar Vilayets by invading Maymana, securing our borders in the region and assuring our oversight over the region and its remaining khans!;;;;;;;;;;;;;
end_turkmen_raids_title;Deal with the Turkmen Raids;;;;;;;;;;;;;
end_turkmen_raids_desc;The Turkmen and Uzbek Tribes have long been raiding our our northern territory, pillaging and taking some of our people captive to be sold as slaves. Many of these tribes act on the interests of the Khan of Khiva and the Emir of Bukhara, both of which profit greatly of the influx of slaves and riches captured by these raids. To deal with those troublesome tribals, we will have to first deal with Khiva and Bukhara—to leave the Turkmen and Uzbek tribes helpless against our advances and maybe even being able to end the trading of Iranian slaves in Khiva.;;;;;;;;;;;;; 
pacify_turkmenistan_title;Pacify Turkmenistan;;;;;;;;;;;;;
pacify_turkmenistan_desc;With we being successful in putting an end to the raids that plagued our northern border, the Turkmen tribes that once relied on these raids have grown weak. If we were to better develop our administration, we could pacify one and for all those weakened tribes before our neighbors to the north can take advantage of them in our place.;;;;;;;;;;;;;
invade_balkh_title;Dominate Little Turkestan and Hazarajat;;;;;;;;;;;;;
invade_balkh_desc;§RGain 5 infamy§! The region around Balkh—also known as Little Turkestan—has long been a contested between Iranian and Central Asian powers, with control over it shifting constantly back in the days of the Safavid Dynasty. The region nowdays is mostly contested between the Emirs of Bukhara and Kabul, with both having recently gained a stronger foothold in the region with local khans pledging allegiance to them as a to guarantee some sort of protection against us. While some of our advisors aren't sure about expanding eastwards, the truth is not doing so would be dooming the region to being dominated by either Kabul or Bukhara. Taking over the region—currently inhabited by Uzbeks—would not only deprive our rivals of useful land, but also isolate them from one another so we can take them out one at a time. \n\n§RYou need at least 75% civilization progress, the tooltip lies.§W;;;;;;;;;;;;;
control_amu_darya_title;Take Control of the Amu Darya;;;;;;;;;;;;;
control_amu_darya_desc;§RGain 7.5 infamy§! With our successful campaigns in Balkh and Kunduz, fraying the local patchwork Warlords and Khans, we now hold control over the upper Amu Darya, a great river serving as the lifeblood of Central Asia's great settlements, including the city of Khiva. While it seems obvious to move down-stream to assert our control over the river's entire length, exerting control over the lands past the right bank of the river would prove too much for our nation's administration. Instead, we could subjugate the Emirate of Bukhara as a representative of the Shah's dominion over Transoxiana, a once mighty polity with a long and storied history of ruling the region that would help us assert control over the great Silk Road cities of Shahrisabz, Qarshi, Samarkand and Bukhara itself. \n\nWe have already butted heads with Bukhara once already our success there assures us that they will be no match to our great state! \n\n§RYou need at least 80% civilization progress, the tooltip lies.§W;;;;;;;;;;;;;
consolidate_transoxiana_title;Consolidate our Dominion over Transoxiana;;;;;;;;;;;;;
consolidate_transoxiana_desc;With our administration modernized and control over Transoxiana and the Emirate of Bukhara pacified, it is about time we finally cross the Amu Darya and end Bukhara's autonomy before they become a problem for us, opening way for us to further influence Central Asia. \n\nAlso, we will take the opportunity to finally put an end to the pitiful khanate ruled by the Karakalpaks across the river from Khiva!;;;;;;;;;;;;;
van_treaty_title;Propose the Treaty of Van;;;;;;;;;;;;;
van_treaty_desc;With our advances into Mesopotamia and Kurdistan we have promptly usurped the Ottoman position as the overlords Mesopotamia and Eastern Anatolia, leading to our annexation of cities such as Baghdad, Mosul and Erzurum. Now, having defeated the Turks once again, we are in a position to pressure the Turks into signing a treaty to ratify the current border as permanent, to put and end to the hostilities between our nations. \n\nOf course, that would imply that we don't want to expand further into ther holdings, but that is a small price to pay for not having the risk of them striking us at our moment of weakness.;;;;;;;;;;;;;
syr_darya_ferghana_line_title;Syr Darya-Ferghana Line;;;;;;;;;;;;;
syr_darya_ferghana_line_desc;§RGain 5 infamy§!Now that we have established our dominion over Transoxiana, it is hard to say that our ambitions in the region are satisfied. Instead, we have to note that, while we managed to secure our hold over Bukhara and Samarkand, those cities are hard to defend, considering how far they are from our holdings in Iran. Counterintuitively, the way to solve this would be to push further into Central Asia, dominating the Sart-dominated Urban centers of Tashkent and Kokand, claiming a line from the Ferghana Valley to the Syr Darya.;;;;;;;;;;;;;
call_iran_crimea_title;The Kurdistan Offer;;;;;;;;;;;;;
call_iran_crimea_desc;§RGain 5 infamy§! With the Crimean War raging on, it has become clear that the Western powers are plotting to undermine our position on the Concert of Europe! Starved out of our conventional allies in Europe, it becomes clear that to tip the war in our favor we need to resort to an unconventional player: The Qajars of Persia! \n\nWere we to offer the Qajars parts of Kurdistan in exchange for their joining our war against the Turks, opening a new front along the rugged Zagros mountain range to the Ottoman's east, distracting the Franco-Turkish armies and securing our victory in the war!;;;;;;;;;;;;;
post_crimea_iraq_title;Orchestrate a coup against the Prince of Iraq;;;;;;;;;;;;;
post_crimea_iraq_desc;§RGain 5 infamy§! We have exercised a great deal of influence in Iraq since the Turkish defeat in the Crimean War, which led to the region entering a period of de-facto independence. With our growing role and interest in Mesopotamian politics, it is clear that, if we are to keep our investments safe from regional interference, we need to exert more direct control over the region. The $COUNTRY_ADJ$ resident in Baghdad has spend the last few months negotiating with the Prince of Iraq for the principality to accept protectorate status under our empire -to no avail. This leaves up no choice but to orchestrate a coup in the Iraqi Principality and ensure Baghdad is to be ruled by someone more willing to cooperate with us...;;;;;;;;;;;;;
treaty_of_paris_persia_title;Enforce the Russian Demands;;;;;;;;;;;;;
treaty_of_paris_persia_desc;§RGain 8 infamy§! With our decisive victory over the Ottomans we have forced the Turks onto the negotiating table and are free to enforce our promised claims in Kurdistan, greatly assisting our Russian allies in the war!;;;;;;;;;;;;;
al_arish_plan_title;The El Arish Plan;;;;;;;;;;;;;
al_arish_plan_desc;His Majesty's government view with favor the establishment in Suez of a national home for the Jewish people, and will use their best endeavors to facilitate the achievement of this object...'\n\nSince we exert a significant influence in Sinai, we can issue a declaration expressing our favorable attitude toward the establishment of a national home for the Jewish people there.;;;;;;;;;;;;;
cyprus_plan_title;The Cyprus Plan;;;;;;;;;;;;;
cyprus_plan_desc;His Majesty's government view with favor the establishment in Cyprus of a national home for the Jewish people, and will use their best endeavors to facilitate the achievement of this object...'\n\nSince we exert a significant influence in Cyprus, we can issue a declaration expressing our favorable attitude toward the establishment of a national home for the Jewish people there.;;;;;;;;;;;;;
crimea_plan_title;The Crimea Plan;;;;;;;;;;;;;
crimea_plan_desc;His Majesty's government view with favor the establishment in Crimea of a national home for the Jewish people, and will use their best endeavors to facilitate the achievement of this object...'\n\nSince we exert a significant influence in Crimea, we can issue a declaration expressing our favorable attitude toward the establishment of a national home for the Jewish people there.;;;;;;;;;;;;;
law_of_return_al_arish_title;Enact the Law of Return;;;;;;;;;;;;;
law_of_return_al_arish_desc;The Law of Return 5710-$YEAR$ was enacted by the $COUNTRY_ADJ$ Upper House in $YEAR$. The Law declares that "Every $COUNTRY_ADJ$ has the right to come to this country as an immigrant from the Diaspora". A budget that encompasses economical and social incentives, among other promises, was established in the new law. All aimed at the potential immigrants, with every possible effort being made to bring the $COUNTRY_ADJ$ people back home.;;;;;;;;;;;;;
law_of_return_cyprus_title;Enact the Law of Return;;;;;;;;;;;;;
law_of_return_cyprus_desc;The Law of Return 5710-$YEAR$ was enacted by the $COUNTRY_ADJ$ Upper House in $YEAR$. The Law declares that "Every $COUNTRY_ADJ$ has the right to come to this country as an immigrant from the Diaspora". A budget that encompasses economical and social incentives, among other promises, was established in the new law. All aimed at the potential immigrants, with every possible effort being made to bring the $COUNTRY_ADJ$ people back home.;;;;;;;;;;;;;
law_of_return_crimea_title;Enact the Law of Return;;;;;;;;;;;;;
law_of_return_crimea_desc;The Law of Return 5710-$YEAR$ was enacted by the $COUNTRY_ADJ$ Upper House in $YEAR$. The Law declares that "Every $COUNTRY_ADJ$ has the right to come to this country as an immigrant from the Diaspora". A budget that encompasses economical and social incentives, among other promises, was established in the new law. All aimed at the potential immigrants, with every possible effort being made to bring the $COUNTRY_ADJ$ people back home.;;;;;;;;;;;;;
sardinia_n_corsica_title;Regnum Sardiniae et Corsicae;;;;;;;;;;;;;
sardinia_n_corsica_desc;§RGain 5 infamy§! The Regnum Sardiniae et Corsicae was established by Pope Boniface VIII, who granted the title to James II of Aragon, turning him into the nominal King of Sardinia and Corsica in 1297. Despite that, James II would only start to conquer Sardinia in 1324 and Aragonese rule over the island would be contested until 1420. Not only that, but Aragon would never manage to encroach in the Island of Corsica, letting the inland remain under Genoese and then French control, despite a brief period of independence. \n\nNow, more than 500 years since the kingdom's creation, it is about time time we reclaim ownership over the Kingdom of Sardinia and Corsica and, for the first time, truly unify both islands under our rule.;;;;;;;;;;;;;
EVTDESC17456;\n\nThe idea of moving the nation's capital to Saint Louis isn't a new one. Such an idea has been floating around since the Mexican-American War, with some people seeing the city's central location as perfect for the expanding American nation. After the American Civil War, there were at least three proposed resolutions to move the capital to St. Louis, instead of renovating the expanding District of Columbia. Only the third proposal, by Herbert Paine, as a joke, managed to be put to a vote, where it was defeated by a vote of 77 to 97. After that, the idea was still pushed around by a few minds in the Midwest, but it would ultimately die down not long after.;;;;;;;;;;;;;
realize_william_i_ambitions_title;William I's Ambitions;;;;;;;;;;;;;
realize_william_i_ambitions_desc;§RGain 15 infamy§! While the Congress of Vienna saw us grow with the annexation of the Austrian Netherlands and personal union over Luxemburg, William I had the ambition of getting pretty much most of what is now the Prussian Rhineland, connecting the Netherlands to his hereditary lands in Nassau. His ambitions, however, would be set aside, as Prussia as offered the Rhineland and the Netherlands was left at its current size, despite some resistance from William I. Now, with our position as a great power safe, we can consider if reigniting these old ambitions would be worth, considering that we would not only be upseting the balance of power established by the Congress of Vienna, but also poking the hornet's nest that is Germany.;;;;;;;;;;;;;
is_iran;Is Iran;;;;;;;;;;;;;
reaffirm_bahrain_claim_title;Reaffirm Claims on Bahrain;;;;;;;;;;;;;
reaffirm_bahrain_claim_desc;§RGain 2.5 infamy§! The Bahrain Archipelago was always traditionally tied to Iran, with its population being mostly of Iranian origin, with Iran usually ruling it indirectly, through its emirs in the port of Bushehr. While the Qajars still hold claims to these islands, they haven't been under Iranian overlordship ever since the Zand Dynasty, with the island being ruled by Sunni emirs that have since refused to reconize rule from Tehran, going as far as getting protection from the British to keep themselves free from our rule. \n\nWhile we managed to strike an agreement with the British for the reincorporation of Bahrain, the vile Europeans went back on their word, refusing to return Bahrain to us. It is about time we reaffirm our claims to Bahrain, with no regard to what the British or any other foreign power thinks about it!;;;;;;;;;;;;;
destroy_thurn_und_taxis_title;Burn the Bundespalais;;;;;;;;;;;;;
destroy_thurn_und_taxis_desc;§RGain 5 infamy§! As the center of German politics, Frankfurt sits as one of the most important cities in the German Confederation, together with Berlin and Vienna. By capturing it we could take over the Palais Palais Thurn und Taxis—The Bundespalais—and strike a huge blow against the German world by burning it to the ground, pressing the German Confederation to come to the negotiation table. Doing so would naturally be seen as an challenge to the European order, but it may be worth it...;;;;;;;;;;;;;
royaume_westphalie_title;Reclaim the Kingdom of Westphalia;;;;;;;;;;;;;
royaume_westphalie_desc;§RGain 5 infamy§! Sharing little to no territory with Westphalia proper, the (Napoleonic) Kingdom of Westphalia was established by Napoleon after the Peace of Tilsit in 1807, with it being carved from Prussian and to Napoleon's youngest brother, Jérôme Bonaparte. Westphalia was meant to be a model state to the other states of the Confederation of the Rhine and while it succeed at that to some degree, Jérôme's spending practices soon would alienate him towards his older brother. While the Kingdom of Westphalia was soon dissolved with Napoleon's defeat, now that Westphalia exists once again we are free to claim the territories that it had under the rule of Napoleon.;;;;;;;;;;;;;
hanseatic_departments_title;The Legacy of the Hanseatic Departments;;;;;;;;;;;;;
hanseatic_departments_desc;§RGain 5 infamy§! With the Kingdom of Westphalia reclaimed, another artifact of Napoleon's rule calls our attention. The so-called "Hanseatic Departments", a broad classification of the 4 departments created by Napoleon I with his annexation of northeastern Germany, stretching from Münster to Lübeck. While we have no intention to annex these lands well beyond the Rhine, we could use our influence in the region to secure the region once again under a unified protectorate composed of these old territories, securing our hold over the region.;;;;;;;;;;;;;
EVTDESC800912;\n\nOur delegation to Vienna has been a success! With the Austrians assuring that we have their sanction to unify with Transylvania! While our newly annexed lands won't encompass all of our claims, it is still a victory to our newly-established nation! Of course, there were some stipulations set by the Austrians, such as guarantees to the local minorities in the region, but that is a small price to pay for the territory.;;;;;;;;;;;;;
restore_kingdom_of_hungary_title;Restore Hungarian Claims;;;;;;;;;;;;;
restore_kingdom_of_hungary_desc;The Kingdom of Hungary was a huge state spanning from the border of the Holy Roman Empire to the Carpathians. Sadly, in our last years under Habsburg rule our Kingdom was stripped of its historical claims. Now that we are fully independent and free from Habsburg influence it is finally time we restore our old claims.;;;;;;;;;;;;;
cossack_union_title;Unite Southern Cossack Hosts;;;;;;;;;;;;;
cossack_union_desc;§RGain 7.5 infamy§! While we unite most of the Cossack groups in the region—namely the Azov, Black Sea, Don and Kuban Hosts—we are yet to unite all of them, with the Astrakhan and Terek Cossacks yet to be liberated from foreign rule. We could use our newfound freedom to proclaim our ambitions to unite with our Cossack brethen!;;;;;;;;;;;;;
lacking_writing_system;Lacks Writing System;;;;;;;;;;;;;
lombardy_venetia_title;Reunite Lombardy and Venetia;;;;;;;;;;;;;
lombardy_venetia_desc;§RGain 5 infamy§! Despite being our traditional enemies, we have found ourselves in a brief union with Venice under the Austrian Empire, in the form of the Kingdom of Lombardy-Venice. While the kingdom became defunct with the Austrian loss of Milan, we are now our own nation and reclaiming the union between Lombardy and Venice could not only help us secure you position in the world stage but also signal that we are willing to put old rivalries aside for Italy's future.;;;;;;;;;;;;;
greater_circassia_title;Reclaim the Legacy of Inal the Great;;;;;;;;;;;;;
greater_circassia_desc;§RGain 2.5 infamy§! Ever since the construction of the fortress of Mozdok in 1764, the Russian Empire began to threaten the independence of the Circassian tribes, provoking our resistance in what became known as the Russo-Circassian War. With the fall of the Grand Principality of Kabardia recently, the only remaining independent polity in the region became our proud confederation, with the Russian Empire having pushed as far as the Kuban river. Despite this dire position, we once were united under a great leader—Inal the Great—being known as the Grand Principality of Circassia. If we were able to push back the Russians and assert our independence, the world would have no choice but to recognize our claims to our ancient lands and our status in the world stage.;;;;;;;;;;;;;
kabul_resident_title;Entrench our Resident in Kabul;;;;;;;;;;;;;
kabul_resident_desc;§RGain 5 infamy§! Our Resident Minister in Kabul has done wonders to our diplomatic position in Kabul. While the Emirs of Kabul have long been lukewarm towards our diplomacy, it seems that—with our guarantees against the Persian threat—the Emir has grown to see our Empire as a guarantor of their independence, even if we grow to exercise more and more oversight in his rule. \n\nAt this point, our influence has grown so much as to allow our resident in Kabul to petition us to officialize the protectore of status of Kabul, suggesting that the Emir would be willing to wave some of his sovereignty away in exchange for the title of Emir of Afghanistan.;;;;;;;;;;;;;
kabul_bypass;Britain abandoned Kabul;;;;;;;;;;;;;
invade_pashtunistan_title;End the Emirate of Kabul;;;;;;;;;;;;;
invade_pashtunistan_desc;§RGain 10 infamy§! Ever since the fall of the Durani Empire, the Emirate of Kabul—under the Barakzai Dynasty—grew to be a great player in the region, slowly conquering territory and becoming our main rival as we consolidated our eastern holdings. Things would only get worse with the British involvement, with Britain seeing Kabul as the last line of defense against us and the threat we represent to their Indian holdings. It is clear to us that not only we will never truly be the hegemons of the region while the Barakzai Emirs continue to exert influence over Kabul and its surroundings, but we will never be able to truly root out the Barakzai Dynasty out of the region until Britain isn't hiding them in their Indian holdings, forever interested in maintaining the Emir of Kabul alive to undermine our rule in the region. \n\n§RWe won't ever be able to integrate Kabul unless Britain is expelled from India or they leave the Barakzai Dynasty to their own devices.§!;;;;;;;;;;;;;
meet_chechen_learders_title;Meet Chechen Leaders;;;;;;;;;;;;;
meet_chechen_learders_desc;Despite being under the grasp of Gazhi Muhammad and Hamzat Bek, the Chechens broke off from the Dagestani Imamate with the election of Imam Shamil, with his opponent becoming in the election the Imam of Chechnya, refusing to recognize Shamil's Authority. With the developments in the conflict against Russia, it is clear that we have no choice but to secure the Chechen-Dagestani trade routes and unite the two Imamates. With this in mind, Imam Shamil has sent a letter to the most proeminent Chechen leader besides Tashaw-Hadji, proposing a meeting with the many Chechen leaders, with the intention of being elected by them as the Imam of Chechnya.;;;;;;;;;;;;;
reclaim_kalmykia_title;Avenge the Torghut Migration;;;;;;;;;;;;;
reclaim_kalmykia_desc;§RGain 5 infamy§! Despite willingly joining the Russian Empire upon our arrival in the region, the Russians did nothing but spit on our loyalty and force a great portion of our people to flee back to our homeland with the other Oirat tribes. We have long been an asset to the Russian army, our men bled and died for the Russian Tsars, only for them to encroach in our territory and limit our autonomy. Eventually, our previous khans were forced to organize a migration back to our homeland, with the Russians trying to stop our return to Dzungaria, turning the migration into a costly endeavor. Now, while we are just a shadow of an once mighty khanate, if we want to restore our status a regional player we must declare our intentions to avenge the Torghut Migration, and retake the territories that the Russian Tsars unlawfully took from us!;;;;;;;;;;;;;;
reform_cir_confederation_title;Reform the Circassian Confederation;;;;;;;;;;;;;
reform_cir_confederation_desc;On the wake of the Russian threat and the fall of Eastern Circassia—also known as Kabardia—the tribes of Western Circassia were forced to form a firm confederation, with manjis from 12 tribes voting on a president to lead the defense against the Russian Empire. We came a long way from the days of scrambling to muster a cohesive defense against the Russians, but after almost a century of conflict, we have not only driven the Russians from our ancient territories but also managed to modernize our state and diplomacy, finally being recognized as a proper nation by the great powers of powers. It is finally time we leave our confederation behind and decide what kind of country we want Circassia to be in the forseeable future.;;;;;;;;;;;;;
rotting_militarism;Rotting Militarism;;;;;;;;;;;;;
rotting_militarism_desc;Following its independence, Haiti grew into a highly militarized society, driven by the fear of another French invasion on the island to try to put an end to the freedom that the Haitians fought so hard to obtain. Since then, the military has dominated the government and local administration, following a rhetoric of military readiness, turning Hispaniola into a massive military camp and putting a huge hole in our coffers as we try to guarantee our control over the entire island. \n\nSadly, this hardly means that our military is tremendously impressive. Instead, with the generation of veterans from the independence war quickly fading into the old age, the economic isolation face by our state and the fragmentation of the military into regional factions, our militarized society is slowly rotting and cannibalizing itself, not only leading to instability but also draining our military resources.;;;;;;;;;;;;;
curtail_rotting_militarism_title;Curtail Rotting Militarism;;;;;;;;;;;;;
curtail_rotting_militarism_desc;To secure the stability of our nation we have to curtail the rampant militarism in our society and reform our rotting military structure.;;;;;;;;;;;;;
DOM_liberal;Duartistas;Duartistas;Duartistas;;Duartistas;;;;;;;;;
DOM_conservative_0;Santanistas;Santanistas;Santanistas;;Santanistas;;;;;;;;;
DOM_liberal_0;Liberales;;;;;;;;;;;;;
restore_afrancesados_title;Restore Afrancesado Government in Santo Domingo;;;;;;;;;
restore_afrancesados_desc;§RGain 3 infamy§! The Afrancesados were a group of pro-French bourgeoisie in the Dominican Republic that were heavily in favor of a French protectorate over the eastern portion of the Island of Hispaniola—now known as the Dominican Republic. While the Afrancesados were in power for the first days of the Dominican Republic, they would soon be ousted by Juan Pablo Duarte and his Trinitarios, hurting our position in Santo Domingo significantly. Luckily, not only do we still have a small portion of our fleet close to Santo Doming, but we also have some of French officers and French-alligned politicians that we could use to our favor. If we put some effort into restoring our influence in Santo Domingo, we could fairly easily arrange for a coup against the Dominican government, restoring the Afrancesados to power and expediting the process of turning them into our protectorate.;;;;;;;;;;;;;
DOM_reactionary_0;Afrancesados;Afrancesados;Afrancesados;;Afrancesados;;;;;;;;;
unpopular_santo_domingo;Unpopular Statehood;;;;;;;;;;;;;
unpopular_santo_domingo_desc;The idea of a union between Santo Domingo and Colombia is nothing new, being one of the first things proposed by Núñez de Cáceres and his brief republic. Even back then the idea had its share of pushback, and it didn't get any more popular as time went on, with Juan Pablo Duarte—often credited as the Father of the Nation—being exiled on the account of being a pro-Colombian agent. His exile prompted a Colombian invasion which—while putting Duarte back in power—guaranteed that the idea of a union with Colombia became unacceptable by most of the population, despite the country's reorganization into an associated state of Colombia. \n\nIf we want to be part of something greater—that is, a union with the rising power of Colombia—we must pacify our half of the island, regaining the trust of the people we betrayed and becoming more popular than Santana's regime.;;;;;;;;;;;;;
faustin_invasion_title;Invade the Dominican Republic;;;;;;;;;;;;;
faustin_invasion_desc;§RGain 2.5 infamy§! Despite being chosen as a president for being seen and dumb and dull, Faustin-Élie Soulouque has proven himself to be a man of action, slowly gathering more and more power within the Haitian state. The last thing he needs to solidify his power would be to right the wrongs of the past and subjulgate the Dominican Republic. As we hear news of the Dominicans trying to gather support from other European powers, it is only a matter of time before our dreams of reclaiming Santo Domingo are put down forever!;;;;;;;;;;;;;
EVTDESC600281;The Turkmen tribes continue to terrorize our northern holdings, launching several hostile raids into our borders, taking many of our people as slaves on top of looting our settlements in the region. Our poor relations with the Turkmen tribes and the profitable slave markets of Khiva surely are to blame for these hostilities.;;;;;;;;;;;;;
turkmen_raids;Turkmen Raids;;;;;;;;;;;;
banana_profit;Central American Fruit Corporations;;;;;;;;;;;;
banana_profit_desc;Staring with the foundation of Tropical Trading and Transport Company and the Boston Fruit Company—which would later merge into the United Fruit Company—American multinational fruit companies would spread across Central America, taking advantage of cheap local labor to profit, exerting significant influence over the local governments and, of course, granting us cheap fruit to feed our people.;;;;;;;;;;;;;
banana_republic;Banana Republic;;;;;;;;;;;;
banana_republic_desc;Our economy has been essentially hijacked by American multinational corporations, with them dominanting our country with huge plantations and infrastructure projects to support their exporting of tropical fruit. They exert a great deal of influence in our goverment and making it hard for the government to do anything but grant them further concessions.;;;;;;;;;;;;;
end_kharan_title;Put an End to Kharani Treachery;;;;;;;;;;;;
end_kharan_desc;While their allegiance bounced between many polities over the years, the oasis town of Kharan came under the authority of the Khanate of Kalat during the rule of Mir Nasir Khan I. Nowdays, with Mir Nasir Khan I long gone, our control over the chiefs of Kharan grows more and more fragile, with its proximity to Kandahar and Kabul posing a risk to our overlordship over the city. Negleting to assert our authority over Kharan could mean losing the city to our northern neighbors, showing our weaknesses to the our enemies in the North.;;;;;;;;;;;;
end_las_belas_title;End Jamote Autonomy;;;;;;;;;;;;
end_las_belas_desc;The Jamote Clan came to rule Las Bela ever since Mahabat Khan supported descendents of Qurayshite Abdul Manauf claim the region. Ever since then, Las Bela has been our tributary, paying us half of their taxes and being closely related to the Khans of Kalat, going go far as their current ruler being the son-in-law of our khan. Las Bela grew quite prosperous under our protection and our ending their autonomy would allow us to directly tax their wealthy Hindu merchant families, greatly helping our coffers.;;;;;;;;;;;;
end_makran_title;End Makrani Autonomy;;;;;;;;;;;;
end_makran_desc;Makran came under our rule during the reign of Mir Nasir Khan I, with the local chiefs currently being somewhat loyal to us, at least inland. In reality, Makran is divided between the inland chiefdoms and the coast, with our authority over the interior being somewhat solid, especially in comparison to the costal settlements, which since them have been switching allegiances back and forth between us and Muscat, mostly falling Muscati influence these days. Back in the days of Mir Nasir Khan I, we held control over the important city Gwadar, but the port was gifted to future sultan of Oman, which would eventually start to betray our kindness by swaying the costal cities to be under his domain. If we were to put an end to the autonomy of the Makrani chiefs in the interior, we surely could also reclaim our old costal holdings as well, once again taking control of Gwadar.;;;;;;;;;;;;
end_bampur_title;Cement our Rule over the Sarhad Highlands;;;;;;;;;;;;
end_bampur_desc;While the Sarhad Highlands were subjulgated by the great Mir Nasir Khan I, after his death, our authority over the region quickly deteriorated, with cities such as Bampur and Dozdab quickly falling under nominal vassalage, barely even paying taxes to us. If we don't assert out rule over the region quickily, being so far away from our core lands in Kalat proper, should our Iranian neighbors turn their eyes towards our land, we would be powerless to stop the Shahs of Iran from taking Bampur from us.;;;;;;;;;;;;
mir_nasir_claims_title;The Legacy of Mir Nasir Khan, the Great;;;;;;;;;;;;
mir_nasir_claims_desc;§RGain 5 infamy§! Mir Nasir Khan I of Kalat was the greatest leader of Kalat and the Baluchi people in general. His domain were the highest point in Baluchi history, assuring the superiority of the Brahui clans for quite a while. Now that we have modernized and centralized our realm, it is time to recover everything we lost since the days of Mir Nasir Khan, establishing our rule from Bandar-e Abbas to Karachi.;;;;;;;;;;;;
saving_circassia_title;Save the Circassians;;;;;;;;;;;;
saving_circassia_desc;§RGain 5 infamy§!While we never subjulgated Circassia entirely, we exercised some authority in the region for a while, until the Russians made us drop all of our claims in 1828. Over the years, as Russian agression grew more and more, the people of Circassia have relied more and more on us—and the British—to help them against the Russian Bear. Now that we have proved that we can make the bear bleed, it is the perfect time to save Circassian from its claws, liberating the Circassian highlanders and ensuring their eternal loyalty against the Russians.;;;;;;;;;;;;
appoint_naibs_title;The Naibs of Imam Shamil;;;;;;;;;;;;
appoint_naibs_desc;§RThis will lead to war with Russia! Gain 7.5 infamy§! During his rule, Imam Shamil—as the spiritual and military leader of Dagestan and Chechnya—reformed the administration of the region by appointing naibs—regional governors to oversee recruitment, taxes and the Sharia Law. While most of these naibs acted within the Imam's territory—such as Muhammad Amin—acting outside of his territory, with some naibs conducting raids in Georgia and trying to stir up resistance in Ossetia, to no avail...;;;;;;;;;;;;
connect_with_southern_allies_title;Our Aliies Across the Mountains;;;;;;;;;;;;
connect_with_southern_allies_desc;§RGain 5 infamy§! While our influence is restricted mostly to the Sunni peoples of the North Caucasus, we manages to get some contacts in the other side of the mountains, with figures such as Daniyal Bek and the neighboring Dagestani tribes being devoted allies to our cause. Of course, crossing the mountains itself would be rather difficult to do, but we could—instead try to attack the Russians around Baku, creating a corridor between Elisu and our holdings, while also depriving Russia of one of its most important routes to secure the Caucasus...;;;;;;;;;;;;
early_prometheism_title;In the Name of God, For Our Freedom and Yours;;;;;;;;;;;;
early_prometheism_desc;§RGain 12.5 infamy This decision will disappear after 1848! This will enable you to be called to intervene in the liberal revolutions happening around you—namely Hungary, Bohemia and Poznan!§! Coined during the November Uprising, the motto "For Our Freedom and Yours" would become widely popular among the Polish revolutionaries, signaling to the world that freedom for Poland would mean freedom for other peoples enslaved by Russia. The motto would allign with the ideas of Prince Adam Jerzy Czartoryski, who believed Russia had cultivated slaves instead of allies—an error which costed Russia the Polish lands. While we haven't achieved our objective of freeing all of the slaves of the Tsarist regime, Czartoryski—worried about Poland's place in Europe—has been reaching out to neighboring liberal and nationalist movements, suggesting that Poland could directly support future insurrections against the opressive powers of Europe, granting them the fire(power) they need to secure their freedom and—in the process—ours too.;;;;;;;;;;;;
adam_prussian_threat_title;The Prussian Threat;;;;;;;;;;;;
adam_prussian_threat_desc;§RGain 5 infamy§! While we already have an interest in parts of East Prussia—such as Masuria—due to their Polish minority, the most important part of the region—Königsberg—has long been out of our ambitions, with it—along with most of the Prussian province of East Prussia—having been part of Ducal Prussia, with the region being a fiefdom of the Polish-Lithuanian Commonwealth for over 100 years. \n\nMore recently, Prince Adam Jerzy Czartoryski—while withdrawn from politics after his father's death—published his book "Essay on Diplomacy", where the former Foreign Minister of Tsar Alexander I would urge Russia to access the Prussian threat and incorporate East Prussia into a ressurgent Poland. While these ideas wouldn't come to fruition with the November Uprising breaking later in that year, the Prussian threat that once loomed over Russia now looms over our fragile Polish state, with many in our cabinet revisiting Czartoryski's ideas and suggesting that we claim East Prussia to completely secure what otherwise would be an exclave that Prussia would be keen on connecting with.;;;;;;;;;;;;
forfeit_poznan_title;Renounce National Egoism;;;;;;;;;;;;
forfeit_poznan_desc;§GLose 5 infamy§! §RThis will remove German cores on Poznan and Thorn!§! When the Poznan Question was brought into the Frankfurt Parliament, Polish Independence was still supported by many representatives that tried to reconcile German and Polish Nationalism. As our attempts to divide Poznan failed to find a settlement that would leave neither Germans or Poles stranded outside of their territory, those ideas would be ultimately killed by Wilhelm Jordan's speech, where the liberal parliamentarian would paint the  "sentimental Polonophilia" of some liberals as a childish fantasy that had no right to get in the way of a unified Germany and its future, stating that the Germans should practice "healthy national egoism" and abandon any sympathy for the Polish cause within Poznan. Jordan's speech would erode most support for Polish independence within the German liberals, with only radicals like Robert Blum insisting on advocating for an independent Poland. \n\nNow, while we did promote a violent crackdown in Greater Poland after our cooperation with the Polish became unsustainable, many of the radical liberal and socialist elements in our country still favorably see Polish independence and there are still some that see the establishment of Poland as pivotal to curtail a future Russian threat. While it obviously would be madness to establish a Polish state in Poznan, if we were to conquer Warsaw we could leverage the liberal and socialist members of our parliament to renounce our national egoism and push a semi-independent Polish nation that would—under our supervision—fulfill both the interests of both the German and Polish peoples.;;;;;;;;;;;;
litvinism_title;The Lithuanian-Belarusian State;;;;;;;;;;;;;;;;;;;;;;;;
litvinism_desc;§RGain 10 infamy§! Recently, intellectuals such as Mitrofan Dovnar-Zapolsky have been aiding in the monumental task of cementing a national identity for our nation, distancing ourselves from our old overlords in Moscow and leaning on our legacy as part of the Grand Duchy of Lithuania, painting it as a mutually beneficial union between Ruthenian and Lithuanian princes. Further promoting Dovnar-Zapolsky's ideas of the Grand Duchy of Lithuania as a Lithuanian-Belarusian state would allow us to the harness the legacy of the Grand Duchy promoting a sense of brotherhood with the Lithuanians—all the while distancing ourselves from any dangerous Pan-Russian rhetoric that could compromise our independence. Furthermore, sharing the Grand Duchy's legacy with the Lithunians, would allow us to once again unite our peoples, pushing back against both Russian and Polish threats that would seek to reincorporate us into their nations, restoring a long lost united Lithuanian-Belarusian state!;;;;;;;;;;;;
1824_memorandum_title;Enforce the 1824 Memorandum;;;;;;;;;;;;
1824_memorandum_desc;§RGain 6 infamy§! In 1828, as the Greek Independence War raged on to our south, the government of Tsar Alexander I sent a memorandum to the other great powers with a proposal to settle the "Greek Question" with and ingenious solution. Being known as the Three-Part Plan, the idea proposed by Alexander I was to divide Greece into 3 autonomous states, one in Crete and Peloponnese, another in Epirus and a last one in Athens and Thessaly, with all of them paying tribute to the Ottoman Empire, akin to the Danubian Principalities—which we held a great deal of influence over at the time. \n\nSince then, our position in the region has advanced greatly, with most of the Balkans being under our control, be it directly or indirectly, with Greece being the next step in our ambitions. Due to not being a Slavic people, the Greek population is wary to follow our lead, being in our best interest to keep them weak and reliant on us, leading to our government shaking the dust off of the 1824 Memorandum and considering the Three-Part Plan once again, even if we have to use military force to enforce.;;;;;;;;;;;;
amical_protectorate;Amical Protectorate;;;;;;;;;;;;
amical_protectorate_desc;While we are currently a protectorate of a foreign nation, our current arrangement with our overlords counts with a number of concessions to bolster our economy and preserve our autonomy.;;;;;;;;;;;;
sax_plc_title;Restore our Union over Poland-Lithuania;;;;;;;;;;;;;
sax_plc_desc;Our royal house—the Wettins—has long had ties with Poland, with them culminating in the election of Augustus II as King of of the Commonwealth, with our dynasty having last ruled Poland in 1813, when Napoleon invested Frederick Augustus as Grand Duke of Warsaw, King of Poland and then Grand Duke of Lithuania, essentially restoring the Polish-Lithuanian Commonwealth under Franco-Saxon rule. Frederick Augustus died in 1827, but, considering our recent rise to proeminence and proximity to the occupied Polish territories, it wouldn't be hard for to us to press our claim to the Polish throne and restore the Commonwealth under our rule.;;;;;;;;;;;;;
duke_nicholas_manifesto_title;Sanction the Manifesto to the Polish Nation;;;;;;;;;;;;;
duke_nicholas_manifesto_desc;§GLose 5 infamy§! On the wake of our war against the German states, the more liberal elements in our government, paired with Grand Duke Nicholas Nikolaevich—the at the time commander-in-chief of the Russian Army—signed a manifesto promissing to the Polish people the creation of a united Polish state with autonomy under the Tsar, in the hopes of agitating the Poles in enemy territory in our favor, eventually leading to the creation of the Polish National Committee among the supporters to our answer in the so-called "Polish Question". \n\nWhile the Manifesto is not binding in the slightest—being yet to be sanctioned by our head of state and overcome pushback from its opposition—it counts with a lot of support from the liberal politicians within the Duma, which believe it would inspire further reforms in the Russian Government. Now, as all of Poland falls under our grasp we could push through the matter and finally grant autonomy to Poland, for the freedom of both the Polish and Russian peoples!;;;;;;;;;;;;
jean_rapp_danzig_title;Restore Danziger Autonomy;;;;;;;;;;;;;
jean_rapp_danzig_desc;§RGain 1.5 infamy§! During the War of the 4th Coalition, Marshall François Joseph Lefebvre would siege the city to cover Napoleon's advances into Prussia proper. After the siege, Danzig was proclaimed a free city and later in the year its borders would be defined by the Elblag Convention, which also put Prussia and Saxony as its guarantors. In practice, the city with Lefebvre being granted the title of Duc de Dantzig and—despite the city having its own senate—the city being ruled by the French Governor Jean Rapp. Now that we have restored the General Confederation of the Kingdom of Poland, we could once again punish the Prussians further by restoring the Free City of Danzig once again, at the cost of—just like in 1807—angering our Polish allies and possibly not bankrupting the city this time.;;;;;;;;;;;;;
wybickis_request_title;Józef Wybicki's Request;;;;;;;;;;;;;
wybickis_request_desc;§RGain 7.5 infamy§! With the creation of the General Confederation of the Kingdom of Poland, an executive body was formed—the General Council of the Confederation. Following Napoleon's establishment the very next month, the General Council sent a delegation to Vilnius headed by Józef Wybicki to urge Napoleon to declare the full restoration of the Kingdom of Poland—unsuccessfully so. Obviously, the request was denied as the Emperor was cautious to decide on the status of Poland before Russia was defeated which—sadly—didn't happen within his lifetime. \n\nNow, years later, our revived General Confederation holds the same borders as his and, with its territories consolidated, it is about time we finally attend poor Wybicki's request and restore the the Kingdom of Poland to its entirety.;;;;;;;;;;;;;